Workbook

Sheet Dashboard
M1: =TODAY()-WEEKDAY(TODAY(),3)
B2: Content planner | M2: =MAX(Stats!C16:N16)
B3: ="The week of "&DAY($M$1)&" "&CHOOSE(MONTH($M$1),"Jan","Feb","Mar","Apr","May","Jun","Jul","Aug","Sep","Oct","Nov","Dec")&", and "&CHOOSE(MONTH(TODAY()),"January","February","March","April","May","June","July","August","September","October","November","December")&" so far."
B4: This week | C4: Next 7 days | D4: Late | E4: Ideas | G4: Published this month | H4: Reach this month | I4: Rate this month | J4: Followers
B5: =COUNTIFS(Posts!$B$6:$B$805,">="&$M$1,Posts!$B$6:$B$805,"<"&($M$1+7))-COUNTIFS(Posts!$B$6:$B$805,">="&$M$1,Posts!$B$6:$B$805,"<"&($M$1+7),Posts!$H$6:$H$805,"Idea") | C5: =COUNTIFS(Posts!$B$6:$B$805,">="&TODAY(),Posts!$B$6:$B$805,"<"&(TODAY()+7),Posts!$H$6:$H$805,"Scheduled")+COUNTIFS(Posts!$B$6:$B$805,">="&TODAY(),Posts!$B$6:$B$805,"<"&(TODAY()+7),Posts!$H$6:$H$805,"Draft") | D5: =SUM(Posts!$V$6:$V$805) | E5: =COUNTIF(Posts!$H$6:$H$805,"Idea") | G5: =COUNTIFS(Posts!$H$6:$H$805,"Published",Posts!$T$6:$T$805,(YEAR(TODAY())*100+MONTH(TODAY()))) | H5: =SUMIFS(Posts!$J$6:$J$805,Posts!$H$6:$H$805,"Published",Posts!$T$6:$T$805,(YEAR(TODAY())*100+MONTH(TODAY()))) | I5: =IF(H5=0,"",SUMIFS(Posts!$O$6:$O$805,Posts!$H$6:$H$805,"Published",Posts!$T$6:$T$805,(YEAR(TODAY())*100+MONTH(TODAY())),Posts!$J$6:$J$805,">0")/H5) | J5: =IF($M$2=0,"",INDEX(Stats!$C$15:$N$15,$M$2))
B7: Coming up | C7: Platform | D7: Post | E7: Status | G7: Platform | H7: This week | I7: Goal a week | J7: Rate
B8: =IF(N8="","",INT(N8/10000000)) | C8: =IF(N8="","",IF(INDEX(Posts!$D$1:$D$805,MOD(N8,1000))="","",INDEX(Posts!$D$1:$D$805,MOD(N8,1000)))) | D8: =IF(N8="","",IF(INDEX(Posts!$G$1:$G$805,MOD(N8,1000))="",IF(INDEX(Posts!$E$1:$E$805,MOD(N8,1000))="","",INDEX(Posts!$E$1:$E$805,MOD(N8,1000))),INDEX(Posts!$G$1:$G$805,MOD(N8,1000)))) | E8: =IF(N8="","",IF(INDEX(Posts!$H$1:$H$805,MOD(N8,1000))="","",INDEX(Posts!$H$1:$H$805,MOD(N8,1000)))) | G8: =IF(Settings!$B$10="","",Settings!$B$10) | H8: =IF(G8="","",COUNTIFS(Posts!$D$6:$D$805,G8,Posts!$B$6:$B$805,">="&$M$1,Posts!$B$6:$B$805,"<"&($M$1+7))-COUNTIFS(Posts!$D$6:$D$805,G8,Posts!$B$6:$B$805,">="&$M$1,Posts!$B$6:$B$805,"<"&($M$1+7),Posts!$H$6:$H$805,"Idea")) | I8: =IF(G8="","",N(Settings!$D$10)) | J8: =IF(G8="","",IF(SUMIFS(Posts!$J$6:$J$805,Posts!$D$6:$D$805,G8,Posts!$H$6:$H$805,"Published",Posts!$T$6:$T$805,(YEAR(TODAY())*100+MONTH(TODAY())))=0,"",SUMIFS(Posts!$O$6:$O$805,Posts!$D$6:$D$805,G8,Posts!$H$6:$H$805,"Published",Posts!$T$6:$T$805,(YEAR(TODAY())*100+MONTH(TODAY())),Posts!$J$6:$J$805,">0")/SUMIFS(Posts!$J$6:$J$805,Posts!$D$6:$D$805,G8,Posts!$H$6:$H$805,"Published",Posts!$T$6:$T$805,(YEAR(TODAY())*100+MONTH(TODAY()))))) | N8: =IFERROR(SMALL(Posts!$U$6:$U$805,1),"")
B9: =IF(N9="","",INT(N9/10000000)) | C9: =IF(N9="","",IF(INDEX(Posts!$D$1:$D$805,MOD(N9,1000))="","",INDEX(Posts!$D$1:$D$805,MOD(N9,1000)))) | D9: =IF(N9="","",IF(INDEX(Posts!$G$1:$G$805,MOD(N9,1000))="",IF(INDEX(Posts!$E$1:$E$805,MOD(N9,1000))="","",INDEX(Posts!$E$1:$E$805,MOD(N9,1000))),INDEX(Posts!$G$1:$G$805,MOD(N9,1000)))) | E9: =IF(N9="","",IF(INDEX(Posts!$H$1:$H$805,MOD(N9,1000))="","",INDEX(Posts!$H$1:$H$805,MOD(N9,1000)))) | G9: =IF(Settings!$B$11="","",Settings!$B$11) | H9: =IF(G9="","",COUNTIFS(Posts!$D$6:$D$805,G9,Posts!$B$6:$B$805,">="&$M$1,Posts!$B$6:$B$805,"<"&($M$1+7))-COUNTIFS(Posts!$D$6:$D$805,G9,Posts!$B$6:$B$805,">="&$M$1,Posts!$B$6:$B$805,"<"&($M$1+7),Posts!$H$6:$H$805,"Idea")) | I9: =IF(G9="","",N(Settings!$D$11)) | J9: =IF(G9="","",IF(SUMIFS(Posts!$J$6:$J$805,Posts!$D$6:$D$805,G9,Posts!$H$6:$H$805,"Published",Posts!$T$6:$T$805,(YEAR(TODAY())*100+MONTH(TODAY())))=0,"",SUMIFS(Posts!$O$6:$O$805,Posts!$D$6:$D$805,G9,Posts!$H$6:$H$805,"Published",Posts!$T$6:$T$805,(YEAR(TODAY())*100+MONTH(TODAY())),Posts!$J$6:$J$805,">0")/SUMIFS(Posts!$J$6:$J$805,Posts!$D$6:$D$805,G9,Posts!$H$6:$H$805,"Published",Posts!$T$6:$T$805,(YEAR(TODAY())*100+MONTH(TODAY()))))) | N9: =IFERROR(SMALL(Posts!$U$6:$U$805,2),"")
B10: =IF(N10="","",INT(N10/10000000)) | C10: =IF(N10="","",IF(INDEX(Posts!$D$1:$D$805,MOD(N10,1000))="","",INDEX(Posts!$D$1:$D$805,MOD(N10,1000)))) | D10: =IF(N10="","",IF(INDEX(Posts!$G$1:$G$805,MOD(N10,1000))="",IF(INDEX(Posts!$E$1:$E$805,MOD(N10,1000))="","",INDEX(Posts!$E$1:$E$805,MOD(N10,1000))),INDEX(Posts!$G$1:$G$805,MOD(N10,1000)))) | E10: =IF(N10="","",IF(INDEX(Posts!$H$1:$H$805,MOD(N10,1000))="","",INDEX(Posts!$H$1:$H$805,MOD(N10,1000)))) | G10: =IF(Settings!$B$12="","",Settings!$B$12) | H10: =IF(G10="","",COUNTIFS(Posts!$D$6:$D$805,G10,Posts!$B$6:$B$805,">="&$M$1,Posts!$B$6:$B$805,"<"&($M$1+7))-COUNTIFS(Posts!$D$6:$D$805,G10,Posts!$B$6:$B$805,">="&$M$1,Posts!$B$6:$B$805,"<"&($M$1+7),Posts!$H$6:$H$805,"Idea")) | I10: =IF(G10="","",N(Settings!$D$12)) | J10: =IF(G10="","",IF(SUMIFS(Posts!$J$6:$J$805,Posts!$D$6:$D$805,G10,Posts!$H$6:$H$805,"Published",Posts!$T$6:$T$805,(YEAR(TODAY())*100+MONTH(TODAY())))=0,"",SUMIFS(Posts!$O$6:$O$805,Posts!$D$6:$D$805,G10,Posts!$H$6:$H$805,"Published",Posts!$T$6:$T$805,(YEAR(TODAY())*100+MONTH(TODAY())),Posts!$J$6:$J$805,">0")/SUMIFS(Posts!$J$6:$J$805,Posts!$D$6:$D$805,G10,Posts!$H$6:$H$805,"Published",Posts!$T$6:$T$805,(YEAR(TODAY())*100+MONTH(TODAY()))))) | N10: =IFERROR(SMALL(Posts!$U$6:$U$805,3),"")
B11: =IF(N11="","",INT(N11/10000000)) | C11: =IF(N11="","",IF(INDEX(Posts!$D$1:$D$805,MOD(N11,1000))="","",INDEX(Posts!$D$1:$D$805,MOD(N11,1000)))) | D11: =IF(N11="","",IF(INDEX(Posts!$G$1:$G$805,MOD(N11,1000))="",IF(INDEX(Posts!$E$1:$E$805,MOD(N11,1000))="","",INDEX(Posts!$E$1:$E$805,MOD(N11,1000))),INDEX(Posts!$G$1:$G$805,MOD(N11,1000)))) | E11: =IF(N11="","",IF(INDEX(Posts!$H$1:$H$805,MOD(N11,1000))="","",INDEX(Posts!$H$1:$H$805,MOD(N11,1000)))) | G11: =IF(Settings!$B$13="","",Settings!$B$13) | H11: =IF(G11="","",COUNTIFS(Posts!$D$6:$D$805,G11,Posts!$B$6:$B$805,">="&$M$1,Posts!$B$6:$B$805,"<"&($M$1+7))-COUNTIFS(Posts!$D$6:$D$805,G11,Posts!$B$6:$B$805,">="&$M$1,Posts!$B$6:$B$805,"<"&($M$1+7),Posts!$H$6:$H$805,"Idea")) | I11: =IF(G11="","",N(Settings!$D$13)) | J11: =IF(G11="","",IF(SUMIFS(Posts!$J$6:$J$805,Posts!$D$6:$D$805,G11,Posts!$H$6:$H$805,"Published",Posts!$T$6:$T$805,(YEAR(TODAY())*100+MONTH(TODAY())))=0,"",SUMIFS(Posts!$O$6:$O$805,Posts!$D$6:$D$805,G11,Posts!$H$6:$H$805,"Published",Posts!$T$6:$T$805,(YEAR(TODAY())*100+MONTH(TODAY())),Posts!$J$6:$J$805,">0")/SUMIFS(Posts!$J$6:$J$805,Posts!$D$6:$D$805,G11,Posts!$H$6:$H$805,"Published",Posts!$T$6:$T$805,(YEAR(TODAY())*100+MONTH(TODAY()))))) | N11: =IFERROR(SMALL(Posts!$U$6:$U$805,4),"")
B12: =IF(N12="","",INT(N12/10000000)) | C12: =IF(N12="","",IF(INDEX(Posts!$D$1:$D$805,MOD(N12,1000))="","",INDEX(Posts!$D$1:$D$805,MOD(N12,1000)))) | D12: =IF(N12="","",IF(INDEX(Posts!$G$1:$G$805,MOD(N12,1000))="",IF(INDEX(Posts!$E$1:$E$805,MOD(N12,1000))="","",INDEX(Posts!$E$1:$E$805,MOD(N12,1000))),INDEX(Posts!$G$1:$G$805,MOD(N12,1000)))) | E12: =IF(N12="","",IF(INDEX(Posts!$H$1:$H$805,MOD(N12,1000))="","",INDEX(Posts!$H$1:$H$805,MOD(N12,1000)))) | G12: =IF(Settings!$B$14="","",Settings!$B$14) | H12: =IF(G12="","",COUNTIFS(Posts!$D$6:$D$805,G12,Posts!$B$6:$B$805,">="&$M$1,Posts!$B$6:$B$805,"<"&($M$1+7))-COUNTIFS(Posts!$D$6:$D$805,G12,Posts!$B$6:$B$805,">="&$M$1,Posts!$B$6:$B$805,"<"&($M$1+7),Posts!$H$6:$H$805,"Idea")) | I12: =IF(G12="","",N(Settings!$D$14)) | J12: =IF(G12="","",IF(SUMIFS(Posts!$J$6:$J$805,Posts!$D$6:$D$805,G12,Posts!$H$6:$H$805,"Published",Posts!$T$6:$T$805,(YEAR(TODAY())*100+MONTH(TODAY())))=0,"",SUMIFS(Posts!$O$6:$O$805,Posts!$D$6:$D$805,G12,Posts!$H$6:$H$805,"Published",Posts!$T$6:$T$805,(YEAR(TODAY())*100+MONTH(TODAY())),Posts!$J$6:$J$805,">0")/SUMIFS(Posts!$J$6:$J$805,Posts!$D$6:$D$805,G12,Posts!$H$6:$H$805,"Published",Posts!$T$6:$T$805,(YEAR(TODAY())*100+MONTH(TODAY()))))) | N12: =IFERROR(SMALL(Posts!$U$6:$U$805,5),"")
B13: =IF(N13="","",INT(N13/10000000)) | C13: =IF(N13="","",IF(INDEX(Posts!$D$1:$D$805,MOD(N13,1000))="","",INDEX(Posts!$D$1:$D$805,MOD(N13,1000)))) | D13: =IF(N13="","",IF(INDEX(Posts!$G$1:$G$805,MOD(N13,1000))="",IF(INDEX(Posts!$E$1:$E$805,MOD(N13,1000))="","",INDEX(Posts!$E$1:$E$805,MOD(N13,1000))),INDEX(Posts!$G$1:$G$805,MOD(N13,1000)))) | E13: =IF(N13="","",IF(INDEX(Posts!$H$1:$H$805,MOD(N13,1000))="","",INDEX(Posts!$H$1:$H$805,MOD(N13,1000)))) | G13: =IF(Settings!$B$15="","",Settings!$B$15) | H13: =IF(G13="","",COUNTIFS(Posts!$D$6:$D$805,G13,Posts!$B$6:$B$805,">="&$M$1,Posts!$B$6:$B$805,"<"&($M$1+7))-COUNTIFS(Posts!$D$6:$D$805,G13,Posts!$B$6:$B$805,">="&$M$1,Posts!$B$6:$B$805,"<"&($M$1+7),Posts!$H$6:$H$805,"Idea")) | I13: =IF(G13="","",N(Settings!$D$15)) | J13: =IF(G13="","",IF(SUMIFS(Posts!$J$6:$J$805,Posts!$D$6:$D$805,G13,Posts!$H$6:$H$805,"Published",Posts!$T$6:$T$805,(YEAR(TODAY())*100+MONTH(TODAY())))=0,"",SUMIFS(Posts!$O$6:$O$805,Posts!$D$6:$D$805,G13,Posts!$H$6:$H$805,"Published",Posts!$T$6:$T$805,(YEAR(TODAY())*100+MONTH(TODAY())),Posts!$J$6:$J$805,">0")/SUMIFS(Posts!$J$6:$J$805,Posts!$D$6:$D$805,G13,Posts!$H$6:$H$805,"Published",Posts!$T$6:$T$805,(YEAR(TODAY())*100+MONTH(TODAY()))))) | N13: =IFERROR(SMALL(Posts!$U$6:$U$805,6),"")
B14: =IF(N14="","",INT(N14/10000000)) | C14: =IF(N14="","",IF(INDEX(Posts!$D$1:$D$805,MOD(N14,1000))="","",INDEX(Posts!$D$1:$D$805,MOD(N14,1000)))) | D14: =IF(N14="","",IF(INDEX(Posts!$G$1:$G$805,MOD(N14,1000))="",IF(INDEX(Posts!$E$1:$E$805,MOD(N14,1000))="","",INDEX(Posts!$E$1:$E$805,MOD(N14,1000))),INDEX(Posts!$G$1:$G$805,MOD(N14,1000)))) | E14: =IF(N14="","",IF(INDEX(Posts!$H$1:$H$805,MOD(N14,1000))="","",INDEX(Posts!$H$1:$H$805,MOD(N14,1000)))) | G14: =IF(Settings!$B$16="","",Settings!$B$16) | H14: =IF(G14="","",COUNTIFS(Posts!$D$6:$D$805,G14,Posts!$B$6:$B$805,">="&$M$1,Posts!$B$6:$B$805,"<"&($M$1+7))-COUNTIFS(Posts!$D$6:$D$805,G14,Posts!$B$6:$B$805,">="&$M$1,Posts!$B$6:$B$805,"<"&($M$1+7),Posts!$H$6:$H$805,"Idea")) | I14: =IF(G14="","",N(Settings!$D$16)) | J14: =IF(G14="","",IF(SUMIFS(Posts!$J$6:$J$805,Posts!$D$6:$D$805,G14,Posts!$H$6:$H$805,"Published",Posts!$T$6:$T$805,(YEAR(TODAY())*100+MONTH(TODAY())))=0,"",SUMIFS(Posts!$O$6:$O$805,Posts!$D$6:$D$805,G14,Posts!$H$6:$H$805,"Published",Posts!$T$6:$T$805,(YEAR(TODAY())*100+MONTH(TODAY())),Posts!$J$6:$J$805,">0")/SUMIFS(Posts!$J$6:$J$805,Posts!$D$6:$D$805,G14,Posts!$H$6:$H$805,"Published",Posts!$T$6:$T$805,(YEAR(TODAY())*100+MONTH(TODAY()))))) | N14: =IFERROR(SMALL(Posts!$U$6:$U$805,7),"")
B15: =IF(N15="","",INT(N15/10000000)) | C15: =IF(N15="","",IF(INDEX(Posts!$D$1:$D$805,MOD(N15,1000))="","",INDEX(Posts!$D$1:$D$805,MOD(N15,1000)))) | D15: =IF(N15="","",IF(INDEX(Posts!$G$1:$G$805,MOD(N15,1000))="",IF(INDEX(Posts!$E$1:$E$805,MOD(N15,1000))="","",INDEX(Posts!$E$1:$E$805,MOD(N15,1000))),INDEX(Posts!$G$1:$G$805,MOD(N15,1000)))) | E15: =IF(N15="","",IF(INDEX(Posts!$H$1:$H$805,MOD(N15,1000))="","",INDEX(Posts!$H$1:$H$805,MOD(N15,1000)))) | G15: =IF(Settings!$B$17="","",Settings!$B$17) | H15: =IF(G15="","",COUNTIFS(Posts!$D$6:$D$805,G15,Posts!$B$6:$B$805,">="&$M$1,Posts!$B$6:$B$805,"<"&($M$1+7))-COUNTIFS(Posts!$D$6:$D$805,G15,Posts!$B$6:$B$805,">="&$M$1,Posts!$B$6:$B$805,"<"&($M$1+7),Posts!$H$6:$H$805,"Idea")) | I15: =IF(G15="","",N(Settings!$D$17)) | J15: =IF(G15="","",IF(SUMIFS(Posts!$J$6:$J$805,Posts!$D$6:$D$805,G15,Posts!$H$6:$H$805,"Published",Posts!$T$6:$T$805,(YEAR(TODAY())*100+MONTH(TODAY())))=0,"",SUMIFS(Posts!$O$6:$O$805,Posts!$D$6:$D$805,G15,Posts!$H$6:$H$805,"Published",Posts!$T$6:$T$805,(YEAR(TODAY())*100+MONTH(TODAY())),Posts!$J$6:$J$805,">0")/SUMIFS(Posts!$J$6:$J$805,Posts!$D$6:$D$805,G15,Posts!$H$6:$H$805,"Published",Posts!$T$6:$T$805,(YEAR(TODAY())*100+MONTH(TODAY()))))) | N15: =IFERROR(SMALL(Posts!$U$6:$U$805,8),"")
B16: =IF(N16="","",INT(N16/10000000)) | C16: =IF(N16="","",IF(INDEX(Posts!$D$1:$D$805,MOD(N16,1000))="","",INDEX(Posts!$D$1:$D$805,MOD(N16,1000)))) | D16: =IF(N16="","",IF(INDEX(Posts!$G$1:$G$805,MOD(N16,1000))="",IF(INDEX(Posts!$E$1:$E$805,MOD(N16,1000))="","",INDEX(Posts!$E$1:$E$805,MOD(N16,1000))),INDEX(Posts!$G$1:$G$805,MOD(N16,1000)))) | E16: =IF(N16="","",IF(INDEX(Posts!$H$1:$H$805,MOD(N16,1000))="","",INDEX(Posts!$H$1:$H$805,MOD(N16,1000)))) | N16: =IFERROR(SMALL(Posts!$U$6:$U$805,9),"")
B17: =IF(N17="","",INT(N17/10000000)) | C17: =IF(N17="","",IF(INDEX(Posts!$D$1:$D$805,MOD(N17,1000))="","",INDEX(Posts!$D$1:$D$805,MOD(N17,1000)))) | D17: =IF(N17="","",IF(INDEX(Posts!$G$1:$G$805,MOD(N17,1000))="",IF(INDEX(Posts!$E$1:$E$805,MOD(N17,1000))="","",INDEX(Posts!$E$1:$E$805,MOD(N17,1000))),INDEX(Posts!$G$1:$G$805,MOD(N17,1000)))) | E17: =IF(N17="","",IF(INDEX(Posts!$H$1:$H$805,MOD(N17,1000))="","",INDEX(Posts!$H$1:$H$805,MOD(N17,1000)))) | N17: =IFERROR(SMALL(Posts!$U$6:$U$805,10),"")
B19: Week of | C19: Published | D19: Reach | G19: Best this month | H19: Platform | I19: Interactions | J19: Rate
B20: =($M$1-49) | C20: =COUNTIFS(Posts!$S$6:$S$805,B20,Posts!$H$6:$H$805,"Published") | D20: =SUMIFS(Posts!$J$6:$J$805,Posts!$S$6:$S$805,B20,Posts!$H$6:$H$805,"Published") | G20: =IF(O20="","",IF(INDEX(Posts!$G$1:$G$805,1000-MOD(O20,1000))="",IF(INDEX(Posts!$E$1:$E$805,1000-MOD(O20,1000))="","",INDEX(Posts!$E$1:$E$805,1000-MOD(O20,1000))),INDEX(Posts!$G$1:$G$805,1000-MOD(O20,1000)))) | H20: =IF(O20="","",IF(INDEX(Posts!$D$1:$D$805,1000-MOD(O20,1000))="","",INDEX(Posts!$D$1:$D$805,1000-MOD(O20,1000)))) | I20: =IF(O20="","",INDEX(Posts!$O$1:$O$805,1000-MOD(O20,1000))) | J20: =IF(O20="","",IF(INDEX(Posts!$P$1:$P$805,1000-MOD(O20,1000))="","",INDEX(Posts!$P$1:$P$805,1000-MOD(O20,1000)))) | O20: =IFERROR(LARGE(Posts!$W$6:$W$805,1),"")
B21: =($M$1-42) | C21: =COUNTIFS(Posts!$S$6:$S$805,B21,Posts!$H$6:$H$805,"Published") | D21: =SUMIFS(Posts!$J$6:$J$805,Posts!$S$6:$S$805,B21,Posts!$H$6:$H$805,"Published") | G21: =IF(O21="","",IF(INDEX(Posts!$G$1:$G$805,1000-MOD(O21,1000))="",IF(INDEX(Posts!$E$1:$E$805,1000-MOD(O21,1000))="","",INDEX(Posts!$E$1:$E$805,1000-MOD(O21,1000))),INDEX(Posts!$G$1:$G$805,1000-MOD(O21,1000)))) | H21: =IF(O21="","",IF(INDEX(Posts!$D$1:$D$805,1000-MOD(O21,1000))="","",INDEX(Posts!$D$1:$D$805,1000-MOD(O21,1000)))) | I21: =IF(O21="","",INDEX(Posts!$O$1:$O$805,1000-MOD(O21,1000))) | J21: =IF(O21="","",IF(INDEX(Posts!$P$1:$P$805,1000-MOD(O21,1000))="","",INDEX(Posts!$P$1:$P$805,1000-MOD(O21,1000)))) | O21: =IFERROR(LARGE(Posts!$W$6:$W$805,2),"")
B22: =($M$1-35) | C22: =COUNTIFS(Posts!$S$6:$S$805,B22,Posts!$H$6:$H$805,"Published") | D22: =SUMIFS(Posts!$J$6:$J$805,Posts!$S$6:$S$805,B22,Posts!$H$6:$H$805,"Published") | G22: =IF(O22="","",IF(INDEX(Posts!$G$1:$G$805,1000-MOD(O22,1000))="",IF(INDEX(Posts!$E$1:$E$805,1000-MOD(O22,1000))="","",INDEX(Posts!$E$1:$E$805,1000-MOD(O22,1000))),INDEX(Posts!$G$1:$G$805,1000-MOD(O22,1000)))) | H22: =IF(O22="","",IF(INDEX(Posts!$D$1:$D$805,1000-MOD(O22,1000))="","",INDEX(Posts!$D$1:$D$805,1000-MOD(O22,1000)))) | I22: =IF(O22="","",INDEX(Posts!$O$1:$O$805,1000-MOD(O22,1000))) | J22: =IF(O22="","",IF(INDEX(Posts!$P$1:$P$805,1000-MOD(O22,1000))="","",INDEX(Posts!$P$1:$P$805,1000-MOD(O22,1000)))) | O22: =IFERROR(LARGE(Posts!$W$6:$W$805,3),"")
B23: =($M$1-28) | C23: =COUNTIFS(Posts!$S$6:$S$805,B23,Posts!$H$6:$H$805,"Published") | D23: =SUMIFS(Posts!$J$6:$J$805,Posts!$S$6:$S$805,B23,Posts!$H$6:$H$805,"Published") | G23: =IF(O23="","",IF(INDEX(Posts!$G$1:$G$805,1000-MOD(O23,1000))="",IF(INDEX(Posts!$E$1:$E$805,1000-MOD(O23,1000))="","",INDEX(Posts!$E$1:$E$805,1000-MOD(O23,1000))),INDEX(Posts!$G$1:$G$805,1000-MOD(O23,1000)))) | H23: =IF(O23="","",IF(INDEX(Posts!$D$1:$D$805,1000-MOD(O23,1000))="","",INDEX(Posts!$D$1:$D$805,1000-MOD(O23,1000)))) | I23: =IF(O23="","",INDEX(Posts!$O$1:$O$805,1000-MOD(O23,1000))) | J23: =IF(O23="","",IF(INDEX(Posts!$P$1:$P$805,1000-MOD(O23,1000))="","",INDEX(Posts!$P$1:$P$805,1000-MOD(O23,1000)))) | O23: =IFERROR(LARGE(Posts!$W$6:$W$805,4),"")
B24: =($M$1-21) | C24: =COUNTIFS(Posts!$S$6:$S$805,B24,Posts!$H$6:$H$805,"Published") | D24: =SUMIFS(Posts!$J$6:$J$805,Posts!$S$6:$S$805,B24,Posts!$H$6:$H$805,"Published") | G24: =IF(O24="","",IF(INDEX(Posts!$G$1:$G$805,1000-MOD(O24,1000))="",IF(INDEX(Posts!$E$1:$E$805,1000-MOD(O24,1000))="","",INDEX(Posts!$E$1:$E$805,1000-MOD(O24,1000))),INDEX(Posts!$G$1:$G$805,1000-MOD(O24,1000)))) | H24: =IF(O24="","",IF(INDEX(Posts!$D$1:$D$805,1000-MOD(O24,1000))="","",INDEX(Posts!$D$1:$D$805,1000-MOD(O24,1000)))) | I24: =IF(O24="","",INDEX(Posts!$O$1:$O$805,1000-MOD(O24,1000))) | J24: =IF(O24="","",IF(INDEX(Posts!$P$1:$P$805,1000-MOD(O24,1000))="","",INDEX(Posts!$P$1:$P$805,1000-MOD(O24,1000)))) | O24: =IFERROR(LARGE(Posts!$W$6:$W$805,5),"")
B25: =($M$1-14) | C25: =COUNTIFS(Posts!$S$6:$S$805,B25,Posts!$H$6:$H$805,"Published") | D25: =SUMIFS(Posts!$J$6:$J$805,Posts!$S$6:$S$805,B25,Posts!$H$6:$H$805,"Published")
B26: =($M$1-7) | C26: =COUNTIFS(Posts!$S$6:$S$805,B26,Posts!$H$6:$H$805,"Published") | D26: =SUMIFS(Posts!$J$6:$J$805,Posts!$S$6:$S$805,B26,Posts!$H$6:$H$805,"Published")
B27: =($M$1-0) | C27: =COUNTIFS(Posts!$S$6:$S$805,B27,Posts!$H$6:$H$805,"Published") | D27: =SUMIFS(Posts!$J$6:$J$805,Posts!$S$6:$S$805,B27,Posts!$H$6:$H$805,"Published")

Sheet Calendar
AL1: =(Settings!$C$5-WEEKDAY(Settings!$C$5,3))
B2: =CHOOSE(MONTH(Settings!$C$5),"January","February","March","April","May","June","July","August","September","October","November","December")&" "&YEAR(Settings!$C$5)
B3: The posts planned for each day, with the short name of the platform. Settings shows another month.
B5: Monday | C5: Tuesday | D5: Wednesday | E5: Thursday | F5: Friday | G5: Saturday | H5: Sunday
B6: =IF(MONTH(((Settings!$C$5-WEEKDAY(Settings!$C$5,3))+0))<>MONTH(Settings!$C$5),"",DAY(((Settings!$C$5-WEEKDAY(Settings!$C$5,3))+0))&IF(J6="","",CHAR(10)&IF(IFERROR(INDEX(Settings!$C$10:$C$17,MATCH(INDEX(Posts!$D$1:$D$805,J6),Settings!$B$10:$B$17,0)),"")="",INDEX(Posts!$D$1:$D$805,J6),IFERROR(INDEX(Settings!$C$10:$C$17,MATCH(INDEX(Posts!$D$1:$D$805,J6),Settings!$B$10:$B$17,0)),""))&": "&IF(INDEX(Posts!$G$1:$G$805,J6)="",INDEX(Posts!$E$1:$E$805,J6),INDEX(Posts!$G$1:$G$805,J6)))&IF(K6="","",CHAR(10)&IF(IFERROR(INDEX(Settings!$C$10:$C$17,MATCH(INDEX(Posts!$D$1:$D$805,K6),Settings!$B$10:$B$17,0)),"")="",INDEX(Posts!$D$1:$D$805,K6),IFERROR(INDEX(Settings!$C$10:$C$17,MATCH(INDEX(Posts!$D$1:$D$805,K6),Settings!$B$10:$B$17,0)),""))&": "&IF(INDEX(Posts!$G$1:$G$805,K6)="",INDEX(Posts!$E$1:$E$805,K6),INDEX(Posts!$G$1:$G$805,K6)))&IF(L6="","",CHAR(10)&IF(IFERROR(INDEX(Settings!$C$10:$C$17,MATCH(INDEX(Posts!$D$1:$D$805,L6),Settings!$B$10:$B$17,0)),"")="",INDEX(Posts!$D$1:$D$805,L6),IFERROR(INDEX(Settings!$C$10:$C$17,MATCH(INDEX(Posts!$D$1:$D$805,L6),Settings!$B$10:$B$17,0)),""))&": "&IF(INDEX(Posts!$G$1:$G$805,L6)="",INDEX(Posts!$E$1:$E$805,L6),INDEX(Posts!$G$1:$G$805,L6)))&IF(M6>3,CHAR(10)&"and "&(M6-3)&" more","")) | C6: =IF(MONTH(((Settings!$C$5-WEEKDAY(Settings!$C$5,3))+1))<>MONTH(Settings!$C$5),"",DAY(((Settings!$C$5-WEEKDAY(Settings!$C$5,3))+1))&IF(N6="","",CHAR(10)&IF(IFERROR(INDEX(Settings!$C$10:$C$17,MATCH(INDEX(Posts!$D$1:$D$805,N6),Settings!$B$10:$B$17,0)),"")="",INDEX(Posts!$D$1:$D$805,N6),IFERROR(INDEX(Settings!$C$10:$C$17,MATCH(INDEX(Posts!$D$1:$D$805,N6),Settings!$B$10:$B$17,0)),""))&": "&IF(INDEX(Posts!$G$1:$G$805,N6)="",INDEX(Posts!$E$1:$E$805,N6),INDEX(Posts!$G$1:$G$805,N6)))&IF(O6="","",CHAR(10)&IF(IFERROR(INDEX(Settings!$C$10:$C$17,MATCH(INDEX(Posts!$D$1:$D$805,O6),Settings!$B$10:$B$17,0)),"")="",INDEX(Posts!$D$1:$D$805,O6),IFERROR(INDEX(Settings!$C$10:$C$17,MATCH(INDEX(Posts!$D$1:$D$805,O6),Settings!$B$10:$B$17,0)),""))&": "&IF(INDEX(Posts!$G$1:$G$805,O6)="",INDEX(Posts!$E$1:$E$805,O6),INDEX(Posts!$G$1:$G$805,O6)))&IF(P6="","",CHAR(10)&IF(IFERROR(INDEX(Settings!$C$10:$C$17,MATCH(INDEX(Posts!$D$1:$D$805,P6),Settings!$B$10:$B$17,0)),"")="",INDEX(Posts!$D$1:$D$805,P6),IFERROR(INDEX(Settings!$C$10:$C$17,MATCH(INDEX(Posts!$D$1:$D$805,P6),Settings!$B$10:$B$17,0)),""))&": "&IF(INDEX(Posts!$G$1:$G$805,P6)="",INDEX(Posts!$E$1:$E$805,P6),INDEX(Posts!$G$1:$G$805,P6)))&IF(Q6>3,CHAR(10)&"and "&(Q6-3)&" more","")) | D6: =IF(MONTH(((Settings!$C$5-WEEKDAY(Settings!$C$5,3))+2))<>MONTH(Settings!$C$5),"",DAY(((Settings!$C$5-WEEKDAY(Settings!$C$5,3))+2))&IF(R6="","",CHAR(10)&IF(IFERROR(INDEX(Settings!$C$10:$C$17,MATCH(INDEX(Posts!$D$1:$D$805,R6),Settings!$B$10:$B$17,0)),"")="",INDEX(Posts!$D$1:$D$805,R6),IFERROR(INDEX(Settings!$C$10:$C$17,MATCH(INDEX(Posts!$D$1:$D$805,R6),Settings!$B$10:$B$17,0)),""))&": "&IF(INDEX(Posts!$G$1:$G$805,R6)="",INDEX(Posts!$E$1:$E$805,R6),INDEX(Posts!$G$1:$G$805,R6)))&IF(S6="","",CHAR(10)&IF(IFERROR(INDEX(Settings!$C$10:$C$17,MATCH(INDEX(Posts!$D$1:$D$805,S6),Settings!$B$10:$B$17,0)),"")="",INDEX(Posts!$D$1:$D$805,S6),IFERROR(INDEX(Settings!$C$10:$C$17,MATCH(INDEX(Posts!$D$1:$D$805,S6),Settings!$B$10:$B$17,0)),""))&": "&IF(INDEX(Posts!$G$1:$G$805,S6)="",INDEX(Posts!$E$1:$E$805,S6),INDEX(Posts!$G$1:$G$805,S6)))&IF(T6="","",CHAR(10)&IF(IFERROR(INDEX(Settings!$C$10:$C$17,MATCH(INDEX(Posts!$D$1:$D$805,T6),Settings!$B$10:$B$17,0)),"")="",INDEX(Posts!$D$1:$D$805,T6),IFERROR(INDEX(Settings!$C$10:$C$17,MATCH(INDEX(Posts!$D$1:$D$805,T6),Settings!$B$10:$B$17,0)),""))&": "&IF(INDEX(Posts!$G$1:$G$805,T6)="",INDEX(Posts!$E$1:$E$805,T6),INDEX(Posts!$G$1:$G$805,T6)))&IF(U6>3,CHAR(10)&"and "&(U6-3)&" more","")) | E6: =IF(MONTH(((Settings!$C$5-WEEKDAY(Settings!$C$5,3))+3))<>MONTH(Settings!$C$5),"",DAY(((Settings!$C$5-WEEKDAY(Settings!$C$5,3))+3))&IF(V6="","",CHAR(10)&IF(IFERROR(INDEX(Settings!$C$10:$C$17,MATCH(INDEX(Posts!$D$1:$D$805,V6),Settings!$B$10:$B$17,0)),"")="",INDEX(Posts!$D$1:$D$805,V6),IFERROR(INDEX(Settings!$C$10:$C$17,MATCH(INDEX(Posts!$D$1:$D$805,V6),Settings!$B$10:$B$17,0)),""))&": "&IF(INDEX(Posts!$G$1:$G$805,V6)="",INDEX(Posts!$E$1:$E$805,V6),INDEX(Posts!$G$1:$G$805,V6)))&IF(W6="","",CHAR(10)&IF(IFERROR(INDEX(Settings!$C$10:$C$17,MATCH(INDEX(Posts!$D$1:$D$805,W6),Settings!$B$10:$B$17,0)),"")="",INDEX(Posts!$D$1:$D$805,W6),IFERROR(INDEX(Settings!$C$10:$C$17,MATCH(INDEX(Posts!$D$1:$D$805,W6),Settings!$B$10:$B$17,0)),""))&": "&IF(INDEX(Posts!$G$1:$G$805,W6)="",INDEX(Posts!$E$1:$E$805,W6),INDEX(Posts!$G$1:$G$805,W6)))&IF(X6="","",CHAR(10)&IF(IFERROR(INDEX(Settings!$C$10:$C$17,MATCH(INDEX(Posts!$D$1:$D$805,X6),Settings!$B$10:$B$17,0)),"")="",INDEX(Posts!$D$1:$D$805,X6),IFERROR(INDEX(Settings!$C$10:$C$17,MATCH(INDEX(Posts!$D$1:$D$805,X6),Settings!$B$10:$B$17,0)),""))&": "&IF(INDEX(Posts!$G$1:$G$805,X6)="",INDEX(Posts!$E$1:$E$805,X6),INDEX(Posts!$G$1:$G$805,X6)))&IF(Y6>3,CHAR(10)&"and "&(Y6-3)&" more","")) | F6: =IF(MONTH(((Settings!$C$5-WEEKDAY(Settings!$C$5,3))+4))<>MONTH(Settings!$C$5),"",DAY(((Settings!$C$5-WEEKDAY(Settings!$C$5,3))+4))&IF(Z6="","",CHAR(10)&IF(IFERROR(INDEX(Settings!$C$10:$C$17,MATCH(INDEX(Posts!$D$1:$D$805,Z6),Settings!$B$10:$B$17,0)),"")="",INDEX(Posts!$D$1:$D$805,Z6),IFERROR(INDEX(Settings!$C$10:$C$17,MATCH(INDEX(Posts!$D$1:$D$805,Z6),Settings!$B$10:$B$17,0)),""))&": "&IF(INDEX(Posts!$G$1:$G$805,Z6)="",INDEX(Posts!$E$1:$E$805,Z6),INDEX(Posts!$G$1:$G$805,Z6)))&IF(AA6="","",CHAR(10)&IF(IFERROR(INDEX(Settings!$C$10:$C$17,MATCH(INDEX(Posts!$D$1:$D$805,AA6),Settings!$B$10:$B$17,0)),"")="",INDEX(Posts!$D$1:$D$805,AA6),IFERROR(INDEX(Settings!$C$10:$C$17,MATCH(INDEX(Posts!$D$1:$D$805,AA6),Settings!$B$10:$B$17,0)),""))&": "&IF(INDEX(Posts!$G$1:$G$805,AA6)="",INDEX(Posts!$E$1:$E$805,AA6),INDEX(Posts!$G$1:$G$805,AA6)))&IF(AB6="","",CHAR(10)&IF(IFERROR(INDEX(Settings!$C$10:$C$17,MATCH(INDEX(Posts!$D$1:$D$805,AB6),Settings!$B$10:$B$17,0)),"")="",INDEX(Posts!$D$1:$D$805,AB6),IFERROR(INDEX(Settings!$C$10:$C$17,MATCH(INDEX(Posts!$D$1:$D$805,AB6),Settings!$B$10:$B$17,0)),""))&": "&IF(INDEX(Posts!$G$1:$G$805,AB6)="",INDEX(Posts!$E$1:$E$805,AB6),INDEX(Posts!$G$1:$G$805,AB6)))&IF(AC6>3,CHAR(10)&"and "&(AC6-3)&" more","")) | G6: =IF(MONTH(((Settings!$C$5-WEEKDAY(Settings!$C$5,3))+5))<>MONTH(Settings!$C$5),"",DAY(((Settings!$C$5-WEEKDAY(Settings!$C$5,3))+5))&IF(AD6="","",CHAR(10)&IF(IFERROR(INDEX(Settings!$C$10:$C$17,MATCH(INDEX(Posts!$D$1:$D$805,AD6),Settings!$B$10:$B$17,0)),"")="",INDEX(Posts!$D$1:$D$805,AD6),IFERROR(INDEX(Settings!$C$10:$C$17,MATCH(INDEX(Posts!$D$1:$D$805,AD6),Settings!$B$10:$B$17,0)),""))&": "&IF(INDEX(Posts!$G$1:$G$805,AD6)="",INDEX(Posts!$E$1:$E$805,AD6),INDEX(Posts!$G$1:$G$805,AD6)))&IF(AE6="","",CHAR(10)&IF(IFERROR(INDEX(Settings!$C$10:$C$17,MATCH(INDEX(Posts!$D$1:$D$805,AE6),Settings!$B$10:$B$17,0)),"")="",INDEX(Posts!$D$1:$D$805,AE6),IFERROR(INDEX(Settings!$C$10:$C$17,MATCH(INDEX(Posts!$D$1:$D$805,AE6),Settings!$B$10:$B$17,0)),""))&": "&IF(INDEX(Posts!$G$1:$G$805,AE6)="",INDEX(Posts!$E$1:$E$805,AE6),INDEX(Posts!$G$1:$G$805,AE6)))&IF(AF6="","",CHAR(10)&IF(IFERROR(INDEX(Settings!$C$10:$C$17,MATCH(INDEX(Posts!$D$1:$D$805,AF6),Settings!$B$10:$B$17,0)),"")="",INDEX(Posts!$D$1:$D$805,AF6),IFERROR(INDEX(Settings!$C$10:$C$17,MATCH(INDEX(Posts!$D$1:$D$805,AF6),Settings!$B$10:$B$17,0)),""))&": "&IF(INDEX(Posts!$G$1:$G$805,AF6)="",INDEX(Posts!$E$1:$E$805,AF6),INDEX(Posts!$G$1:$G$805,AF6)))&IF(AG6>3,CHAR(10)&"and "&(AG6-3)&" more","")) | H6: =IF(MONTH(((Settings!$C$5-WEEKDAY(Settings!$C$5,3))+6))<>MONTH(Settings!$C$5),"",DAY(((Settings!$C$5-WEEKDAY(Settings!$C$5,3))+6))&IF(AH6="","",CHAR(10)&IF(IFERROR(INDEX(Settings!$C$10:$C$17,MATCH(INDEX(Posts!$D$1:$D$805,AH6),Settings!$B$10:$B$17,0)),"")="",INDEX(Posts!$D$1:$D$805,AH6),IFERROR(INDEX(Settings!$C$10:$C$17,MATCH(INDEX(Posts!$D$1:$D$805,AH6),Settings!$B$10:$B$17,0)),""))&": "&IF(INDEX(Posts!$G$1:$G$805,AH6)="",INDEX(Posts!$E$1:$E$805,AH6),INDEX(Posts!$G$1:$G$805,AH6)))&IF(AI6="","",CHAR(10)&IF(IFERROR(INDEX(Settings!$C$10:$C$17,MATCH(INDEX(Posts!$D$1:$D$805,AI6),Settings!$B$10:$B$17,0)),"")="",INDEX(Posts!$D$1:$D$805,AI6),IFERROR(INDEX(Settings!$C$10:$C$17,MATCH(INDEX(Posts!$D$1:$D$805,AI6),Settings!$B$10:$B$17,0)),""))&": "&IF(INDEX(Posts!$G$1:$G$805,AI6)="",INDEX(Posts!$E$1:$E$805,AI6),INDEX(Posts!$G$1:$G$805,AI6)))&IF(AJ6="","",CHAR(10)&IF(IFERROR(INDEX(Settings!$C$10:$C$17,MATCH(INDEX(Posts!$D$1:$D$805,AJ6),Settings!$B$10:$B$17,0)),"")="",INDEX(Posts!$D$1:$D$805,AJ6),IFERROR(INDEX(Settings!$C$10:$C$17,MATCH(INDEX(Posts!$D$1:$D$805,AJ6),Settings!$B$10:$B$17,0)),""))&": "&IF(INDEX(Posts!$G$1:$G$805,AJ6)="",INDEX(Posts!$E$1:$E$805,AJ6),INDEX(Posts!$G$1:$G$805,AJ6)))&IF(AK6>3,CHAR(10)&"and "&(AK6-3)&" more","")) | J6: =IFERROR(IF(INT(SMALL(Posts!$R$6:$R$805,COUNTIF(Posts!$R$6:$R$805,"<"&((Settings!$C$5-WEEKDAY(Settings!$C$5,3))+0)*10000000)+1)/10000000)=((Settings!$C$5-WEEKDAY(Settings!$C$5,3))+0),MOD(SMALL(Posts!$R$6:$R$805,COUNTIF(Posts!$R$6:$R$805,"<"&((Settings!$C$5-WEEKDAY(Settings!$C$5,3))+0)*10000000)+1),1000),""),"") | K6: =IFERROR(IF(INT(SMALL(Posts!$R$6:$R$805,COUNTIF(Posts!$R$6:$R$805,"<"&((Settings!$C$5-WEEKDAY(Settings!$C$5,3))+0)*10000000)+2)/10000000)=((Settings!$C$5-WEEKDAY(Settings!$C$5,3))+0),MOD(SMALL(Posts!$R$6:$R$805,COUNTIF(Posts!$R$6:$R$805,"<"&((Settings!$C$5-WEEKDAY(Settings!$C$5,3))+0)*10000000)+2),1000),""),"") | L6: =IFERROR(IF(INT(SMALL(Posts!$R$6:$R$805,COUNTIF(Posts!$R$6:$R$805,"<"&((Settings!$C$5-WEEKDAY(Settings!$C$5,3))+0)*10000000)+3)/10000000)=((Settings!$C$5-WEEKDAY(Settings!$C$5,3))+0),MOD(SMALL(Posts!$R$6:$R$805,COUNTIF(Posts!$R$6:$R$805,"<"&((Settings!$C$5-WEEKDAY(Settings!$C$5,3))+0)*10000000)+3),1000),""),"") | M6: =COUNTIFS(Posts!$R$6:$R$805,">="&((Settings!$C$5-WEEKDAY(Settings!$C$5,3))+0)*10000000,Posts!$R$6:$R$805,"<"&(((Settings!$C$5-WEEKDAY(Settings!$C$5,3))+0)+1)*10000000) | N6: =IFERROR(IF(INT(SMALL(Posts!$R$6:$R$805,COUNTIF(Posts!$R$6:$R$805,"<"&((Settings!$C$5-WEEKDAY(Settings!$C$5,3))+1)*10000000)+1)/10000000)=((Settings!$C$5-WEEKDAY(Settings!$C$5,3))+1),MOD(SMALL(Posts!$R$6:$R$805,COUNTIF(Posts!$R$6:$R$805,"<"&((Settings!$C$5-WEEKDAY(Settings!$C$5,3))+1)*10000000)+1),1000),""),"") | O6: =IFERROR(IF(INT(SMALL(Posts!$R$6:$R$805,COUNTIF(Posts!$R$6:$R$805,"<"&((Settings!$C$5-WEEKDAY(Settings!$C$5,3))+1)*10000000)+2)/10000000)=((Settings!$C$5-WEEKDAY(Settings!$C$5,3))+1),MOD(SMALL(Posts!$R$6:$R$805,COUNTIF(Posts!$R$6:$R$805,"<"&((Settings!$C$5-WEEKDAY(Settings!$C$5,3))+1)*10000000)+2),1000),""),"") | P6: =IFERROR(IF(INT(SMALL(Posts!$R$6:$R$805,COUNTIF(Posts!$R$6:$R$805,"<"&((Settings!$C$5-WEEKDAY(Settings!$C$5,3))+1)*10000000)+3)/10000000)=((Settings!$C$5-WEEKDAY(Settings!$C$5,3))+1),MOD(SMALL(Posts!$R$6:$R$805,COUNTIF(Posts!$R$6:$R$805,"<"&((Settings!$C$5-WEEKDAY(Settings!$C$5,3))+1)*10000000)+3),1000),""),"") | Q6: =COUNTIFS(Posts!$R$6:$R$805,">="&((Settings!$C$5-WEEKDAY(Settings!$C$5,3))+1)*10000000,Posts!$R$6:$R$805,"<"&(((Settings!$C$5-WEEKDAY(Settings!$C$5,3))+1)+1)*10000000) | R6: =IFERROR(IF(INT(SMALL(Posts!$R$6:$R$805,COUNTIF(Posts!$R$6:$R$805,"<"&((Settings!$C$5-WEEKDAY(Settings!$C$5,3))+2)*10000000)+1)/10000000)=((Settings!$C$5-WEEKDAY(Settings!$C$5,3))+2),MOD(SMALL(Posts!$R$6:$R$805,COUNTIF(Posts!$R$6:$R$805,"<"&((Settings!$C$5-WEEKDAY(Settings!$C$5,3))+2)*10000000)+1),1000),""),"") | S6: =IFERROR(IF(INT(SMALL(Posts!$R$6:$R$805,COUNTIF(Posts!$R$6:$R$805,"<"&((Settings!$C$5-WEEKDAY(Settings!$C$5,3))+2)*10000000)+2)/10000000)=((Settings!$C$5-WEEKDAY(Settings!$C$5,3))+2),MOD(SMALL(Posts!$R$6:$R$805,COUNTIF(Posts!$R$6:$R$805,"<"&((Settings!$C$5-WEEKDAY(Settings!$C$5,3))+2)*10000000)+2),1000),""),"") | T6: =IFERROR(IF(INT(SMALL(Posts!$R$6:$R$805,COUNTIF(Posts!$R$6:$R$805,"<"&((Settings!$C$5-WEEKDAY(Settings!$C$5,3))+2)*10000000)+3)/10000000)=((Settings!$C$5-WEEKDAY(Settings!$C$5,3))+2),MOD(SMALL(Posts!$R$6:$R$805,COUNTIF(Posts!$R$6:$R$805,"<"&((Settings!$C$5-WEEKDAY(Settings!$C$5,3))+2)*10000000)+3),1000),""),"") | U6: =COUNTIFS(Posts!$R$6:$R$805,">="&((Settings!$C$5-WEEKDAY(Settings!$C$5,3))+2)*10000000,Posts!$R$6:$R$805,"<"&(((Settings!$C$5-WEEKDAY(Settings!$C$5,3))+2)+1)*10000000) | V6: =IFERROR(IF(INT(SMALL(Posts!$R$6:$R$805,COUNTIF(Posts!$R$6:$R$805,"<"&((Settings!$C$5-WEEKDAY(Settings!$C$5,3))+3)*10000000)+1)/10000000)=((Settings!$C$5-WEEKDAY(Settings!$C$5,3))+3),MOD(SMALL(Posts!$R$6:$R$805,COUNTIF(Posts!$R$6:$R$805,"<"&((Settings!$C$5-WEEKDAY(Settings!$C$5,3))+3)*10000000)+1),1000),""),"") | W6: =IFERROR(IF(INT(SMALL(Posts!$R$6:$R$805,COUNTIF(Posts!$R$6:$R$805,"<"&((Settings!$C$5-WEEKDAY(Settings!$C$5,3))+3)*10000000)+2)/10000000)=((Settings!$C$5-WEEKDAY(Settings!$C$5,3))+3),MOD(SMALL(Posts!$R$6:$R$805,COUNTIF(Posts!$R$6:$R$805,"<"&((Settings!$C$5-WEEKDAY(Settings!$C$5,3))+3)*10000000)+2),1000),""),"") | X6: =IFERROR(IF(INT(SMALL(Posts!$R$6:$R$805,COUNTIF(Posts!$R$6:$R$805,"<"&((Settings!$C$5-WEEKDAY(Settings!$C$5,3))+3)*10000000)+3)/10000000)=((Settings!$C$5-WEEKDAY(Settings!$C$5,3))+3),MOD(SMALL(Posts!$R$6:$R$805,COUNTIF(Posts!$R$6:$R$805,"<"&((Settings!$C$5-WEEKDAY(Settings!$C$5,3))+3)*10000000)+3),1000),""),"") | Y6: =COUNTIFS(Posts!$R$6:$R$805,">="&((Settings!$C$5-WEEKDAY(Settings!$C$5,3))+3)*10000000,Posts!$R$6:$R$805,"<"&(((Settings!$C$5-WEEKDAY(Settings!$C$5,3))+3)+1)*10000000) | Z6: =IFERROR(IF(INT(SMALL(Posts!$R$6:$R$805,COUNTIF(Posts!$R$6:$R$805,"<"&((Settings!$C$5-WEEKDAY(Settings!$C$5,3))+4)*10000000)+1)/10000000)=((Settings!$C$5-WEEKDAY(Settings!$C$5,3))+4),MOD(SMALL(Posts!$R$6:$R$805,COUNTIF(Posts!$R$6:$R$805,"<"&((Settings!$C$5-WEEKDAY(Settings!$C$5,3))+4)*10000000)+1),1000),""),"") | AA6: =IFERROR(IF(INT(SMALL(Posts!$R$6:$R$805,COUNTIF(Posts!$R$6:$R$805,"<"&((Settings!$C$5-WEEKDAY(Settings!$C$5,3))+4)*10000000)+2)/10000000)=((Settings!$C$5-WEEKDAY(Settings!$C$5,3))+4),MOD(SMALL(Posts!$R$6:$R$805,COUNTIF(Posts!$R$6:$R$805,"<"&((Settings!$C$5-WEEKDAY(Settings!$C$5,3))+4)*10000000)+2),1000),""),"") | AB6: =IFERROR(IF(INT(SMALL(Posts!$R$6:$R$805,COUNTIF(Posts!$R$6:$R$805,"<"&((Settings!$C$5-WEEKDAY(Settings!$C$5,3))+4)*10000000)+3)/10000000)=((Settings!$C$5-WEEKDAY(Settings!$C$5,3))+4),MOD(SMALL(Posts!$R$6:$R$805,COUNTIF(Posts!$R$6:$R$805,"<"&((Settings!$C$5-WEEKDAY(Settings!$C$5,3))+4)*10000000)+3),1000),""),"") | AC6: =COUNTIFS(Posts!$R$6:$R$805,">="&((Settings!$C$5-WEEKDAY(Settings!$C$5,3))+4)*10000000,Posts!$R$6:$R$805,"<"&(((Settings!$C$5-WEEKDAY(Settings!$C$5,3))+4)+1)*10000000) | AD6: =IFERROR(IF(INT(SMALL(Posts!$R$6:$R$805,COUNTIF(Posts!$R$6:$R$805,"<"&((Settings!$C$5-WEEKDAY(Settings!$C$5,3))+5)*10000000)+1)/10000000)=((Settings!$C$5-WEEKDAY(Settings!$C$5,3))+5),MOD(SMALL(Posts!$R$6:$R$805,COUNTIF(Posts!$R$6:$R$805,"<"&((Settings!$C$5-WEEKDAY(Settings!$C$5,3))+5)*10000000)+1),1000),""),"") | AE6: =IFERROR(IF(INT(SMALL(Posts!$R$6:$R$805,COUNTIF(Posts!$R$6:$R$805,"<"&((Settings!$C$5-WEEKDAY(Settings!$C$5,3))+5)*10000000)+2)/10000000)=((Settings!$C$5-WEEKDAY(Settings!$C$5,3))+5),MOD(SMALL(Posts!$R$6:$R$805,COUNTIF(Posts!$R$6:$R$805,"<"&((Settings!$C$5-WEEKDAY(Settings!$C$5,3))+5)*10000000)+2),1000),""),"") | AF6: =IFERROR(IF(INT(SMALL(Posts!$R$6:$R$805,COUNTIF(Posts!$R$6:$R$805,"<"&((Settings!$C$5-WEEKDAY(Settings!$C$5,3))+5)*10000000)+3)/10000000)=((Settings!$C$5-WEEKDAY(Settings!$C$5,3))+5),MOD(SMALL(Posts!$R$6:$R$805,COUNTIF(Posts!$R$6:$R$805,"<"&((Settings!$C$5-WEEKDAY(Settings!$C$5,3))+5)*10000000)+3),1000),""),"") | AG6: =COUNTIFS(Posts!$R$6:$R$805,">="&((Settings!$C$5-WEEKDAY(Settings!$C$5,3))+5)*10000000,Posts!$R$6:$R$805,"<"&(((Settings!$C$5-WEEKDAY(Settings!$C$5,3))+5)+1)*10000000) | AH6: =IFERROR(IF(INT(SMALL(Posts!$R$6:$R$805,COUNTIF(Posts!$R$6:$R$805,"<"&((Settings!$C$5-WEEKDAY(Settings!$C$5,3))+6)*10000000)+1)/10000000)=((Settings!$C$5-WEEKDAY(Settings!$C$5,3))+6),MOD(SMALL(Posts!$R$6:$R$805,COUNTIF(Posts!$R$6:$R$805,"<"&((Settings!$C$5-WEEKDAY(Settings!$C$5,3))+6)*10000000)+1),1000),""),"") | AI6: =IFERROR(IF(INT(SMALL(Posts!$R$6:$R$805,COUNTIF(Posts!$R$6:$R$805,"<"&((Settings!$C$5-WEEKDAY(Settings!$C$5,3))+6)*10000000)+2)/10000000)=((Settings!$C$5-WEEKDAY(Settings!$C$5,3))+6),MOD(SMALL(Posts!$R$6:$R$805,COUNTIF(Posts!$R$6:$R$805,"<"&((Settings!$C$5-WEEKDAY(Settings!$C$5,3))+6)*10000000)+2),1000),""),"") | AJ6: =IFERROR(IF(INT(SMALL(Posts!$R$6:$R$805,COUNTIF(Posts!$R$6:$R$805,"<"&((Settings!$C$5-WEEKDAY(Settings!$C$5,3))+6)*10000000)+3)/10000000)=((Settings!$C$5-WEEKDAY(Settings!$C$5,3))+6),MOD(SMALL(Posts!$R$6:$R$805,COUNTIF(Posts!$R$6:$R$805,"<"&((Settings!$C$5-WEEKDAY(Settings!$C$5,3))+6)*10000000)+3),1000),""),"") | AK6: =COUNTIFS(Posts!$R$6:$R$805,">="&((Settings!$C$5-WEEKDAY(Settings!$C$5,3))+6)*10000000,Posts!$R$6:$R$805,"<"&(((Settings!$C$5-WEEKDAY(Settings!$C$5,3))+6)+1)*10000000)
B7: =IF(MONTH(((Settings!$C$5-WEEKDAY(Settings!$C$5,3))+7))<>MONTH(Settings!$C$5),"",DAY(((Settings!$C$5-WEEKDAY(Settings!$C$5,3))+7))&IF(J7="","",CHAR(10)&IF(IFERROR(INDEX(Settings!$C$10:$C$17,MATCH(INDEX(Posts!$D$1:$D$805,J7),Settings!$B$10:$B$17,0)),"")="",INDEX(Posts!$D$1:$D$805,J7),IFERROR(INDEX(Settings!$C$10:$C$17,MATCH(INDEX(Posts!$D$1:$D$805,J7),Settings!$B$10:$B$17,0)),""))&": "&IF(INDEX(Posts!$G$1:$G$805,J7)="",INDEX(Posts!$E$1:$E$805,J7),INDEX(Posts!$G$1:$G$805,J7)))&IF(K7="","",CHAR(10)&IF(IFERROR(INDEX(Settings!$C$10:$C$17,MATCH(INDEX(Posts!$D$1:$D$805,K7),Settings!$B$10:$B$17,0)),"")="",INDEX(Posts!$D$1:$D$805,K7),IFERROR(INDEX(Settings!$C$10:$C$17,MATCH(INDEX(Posts!$D$1:$D$805,K7),Settings!$B$10:$B$17,0)),""))&": "&IF(INDEX(Posts!$G$1:$G$805,K7)="",INDEX(Posts!$E$1:$E$805,K7),INDEX(Posts!$G$1:$G$805,K7)))&IF(L7="","",CHAR(10)&IF(IFERROR(INDEX(Settings!$C$10:$C$17,MATCH(INDEX(Posts!$D$1:$D$805,L7),Settings!$B$10:$B$17,0)),"")="",INDEX(Posts!$D$1:$D$805,L7),IFERROR(INDEX(Settings!$C$10:$C$17,MATCH(INDEX(Posts!$D$1:$D$805,L7),Settings!$B$10:$B$17,0)),""))&": "&IF(INDEX(Posts!$G$1:$G$805,L7)="",INDEX(Posts!$E$1:$E$805,L7),INDEX(Posts!$G$1:$G$805,L7)))&IF(M7>3,CHAR(10)&"and "&(M7-3)&" more","")) | C7: =IF(MONTH(((Settings!$C$5-WEEKDAY(Settings!$C$5,3))+8))<>MONTH(Settings!$C$5),"",DAY(((Settings!$C$5-WEEKDAY(Settings!$C$5,3))+8))&IF(N7="","",CHAR(10)&IF(IFERROR(INDEX(Settings!$C$10:$C$17,MATCH(INDEX(Posts!$D$1:$D$805,N7),Settings!$B$10:$B$17,0)),"")="",INDEX(Posts!$D$1:$D$805,N7),IFERROR(INDEX(Settings!$C$10:$C$17,MATCH(INDEX(Posts!$D$1:$D$805,N7),Settings!$B$10:$B$17,0)),""))&": "&IF(INDEX(Posts!$G$1:$G$805,N7)="",INDEX(Posts!$E$1:$E$805,N7),INDEX(Posts!$G$1:$G$805,N7)))&IF(O7="","",CHAR(10)&IF(IFERROR(INDEX(Settings!$C$10:$C$17,MATCH(INDEX(Posts!$D$1:$D$805,O7),Settings!$B$10:$B$17,0)),"")="",INDEX(Posts!$D$1:$D$805,O7),IFERROR(INDEX(Settings!$C$10:$C$17,MATCH(INDEX(Posts!$D$1:$D$805,O7),Settings!$B$10:$B$17,0)),""))&": "&IF(INDEX(Posts!$G$1:$G$805,O7)="",INDEX(Posts!$E$1:$E$805,O7),INDEX(Posts!$G$1:$G$805,O7)))&IF(P7="","",CHAR(10)&IF(IFERROR(INDEX(Settings!$C$10:$C$17,MATCH(INDEX(Posts!$D$1:$D$805,P7),Settings!$B$10:$B$17,0)),"")="",INDEX(Posts!$D$1:$D$805,P7),IFERROR(INDEX(Settings!$C$10:$C$17,MATCH(INDEX(Posts!$D$1:$D$805,P7),Settings!$B$10:$B$17,0)),""))&": "&IF(INDEX(Posts!$G$1:$G$805,P7)="",INDEX(Posts!$E$1:$E$805,P7),INDEX(Posts!$G$1:$G$805,P7)))&IF(Q7>3,CHAR(10)&"and "&(Q7-3)&" more","")) | D7: =IF(MONTH(((Settings!$C$5-WEEKDAY(Settings!$C$5,3))+9))<>MONTH(Settings!$C$5),"",DAY(((Settings!$C$5-WEEKDAY(Settings!$C$5,3))+9))&IF(R7="","",CHAR(10)&IF(IFERROR(INDEX(Settings!$C$10:$C$17,MATCH(INDEX(Posts!$D$1:$D$805,R7),Settings!$B$10:$B$17,0)),"")="",INDEX(Posts!$D$1:$D$805,R7),IFERROR(INDEX(Settings!$C$10:$C$17,MATCH(INDEX(Posts!$D$1:$D$805,R7),Settings!$B$10:$B$17,0)),""))&": "&IF(INDEX(Posts!$G$1:$G$805,R7)="",INDEX(Posts!$E$1:$E$805,R7),INDEX(Posts!$G$1:$G$805,R7)))&IF(S7="","",CHAR(10)&IF(IFERROR(INDEX(Settings!$C$10:$C$17,MATCH(INDEX(Posts!$D$1:$D$805,S7),Settings!$B$10:$B$17,0)),"")="",INDEX(Posts!$D$1:$D$805,S7),IFERROR(INDEX(Settings!$C$10:$C$17,MATCH(INDEX(Posts!$D$1:$D$805,S7),Settings!$B$10:$B$17,0)),""))&": "&IF(INDEX(Posts!$G$1:$G$805,S7)="",INDEX(Posts!$E$1:$E$805,S7),INDEX(Posts!$G$1:$G$805,S7)))&IF(T7="","",CHAR(10)&IF(IFERROR(INDEX(Settings!$C$10:$C$17,MATCH(INDEX(Posts!$D$1:$D$805,T7),Settings!$B$10:$B$17,0)),"")="",INDEX(Posts!$D$1:$D$805,T7),IFERROR(INDEX(Settings!$C$10:$C$17,MATCH(INDEX(Posts!$D$1:$D$805,T7),Settings!$B$10:$B$17,0)),""))&": "&IF(INDEX(Posts!$G$1:$G$805,T7)="",INDEX(Posts!$E$1:$E$805,T7),INDEX(Posts!$G$1:$G$805,T7)))&IF(U7>3,CHAR(10)&"and "&(U7-3)&" more","")) | E7: =IF(MONTH(((Settings!$C$5-WEEKDAY(Settings!$C$5,3))+10))<>MONTH(Settings!$C$5),"",DAY(((Settings!$C$5-WEEKDAY(Settings!$C$5,3))+10))&IF(V7="","",CHAR(10)&IF(IFERROR(INDEX(Settings!$C$10:$C$17,MATCH(INDEX(Posts!$D$1:$D$805,V7),Settings!$B$10:$B$17,0)),"")="",INDEX(Posts!$D$1:$D$805,V7),IFERROR(INDEX(Settings!$C$10:$C$17,MATCH(INDEX(Posts!$D$1:$D$805,V7),Settings!$B$10:$B$17,0)),""))&": "&IF(INDEX(Posts!$G$1:$G$805,V7)="",INDEX(Posts!$E$1:$E$805,V7),INDEX(Posts!$G$1:$G$805,V7)))&IF(W7="","",CHAR(10)&IF(IFERROR(INDEX(Settings!$C$10:$C$17,MATCH(INDEX(Posts!$D$1:$D$805,W7),Settings!$B$10:$B$17,0)),"")="",INDEX(Posts!$D$1:$D$805,W7),IFERROR(INDEX(Settings!$C$10:$C$17,MATCH(INDEX(Posts!$D$1:$D$805,W7),Settings!$B$10:$B$17,0)),""))&": "&IF(INDEX(Posts!$G$1:$G$805,W7)="",INDEX(Posts!$E$1:$E$805,W7),INDEX(Posts!$G$1:$G$805,W7)))&IF(X7="","",CHAR(10)&IF(IFERROR(INDEX(Settings!$C$10:$C$17,MATCH(INDEX(Posts!$D$1:$D$805,X7),Settings!$B$10:$B$17,0)),"")="",INDEX(Posts!$D$1:$D$805,X7),IFERROR(INDEX(Settings!$C$10:$C$17,MATCH(INDEX(Posts!$D$1:$D$805,X7),Settings!$B$10:$B$17,0)),""))&": "&IF(INDEX(Posts!$G$1:$G$805,X7)="",INDEX(Posts!$E$1:$E$805,X7),INDEX(Posts!$G$1:$G$805,X7)))&IF(Y7>3,CHAR(10)&"and "&(Y7-3)&" more","")) | F7: =IF(MONTH(((Settings!$C$5-WEEKDAY(Settings!$C$5,3))+11))<>MONTH(Settings!$C$5),"",DAY(((Settings!$C$5-WEEKDAY(Settings!$C$5,3))+11))&IF(Z7="","",CHAR(10)&IF(IFERROR(INDEX(Settings!$C$10:$C$17,MATCH(INDEX(Posts!$D$1:$D$805,Z7),Settings!$B$10:$B$17,0)),"")="",INDEX(Posts!$D$1:$D$805,Z7),IFERROR(INDEX(Settings!$C$10:$C$17,MATCH(INDEX(Posts!$D$1:$D$805,Z7),Settings!$B$10:$B$17,0)),""))&": "&IF(INDEX(Posts!$G$1:$G$805,Z7)="",INDEX(Posts!$E$1:$E$805,Z7),INDEX(Posts!$G$1:$G$805,Z7)))&IF(AA7="","",CHAR(10)&IF(IFERROR(INDEX(Settings!$C$10:$C$17,MATCH(INDEX(Posts!$D$1:$D$805,AA7),Settings!$B$10:$B$17,0)),"")="",INDEX(Posts!$D$1:$D$805,AA7),IFERROR(INDEX(Settings!$C$10:$C$17,MATCH(INDEX(Posts!$D$1:$D$805,AA7),Settings!$B$10:$B$17,0)),""))&": "&IF(INDEX(Posts!$G$1:$G$805,AA7)="",INDEX(Posts!$E$1:$E$805,AA7),INDEX(Posts!$G$1:$G$805,AA7)))&IF(AB7="","",CHAR(10)&IF(IFERROR(INDEX(Settings!$C$10:$C$17,MATCH(INDEX(Posts!$D$1:$D$805,AB7),Settings!$B$10:$B$17,0)),"")="",INDEX(Posts!$D$1:$D$805,AB7),IFERROR(INDEX(Settings!$C$10:$C$17,MATCH(INDEX(Posts!$D$1:$D$805,AB7),Settings!$B$10:$B$17,0)),""))&": "&IF(INDEX(Posts!$G$1:$G$805,AB7)="",INDEX(Posts!$E$1:$E$805,AB7),INDEX(Posts!$G$1:$G$805,AB7)))&IF(AC7>3,CHAR(10)&"and "&(AC7-3)&" more","")) | G7: =IF(MONTH(((Settings!$C$5-WEEKDAY(Settings!$C$5,3))+12))<>MONTH(Settings!$C$5),"",DAY(((Settings!$C$5-WEEKDAY(Settings!$C$5,3))+12))&IF(AD7="","",CHAR(10)&IF(IFERROR(INDEX(Settings!$C$10:$C$17,MATCH(INDEX(Posts!$D$1:$D$805,AD7),Settings!$B$10:$B$17,0)),"")="",INDEX(Posts!$D$1:$D$805,AD7),IFERROR(INDEX(Settings!$C$10:$C$17,MATCH(INDEX(Posts!$D$1:$D$805,AD7),Settings!$B$10:$B$17,0)),""))&": "&IF(INDEX(Posts!$G$1:$G$805,AD7)="",INDEX(Posts!$E$1:$E$805,AD7),INDEX(Posts!$G$1:$G$805,AD7)))&IF(AE7="","",CHAR(10)&IF(IFERROR(INDEX(Settings!$C$10:$C$17,MATCH(INDEX(Posts!$D$1:$D$805,AE7),Settings!$B$10:$B$17,0)),"")="",INDEX(Posts!$D$1:$D$805,AE7),IFERROR(INDEX(Settings!$C$10:$C$17,MATCH(INDEX(Posts!$D$1:$D$805,AE7),Settings!$B$10:$B$17,0)),""))&": "&IF(INDEX(Posts!$G$1:$G$805,AE7)="",INDEX(Posts!$E$1:$E$805,AE7),INDEX(Posts!$G$1:$G$805,AE7)))&IF(AF7="","",CHAR(10)&IF(IFERROR(INDEX(Settings!$C$10:$C$17,MATCH(INDEX(Posts!$D$1:$D$805,AF7),Settings!$B$10:$B$17,0)),"")="",INDEX(Posts!$D$1:$D$805,AF7),IFERROR(INDEX(Settings!$C$10:$C$17,MATCH(INDEX(Posts!$D$1:$D$805,AF7),Settings!$B$10:$B$17,0)),""))&": "&IF(INDEX(Posts!$G$1:$G$805,AF7)="",INDEX(Posts!$E$1:$E$805,AF7),INDEX(Posts!$G$1:$G$805,AF7)))&IF(AG7>3,CHAR(10)&"and "&(AG7-3)&" more","")) | H7: =IF(MONTH(((Settings!$C$5-WEEKDAY(Settings!$C$5,3))+13))<>MONTH(Settings!$C$5),"",DAY(((Settings!$C$5-WEEKDAY(Settings!$C$5,3))+13))&IF(AH7="","",CHAR(10)&IF(IFERROR(INDEX(Settings!$C$10:$C$17,MATCH(INDEX(Posts!$D$1:$D$805,AH7),Settings!$B$10:$B$17,0)),"")="",INDEX(Posts!$D$1:$D$805,AH7),IFERROR(INDEX(Settings!$C$10:$C$17,MATCH(INDEX(Posts!$D$1:$D$805,AH7),Settings!$B$10:$B$17,0)),""))&": "&IF(INDEX(Posts!$G$1:$G$805,AH7)="",INDEX(Posts!$E$1:$E$805,AH7),INDEX(Posts!$G$1:$G$805,AH7)))&IF(AI7="","",CHAR(10)&IF(IFERROR(INDEX(Settings!$C$10:$C$17,MATCH(INDEX(Posts!$D$1:$D$805,AI7),Settings!$B$10:$B$17,0)),"")="",INDEX(Posts!$D$1:$D$805,AI7),IFERROR(INDEX(Settings!$C$10:$C$17,MATCH(INDEX(Posts!$D$1:$D$805,AI7),Settings!$B$10:$B$17,0)),""))&": "&IF(INDEX(Posts!$G$1:$G$805,AI7)="",INDEX(Posts!$E$1:$E$805,AI7),INDEX(Posts!$G$1:$G$805,AI7)))&IF(AJ7="","",CHAR(10)&IF(IFERROR(INDEX(Settings!$C$10:$C$17,MATCH(INDEX(Posts!$D$1:$D$805,AJ7),Settings!$B$10:$B$17,0)),"")="",INDEX(Posts!$D$1:$D$805,AJ7),IFERROR(INDEX(Settings!$C$10:$C$17,MATCH(INDEX(Posts!$D$1:$D$805,AJ7),Settings!$B$10:$B$17,0)),""))&": "&IF(INDEX(Posts!$G$1:$G$805,AJ7)="",INDEX(Posts!$E$1:$E$805,AJ7),INDEX(Posts!$G$1:$G$805,AJ7)))&IF(AK7>3,CHAR(10)&"and "&(AK7-3)&" more","")) | J7: =IFERROR(IF(INT(SMALL(Posts!$R$6:$R$805,COUNTIF(Posts!$R$6:$R$805,"<"&((Settings!$C$5-WEEKDAY(Settings!$C$5,3))+7)*10000000)+1)/10000000)=((Settings!$C$5-WEEKDAY(Settings!$C$5,3))+7),MOD(SMALL(Posts!$R$6:$R$805,COUNTIF(Posts!$R$6:$R$805,"<"&((Settings!$C$5-WEEKDAY(Settings!$C$5,3))+7)*10000000)+1),1000),""),"") | K7: =IFERROR(IF(INT(SMALL(Posts!$R$6:$R$805,COUNTIF(Posts!$R$6:$R$805,"<"&((Settings!$C$5-WEEKDAY(Settings!$C$5,3))+7)*10000000)+2)/10000000)=((Settings!$C$5-WEEKDAY(Settings!$C$5,3))+7),MOD(SMALL(Posts!$R$6:$R$805,COUNTIF(Posts!$R$6:$R$805,"<"&((Settings!$C$5-WEEKDAY(Settings!$C$5,3))+7)*10000000)+2),1000),""),"") | L7: =IFERROR(IF(INT(SMALL(Posts!$R$6:$R$805,COUNTIF(Posts!$R$6:$R$805,"<"&((Settings!$C$5-WEEKDAY(Settings!$C$5,3))+7)*10000000)+3)/10000000)=((Settings!$C$5-WEEKDAY(Settings!$C$5,3))+7),MOD(SMALL(Posts!$R$6:$R$805,COUNTIF(Posts!$R$6:$R$805,"<"&((Settings!$C$5-WEEKDAY(Settings!$C$5,3))+7)*10000000)+3),1000),""),"") | M7: =COUNTIFS(Posts!$R$6:$R$805,">="&((Settings!$C$5-WEEKDAY(Settings!$C$5,3))+7)*10000000,Posts!$R$6:$R$805,"<"&(((Settings!$C$5-WEEKDAY(Settings!$C$5,3))+7)+1)*10000000) | N7: =IFERROR(IF(INT(SMALL(Posts!$R$6:$R$805,COUNTIF(Posts!$R$6:$R$805,"<"&((Settings!$C$5-WEEKDAY(Settings!$C$5,3))+8)*10000000)+1)/10000000)=((Settings!$C$5-WEEKDAY(Settings!$C$5,3))+8),MOD(SMALL(Posts!$R$6:$R$805,COUNTIF(Posts!$R$6:$R$805,"<"&((Settings!$C$5-WEEKDAY(Settings!$C$5,3))+8)*10000000)+1),1000),""),"") | O7: =IFERROR(IF(INT(SMALL(Posts!$R$6:$R$805,COUNTIF(Posts!$R$6:$R$805,"<"&((Settings!$C$5-WEEKDAY(Settings!$C$5,3))+8)*10000000)+2)/10000000)=((Settings!$C$5-WEEKDAY(Settings!$C$5,3))+8),MOD(SMALL(Posts!$R$6:$R$805,COUNTIF(Posts!$R$6:$R$805,"<"&((Settings!$C$5-WEEKDAY(Settings!$C$5,3))+8)*10000000)+2),1000),""),"") | P7: =IFERROR(IF(INT(SMALL(Posts!$R$6:$R$805,COUNTIF(Posts!$R$6:$R$805,"<"&((Settings!$C$5-WEEKDAY(Settings!$C$5,3))+8)*10000000)+3)/10000000)=((Settings!$C$5-WEEKDAY(Settings!$C$5,3))+8),MOD(SMALL(Posts!$R$6:$R$805,COUNTIF(Posts!$R$6:$R$805,"<"&((Settings!$C$5-WEEKDAY(Settings!$C$5,3))+8)*10000000)+3),1000),""),"") | Q7: =COUNTIFS(Posts!$R$6:$R$805,">="&((Settings!$C$5-WEEKDAY(Settings!$C$5,3))+8)*10000000,Posts!$R$6:$R$805,"<"&(((Settings!$C$5-WEEKDAY(Settings!$C$5,3))+8)+1)*10000000) | R7: =IFERROR(IF(INT(SMALL(Posts!$R$6:$R$805,COUNTIF(Posts!$R$6:$R$805,"<"&((Settings!$C$5-WEEKDAY(Settings!$C$5,3))+9)*10000000)+1)/10000000)=((Settings!$C$5-WEEKDAY(Settings!$C$5,3))+9),MOD(SMALL(Posts!$R$6:$R$805,COUNTIF(Posts!$R$6:$R$805,"<"&((Settings!$C$5-WEEKDAY(Settings!$C$5,3))+9)*10000000)+1),1000),""),"") | S7: =IFERROR(IF(INT(SMALL(Posts!$R$6:$R$805,COUNTIF(Posts!$R$6:$R$805,"<"&((Settings!$C$5-WEEKDAY(Settings!$C$5,3))+9)*10000000)+2)/10000000)=((Settings!$C$5-WEEKDAY(Settings!$C$5,3))+9),MOD(SMALL(Posts!$R$6:$R$805,COUNTIF(Posts!$R$6:$R$805,"<"&((Settings!$C$5-WEEKDAY(Settings!$C$5,3))+9)*10000000)+2),1000),""),"") | T7: =IFERROR(IF(INT(SMALL(Posts!$R$6:$R$805,COUNTIF(Posts!$R$6:$R$805,"<"&((Settings!$C$5-WEEKDAY(Settings!$C$5,3))+9)*10000000)+3)/10000000)=((Settings!$C$5-WEEKDAY(Settings!$C$5,3))+9),MOD(SMALL(Posts!$R$6:$R$805,COUNTIF(Posts!$R$6:$R$805,"<"&((Settings!$C$5-WEEKDAY(Settings!$C$5,3))+9)*10000000)+3),1000),""),"") | U7: =COUNTIFS(Posts!$R$6:$R$805,">="&((Settings!$C$5-WEEKDAY(Settings!$C$5,3))+9)*10000000,Posts!$R$6:$R$805,"<"&(((Settings!$C$5-WEEKDAY(Settings!$C$5,3))+9)+1)*10000000) | V7: =IFERROR(IF(INT(SMALL(Posts!$R$6:$R$805,COUNTIF(Posts!$R$6:$R$805,"<"&((Settings!$C$5-WEEKDAY(Settings!$C$5,3))+10)*10000000)+1)/10000000)=((Settings!$C$5-WEEKDAY(Settings!$C$5,3))+10),MOD(SMALL(Posts!$R$6:$R$805,COUNTIF(Posts!$R$6:$R$805,"<"&((Settings!$C$5-WEEKDAY(Settings!$C$5,3))+10)*10000000)+1),1000),""),"") | W7: =IFERROR(IF(INT(SMALL(Posts!$R$6:$R$805,COUNTIF(Posts!$R$6:$R$805,"<"&((Settings!$C$5-WEEKDAY(Settings!$C$5,3))+10)*10000000)+2)/10000000)=((Settings!$C$5-WEEKDAY(Settings!$C$5,3))+10),MOD(SMALL(Posts!$R$6:$R$805,COUNTIF(Posts!$R$6:$R$805,"<"&((Settings!$C$5-WEEKDAY(Settings!$C$5,3))+10)*10000000)+2),1000),""),"") | X7: =IFERROR(IF(INT(SMALL(Posts!$R$6:$R$805,COUNTIF(Posts!$R$6:$R$805,"<"&((Settings!$C$5-WEEKDAY(Settings!$C$5,3))+10)*10000000)+3)/10000000)=((Settings!$C$5-WEEKDAY(Settings!$C$5,3))+10),MOD(SMALL(Posts!$R$6:$R$805,COUNTIF(Posts!$R$6:$R$805,"<"&((Settings!$C$5-WEEKDAY(Settings!$C$5,3))+10)*10000000)+3),1000),""),"") | Y7: =COUNTIFS(Posts!$R$6:$R$805,">="&((Settings!$C$5-WEEKDAY(Settings!$C$5,3))+10)*10000000,Posts!$R$6:$R$805,"<"&(((Settings!$C$5-WEEKDAY(Settings!$C$5,3))+10)+1)*10000000) | Z7: =IFERROR(IF(INT(SMALL(Posts!$R$6:$R$805,COUNTIF(Posts!$R$6:$R$805,"<"&((Settings!$C$5-WEEKDAY(Settings!$C$5,3))+11)*10000000)+1)/10000000)=((Settings!$C$5-WEEKDAY(Settings!$C$5,3))+11),MOD(SMALL(Posts!$R$6:$R$805,COUNTIF(Posts!$R$6:$R$805,"<"&((Settings!$C$5-WEEKDAY(Settings!$C$5,3))+11)*10000000)+1),1000),""),"") | AA7: =IFERROR(IF(INT(SMALL(Posts!$R$6:$R$805,COUNTIF(Posts!$R$6:$R$805,"<"&((Settings!$C$5-WEEKDAY(Settings!$C$5,3))+11)*10000000)+2)/10000000)=((Settings!$C$5-WEEKDAY(Settings!$C$5,3))+11),MOD(SMALL(Posts!$R$6:$R$805,COUNTIF(Posts!$R$6:$R$805,"<"&((Settings!$C$5-WEEKDAY(Settings!$C$5,3))+11)*10000000)+2),1000),""),"") | AB7: =IFERROR(IF(INT(SMALL(Posts!$R$6:$R$805,COUNTIF(Posts!$R$6:$R$805,"<"&((Settings!$C$5-WEEKDAY(Settings!$C$5,3))+11)*10000000)+3)/10000000)=((Settings!$C$5-WEEKDAY(Settings!$C$5,3))+11),MOD(SMALL(Posts!$R$6:$R$805,COUNTIF(Posts!$R$6:$R$805,"<"&((Settings!$C$5-WEEKDAY(Settings!$C$5,3))+11)*10000000)+3),1000),""),"") | AC7: =COUNTIFS(Posts!$R$6:$R$805,">="&((Settings!$C$5-WEEKDAY(Settings!$C$5,3))+11)*10000000,Posts!$R$6:$R$805,"<"&(((Settings!$C$5-WEEKDAY(Settings!$C$5,3))+11)+1)*10000000) | AD7: =IFERROR(IF(INT(SMALL(Posts!$R$6:$R$805,COUNTIF(Posts!$R$6:$R$805,"<"&((Settings!$C$5-WEEKDAY(Settings!$C$5,3))+12)*10000000)+1)/10000000)=((Settings!$C$5-WEEKDAY(Settings!$C$5,3))+12),MOD(SMALL(Posts!$R$6:$R$805,COUNTIF(Posts!$R$6:$R$805,"<"&((Settings!$C$5-WEEKDAY(Settings!$C$5,3))+12)*10000000)+1),1000),""),"") | AE7: =IFERROR(IF(INT(SMALL(Posts!$R$6:$R$805,COUNTIF(Posts!$R$6:$R$805,"<"&((Settings!$C$5-WEEKDAY(Settings!$C$5,3))+12)*10000000)+2)/10000000)=((Settings!$C$5-WEEKDAY(Settings!$C$5,3))+12),MOD(SMALL(Posts!$R$6:$R$805,COUNTIF(Posts!$R$6:$R$805,"<"&((Settings!$C$5-WEEKDAY(Settings!$C$5,3))+12)*10000000)+2),1000),""),"") | AF7: =IFERROR(IF(INT(SMALL(Posts!$R$6:$R$805,COUNTIF(Posts!$R$6:$R$805,"<"&((Settings!$C$5-WEEKDAY(Settings!$C$5,3))+12)*10000000)+3)/10000000)=((Settings!$C$5-WEEKDAY(Settings!$C$5,3))+12),MOD(SMALL(Posts!$R$6:$R$805,COUNTIF(Posts!$R$6:$R$805,"<"&((Settings!$C$5-WEEKDAY(Settings!$C$5,3))+12)*10000000)+3),1000),""),"") | AG7: =COUNTIFS(Posts!$R$6:$R$805,">="&((Settings!$C$5-WEEKDAY(Settings!$C$5,3))+12)*10000000,Posts!$R$6:$R$805,"<"&(((Settings!$C$5-WEEKDAY(Settings!$C$5,3))+12)+1)*10000000) | AH7: =IFERROR(IF(INT(SMALL(Posts!$R$6:$R$805,COUNTIF(Posts!$R$6:$R$805,"<"&((Settings!$C$5-WEEKDAY(Settings!$C$5,3))+13)*10000000)+1)/10000000)=((Settings!$C$5-WEEKDAY(Settings!$C$5,3))+13),MOD(SMALL(Posts!$R$6:$R$805,COUNTIF(Posts!$R$6:$R$805,"<"&((Settings!$C$5-WEEKDAY(Settings!$C$5,3))+13)*10000000)+1),1000),""),"") | AI7: =IFERROR(IF(INT(SMALL(Posts!$R$6:$R$805,COUNTIF(Posts!$R$6:$R$805,"<"&((Settings!$C$5-WEEKDAY(Settings!$C$5,3))+13)*10000000)+2)/10000000)=((Settings!$C$5-WEEKDAY(Settings!$C$5,3))+13),MOD(SMALL(Posts!$R$6:$R$805,COUNTIF(Posts!$R$6:$R$805,"<"&((Settings!$C$5-WEEKDAY(Settings!$C$5,3))+13)*10000000)+2),1000),""),"") | AJ7: =IFERROR(IF(INT(SMALL(Posts!$R$6:$R$805,COUNTIF(Posts!$R$6:$R$805,"<"&((Settings!$C$5-WEEKDAY(Settings!$C$5,3))+13)*10000000)+3)/10000000)=((Settings!$C$5-WEEKDAY(Settings!$C$5,3))+13),MOD(SMALL(Posts!$R$6:$R$805,COUNTIF(Posts!$R$6:$R$805,"<"&((Settings!$C$5-WEEKDAY(Settings!$C$5,3))+13)*10000000)+3),1000),""),"") | AK7: =COUNTIFS(Posts!$R$6:$R$805,">="&((Settings!$C$5-WEEKDAY(Settings!$C$5,3))+13)*10000000,Posts!$R$6:$R$805,"<"&(((Settings!$C$5-WEEKDAY(Settings!$C$5,3))+13)+1)*10000000)
B8: =IF(MONTH(((Settings!$C$5-WEEKDAY(Settings!$C$5,3))+14))<>MONTH(Settings!$C$5),"",DAY(((Settings!$C$5-WEEKDAY(Settings!$C$5,3))+14))&IF(J8="","",CHAR(10)&IF(IFERROR(INDEX(Settings!$C$10:$C$17,MATCH(INDEX(Posts!$D$1:$D$805,J8),Settings!$B$10:$B$17,0)),"")="",INDEX(Posts!$D$1:$D$805,J8),IFERROR(INDEX(Settings!$C$10:$C$17,MATCH(INDEX(Posts!$D$1:$D$805,J8),Settings!$B$10:$B$17,0)),""))&": "&IF(INDEX(Posts!$G$1:$G$805,J8)="",INDEX(Posts!$E$1:$E$805,J8),INDEX(Posts!$G$1:$G$805,J8)))&IF(K8="","",CHAR(10)&IF(IFERROR(INDEX(Settings!$C$10:$C$17,MATCH(INDEX(Posts!$D$1:$D$805,K8),Settings!$B$10:$B$17,0)),"")="",INDEX(Posts!$D$1:$D$805,K8),IFERROR(INDEX(Settings!$C$10:$C$17,MATCH(INDEX(Posts!$D$1:$D$805,K8),Settings!$B$10:$B$17,0)),""))&": "&IF(INDEX(Posts!$G$1:$G$805,K8)="",INDEX(Posts!$E$1:$E$805,K8),INDEX(Posts!$G$1:$G$805,K8)))&IF(L8="","",CHAR(10)&IF(IFERROR(INDEX(Settings!$C$10:$C$17,MATCH(INDEX(Posts!$D$1:$D$805,L8),Settings!$B$10:$B$17,0)),"")="",INDEX(Posts!$D$1:$D$805,L8),IFERROR(INDEX(Settings!$C$10:$C$17,MATCH(INDEX(Posts!$D$1:$D$805,L8),Settings!$B$10:$B$17,0)),""))&": "&IF(INDEX(Posts!$G$1:$G$805,L8)="",INDEX(Posts!$E$1:$E$805,L8),INDEX(Posts!$G$1:$G$805,L8)))&IF(M8>3,CHAR(10)&"and "&(M8-3)&" more","")) | C8: =IF(MONTH(((Settings!$C$5-WEEKDAY(Settings!$C$5,3))+15))<>MONTH(Settings!$C$5),"",DAY(((Settings!$C$5-WEEKDAY(Settings!$C$5,3))+15))&IF(N8="","",CHAR(10)&IF(IFERROR(INDEX(Settings!$C$10:$C$17,MATCH(INDEX(Posts!$D$1:$D$805,N8),Settings!$B$10:$B$17,0)),"")="",INDEX(Posts!$D$1:$D$805,N8),IFERROR(INDEX(Settings!$C$10:$C$17,MATCH(INDEX(Posts!$D$1:$D$805,N8),Settings!$B$10:$B$17,0)),""))&": "&IF(INDEX(Posts!$G$1:$G$805,N8)="",INDEX(Posts!$E$1:$E$805,N8),INDEX(Posts!$G$1:$G$805,N8)))&IF(O8="","",CHAR(10)&IF(IFERROR(INDEX(Settings!$C$10:$C$17,MATCH(INDEX(Posts!$D$1:$D$805,O8),Settings!$B$10:$B$17,0)),"")="",INDEX(Posts!$D$1:$D$805,O8),IFERROR(INDEX(Settings!$C$10:$C$17,MATCH(INDEX(Posts!$D$1:$D$805,O8),Settings!$B$10:$B$17,0)),""))&": "&IF(INDEX(Posts!$G$1:$G$805,O8)="",INDEX(Posts!$E$1:$E$805,O8),INDEX(Posts!$G$1:$G$805,O8)))&IF(P8="","",CHAR(10)&IF(IFERROR(INDEX(Settings!$C$10:$C$17,MATCH(INDEX(Posts!$D$1:$D$805,P8),Settings!$B$10:$B$17,0)),"")="",INDEX(Posts!$D$1:$D$805,P8),IFERROR(INDEX(Settings!$C$10:$C$17,MATCH(INDEX(Posts!$D$1:$D$805,P8),Settings!$B$10:$B$17,0)),""))&": "&IF(INDEX(Posts!$G$1:$G$805,P8)="",INDEX(Posts!$E$1:$E$805,P8),INDEX(Posts!$G$1:$G$805,P8)))&IF(Q8>3,CHAR(10)&"and "&(Q8-3)&" more","")) | D8: =IF(MONTH(((Settings!$C$5-WEEKDAY(Settings!$C$5,3))+16))<>MONTH(Settings!$C$5),"",DAY(((Settings!$C$5-WEEKDAY(Settings!$C$5,3))+16))&IF(R8="","",CHAR(10)&IF(IFERROR(INDEX(Settings!$C$10:$C$17,MATCH(INDEX(Posts!$D$1:$D$805,R8),Settings!$B$10:$B$17,0)),"")="",INDEX(Posts!$D$1:$D$805,R8),IFERROR(INDEX(Settings!$C$10:$C$17,MATCH(INDEX(Posts!$D$1:$D$805,R8),Settings!$B$10:$B$17,0)),""))&": "&IF(INDEX(Posts!$G$1:$G$805,R8)="",INDEX(Posts!$E$1:$E$805,R8),INDEX(Posts!$G$1:$G$805,R8)))&IF(S8="","",CHAR(10)&IF(IFERROR(INDEX(Settings!$C$10:$C$17,MATCH(INDEX(Posts!$D$1:$D$805,S8),Settings!$B$10:$B$17,0)),"")="",INDEX(Posts!$D$1:$D$805,S8),IFERROR(INDEX(Settings!$C$10:$C$17,MATCH(INDEX(Posts!$D$1:$D$805,S8),Settings!$B$10:$B$17,0)),""))&": "&IF(INDEX(Posts!$G$1:$G$805,S8)="",INDEX(Posts!$E$1:$E$805,S8),INDEX(Posts!$G$1:$G$805,S8)))&IF(T8="","",CHAR(10)&IF(IFERROR(INDEX(Settings!$C$10:$C$17,MATCH(INDEX(Posts!$D$1:$D$805,T8),Settings!$B$10:$B$17,0)),"")="",INDEX(Posts!$D$1:$D$805,T8),IFERROR(INDEX(Settings!$C$10:$C$17,MATCH(INDEX(Posts!$D$1:$D$805,T8),Settings!$B$10:$B$17,0)),""))&": "&IF(INDEX(Posts!$G$1:$G$805,T8)="",INDEX(Posts!$E$1:$E$805,T8),INDEX(Posts!$G$1:$G$805,T8)))&IF(U8>3,CHAR(10)&"and "&(U8-3)&" more","")) | E8: =IF(MONTH(((Settings!$C$5-WEEKDAY(Settings!$C$5,3))+17))<>MONTH(Settings!$C$5),"",DAY(((Settings!$C$5-WEEKDAY(Settings!$C$5,3))+17))&IF(V8="","",CHAR(10)&IF(IFERROR(INDEX(Settings!$C$10:$C$17,MATCH(INDEX(Posts!$D$1:$D$805,V8),Settings!$B$10:$B$17,0)),"")="",INDEX(Posts!$D$1:$D$805,V8),IFERROR(INDEX(Settings!$C$10:$C$17,MATCH(INDEX(Posts!$D$1:$D$805,V8),Settings!$B$10:$B$17,0)),""))&": "&IF(INDEX(Posts!$G$1:$G$805,V8)="",INDEX(Posts!$E$1:$E$805,V8),INDEX(Posts!$G$1:$G$805,V8)))&IF(W8="","",CHAR(10)&IF(IFERROR(INDEX(Settings!$C$10:$C$17,MATCH(INDEX(Posts!$D$1:$D$805,W8),Settings!$B$10:$B$17,0)),"")="",INDEX(Posts!$D$1:$D$805,W8),IFERROR(INDEX(Settings!$C$10:$C$17,MATCH(INDEX(Posts!$D$1:$D$805,W8),Settings!$B$10:$B$17,0)),""))&": "&IF(INDEX(Posts!$G$1:$G$805,W8)="",INDEX(Posts!$E$1:$E$805,W8),INDEX(Posts!$G$1:$G$805,W8)))&IF(X8="","",CHAR(10)&IF(IFERROR(INDEX(Settings!$C$10:$C$17,MATCH(INDEX(Posts!$D$1:$D$805,X8),Settings!$B$10:$B$17,0)),"")="",INDEX(Posts!$D$1:$D$805,X8),IFERROR(INDEX(Settings!$C$10:$C$17,MATCH(INDEX(Posts!$D$1:$D$805,X8),Settings!$B$10:$B$17,0)),""))&": "&IF(INDEX(Posts!$G$1:$G$805,X8)="",INDEX(Posts!$E$1:$E$805,X8),INDEX(Posts!$G$1:$G$805,X8)))&IF(Y8>3,CHAR(10)&"and "&(Y8-3)&" more","")) | F8: =IF(MONTH(((Settings!$C$5-WEEKDAY(Settings!$C$5,3))+18))<>MONTH(Settings!$C$5),"",DAY(((Settings!$C$5-WEEKDAY(Settings!$C$5,3))+18))&IF(Z8="","",CHAR(10)&IF(IFERROR(INDEX(Settings!$C$10:$C$17,MATCH(INDEX(Posts!$D$1:$D$805,Z8),Settings!$B$10:$B$17,0)),"")="",INDEX(Posts!$D$1:$D$805,Z8),IFERROR(INDEX(Settings!$C$10:$C$17,MATCH(INDEX(Posts!$D$1:$D$805,Z8),Settings!$B$10:$B$17,0)),""))&": "&IF(INDEX(Posts!$G$1:$G$805,Z8)="",INDEX(Posts!$E$1:$E$805,Z8),INDEX(Posts!$G$1:$G$805,Z8)))&IF(AA8="","",CHAR(10)&IF(IFERROR(INDEX(Settings!$C$10:$C$17,MATCH(INDEX(Posts!$D$1:$D$805,AA8),Settings!$B$10:$B$17,0)),"")="",INDEX(Posts!$D$1:$D$805,AA8),IFERROR(INDEX(Settings!$C$10:$C$17,MATCH(INDEX(Posts!$D$1:$D$805,AA8),Settings!$B$10:$B$17,0)),""))&": "&IF(INDEX(Posts!$G$1:$G$805,AA8)="",INDEX(Posts!$E$1:$E$805,AA8),INDEX(Posts!$G$1:$G$805,AA8)))&IF(AB8="","",CHAR(10)&IF(IFERROR(INDEX(Settings!$C$10:$C$17,MATCH(INDEX(Posts!$D$1:$D$805,AB8),Settings!$B$10:$B$17,0)),"")="",INDEX(Posts!$D$1:$D$805,AB8),IFERROR(INDEX(Settings!$C$10:$C$17,MATCH(INDEX(Posts!$D$1:$D$805,AB8),Settings!$B$10:$B$17,0)),""))&": "&IF(INDEX(Posts!$G$1:$G$805,AB8)="",INDEX(Posts!$E$1:$E$805,AB8),INDEX(Posts!$G$1:$G$805,AB8)))&IF(AC8>3,CHAR(10)&"and "&(AC8-3)&" more","")) | G8: =IF(MONTH(((Settings!$C$5-WEEKDAY(Settings!$C$5,3))+19))<>MONTH(Settings!$C$5),"",DAY(((Settings!$C$5-WEEKDAY(Settings!$C$5,3))+19))&IF(AD8="","",CHAR(10)&IF(IFERROR(INDEX(Settings!$C$10:$C$17,MATCH(INDEX(Posts!$D$1:$D$805,AD8),Settings!$B$10:$B$17,0)),"")="",INDEX(Posts!$D$1:$D$805,AD8),IFERROR(INDEX(Settings!$C$10:$C$17,MATCH(INDEX(Posts!$D$1:$D$805,AD8),Settings!$B$10:$B$17,0)),""))&": "&IF(INDEX(Posts!$G$1:$G$805,AD8)="",INDEX(Posts!$E$1:$E$805,AD8),INDEX(Posts!$G$1:$G$805,AD8)))&IF(AE8="","",CHAR(10)&IF(IFERROR(INDEX(Settings!$C$10:$C$17,MATCH(INDEX(Posts!$D$1:$D$805,AE8),Settings!$B$10:$B$17,0)),"")="",INDEX(Posts!$D$1:$D$805,AE8),IFERROR(INDEX(Settings!$C$10:$C$17,MATCH(INDEX(Posts!$D$1:$D$805,AE8),Settings!$B$10:$B$17,0)),""))&": "&IF(INDEX(Posts!$G$1:$G$805,AE8)="",INDEX(Posts!$E$1:$E$805,AE8),INDEX(Posts!$G$1:$G$805,AE8)))&IF(AF8="","",CHAR(10)&IF(IFERROR(INDEX(Settings!$C$10:$C$17,MATCH(INDEX(Posts!$D$1:$D$805,AF8),Settings!$B$10:$B$17,0)),"")="",INDEX(Posts!$D$1:$D$805,AF8),IFERROR(INDEX(Settings!$C$10:$C$17,MATCH(INDEX(Posts!$D$1:$D$805,AF8),Settings!$B$10:$B$17,0)),""))&": "&IF(INDEX(Posts!$G$1:$G$805,AF8)="",INDEX(Posts!$E$1:$E$805,AF8),INDEX(Posts!$G$1:$G$805,AF8)))&IF(AG8>3,CHAR(10)&"and "&(AG8-3)&" more","")) | H8: =IF(MONTH(((Settings!$C$5-WEEKDAY(Settings!$C$5,3))+20))<>MONTH(Settings!$C$5),"",DAY(((Settings!$C$5-WEEKDAY(Settings!$C$5,3))+20))&IF(AH8="","",CHAR(10)&IF(IFERROR(INDEX(Settings!$C$10:$C$17,MATCH(INDEX(Posts!$D$1:$D$805,AH8),Settings!$B$10:$B$17,0)),"")="",INDEX(Posts!$D$1:$D$805,AH8),IFERROR(INDEX(Settings!$C$10:$C$17,MATCH(INDEX(Posts!$D$1:$D$805,AH8),Settings!$B$10:$B$17,0)),""))&": "&IF(INDEX(Posts!$G$1:$G$805,AH8)="",INDEX(Posts!$E$1:$E$805,AH8),INDEX(Posts!$G$1:$G$805,AH8)))&IF(AI8="","",CHAR(10)&IF(IFERROR(INDEX(Settings!$C$10:$C$17,MATCH(INDEX(Posts!$D$1:$D$805,AI8),Settings!$B$10:$B$17,0)),"")="",INDEX(Posts!$D$1:$D$805,AI8),IFERROR(INDEX(Settings!$C$10:$C$17,MATCH(INDEX(Posts!$D$1:$D$805,AI8),Settings!$B$10:$B$17,0)),""))&": "&IF(INDEX(Posts!$G$1:$G$805,AI8)="",INDEX(Posts!$E$1:$E$805,AI8),INDEX(Posts!$G$1:$G$805,AI8)))&IF(AJ8="","",CHAR(10)&IF(IFERROR(INDEX(Settings!$C$10:$C$17,MATCH(INDEX(Posts!$D$1:$D$805,AJ8),Settings!$B$10:$B$17,0)),"")="",INDEX(Posts!$D$1:$D$805,AJ8),IFERROR(INDEX(Settings!$C$10:$C$17,MATCH(INDEX(Posts!$D$1:$D$805,AJ8),Settings!$B$10:$B$17,0)),""))&": "&IF(INDEX(Posts!$G$1:$G$805,AJ8)="",INDEX(Posts!$E$1:$E$805,AJ8),INDEX(Posts!$G$1:$G$805,AJ8)))&IF(AK8>3,CHAR(10)&"and "&(AK8-3)&" more","")) | J8: =IFERROR(IF(INT(SMALL(Posts!$R$6:$R$805,COUNTIF(Posts!$R$6:$R$805,"<"&((Settings!$C$5-WEEKDAY(Settings!$C$5,3))+14)*10000000)+1)/10000000)=((Settings!$C$5-WEEKDAY(Settings!$C$5,3))+14),MOD(SMALL(Posts!$R$6:$R$805,COUNTIF(Posts!$R$6:$R$805,"<"&((Settings!$C$5-WEEKDAY(Settings!$C$5,3))+14)*10000000)+1),1000),""),"") | K8: =IFERROR(IF(INT(SMALL(Posts!$R$6:$R$805,COUNTIF(Posts!$R$6:$R$805,"<"&((Settings!$C$5-WEEKDAY(Settings!$C$5,3))+14)*10000000)+2)/10000000)=((Settings!$C$5-WEEKDAY(Settings!$C$5,3))+14),MOD(SMALL(Posts!$R$6:$R$805,COUNTIF(Posts!$R$6:$R$805,"<"&((Settings!$C$5-WEEKDAY(Settings!$C$5,3))+14)*10000000)+2),1000),""),"") | L8: =IFERROR(IF(INT(SMALL(Posts!$R$6:$R$805,COUNTIF(Posts!$R$6:$R$805,"<"&((Settings!$C$5-WEEKDAY(Settings!$C$5,3))+14)*10000000)+3)/10000000)=((Settings!$C$5-WEEKDAY(Settings!$C$5,3))+14),MOD(SMALL(Posts!$R$6:$R$805,COUNTIF(Posts!$R$6:$R$805,"<"&((Settings!$C$5-WEEKDAY(Settings!$C$5,3))+14)*10000000)+3),1000),""),"") | M8: =COUNTIFS(Posts!$R$6:$R$805,">="&((Settings!$C$5-WEEKDAY(Settings!$C$5,3))+14)*10000000,Posts!$R$6:$R$805,"<"&(((Settings!$C$5-WEEKDAY(Settings!$C$5,3))+14)+1)*10000000) | N8: =IFERROR(IF(INT(SMALL(Posts!$R$6:$R$805,COUNTIF(Posts!$R$6:$R$805,"<"&((Settings!$C$5-WEEKDAY(Settings!$C$5,3))+15)*10000000)+1)/10000000)=((Settings!$C$5-WEEKDAY(Settings!$C$5,3))+15),MOD(SMALL(Posts!$R$6:$R$805,COUNTIF(Posts!$R$6:$R$805,"<"&((Settings!$C$5-WEEKDAY(Settings!$C$5,3))+15)*10000000)+1),1000),""),"") | O8: =IFERROR(IF(INT(SMALL(Posts!$R$6:$R$805,COUNTIF(Posts!$R$6:$R$805,"<"&((Settings!$C$5-WEEKDAY(Settings!$C$5,3))+15)*10000000)+2)/10000000)=((Settings!$C$5-WEEKDAY(Settings!$C$5,3))+15),MOD(SMALL(Posts!$R$6:$R$805,COUNTIF(Posts!$R$6:$R$805,"<"&((Settings!$C$5-WEEKDAY(Settings!$C$5,3))+15)*10000000)+2),1000),""),"") | P8: =IFERROR(IF(INT(SMALL(Posts!$R$6:$R$805,COUNTIF(Posts!$R$6:$R$805,"<"&((Settings!$C$5-WEEKDAY(Settings!$C$5,3))+15)*10000000)+3)/10000000)=((Settings!$C$5-WEEKDAY(Settings!$C$5,3))+15),MOD(SMALL(Posts!$R$6:$R$805,COUNTIF(Posts!$R$6:$R$805,"<"&((Settings!$C$5-WEEKDAY(Settings!$C$5,3))+15)*10000000)+3),1000),""),"") | Q8: =COUNTIFS(Posts!$R$6:$R$805,">="&((Settings!$C$5-WEEKDAY(Settings!$C$5,3))+15)*10000000,Posts!$R$6:$R$805,"<"&(((Settings!$C$5-WEEKDAY(Settings!$C$5,3))+15)+1)*10000000) | R8: =IFERROR(IF(INT(SMALL(Posts!$R$6:$R$805,COUNTIF(Posts!$R$6:$R$805,"<"&((Settings!$C$5-WEEKDAY(Settings!$C$5,3))+16)*10000000)+1)/10000000)=((Settings!$C$5-WEEKDAY(Settings!$C$5,3))+16),MOD(SMALL(Posts!$R$6:$R$805,COUNTIF(Posts!$R$6:$R$805,"<"&((Settings!$C$5-WEEKDAY(Settings!$C$5,3))+16)*10000000)+1),1000),""),"") | S8: =IFERROR(IF(INT(SMALL(Posts!$R$6:$R$805,COUNTIF(Posts!$R$6:$R$805,"<"&((Settings!$C$5-WEEKDAY(Settings!$C$5,3))+16)*10000000)+2)/10000000)=((Settings!$C$5-WEEKDAY(Settings!$C$5,3))+16),MOD(SMALL(Posts!$R$6:$R$805,COUNTIF(Posts!$R$6:$R$805,"<"&((Settings!$C$5-WEEKDAY(Settings!$C$5,3))+16)*10000000)+2),1000),""),"") | T8: =IFERROR(IF(INT(SMALL(Posts!$R$6:$R$805,COUNTIF(Posts!$R$6:$R$805,"<"&((Settings!$C$5-WEEKDAY(Settings!$C$5,3))+16)*10000000)+3)/10000000)=((Settings!$C$5-WEEKDAY(Settings!$C$5,3))+16),MOD(SMALL(Posts!$R$6:$R$805,COUNTIF(Posts!$R$6:$R$805,"<"&((Settings!$C$5-WEEKDAY(Settings!$C$5,3))+16)*10000000)+3),1000),""),"") | U8: =COUNTIFS(Posts!$R$6:$R$805,">="&((Settings!$C$5-WEEKDAY(Settings!$C$5,3))+16)*10000000,Posts!$R$6:$R$805,"<"&(((Settings!$C$5-WEEKDAY(Settings!$C$5,3))+16)+1)*10000000) | V8: =IFERROR(IF(INT(SMALL(Posts!$R$6:$R$805,COUNTIF(Posts!$R$6:$R$805,"<"&((Settings!$C$5-WEEKDAY(Settings!$C$5,3))+17)*10000000)+1)/10000000)=((Settings!$C$5-WEEKDAY(Settings!$C$5,3))+17),MOD(SMALL(Posts!$R$6:$R$805,COUNTIF(Posts!$R$6:$R$805,"<"&((Settings!$C$5-WEEKDAY(Settings!$C$5,3))+17)*10000000)+1),1000),""),"") | W8: =IFERROR(IF(INT(SMALL(Posts!$R$6:$R$805,COUNTIF(Posts!$R$6:$R$805,"<"&((Settings!$C$5-WEEKDAY(Settings!$C$5,3))+17)*10000000)+2)/10000000)=((Settings!$C$5-WEEKDAY(Settings!$C$5,3))+17),MOD(SMALL(Posts!$R$6:$R$805,COUNTIF(Posts!$R$6:$R$805,"<"&((Settings!$C$5-WEEKDAY(Settings!$C$5,3))+17)*10000000)+2),1000),""),"") | X8: =IFERROR(IF(INT(SMALL(Posts!$R$6:$R$805,COUNTIF(Posts!$R$6:$R$805,"<"&((Settings!$C$5-WEEKDAY(Settings!$C$5,3))+17)*10000000)+3)/10000000)=((Settings!$C$5-WEEKDAY(Settings!$C$5,3))+17),MOD(SMALL(Posts!$R$6:$R$805,COUNTIF(Posts!$R$6:$R$805,"<"&((Settings!$C$5-WEEKDAY(Settings!$C$5,3))+17)*10000000)+3),1000),""),"") | Y8: =COUNTIFS(Posts!$R$6:$R$805,">="&((Settings!$C$5-WEEKDAY(Settings!$C$5,3))+17)*10000000,Posts!$R$6:$R$805,"<"&(((Settings!$C$5-WEEKDAY(Settings!$C$5,3))+17)+1)*10000000) | Z8: =IFERROR(IF(INT(SMALL(Posts!$R$6:$R$805,COUNTIF(Posts!$R$6:$R$805,"<"&((Settings!$C$5-WEEKDAY(Settings!$C$5,3))+18)*10000000)+1)/10000000)=((Settings!$C$5-WEEKDAY(Settings!$C$5,3))+18),MOD(SMALL(Posts!$R$6:$R$805,COUNTIF(Posts!$R$6:$R$805,"<"&((Settings!$C$5-WEEKDAY(Settings!$C$5,3))+18)*10000000)+1),1000),""),"") | AA8: =IFERROR(IF(INT(SMALL(Posts!$R$6:$R$805,COUNTIF(Posts!$R$6:$R$805,"<"&((Settings!$C$5-WEEKDAY(Settings!$C$5,3))+18)*10000000)+2)/10000000)=((Settings!$C$5-WEEKDAY(Settings!$C$5,3))+18),MOD(SMALL(Posts!$R$6:$R$805,COUNTIF(Posts!$R$6:$R$805,"<"&((Settings!$C$5-WEEKDAY(Settings!$C$5,3))+18)*10000000)+2),1000),""),"") | AB8: =IFERROR(IF(INT(SMALL(Posts!$R$6:$R$805,COUNTIF(Posts!$R$6:$R$805,"<"&((Settings!$C$5-WEEKDAY(Settings!$C$5,3))+18)*10000000)+3)/10000000)=((Settings!$C$5-WEEKDAY(Settings!$C$5,3))+18),MOD(SMALL(Posts!$R$6:$R$805,COUNTIF(Posts!$R$6:$R$805,"<"&((Settings!$C$5-WEEKDAY(Settings!$C$5,3))+18)*10000000)+3),1000),""),"") | AC8: =COUNTIFS(Posts!$R$6:$R$805,">="&((Settings!$C$5-WEEKDAY(Settings!$C$5,3))+18)*10000000,Posts!$R$6:$R$805,"<"&(((Settings!$C$5-WEEKDAY(Settings!$C$5,3))+18)+1)*10000000) | AD8: =IFERROR(IF(INT(SMALL(Posts!$R$6:$R$805,COUNTIF(Posts!$R$6:$R$805,"<"&((Settings!$C$5-WEEKDAY(Settings!$C$5,3))+19)*10000000)+1)/10000000)=((Settings!$C$5-WEEKDAY(Settings!$C$5,3))+19),MOD(SMALL(Posts!$R$6:$R$805,COUNTIF(Posts!$R$6:$R$805,"<"&((Settings!$C$5-WEEKDAY(Settings!$C$5,3))+19)*10000000)+1),1000),""),"") | AE8: =IFERROR(IF(INT(SMALL(Posts!$R$6:$R$805,COUNTIF(Posts!$R$6:$R$805,"<"&((Settings!$C$5-WEEKDAY(Settings!$C$5,3))+19)*10000000)+2)/10000000)=((Settings!$C$5-WEEKDAY(Settings!$C$5,3))+19),MOD(SMALL(Posts!$R$6:$R$805,COUNTIF(Posts!$R$6:$R$805,"<"&((Settings!$C$5-WEEKDAY(Settings!$C$5,3))+19)*10000000)+2),1000),""),"") | AF8: =IFERROR(IF(INT(SMALL(Posts!$R$6:$R$805,COUNTIF(Posts!$R$6:$R$805,"<"&((Settings!$C$5-WEEKDAY(Settings!$C$5,3))+19)*10000000)+3)/10000000)=((Settings!$C$5-WEEKDAY(Settings!$C$5,3))+19),MOD(SMALL(Posts!$R$6:$R$805,COUNTIF(Posts!$R$6:$R$805,"<"&((Settings!$C$5-WEEKDAY(Settings!$C$5,3))+19)*10000000)+3),1000),""),"") | AG8: =COUNTIFS(Posts!$R$6:$R$805,">="&((Settings!$C$5-WEEKDAY(Settings!$C$5,3))+19)*10000000,Posts!$R$6:$R$805,"<"&(((Settings!$C$5-WEEKDAY(Settings!$C$5,3))+19)+1)*10000000) | AH8: =IFERROR(IF(INT(SMALL(Posts!$R$6:$R$805,COUNTIF(Posts!$R$6:$R$805,"<"&((Settings!$C$5-WEEKDAY(Settings!$C$5,3))+20)*10000000)+1)/10000000)=((Settings!$C$5-WEEKDAY(Settings!$C$5,3))+20),MOD(SMALL(Posts!$R$6:$R$805,COUNTIF(Posts!$R$6:$R$805,"<"&((Settings!$C$5-WEEKDAY(Settings!$C$5,3))+20)*10000000)+1),1000),""),"") | AI8: =IFERROR(IF(INT(SMALL(Posts!$R$6:$R$805,COUNTIF(Posts!$R$6:$R$805,"<"&((Settings!$C$5-WEEKDAY(Settings!$C$5,3))+20)*10000000)+2)/10000000)=((Settings!$C$5-WEEKDAY(Settings!$C$5,3))+20),MOD(SMALL(Posts!$R$6:$R$805,COUNTIF(Posts!$R$6:$R$805,"<"&((Settings!$C$5-WEEKDAY(Settings!$C$5,3))+20)*10000000)+2),1000),""),"") | AJ8: =IFERROR(IF(INT(SMALL(Posts!$R$6:$R$805,COUNTIF(Posts!$R$6:$R$805,"<"&((Settings!$C$5-WEEKDAY(Settings!$C$5,3))+20)*10000000)+3)/10000000)=((Settings!$C$5-WEEKDAY(Settings!$C$5,3))+20),MOD(SMALL(Posts!$R$6:$R$805,COUNTIF(Posts!$R$6:$R$805,"<"&((Settings!$C$5-WEEKDAY(Settings!$C$5,3))+20)*10000000)+3),1000),""),"") | AK8: =COUNTIFS(Posts!$R$6:$R$805,">="&((Settings!$C$5-WEEKDAY(Settings!$C$5,3))+20)*10000000,Posts!$R$6:$R$805,"<"&(((Settings!$C$5-WEEKDAY(Settings!$C$5,3))+20)+1)*10000000)
B9: =IF(MONTH(((Settings!$C$5-WEEKDAY(Settings!$C$5,3))+21))<>MONTH(Settings!$C$5),"",DAY(((Settings!$C$5-WEEKDAY(Settings!$C$5,3))+21))&IF(J9="","",CHAR(10)&IF(IFERROR(INDEX(Settings!$C$10:$C$17,MATCH(INDEX(Posts!$D$1:$D$805,J9),Settings!$B$10:$B$17,0)),"")="",INDEX(Posts!$D$1:$D$805,J9),IFERROR(INDEX(Settings!$C$10:$C$17,MATCH(INDEX(Posts!$D$1:$D$805,J9),Settings!$B$10:$B$17,0)),""))&": "&IF(INDEX(Posts!$G$1:$G$805,J9)="",INDEX(Posts!$E$1:$E$805,J9),INDEX(Posts!$G$1:$G$805,J9)))&IF(K9="","",CHAR(10)&IF(IFERROR(INDEX(Settings!$C$10:$C$17,MATCH(INDEX(Posts!$D$1:$D$805,K9),Settings!$B$10:$B$17,0)),"")="",INDEX(Posts!$D$1:$D$805,K9),IFERROR(INDEX(Settings!$C$10:$C$17,MATCH(INDEX(Posts!$D$1:$D$805,K9),Settings!$B$10:$B$17,0)),""))&": "&IF(INDEX(Posts!$G$1:$G$805,K9)="",INDEX(Posts!$E$1:$E$805,K9),INDEX(Posts!$G$1:$G$805,K9)))&IF(L9="","",CHAR(10)&IF(IFERROR(INDEX(Settings!$C$10:$C$17,MATCH(INDEX(Posts!$D$1:$D$805,L9),Settings!$B$10:$B$17,0)),"")="",INDEX(Posts!$D$1:$D$805,L9),IFERROR(INDEX(Settings!$C$10:$C$17,MATCH(INDEX(Posts!$D$1:$D$805,L9),Settings!$B$10:$B$17,0)),""))&": "&IF(INDEX(Posts!$G$1:$G$805,L9)="",INDEX(Posts!$E$1:$E$805,L9),INDEX(Posts!$G$1:$G$805,L9)))&IF(M9>3,CHAR(10)&"and "&(M9-3)&" more","")) | C9: =IF(MONTH(((Settings!$C$5-WEEKDAY(Settings!$C$5,3))+22))<>MONTH(Settings!$C$5),"",DAY(((Settings!$C$5-WEEKDAY(Settings!$C$5,3))+22))&IF(N9="","",CHAR(10)&IF(IFERROR(INDEX(Settings!$C$10:$C$17,MATCH(INDEX(Posts!$D$1:$D$805,N9),Settings!$B$10:$B$17,0)),"")="",INDEX(Posts!$D$1:$D$805,N9),IFERROR(INDEX(Settings!$C$10:$C$17,MATCH(INDEX(Posts!$D$1:$D$805,N9),Settings!$B$10:$B$17,0)),""))&": "&IF(INDEX(Posts!$G$1:$G$805,N9)="",INDEX(Posts!$E$1:$E$805,N9),INDEX(Posts!$G$1:$G$805,N9)))&IF(O9="","",CHAR(10)&IF(IFERROR(INDEX(Settings!$C$10:$C$17,MATCH(INDEX(Posts!$D$1:$D$805,O9),Settings!$B$10:$B$17,0)),"")="",INDEX(Posts!$D$1:$D$805,O9),IFERROR(INDEX(Settings!$C$10:$C$17,MATCH(INDEX(Posts!$D$1:$D$805,O9),Settings!$B$10:$B$17,0)),""))&": "&IF(INDEX(Posts!$G$1:$G$805,O9)="",INDEX(Posts!$E$1:$E$805,O9),INDEX(Posts!$G$1:$G$805,O9)))&IF(P9="","",CHAR(10)&IF(IFERROR(INDEX(Settings!$C$10:$C$17,MATCH(INDEX(Posts!$D$1:$D$805,P9),Settings!$B$10:$B$17,0)),"")="",INDEX(Posts!$D$1:$D$805,P9),IFERROR(INDEX(Settings!$C$10:$C$17,MATCH(INDEX(Posts!$D$1:$D$805,P9),Settings!$B$10:$B$17,0)),""))&": "&IF(INDEX(Posts!$G$1:$G$805,P9)="",INDEX(Posts!$E$1:$E$805,P9),INDEX(Posts!$G$1:$G$805,P9)))&IF(Q9>3,CHAR(10)&"and "&(Q9-3)&" more","")) | D9: =IF(MONTH(((Settings!$C$5-WEEKDAY(Settings!$C$5,3))+23))<>MONTH(Settings!$C$5),"",DAY(((Settings!$C$5-WEEKDAY(Settings!$C$5,3))+23))&IF(R9="","",CHAR(10)&IF(IFERROR(INDEX(Settings!$C$10:$C$17,MATCH(INDEX(Posts!$D$1:$D$805,R9),Settings!$B$10:$B$17,0)),"")="",INDEX(Posts!$D$1:$D$805,R9),IFERROR(INDEX(Settings!$C$10:$C$17,MATCH(INDEX(Posts!$D$1:$D$805,R9),Settings!$B$10:$B$17,0)),""))&": "&IF(INDEX(Posts!$G$1:$G$805,R9)="",INDEX(Posts!$E$1:$E$805,R9),INDEX(Posts!$G$1:$G$805,R9)))&IF(S9="","",CHAR(10)&IF(IFERROR(INDEX(Settings!$C$10:$C$17,MATCH(INDEX(Posts!$D$1:$D$805,S9),Settings!$B$10:$B$17,0)),"")="",INDEX(Posts!$D$1:$D$805,S9),IFERROR(INDEX(Settings!$C$10:$C$17,MATCH(INDEX(Posts!$D$1:$D$805,S9),Settings!$B$10:$B$17,0)),""))&": "&IF(INDEX(Posts!$G$1:$G$805,S9)="",INDEX(Posts!$E$1:$E$805,S9),INDEX(Posts!$G$1:$G$805,S9)))&IF(T9="","",CHAR(10)&IF(IFERROR(INDEX(Settings!$C$10:$C$17,MATCH(INDEX(Posts!$D$1:$D$805,T9),Settings!$B$10:$B$17,0)),"")="",INDEX(Posts!$D$1:$D$805,T9),IFERROR(INDEX(Settings!$C$10:$C$17,MATCH(INDEX(Posts!$D$1:$D$805,T9),Settings!$B$10:$B$17,0)),""))&": "&IF(INDEX(Posts!$G$1:$G$805,T9)="",INDEX(Posts!$E$1:$E$805,T9),INDEX(Posts!$G$1:$G$805,T9)))&IF(U9>3,CHAR(10)&"and "&(U9-3)&" more","")) | E9: =IF(MONTH(((Settings!$C$5-WEEKDAY(Settings!$C$5,3))+24))<>MONTH(Settings!$C$5),"",DAY(((Settings!$C$5-WEEKDAY(Settings!$C$5,3))+24))&IF(V9="","",CHAR(10)&IF(IFERROR(INDEX(Settings!$C$10:$C$17,MATCH(INDEX(Posts!$D$1:$D$805,V9),Settings!$B$10:$B$17,0)),"")="",INDEX(Posts!$D$1:$D$805,V9),IFERROR(INDEX(Settings!$C$10:$C$17,MATCH(INDEX(Posts!$D$1:$D$805,V9),Settings!$B$10:$B$17,0)),""))&": "&IF(INDEX(Posts!$G$1:$G$805,V9)="",INDEX(Posts!$E$1:$E$805,V9),INDEX(Posts!$G$1:$G$805,V9)))&IF(W9="","",CHAR(10)&IF(IFERROR(INDEX(Settings!$C$10:$C$17,MATCH(INDEX(Posts!$D$1:$D$805,W9),Settings!$B$10:$B$17,0)),"")="",INDEX(Posts!$D$1:$D$805,W9),IFERROR(INDEX(Settings!$C$10:$C$17,MATCH(INDEX(Posts!$D$1:$D$805,W9),Settings!$B$10:$B$17,0)),""))&": "&IF(INDEX(Posts!$G$1:$G$805,W9)="",INDEX(Posts!$E$1:$E$805,W9),INDEX(Posts!$G$1:$G$805,W9)))&IF(X9="","",CHAR(10)&IF(IFERROR(INDEX(Settings!$C$10:$C$17,MATCH(INDEX(Posts!$D$1:$D$805,X9),Settings!$B$10:$B$17,0)),"")="",INDEX(Posts!$D$1:$D$805,X9),IFERROR(INDEX(Settings!$C$10:$C$17,MATCH(INDEX(Posts!$D$1:$D$805,X9),Settings!$B$10:$B$17,0)),""))&": "&IF(INDEX(Posts!$G$1:$G$805,X9)="",INDEX(Posts!$E$1:$E$805,X9),INDEX(Posts!$G$1:$G$805,X9)))&IF(Y9>3,CHAR(10)&"and "&(Y9-3)&" more","")) | F9: =IF(MONTH(((Settings!$C$5-WEEKDAY(Settings!$C$5,3))+25))<>MONTH(Settings!$C$5),"",DAY(((Settings!$C$5-WEEKDAY(Settings!$C$5,3))+25))&IF(Z9="","",CHAR(10)&IF(IFERROR(INDEX(Settings!$C$10:$C$17,MATCH(INDEX(Posts!$D$1:$D$805,Z9),Settings!$B$10:$B$17,0)),"")="",INDEX(Posts!$D$1:$D$805,Z9),IFERROR(INDEX(Settings!$C$10:$C$17,MATCH(INDEX(Posts!$D$1:$D$805,Z9),Settings!$B$10:$B$17,0)),""))&": "&IF(INDEX(Posts!$G$1:$G$805,Z9)="",INDEX(Posts!$E$1:$E$805,Z9),INDEX(Posts!$G$1:$G$805,Z9)))&IF(AA9="","",CHAR(10)&IF(IFERROR(INDEX(Settings!$C$10:$C$17,MATCH(INDEX(Posts!$D$1:$D$805,AA9),Settings!$B$10:$B$17,0)),"")="",INDEX(Posts!$D$1:$D$805,AA9),IFERROR(INDEX(Settings!$C$10:$C$17,MATCH(INDEX(Posts!$D$1:$D$805,AA9),Settings!$B$10:$B$17,0)),""))&": "&IF(INDEX(Posts!$G$1:$G$805,AA9)="",INDEX(Posts!$E$1:$E$805,AA9),INDEX(Posts!$G$1:$G$805,AA9)))&IF(AB9="","",CHAR(10)&IF(IFERROR(INDEX(Settings!$C$10:$C$17,MATCH(INDEX(Posts!$D$1:$D$805,AB9),Settings!$B$10:$B$17,0)),"")="",INDEX(Posts!$D$1:$D$805,AB9),IFERROR(INDEX(Settings!$C$10:$C$17,MATCH(INDEX(Posts!$D$1:$D$805,AB9),Settings!$B$10:$B$17,0)),""))&": "&IF(INDEX(Posts!$G$1:$G$805,AB9)="",INDEX(Posts!$E$1:$E$805,AB9),INDEX(Posts!$G$1:$G$805,AB9)))&IF(AC9>3,CHAR(10)&"and "&(AC9-3)&" more","")) | G9: =IF(MONTH(((Settings!$C$5-WEEKDAY(Settings!$C$5,3))+26))<>MONTH(Settings!$C$5),"",DAY(((Settings!$C$5-WEEKDAY(Settings!$C$5,3))+26))&IF(AD9="","",CHAR(10)&IF(IFERROR(INDEX(Settings!$C$10:$C$17,MATCH(INDEX(Posts!$D$1:$D$805,AD9),Settings!$B$10:$B$17,0)),"")="",INDEX(Posts!$D$1:$D$805,AD9),IFERROR(INDEX(Settings!$C$10:$C$17,MATCH(INDEX(Posts!$D$1:$D$805,AD9),Settings!$B$10:$B$17,0)),""))&": "&IF(INDEX(Posts!$G$1:$G$805,AD9)="",INDEX(Posts!$E$1:$E$805,AD9),INDEX(Posts!$G$1:$G$805,AD9)))&IF(AE9="","",CHAR(10)&IF(IFERROR(INDEX(Settings!$C$10:$C$17,MATCH(INDEX(Posts!$D$1:$D$805,AE9),Settings!$B$10:$B$17,0)),"")="",INDEX(Posts!$D$1:$D$805,AE9),IFERROR(INDEX(Settings!$C$10:$C$17,MATCH(INDEX(Posts!$D$1:$D$805,AE9),Settings!$B$10:$B$17,0)),""))&": "&IF(INDEX(Posts!$G$1:$G$805,AE9)="",INDEX(Posts!$E$1:$E$805,AE9),INDEX(Posts!$G$1:$G$805,AE9)))&IF(AF9="","",CHAR(10)&IF(IFERROR(INDEX(Settings!$C$10:$C$17,MATCH(INDEX(Posts!$D$1:$D$805,AF9),Settings!$B$10:$B$17,0)),"")="",INDEX(Posts!$D$1:$D$805,AF9),IFERROR(INDEX(Settings!$C$10:$C$17,MATCH(INDEX(Posts!$D$1:$D$805,AF9),Settings!$B$10:$B$17,0)),""))&": "&IF(INDEX(Posts!$G$1:$G$805,AF9)="",INDEX(Posts!$E$1:$E$805,AF9),INDEX(Posts!$G$1:$G$805,AF9)))&IF(AG9>3,CHAR(10)&"and "&(AG9-3)&" more","")) | H9: =IF(MONTH(((Settings!$C$5-WEEKDAY(Settings!$C$5,3))+27))<>MONTH(Settings!$C$5),"",DAY(((Settings!$C$5-WEEKDAY(Settings!$C$5,3))+27))&IF(AH9="","",CHAR(10)&IF(IFERROR(INDEX(Settings!$C$10:$C$17,MATCH(INDEX(Posts!$D$1:$D$805,AH9),Settings!$B$10:$B$17,0)),"")="",INDEX(Posts!$D$1:$D$805,AH9),IFERROR(INDEX(Settings!$C$10:$C$17,MATCH(INDEX(Posts!$D$1:$D$805,AH9),Settings!$B$10:$B$17,0)),""))&": "&IF(INDEX(Posts!$G$1:$G$805,AH9)="",INDEX(Posts!$E$1:$E$805,AH9),INDEX(Posts!$G$1:$G$805,AH9)))&IF(AI9="","",CHAR(10)&IF(IFERROR(INDEX(Settings!$C$10:$C$17,MATCH(INDEX(Posts!$D$1:$D$805,AI9),Settings!$B$10:$B$17,0)),"")="",INDEX(Posts!$D$1:$D$805,AI9),IFERROR(INDEX(Settings!$C$10:$C$17,MATCH(INDEX(Posts!$D$1:$D$805,AI9),Settings!$B$10:$B$17,0)),""))&": "&IF(INDEX(Posts!$G$1:$G$805,AI9)="",INDEX(Posts!$E$1:$E$805,AI9),INDEX(Posts!$G$1:$G$805,AI9)))&IF(AJ9="","",CHAR(10)&IF(IFERROR(INDEX(Settings!$C$10:$C$17,MATCH(INDEX(Posts!$D$1:$D$805,AJ9),Settings!$B$10:$B$17,0)),"")="",INDEX(Posts!$D$1:$D$805,AJ9),IFERROR(INDEX(Settings!$C$10:$C$17,MATCH(INDEX(Posts!$D$1:$D$805,AJ9),Settings!$B$10:$B$17,0)),""))&": "&IF(INDEX(Posts!$G$1:$G$805,AJ9)="",INDEX(Posts!$E$1:$E$805,AJ9),INDEX(Posts!$G$1:$G$805,AJ9)))&IF(AK9>3,CHAR(10)&"and "&(AK9-3)&" more","")) | J9: =IFERROR(IF(INT(SMALL(Posts!$R$6:$R$805,COUNTIF(Posts!$R$6:$R$805,"<"&((Settings!$C$5-WEEKDAY(Settings!$C$5,3))+21)*10000000)+1)/10000000)=((Settings!$C$5-WEEKDAY(Settings!$C$5,3))+21),MOD(SMALL(Posts!$R$6:$R$805,COUNTIF(Posts!$R$6:$R$805,"<"&((Settings!$C$5-WEEKDAY(Settings!$C$5,3))+21)*10000000)+1),1000),""),"") | K9: =IFERROR(IF(INT(SMALL(Posts!$R$6:$R$805,COUNTIF(Posts!$R$6:$R$805,"<"&((Settings!$C$5-WEEKDAY(Settings!$C$5,3))+21)*10000000)+2)/10000000)=((Settings!$C$5-WEEKDAY(Settings!$C$5,3))+21),MOD(SMALL(Posts!$R$6:$R$805,COUNTIF(Posts!$R$6:$R$805,"<"&((Settings!$C$5-WEEKDAY(Settings!$C$5,3))+21)*10000000)+2),1000),""),"") | L9: =IFERROR(IF(INT(SMALL(Posts!$R$6:$R$805,COUNTIF(Posts!$R$6:$R$805,"<"&((Settings!$C$5-WEEKDAY(Settings!$C$5,3))+21)*10000000)+3)/10000000)=((Settings!$C$5-WEEKDAY(Settings!$C$5,3))+21),MOD(SMALL(Posts!$R$6:$R$805,COUNTIF(Posts!$R$6:$R$805,"<"&((Settings!$C$5-WEEKDAY(Settings!$C$5,3))+21)*10000000)+3),1000),""),"") | M9: =COUNTIFS(Posts!$R$6:$R$805,">="&((Settings!$C$5-WEEKDAY(Settings!$C$5,3))+21)*10000000,Posts!$R$6:$R$805,"<"&(((Settings!$C$5-WEEKDAY(Settings!$C$5,3))+21)+1)*10000000) | N9: =IFERROR(IF(INT(SMALL(Posts!$R$6:$R$805,COUNTIF(Posts!$R$6:$R$805,"<"&((Settings!$C$5-WEEKDAY(Settings!$C$5,3))+22)*10000000)+1)/10000000)=((Settings!$C$5-WEEKDAY(Settings!$C$5,3))+22),MOD(SMALL(Posts!$R$6:$R$805,COUNTIF(Posts!$R$6:$R$805,"<"&((Settings!$C$5-WEEKDAY(Settings!$C$5,3))+22)*10000000)+1),1000),""),"") | O9: =IFERROR(IF(INT(SMALL(Posts!$R$6:$R$805,COUNTIF(Posts!$R$6:$R$805,"<"&((Settings!$C$5-WEEKDAY(Settings!$C$5,3))+22)*10000000)+2)/10000000)=((Settings!$C$5-WEEKDAY(Settings!$C$5,3))+22),MOD(SMALL(Posts!$R$6:$R$805,COUNTIF(Posts!$R$6:$R$805,"<"&((Settings!$C$5-WEEKDAY(Settings!$C$5,3))+22)*10000000)+2),1000),""),"") | P9: =IFERROR(IF(INT(SMALL(Posts!$R$6:$R$805,COUNTIF(Posts!$R$6:$R$805,"<"&((Settings!$C$5-WEEKDAY(Settings!$C$5,3))+22)*10000000)+3)/10000000)=((Settings!$C$5-WEEKDAY(Settings!$C$5,3))+22),MOD(SMALL(Posts!$R$6:$R$805,COUNTIF(Posts!$R$6:$R$805,"<"&((Settings!$C$5-WEEKDAY(Settings!$C$5,3))+22)*10000000)+3),1000),""),"") | Q9: =COUNTIFS(Posts!$R$6:$R$805,">="&((Settings!$C$5-WEEKDAY(Settings!$C$5,3))+22)*10000000,Posts!$R$6:$R$805,"<"&(((Settings!$C$5-WEEKDAY(Settings!$C$5,3))+22)+1)*10000000) | R9: =IFERROR(IF(INT(SMALL(Posts!$R$6:$R$805,COUNTIF(Posts!$R$6:$R$805,"<"&((Settings!$C$5-WEEKDAY(Settings!$C$5,3))+23)*10000000)+1)/10000000)=((Settings!$C$5-WEEKDAY(Settings!$C$5,3))+23),MOD(SMALL(Posts!$R$6:$R$805,COUNTIF(Posts!$R$6:$R$805,"<"&((Settings!$C$5-WEEKDAY(Settings!$C$5,3))+23)*10000000)+1),1000),""),"") | S9: =IFERROR(IF(INT(SMALL(Posts!$R$6:$R$805,COUNTIF(Posts!$R$6:$R$805,"<"&((Settings!$C$5-WEEKDAY(Settings!$C$5,3))+23)*10000000)+2)/10000000)=((Settings!$C$5-WEEKDAY(Settings!$C$5,3))+23),MOD(SMALL(Posts!$R$6:$R$805,COUNTIF(Posts!$R$6:$R$805,"<"&((Settings!$C$5-WEEKDAY(Settings!$C$5,3))+23)*10000000)+2),1000),""),"") | T9: =IFERROR(IF(INT(SMALL(Posts!$R$6:$R$805,COUNTIF(Posts!$R$6:$R$805,"<"&((Settings!$C$5-WEEKDAY(Settings!$C$5,3))+23)*10000000)+3)/10000000)=((Settings!$C$5-WEEKDAY(Settings!$C$5,3))+23),MOD(SMALL(Posts!$R$6:$R$805,COUNTIF(Posts!$R$6:$R$805,"<"&((Settings!$C$5-WEEKDAY(Settings!$C$5,3))+23)*10000000)+3),1000),""),"") | U9: =COUNTIFS(Posts!$R$6:$R$805,">="&((Settings!$C$5-WEEKDAY(Settings!$C$5,3))+23)*10000000,Posts!$R$6:$R$805,"<"&(((Settings!$C$5-WEEKDAY(Settings!$C$5,3))+23)+1)*10000000) | V9: =IFERROR(IF(INT(SMALL(Posts!$R$6:$R$805,COUNTIF(Posts!$R$6:$R$805,"<"&((Settings!$C$5-WEEKDAY(Settings!$C$5,3))+24)*10000000)+1)/10000000)=((Settings!$C$5-WEEKDAY(Settings!$C$5,3))+24),MOD(SMALL(Posts!$R$6:$R$805,COUNTIF(Posts!$R$6:$R$805,"<"&((Settings!$C$5-WEEKDAY(Settings!$C$5,3))+24)*10000000)+1),1000),""),"") | W9: =IFERROR(IF(INT(SMALL(Posts!$R$6:$R$805,COUNTIF(Posts!$R$6:$R$805,"<"&((Settings!$C$5-WEEKDAY(Settings!$C$5,3))+24)*10000000)+2)/10000000)=((Settings!$C$5-WEEKDAY(Settings!$C$5,3))+24),MOD(SMALL(Posts!$R$6:$R$805,COUNTIF(Posts!$R$6:$R$805,"<"&((Settings!$C$5-WEEKDAY(Settings!$C$5,3))+24)*10000000)+2),1000),""),"") | X9: =IFERROR(IF(INT(SMALL(Posts!$R$6:$R$805,COUNTIF(Posts!$R$6:$R$805,"<"&((Settings!$C$5-WEEKDAY(Settings!$C$5,3))+24)*10000000)+3)/10000000)=((Settings!$C$5-WEEKDAY(Settings!$C$5,3))+24),MOD(SMALL(Posts!$R$6:$R$805,COUNTIF(Posts!$R$6:$R$805,"<"&((Settings!$C$5-WEEKDAY(Settings!$C$5,3))+24)*10000000)+3),1000),""),"") | Y9: =COUNTIFS(Posts!$R$6:$R$805,">="&((Settings!$C$5-WEEKDAY(Settings!$C$5,3))+24)*10000000,Posts!$R$6:$R$805,"<"&(((Settings!$C$5-WEEKDAY(Settings!$C$5,3))+24)+1)*10000000) | Z9: =IFERROR(IF(INT(SMALL(Posts!$R$6:$R$805,COUNTIF(Posts!$R$6:$R$805,"<"&((Settings!$C$5-WEEKDAY(Settings!$C$5,3))+25)*10000000)+1)/10000000)=((Settings!$C$5-WEEKDAY(Settings!$C$5,3))+25),MOD(SMALL(Posts!$R$6:$R$805,COUNTIF(Posts!$R$6:$R$805,"<"&((Settings!$C$5-WEEKDAY(Settings!$C$5,3))+25)*10000000)+1),1000),""),"") | AA9: =IFERROR(IF(INT(SMALL(Posts!$R$6:$R$805,COUNTIF(Posts!$R$6:$R$805,"<"&((Settings!$C$5-WEEKDAY(Settings!$C$5,3))+25)*10000000)+2)/10000000)=((Settings!$C$5-WEEKDAY(Settings!$C$5,3))+25),MOD(SMALL(Posts!$R$6:$R$805,COUNTIF(Posts!$R$6:$R$805,"<"&((Settings!$C$5-WEEKDAY(Settings!$C$5,3))+25)*10000000)+2),1000),""),"") | AB9: =IFERROR(IF(INT(SMALL(Posts!$R$6:$R$805,COUNTIF(Posts!$R$6:$R$805,"<"&((Settings!$C$5-WEEKDAY(Settings!$C$5,3))+25)*10000000)+3)/10000000)=((Settings!$C$5-WEEKDAY(Settings!$C$5,3))+25),MOD(SMALL(Posts!$R$6:$R$805,COUNTIF(Posts!$R$6:$R$805,"<"&((Settings!$C$5-WEEKDAY(Settings!$C$5,3))+25)*10000000)+3),1000),""),"") | AC9: =COUNTIFS(Posts!$R$6:$R$805,">="&((Settings!$C$5-WEEKDAY(Settings!$C$5,3))+25)*10000000,Posts!$R$6:$R$805,"<"&(((Settings!$C$5-WEEKDAY(Settings!$C$5,3))+25)+1)*10000000) | AD9: =IFERROR(IF(INT(SMALL(Posts!$R$6:$R$805,COUNTIF(Posts!$R$6:$R$805,"<"&((Settings!$C$5-WEEKDAY(Settings!$C$5,3))+26)*10000000)+1)/10000000)=((Settings!$C$5-WEEKDAY(Settings!$C$5,3))+26),MOD(SMALL(Posts!$R$6:$R$805,COUNTIF(Posts!$R$6:$R$805,"<"&((Settings!$C$5-WEEKDAY(Settings!$C$5,3))+26)*10000000)+1),1000),""),"") | AE9: =IFERROR(IF(INT(SMALL(Posts!$R$6:$R$805,COUNTIF(Posts!$R$6:$R$805,"<"&((Settings!$C$5-WEEKDAY(Settings!$C$5,3))+26)*10000000)+2)/10000000)=((Settings!$C$5-WEEKDAY(Settings!$C$5,3))+26),MOD(SMALL(Posts!$R$6:$R$805,COUNTIF(Posts!$R$6:$R$805,"<"&((Settings!$C$5-WEEKDAY(Settings!$C$5,3))+26)*10000000)+2),1000),""),"") | AF9: =IFERROR(IF(INT(SMALL(Posts!$R$6:$R$805,COUNTIF(Posts!$R$6:$R$805,"<"&((Settings!$C$5-WEEKDAY(Settings!$C$5,3))+26)*10000000)+3)/10000000)=((Settings!$C$5-WEEKDAY(Settings!$C$5,3))+26),MOD(SMALL(Posts!$R$6:$R$805,COUNTIF(Posts!$R$6:$R$805,"<"&((Settings!$C$5-WEEKDAY(Settings!$C$5,3))+26)*10000000)+3),1000),""),"") | AG9: =COUNTIFS(Posts!$R$6:$R$805,">="&((Settings!$C$5-WEEKDAY(Settings!$C$5,3))+26)*10000000,Posts!$R$6:$R$805,"<"&(((Settings!$C$5-WEEKDAY(Settings!$C$5,3))+26)+1)*10000000) | AH9: =IFERROR(IF(INT(SMALL(Posts!$R$6:$R$805,COUNTIF(Posts!$R$6:$R$805,"<"&((Settings!$C$5-WEEKDAY(Settings!$C$5,3))+27)*10000000)+1)/10000000)=((Settings!$C$5-WEEKDAY(Settings!$C$5,3))+27),MOD(SMALL(Posts!$R$6:$R$805,COUNTIF(Posts!$R$6:$R$805,"<"&((Settings!$C$5-WEEKDAY(Settings!$C$5,3))+27)*10000000)+1),1000),""),"") | AI9: =IFERROR(IF(INT(SMALL(Posts!$R$6:$R$805,COUNTIF(Posts!$R$6:$R$805,"<"&((Settings!$C$5-WEEKDAY(Settings!$C$5,3))+27)*10000000)+2)/10000000)=((Settings!$C$5-WEEKDAY(Settings!$C$5,3))+27),MOD(SMALL(Posts!$R$6:$R$805,COUNTIF(Posts!$R$6:$R$805,"<"&((Settings!$C$5-WEEKDAY(Settings!$C$5,3))+27)*10000000)+2),1000),""),"") | AJ9: =IFERROR(IF(INT(SMALL(Posts!$R$6:$R$805,COUNTIF(Posts!$R$6:$R$805,"<"&((Settings!$C$5-WEEKDAY(Settings!$C$5,3))+27)*10000000)+3)/10000000)=((Settings!$C$5-WEEKDAY(Settings!$C$5,3))+27),MOD(SMALL(Posts!$R$6:$R$805,COUNTIF(Posts!$R$6:$R$805,"<"&((Settings!$C$5-WEEKDAY(Settings!$C$5,3))+27)*10000000)+3),1000),""),"") | AK9: =COUNTIFS(Posts!$R$6:$R$805,">="&((Settings!$C$5-WEEKDAY(Settings!$C$5,3))+27)*10000000,Posts!$R$6:$R$805,"<"&(((Settings!$C$5-WEEKDAY(Settings!$C$5,3))+27)+1)*10000000)
B10: =IF(MONTH(((Settings!$C$5-WEEKDAY(Settings!$C$5,3))+28))<>MONTH(Settings!$C$5),"",DAY(((Settings!$C$5-WEEKDAY(Settings!$C$5,3))+28))&IF(J10="","",CHAR(10)&IF(IFERROR(INDEX(Settings!$C$10:$C$17,MATCH(INDEX(Posts!$D$1:$D$805,J10),Settings!$B$10:$B$17,0)),"")="",INDEX(Posts!$D$1:$D$805,J10),IFERROR(INDEX(Settings!$C$10:$C$17,MATCH(INDEX(Posts!$D$1:$D$805,J10),Settings!$B$10:$B$17,0)),""))&": "&IF(INDEX(Posts!$G$1:$G$805,J10)="",INDEX(Posts!$E$1:$E$805,J10),INDEX(Posts!$G$1:$G$805,J10)))&IF(K10="","",CHAR(10)&IF(IFERROR(INDEX(Settings!$C$10:$C$17,MATCH(INDEX(Posts!$D$1:$D$805,K10),Settings!$B$10:$B$17,0)),"")="",INDEX(Posts!$D$1:$D$805,K10),IFERROR(INDEX(Settings!$C$10:$C$17,MATCH(INDEX(Posts!$D$1:$D$805,K10),Settings!$B$10:$B$17,0)),""))&": "&IF(INDEX(Posts!$G$1:$G$805,K10)="",INDEX(Posts!$E$1:$E$805,K10),INDEX(Posts!$G$1:$G$805,K10)))&IF(L10="","",CHAR(10)&IF(IFERROR(INDEX(Settings!$C$10:$C$17,MATCH(INDEX(Posts!$D$1:$D$805,L10),Settings!$B$10:$B$17,0)),"")="",INDEX(Posts!$D$1:$D$805,L10),IFERROR(INDEX(Settings!$C$10:$C$17,MATCH(INDEX(Posts!$D$1:$D$805,L10),Settings!$B$10:$B$17,0)),""))&": "&IF(INDEX(Posts!$G$1:$G$805,L10)="",INDEX(Posts!$E$1:$E$805,L10),INDEX(Posts!$G$1:$G$805,L10)))&IF(M10>3,CHAR(10)&"and "&(M10-3)&" more","")) | C10: =IF(MONTH(((Settings!$C$5-WEEKDAY(Settings!$C$5,3))+29))<>MONTH(Settings!$C$5),"",DAY(((Settings!$C$5-WEEKDAY(Settings!$C$5,3))+29))&IF(N10="","",CHAR(10)&IF(IFERROR(INDEX(Settings!$C$10:$C$17,MATCH(INDEX(Posts!$D$1:$D$805,N10),Settings!$B$10:$B$17,0)),"")="",INDEX(Posts!$D$1:$D$805,N10),IFERROR(INDEX(Settings!$C$10:$C$17,MATCH(INDEX(Posts!$D$1:$D$805,N10),Settings!$B$10:$B$17,0)),""))&": "&IF(INDEX(Posts!$G$1:$G$805,N10)="",INDEX(Posts!$E$1:$E$805,N10),INDEX(Posts!$G$1:$G$805,N10)))&IF(O10="","",CHAR(10)&IF(IFERROR(INDEX(Settings!$C$10:$C$17,MATCH(INDEX(Posts!$D$1:$D$805,O10),Settings!$B$10:$B$17,0)),"")="",INDEX(Posts!$D$1:$D$805,O10),IFERROR(INDEX(Settings!$C$10:$C$17,MATCH(INDEX(Posts!$D$1:$D$805,O10),Settings!$B$10:$B$17,0)),""))&": "&IF(INDEX(Posts!$G$1:$G$805,O10)="",INDEX(Posts!$E$1:$E$805,O10),INDEX(Posts!$G$1:$G$805,O10)))&IF(P10="","",CHAR(10)&IF(IFERROR(INDEX(Settings!$C$10:$C$17,MATCH(INDEX(Posts!$D$1:$D$805,P10),Settings!$B$10:$B$17,0)),"")="",INDEX(Posts!$D$1:$D$805,P10),IFERROR(INDEX(Settings!$C$10:$C$17,MATCH(INDEX(Posts!$D$1:$D$805,P10),Settings!$B$10:$B$17,0)),""))&": "&IF(INDEX(Posts!$G$1:$G$805,P10)="",INDEX(Posts!$E$1:$E$805,P10),INDEX(Posts!$G$1:$G$805,P10)))&IF(Q10>3,CHAR(10)&"and "&(Q10-3)&" more","")) | D10: =IF(MONTH(((Settings!$C$5-WEEKDAY(Settings!$C$5,3))+30))<>MONTH(Settings!$C$5),"",DAY(((Settings!$C$5-WEEKDAY(Settings!$C$5,3))+30))&IF(R10="","",CHAR(10)&IF(IFERROR(INDEX(Settings!$C$10:$C$17,MATCH(INDEX(Posts!$D$1:$D$805,R10),Settings!$B$10:$B$17,0)),"")="",INDEX(Posts!$D$1:$D$805,R10),IFERROR(INDEX(Settings!$C$10:$C$17,MATCH(INDEX(Posts!$D$1:$D$805,R10),Settings!$B$10:$B$17,0)),""))&": "&IF(INDEX(Posts!$G$1:$G$805,R10)="",INDEX(Posts!$E$1:$E$805,R10),INDEX(Posts!$G$1:$G$805,R10)))&IF(S10="","",CHAR(10)&IF(IFERROR(INDEX(Settings!$C$10:$C$17,MATCH(INDEX(Posts!$D$1:$D$805,S10),Settings!$B$10:$B$17,0)),"")="",INDEX(Posts!$D$1:$D$805,S10),IFERROR(INDEX(Settings!$C$10:$C$17,MATCH(INDEX(Posts!$D$1:$D$805,S10),Settings!$B$10:$B$17,0)),""))&": "&IF(INDEX(Posts!$G$1:$G$805,S10)="",INDEX(Posts!$E$1:$E$805,S10),INDEX(Posts!$G$1:$G$805,S10)))&IF(T10="","",CHAR(10)&IF(IFERROR(INDEX(Settings!$C$10:$C$17,MATCH(INDEX(Posts!$D$1:$D$805,T10),Settings!$B$10:$B$17,0)),"")="",INDEX(Posts!$D$1:$D$805,T10),IFERROR(INDEX(Settings!$C$10:$C$17,MATCH(INDEX(Posts!$D$1:$D$805,T10),Settings!$B$10:$B$17,0)),""))&": "&IF(INDEX(Posts!$G$1:$G$805,T10)="",INDEX(Posts!$E$1:$E$805,T10),INDEX(Posts!$G$1:$G$805,T10)))&IF(U10>3,CHAR(10)&"and "&(U10-3)&" more","")) | E10: =IF(MONTH(((Settings!$C$5-WEEKDAY(Settings!$C$5,3))+31))<>MONTH(Settings!$C$5),"",DAY(((Settings!$C$5-WEEKDAY(Settings!$C$5,3))+31))&IF(V10="","",CHAR(10)&IF(IFERROR(INDEX(Settings!$C$10:$C$17,MATCH(INDEX(Posts!$D$1:$D$805,V10),Settings!$B$10:$B$17,0)),"")="",INDEX(Posts!$D$1:$D$805,V10),IFERROR(INDEX(Settings!$C$10:$C$17,MATCH(INDEX(Posts!$D$1:$D$805,V10),Settings!$B$10:$B$17,0)),""))&": "&IF(INDEX(Posts!$G$1:$G$805,V10)="",INDEX(Posts!$E$1:$E$805,V10),INDEX(Posts!$G$1:$G$805,V10)))&IF(W10="","",CHAR(10)&IF(IFERROR(INDEX(Settings!$C$10:$C$17,MATCH(INDEX(Posts!$D$1:$D$805,W10),Settings!$B$10:$B$17,0)),"")="",INDEX(Posts!$D$1:$D$805,W10),IFERROR(INDEX(Settings!$C$10:$C$17,MATCH(INDEX(Posts!$D$1:$D$805,W10),Settings!$B$10:$B$17,0)),""))&": "&IF(INDEX(Posts!$G$1:$G$805,W10)="",INDEX(Posts!$E$1:$E$805,W10),INDEX(Posts!$G$1:$G$805,W10)))&IF(X10="","",CHAR(10)&IF(IFERROR(INDEX(Settings!$C$10:$C$17,MATCH(INDEX(Posts!$D$1:$D$805,X10),Settings!$B$10:$B$17,0)),"")="",INDEX(Posts!$D$1:$D$805,X10),IFERROR(INDEX(Settings!$C$10:$C$17,MATCH(INDEX(Posts!$D$1:$D$805,X10),Settings!$B$10:$B$17,0)),""))&": "&IF(INDEX(Posts!$G$1:$G$805,X10)="",INDEX(Posts!$E$1:$E$805,X10),INDEX(Posts!$G$1:$G$805,X10)))&IF(Y10>3,CHAR(10)&"and "&(Y10-3)&" more","")) | F10: =IF(MONTH(((Settings!$C$5-WEEKDAY(Settings!$C$5,3))+32))<>MONTH(Settings!$C$5),"",DAY(((Settings!$C$5-WEEKDAY(Settings!$C$5,3))+32))&IF(Z10="","",CHAR(10)&IF(IFERROR(INDEX(Settings!$C$10:$C$17,MATCH(INDEX(Posts!$D$1:$D$805,Z10),Settings!$B$10:$B$17,0)),"")="",INDEX(Posts!$D$1:$D$805,Z10),IFERROR(INDEX(Settings!$C$10:$C$17,MATCH(INDEX(Posts!$D$1:$D$805,Z10),Settings!$B$10:$B$17,0)),""))&": "&IF(INDEX(Posts!$G$1:$G$805,Z10)="",INDEX(Posts!$E$1:$E$805,Z10),INDEX(Posts!$G$1:$G$805,Z10)))&IF(AA10="","",CHAR(10)&IF(IFERROR(INDEX(Settings!$C$10:$C$17,MATCH(INDEX(Posts!$D$1:$D$805,AA10),Settings!$B$10:$B$17,0)),"")="",INDEX(Posts!$D$1:$D$805,AA10),IFERROR(INDEX(Settings!$C$10:$C$17,MATCH(INDEX(Posts!$D$1:$D$805,AA10),Settings!$B$10:$B$17,0)),""))&": "&IF(INDEX(Posts!$G$1:$G$805,AA10)="",INDEX(Posts!$E$1:$E$805,AA10),INDEX(Posts!$G$1:$G$805,AA10)))&IF(AB10="","",CHAR(10)&IF(IFERROR(INDEX(Settings!$C$10:$C$17,MATCH(INDEX(Posts!$D$1:$D$805,AB10),Settings!$B$10:$B$17,0)),"")="",INDEX(Posts!$D$1:$D$805,AB10),IFERROR(INDEX(Settings!$C$10:$C$17,MATCH(INDEX(Posts!$D$1:$D$805,AB10),Settings!$B$10:$B$17,0)),""))&": "&IF(INDEX(Posts!$G$1:$G$805,AB10)="",INDEX(Posts!$E$1:$E$805,AB10),INDEX(Posts!$G$1:$G$805,AB10)))&IF(AC10>3,CHAR(10)&"and "&(AC10-3)&" more","")) | G10: =IF(MONTH(((Settings!$C$5-WEEKDAY(Settings!$C$5,3))+33))<>MONTH(Settings!$C$5),"",DAY(((Settings!$C$5-WEEKDAY(Settings!$C$5,3))+33))&IF(AD10="","",CHAR(10)&IF(IFERROR(INDEX(Settings!$C$10:$C$17,MATCH(INDEX(Posts!$D$1:$D$805,AD10),Settings!$B$10:$B$17,0)),"")="",INDEX(Posts!$D$1:$D$805,AD10),IFERROR(INDEX(Settings!$C$10:$C$17,MATCH(INDEX(Posts!$D$1:$D$805,AD10),Settings!$B$10:$B$17,0)),""))&": "&IF(INDEX(Posts!$G$1:$G$805,AD10)="",INDEX(Posts!$E$1:$E$805,AD10),INDEX(Posts!$G$1:$G$805,AD10)))&IF(AE10="","",CHAR(10)&IF(IFERROR(INDEX(Settings!$C$10:$C$17,MATCH(INDEX(Posts!$D$1:$D$805,AE10),Settings!$B$10:$B$17,0)),"")="",INDEX(Posts!$D$1:$D$805,AE10),IFERROR(INDEX(Settings!$C$10:$C$17,MATCH(INDEX(Posts!$D$1:$D$805,AE10),Settings!$B$10:$B$17,0)),""))&": "&IF(INDEX(Posts!$G$1:$G$805,AE10)="",INDEX(Posts!$E$1:$E$805,AE10),INDEX(Posts!$G$1:$G$805,AE10)))&IF(AF10="","",CHAR(10)&IF(IFERROR(INDEX(Settings!$C$10:$C$17,MATCH(INDEX(Posts!$D$1:$D$805,AF10),Settings!$B$10:$B$17,0)),"")="",INDEX(Posts!$D$1:$D$805,AF10),IFERROR(INDEX(Settings!$C$10:$C$17,MATCH(INDEX(Posts!$D$1:$D$805,AF10),Settings!$B$10:$B$17,0)),""))&": "&IF(INDEX(Posts!$G$1:$G$805,AF10)="",INDEX(Posts!$E$1:$E$805,AF10),INDEX(Posts!$G$1:$G$805,AF10)))&IF(AG10>3,CHAR(10)&"and "&(AG10-3)&" more","")) | H10: =IF(MONTH(((Settings!$C$5-WEEKDAY(Settings!$C$5,3))+34))<>MONTH(Settings!$C$5),"",DAY(((Settings!$C$5-WEEKDAY(Settings!$C$5,3))+34))&IF(AH10="","",CHAR(10)&IF(IFERROR(INDEX(Settings!$C$10:$C$17,MATCH(INDEX(Posts!$D$1:$D$805,AH10),Settings!$B$10:$B$17,0)),"")="",INDEX(Posts!$D$1:$D$805,AH10),IFERROR(INDEX(Settings!$C$10:$C$17,MATCH(INDEX(Posts!$D$1:$D$805,AH10),Settings!$B$10:$B$17,0)),""))&": "&IF(INDEX(Posts!$G$1:$G$805,AH10)="",INDEX(Posts!$E$1:$E$805,AH10),INDEX(Posts!$G$1:$G$805,AH10)))&IF(AI10="","",CHAR(10)&IF(IFERROR(INDEX(Settings!$C$10:$C$17,MATCH(INDEX(Posts!$D$1:$D$805,AI10),Settings!$B$10:$B$17,0)),"")="",INDEX(Posts!$D$1:$D$805,AI10),IFERROR(INDEX(Settings!$C$10:$C$17,MATCH(INDEX(Posts!$D$1:$D$805,AI10),Settings!$B$10:$B$17,0)),""))&": "&IF(INDEX(Posts!$G$1:$G$805,AI10)="",INDEX(Posts!$E$1:$E$805,AI10),INDEX(Posts!$G$1:$G$805,AI10)))&IF(AJ10="","",CHAR(10)&IF(IFERROR(INDEX(Settings!$C$10:$C$17,MATCH(INDEX(Posts!$D$1:$D$805,AJ10),Settings!$B$10:$B$17,0)),"")="",INDEX(Posts!$D$1:$D$805,AJ10),IFERROR(INDEX(Settings!$C$10:$C$17,MATCH(INDEX(Posts!$D$1:$D$805,AJ10),Settings!$B$10:$B$17,0)),""))&": "&IF(INDEX(Posts!$G$1:$G$805,AJ10)="",INDEX(Posts!$E$1:$E$805,AJ10),INDEX(Posts!$G$1:$G$805,AJ10)))&IF(AK10>3,CHAR(10)&"and "&(AK10-3)&" more","")) | J10: =IFERROR(IF(INT(SMALL(Posts!$R$6:$R$805,COUNTIF(Posts!$R$6:$R$805,"<"&((Settings!$C$5-WEEKDAY(Settings!$C$5,3))+28)*10000000)+1)/10000000)=((Settings!$C$5-WEEKDAY(Settings!$C$5,3))+28),MOD(SMALL(Posts!$R$6:$R$805,COUNTIF(Posts!$R$6:$R$805,"<"&((Settings!$C$5-WEEKDAY(Settings!$C$5,3))+28)*10000000)+1),1000),""),"") | K10: =IFERROR(IF(INT(SMALL(Posts!$R$6:$R$805,COUNTIF(Posts!$R$6:$R$805,"<"&((Settings!$C$5-WEEKDAY(Settings!$C$5,3))+28)*10000000)+2)/10000000)=((Settings!$C$5-WEEKDAY(Settings!$C$5,3))+28),MOD(SMALL(Posts!$R$6:$R$805,COUNTIF(Posts!$R$6:$R$805,"<"&((Settings!$C$5-WEEKDAY(Settings!$C$5,3))+28)*10000000)+2),1000),""),"") | L10: =IFERROR(IF(INT(SMALL(Posts!$R$6:$R$805,COUNTIF(Posts!$R$6:$R$805,"<"&((Settings!$C$5-WEEKDAY(Settings!$C$5,3))+28)*10000000)+3)/10000000)=((Settings!$C$5-WEEKDAY(Settings!$C$5,3))+28),MOD(SMALL(Posts!$R$6:$R$805,COUNTIF(Posts!$R$6:$R$805,"<"&((Settings!$C$5-WEEKDAY(Settings!$C$5,3))+28)*10000000)+3),1000),""),"") | M10: =COUNTIFS(Posts!$R$6:$R$805,">="&((Settings!$C$5-WEEKDAY(Settings!$C$5,3))+28)*10000000,Posts!$R$6:$R$805,"<"&(((Settings!$C$5-WEEKDAY(Settings!$C$5,3))+28)+1)*10000000) | N10: =IFERROR(IF(INT(SMALL(Posts!$R$6:$R$805,COUNTIF(Posts!$R$6:$R$805,"<"&((Settings!$C$5-WEEKDAY(Settings!$C$5,3))+29)*10000000)+1)/10000000)=((Settings!$C$5-WEEKDAY(Settings!$C$5,3))+29),MOD(SMALL(Posts!$R$6:$R$805,COUNTIF(Posts!$R$6:$R$805,"<"&((Settings!$C$5-WEEKDAY(Settings!$C$5,3))+29)*10000000)+1),1000),""),"") | O10: =IFERROR(IF(INT(SMALL(Posts!$R$6:$R$805,COUNTIF(Posts!$R$6:$R$805,"<"&((Settings!$C$5-WEEKDAY(Settings!$C$5,3))+29)*10000000)+2)/10000000)=((Settings!$C$5-WEEKDAY(Settings!$C$5,3))+29),MOD(SMALL(Posts!$R$6:$R$805,COUNTIF(Posts!$R$6:$R$805,"<"&((Settings!$C$5-WEEKDAY(Settings!$C$5,3))+29)*10000000)+2),1000),""),"") | P10: =IFERROR(IF(INT(SMALL(Posts!$R$6:$R$805,COUNTIF(Posts!$R$6:$R$805,"<"&((Settings!$C$5-WEEKDAY(Settings!$C$5,3))+29)*10000000)+3)/10000000)=((Settings!$C$5-WEEKDAY(Settings!$C$5,3))+29),MOD(SMALL(Posts!$R$6:$R$805,COUNTIF(Posts!$R$6:$R$805,"<"&((Settings!$C$5-WEEKDAY(Settings!$C$5,3))+29)*10000000)+3),1000),""),"") | Q10: =COUNTIFS(Posts!$R$6:$R$805,">="&((Settings!$C$5-WEEKDAY(Settings!$C$5,3))+29)*10000000,Posts!$R$6:$R$805,"<"&(((Settings!$C$5-WEEKDAY(Settings!$C$5,3))+29)+1)*10000000) | R10: =IFERROR(IF(INT(SMALL(Posts!$R$6:$R$805,COUNTIF(Posts!$R$6:$R$805,"<"&((Settings!$C$5-WEEKDAY(Settings!$C$5,3))+30)*10000000)+1)/10000000)=((Settings!$C$5-WEEKDAY(Settings!$C$5,3))+30),MOD(SMALL(Posts!$R$6:$R$805,COUNTIF(Posts!$R$6:$R$805,"<"&((Settings!$C$5-WEEKDAY(Settings!$C$5,3))+30)*10000000)+1),1000),""),"") | S10: =IFERROR(IF(INT(SMALL(Posts!$R$6:$R$805,COUNTIF(Posts!$R$6:$R$805,"<"&((Settings!$C$5-WEEKDAY(Settings!$C$5,3))+30)*10000000)+2)/10000000)=((Settings!$C$5-WEEKDAY(Settings!$C$5,3))+30),MOD(SMALL(Posts!$R$6:$R$805,COUNTIF(Posts!$R$6:$R$805,"<"&((Settings!$C$5-WEEKDAY(Settings!$C$5,3))+30)*10000000)+2),1000),""),"") | T10: =IFERROR(IF(INT(SMALL(Posts!$R$6:$R$805,COUNTIF(Posts!$R$6:$R$805,"<"&((Settings!$C$5-WEEKDAY(Settings!$C$5,3))+30)*10000000)+3)/10000000)=((Settings!$C$5-WEEKDAY(Settings!$C$5,3))+30),MOD(SMALL(Posts!$R$6:$R$805,COUNTIF(Posts!$R$6:$R$805,"<"&((Settings!$C$5-WEEKDAY(Settings!$C$5,3))+30)*10000000)+3),1000),""),"") | U10: =COUNTIFS(Posts!$R$6:$R$805,">="&((Settings!$C$5-WEEKDAY(Settings!$C$5,3))+30)*10000000,Posts!$R$6:$R$805,"<"&(((Settings!$C$5-WEEKDAY(Settings!$C$5,3))+30)+1)*10000000) | V10: =IFERROR(IF(INT(SMALL(Posts!$R$6:$R$805,COUNTIF(Posts!$R$6:$R$805,"<"&((Settings!$C$5-WEEKDAY(Settings!$C$5,3))+31)*10000000)+1)/10000000)=((Settings!$C$5-WEEKDAY(Settings!$C$5,3))+31),MOD(SMALL(Posts!$R$6:$R$805,COUNTIF(Posts!$R$6:$R$805,"<"&((Settings!$C$5-WEEKDAY(Settings!$C$5,3))+31)*10000000)+1),1000),""),"") | W10: =IFERROR(IF(INT(SMALL(Posts!$R$6:$R$805,COUNTIF(Posts!$R$6:$R$805,"<"&((Settings!$C$5-WEEKDAY(Settings!$C$5,3))+31)*10000000)+2)/10000000)=((Settings!$C$5-WEEKDAY(Settings!$C$5,3))+31),MOD(SMALL(Posts!$R$6:$R$805,COUNTIF(Posts!$R$6:$R$805,"<"&((Settings!$C$5-WEEKDAY(Settings!$C$5,3))+31)*10000000)+2),1000),""),"") | X10: =IFERROR(IF(INT(SMALL(Posts!$R$6:$R$805,COUNTIF(Posts!$R$6:$R$805,"<"&((Settings!$C$5-WEEKDAY(Settings!$C$5,3))+31)*10000000)+3)/10000000)=((Settings!$C$5-WEEKDAY(Settings!$C$5,3))+31),MOD(SMALL(Posts!$R$6:$R$805,COUNTIF(Posts!$R$6:$R$805,"<"&((Settings!$C$5-WEEKDAY(Settings!$C$5,3))+31)*10000000)+3),1000),""),"") | Y10: =COUNTIFS(Posts!$R$6:$R$805,">="&((Settings!$C$5-WEEKDAY(Settings!$C$5,3))+31)*10000000,Posts!$R$6:$R$805,"<"&(((Settings!$C$5-WEEKDAY(Settings!$C$5,3))+31)+1)*10000000) | Z10: =IFERROR(IF(INT(SMALL(Posts!$R$6:$R$805,COUNTIF(Posts!$R$6:$R$805,"<"&((Settings!$C$5-WEEKDAY(Settings!$C$5,3))+32)*10000000)+1)/10000000)=((Settings!$C$5-WEEKDAY(Settings!$C$5,3))+32),MOD(SMALL(Posts!$R$6:$R$805,COUNTIF(Posts!$R$6:$R$805,"<"&((Settings!$C$5-WEEKDAY(Settings!$C$5,3))+32)*10000000)+1),1000),""),"") | AA10: =IFERROR(IF(INT(SMALL(Posts!$R$6:$R$805,COUNTIF(Posts!$R$6:$R$805,"<"&((Settings!$C$5-WEEKDAY(Settings!$C$5,3))+32)*10000000)+2)/10000000)=((Settings!$C$5-WEEKDAY(Settings!$C$5,3))+32),MOD(SMALL(Posts!$R$6:$R$805,COUNTIF(Posts!$R$6:$R$805,"<"&((Settings!$C$5-WEEKDAY(Settings!$C$5,3))+32)*10000000)+2),1000),""),"") | AB10: =IFERROR(IF(INT(SMALL(Posts!$R$6:$R$805,COUNTIF(Posts!$R$6:$R$805,"<"&((Settings!$C$5-WEEKDAY(Settings!$C$5,3))+32)*10000000)+3)/10000000)=((Settings!$C$5-WEEKDAY(Settings!$C$5,3))+32),MOD(SMALL(Posts!$R$6:$R$805,COUNTIF(Posts!$R$6:$R$805,"<"&((Settings!$C$5-WEEKDAY(Settings!$C$5,3))+32)*10000000)+3),1000),""),"") | AC10: =COUNTIFS(Posts!$R$6:$R$805,">="&((Settings!$C$5-WEEKDAY(Settings!$C$5,3))+32)*10000000,Posts!$R$6:$R$805,"<"&(((Settings!$C$5-WEEKDAY(Settings!$C$5,3))+32)+1)*10000000) | AD10: =IFERROR(IF(INT(SMALL(Posts!$R$6:$R$805,COUNTIF(Posts!$R$6:$R$805,"<"&((Settings!$C$5-WEEKDAY(Settings!$C$5,3))+33)*10000000)+1)/10000000)=((Settings!$C$5-WEEKDAY(Settings!$C$5,3))+33),MOD(SMALL(Posts!$R$6:$R$805,COUNTIF(Posts!$R$6:$R$805,"<"&((Settings!$C$5-WEEKDAY(Settings!$C$5,3))+33)*10000000)+1),1000),""),"") | AE10: =IFERROR(IF(INT(SMALL(Posts!$R$6:$R$805,COUNTIF(Posts!$R$6:$R$805,"<"&((Settings!$C$5-WEEKDAY(Settings!$C$5,3))+33)*10000000)+2)/10000000)=((Settings!$C$5-WEEKDAY(Settings!$C$5,3))+33),MOD(SMALL(Posts!$R$6:$R$805,COUNTIF(Posts!$R$6:$R$805,"<"&((Settings!$C$5-WEEKDAY(Settings!$C$5,3))+33)*10000000)+2),1000),""),"") | AF10: =IFERROR(IF(INT(SMALL(Posts!$R$6:$R$805,COUNTIF(Posts!$R$6:$R$805,"<"&((Settings!$C$5-WEEKDAY(Settings!$C$5,3))+33)*10000000)+3)/10000000)=((Settings!$C$5-WEEKDAY(Settings!$C$5,3))+33),MOD(SMALL(Posts!$R$6:$R$805,COUNTIF(Posts!$R$6:$R$805,"<"&((Settings!$C$5-WEEKDAY(Settings!$C$5,3))+33)*10000000)+3),1000),""),"") | AG10: =COUNTIFS(Posts!$R$6:$R$805,">="&((Settings!$C$5-WEEKDAY(Settings!$C$5,3))+33)*10000000,Posts!$R$6:$R$805,"<"&(((Settings!$C$5-WEEKDAY(Settings!$C$5,3))+33)+1)*10000000) | AH10: =IFERROR(IF(INT(SMALL(Posts!$R$6:$R$805,COUNTIF(Posts!$R$6:$R$805,"<"&((Settings!$C$5-WEEKDAY(Settings!$C$5,3))+34)*10000000)+1)/10000000)=((Settings!$C$5-WEEKDAY(Settings!$C$5,3))+34),MOD(SMALL(Posts!$R$6:$R$805,COUNTIF(Posts!$R$6:$R$805,"<"&((Settings!$C$5-WEEKDAY(Settings!$C$5,3))+34)*10000000)+1),1000),""),"") | AI10: =IFERROR(IF(INT(SMALL(Posts!$R$6:$R$805,COUNTIF(Posts!$R$6:$R$805,"<"&((Settings!$C$5-WEEKDAY(Settings!$C$5,3))+34)*10000000)+2)/10000000)=((Settings!$C$5-WEEKDAY(Settings!$C$5,3))+34),MOD(SMALL(Posts!$R$6:$R$805,COUNTIF(Posts!$R$6:$R$805,"<"&((Settings!$C$5-WEEKDAY(Settings!$C$5,3))+34)*10000000)+2),1000),""),"") | AJ10: =IFERROR(IF(INT(SMALL(Posts!$R$6:$R$805,COUNTIF(Posts!$R$6:$R$805,"<"&((Settings!$C$5-WEEKDAY(Settings!$C$5,3))+34)*10000000)+3)/10000000)=((Settings!$C$5-WEEKDAY(Settings!$C$5,3))+34),MOD(SMALL(Posts!$R$6:$R$805,COUNTIF(Posts!$R$6:$R$805,"<"&((Settings!$C$5-WEEKDAY(Settings!$C$5,3))+34)*10000000)+3),1000),""),"") | AK10: =COUNTIFS(Posts!$R$6:$R$805,">="&((Settings!$C$5-WEEKDAY(Settings!$C$5,3))+34)*10000000,Posts!$R$6:$R$805,"<"&(((Settings!$C$5-WEEKDAY(Settings!$C$5,3))+34)+1)*10000000)
B11: =IF(MONTH(((Settings!$C$5-WEEKDAY(Settings!$C$5,3))+35))<>MONTH(Settings!$C$5),"",DAY(((Settings!$C$5-WEEKDAY(Settings!$C$5,3))+35))&IF(J11="","",CHAR(10)&IF(IFERROR(INDEX(Settings!$C$10:$C$17,MATCH(INDEX(Posts!$D$1:$D$805,J11),Settings!$B$10:$B$17,0)),"")="",INDEX(Posts!$D$1:$D$805,J11),IFERROR(INDEX(Settings!$C$10:$C$17,MATCH(INDEX(Posts!$D$1:$D$805,J11),Settings!$B$10:$B$17,0)),""))&": "&IF(INDEX(Posts!$G$1:$G$805,J11)="",INDEX(Posts!$E$1:$E$805,J11),INDEX(Posts!$G$1:$G$805,J11)))&IF(K11="","",CHAR(10)&IF(IFERROR(INDEX(Settings!$C$10:$C$17,MATCH(INDEX(Posts!$D$1:$D$805,K11),Settings!$B$10:$B$17,0)),"")="",INDEX(Posts!$D$1:$D$805,K11),IFERROR(INDEX(Settings!$C$10:$C$17,MATCH(INDEX(Posts!$D$1:$D$805,K11),Settings!$B$10:$B$17,0)),""))&": "&IF(INDEX(Posts!$G$1:$G$805,K11)="",INDEX(Posts!$E$1:$E$805,K11),INDEX(Posts!$G$1:$G$805,K11)))&IF(L11="","",CHAR(10)&IF(IFERROR(INDEX(Settings!$C$10:$C$17,MATCH(INDEX(Posts!$D$1:$D$805,L11),Settings!$B$10:$B$17,0)),"")="",INDEX(Posts!$D$1:$D$805,L11),IFERROR(INDEX(Settings!$C$10:$C$17,MATCH(INDEX(Posts!$D$1:$D$805,L11),Settings!$B$10:$B$17,0)),""))&": "&IF(INDEX(Posts!$G$1:$G$805,L11)="",INDEX(Posts!$E$1:$E$805,L11),INDEX(Posts!$G$1:$G$805,L11)))&IF(M11>3,CHAR(10)&"and "&(M11-3)&" more","")) | C11: =IF(MONTH(((Settings!$C$5-WEEKDAY(Settings!$C$5,3))+36))<>MONTH(Settings!$C$5),"",DAY(((Settings!$C$5-WEEKDAY(Settings!$C$5,3))+36))&IF(N11="","",CHAR(10)&IF(IFERROR(INDEX(Settings!$C$10:$C$17,MATCH(INDEX(Posts!$D$1:$D$805,N11),Settings!$B$10:$B$17,0)),"")="",INDEX(Posts!$D$1:$D$805,N11),IFERROR(INDEX(Settings!$C$10:$C$17,MATCH(INDEX(Posts!$D$1:$D$805,N11),Settings!$B$10:$B$17,0)),""))&": "&IF(INDEX(Posts!$G$1:$G$805,N11)="",INDEX(Posts!$E$1:$E$805,N11),INDEX(Posts!$G$1:$G$805,N11)))&IF(O11="","",CHAR(10)&IF(IFERROR(INDEX(Settings!$C$10:$C$17,MATCH(INDEX(Posts!$D$1:$D$805,O11),Settings!$B$10:$B$17,0)),"")="",INDEX(Posts!$D$1:$D$805,O11),IFERROR(INDEX(Settings!$C$10:$C$17,MATCH(INDEX(Posts!$D$1:$D$805,O11),Settings!$B$10:$B$17,0)),""))&": "&IF(INDEX(Posts!$G$1:$G$805,O11)="",INDEX(Posts!$E$1:$E$805,O11),INDEX(Posts!$G$1:$G$805,O11)))&IF(P11="","",CHAR(10)&IF(IFERROR(INDEX(Settings!$C$10:$C$17,MATCH(INDEX(Posts!$D$1:$D$805,P11),Settings!$B$10:$B$17,0)),"")="",INDEX(Posts!$D$1:$D$805,P11),IFERROR(INDEX(Settings!$C$10:$C$17,MATCH(INDEX(Posts!$D$1:$D$805,P11),Settings!$B$10:$B$17,0)),""))&": "&IF(INDEX(Posts!$G$1:$G$805,P11)="",INDEX(Posts!$E$1:$E$805,P11),INDEX(Posts!$G$1:$G$805,P11)))&IF(Q11>3,CHAR(10)&"and "&(Q11-3)&" more","")) | D11: =IF(MONTH(((Settings!$C$5-WEEKDAY(Settings!$C$5,3))+37))<>MONTH(Settings!$C$5),"",DAY(((Settings!$C$5-WEEKDAY(Settings!$C$5,3))+37))&IF(R11="","",CHAR(10)&IF(IFERROR(INDEX(Settings!$C$10:$C$17,MATCH(INDEX(Posts!$D$1:$D$805,R11),Settings!$B$10:$B$17,0)),"")="",INDEX(Posts!$D$1:$D$805,R11),IFERROR(INDEX(Settings!$C$10:$C$17,MATCH(INDEX(Posts!$D$1:$D$805,R11),Settings!$B$10:$B$17,0)),""))&": "&IF(INDEX(Posts!$G$1:$G$805,R11)="",INDEX(Posts!$E$1:$E$805,R11),INDEX(Posts!$G$1:$G$805,R11)))&IF(S11="","",CHAR(10)&IF(IFERROR(INDEX(Settings!$C$10:$C$17,MATCH(INDEX(Posts!$D$1:$D$805,S11),Settings!$B$10:$B$17,0)),"")="",INDEX(Posts!$D$1:$D$805,S11),IFERROR(INDEX(Settings!$C$10:$C$17,MATCH(INDEX(Posts!$D$1:$D$805,S11),Settings!$B$10:$B$17,0)),""))&": "&IF(INDEX(Posts!$G$1:$G$805,S11)="",INDEX(Posts!$E$1:$E$805,S11),INDEX(Posts!$G$1:$G$805,S11)))&IF(T11="","",CHAR(10)&IF(IFERROR(INDEX(Settings!$C$10:$C$17,MATCH(INDEX(Posts!$D$1:$D$805,T11),Settings!$B$10:$B$17,0)),"")="",INDEX(Posts!$D$1:$D$805,T11),IFERROR(INDEX(Settings!$C$10:$C$17,MATCH(INDEX(Posts!$D$1:$D$805,T11),Settings!$B$10:$B$17,0)),""))&": "&IF(INDEX(Posts!$G$1:$G$805,T11)="",INDEX(Posts!$E$1:$E$805,T11),INDEX(Posts!$G$1:$G$805,T11)))&IF(U11>3,CHAR(10)&"and "&(U11-3)&" more","")) | E11: =IF(MONTH(((Settings!$C$5-WEEKDAY(Settings!$C$5,3))+38))<>MONTH(Settings!$C$5),"",DAY(((Settings!$C$5-WEEKDAY(Settings!$C$5,3))+38))&IF(V11="","",CHAR(10)&IF(IFERROR(INDEX(Settings!$C$10:$C$17,MATCH(INDEX(Posts!$D$1:$D$805,V11),Settings!$B$10:$B$17,0)),"")="",INDEX(Posts!$D$1:$D$805,V11),IFERROR(INDEX(Settings!$C$10:$C$17,MATCH(INDEX(Posts!$D$1:$D$805,V11),Settings!$B$10:$B$17,0)),""))&": "&IF(INDEX(Posts!$G$1:$G$805,V11)="",INDEX(Posts!$E$1:$E$805,V11),INDEX(Posts!$G$1:$G$805,V11)))&IF(W11="","",CHAR(10)&IF(IFERROR(INDEX(Settings!$C$10:$C$17,MATCH(INDEX(Posts!$D$1:$D$805,W11),Settings!$B$10:$B$17,0)),"")="",INDEX(Posts!$D$1:$D$805,W11),IFERROR(INDEX(Settings!$C$10:$C$17,MATCH(INDEX(Posts!$D$1:$D$805,W11),Settings!$B$10:$B$17,0)),""))&": "&IF(INDEX(Posts!$G$1:$G$805,W11)="",INDEX(Posts!$E$1:$E$805,W11),INDEX(Posts!$G$1:$G$805,W11)))&IF(X11="","",CHAR(10)&IF(IFERROR(INDEX(Settings!$C$10:$C$17,MATCH(INDEX(Posts!$D$1:$D$805,X11),Settings!$B$10:$B$17,0)),"")="",INDEX(Posts!$D$1:$D$805,X11),IFERROR(INDEX(Settings!$C$10:$C$17,MATCH(INDEX(Posts!$D$1:$D$805,X11),Settings!$B$10:$B$17,0)),""))&": "&IF(INDEX(Posts!$G$1:$G$805,X11)="",INDEX(Posts!$E$1:$E$805,X11),INDEX(Posts!$G$1:$G$805,X11)))&IF(Y11>3,CHAR(10)&"and "&(Y11-3)&" more","")) | F11: =IF(MONTH(((Settings!$C$5-WEEKDAY(Settings!$C$5,3))+39))<>MONTH(Settings!$C$5),"",DAY(((Settings!$C$5-WEEKDAY(Settings!$C$5,3))+39))&IF(Z11="","",CHAR(10)&IF(IFERROR(INDEX(Settings!$C$10:$C$17,MATCH(INDEX(Posts!$D$1:$D$805,Z11),Settings!$B$10:$B$17,0)),"")="",INDEX(Posts!$D$1:$D$805,Z11),IFERROR(INDEX(Settings!$C$10:$C$17,MATCH(INDEX(Posts!$D$1:$D$805,Z11),Settings!$B$10:$B$17,0)),""))&": "&IF(INDEX(Posts!$G$1:$G$805,Z11)="",INDEX(Posts!$E$1:$E$805,Z11),INDEX(Posts!$G$1:$G$805,Z11)))&IF(AA11="","",CHAR(10)&IF(IFERROR(INDEX(Settings!$C$10:$C$17,MATCH(INDEX(Posts!$D$1:$D$805,AA11),Settings!$B$10:$B$17,0)),"")="",INDEX(Posts!$D$1:$D$805,AA11),IFERROR(INDEX(Settings!$C$10:$C$17,MATCH(INDEX(Posts!$D$1:$D$805,AA11),Settings!$B$10:$B$17,0)),""))&": "&IF(INDEX(Posts!$G$1:$G$805,AA11)="",INDEX(Posts!$E$1:$E$805,AA11),INDEX(Posts!$G$1:$G$805,AA11)))&IF(AB11="","",CHAR(10)&IF(IFERROR(INDEX(Settings!$C$10:$C$17,MATCH(INDEX(Posts!$D$1:$D$805,AB11),Settings!$B$10:$B$17,0)),"")="",INDEX(Posts!$D$1:$D$805,AB11),IFERROR(INDEX(Settings!$C$10:$C$17,MATCH(INDEX(Posts!$D$1:$D$805,AB11),Settings!$B$10:$B$17,0)),""))&": "&IF(INDEX(Posts!$G$1:$G$805,AB11)="",INDEX(Posts!$E$1:$E$805,AB11),INDEX(Posts!$G$1:$G$805,AB11)))&IF(AC11>3,CHAR(10)&"and "&(AC11-3)&" more","")) | G11: =IF(MONTH(((Settings!$C$5-WEEKDAY(Settings!$C$5,3))+40))<>MONTH(Settings!$C$5),"",DAY(((Settings!$C$5-WEEKDAY(Settings!$C$5,3))+40))&IF(AD11="","",CHAR(10)&IF(IFERROR(INDEX(Settings!$C$10:$C$17,MATCH(INDEX(Posts!$D$1:$D$805,AD11),Settings!$B$10:$B$17,0)),"")="",INDEX(Posts!$D$1:$D$805,AD11),IFERROR(INDEX(Settings!$C$10:$C$17,MATCH(INDEX(Posts!$D$1:$D$805,AD11),Settings!$B$10:$B$17,0)),""))&": "&IF(INDEX(Posts!$G$1:$G$805,AD11)="",INDEX(Posts!$E$1:$E$805,AD11),INDEX(Posts!$G$1:$G$805,AD11)))&IF(AE11="","",CHAR(10)&IF(IFERROR(INDEX(Settings!$C$10:$C$17,MATCH(INDEX(Posts!$D$1:$D$805,AE11),Settings!$B$10:$B$17,0)),"")="",INDEX(Posts!$D$1:$D$805,AE11),IFERROR(INDEX(Settings!$C$10:$C$17,MATCH(INDEX(Posts!$D$1:$D$805,AE11),Settings!$B$10:$B$17,0)),""))&": "&IF(INDEX(Posts!$G$1:$G$805,AE11)="",INDEX(Posts!$E$1:$E$805,AE11),INDEX(Posts!$G$1:$G$805,AE11)))&IF(AF11="","",CHAR(10)&IF(IFERROR(INDEX(Settings!$C$10:$C$17,MATCH(INDEX(Posts!$D$1:$D$805,AF11),Settings!$B$10:$B$17,0)),"")="",INDEX(Posts!$D$1:$D$805,AF11),IFERROR(INDEX(Settings!$C$10:$C$17,MATCH(INDEX(Posts!$D$1:$D$805,AF11),Settings!$B$10:$B$17,0)),""))&": "&IF(INDEX(Posts!$G$1:$G$805,AF11)="",INDEX(Posts!$E$1:$E$805,AF11),INDEX(Posts!$G$1:$G$805,AF11)))&IF(AG11>3,CHAR(10)&"and "&(AG11-3)&" more","")) | H11: =IF(MONTH(((Settings!$C$5-WEEKDAY(Settings!$C$5,3))+41))<>MONTH(Settings!$C$5),"",DAY(((Settings!$C$5-WEEKDAY(Settings!$C$5,3))+41))&IF(AH11="","",CHAR(10)&IF(IFERROR(INDEX(Settings!$C$10:$C$17,MATCH(INDEX(Posts!$D$1:$D$805,AH11),Settings!$B$10:$B$17,0)),"")="",INDEX(Posts!$D$1:$D$805,AH11),IFERROR(INDEX(Settings!$C$10:$C$17,MATCH(INDEX(Posts!$D$1:$D$805,AH11),Settings!$B$10:$B$17,0)),""))&": "&IF(INDEX(Posts!$G$1:$G$805,AH11)="",INDEX(Posts!$E$1:$E$805,AH11),INDEX(Posts!$G$1:$G$805,AH11)))&IF(AI11="","",CHAR(10)&IF(IFERROR(INDEX(Settings!$C$10:$C$17,MATCH(INDEX(Posts!$D$1:$D$805,AI11),Settings!$B$10:$B$17,0)),"")="",INDEX(Posts!$D$1:$D$805,AI11),IFERROR(INDEX(Settings!$C$10:$C$17,MATCH(INDEX(Posts!$D$1:$D$805,AI11),Settings!$B$10:$B$17,0)),""))&": "&IF(INDEX(Posts!$G$1:$G$805,AI11)="",INDEX(Posts!$E$1:$E$805,AI11),INDEX(Posts!$G$1:$G$805,AI11)))&IF(AJ11="","",CHAR(10)&IF(IFERROR(INDEX(Settings!$C$10:$C$17,MATCH(INDEX(Posts!$D$1:$D$805,AJ11),Settings!$B$10:$B$17,0)),"")="",INDEX(Posts!$D$1:$D$805,AJ11),IFERROR(INDEX(Settings!$C$10:$C$17,MATCH(INDEX(Posts!$D$1:$D$805,AJ11),Settings!$B$10:$B$17,0)),""))&": "&IF(INDEX(Posts!$G$1:$G$805,AJ11)="",INDEX(Posts!$E$1:$E$805,AJ11),INDEX(Posts!$G$1:$G$805,AJ11)))&IF(AK11>3,CHAR(10)&"and "&(AK11-3)&" more","")) | J11: =IFERROR(IF(INT(SMALL(Posts!$R$6:$R$805,COUNTIF(Posts!$R$6:$R$805,"<"&((Settings!$C$5-WEEKDAY(Settings!$C$5,3))+35)*10000000)+1)/10000000)=((Settings!$C$5-WEEKDAY(Settings!$C$5,3))+35),MOD(SMALL(Posts!$R$6:$R$805,COUNTIF(Posts!$R$6:$R$805,"<"&((Settings!$C$5-WEEKDAY(Settings!$C$5,3))+35)*10000000)+1),1000),""),"") | K11: =IFERROR(IF(INT(SMALL(Posts!$R$6:$R$805,COUNTIF(Posts!$R$6:$R$805,"<"&((Settings!$C$5-WEEKDAY(Settings!$C$5,3))+35)*10000000)+2)/10000000)=((Settings!$C$5-WEEKDAY(Settings!$C$5,3))+35),MOD(SMALL(Posts!$R$6:$R$805,COUNTIF(Posts!$R$6:$R$805,"<"&((Settings!$C$5-WEEKDAY(Settings!$C$5,3))+35)*10000000)+2),1000),""),"") | L11: =IFERROR(IF(INT(SMALL(Posts!$R$6:$R$805,COUNTIF(Posts!$R$6:$R$805,"<"&((Settings!$C$5-WEEKDAY(Settings!$C$5,3))+35)*10000000)+3)/10000000)=((Settings!$C$5-WEEKDAY(Settings!$C$5,3))+35),MOD(SMALL(Posts!$R$6:$R$805,COUNTIF(Posts!$R$6:$R$805,"<"&((Settings!$C$5-WEEKDAY(Settings!$C$5,3))+35)*10000000)+3),1000),""),"") | M11: =COUNTIFS(Posts!$R$6:$R$805,">="&((Settings!$C$5-WEEKDAY(Settings!$C$5,3))+35)*10000000,Posts!$R$6:$R$805,"<"&(((Settings!$C$5-WEEKDAY(Settings!$C$5,3))+35)+1)*10000000) | N11: =IFERROR(IF(INT(SMALL(Posts!$R$6:$R$805,COUNTIF(Posts!$R$6:$R$805,"<"&((Settings!$C$5-WEEKDAY(Settings!$C$5,3))+36)*10000000)+1)/10000000)=((Settings!$C$5-WEEKDAY(Settings!$C$5,3))+36),MOD(SMALL(Posts!$R$6:$R$805,COUNTIF(Posts!$R$6:$R$805,"<"&((Settings!$C$5-WEEKDAY(Settings!$C$5,3))+36)*10000000)+1),1000),""),"") | O11: =IFERROR(IF(INT(SMALL(Posts!$R$6:$R$805,COUNTIF(Posts!$R$6:$R$805,"<"&((Settings!$C$5-WEEKDAY(Settings!$C$5,3))+36)*10000000)+2)/10000000)=((Settings!$C$5-WEEKDAY(Settings!$C$5,3))+36),MOD(SMALL(Posts!$R$6:$R$805,COUNTIF(Posts!$R$6:$R$805,"<"&((Settings!$C$5-WEEKDAY(Settings!$C$5,3))+36)*10000000)+2),1000),""),"") | P11: =IFERROR(IF(INT(SMALL(Posts!$R$6:$R$805,COUNTIF(Posts!$R$6:$R$805,"<"&((Settings!$C$5-WEEKDAY(Settings!$C$5,3))+36)*10000000)+3)/10000000)=((Settings!$C$5-WEEKDAY(Settings!$C$5,3))+36),MOD(SMALL(Posts!$R$6:$R$805,COUNTIF(Posts!$R$6:$R$805,"<"&((Settings!$C$5-WEEKDAY(Settings!$C$5,3))+36)*10000000)+3),1000),""),"") | Q11: =COUNTIFS(Posts!$R$6:$R$805,">="&((Settings!$C$5-WEEKDAY(Settings!$C$5,3))+36)*10000000,Posts!$R$6:$R$805,"<"&(((Settings!$C$5-WEEKDAY(Settings!$C$5,3))+36)+1)*10000000) | R11: =IFERROR(IF(INT(SMALL(Posts!$R$6:$R$805,COUNTIF(Posts!$R$6:$R$805,"<"&((Settings!$C$5-WEEKDAY(Settings!$C$5,3))+37)*10000000)+1)/10000000)=((Settings!$C$5-WEEKDAY(Settings!$C$5,3))+37),MOD(SMALL(Posts!$R$6:$R$805,COUNTIF(Posts!$R$6:$R$805,"<"&((Settings!$C$5-WEEKDAY(Settings!$C$5,3))+37)*10000000)+1),1000),""),"") | S11: =IFERROR(IF(INT(SMALL(Posts!$R$6:$R$805,COUNTIF(Posts!$R$6:$R$805,"<"&((Settings!$C$5-WEEKDAY(Settings!$C$5,3))+37)*10000000)+2)/10000000)=((Settings!$C$5-WEEKDAY(Settings!$C$5,3))+37),MOD(SMALL(Posts!$R$6:$R$805,COUNTIF(Posts!$R$6:$R$805,"<"&((Settings!$C$5-WEEKDAY(Settings!$C$5,3))+37)*10000000)+2),1000),""),"") | T11: =IFERROR(IF(INT(SMALL(Posts!$R$6:$R$805,COUNTIF(Posts!$R$6:$R$805,"<"&((Settings!$C$5-WEEKDAY(Settings!$C$5,3))+37)*10000000)+3)/10000000)=((Settings!$C$5-WEEKDAY(Settings!$C$5,3))+37),MOD(SMALL(Posts!$R$6:$R$805,COUNTIF(Posts!$R$6:$R$805,"<"&((Settings!$C$5-WEEKDAY(Settings!$C$5,3))+37)*10000000)+3),1000),""),"") | U11: =COUNTIFS(Posts!$R$6:$R$805,">="&((Settings!$C$5-WEEKDAY(Settings!$C$5,3))+37)*10000000,Posts!$R$6:$R$805,"<"&(((Settings!$C$5-WEEKDAY(Settings!$C$5,3))+37)+1)*10000000) | V11: =IFERROR(IF(INT(SMALL(Posts!$R$6:$R$805,COUNTIF(Posts!$R$6:$R$805,"<"&((Settings!$C$5-WEEKDAY(Settings!$C$5,3))+38)*10000000)+1)/10000000)=((Settings!$C$5-WEEKDAY(Settings!$C$5,3))+38),MOD(SMALL(Posts!$R$6:$R$805,COUNTIF(Posts!$R$6:$R$805,"<"&((Settings!$C$5-WEEKDAY(Settings!$C$5,3))+38)*10000000)+1),1000),""),"") | W11: =IFERROR(IF(INT(SMALL(Posts!$R$6:$R$805,COUNTIF(Posts!$R$6:$R$805,"<"&((Settings!$C$5-WEEKDAY(Settings!$C$5,3))+38)*10000000)+2)/10000000)=((Settings!$C$5-WEEKDAY(Settings!$C$5,3))+38),MOD(SMALL(Posts!$R$6:$R$805,COUNTIF(Posts!$R$6:$R$805,"<"&((Settings!$C$5-WEEKDAY(Settings!$C$5,3))+38)*10000000)+2),1000),""),"") | X11: =IFERROR(IF(INT(SMALL(Posts!$R$6:$R$805,COUNTIF(Posts!$R$6:$R$805,"<"&((Settings!$C$5-WEEKDAY(Settings!$C$5,3))+38)*10000000)+3)/10000000)=((Settings!$C$5-WEEKDAY(Settings!$C$5,3))+38),MOD(SMALL(Posts!$R$6:$R$805,COUNTIF(Posts!$R$6:$R$805,"<"&((Settings!$C$5-WEEKDAY(Settings!$C$5,3))+38)*10000000)+3),1000),""),"") | Y11: =COUNTIFS(Posts!$R$6:$R$805,">="&((Settings!$C$5-WEEKDAY(Settings!$C$5,3))+38)*10000000,Posts!$R$6:$R$805,"<"&(((Settings!$C$5-WEEKDAY(Settings!$C$5,3))+38)+1)*10000000) | Z11: =IFERROR(IF(INT(SMALL(Posts!$R$6:$R$805,COUNTIF(Posts!$R$6:$R$805,"<"&((Settings!$C$5-WEEKDAY(Settings!$C$5,3))+39)*10000000)+1)/10000000)=((Settings!$C$5-WEEKDAY(Settings!$C$5,3))+39),MOD(SMALL(Posts!$R$6:$R$805,COUNTIF(Posts!$R$6:$R$805,"<"&((Settings!$C$5-WEEKDAY(Settings!$C$5,3))+39)*10000000)+1),1000),""),"") | AA11: =IFERROR(IF(INT(SMALL(Posts!$R$6:$R$805,COUNTIF(Posts!$R$6:$R$805,"<"&((Settings!$C$5-WEEKDAY(Settings!$C$5,3))+39)*10000000)+2)/10000000)=((Settings!$C$5-WEEKDAY(Settings!$C$5,3))+39),MOD(SMALL(Posts!$R$6:$R$805,COUNTIF(Posts!$R$6:$R$805,"<"&((Settings!$C$5-WEEKDAY(Settings!$C$5,3))+39)*10000000)+2),1000),""),"") | AB11: =IFERROR(IF(INT(SMALL(Posts!$R$6:$R$805,COUNTIF(Posts!$R$6:$R$805,"<"&((Settings!$C$5-WEEKDAY(Settings!$C$5,3))+39)*10000000)+3)/10000000)=((Settings!$C$5-WEEKDAY(Settings!$C$5,3))+39),MOD(SMALL(Posts!$R$6:$R$805,COUNTIF(Posts!$R$6:$R$805,"<"&((Settings!$C$5-WEEKDAY(Settings!$C$5,3))+39)*10000000)+3),1000),""),"") | AC11: =COUNTIFS(Posts!$R$6:$R$805,">="&((Settings!$C$5-WEEKDAY(Settings!$C$5,3))+39)*10000000,Posts!$R$6:$R$805,"<"&(((Settings!$C$5-WEEKDAY(Settings!$C$5,3))+39)+1)*10000000) | AD11: =IFERROR(IF(INT(SMALL(Posts!$R$6:$R$805,COUNTIF(Posts!$R$6:$R$805,"<"&((Settings!$C$5-WEEKDAY(Settings!$C$5,3))+40)*10000000)+1)/10000000)=((Settings!$C$5-WEEKDAY(Settings!$C$5,3))+40),MOD(SMALL(Posts!$R$6:$R$805,COUNTIF(Posts!$R$6:$R$805,"<"&((Settings!$C$5-WEEKDAY(Settings!$C$5,3))+40)*10000000)+1),1000),""),"") | AE11: =IFERROR(IF(INT(SMALL(Posts!$R$6:$R$805,COUNTIF(Posts!$R$6:$R$805,"<"&((Settings!$C$5-WEEKDAY(Settings!$C$5,3))+40)*10000000)+2)/10000000)=((Settings!$C$5-WEEKDAY(Settings!$C$5,3))+40),MOD(SMALL(Posts!$R$6:$R$805,COUNTIF(Posts!$R$6:$R$805,"<"&((Settings!$C$5-WEEKDAY(Settings!$C$5,3))+40)*10000000)+2),1000),""),"") | AF11: =IFERROR(IF(INT(SMALL(Posts!$R$6:$R$805,COUNTIF(Posts!$R$6:$R$805,"<"&((Settings!$C$5-WEEKDAY(Settings!$C$5,3))+40)*10000000)+3)/10000000)=((Settings!$C$5-WEEKDAY(Settings!$C$5,3))+40),MOD(SMALL(Posts!$R$6:$R$805,COUNTIF(Posts!$R$6:$R$805,"<"&((Settings!$C$5-WEEKDAY(Settings!$C$5,3))+40)*10000000)+3),1000),""),"") | AG11: =COUNTIFS(Posts!$R$6:$R$805,">="&((Settings!$C$5-WEEKDAY(Settings!$C$5,3))+40)*10000000,Posts!$R$6:$R$805,"<"&(((Settings!$C$5-WEEKDAY(Settings!$C$5,3))+40)+1)*10000000) | AH11: =IFERROR(IF(INT(SMALL(Posts!$R$6:$R$805,COUNTIF(Posts!$R$6:$R$805,"<"&((Settings!$C$5-WEEKDAY(Settings!$C$5,3))+41)*10000000)+1)/10000000)=((Settings!$C$5-WEEKDAY(Settings!$C$5,3))+41),MOD(SMALL(Posts!$R$6:$R$805,COUNTIF(Posts!$R$6:$R$805,"<"&((Settings!$C$5-WEEKDAY(Settings!$C$5,3))+41)*10000000)+1),1000),""),"") | AI11: =IFERROR(IF(INT(SMALL(Posts!$R$6:$R$805,COUNTIF(Posts!$R$6:$R$805,"<"&((Settings!$C$5-WEEKDAY(Settings!$C$5,3))+41)*10000000)+2)/10000000)=((Settings!$C$5-WEEKDAY(Settings!$C$5,3))+41),MOD(SMALL(Posts!$R$6:$R$805,COUNTIF(Posts!$R$6:$R$805,"<"&((Settings!$C$5-WEEKDAY(Settings!$C$5,3))+41)*10000000)+2),1000),""),"") | AJ11: =IFERROR(IF(INT(SMALL(Posts!$R$6:$R$805,COUNTIF(Posts!$R$6:$R$805,"<"&((Settings!$C$5-WEEKDAY(Settings!$C$5,3))+41)*10000000)+3)/10000000)=((Settings!$C$5-WEEKDAY(Settings!$C$5,3))+41),MOD(SMALL(Posts!$R$6:$R$805,COUNTIF(Posts!$R$6:$R$805,"<"&((Settings!$C$5-WEEKDAY(Settings!$C$5,3))+41)*10000000)+3),1000),""),"") | AK11: =COUNTIFS(Posts!$R$6:$R$805,">="&((Settings!$C$5-WEEKDAY(Settings!$C$5,3))+41)*10000000,Posts!$R$6:$R$805,"<"&(((Settings!$C$5-WEEKDAY(Settings!$C$5,3))+41)+1)*10000000)

Sheet Posts
B2: Posts
B3: Every post, from the idea to the results. The status moves along as it goes.
B5: Date | C5: Time | D5: Platform | E5: Type | F5: Topic | G5: Post | H5: Status | I5: Link or note | J5: Reach | K5: Likes | L5: Comments | M5: Shares | N5: Saves | O5: Interactions | P5: Rate | Q5: Check
B6: 46244 | C6: 0.52083333 | D6: Instagram | E6: Reel | F6: How to | G6: Styling a shelf | H6: Published | J6: 1911 | K6: 152 | L6: 28 | M6: 6 | N6: 24 | O6: =IF(COUNT(K6:N6)=0,"",SUM(K6:N6)) | P6: =IF(OR(O6="",N(J6)<=0),"",O6/J6) | Q6: =IF(V6=1,"Late","") | R6: =IF(ISNUMBER(B6),INT(B6)*10000000+IF(ISNUMBER(C6),ROUND(MOD(C6,1)*1440,0),0)*1000+ROW(),"") | S6: =IF(ISNUMBER(B6),INT(B6)-WEEKDAY(B6,3),"") | T6: =IF(ISNUMBER(B6),YEAR(B6)*100+MONTH(B6),"") | U6: =IF(AND(ISNUMBER(B6),H6<>"Published"),IF(INT(B6)>=TODAY(),R6,""),"") | V6: =IF(AND(ISNUMBER(B6),OR(H6="Draft",H6="Scheduled")),IF(INT(B6)<TODAY(),1,0),0) | W6: =IF(AND(H6="Published",N(O6)>0),IF(T6=(YEAR(TODAY())*100+MONTH(TODAY())),ROUND(O6,0)*1000+1000-ROW(),""),"")
B7: 46245 | C7: 0.375 | D7: Instagram | E7: Reel | F7: Customer stories | G7: Candle in a new home | H7: Published | J7: 2276 | K7: 133 | L7: 11 | M7: 11 | N7: 16 | O7: =IF(COUNT(K7:N7)=0,"",SUM(K7:N7)) | P7: =IF(OR(O7="",N(J7)<=0),"",O7/J7) | Q7: =IF(V7=1,"Late","") | R7: =IF(ISNUMBER(B7),INT(B7)*10000000+IF(ISNUMBER(C7),ROUND(MOD(C7,1)*1440,0),0)*1000+ROW(),"") | S7: =IF(ISNUMBER(B7),INT(B7)-WEEKDAY(B7,3),"") | T7: =IF(ISNUMBER(B7),YEAR(B7)*100+MONTH(B7),"") | U7: =IF(AND(ISNUMBER(B7),H7<>"Published"),IF(INT(B7)>=TODAY(),R7,""),"") | V7: =IF(AND(ISNUMBER(B7),OR(H7="Draft",H7="Scheduled")),IF(INT(B7)<TODAY(),1,0),0) | W7: =IF(AND(H7="Published",N(O7)>0),IF(T7=(YEAR(TODAY())*100+MONTH(TODAY())),ROUND(O7,0)*1000+1000-ROW(),""),"")
B8: 46245 | C8: 0.5 | D8: Pinterest | E8: Pin | F8: How to | G8: How to trim a wick | H8: Published | J8: 1684 | K8: 58 | L8: 7 | M8: 3 | N8: 10 | O8: =IF(COUNT(K8:N8)=0,"",SUM(K8:N8)) | P8: =IF(OR(O8="",N(J8)<=0),"",O8/J8) | Q8: =IF(V8=1,"Late","") | R8: =IF(ISNUMBER(B8),INT(B8)*10000000+IF(ISNUMBER(C8),ROUND(MOD(C8,1)*1440,0),0)*1000+ROW(),"") | S8: =IF(ISNUMBER(B8),INT(B8)-WEEKDAY(B8,3),"") | T8: =IF(ISNUMBER(B8),YEAR(B8)*100+MONTH(B8),"") | U8: =IF(AND(ISNUMBER(B8),H8<>"Published"),IF(INT(B8)>=TODAY(),R8,""),"") | V8: =IF(AND(ISNUMBER(B8),OR(H8="Draft",H8="Scheduled")),IF(INT(B8)<TODAY(),1,0),0) | W8: =IF(AND(H8="Published",N(O8)>0),IF(T8=(YEAR(TODAY())*100+MONTH(TODAY())),ROUND(O8,0)*1000+1000-ROW(),""),"")
B9: 46245 | C9: 0.5 | D9: Newsletter | E9: Email | F9: Tips | G9: Three cosy evening ideas | H9: Published | I9: Link in bio | J9: 565 | K9: 37 | L9: 2 | M9: 2 | N9: 10 | O9: =IF(COUNT(K9:N9)=0,"",SUM(K9:N9)) | P9: =IF(OR(O9="",N(J9)<=0),"",O9/J9) | Q9: =IF(V9=1,"Late","") | R9: =IF(ISNUMBER(B9),INT(B9)*10000000+IF(ISNUMBER(C9),ROUND(MOD(C9,1)*1440,0),0)*1000+ROW(),"") | S9: =IF(ISNUMBER(B9),INT(B9)-WEEKDAY(B9,3),"") | T9: =IF(ISNUMBER(B9),YEAR(B9)*100+MONTH(B9),"") | U9: =IF(AND(ISNUMBER(B9),H9<>"Published"),IF(INT(B9)>=TODAY(),R9,""),"") | V9: =IF(AND(ISNUMBER(B9),OR(H9="Draft",H9="Scheduled")),IF(INT(B9)<TODAY(),1,0),0) | W9: =IF(AND(H9="Published",N(O9)>0),IF(T9=(YEAR(TODAY())*100+MONTH(TODAY())),ROUND(O9,0)*1000+1000-ROW(),""),"")
B10: 46245 | C10: 0.79166667 | D10: YouTube | E10: Video | F10: How to | G10: How to get an even burn | H10: Published | J10: 684 | K10: 53 | L10: 8 | M10: 2 | N10: 7 | O10: =IF(COUNT(K10:N10)=0,"",SUM(K10:N10)) | P10: =IF(OR(O10="",N(J10)<=0),"",O10/J10) | Q10: =IF(V10=1,"Late","") | R10: =IF(ISNUMBER(B10),INT(B10)*10000000+IF(ISNUMBER(C10),ROUND(MOD(C10,1)*1440,0),0)*1000+ROW(),"") | S10: =IF(ISNUMBER(B10),INT(B10)-WEEKDAY(B10,3),"") | T10: =IF(ISNUMBER(B10),YEAR(B10)*100+MONTH(B10),"") | U10: =IF(AND(ISNUMBER(B10),H10<>"Published"),IF(INT(B10)>=TODAY(),R10,""),"") | V10: =IF(AND(ISNUMBER(B10),OR(H10="Draft",H10="Scheduled")),IF(INT(B10)<TODAY(),1,0),0) | W10: =IF(AND(H10="Published",N(O10)>0),IF(T10=(YEAR(TODAY())*100+MONTH(TODAY())),ROUND(O10,0)*1000+1000-ROW(),""),"")
B11: 46246 | C11: 0.5 | D11: TikTok | E11: Short | F11: Behind the scenes | G11: Studio tidy up | H11: Published | J11: 3415 | K11: 130 | L11: 10 | M11: 5 | N11: 21 | O11: =IF(COUNT(K11:N11)=0,"",SUM(K11:N11)) | P11: =IF(OR(O11="",N(J11)<=0),"",O11/J11) | Q11: =IF(V11=1,"Late","") | R11: =IF(ISNUMBER(B11),INT(B11)*10000000+IF(ISNUMBER(C11),ROUND(MOD(C11,1)*1440,0),0)*1000+ROW(),"") | S11: =IF(ISNUMBER(B11),INT(B11)-WEEKDAY(B11,3),"") | T11: =IF(ISNUMBER(B11),YEAR(B11)*100+MONTH(B11),"") | U11: =IF(AND(ISNUMBER(B11),H11<>"Published"),IF(INT(B11)>=TODAY(),R11,""),"") | V11: =IF(AND(ISNUMBER(B11),OR(H11="Draft",H11="Scheduled")),IF(INT(B11)<TODAY(),1,0),0) | W11: =IF(AND(H11="Published",N(O11)>0),IF(T11=(YEAR(TODAY())*100+MONTH(TODAY())),ROUND(O11,0)*1000+1000-ROW(),""),"")
B12: 46247 | C12: 0.39583333 | D12: Pinterest | E12: Pin | F12: New products | G12: Meet the new tin | H12: Published | J12: 1710 | K12: 100 | L12: 7 | M12: 8 | N12: 6 | O12: =IF(COUNT(K12:N12)=0,"",SUM(K12:N12)) | P12: =IF(OR(O12="",N(J12)<=0),"",O12/J12) | Q12: =IF(V12=1,"Late","") | R12: =IF(ISNUMBER(B12),INT(B12)*10000000+IF(ISNUMBER(C12),ROUND(MOD(C12,1)*1440,0),0)*1000+ROW(),"") | S12: =IF(ISNUMBER(B12),INT(B12)-WEEKDAY(B12,3),"") | T12: =IF(ISNUMBER(B12),YEAR(B12)*100+MONTH(B12),"") | U12: =IF(AND(ISNUMBER(B12),H12<>"Published"),IF(INT(B12)>=TODAY(),R12,""),"") | V12: =IF(AND(ISNUMBER(B12),OR(H12="Draft",H12="Scheduled")),IF(INT(B12)<TODAY(),1,0),0) | W12: =IF(AND(H12="Published",N(O12)>0),IF(T12=(YEAR(TODAY())*100+MONTH(TODAY())),ROUND(O12,0)*1000+1000-ROW(),""),"")
B13: 46247 | C13: 0.5 | D13: Instagram | E13: Carousel | F13: Customer stories | G13: Your photos this month | H13: Published | J13: 2195 | K13: 105 | L13: 20 | M13: 4 | N13: 21 | O13: =IF(COUNT(K13:N13)=0,"",SUM(K13:N13)) | P13: =IF(OR(O13="",N(J13)<=0),"",O13/J13) | Q13: =IF(V13=1,"Late","") | R13: =IF(ISNUMBER(B13),INT(B13)*10000000+IF(ISNUMBER(C13),ROUND(MOD(C13,1)*1440,0),0)*1000+ROW(),"") | S13: =IF(ISNUMBER(B13),INT(B13)-WEEKDAY(B13,3),"") | T13: =IF(ISNUMBER(B13),YEAR(B13)*100+MONTH(B13),"") | U13: =IF(AND(ISNUMBER(B13),H13<>"Published"),IF(INT(B13)>=TODAY(),R13,""),"") | V13: =IF(AND(ISNUMBER(B13),OR(H13="Draft",H13="Scheduled")),IF(INT(B13)<TODAY(),1,0),0) | W13: =IF(AND(H13="Published",N(O13)>0),IF(T13=(YEAR(TODAY())*100+MONTH(TODAY())),ROUND(O13,0)*1000+1000-ROW(),""),"")
B14: 46248 | C14: 0.77083333 | D14: TikTok | E14: Short | F14: Customer stories | G14: Candle in a new home | H14: Published | J14: 4628 | K14: 346 | L14: 69 | M14: 14 | N14: 100 | O14: =IF(COUNT(K14:N14)=0,"",SUM(K14:N14)) | P14: =IF(OR(O14="",N(J14)<=0),"",O14/J14) | Q14: =IF(V14=1,"Late","") | R14: =IF(ISNUMBER(B14),INT(B14)*10000000+IF(ISNUMBER(C14),ROUND(MOD(C14,1)*1440,0),0)*1000+ROW(),"") | S14: =IF(ISNUMBER(B14),INT(B14)-WEEKDAY(B14,3),"") | T14: =IF(ISNUMBER(B14),YEAR(B14)*100+MONTH(B14),"") | U14: =IF(AND(ISNUMBER(B14),H14<>"Published"),IF(INT(B14)>=TODAY(),R14,""),"") | V14: =IF(AND(ISNUMBER(B14),OR(H14="Draft",H14="Scheduled")),IF(INT(B14)<TODAY(),1,0),0) | W14: =IF(AND(H14="Published",N(O14)>0),IF(T14=(YEAR(TODAY())*100+MONTH(TODAY())),ROUND(O14,0)*1000+1000-ROW(),""),"")
B15: 46249 | C15: 0.75 | D15: Instagram | E15: Post | F15: Behind the scenes | G15: Packing orders | H15: Published | J15: 1813 | K15: 42 | L15: 7 | M15: 3 | N15: 6 | O15: =IF(COUNT(K15:N15)=0,"",SUM(K15:N15)) | P15: =IF(OR(O15="",N(J15)<=0),"",O15/J15) | Q15: =IF(V15=1,"Late","") | R15: =IF(ISNUMBER(B15),INT(B15)*10000000+IF(ISNUMBER(C15),ROUND(MOD(C15,1)*1440,0),0)*1000+ROW(),"") | S15: =IF(ISNUMBER(B15),INT(B15)-WEEKDAY(B15,3),"") | T15: =IF(ISNUMBER(B15),YEAR(B15)*100+MONTH(B15),"") | U15: =IF(AND(ISNUMBER(B15),H15<>"Published"),IF(INT(B15)>=TODAY(),R15,""),"") | V15: =IF(AND(ISNUMBER(B15),OR(H15="Draft",H15="Scheduled")),IF(INT(B15)<TODAY(),1,0),0) | W15: =IF(AND(H15="Published",N(O15)>0),IF(T15=(YEAR(TODAY())*100+MONTH(TODAY())),ROUND(O15,0)*1000+1000-ROW(),""),"")
B16: 46249 | C16: 0.8125 | D16: Pinterest | E16: Pin | F16: New products | G16: Refill jars | H16: Published | J16: 1359 | K16: 101 | L16: 13 | M16: 7 | N16: 11 | O16: =IF(COUNT(K16:N16)=0,"",SUM(K16:N16)) | P16: =IF(OR(O16="",N(J16)<=0),"",O16/J16) | Q16: =IF(V16=1,"Late","") | R16: =IF(ISNUMBER(B16),INT(B16)*10000000+IF(ISNUMBER(C16),ROUND(MOD(C16,1)*1440,0),0)*1000+ROW(),"") | S16: =IF(ISNUMBER(B16),INT(B16)-WEEKDAY(B16,3),"") | T16: =IF(ISNUMBER(B16),YEAR(B16)*100+MONTH(B16),"") | U16: =IF(AND(ISNUMBER(B16),H16<>"Published"),IF(INT(B16)>=TODAY(),R16,""),"") | V16: =IF(AND(ISNUMBER(B16),OR(H16="Draft",H16="Scheduled")),IF(INT(B16)<TODAY(),1,0),0) | W16: =IF(AND(H16="Published",N(O16)>0),IF(T16=(YEAR(TODAY())*100+MONTH(TODAY())),ROUND(O16,0)*1000+1000-ROW(),""),"")
B17: 46250 | C17: 0.52083333 | D17: TikTok | E17: Short | F17: How to | G17: Care for your candle | H17: Published | J17: 4612 | K17: 207 | L17: 29 | M17: 11 | N17: 37 | O17: =IF(COUNT(K17:N17)=0,"",SUM(K17:N17)) | P17: =IF(OR(O17="",N(J17)<=0),"",O17/J17) | Q17: =IF(V17=1,"Late","") | R17: =IF(ISNUMBER(B17),INT(B17)*10000000+IF(ISNUMBER(C17),ROUND(MOD(C17,1)*1440,0),0)*1000+ROW(),"") | S17: =IF(ISNUMBER(B17),INT(B17)-WEEKDAY(B17,3),"") | T17: =IF(ISNUMBER(B17),YEAR(B17)*100+MONTH(B17),"") | U17: =IF(AND(ISNUMBER(B17),H17<>"Published"),IF(INT(B17)>=TODAY(),R17,""),"") | V17: =IF(AND(ISNUMBER(B17),OR(H17="Draft",H17="Scheduled")),IF(INT(B17)<TODAY(),1,0),0) | W17: =IF(AND(H17="Published",N(O17)>0),IF(T17=(YEAR(TODAY())*100+MONTH(TODAY())),ROUND(O17,0)*1000+1000-ROW(),""),"")
B18: 46251 | C18: 0.52083333 | D18: Instagram | E18: Reel | F18: Customer stories | G18: Your photos this month | H18: Published | J18: 2242 | K18: 64 | L18: 7 | M18: 2 | N18: 16 | O18: =IF(COUNT(K18:N18)=0,"",SUM(K18:N18)) | P18: =IF(OR(O18="",N(J18)<=0),"",O18/J18) | Q18: =IF(V18=1,"Late","") | R18: =IF(ISNUMBER(B18),INT(B18)*10000000+IF(ISNUMBER(C18),ROUND(MOD(C18,1)*1440,0),0)*1000+ROW(),"") | S18: =IF(ISNUMBER(B18),INT(B18)-WEEKDAY(B18,3),"") | T18: =IF(ISNUMBER(B18),YEAR(B18)*100+MONTH(B18),"") | U18: =IF(AND(ISNUMBER(B18),H18<>"Published"),IF(INT(B18)>=TODAY(),R18,""),"") | V18: =IF(AND(ISNUMBER(B18),OR(H18="Draft",H18="Scheduled")),IF(INT(B18)<TODAY(),1,0),0) | W18: =IF(AND(H18="Published",N(O18)>0),IF(T18=(YEAR(TODAY())*100+MONTH(TODAY())),ROUND(O18,0)*1000+1000-ROW(),""),"")
B19: 46252 | C19: 0.39583333 | D19: Instagram | E19: Post | F19: Behind the scenes | G19: Packing orders | H19: Published | J19: 1377 | K19: 43 | L19: 6 | M19: 1 | N19: 10 | O19: =IF(COUNT(K19:N19)=0,"",SUM(K19:N19)) | P19: =IF(OR(O19="",N(J19)<=0),"",O19/J19) | Q19: =IF(V19=1,"Late","") | R19: =IF(ISNUMBER(B19),INT(B19)*10000000+IF(ISNUMBER(C19),ROUND(MOD(C19,1)*1440,0),0)*1000+ROW(),"") | S19: =IF(ISNUMBER(B19),INT(B19)-WEEKDAY(B19,3),"") | T19: =IF(ISNUMBER(B19),YEAR(B19)*100+MONTH(B19),"") | U19: =IF(AND(ISNUMBER(B19),H19<>"Published"),IF(INT(B19)>=TODAY(),R19,""),"") | V19: =IF(AND(ISNUMBER(B19),OR(H19="Draft",H19="Scheduled")),IF(INT(B19)<TODAY(),1,0),0) | W19: =IF(AND(H19="Published",N(O19)>0),IF(T19=(YEAR(TODAY())*100+MONTH(TODAY())),ROUND(O19,0)*1000+1000-ROW(),""),"")
B20: 46252 | C20: 0.39583333 | D20: YouTube | E20: Video | F20: How to | G20: How to trim a wick | H20: Published | J20: 957 | K20: 42 | L20: 8 | M20: 1 | N20: 9 | O20: =IF(COUNT(K20:N20)=0,"",SUM(K20:N20)) | P20: =IF(OR(O20="",N(J20)<=0),"",O20/J20) | Q20: =IF(V20=1,"Late","") | R20: =IF(ISNUMBER(B20),INT(B20)*10000000+IF(ISNUMBER(C20),ROUND(MOD(C20,1)*1440,0),0)*1000+ROW(),"") | S20: =IF(ISNUMBER(B20),INT(B20)-WEEKDAY(B20,3),"") | T20: =IF(ISNUMBER(B20),YEAR(B20)*100+MONTH(B20),"") | U20: =IF(AND(ISNUMBER(B20),H20<>"Published"),IF(INT(B20)>=TODAY(),R20,""),"") | V20: =IF(AND(ISNUMBER(B20),OR(H20="Draft",H20="Scheduled")),IF(INT(B20)<TODAY(),1,0),0) | W20: =IF(AND(H20="Published",N(O20)>0),IF(T20=(YEAR(TODAY())*100+MONTH(TODAY())),ROUND(O20,0)*1000+1000-ROW(),""),"")
B21: 46252 | C21: 0.52083333 | D21: Pinterest | E21: Pin | F21: Tips | G21: Scent for small rooms | H21: Published | J21: 1449 | K21: 72 | L21: 12 | M21: 4 | N21: 8 | O21: =IF(COUNT(K21:N21)=0,"",SUM(K21:N21)) | P21: =IF(OR(O21="",N(J21)<=0),"",O21/J21) | Q21: =IF(V21=1,"Late","") | R21: =IF(ISNUMBER(B21),INT(B21)*10000000+IF(ISNUMBER(C21),ROUND(MOD(C21,1)*1440,0),0)*1000+ROW(),"") | S21: =IF(ISNUMBER(B21),INT(B21)-WEEKDAY(B21,3),"") | T21: =IF(ISNUMBER(B21),YEAR(B21)*100+MONTH(B21),"") | U21: =IF(AND(ISNUMBER(B21),H21<>"Published"),IF(INT(B21)>=TODAY(),R21,""),"") | V21: =IF(AND(ISNUMBER(B21),OR(H21="Draft",H21="Scheduled")),IF(INT(B21)<TODAY(),1,0),0) | W21: =IF(AND(H21="Published",N(O21)>0),IF(T21=(YEAR(TODAY())*100+MONTH(TODAY())),ROUND(O21,0)*1000+1000-ROW(),""),"")
... B85: 46289 | C85: 0.75 | D85: Pinterest | E85: Pin | F85: New products | G85: Gift box sneak peek | H85: Published | J85: 1379 | K85: 96 | L85: 14 | M85: 4 | N85: 22 | O85: =IF(COUNT(K85:N85)=0,"",SUM(K85:N85)) | P85: =IF(OR(O85="",N(J85)<=0),"",O85/J85) | Q85: =IF(V85=1,"Late","") | R85: =IF(ISNUMBER(B85),INT(B85)*10000000+IF(ISNUMBER(C85),ROUND(MOD(C85,1)*1440,0),0)*1000+ROW(),"") | S85: =IF(ISNUMBER(B85),INT(B85)-WEEKDAY(B85,3),"") | T85: =IF(ISNUMBER(B85),YEAR(B85)*100+MONTH(B85),"") | U85: =IF(AND(ISNUMBER(B85),H85<>"Published"),IF(INT(B85)>=TODAY(),R85,""),"") | V85: =IF(AND(ISNUMBER(B85),OR(H85="Draft",H85="Scheduled")),IF(INT(B85)<TODAY(),1,0),0) | W85: =IF(AND(H85="Published",N(O85)>0),IF(T85=(YEAR(TODAY())*100+MONTH(TODAY())),ROUND(O85,0)*1000+1000-ROW(),""),"")
B86: 46290 | C86: 0.39583333 | D86: TikTok | E86: Short | F86: Behind the scenes | G86: Packing orders | H86: Scheduled | O86: =IF(COUNT(K86:N86)=0,"",SUM(K86:N86)) | P86: =IF(OR(O86="",N(J86)<=0),"",O86/J86) | Q86: =IF(V86=1,"Late","") | R86: =IF(ISNUMBER(B86),INT(B86)*10000000+IF(ISNUMBER(C86),ROUND(MOD(C86,1)*1440,0),0)*1000+ROW(),"") | S86: =IF(ISNUMBER(B86),INT(B86)-WEEKDAY(B86,3),"") | T86: =IF(ISNUMBER(B86),YEAR(B86)*100+MONTH(B86),"") | U86: =IF(AND(ISNUMBER(B86),H86<>"Published"),IF(INT(B86)>=TODAY(),R86,""),"") | V86: =IF(AND(ISNUMBER(B86),OR(H86="Draft",H86="Scheduled")),IF(INT(B86)<TODAY(),1,0),0) | W86: =IF(AND(H86="Published",N(O86)>0),IF(T86=(YEAR(TODAY())*100+MONTH(TODAY())),ROUND(O86,0)*1000+1000-ROW(),""),"")
B87: 46291 | C87: 0.5 | D87: Pinterest | E87: Pin | F87: Customer stories | G87: A lovely review | H87: Published | J87: 1654 | K87: 128 | L87: 24 | M87: 11 | N87: 35 | O87: =IF(COUNT(K87:N87)=0,"",SUM(K87:N87)) | P87: =IF(OR(O87="",N(J87)<=0),"",O87/J87) | Q87: =IF(V87=1,"Late","") | R87: =IF(ISNUMBER(B87),INT(B87)*10000000+IF(ISNUMBER(C87),ROUND(MOD(C87,1)*1440,0),0)*1000+ROW(),"") | S87: =IF(ISNUMBER(B87),INT(B87)-WEEKDAY(B87,3),"") | T87: =IF(ISNUMBER(B87),YEAR(B87)*100+MONTH(B87),"") | U87: =IF(AND(ISNUMBER(B87),H87<>"Published"),IF(INT(B87)>=TODAY(),R87,""),"") | V87: =IF(AND(ISNUMBER(B87),OR(H87="Draft",H87="Scheduled")),IF(INT(B87)<TODAY(),1,0),0) | W87: =IF(AND(H87="Published",N(O87)>0),IF(T87=(YEAR(TODAY())*100+MONTH(TODAY())),ROUND(O87,0)*1000+1000-ROW(),""),"")
B88: 46291 | C88: 0.8125 | D88: Instagram | E88: Post | F88: Behind the scenes | G88: Testing a new wick | H88: Scheduled | O88: =IF(COUNT(K88:N88)=0,"",SUM(K88:N88)) | P88: =IF(OR(O88="",N(J88)<=0),"",O88/J88) | Q88: =IF(V88=1,"Late","") | R88: =IF(ISNUMBER(B88),INT(B88)*10000000+IF(ISNUMBER(C88),ROUND(MOD(C88,1)*1440,0),0)*1000+ROW(),"") | S88: =IF(ISNUMBER(B88),INT(B88)-WEEKDAY(B88,3),"") | T88: =IF(ISNUMBER(B88),YEAR(B88)*100+MONTH(B88),"") | U88: =IF(AND(ISNUMBER(B88),H88<>"Published"),IF(INT(B88)>=TODAY(),R88,""),"") | V88: =IF(AND(ISNUMBER(B88),OR(H88="Draft",H88="Scheduled")),IF(INT(B88)<TODAY(),1,0),0) | W88: =IF(AND(H88="Published",N(O88)>0),IF(T88=(YEAR(TODAY())*100+MONTH(TODAY())),ROUND(O88,0)*1000+1000-ROW(),""),"")
B89: 46292 | C89: 0.52083333 | D89: TikTok | E89: Short | F89: Tips | G89: Scent for small rooms | H89: Published | J89: 2034 | K89: 117 | L89: 17 | M89: 11 | N89: 25 | O89: =IF(COUNT(K89:N89)=0,"",SUM(K89:N89)) | P89: =IF(OR(O89="",N(J89)<=0),"",O89/J89) | Q89: =IF(V89=1,"Late","") | R89: =IF(ISNUMBER(B89),INT(B89)*10000000+IF(ISNUMBER(C89),ROUND(MOD(C89,1)*1440,0),0)*1000+ROW(),"") | S89: =IF(ISNUMBER(B89),INT(B89)-WEEKDAY(B89,3),"") | T89: =IF(ISNUMBER(B89),YEAR(B89)*100+MONTH(B89),"") | U89: =IF(AND(ISNUMBER(B89),H89<>"Published"),IF(INT(B89)>=TODAY(),R89,""),"") | V89: =IF(AND(ISNUMBER(B89),OR(H89="Draft",H89="Scheduled")),IF(INT(B89)<TODAY(),1,0),0) | W89: =IF(AND(H89="Published",N(O89)>0),IF(T89=(YEAR(TODAY())*100+MONTH(TODAY())),ROUND(O89,0)*1000+1000-ROW(),""),"")
B90: 46293 | C90: 0.75 | D90: Instagram | E90: Reel | F90: Behind the scenes | G90: A day at the market | H90: Scheduled | O90: =IF(COUNT(K90:N90)=0,"",SUM(K90:N90)) | P90: =IF(OR(O90="",N(J90)<=0),"",O90/J90) | Q90: =IF(V90=1,"Late","") | R90: =IF(ISNUMBER(B90),INT(B90)*10000000+IF(ISNUMBER(C90),ROUND(MOD(C90,1)*1440,0),0)*1000+ROW(),"") | S90: =IF(ISNUMBER(B90),INT(B90)-WEEKDAY(B90,3),"") | T90: =IF(ISNUMBER(B90),YEAR(B90)*100+MONTH(B90),"") | U90: =IF(AND(ISNUMBER(B90),H90<>"Published"),IF(INT(B90)>=TODAY(),R90,""),"") | V90: =IF(AND(ISNUMBER(B90),OR(H90="Draft",H90="Scheduled")),IF(INT(B90)<TODAY(),1,0),0) | W90: =IF(AND(H90="Published",N(O90)>0),IF(T90=(YEAR(TODAY())*100+MONTH(TODAY())),ROUND(O90,0)*1000+1000-ROW(),""),"")
B91: 46294 | C91: 0.375 | D91: Pinterest | E91: Pin | F91: Tips | G91: Scent for small rooms | H91: Scheduled | O91: =IF(COUNT(K91:N91)=0,"",SUM(K91:N91)) | P91: =IF(OR(O91="",N(J91)<=0),"",O91/J91) | Q91: =IF(V91=1,"Late","") | R91: =IF(ISNUMBER(B91),INT(B91)*10000000+IF(ISNUMBER(C91),ROUND(MOD(C91,1)*1440,0),0)*1000+ROW(),"") | S91: =IF(ISNUMBER(B91),INT(B91)-WEEKDAY(B91,3),"") | T91: =IF(ISNUMBER(B91),YEAR(B91)*100+MONTH(B91),"") | U91: =IF(AND(ISNUMBER(B91),H91<>"Published"),IF(INT(B91)>=TODAY(),R91,""),"") | V91: =IF(AND(ISNUMBER(B91),OR(H91="Draft",H91="Scheduled")),IF(INT(B91)<TODAY(),1,0),0) | W91: =IF(AND(H91="Published",N(O91)>0),IF(T91=(YEAR(TODAY())*100+MONTH(TODAY())),ROUND(O91,0)*1000+1000-ROW(),""),"")
B92: 46294 | C92: 0.39583333 | D92: Newsletter | E92: Email | F92: Tips | G92: Three cosy evening ideas | H92: Draft | O92: =IF(COUNT(K92:N92)=0,"",SUM(K92:N92)) | P92: =IF(OR(O92="",N(J92)<=0),"",O92/J92) | Q92: =IF(V92=1,"Late","") | R92: =IF(ISNUMBER(B92),INT(B92)*10000000+IF(ISNUMBER(C92),ROUND(MOD(C92,1)*1440,0),0)*1000+ROW(),"") | S92: =IF(ISNUMBER(B92),INT(B92)-WEEKDAY(B92,3),"") | T92: =IF(ISNUMBER(B92),YEAR(B92)*100+MONTH(B92),"") | U92: =IF(AND(ISNUMBER(B92),H92<>"Published"),IF(INT(B92)>=TODAY(),R92,""),"") | V92: =IF(AND(ISNUMBER(B92),OR(H92="Draft",H92="Scheduled")),IF(INT(B92)<TODAY(),1,0),0) | W92: =IF(AND(H92="Published",N(O92)>0),IF(T92=(YEAR(TODAY())*100+MONTH(TODAY())),ROUND(O92,0)*1000+1000-ROW(),""),"")
B93: 46294 | C93: 0.52083333 | D93: Instagram | E93: Post | F93: Customer stories | G93: A lovely review | H93: Scheduled | O93: =IF(COUNT(K93:N93)=0,"",SUM(K93:N93)) | P93: =IF(OR(O93="",N(J93)<=0),"",O93/J93) | Q93: =IF(V93=1,"Late","") | R93: =IF(ISNUMBER(B93),INT(B93)*10000000+IF(ISNUMBER(C93),ROUND(MOD(C93,1)*1440,0),0)*1000+ROW(),"") | S93: =IF(ISNUMBER(B93),INT(B93)-WEEKDAY(B93,3),"") | T93: =IF(ISNUMBER(B93),YEAR(B93)*100+MONTH(B93),"") | U93: =IF(AND(ISNUMBER(B93),H93<>"Published"),IF(INT(B93)>=TODAY(),R93,""),"") | V93: =IF(AND(ISNUMBER(B93),OR(H93="Draft",H93="Scheduled")),IF(INT(B93)<TODAY(),1,0),0) | W93: =IF(AND(H93="Published",N(O93)>0),IF(T93=(YEAR(TODAY())*100+MONTH(TODAY())),ROUND(O93,0)*1000+1000-ROW(),""),"")
B94: 46294 | C94: 0.77083333 | D94: YouTube | E94: Video | F94: Customer stories | G94: Candle in a new home | H94: Scheduled | O94: =IF(COUNT(K94:N94)=0,"",SUM(K94:N94)) | P94: =IF(OR(O94="",N(J94)<=0),"",O94/J94) | Q94: =IF(V94=1,"Late","") | R94: =IF(ISNUMBER(B94),INT(B94)*10000000+IF(ISNUMBER(C94),ROUND(MOD(C94,1)*1440,0),0)*1000+ROW(),"") | S94: =IF(ISNUMBER(B94),INT(B94)-WEEKDAY(B94,3),"") | T94: =IF(ISNUMBER(B94),YEAR(B94)*100+MONTH(B94),"") | U94: =IF(AND(ISNUMBER(B94),H94<>"Published"),IF(INT(B94)>=TODAY(),R94,""),"") | V94: =IF(AND(ISNUMBER(B94),OR(H94="Draft",H94="Scheduled")),IF(INT(B94)<TODAY(),1,0),0) | W94: =IF(AND(H94="Published",N(O94)>0),IF(T94=(YEAR(TODAY())*100+MONTH(TODAY())),ROUND(O94,0)*1000+1000-ROW(),""),"")
B95: 46295 | C95: 0.77083333 | D95: TikTok | E95: Short | F95: How to | G95: Styling a shelf | H95: Scheduled | O95: =IF(COUNT(K95:N95)=0,"",SUM(K95:N95)) | P95: =IF(OR(O95="",N(J95)<=0),"",O95/J95) | Q95: =IF(V95=1,"Late","") | R95: =IF(ISNUMBER(B95),INT(B95)*10000000+IF(ISNUMBER(C95),ROUND(MOD(C95,1)*1440,0),0)*1000+ROW(),"") | S95: =IF(ISNUMBER(B95),INT(B95)-WEEKDAY(B95,3),"") | T95: =IF(ISNUMBER(B95),YEAR(B95)*100+MONTH(B95),"") | U95: =IF(AND(ISNUMBER(B95),H95<>"Published"),IF(INT(B95)>=TODAY(),R95,""),"") | V95: =IF(AND(ISNUMBER(B95),OR(H95="Draft",H95="Scheduled")),IF(INT(B95)<TODAY(),1,0),0) | W95: =IF(AND(H95="Published",N(O95)>0),IF(T95=(YEAR(TODAY())*100+MONTH(TODAY())),ROUND(O95,0)*1000+1000-ROW(),""),"")
B96: 46296 | C96: 0.375 | D96: Pinterest | E96: Pin | F96: Customer stories | G96: Your photos this month | H96: Scheduled | O96: =IF(COUNT(K96:N96)=0,"",SUM(K96:N96)) | P96: =IF(OR(O96="",N(J96)<=0),"",O96/J96) | Q96: =IF(V96=1,"Late","") | R96: =IF(ISNUMBER(B96),INT(B96)*10000000+IF(ISNUMBER(C96),ROUND(MOD(C96,1)*1440,0),0)*1000+ROW(),"") | S96: =IF(ISNUMBER(B96),INT(B96)-WEEKDAY(B96,3),"") | T96: =IF(ISNUMBER(B96),YEAR(B96)*100+MONTH(B96),"") | U96: =IF(AND(ISNUMBER(B96),H96<>"Published"),IF(INT(B96)>=TODAY(),R96,""),"") | V96: =IF(AND(ISNUMBER(B96),OR(H96="Draft",H96="Scheduled")),IF(INT(B96)<TODAY(),1,0),0) | W96: =IF(AND(H96="Published",N(O96)>0),IF(T96=(YEAR(TODAY())*100+MONTH(TODAY())),ROUND(O96,0)*1000+1000-ROW(),""),"")
B97: 46296 | C97: 0.5 | D97: Instagram | E97: Carousel | F97: Tips | G97: Three cosy evening ideas | H97: Draft | O97: =IF(COUNT(K97:N97)=0,"",SUM(K97:N97)) | P97: =IF(OR(O97="",N(J97)<=0),"",O97/J97) | Q97: =IF(V97=1,"Late","") | R97: =IF(ISNUMBER(B97),INT(B97)*10000000+IF(ISNUMBER(C97),ROUND(MOD(C97,1)*1440,0),0)*1000+ROW(),"") | S97: =IF(ISNUMBER(B97),INT(B97)-WEEKDAY(B97,3),"") | T97: =IF(ISNUMBER(B97),YEAR(B97)*100+MONTH(B97),"") | U97: =IF(AND(ISNUMBER(B97),H97<>"Published"),IF(INT(B97)>=TODAY(),R97,""),"") | V97: =IF(AND(ISNUMBER(B97),OR(H97="Draft",H97="Scheduled")),IF(INT(B97)<TODAY(),1,0),0) | W97: =IF(AND(H97="Published",N(O97)>0),IF(T97=(YEAR(TODAY())*100+MONTH(TODAY())),ROUND(O97,0)*1000+1000-ROW(),""),"")
B98: 46297 | C98: 0.52083333 | D98: TikTok | E98: Short | F98: New products | G98: Autumn scents are here | H98: Draft | O98: =IF(COUNT(K98:N98)=0,"",SUM(K98:N98)) | P98: =IF(OR(O98="",N(J98)<=0),"",O98/J98) | Q98: =IF(V98=1,"Late","") | R98: =IF(ISNUMBER(B98),INT(B98)*10000000+IF(ISNUMBER(C98),ROUND(MOD(C98,1)*1440,0),0)*1000+ROW(),"") | S98: =IF(ISNUMBER(B98),INT(B98)-WEEKDAY(B98,3),"") | T98: =IF(ISNUMBER(B98),YEAR(B98)*100+MONTH(B98),"") | U98: =IF(AND(ISNUMBER(B98),H98<>"Published"),IF(INT(B98)>=TODAY(),R98,""),"") | V98: =IF(AND(ISNUMBER(B98),OR(H98="Draft",H98="Scheduled")),IF(INT(B98)<TODAY(),1,0),0) | W98: =IF(AND(H98="Published",N(O98)>0),IF(T98=(YEAR(TODAY())*100+MONTH(TODAY())),ROUND(O98,0)*1000+1000-ROW(),""),"")
B99: 46298 | C99: 0.77083333 | D99: Instagram | E99: Carousel | F99: Customer stories | G99: Your photos this month | H99: Scheduled | O99: =IF(COUNT(K99:N99)=0,"",SUM(K99:N99)) | P99: =IF(OR(O99="",N(J99)<=0),"",O99/J99) | Q99: =IF(V99=1,"Late","") | R99: =IF(ISNUMBER(B99),INT(B99)*10000000+IF(ISNUMBER(C99),ROUND(MOD(C99,1)*1440,0),0)*1000+ROW(),"") | S99: =IF(ISNUMBER(B99),INT(B99)-WEEKDAY(B99,3),"") | T99: =IF(ISNUMBER(B99),YEAR(B99)*100+MONTH(B99),"") | U99: =IF(AND(ISNUMBER(B99),H99<>"Published"),IF(INT(B99)>=TODAY(),R99,""),"") | V99: =IF(AND(ISNUMBER(B99),OR(H99="Draft",H99="Scheduled")),IF(INT(B99)<TODAY(),1,0),0) | W99: =IF(AND(H99="Published",N(O99)>0),IF(T99=(YEAR(TODAY())*100+MONTH(TODAY())),ROUND(O99,0)*1000+1000-ROW(),""),"")
B100: 46298 | C100: 0.77083333 | D100: Pinterest | E100: Pin | F100: Customer stories | G100: A lovely review | H100: Scheduled | O100: =IF(COUNT(K100:N100)=0,"",SUM(K100:N100)) | P100: =IF(OR(O100="",N(J100)<=0),"",O100/J100) | Q100: =IF(V100=1,"Late","") | R100: =IF(ISNUMBER(B100),INT(B100)*10000000+IF(ISNUMBER(C100),ROUND(MOD(C100,1)*1440,0),0)*1000+ROW(),"") | S100: =IF(ISNUMBER(B100),INT(B100)-WEEKDAY(B100,3),"") | T100: =IF(ISNUMBER(B100),YEAR(B100)*100+MONTH(B100),"") | U100: =IF(AND(ISNUMBER(B100),H100<>"Published"),IF(INT(B100)>=TODAY(),R100,""),"") | V100: =IF(AND(ISNUMBER(B100),OR(H100="Draft",H100="Scheduled")),IF(INT(B100)<TODAY(),1,0),0) | W100: =IF(AND(H100="Published",N(O100)>0),IF(T100=(YEAR(TODAY())*100+MONTH(TODAY())),ROUND(O100,0)*1000+1000-ROW(),""),"")
B101: 46299 | C101: 0.375 | D101: TikTok | E101: Short | F101: Behind the scenes | G101: Packing orders | H101: Scheduled | O101: =IF(COUNT(K101:N101)=0,"",SUM(K101:N101)) | P101: =IF(OR(O101="",N(J101)<=0),"",O101/J101) | Q101: =IF(V101=1,"Late","") | R101: =IF(ISNUMBER(B101),INT(B101)*10000000+IF(ISNUMBER(C101),ROUND(MOD(C101,1)*1440,0),0)*1000+ROW(),"") | S101: =IF(ISNUMBER(B101),INT(B101)-WEEKDAY(B101,3),"") | T101: =IF(ISNUMBER(B101),YEAR(B101)*100+MONTH(B101),"") | U101: =IF(AND(ISNUMBER(B101),H101<>"Published"),IF(INT(B101)>=TODAY(),R101,""),"") | V101: =IF(AND(ISNUMBER(B101),OR(H101="Draft",H101="Scheduled")),IF(INT(B101)<TODAY(),1,0),0) | W101: =IF(AND(H101="Published",N(O101)>0),IF(T101=(YEAR(TODAY())*100+MONTH(TODAY())),ROUND(O101,0)*1000+1000-ROW(),""),"")
... B125: 46313 | C125: 0.75 | D125: TikTok | E125: Short | F125: Tips | G125: Scent for small rooms | H125: Idea | O125: =IF(COUNT(K125:N125)=0,"",SUM(K125:N125)) | P125: =IF(OR(O125="",N(J125)<=0),"",O125/J125) | Q125: =IF(V125=1,"Late","") | R125: =IF(ISNUMBER(B125),INT(B125)*10000000+IF(ISNUMBER(C125),ROUND(MOD(C125,1)*1440,0),0)*1000+ROW(),"") | S125: =IF(ISNUMBER(B125),INT(B125)-WEEKDAY(B125,3),"") | T125: =IF(ISNUMBER(B125),YEAR(B125)*100+MONTH(B125),"") | U125: =IF(AND(ISNUMBER(B125),H125<>"Published"),IF(INT(B125)>=TODAY(),R125,""),"") | V125: =IF(AND(ISNUMBER(B125),OR(H125="Draft",H125="Scheduled")),IF(INT(B125)<TODAY(),1,0),0) | W125: =IF(AND(H125="Published",N(O125)>0),IF(T125=(YEAR(TODAY())*100+MONTH(TODAY())),ROUND(O125,0)*1000+1000-ROW(),""),"")
D126: YouTube | E126: Video | F126: How to | G126: Candle making kit video | H126: Idea | O126: =IF(COUNT(K126:N126)=0,"",SUM(K126:N126)) | P126: =IF(OR(O126="",N(J126)<=0),"",O126/J126) | Q126: =IF(V126=1,"Late","") | R126: =IF(ISNUMBER(B126),INT(B126)*10000000+IF(ISNUMBER(C126),ROUND(MOD(C126,1)*1440,0),0)*1000+ROW(),"") | S126: =IF(ISNUMBER(B126),INT(B126)-WEEKDAY(B126,3),"") | T126: =IF(ISNUMBER(B126),YEAR(B126)*100+MONTH(B126),"") | U126: =IF(AND(ISNUMBER(B126),H126<>"Published"),IF(INT(B126)>=TODAY(),R126,""),"") | V126: =IF(AND(ISNUMBER(B126),OR(H126="Draft",H126="Scheduled")),IF(INT(B126)<TODAY(),1,0),0) | W126: =IF(AND(H126="Published",N(O126)>0),IF(T126=(YEAR(TODAY())*100+MONTH(TODAY())),ROUND(O126,0)*1000+1000-ROW(),""),"")
D127: Pinterest | E127: Pin | F127: New products | G127: Holiday gift guide | H127: Idea | O127: =IF(COUNT(K127:N127)=0,"",SUM(K127:N127)) | P127: =IF(OR(O127="",N(J127)<=0),"",O127/J127) | Q127: =IF(V127=1,"Late","") | R127: =IF(ISNUMBER(B127),INT(B127)*10000000+IF(ISNUMBER(C127),ROUND(MOD(C127,1)*1440,0),0)*1000+ROW(),"") | S127: =IF(ISNUMBER(B127),INT(B127)-WEEKDAY(B127,3),"") | T127: =IF(ISNUMBER(B127),YEAR(B127)*100+MONTH(B127),"") | U127: =IF(AND(ISNUMBER(B127),H127<>"Published"),IF(INT(B127)>=TODAY(),R127,""),"") | V127: =IF(AND(ISNUMBER(B127),OR(H127="Draft",H127="Scheduled")),IF(INT(B127)<TODAY(),1,0),0) | W127: =IF(AND(H127="Published",N(O127)>0),IF(T127=(YEAR(TODAY())*100+MONTH(TODAY())),ROUND(O127,0)*1000+1000-ROW(),""),"")
D128: Instagram | E128: Post | F128: Behind the scenes | G128: Ask me anything | H128: Idea | O128: =IF(COUNT(K128:N128)=0,"",SUM(K128:N128)) | P128: =IF(OR(O128="",N(J128)<=0),"",O128/J128) | Q128: =IF(V128=1,"Late","") | R128: =IF(ISNUMBER(B128),INT(B128)*10000000+IF(ISNUMBER(C128),ROUND(MOD(C128,1)*1440,0),0)*1000+ROW(),"") | S128: =IF(ISNUMBER(B128),INT(B128)-WEEKDAY(B128,3),"") | T128: =IF(ISNUMBER(B128),YEAR(B128)*100+MONTH(B128),"") | U128: =IF(AND(ISNUMBER(B128),H128<>"Published"),IF(INT(B128)>=TODAY(),R128,""),"") | V128: =IF(AND(ISNUMBER(B128),OR(H128="Draft",H128="Scheduled")),IF(INT(B128)<TODAY(),1,0),0) | W128: =IF(AND(H128="Published",N(O128)>0),IF(T128=(YEAR(TODAY())*100+MONTH(TODAY())),ROUND(O128,0)*1000+1000-ROW(),""),"")
D129: TikTok | E129: Short | F129: Tips | G129: Scent quiz | H129: Idea | O129: =IF(COUNT(K129:N129)=0,"",SUM(K129:N129)) | P129: =IF(OR(O129="",N(J129)<=0),"",O129/J129) | Q129: =IF(V129=1,"Late","") | R129: =IF(ISNUMBER(B129),INT(B129)*10000000+IF(ISNUMBER(C129),ROUND(MOD(C129,1)*1440,0),0)*1000+ROW(),"") | S129: =IF(ISNUMBER(B129),INT(B129)-WEEKDAY(B129,3),"") | T129: =IF(ISNUMBER(B129),YEAR(B129)*100+MONTH(B129),"") | U129: =IF(AND(ISNUMBER(B129),H129<>"Published"),IF(INT(B129)>=TODAY(),R129,""),"") | V129: =IF(AND(ISNUMBER(B129),OR(H129="Draft",H129="Scheduled")),IF(INT(B129)<TODAY(),1,0),0) | W129: =IF(AND(H129="Published",N(O129)>0),IF(T129=(YEAR(TODAY())*100+MONTH(TODAY())),ROUND(O129,0)*1000+1000-ROW(),""),"")
O130: =IF(COUNT(K130:N130)=0,"",SUM(K130:N130)) | P130: =IF(OR(O130="",N(J130)<=0),"",O130/J130) | Q130: =IF(V130=1,"Late","") | R130: =IF(ISNUMBER(B130),INT(B130)*10000000+IF(ISNUMBER(C130),ROUND(MOD(C130,1)*1440,0),0)*1000+ROW(),"") | S130: =IF(ISNUMBER(B130),INT(B130)-WEEKDAY(B130,3),"") | T130: =IF(ISNUMBER(B130),YEAR(B130)*100+MONTH(B130),"") | U130: =IF(AND(ISNUMBER(B130),H130<>"Published"),IF(INT(B130)>=TODAY(),R130,""),"") | V130: =IF(AND(ISNUMBER(B130),OR(H130="Draft",H130="Scheduled")),IF(INT(B130)<TODAY(),1,0),0) | W130: =IF(AND(H130="Published",N(O130)>0),IF(T130=(YEAR(TODAY())*100+MONTH(TODAY())),ROUND(O130,0)*1000+1000-ROW(),""),"")
O131: =IF(COUNT(K131:N131)=0,"",SUM(K131:N131)) | P131: =IF(OR(O131="",N(J131)<=0),"",O131/J131) | Q131: =IF(V131=1,"Late","") | R131: =IF(ISNUMBER(B131),INT(B131)*10000000+IF(ISNUMBER(C131),ROUND(MOD(C131,1)*1440,0),0)*1000+ROW(),"") | S131: =IF(ISNUMBER(B131),INT(B131)-WEEKDAY(B131,3),"") | T131: =IF(ISNUMBER(B131),YEAR(B131)*100+MONTH(B131),"") | U131: =IF(AND(ISNUMBER(B131),H131<>"Published"),IF(INT(B131)>=TODAY(),R131,""),"") | V131: =IF(AND(ISNUMBER(B131),OR(H131="Draft",H131="Scheduled")),IF(INT(B131)<TODAY(),1,0),0) | W131: =IF(AND(H131="Published",N(O131)>0),IF(T131=(YEAR(TODAY())*100+MONTH(TODAY())),ROUND(O131,0)*1000+1000-ROW(),""),"")
O132: =IF(COUNT(K132:N132)=0,"",SUM(K132:N132)) | P132: =IF(OR(O132="",N(J132)<=0),"",O132/J132) | Q132: =IF(V132=1,"Late","") | R132: =IF(ISNUMBER(B132),INT(B132)*10000000+IF(ISNUMBER(C132),ROUND(MOD(C132,1)*1440,0),0)*1000+ROW(),"") | S132: =IF(ISNUMBER(B132),INT(B132)-WEEKDAY(B132,3),"") | T132: =IF(ISNUMBER(B132),YEAR(B132)*100+MONTH(B132),"") | U132: =IF(AND(ISNUMBER(B132),H132<>"Published"),IF(INT(B132)>=TODAY(),R132,""),"") | V132: =IF(AND(ISNUMBER(B132),OR(H132="Draft",H132="Scheduled")),IF(INT(B132)<TODAY(),1,0),0) | W132: =IF(AND(H132="Published",N(O132)>0),IF(T132=(YEAR(TODAY())*100+MONTH(TODAY())),ROUND(O132,0)*1000+1000-ROW(),""),"")
O133: =IF(COUNT(K133:N133)=0,"",SUM(K133:N133)) | P133: =IF(OR(O133="",N(J133)<=0),"",O133/J133) | Q133: =IF(V133=1,"Late","") | R133: =IF(ISNUMBER(B133),INT(B133)*10000000+IF(ISNUMBER(C133),ROUND(MOD(C133,1)*1440,0),0)*1000+ROW(),"") | S133: =IF(ISNUMBER(B133),INT(B133)-WEEKDAY(B133,3),"") | T133: =IF(ISNUMBER(B133),YEAR(B133)*100+MONTH(B133),"") | U133: =IF(AND(ISNUMBER(B133),H133<>"Published"),IF(INT(B133)>=TODAY(),R133,""),"") | V133: =IF(AND(ISNUMBER(B133),OR(H133="Draft",H133="Scheduled")),IF(INT(B133)<TODAY(),1,0),0) | W133: =IF(AND(H133="Published",N(O133)>0),IF(T133=(YEAR(TODAY())*100+MONTH(TODAY())),ROUND(O133,0)*1000+1000-ROW(),""),"")
O134: =IF(COUNT(K134:N134)=0,"",SUM(K134:N134)) | P134: =IF(OR(O134="",N(J134)<=0),"",O134/J134) | Q134: =IF(V134=1,"Late","") | R134: =IF(ISNUMBER(B134),INT(B134)*10000000+IF(ISNUMBER(C134),ROUND(MOD(C134,1)*1440,0),0)*1000+ROW(),"") | S134: =IF(ISNUMBER(B134),INT(B134)-WEEKDAY(B134,3),"") | T134: =IF(ISNUMBER(B134),YEAR(B134)*100+MONTH(B134),"") | U134: =IF(AND(ISNUMBER(B134),H134<>"Published"),IF(INT(B134)>=TODAY(),R134,""),"") | V134: =IF(AND(ISNUMBER(B134),OR(H134="Draft",H134="Scheduled")),IF(INT(B134)<TODAY(),1,0),0) | W134: =IF(AND(H134="Published",N(O134)>0),IF(T134=(YEAR(TODAY())*100+MONTH(TODAY())),ROUND(O134,0)*1000+1000-ROW(),""),"")
O135: =IF(COUNT(K135:N135)=0,"",SUM(K135:N135)) | P135: =IF(OR(O135="",N(J135)<=0),"",O135/J135) | Q135: =IF(V135=1,"Late","") | R135: =IF(ISNUMBER(B135),INT(B135)*10000000+IF(ISNUMBER(C135),ROUND(MOD(C135,1)*1440,0),0)*1000+ROW(),"") | S135: =IF(ISNUMBER(B135),INT(B135)-WEEKDAY(B135,3),"") | T135: =IF(ISNUMBER(B135),YEAR(B135)*100+MONTH(B135),"") | U135: =IF(AND(ISNUMBER(B135),H135<>"Published"),IF(INT(B135)>=TODAY(),R135,""),"") | V135: =IF(AND(ISNUMBER(B135),OR(H135="Draft",H135="Scheduled")),IF(INT(B135)<TODAY(),1,0),0) | W135: =IF(AND(H135="Published",N(O135)>0),IF(T135=(YEAR(TODAY())*100+MONTH(TODAY())),ROUND(O135,0)*1000+1000-ROW(),""),"")
O136: =IF(COUNT(K136:N136)=0,"",SUM(K136:N136)) | P136: =IF(OR(O136="",N(J136)<=0),"",O136/J136) | Q136: =IF(V136=1,"Late","") | R136: =IF(ISNUMBER(B136),INT(B136)*10000000+IF(ISNUMBER(C136),ROUND(MOD(C136,1)*1440,0),0)*1000+ROW(),"") | S136: =IF(ISNUMBER(B136),INT(B136)-WEEKDAY(B136,3),"") | T136: =IF(ISNUMBER(B136),YEAR(B136)*100+MONTH(B136),"") | U136: =IF(AND(ISNUMBER(B136),H136<>"Published"),IF(INT(B136)>=TODAY(),R136,""),"") | V136: =IF(AND(ISNUMBER(B136),OR(H136="Draft",H136="Scheduled")),IF(INT(B136)<TODAY(),1,0),0) | W136: =IF(AND(H136="Published",N(O136)>0),IF(T136=(YEAR(TODAY())*100+MONTH(TODAY())),ROUND(O136,0)*1000+1000-ROW(),""),"")
O137: =IF(COUNT(K137:N137)=0,"",SUM(K137:N137)) | P137: =IF(OR(O137="",N(J137)<=0),"",O137/J137) | Q137: =IF(V137=1,"Late","") | R137: =IF(ISNUMBER(B137),INT(B137)*10000000+IF(ISNUMBER(C137),ROUND(MOD(C137,1)*1440,0),0)*1000+ROW(),"") | S137: =IF(ISNUMBER(B137),INT(B137)-WEEKDAY(B137,3),"") | T137: =IF(ISNUMBER(B137),YEAR(B137)*100+MONTH(B137),"") | U137: =IF(AND(ISNUMBER(B137),H137<>"Published"),IF(INT(B137)>=TODAY(),R137,""),"") | V137: =IF(AND(ISNUMBER(B137),OR(H137="Draft",H137="Scheduled")),IF(INT(B137)<TODAY(),1,0),0) | W137: =IF(AND(H137="Published",N(O137)>0),IF(T137=(YEAR(TODAY())*100+MONTH(TODAY())),ROUND(O137,0)*1000+1000-ROW(),""),"")
O138: =IF(COUNT(K138:N138)=0,"",SUM(K138:N138)) | P138: =IF(OR(O138="",N(J138)<=0),"",O138/J138) | Q138: =IF(V138=1,"Late","") | R138: =IF(ISNUMBER(B138),INT(B138)*10000000+IF(ISNUMBER(C138),ROUND(MOD(C138,1)*1440,0),0)*1000+ROW(),"") | S138: =IF(ISNUMBER(B138),INT(B138)-WEEKDAY(B138,3),"") | T138: =IF(ISNUMBER(B138),YEAR(B138)*100+MONTH(B138),"") | U138: =IF(AND(ISNUMBER(B138),H138<>"Published"),IF(INT(B138)>=TODAY(),R138,""),"") | V138: =IF(AND(ISNUMBER(B138),OR(H138="Draft",H138="Scheduled")),IF(INT(B138)<TODAY(),1,0),0) | W138: =IF(AND(H138="Published",N(O138)>0),IF(T138=(YEAR(TODAY())*100+MONTH(TODAY())),ROUND(O138,0)*1000+1000-ROW(),""),"")
O139: =IF(COUNT(K139:N139)=0,"",SUM(K139:N139)) | P139: =IF(OR(O139="",N(J139)<=0),"",O139/J139) | Q139: =IF(V139=1,"Late","") | R139: =IF(ISNUMBER(B139),INT(B139)*10000000+IF(ISNUMBER(C139),ROUND(MOD(C139,1)*1440,0),0)*1000+ROW(),"") | S139: =IF(ISNUMBER(B139),INT(B139)-WEEKDAY(B139,3),"") | T139: =IF(ISNUMBER(B139),YEAR(B139)*100+MONTH(B139),"") | U139: =IF(AND(ISNUMBER(B139),H139<>"Published"),IF(INT(B139)>=TODAY(),R139,""),"") | V139: =IF(AND(ISNUMBER(B139),OR(H139="Draft",H139="Scheduled")),IF(INT(B139)<TODAY(),1,0),0) | W139: =IF(AND(H139="Published",N(O139)>0),IF(T139=(YEAR(TODAY())*100+MONTH(TODAY())),ROUND(O139,0)*1000+1000-ROW(),""),"")
O140: =IF(COUNT(K140:N140)=0,"",SUM(K140:N140)) | P140: =IF(OR(O140="",N(J140)<=0),"",O140/J140) | Q140: =IF(V140=1,"Late","") | R140: =IF(ISNUMBER(B140),INT(B140)*10000000+IF(ISNUMBER(C140),ROUND(MOD(C140,1)*1440,0),0)*1000+ROW(),"") | S140: =IF(ISNUMBER(B140),INT(B140)-WEEKDAY(B140,3),"") | T140: =IF(ISNUMBER(B140),YEAR(B140)*100+MONTH(B140),"") | U140: =IF(AND(ISNUMBER(B140),H140<>"Published"),IF(INT(B140)>=TODAY(),R140,""),"") | V140: =IF(AND(ISNUMBER(B140),OR(H140="Draft",H140="Scheduled")),IF(INT(B140)<TODAY(),1,0),0) | W140: =IF(AND(H140="Published",N(O140)>0),IF(T140=(YEAR(TODAY())*100+MONTH(TODAY())),ROUND(O140,0)*1000+1000-ROW(),""),"")
O141: =IF(COUNT(K141:N141)=0,"",SUM(K141:N141)) | P141: =IF(OR(O141="",N(J141)<=0),"",O141/J141) | Q141: =IF(V141=1,"Late","") | R141: =IF(ISNUMBER(B141),INT(B141)*10000000+IF(ISNUMBER(C141),ROUND(MOD(C141,1)*1440,0),0)*1000+ROW(),"") | S141: =IF(ISNUMBER(B141),INT(B141)-WEEKDAY(B141,3),"") | T141: =IF(ISNUMBER(B141),YEAR(B141)*100+MONTH(B141),"") | U141: =IF(AND(ISNUMBER(B141),H141<>"Published"),IF(INT(B141)>=TODAY(),R141,""),"") | V141: =IF(AND(ISNUMBER(B141),OR(H141="Draft",H141="Scheduled")),IF(INT(B141)<TODAY(),1,0),0) | W141: =IF(AND(H141="Published",N(O141)>0),IF(T141=(YEAR(TODAY())*100+MONTH(TODAY())),ROUND(O141,0)*1000+1000-ROW(),""),"")
... O805: =IF(COUNT(K805:N805)=0,"",SUM(K805:N805)) | P805: =IF(OR(O805="",N(J805)<=0),"",O805/J805) | Q805: =IF(V805=1,"Late","") | R805: =IF(ISNUMBER(B805),INT(B805)*10000000+IF(ISNUMBER(C805),ROUND(MOD(C805,1)*1440,0),0)*1000+ROW(),"") | S805: =IF(ISNUMBER(B805),INT(B805)-WEEKDAY(B805,3),"") | T805: =IF(ISNUMBER(B805),YEAR(B805)*100+MONTH(B805),"") | U805: =IF(AND(ISNUMBER(B805),H805<>"Published"),IF(INT(B805)>=TODAY(),R805,""),"") | V805: =IF(AND(ISNUMBER(B805),OR(H805="Draft",H805="Scheduled")),IF(INT(B805)<TODAY(),1,0),0) | W805: =IF(AND(H805="Published",N(O805)>0),IF(T805=(YEAR(TODAY())*100+MONTH(TODAY())),ROUND(O805,0)*1000+1000-ROW(),""),"")

Sheet Stats
B2: Stats
B3: Followers on each platform at the end of each month.
B5: Platform | C5: =EDATE(Settings!$C$6,0) | D5: =EDATE(Settings!$C$6,1) | E5: =EDATE(Settings!$C$6,2) | F5: =EDATE(Settings!$C$6,3) | G5: =EDATE(Settings!$C$6,4) | H5: =EDATE(Settings!$C$6,5) | I5: =EDATE(Settings!$C$6,6) | J5: =EDATE(Settings!$C$6,7) | K5: =EDATE(Settings!$C$6,8) | L5: =EDATE(Settings!$C$6,9) | M5: =EDATE(Settings!$C$6,10) | N5: =EDATE(Settings!$C$6,11) | O5: Growth | P5: Growth %
B6: Instagram | C6: 4200 | D6: 4284 | E6: 4407 | F6: 4551 | G6: 4710 | H6: 4882 | I6: 5064 | J6: 5256 | K6: 5456 | L6: 5664 | M6: 5879 | N6: 6100 | O6: =IF(COUNT(C6:N6)<2,"",INDEX(C6:N6,S6)-INDEX(C6:N6,R6)) | P6: =IF(OR(O6="",COUNT(C6:N6)<2),"",IF(INDEX(C6:N6,R6)<=0,"",O6/INDEX(C6:N6,R6))) | R6: =SUMPRODUCT(MIN(ISNUMBER(C6:N6)*(COLUMN(C6:N6)-2)+(1-ISNUMBER(C6:N6))*999)) | S6: =SUMPRODUCT(MAX(ISNUMBER(C6:N6)*(COLUMN(C6:N6)-2)))
B7: TikTok | C7: 1500 | D7: 1646 | E7: 1860 | F7: 2109 | G7: 2386 | H7: 2684 | I7: 3001 | J7: 3334 | K7: 3681 | L7: 4042 | M7: 4415 | N7: 4800 | O7: =IF(COUNT(C7:N7)<2,"",INDEX(C7:N7,S7)-INDEX(C7:N7,R7)) | P7: =IF(OR(O7="",COUNT(C7:N7)<2),"",IF(INDEX(C7:N7,R7)<=0,"",O7/INDEX(C7:N7,R7))) | R7: =SUMPRODUCT(MIN(ISNUMBER(C7:N7)*(COLUMN(C7:N7)-2)+(1-ISNUMBER(C7:N7))*999)) | S7: =SUMPRODUCT(MAX(ISNUMBER(C7:N7)*(COLUMN(C7:N7)-2)))
B8: YouTube | C8: 380 | D8: 395 | E8: 417 | F8: 443 | G8: 471 | H8: 502 | I8: 535 | J8: 569 | K8: 605 | L8: 642 | M8: 680 | N8: 720 | O8: =IF(COUNT(C8:N8)<2,"",INDEX(C8:N8,S8)-INDEX(C8:N8,R8)) | P8: =IF(OR(O8="",COUNT(C8:N8)<2),"",IF(INDEX(C8:N8,R8)<=0,"",O8/INDEX(C8:N8,R8))) | R8: =SUMPRODUCT(MIN(ISNUMBER(C8:N8)*(COLUMN(C8:N8)-2)+(1-ISNUMBER(C8:N8))*999)) | S8: =SUMPRODUCT(MAX(ISNUMBER(C8:N8)*(COLUMN(C8:N8)-2)))
B9: Pinterest | C9: 900 | D9: 927 | E9: 965 | F9: 1011 | G9: 1061 | H9: 1115 | I9: 1173 | J9: 1233 | K9: 1297 | L9: 1362 | M9: 1430 | N9: 1500 | O9: =IF(COUNT(C9:N9)<2,"",INDEX(C9:N9,S9)-INDEX(C9:N9,R9)) | P9: =IF(OR(O9="",COUNT(C9:N9)<2),"",IF(INDEX(C9:N9,R9)<=0,"",O9/INDEX(C9:N9,R9))) | R9: =SUMPRODUCT(MIN(ISNUMBER(C9:N9)*(COLUMN(C9:N9)-2)+(1-ISNUMBER(C9:N9))*999)) | S9: =SUMPRODUCT(MAX(ISNUMBER(C9:N9)*(COLUMN(C9:N9)-2)))
B10: Newsletter | C10: 610 | D10: 626 | E10: 650 | F10: 678 | G10: 709 | H10: 743 | I10: 778 | J10: 816 | K10: 855 | L10: 895 | M10: 937 | N10: 980 | O10: =IF(COUNT(C10:N10)<2,"",INDEX(C10:N10,S10)-INDEX(C10:N10,R10)) | P10: =IF(OR(O10="",COUNT(C10:N10)<2),"",IF(INDEX(C10:N10,R10)<=0,"",O10/INDEX(C10:N10,R10))) | R10: =SUMPRODUCT(MIN(ISNUMBER(C10:N10)*(COLUMN(C10:N10)-2)+(1-ISNUMBER(C10:N10))*999)) | S10: =SUMPRODUCT(MAX(ISNUMBER(C10:N10)*(COLUMN(C10:N10)-2)))
O11: =IF(COUNT(C11:N11)<2,"",INDEX(C11:N11,S11)-INDEX(C11:N11,R11)) | P11: =IF(OR(O11="",COUNT(C11:N11)<2),"",IF(INDEX(C11:N11,R11)<=0,"",O11/INDEX(C11:N11,R11))) | R11: =SUMPRODUCT(MIN(ISNUMBER(C11:N11)*(COLUMN(C11:N11)-2)+(1-ISNUMBER(C11:N11))*999)) | S11: =SUMPRODUCT(MAX(ISNUMBER(C11:N11)*(COLUMN(C11:N11)-2)))
O12: =IF(COUNT(C12:N12)<2,"",INDEX(C12:N12,S12)-INDEX(C12:N12,R12)) | P12: =IF(OR(O12="",COUNT(C12:N12)<2),"",IF(INDEX(C12:N12,R12)<=0,"",O12/INDEX(C12:N12,R12))) | R12: =SUMPRODUCT(MIN(ISNUMBER(C12:N12)*(COLUMN(C12:N12)-2)+(1-ISNUMBER(C12:N12))*999)) | S12: =SUMPRODUCT(MAX(ISNUMBER(C12:N12)*(COLUMN(C12:N12)-2)))
O13: =IF(COUNT(C13:N13)<2,"",INDEX(C13:N13,S13)-INDEX(C13:N13,R13)) | P13: =IF(OR(O13="",COUNT(C13:N13)<2),"",IF(INDEX(C13:N13,R13)<=0,"",O13/INDEX(C13:N13,R13))) | R13: =SUMPRODUCT(MIN(ISNUMBER(C13:N13)*(COLUMN(C13:N13)-2)+(1-ISNUMBER(C13:N13))*999)) | S13: =SUMPRODUCT(MAX(ISNUMBER(C13:N13)*(COLUMN(C13:N13)-2)))
B15: All platforms | C15: =IF(COUNT(C6:C13)=0,"",SUM(C6:C13)) | D15: =IF(COUNT(D6:D13)=0,"",SUM(D6:D13)) | E15: =IF(COUNT(E6:E13)=0,"",SUM(E6:E13)) | F15: =IF(COUNT(F6:F13)=0,"",SUM(F6:F13)) | G15: =IF(COUNT(G6:G13)=0,"",SUM(G6:G13)) | H15: =IF(COUNT(H6:H13)=0,"",SUM(H6:H13)) | I15: =IF(COUNT(I6:I13)=0,"",SUM(I6:I13)) | J15: =IF(COUNT(J6:J13)=0,"",SUM(J6:J13)) | ... N15: =IF(COUNT(N6:N13)=0,"",SUM(N6:N13))
C16: =IF(COUNT(C6:C13)>0,1,0) | D16: =IF(COUNT(D6:D13)>0,2,0) | E16: =IF(COUNT(E6:E13)>0,3,0) | F16: =IF(COUNT(F6:F13)>0,4,0) | G16: =IF(COUNT(G6:G13)>0,5,0) | H16: =IF(COUNT(H6:H13)>0,6,0) | I16: =IF(COUNT(I6:I13)>0,7,0) | J16: =IF(COUNT(J6:J13)>0,8,0) | K16: =IF(COUNT(K6:K13)>0,9,0) | L16: =IF(COUNT(L6:L13)>0,10,0) | M16: =IF(COUNT(M6:M13)>0,11,0) | N16: =IF(COUNT(N6:N13)>0,12,0)

Sheet Settings
B2: Settings
B3: Your platforms and their weekly goals, your topics, and the month the calendar shows.
B4: Show another month | F4: Leave it empty for this month. Type any day of another.
B5: The calendar shows | C5: =IF(C4="",DATE(YEAR(TODAY()),MONTH(TODAY()),1),DATE(YEAR(C4),MONTH(C4),1)) | F5: The month on the Calendar tab.
B6: First month on Stats | C6: 45931 | F6: Stats has 12 months from this one.
B9: Platform | C9: Short name | D9: Posts a week | F9: The short name goes on the calendar, next to each post.
B10: Instagram | C10: IG | D10: 4
B11: TikTok | C11: TT | D11: 3
B12: YouTube | C12: YT | D12: 1
B13: Pinterest | C13: PIN | D13: 3
B14: Newsletter | C14: NL | D14: 1
B20: Topic
B21: Behind the scenes
B22: How to
B23: New products
B24: Customer stories
B25: Tips

Sheet Start Here
B2: Start here
B3: Type only in the yellow cells.
B5: 1 | C5: Settings: your platforms with a short name and how many posts a week you aim for, and your topics.
B7: 2 | C7: Posts: each post with its date, platform, type, topic and status. Ideas can wait without a date.
B9: 3 | C9: Once a post is out: its reach, likes, comments, shares and saves. The rate works itself out.
B11: 4 | C11: Calendar: the month with the posts of each day, ready to print.
B13: 5 | C13: Stats: your followers on each platform at the end of each month.
C16: The example shop, its posts and its numbers are made up. Delete them and add your own.
C18: Rate is interactions divided by reach: likes, comments, shares and saves together.
C20: Works in Google Sheets and Microsoft Excel.
