Workbook

Sheet Week plan
B2: Week plan
B3: Pick a recipe for each meal. The grocery list builds itself from this plan.
B5: First day | C5: 46293 | D5: Type the date of the first day. The other days follow.
B7: Meal | C7: =$C$5+0 | D7: =$C$5+1 | E7: =$C$5+2 | F7: =$C$5+3 | G7: =$C$5+4 | H7: =$C$5+5 | I7: =$C$5+6
B8: People | C8: 4 | D8: 4 | E8: 4 | F8: 4 | G8: 4 | H8: 2 | I8: 4
B9: Breakfast | C9: Overnight oats | D9: Scrambled eggs on toast | E9: Overnight oats | F9: Scrambled eggs on toast | G9: Overnight oats | H9: Veggie omelette | I9: Scrambled eggs on toast | Z9: =IF(C9="",0,N(C$8)) | AA9: =IF(D9="",0,N(D$8)) | AB9: =IF(E9="",0,N(E$8)) | AC9: =IF(F9="",0,N(F$8)) | AD9: =IF(G9="",0,N(G$8)) | AE9: =IF(H9="",0,N(H$8)) | AF9: =IF(I9="",0,N(I$8)) | AH9: =IF(C9="","",IF(COUNTIF(Recipes!$B$6:$B$105,C9)>0,"recipe","other")) | AI9: =IF(D9="","",IF(COUNTIF(Recipes!$B$6:$B$105,D9)>0,"recipe","other")) | AJ9: =IF(E9="","",IF(COUNTIF(Recipes!$B$6:$B$105,E9)>0,"recipe","other")) | AK9: =IF(F9="","",IF(COUNTIF(Recipes!$B$6:$B$105,F9)>0,"recipe","other")) | AL9: =IF(G9="","",IF(COUNTIF(Recipes!$B$6:$B$105,G9)>0,"recipe","other")) | AM9: =IF(H9="","",IF(COUNTIF(Recipes!$B$6:$B$105,H9)>0,"recipe","other")) | AN9: =IF(I9="","",IF(COUNTIF(Recipes!$B$6:$B$105,I9)>0,"recipe","other"))
B10: Lunch | C10: Lentil soup | D10: Lentil soup | E10: Tuna pasta salad | F10: Chicken Caesar wraps | G10: Tuna pasta salad | H10: Leftovers | I10: Chicken Caesar wraps | Z10: =IF(C10="",0,N(C$8)) | AA10: =IF(D10="",0,N(D$8)) | AB10: =IF(E10="",0,N(E$8)) | AC10: =IF(F10="",0,N(F$8)) | AD10: =IF(G10="",0,N(G$8)) | AE10: =IF(H10="",0,N(H$8)) | AF10: =IF(I10="",0,N(I$8)) | AH10: =IF(C10="","",IF(COUNTIF(Recipes!$B$6:$B$105,C10)>0,"recipe","other")) | AI10: =IF(D10="","",IF(COUNTIF(Recipes!$B$6:$B$105,D10)>0,"recipe","other")) | AJ10: =IF(E10="","",IF(COUNTIF(Recipes!$B$6:$B$105,E10)>0,"recipe","other")) | AK10: =IF(F10="","",IF(COUNTIF(Recipes!$B$6:$B$105,F10)>0,"recipe","other")) | AL10: =IF(G10="","",IF(COUNTIF(Recipes!$B$6:$B$105,G10)>0,"recipe","other")) | AM10: =IF(H10="","",IF(COUNTIF(Recipes!$B$6:$B$105,H10)>0,"recipe","other")) | AN10: =IF(I10="","",IF(COUNTIF(Recipes!$B$6:$B$105,I10)>0,"recipe","other"))
B11: Dinner | C11: Chicken stir fry with rice | D11: Spaghetti bolognese | E11: Black bean tacos | F11: Sheet pan salmon and potatoes | G11: Homemade pizza | H11: Eating out | I11: Spaghetti bolognese | Z11: =IF(C11="",0,N(C$8)) | AA11: =IF(D11="",0,N(D$8)) | AB11: =IF(E11="",0,N(E$8)) | AC11: =IF(F11="",0,N(F$8)) | AD11: =IF(G11="",0,N(G$8)) | AE11: =IF(H11="",0,N(H$8)) | AF11: =IF(I11="",0,N(I$8)) | AH11: =IF(C11="","",IF(COUNTIF(Recipes!$B$6:$B$105,C11)>0,"recipe","other")) | AI11: =IF(D11="","",IF(COUNTIF(Recipes!$B$6:$B$105,D11)>0,"recipe","other")) | AJ11: =IF(E11="","",IF(COUNTIF(Recipes!$B$6:$B$105,E11)>0,"recipe","other")) | AK11: =IF(F11="","",IF(COUNTIF(Recipes!$B$6:$B$105,F11)>0,"recipe","other")) | AL11: =IF(G11="","",IF(COUNTIF(Recipes!$B$6:$B$105,G11)>0,"recipe","other")) | AM11: =IF(H11="","",IF(COUNTIF(Recipes!$B$6:$B$105,H11)>0,"recipe","other")) | AN11: =IF(I11="","",IF(COUNTIF(Recipes!$B$6:$B$105,I11)>0,"recipe","other"))
B12: Snack | C12: Apple and peanut butter | D12: Yogurt and berries | E12: Apple and peanut butter | F12: Yogurt and berries | I12: Apple and peanut butter | Z12: =IF(C12="",0,N(C$8)) | AA12: =IF(D12="",0,N(D$8)) | AB12: =IF(E12="",0,N(E$8)) | AC12: =IF(F12="",0,N(F$8)) | AD12: =IF(G12="",0,N(G$8)) | AE12: =IF(H12="",0,N(H$8)) | AF12: =IF(I12="",0,N(I$8)) | AH12: =IF(C12="","",IF(COUNTIF(Recipes!$B$6:$B$105,C12)>0,"recipe","other")) | AI12: =IF(D12="","",IF(COUNTIF(Recipes!$B$6:$B$105,D12)>0,"recipe","other")) | AJ12: =IF(E12="","",IF(COUNTIF(Recipes!$B$6:$B$105,E12)>0,"recipe","other")) | AK12: =IF(F12="","",IF(COUNTIF(Recipes!$B$6:$B$105,F12)>0,"recipe","other")) | AL12: =IF(G12="","",IF(COUNTIF(Recipes!$B$6:$B$105,G12)>0,"recipe","other")) | AM12: =IF(H12="","",IF(COUNTIF(Recipes!$B$6:$B$105,H12)>0,"recipe","other")) | AN12: =IF(I12="","",IF(COUNTIF(Recipes!$B$6:$B$105,I12)>0,"recipe","other"))
B13: Prep notes | C13: Cook the soup for two days | E13: Move the salmon to the fridge | I13: Plan next week
C15: Meals planned | D15: Recipes to cook | E15: Items to buy | F15: Shopping cost | G15: Per person per day
C16: =COUNTIF(C9:I12,"?*") | D16: =COUNTIFS(Recipes!$G$6:$G$105,">0") | E16: =COUNTIFS(Pantry!$L$6:$L$305,">0") | F16: =SUM(Pantry!$M$6:$M$305) | G16: =IF(SUM(C8:I8)=0,0,F16/SUM(C8:I8))
B18: Checks | C18: =IF(COUNTIFS(Ingredients!$E$6:$E$1005,"Add to Pantry")=0,"Every ingredient is in the Pantry",IF(COUNTIFS(Ingredients!$E$6:$E$1005,"Add to Pantry")=1,"1 ingredient line is not in the Pantry yet, so the list leaves it out",COUNTIFS(Ingredients!$E$6:$E$1005,"Add to Pantry")&" ingredient lines are not in the Pantry yet, so the list leaves them out"))
C19: =IF(COUNTIFS(Recipes!$G$6:$G$105,">0",Recipes!$J$6:$J$105,0)=0,"Every planned recipe has its ingredients",IF(COUNTIFS(Recipes!$G$6:$G$105,">0",Recipes!$J$6:$J$105,0)=1,"1 planned recipe has",COUNTIFS(Recipes!$G$6:$G$105,">0",Recipes!$J$6:$J$105,0)&" planned recipes have")&" no ingredients yet")
C20: =IF(COUNTIFS(Pantry!$L$6:$L$305,">0",Pantry!$G$6:$G$305,"")=0,"Every item on the list has a price",IF(COUNTIFS(Pantry!$L$6:$L$305,">0",Pantry!$G$6:$G$305,"")=1,"1 item on the list has",COUNTIFS(Pantry!$L$6:$L$305,">0",Pantry!$G$6:$G$305,"")&" items on the list have")&" no price yet, so the cost is too low")
C22: Cooking this week
C23: Recipe | E23: Times | F23: Servings | G23: Minutes | H23: Cost per serving
C24: =IF(AP24="","",INDEX(Recipes!$B$1:$B$105,AP24)) | E24: =IF(AP24="","",INDEX(Recipes!$G$1:$G$105,AP24)) | F24: =IF(AP24="","",INDEX(Recipes!$H$1:$H$105,AP24)) | G24: =IF(AP24="","",IF(INDEX(Recipes!$E$1:$E$105,AP24)="","",INDEX(Recipes!$E$1:$E$105,AP24))) | H24: =IF(AP24="","",INDEX(Recipes!$I$1:$I$105,AP24)) | AP24: =IFERROR(SMALL(Recipes!$K$6:$K$105,1),"")
C25: =IF(AP25="","",INDEX(Recipes!$B$1:$B$105,AP25)) | E25: =IF(AP25="","",INDEX(Recipes!$G$1:$G$105,AP25)) | F25: =IF(AP25="","",INDEX(Recipes!$H$1:$H$105,AP25)) | G25: =IF(AP25="","",IF(INDEX(Recipes!$E$1:$E$105,AP25)="","",INDEX(Recipes!$E$1:$E$105,AP25))) | H25: =IF(AP25="","",INDEX(Recipes!$I$1:$I$105,AP25)) | AP25: =IFERROR(SMALL(Recipes!$K$6:$K$105,2),"")
C26: =IF(AP26="","",INDEX(Recipes!$B$1:$B$105,AP26)) | E26: =IF(AP26="","",INDEX(Recipes!$G$1:$G$105,AP26)) | F26: =IF(AP26="","",INDEX(Recipes!$H$1:$H$105,AP26)) | G26: =IF(AP26="","",IF(INDEX(Recipes!$E$1:$E$105,AP26)="","",INDEX(Recipes!$E$1:$E$105,AP26))) | H26: =IF(AP26="","",INDEX(Recipes!$I$1:$I$105,AP26)) | AP26: =IFERROR(SMALL(Recipes!$K$6:$K$105,3),"")
C27: =IF(AP27="","",INDEX(Recipes!$B$1:$B$105,AP27)) | E27: =IF(AP27="","",INDEX(Recipes!$G$1:$G$105,AP27)) | F27: =IF(AP27="","",INDEX(Recipes!$H$1:$H$105,AP27)) | G27: =IF(AP27="","",IF(INDEX(Recipes!$E$1:$E$105,AP27)="","",INDEX(Recipes!$E$1:$E$105,AP27))) | H27: =IF(AP27="","",INDEX(Recipes!$I$1:$I$105,AP27)) | AP27: =IFERROR(SMALL(Recipes!$K$6:$K$105,4),"")
C28: =IF(AP28="","",INDEX(Recipes!$B$1:$B$105,AP28)) | E28: =IF(AP28="","",INDEX(Recipes!$G$1:$G$105,AP28)) | F28: =IF(AP28="","",INDEX(Recipes!$H$1:$H$105,AP28)) | G28: =IF(AP28="","",IF(INDEX(Recipes!$E$1:$E$105,AP28)="","",INDEX(Recipes!$E$1:$E$105,AP28))) | H28: =IF(AP28="","",INDEX(Recipes!$I$1:$I$105,AP28)) | AP28: =IFERROR(SMALL(Recipes!$K$6:$K$105,5),"")
C29: =IF(AP29="","",INDEX(Recipes!$B$1:$B$105,AP29)) | E29: =IF(AP29="","",INDEX(Recipes!$G$1:$G$105,AP29)) | F29: =IF(AP29="","",INDEX(Recipes!$H$1:$H$105,AP29)) | G29: =IF(AP29="","",IF(INDEX(Recipes!$E$1:$E$105,AP29)="","",INDEX(Recipes!$E$1:$E$105,AP29))) | H29: =IF(AP29="","",INDEX(Recipes!$I$1:$I$105,AP29)) | AP29: =IFERROR(SMALL(Recipes!$K$6:$K$105,6),"")
C30: =IF(AP30="","",INDEX(Recipes!$B$1:$B$105,AP30)) | E30: =IF(AP30="","",INDEX(Recipes!$G$1:$G$105,AP30)) | F30: =IF(AP30="","",INDEX(Recipes!$H$1:$H$105,AP30)) | G30: =IF(AP30="","",IF(INDEX(Recipes!$E$1:$E$105,AP30)="","",INDEX(Recipes!$E$1:$E$105,AP30))) | H30: =IF(AP30="","",INDEX(Recipes!$I$1:$I$105,AP30)) | AP30: =IFERROR(SMALL(Recipes!$K$6:$K$105,7),"")
C31: =IF(AP31="","",INDEX(Recipes!$B$1:$B$105,AP31)) | E31: =IF(AP31="","",INDEX(Recipes!$G$1:$G$105,AP31)) | F31: =IF(AP31="","",INDEX(Recipes!$H$1:$H$105,AP31)) | G31: =IF(AP31="","",IF(INDEX(Recipes!$E$1:$E$105,AP31)="","",INDEX(Recipes!$E$1:$E$105,AP31))) | H31: =IF(AP31="","",INDEX(Recipes!$I$1:$I$105,AP31)) | AP31: =IFERROR(SMALL(Recipes!$K$6:$K$105,8),"")
C32: =IF(AP32="","",INDEX(Recipes!$B$1:$B$105,AP32)) | E32: =IF(AP32="","",INDEX(Recipes!$G$1:$G$105,AP32)) | F32: =IF(AP32="","",INDEX(Recipes!$H$1:$H$105,AP32)) | G32: =IF(AP32="","",IF(INDEX(Recipes!$E$1:$E$105,AP32)="","",INDEX(Recipes!$E$1:$E$105,AP32))) | H32: =IF(AP32="","",INDEX(Recipes!$I$1:$I$105,AP32)) | AP32: =IFERROR(SMALL(Recipes!$K$6:$K$105,9),"")
C33: =IF(AP33="","",INDEX(Recipes!$B$1:$B$105,AP33)) | E33: =IF(AP33="","",INDEX(Recipes!$G$1:$G$105,AP33)) | F33: =IF(AP33="","",INDEX(Recipes!$H$1:$H$105,AP33)) | G33: =IF(AP33="","",IF(INDEX(Recipes!$E$1:$E$105,AP33)="","",INDEX(Recipes!$E$1:$E$105,AP33))) | H33: =IF(AP33="","",INDEX(Recipes!$I$1:$I$105,AP33)) | AP33: =IFERROR(SMALL(Recipes!$K$6:$K$105,10),"")
C34: =IF(AP34="","",INDEX(Recipes!$B$1:$B$105,AP34)) | E34: =IF(AP34="","",INDEX(Recipes!$G$1:$G$105,AP34)) | F34: =IF(AP34="","",INDEX(Recipes!$H$1:$H$105,AP34)) | G34: =IF(AP34="","",IF(INDEX(Recipes!$E$1:$E$105,AP34)="","",INDEX(Recipes!$E$1:$E$105,AP34))) | H34: =IF(AP34="","",INDEX(Recipes!$I$1:$I$105,AP34)) | AP34: =IFERROR(SMALL(Recipes!$K$6:$K$105,11),"")
C35: =IF(AP35="","",INDEX(Recipes!$B$1:$B$105,AP35)) | E35: =IF(AP35="","",INDEX(Recipes!$G$1:$G$105,AP35)) | F35: =IF(AP35="","",INDEX(Recipes!$H$1:$H$105,AP35)) | G35: =IF(AP35="","",IF(INDEX(Recipes!$E$1:$E$105,AP35)="","",INDEX(Recipes!$E$1:$E$105,AP35))) | H35: =IF(AP35="","",INDEX(Recipes!$I$1:$I$105,AP35)) | AP35: =IFERROR(SMALL(Recipes!$K$6:$K$105,12),"")
C36: =IF(AP36="","",INDEX(Recipes!$B$1:$B$105,AP36)) | E36: =IF(AP36="","",INDEX(Recipes!$G$1:$G$105,AP36)) | F36: =IF(AP36="","",INDEX(Recipes!$H$1:$H$105,AP36)) | G36: =IF(AP36="","",IF(INDEX(Recipes!$E$1:$E$105,AP36)="","",INDEX(Recipes!$E$1:$E$105,AP36))) | H36: =IF(AP36="","",INDEX(Recipes!$I$1:$I$105,AP36)) | AP36: =IFERROR(SMALL(Recipes!$K$6:$K$105,13),"")
C37: =IF(AP37="","",INDEX(Recipes!$B$1:$B$105,AP37)) | E37: =IF(AP37="","",INDEX(Recipes!$G$1:$G$105,AP37)) | F37: =IF(AP37="","",INDEX(Recipes!$H$1:$H$105,AP37)) | G37: =IF(AP37="","",IF(INDEX(Recipes!$E$1:$E$105,AP37)="","",INDEX(Recipes!$E$1:$E$105,AP37))) | H37: =IF(AP37="","",INDEX(Recipes!$I$1:$I$105,AP37)) | AP37: =IFERROR(SMALL(Recipes!$K$6:$K$105,14),"")
C38: =IF(AP38="","",INDEX(Recipes!$B$1:$B$105,AP38)) | E38: =IF(AP38="","",INDEX(Recipes!$G$1:$G$105,AP38)) | F38: =IF(AP38="","",INDEX(Recipes!$H$1:$H$105,AP38)) | G38: =IF(AP38="","",IF(INDEX(Recipes!$E$1:$E$105,AP38)="","",INDEX(Recipes!$E$1:$E$105,AP38))) | H38: =IF(AP38="","",INDEX(Recipes!$I$1:$I$105,AP38)) | AP38: =IFERROR(SMALL(Recipes!$K$6:$K$105,15),"")

Sheet Grocery list
B2: Grocery list
B3: What the week needs, minus what you have at home, in the order of the store.
B5: Week of | C5: ='Week plan'!C5 | E5: Total | F5: =SUM(Pantry!$M$6:$M$305)
B7: Section | C7: Item | D7: Buy | E7: Pack | F7: Cost | G7: Got it
B8: =IF(J8="","",IF(K8=K7,"",K8)) | C8: =IF(J8="","",INDEX(Pantry!$B$6:$B$305,J8)) | D8: =IF(J8="","",INDEX(Pantry!$L$6:$L$305,J8)) | E8: =IF(J8="","",INDEX(Pantry!$E$6:$E$305,J8)&"") | F8: =IF(J8="","",INDEX(Pantry!$M$6:$M$305,J8)) | I8: =IFERROR(SMALL(Pantry!$O$6:$O$305,1),"") | J8: =IF(I8="","",MATCH(I8,Pantry!$O$6:$O$305,0)) | K8: =IF(J8="","",IF(INDEX(Pantry!$D$6:$D$305,J8)&""="","Other",INDEX(Pantry!$D$6:$D$305,J8)&""))
B9: =IF(J9="","",IF(K9=K8,"",K9)) | C9: =IF(J9="","",INDEX(Pantry!$B$6:$B$305,J9)) | D9: =IF(J9="","",INDEX(Pantry!$L$6:$L$305,J9)) | E9: =IF(J9="","",INDEX(Pantry!$E$6:$E$305,J9)&"") | F9: =IF(J9="","",INDEX(Pantry!$M$6:$M$305,J9)) | I9: =IFERROR(SMALL(Pantry!$O$6:$O$305,2),"") | J9: =IF(I9="","",MATCH(I9,Pantry!$O$6:$O$305,0)) | K9: =IF(J9="","",IF(INDEX(Pantry!$D$6:$D$305,J9)&""="","Other",INDEX(Pantry!$D$6:$D$305,J9)&""))
B10: =IF(J10="","",IF(K10=K9,"",K10)) | C10: =IF(J10="","",INDEX(Pantry!$B$6:$B$305,J10)) | D10: =IF(J10="","",INDEX(Pantry!$L$6:$L$305,J10)) | E10: =IF(J10="","",INDEX(Pantry!$E$6:$E$305,J10)&"") | F10: =IF(J10="","",INDEX(Pantry!$M$6:$M$305,J10)) | I10: =IFERROR(SMALL(Pantry!$O$6:$O$305,3),"") | J10: =IF(I10="","",MATCH(I10,Pantry!$O$6:$O$305,0)) | K10: =IF(J10="","",IF(INDEX(Pantry!$D$6:$D$305,J10)&""="","Other",INDEX(Pantry!$D$6:$D$305,J10)&""))
B11: =IF(J11="","",IF(K11=K10,"",K11)) | C11: =IF(J11="","",INDEX(Pantry!$B$6:$B$305,J11)) | D11: =IF(J11="","",INDEX(Pantry!$L$6:$L$305,J11)) | E11: =IF(J11="","",INDEX(Pantry!$E$6:$E$305,J11)&"") | F11: =IF(J11="","",INDEX(Pantry!$M$6:$M$305,J11)) | I11: =IFERROR(SMALL(Pantry!$O$6:$O$305,4),"") | J11: =IF(I11="","",MATCH(I11,Pantry!$O$6:$O$305,0)) | K11: =IF(J11="","",IF(INDEX(Pantry!$D$6:$D$305,J11)&""="","Other",INDEX(Pantry!$D$6:$D$305,J11)&""))
B12: =IF(J12="","",IF(K12=K11,"",K12)) | C12: =IF(J12="","",INDEX(Pantry!$B$6:$B$305,J12)) | D12: =IF(J12="","",INDEX(Pantry!$L$6:$L$305,J12)) | E12: =IF(J12="","",INDEX(Pantry!$E$6:$E$305,J12)&"") | F12: =IF(J12="","",INDEX(Pantry!$M$6:$M$305,J12)) | I12: =IFERROR(SMALL(Pantry!$O$6:$O$305,5),"") | J12: =IF(I12="","",MATCH(I12,Pantry!$O$6:$O$305,0)) | K12: =IF(J12="","",IF(INDEX(Pantry!$D$6:$D$305,J12)&""="","Other",INDEX(Pantry!$D$6:$D$305,J12)&""))
B13: =IF(J13="","",IF(K13=K12,"",K13)) | C13: =IF(J13="","",INDEX(Pantry!$B$6:$B$305,J13)) | D13: =IF(J13="","",INDEX(Pantry!$L$6:$L$305,J13)) | E13: =IF(J13="","",INDEX(Pantry!$E$6:$E$305,J13)&"") | F13: =IF(J13="","",INDEX(Pantry!$M$6:$M$305,J13)) | I13: =IFERROR(SMALL(Pantry!$O$6:$O$305,6),"") | J13: =IF(I13="","",MATCH(I13,Pantry!$O$6:$O$305,0)) | K13: =IF(J13="","",IF(INDEX(Pantry!$D$6:$D$305,J13)&""="","Other",INDEX(Pantry!$D$6:$D$305,J13)&""))
B14: =IF(J14="","",IF(K14=K13,"",K14)) | C14: =IF(J14="","",INDEX(Pantry!$B$6:$B$305,J14)) | D14: =IF(J14="","",INDEX(Pantry!$L$6:$L$305,J14)) | E14: =IF(J14="","",INDEX(Pantry!$E$6:$E$305,J14)&"") | F14: =IF(J14="","",INDEX(Pantry!$M$6:$M$305,J14)) | I14: =IFERROR(SMALL(Pantry!$O$6:$O$305,7),"") | J14: =IF(I14="","",MATCH(I14,Pantry!$O$6:$O$305,0)) | K14: =IF(J14="","",IF(INDEX(Pantry!$D$6:$D$305,J14)&""="","Other",INDEX(Pantry!$D$6:$D$305,J14)&""))
B15: =IF(J15="","",IF(K15=K14,"",K15)) | C15: =IF(J15="","",INDEX(Pantry!$B$6:$B$305,J15)) | D15: =IF(J15="","",INDEX(Pantry!$L$6:$L$305,J15)) | E15: =IF(J15="","",INDEX(Pantry!$E$6:$E$305,J15)&"") | F15: =IF(J15="","",INDEX(Pantry!$M$6:$M$305,J15)) | I15: =IFERROR(SMALL(Pantry!$O$6:$O$305,8),"") | J15: =IF(I15="","",MATCH(I15,Pantry!$O$6:$O$305,0)) | K15: =IF(J15="","",IF(INDEX(Pantry!$D$6:$D$305,J15)&""="","Other",INDEX(Pantry!$D$6:$D$305,J15)&""))
B16: =IF(J16="","",IF(K16=K15,"",K16)) | C16: =IF(J16="","",INDEX(Pantry!$B$6:$B$305,J16)) | D16: =IF(J16="","",INDEX(Pantry!$L$6:$L$305,J16)) | E16: =IF(J16="","",INDEX(Pantry!$E$6:$E$305,J16)&"") | F16: =IF(J16="","",INDEX(Pantry!$M$6:$M$305,J16)) | I16: =IFERROR(SMALL(Pantry!$O$6:$O$305,9),"") | J16: =IF(I16="","",MATCH(I16,Pantry!$O$6:$O$305,0)) | K16: =IF(J16="","",IF(INDEX(Pantry!$D$6:$D$305,J16)&""="","Other",INDEX(Pantry!$D$6:$D$305,J16)&""))
B17: =IF(J17="","",IF(K17=K16,"",K17)) | C17: =IF(J17="","",INDEX(Pantry!$B$6:$B$305,J17)) | D17: =IF(J17="","",INDEX(Pantry!$L$6:$L$305,J17)) | E17: =IF(J17="","",INDEX(Pantry!$E$6:$E$305,J17)&"") | F17: =IF(J17="","",INDEX(Pantry!$M$6:$M$305,J17)) | I17: =IFERROR(SMALL(Pantry!$O$6:$O$305,10),"") | J17: =IF(I17="","",MATCH(I17,Pantry!$O$6:$O$305,0)) | K17: =IF(J17="","",IF(INDEX(Pantry!$D$6:$D$305,J17)&""="","Other",INDEX(Pantry!$D$6:$D$305,J17)&""))
B18: =IF(J18="","",IF(K18=K17,"",K18)) | C18: =IF(J18="","",INDEX(Pantry!$B$6:$B$305,J18)) | D18: =IF(J18="","",INDEX(Pantry!$L$6:$L$305,J18)) | E18: =IF(J18="","",INDEX(Pantry!$E$6:$E$305,J18)&"") | F18: =IF(J18="","",INDEX(Pantry!$M$6:$M$305,J18)) | I18: =IFERROR(SMALL(Pantry!$O$6:$O$305,11),"") | J18: =IF(I18="","",MATCH(I18,Pantry!$O$6:$O$305,0)) | K18: =IF(J18="","",IF(INDEX(Pantry!$D$6:$D$305,J18)&""="","Other",INDEX(Pantry!$D$6:$D$305,J18)&""))
B19: =IF(J19="","",IF(K19=K18,"",K19)) | C19: =IF(J19="","",INDEX(Pantry!$B$6:$B$305,J19)) | D19: =IF(J19="","",INDEX(Pantry!$L$6:$L$305,J19)) | E19: =IF(J19="","",INDEX(Pantry!$E$6:$E$305,J19)&"") | F19: =IF(J19="","",INDEX(Pantry!$M$6:$M$305,J19)) | I19: =IFERROR(SMALL(Pantry!$O$6:$O$305,12),"") | J19: =IF(I19="","",MATCH(I19,Pantry!$O$6:$O$305,0)) | K19: =IF(J19="","",IF(INDEX(Pantry!$D$6:$D$305,J19)&""="","Other",INDEX(Pantry!$D$6:$D$305,J19)&""))
B20: =IF(J20="","",IF(K20=K19,"",K20)) | C20: =IF(J20="","",INDEX(Pantry!$B$6:$B$305,J20)) | D20: =IF(J20="","",INDEX(Pantry!$L$6:$L$305,J20)) | E20: =IF(J20="","",INDEX(Pantry!$E$6:$E$305,J20)&"") | F20: =IF(J20="","",INDEX(Pantry!$M$6:$M$305,J20)) | I20: =IFERROR(SMALL(Pantry!$O$6:$O$305,13),"") | J20: =IF(I20="","",MATCH(I20,Pantry!$O$6:$O$305,0)) | K20: =IF(J20="","",IF(INDEX(Pantry!$D$6:$D$305,J20)&""="","Other",INDEX(Pantry!$D$6:$D$305,J20)&""))
B21: =IF(J21="","",IF(K21=K20,"",K21)) | C21: =IF(J21="","",INDEX(Pantry!$B$6:$B$305,J21)) | D21: =IF(J21="","",INDEX(Pantry!$L$6:$L$305,J21)) | E21: =IF(J21="","",INDEX(Pantry!$E$6:$E$305,J21)&"") | F21: =IF(J21="","",INDEX(Pantry!$M$6:$M$305,J21)) | I21: =IFERROR(SMALL(Pantry!$O$6:$O$305,14),"") | J21: =IF(I21="","",MATCH(I21,Pantry!$O$6:$O$305,0)) | K21: =IF(J21="","",IF(INDEX(Pantry!$D$6:$D$305,J21)&""="","Other",INDEX(Pantry!$D$6:$D$305,J21)&""))
B22: =IF(J22="","",IF(K22=K21,"",K22)) | C22: =IF(J22="","",INDEX(Pantry!$B$6:$B$305,J22)) | D22: =IF(J22="","",INDEX(Pantry!$L$6:$L$305,J22)) | E22: =IF(J22="","",INDEX(Pantry!$E$6:$E$305,J22)&"") | F22: =IF(J22="","",INDEX(Pantry!$M$6:$M$305,J22)) | I22: =IFERROR(SMALL(Pantry!$O$6:$O$305,15),"") | J22: =IF(I22="","",MATCH(I22,Pantry!$O$6:$O$305,0)) | K22: =IF(J22="","",IF(INDEX(Pantry!$D$6:$D$305,J22)&""="","Other",INDEX(Pantry!$D$6:$D$305,J22)&""))
B23: =IF(J23="","",IF(K23=K22,"",K23)) | C23: =IF(J23="","",INDEX(Pantry!$B$6:$B$305,J23)) | D23: =IF(J23="","",INDEX(Pantry!$L$6:$L$305,J23)) | E23: =IF(J23="","",INDEX(Pantry!$E$6:$E$305,J23)&"") | F23: =IF(J23="","",INDEX(Pantry!$M$6:$M$305,J23)) | I23: =IFERROR(SMALL(Pantry!$O$6:$O$305,16),"") | J23: =IF(I23="","",MATCH(I23,Pantry!$O$6:$O$305,0)) | K23: =IF(J23="","",IF(INDEX(Pantry!$D$6:$D$305,J23)&""="","Other",INDEX(Pantry!$D$6:$D$305,J23)&""))
B24: =IF(J24="","",IF(K24=K23,"",K24)) | C24: =IF(J24="","",INDEX(Pantry!$B$6:$B$305,J24)) | D24: =IF(J24="","",INDEX(Pantry!$L$6:$L$305,J24)) | E24: =IF(J24="","",INDEX(Pantry!$E$6:$E$305,J24)&"") | F24: =IF(J24="","",INDEX(Pantry!$M$6:$M$305,J24)) | I24: =IFERROR(SMALL(Pantry!$O$6:$O$305,17),"") | J24: =IF(I24="","",MATCH(I24,Pantry!$O$6:$O$305,0)) | K24: =IF(J24="","",IF(INDEX(Pantry!$D$6:$D$305,J24)&""="","Other",INDEX(Pantry!$D$6:$D$305,J24)&""))
B25: =IF(J25="","",IF(K25=K24,"",K25)) | C25: =IF(J25="","",INDEX(Pantry!$B$6:$B$305,J25)) | D25: =IF(J25="","",INDEX(Pantry!$L$6:$L$305,J25)) | E25: =IF(J25="","",INDEX(Pantry!$E$6:$E$305,J25)&"") | F25: =IF(J25="","",INDEX(Pantry!$M$6:$M$305,J25)) | I25: =IFERROR(SMALL(Pantry!$O$6:$O$305,18),"") | J25: =IF(I25="","",MATCH(I25,Pantry!$O$6:$O$305,0)) | K25: =IF(J25="","",IF(INDEX(Pantry!$D$6:$D$305,J25)&""="","Other",INDEX(Pantry!$D$6:$D$305,J25)&""))
B26: =IF(J26="","",IF(K26=K25,"",K26)) | C26: =IF(J26="","",INDEX(Pantry!$B$6:$B$305,J26)) | D26: =IF(J26="","",INDEX(Pantry!$L$6:$L$305,J26)) | E26: =IF(J26="","",INDEX(Pantry!$E$6:$E$305,J26)&"") | F26: =IF(J26="","",INDEX(Pantry!$M$6:$M$305,J26)) | I26: =IFERROR(SMALL(Pantry!$O$6:$O$305,19),"") | J26: =IF(I26="","",MATCH(I26,Pantry!$O$6:$O$305,0)) | K26: =IF(J26="","",IF(INDEX(Pantry!$D$6:$D$305,J26)&""="","Other",INDEX(Pantry!$D$6:$D$305,J26)&""))
B27: =IF(J27="","",IF(K27=K26,"",K27)) | C27: =IF(J27="","",INDEX(Pantry!$B$6:$B$305,J27)) | D27: =IF(J27="","",INDEX(Pantry!$L$6:$L$305,J27)) | E27: =IF(J27="","",INDEX(Pantry!$E$6:$E$305,J27)&"") | F27: =IF(J27="","",INDEX(Pantry!$M$6:$M$305,J27)) | I27: =IFERROR(SMALL(Pantry!$O$6:$O$305,20),"") | J27: =IF(I27="","",MATCH(I27,Pantry!$O$6:$O$305,0)) | K27: =IF(J27="","",IF(INDEX(Pantry!$D$6:$D$305,J27)&""="","Other",INDEX(Pantry!$D$6:$D$305,J27)&""))
B28: =IF(J28="","",IF(K28=K27,"",K28)) | C28: =IF(J28="","",INDEX(Pantry!$B$6:$B$305,J28)) | D28: =IF(J28="","",INDEX(Pantry!$L$6:$L$305,J28)) | E28: =IF(J28="","",INDEX(Pantry!$E$6:$E$305,J28)&"") | F28: =IF(J28="","",INDEX(Pantry!$M$6:$M$305,J28)) | I28: =IFERROR(SMALL(Pantry!$O$6:$O$305,21),"") | J28: =IF(I28="","",MATCH(I28,Pantry!$O$6:$O$305,0)) | K28: =IF(J28="","",IF(INDEX(Pantry!$D$6:$D$305,J28)&""="","Other",INDEX(Pantry!$D$6:$D$305,J28)&""))
B29: =IF(J29="","",IF(K29=K28,"",K29)) | C29: =IF(J29="","",INDEX(Pantry!$B$6:$B$305,J29)) | D29: =IF(J29="","",INDEX(Pantry!$L$6:$L$305,J29)) | E29: =IF(J29="","",INDEX(Pantry!$E$6:$E$305,J29)&"") | F29: =IF(J29="","",INDEX(Pantry!$M$6:$M$305,J29)) | I29: =IFERROR(SMALL(Pantry!$O$6:$O$305,22),"") | J29: =IF(I29="","",MATCH(I29,Pantry!$O$6:$O$305,0)) | K29: =IF(J29="","",IF(INDEX(Pantry!$D$6:$D$305,J29)&""="","Other",INDEX(Pantry!$D$6:$D$305,J29)&""))
B30: =IF(J30="","",IF(K30=K29,"",K30)) | C30: =IF(J30="","",INDEX(Pantry!$B$6:$B$305,J30)) | D30: =IF(J30="","",INDEX(Pantry!$L$6:$L$305,J30)) | E30: =IF(J30="","",INDEX(Pantry!$E$6:$E$305,J30)&"") | F30: =IF(J30="","",INDEX(Pantry!$M$6:$M$305,J30)) | I30: =IFERROR(SMALL(Pantry!$O$6:$O$305,23),"") | J30: =IF(I30="","",MATCH(I30,Pantry!$O$6:$O$305,0)) | K30: =IF(J30="","",IF(INDEX(Pantry!$D$6:$D$305,J30)&""="","Other",INDEX(Pantry!$D$6:$D$305,J30)&""))
B31: =IF(J31="","",IF(K31=K30,"",K31)) | C31: =IF(J31="","",INDEX(Pantry!$B$6:$B$305,J31)) | D31: =IF(J31="","",INDEX(Pantry!$L$6:$L$305,J31)) | E31: =IF(J31="","",INDEX(Pantry!$E$6:$E$305,J31)&"") | F31: =IF(J31="","",INDEX(Pantry!$M$6:$M$305,J31)) | I31: =IFERROR(SMALL(Pantry!$O$6:$O$305,24),"") | J31: =IF(I31="","",MATCH(I31,Pantry!$O$6:$O$305,0)) | K31: =IF(J31="","",IF(INDEX(Pantry!$D$6:$D$305,J31)&""="","Other",INDEX(Pantry!$D$6:$D$305,J31)&""))
B32: =IF(J32="","",IF(K32=K31,"",K32)) | C32: =IF(J32="","",INDEX(Pantry!$B$6:$B$305,J32)) | D32: =IF(J32="","",INDEX(Pantry!$L$6:$L$305,J32)) | E32: =IF(J32="","",INDEX(Pantry!$E$6:$E$305,J32)&"") | F32: =IF(J32="","",INDEX(Pantry!$M$6:$M$305,J32)) | I32: =IFERROR(SMALL(Pantry!$O$6:$O$305,25),"") | J32: =IF(I32="","",MATCH(I32,Pantry!$O$6:$O$305,0)) | K32: =IF(J32="","",IF(INDEX(Pantry!$D$6:$D$305,J32)&""="","Other",INDEX(Pantry!$D$6:$D$305,J32)&""))
B33: =IF(J33="","",IF(K33=K32,"",K33)) | C33: =IF(J33="","",INDEX(Pantry!$B$6:$B$305,J33)) | D33: =IF(J33="","",INDEX(Pantry!$L$6:$L$305,J33)) | E33: =IF(J33="","",INDEX(Pantry!$E$6:$E$305,J33)&"") | F33: =IF(J33="","",INDEX(Pantry!$M$6:$M$305,J33)) | I33: =IFERROR(SMALL(Pantry!$O$6:$O$305,26),"") | J33: =IF(I33="","",MATCH(I33,Pantry!$O$6:$O$305,0)) | K33: =IF(J33="","",IF(INDEX(Pantry!$D$6:$D$305,J33)&""="","Other",INDEX(Pantry!$D$6:$D$305,J33)&""))
B34: =IF(J34="","",IF(K34=K33,"",K34)) | C34: =IF(J34="","",INDEX(Pantry!$B$6:$B$305,J34)) | D34: =IF(J34="","",INDEX(Pantry!$L$6:$L$305,J34)) | E34: =IF(J34="","",INDEX(Pantry!$E$6:$E$305,J34)&"") | F34: =IF(J34="","",INDEX(Pantry!$M$6:$M$305,J34)) | I34: =IFERROR(SMALL(Pantry!$O$6:$O$305,27),"") | J34: =IF(I34="","",MATCH(I34,Pantry!$O$6:$O$305,0)) | K34: =IF(J34="","",IF(INDEX(Pantry!$D$6:$D$305,J34)&""="","Other",INDEX(Pantry!$D$6:$D$305,J34)&""))
B35: =IF(J35="","",IF(K35=K34,"",K35)) | C35: =IF(J35="","",INDEX(Pantry!$B$6:$B$305,J35)) | D35: =IF(J35="","",INDEX(Pantry!$L$6:$L$305,J35)) | E35: =IF(J35="","",INDEX(Pantry!$E$6:$E$305,J35)&"") | F35: =IF(J35="","",INDEX(Pantry!$M$6:$M$305,J35)) | I35: =IFERROR(SMALL(Pantry!$O$6:$O$305,28),"") | J35: =IF(I35="","",MATCH(I35,Pantry!$O$6:$O$305,0)) | K35: =IF(J35="","",IF(INDEX(Pantry!$D$6:$D$305,J35)&""="","Other",INDEX(Pantry!$D$6:$D$305,J35)&""))
B36: =IF(J36="","",IF(K36=K35,"",K36)) | C36: =IF(J36="","",INDEX(Pantry!$B$6:$B$305,J36)) | D36: =IF(J36="","",INDEX(Pantry!$L$6:$L$305,J36)) | E36: =IF(J36="","",INDEX(Pantry!$E$6:$E$305,J36)&"") | F36: =IF(J36="","",INDEX(Pantry!$M$6:$M$305,J36)) | I36: =IFERROR(SMALL(Pantry!$O$6:$O$305,29),"") | J36: =IF(I36="","",MATCH(I36,Pantry!$O$6:$O$305,0)) | K36: =IF(J36="","",IF(INDEX(Pantry!$D$6:$D$305,J36)&""="","Other",INDEX(Pantry!$D$6:$D$305,J36)&""))
B37: =IF(J37="","",IF(K37=K36,"",K37)) | C37: =IF(J37="","",INDEX(Pantry!$B$6:$B$305,J37)) | D37: =IF(J37="","",INDEX(Pantry!$L$6:$L$305,J37)) | E37: =IF(J37="","",INDEX(Pantry!$E$6:$E$305,J37)&"") | F37: =IF(J37="","",INDEX(Pantry!$M$6:$M$305,J37)) | I37: =IFERROR(SMALL(Pantry!$O$6:$O$305,30),"") | J37: =IF(I37="","",MATCH(I37,Pantry!$O$6:$O$305,0)) | K37: =IF(J37="","",IF(INDEX(Pantry!$D$6:$D$305,J37)&""="","Other",INDEX(Pantry!$D$6:$D$305,J37)&""))
B38: =IF(J38="","",IF(K38=K37,"",K38)) | C38: =IF(J38="","",INDEX(Pantry!$B$6:$B$305,J38)) | D38: =IF(J38="","",INDEX(Pantry!$L$6:$L$305,J38)) | E38: =IF(J38="","",INDEX(Pantry!$E$6:$E$305,J38)&"") | F38: =IF(J38="","",INDEX(Pantry!$M$6:$M$305,J38)) | I38: =IFERROR(SMALL(Pantry!$O$6:$O$305,31),"") | J38: =IF(I38="","",MATCH(I38,Pantry!$O$6:$O$305,0)) | K38: =IF(J38="","",IF(INDEX(Pantry!$D$6:$D$305,J38)&""="","Other",INDEX(Pantry!$D$6:$D$305,J38)&""))
B39: =IF(J39="","",IF(K39=K38,"",K39)) | C39: =IF(J39="","",INDEX(Pantry!$B$6:$B$305,J39)) | D39: =IF(J39="","",INDEX(Pantry!$L$6:$L$305,J39)) | E39: =IF(J39="","",INDEX(Pantry!$E$6:$E$305,J39)&"") | F39: =IF(J39="","",INDEX(Pantry!$M$6:$M$305,J39)) | I39: =IFERROR(SMALL(Pantry!$O$6:$O$305,32),"") | J39: =IF(I39="","",MATCH(I39,Pantry!$O$6:$O$305,0)) | K39: =IF(J39="","",IF(INDEX(Pantry!$D$6:$D$305,J39)&""="","Other",INDEX(Pantry!$D$6:$D$305,J39)&""))
B40: =IF(J40="","",IF(K40=K39,"",K40)) | C40: =IF(J40="","",INDEX(Pantry!$B$6:$B$305,J40)) | D40: =IF(J40="","",INDEX(Pantry!$L$6:$L$305,J40)) | E40: =IF(J40="","",INDEX(Pantry!$E$6:$E$305,J40)&"") | F40: =IF(J40="","",INDEX(Pantry!$M$6:$M$305,J40)) | I40: =IFERROR(SMALL(Pantry!$O$6:$O$305,33),"") | J40: =IF(I40="","",MATCH(I40,Pantry!$O$6:$O$305,0)) | K40: =IF(J40="","",IF(INDEX(Pantry!$D$6:$D$305,J40)&""="","Other",INDEX(Pantry!$D$6:$D$305,J40)&""))
B41: =IF(J41="","",IF(K41=K40,"",K41)) | C41: =IF(J41="","",INDEX(Pantry!$B$6:$B$305,J41)) | D41: =IF(J41="","",INDEX(Pantry!$L$6:$L$305,J41)) | E41: =IF(J41="","",INDEX(Pantry!$E$6:$E$305,J41)&"") | F41: =IF(J41="","",INDEX(Pantry!$M$6:$M$305,J41)) | I41: =IFERROR(SMALL(Pantry!$O$6:$O$305,34),"") | J41: =IF(I41="","",MATCH(I41,Pantry!$O$6:$O$305,0)) | K41: =IF(J41="","",IF(INDEX(Pantry!$D$6:$D$305,J41)&""="","Other",INDEX(Pantry!$D$6:$D$305,J41)&""))
B42: =IF(J42="","",IF(K42=K41,"",K42)) | C42: =IF(J42="","",INDEX(Pantry!$B$6:$B$305,J42)) | D42: =IF(J42="","",INDEX(Pantry!$L$6:$L$305,J42)) | E42: =IF(J42="","",INDEX(Pantry!$E$6:$E$305,J42)&"") | F42: =IF(J42="","",INDEX(Pantry!$M$6:$M$305,J42)) | I42: =IFERROR(SMALL(Pantry!$O$6:$O$305,35),"") | J42: =IF(I42="","",MATCH(I42,Pantry!$O$6:$O$305,0)) | K42: =IF(J42="","",IF(INDEX(Pantry!$D$6:$D$305,J42)&""="","Other",INDEX(Pantry!$D$6:$D$305,J42)&""))
B43: =IF(J43="","",IF(K43=K42,"",K43)) | C43: =IF(J43="","",INDEX(Pantry!$B$6:$B$305,J43)) | D43: =IF(J43="","",INDEX(Pantry!$L$6:$L$305,J43)) | E43: =IF(J43="","",INDEX(Pantry!$E$6:$E$305,J43)&"") | F43: =IF(J43="","",INDEX(Pantry!$M$6:$M$305,J43)) | I43: =IFERROR(SMALL(Pantry!$O$6:$O$305,36),"") | J43: =IF(I43="","",MATCH(I43,Pantry!$O$6:$O$305,0)) | K43: =IF(J43="","",IF(INDEX(Pantry!$D$6:$D$305,J43)&""="","Other",INDEX(Pantry!$D$6:$D$305,J43)&""))
B44: =IF(J44="","",IF(K44=K43,"",K44)) | C44: =IF(J44="","",INDEX(Pantry!$B$6:$B$305,J44)) | D44: =IF(J44="","",INDEX(Pantry!$L$6:$L$305,J44)) | E44: =IF(J44="","",INDEX(Pantry!$E$6:$E$305,J44)&"") | F44: =IF(J44="","",INDEX(Pantry!$M$6:$M$305,J44)) | I44: =IFERROR(SMALL(Pantry!$O$6:$O$305,37),"") | J44: =IF(I44="","",MATCH(I44,Pantry!$O$6:$O$305,0)) | K44: =IF(J44="","",IF(INDEX(Pantry!$D$6:$D$305,J44)&""="","Other",INDEX(Pantry!$D$6:$D$305,J44)&""))
B45: =IF(J45="","",IF(K45=K44,"",K45)) | C45: =IF(J45="","",INDEX(Pantry!$B$6:$B$305,J45)) | D45: =IF(J45="","",INDEX(Pantry!$L$6:$L$305,J45)) | E45: =IF(J45="","",INDEX(Pantry!$E$6:$E$305,J45)&"") | F45: =IF(J45="","",INDEX(Pantry!$M$6:$M$305,J45)) | I45: =IFERROR(SMALL(Pantry!$O$6:$O$305,38),"") | J45: =IF(I45="","",MATCH(I45,Pantry!$O$6:$O$305,0)) | K45: =IF(J45="","",IF(INDEX(Pantry!$D$6:$D$305,J45)&""="","Other",INDEX(Pantry!$D$6:$D$305,J45)&""))
B46: =IF(J46="","",IF(K46=K45,"",K46)) | C46: =IF(J46="","",INDEX(Pantry!$B$6:$B$305,J46)) | D46: =IF(J46="","",INDEX(Pantry!$L$6:$L$305,J46)) | E46: =IF(J46="","",INDEX(Pantry!$E$6:$E$305,J46)&"") | F46: =IF(J46="","",INDEX(Pantry!$M$6:$M$305,J46)) | I46: =IFERROR(SMALL(Pantry!$O$6:$O$305,39),"") | J46: =IF(I46="","",MATCH(I46,Pantry!$O$6:$O$305,0)) | K46: =IF(J46="","",IF(INDEX(Pantry!$D$6:$D$305,J46)&""="","Other",INDEX(Pantry!$D$6:$D$305,J46)&""))
B47: =IF(J47="","",IF(K47=K46,"",K47)) | C47: =IF(J47="","",INDEX(Pantry!$B$6:$B$305,J47)) | D47: =IF(J47="","",INDEX(Pantry!$L$6:$L$305,J47)) | E47: =IF(J47="","",INDEX(Pantry!$E$6:$E$305,J47)&"") | F47: =IF(J47="","",INDEX(Pantry!$M$6:$M$305,J47)) | I47: =IFERROR(SMALL(Pantry!$O$6:$O$305,40),"") | J47: =IF(I47="","",MATCH(I47,Pantry!$O$6:$O$305,0)) | K47: =IF(J47="","",IF(INDEX(Pantry!$D$6:$D$305,J47)&""="","Other",INDEX(Pantry!$D$6:$D$305,J47)&""))
B48: =IF(J48="","",IF(K48=K47,"",K48)) | C48: =IF(J48="","",INDEX(Pantry!$B$6:$B$305,J48)) | D48: =IF(J48="","",INDEX(Pantry!$L$6:$L$305,J48)) | E48: =IF(J48="","",INDEX(Pantry!$E$6:$E$305,J48)&"") | F48: =IF(J48="","",INDEX(Pantry!$M$6:$M$305,J48)) | I48: =IFERROR(SMALL(Pantry!$O$6:$O$305,41),"") | J48: =IF(I48="","",MATCH(I48,Pantry!$O$6:$O$305,0)) | K48: =IF(J48="","",IF(INDEX(Pantry!$D$6:$D$305,J48)&""="","Other",INDEX(Pantry!$D$6:$D$305,J48)&""))
B49: =IF(J49="","",IF(K49=K48,"",K49)) | C49: =IF(J49="","",INDEX(Pantry!$B$6:$B$305,J49)) | D49: =IF(J49="","",INDEX(Pantry!$L$6:$L$305,J49)) | E49: =IF(J49="","",INDEX(Pantry!$E$6:$E$305,J49)&"") | F49: =IF(J49="","",INDEX(Pantry!$M$6:$M$305,J49)) | I49: =IFERROR(SMALL(Pantry!$O$6:$O$305,42),"") | J49: =IF(I49="","",MATCH(I49,Pantry!$O$6:$O$305,0)) | K49: =IF(J49="","",IF(INDEX(Pantry!$D$6:$D$305,J49)&""="","Other",INDEX(Pantry!$D$6:$D$305,J49)&""))
B50: =IF(J50="","",IF(K50=K49,"",K50)) | C50: =IF(J50="","",INDEX(Pantry!$B$6:$B$305,J50)) | D50: =IF(J50="","",INDEX(Pantry!$L$6:$L$305,J50)) | E50: =IF(J50="","",INDEX(Pantry!$E$6:$E$305,J50)&"") | F50: =IF(J50="","",INDEX(Pantry!$M$6:$M$305,J50)) | I50: =IFERROR(SMALL(Pantry!$O$6:$O$305,43),"") | J50: =IF(I50="","",MATCH(I50,Pantry!$O$6:$O$305,0)) | K50: =IF(J50="","",IF(INDEX(Pantry!$D$6:$D$305,J50)&""="","Other",INDEX(Pantry!$D$6:$D$305,J50)&""))
B51: =IF(J51="","",IF(K51=K50,"",K51)) | C51: =IF(J51="","",INDEX(Pantry!$B$6:$B$305,J51)) | D51: =IF(J51="","",INDEX(Pantry!$L$6:$L$305,J51)) | E51: =IF(J51="","",INDEX(Pantry!$E$6:$E$305,J51)&"") | F51: =IF(J51="","",INDEX(Pantry!$M$6:$M$305,J51)) | I51: =IFERROR(SMALL(Pantry!$O$6:$O$305,44),"") | J51: =IF(I51="","",MATCH(I51,Pantry!$O$6:$O$305,0)) | K51: =IF(J51="","",IF(INDEX(Pantry!$D$6:$D$305,J51)&""="","Other",INDEX(Pantry!$D$6:$D$305,J51)&""))
B52: =IF(J52="","",IF(K52=K51,"",K52)) | C52: =IF(J52="","",INDEX(Pantry!$B$6:$B$305,J52)) | D52: =IF(J52="","",INDEX(Pantry!$L$6:$L$305,J52)) | E52: =IF(J52="","",INDEX(Pantry!$E$6:$E$305,J52)&"") | F52: =IF(J52="","",INDEX(Pantry!$M$6:$M$305,J52)) | I52: =IFERROR(SMALL(Pantry!$O$6:$O$305,45),"") | J52: =IF(I52="","",MATCH(I52,Pantry!$O$6:$O$305,0)) | K52: =IF(J52="","",IF(INDEX(Pantry!$D$6:$D$305,J52)&""="","Other",INDEX(Pantry!$D$6:$D$305,J52)&""))
B53: =IF(J53="","",IF(K53=K52,"",K53)) | C53: =IF(J53="","",INDEX(Pantry!$B$6:$B$305,J53)) | D53: =IF(J53="","",INDEX(Pantry!$L$6:$L$305,J53)) | E53: =IF(J53="","",INDEX(Pantry!$E$6:$E$305,J53)&"") | F53: =IF(J53="","",INDEX(Pantry!$M$6:$M$305,J53)) | I53: =IFERROR(SMALL(Pantry!$O$6:$O$305,46),"") | J53: =IF(I53="","",MATCH(I53,Pantry!$O$6:$O$305,0)) | K53: =IF(J53="","",IF(INDEX(Pantry!$D$6:$D$305,J53)&""="","Other",INDEX(Pantry!$D$6:$D$305,J53)&""))
B54: =IF(J54="","",IF(K54=K53,"",K54)) | C54: =IF(J54="","",INDEX(Pantry!$B$6:$B$305,J54)) | D54: =IF(J54="","",INDEX(Pantry!$L$6:$L$305,J54)) | E54: =IF(J54="","",INDEX(Pantry!$E$6:$E$305,J54)&"") | F54: =IF(J54="","",INDEX(Pantry!$M$6:$M$305,J54)) | I54: =IFERROR(SMALL(Pantry!$O$6:$O$305,47),"") | J54: =IF(I54="","",MATCH(I54,Pantry!$O$6:$O$305,0)) | K54: =IF(J54="","",IF(INDEX(Pantry!$D$6:$D$305,J54)&""="","Other",INDEX(Pantry!$D$6:$D$305,J54)&""))
B55: =IF(J55="","",IF(K55=K54,"",K55)) | C55: =IF(J55="","",INDEX(Pantry!$B$6:$B$305,J55)) | D55: =IF(J55="","",INDEX(Pantry!$L$6:$L$305,J55)) | E55: =IF(J55="","",INDEX(Pantry!$E$6:$E$305,J55)&"") | F55: =IF(J55="","",INDEX(Pantry!$M$6:$M$305,J55)) | I55: =IFERROR(SMALL(Pantry!$O$6:$O$305,48),"") | J55: =IF(I55="","",MATCH(I55,Pantry!$O$6:$O$305,0)) | K55: =IF(J55="","",IF(INDEX(Pantry!$D$6:$D$305,J55)&""="","Other",INDEX(Pantry!$D$6:$D$305,J55)&""))
B56: =IF(J56="","",IF(K56=K55,"",K56)) | C56: =IF(J56="","",INDEX(Pantry!$B$6:$B$305,J56)) | D56: =IF(J56="","",INDEX(Pantry!$L$6:$L$305,J56)) | E56: =IF(J56="","",INDEX(Pantry!$E$6:$E$305,J56)&"") | F56: =IF(J56="","",INDEX(Pantry!$M$6:$M$305,J56)) | I56: =IFERROR(SMALL(Pantry!$O$6:$O$305,49),"") | J56: =IF(I56="","",MATCH(I56,Pantry!$O$6:$O$305,0)) | K56: =IF(J56="","",IF(INDEX(Pantry!$D$6:$D$305,J56)&""="","Other",INDEX(Pantry!$D$6:$D$305,J56)&""))
B57: =IF(J57="","",IF(K57=K56,"",K57)) | C57: =IF(J57="","",INDEX(Pantry!$B$6:$B$305,J57)) | D57: =IF(J57="","",INDEX(Pantry!$L$6:$L$305,J57)) | E57: =IF(J57="","",INDEX(Pantry!$E$6:$E$305,J57)&"") | F57: =IF(J57="","",INDEX(Pantry!$M$6:$M$305,J57)) | I57: =IFERROR(SMALL(Pantry!$O$6:$O$305,50),"") | J57: =IF(I57="","",MATCH(I57,Pantry!$O$6:$O$305,0)) | K57: =IF(J57="","",IF(INDEX(Pantry!$D$6:$D$305,J57)&""="","Other",INDEX(Pantry!$D$6:$D$305,J57)&""))
B58: =IF(J58="","",IF(K58=K57,"",K58)) | C58: =IF(J58="","",INDEX(Pantry!$B$6:$B$305,J58)) | D58: =IF(J58="","",INDEX(Pantry!$L$6:$L$305,J58)) | E58: =IF(J58="","",INDEX(Pantry!$E$6:$E$305,J58)&"") | F58: =IF(J58="","",INDEX(Pantry!$M$6:$M$305,J58)) | I58: =IFERROR(SMALL(Pantry!$O$6:$O$305,51),"") | J58: =IF(I58="","",MATCH(I58,Pantry!$O$6:$O$305,0)) | K58: =IF(J58="","",IF(INDEX(Pantry!$D$6:$D$305,J58)&""="","Other",INDEX(Pantry!$D$6:$D$305,J58)&""))
B59: =IF(J59="","",IF(K59=K58,"",K59)) | C59: =IF(J59="","",INDEX(Pantry!$B$6:$B$305,J59)) | D59: =IF(J59="","",INDEX(Pantry!$L$6:$L$305,J59)) | E59: =IF(J59="","",INDEX(Pantry!$E$6:$E$305,J59)&"") | F59: =IF(J59="","",INDEX(Pantry!$M$6:$M$305,J59)) | I59: =IFERROR(SMALL(Pantry!$O$6:$O$305,52),"") | J59: =IF(I59="","",MATCH(I59,Pantry!$O$6:$O$305,0)) | K59: =IF(J59="","",IF(INDEX(Pantry!$D$6:$D$305,J59)&""="","Other",INDEX(Pantry!$D$6:$D$305,J59)&""))
B60: =IF(J60="","",IF(K60=K59,"",K60)) | C60: =IF(J60="","",INDEX(Pantry!$B$6:$B$305,J60)) | D60: =IF(J60="","",INDEX(Pantry!$L$6:$L$305,J60)) | E60: =IF(J60="","",INDEX(Pantry!$E$6:$E$305,J60)&"") | F60: =IF(J60="","",INDEX(Pantry!$M$6:$M$305,J60)) | I60: =IFERROR(SMALL(Pantry!$O$6:$O$305,53),"") | J60: =IF(I60="","",MATCH(I60,Pantry!$O$6:$O$305,0)) | K60: =IF(J60="","",IF(INDEX(Pantry!$D$6:$D$305,J60)&""="","Other",INDEX(Pantry!$D$6:$D$305,J60)&""))
B61: =IF(J61="","",IF(K61=K60,"",K61)) | C61: =IF(J61="","",INDEX(Pantry!$B$6:$B$305,J61)) | D61: =IF(J61="","",INDEX(Pantry!$L$6:$L$305,J61)) | E61: =IF(J61="","",INDEX(Pantry!$E$6:$E$305,J61)&"") | F61: =IF(J61="","",INDEX(Pantry!$M$6:$M$305,J61)) | I61: =IFERROR(SMALL(Pantry!$O$6:$O$305,54),"") | J61: =IF(I61="","",MATCH(I61,Pantry!$O$6:$O$305,0)) | K61: =IF(J61="","",IF(INDEX(Pantry!$D$6:$D$305,J61)&""="","Other",INDEX(Pantry!$D$6:$D$305,J61)&""))
B62: =IF(J62="","",IF(K62=K61,"",K62)) | C62: =IF(J62="","",INDEX(Pantry!$B$6:$B$305,J62)) | D62: =IF(J62="","",INDEX(Pantry!$L$6:$L$305,J62)) | E62: =IF(J62="","",INDEX(Pantry!$E$6:$E$305,J62)&"") | F62: =IF(J62="","",INDEX(Pantry!$M$6:$M$305,J62)) | I62: =IFERROR(SMALL(Pantry!$O$6:$O$305,55),"") | J62: =IF(I62="","",MATCH(I62,Pantry!$O$6:$O$305,0)) | K62: =IF(J62="","",IF(INDEX(Pantry!$D$6:$D$305,J62)&""="","Other",INDEX(Pantry!$D$6:$D$305,J62)&""))
B63: =IF(J63="","",IF(K63=K62,"",K63)) | C63: =IF(J63="","",INDEX(Pantry!$B$6:$B$305,J63)) | D63: =IF(J63="","",INDEX(Pantry!$L$6:$L$305,J63)) | E63: =IF(J63="","",INDEX(Pantry!$E$6:$E$305,J63)&"") | F63: =IF(J63="","",INDEX(Pantry!$M$6:$M$305,J63)) | I63: =IFERROR(SMALL(Pantry!$O$6:$O$305,56),"") | J63: =IF(I63="","",MATCH(I63,Pantry!$O$6:$O$305,0)) | K63: =IF(J63="","",IF(INDEX(Pantry!$D$6:$D$305,J63)&""="","Other",INDEX(Pantry!$D$6:$D$305,J63)&""))
B64: =IF(J64="","",IF(K64=K63,"",K64)) | C64: =IF(J64="","",INDEX(Pantry!$B$6:$B$305,J64)) | D64: =IF(J64="","",INDEX(Pantry!$L$6:$L$305,J64)) | E64: =IF(J64="","",INDEX(Pantry!$E$6:$E$305,J64)&"") | F64: =IF(J64="","",INDEX(Pantry!$M$6:$M$305,J64)) | I64: =IFERROR(SMALL(Pantry!$O$6:$O$305,57),"") | J64: =IF(I64="","",MATCH(I64,Pantry!$O$6:$O$305,0)) | K64: =IF(J64="","",IF(INDEX(Pantry!$D$6:$D$305,J64)&""="","Other",INDEX(Pantry!$D$6:$D$305,J64)&""))
B65: =IF(J65="","",IF(K65=K64,"",K65)) | C65: =IF(J65="","",INDEX(Pantry!$B$6:$B$305,J65)) | D65: =IF(J65="","",INDEX(Pantry!$L$6:$L$305,J65)) | E65: =IF(J65="","",INDEX(Pantry!$E$6:$E$305,J65)&"") | F65: =IF(J65="","",INDEX(Pantry!$M$6:$M$305,J65)) | I65: =IFERROR(SMALL(Pantry!$O$6:$O$305,58),"") | J65: =IF(I65="","",MATCH(I65,Pantry!$O$6:$O$305,0)) | K65: =IF(J65="","",IF(INDEX(Pantry!$D$6:$D$305,J65)&""="","Other",INDEX(Pantry!$D$6:$D$305,J65)&""))
B66: =IF(J66="","",IF(K66=K65,"",K66)) | C66: =IF(J66="","",INDEX(Pantry!$B$6:$B$305,J66)) | D66: =IF(J66="","",INDEX(Pantry!$L$6:$L$305,J66)) | E66: =IF(J66="","",INDEX(Pantry!$E$6:$E$305,J66)&"") | F66: =IF(J66="","",INDEX(Pantry!$M$6:$M$305,J66)) | I66: =IFERROR(SMALL(Pantry!$O$6:$O$305,59),"") | J66: =IF(I66="","",MATCH(I66,Pantry!$O$6:$O$305,0)) | K66: =IF(J66="","",IF(INDEX(Pantry!$D$6:$D$305,J66)&""="","Other",INDEX(Pantry!$D$6:$D$305,J66)&""))
B67: =IF(J67="","",IF(K67=K66,"",K67)) | C67: =IF(J67="","",INDEX(Pantry!$B$6:$B$305,J67)) | D67: =IF(J67="","",INDEX(Pantry!$L$6:$L$305,J67)) | E67: =IF(J67="","",INDEX(Pantry!$E$6:$E$305,J67)&"") | F67: =IF(J67="","",INDEX(Pantry!$M$6:$M$305,J67)) | I67: =IFERROR(SMALL(Pantry!$O$6:$O$305,60),"") | J67: =IF(I67="","",MATCH(I67,Pantry!$O$6:$O$305,0)) | K67: =IF(J67="","",IF(INDEX(Pantry!$D$6:$D$305,J67)&""="","Other",INDEX(Pantry!$D$6:$D$305,J67)&""))
B68: =IF(J68="","",IF(K68=K67,"",K68)) | C68: =IF(J68="","",INDEX(Pantry!$B$6:$B$305,J68)) | D68: =IF(J68="","",INDEX(Pantry!$L$6:$L$305,J68)) | E68: =IF(J68="","",INDEX(Pantry!$E$6:$E$305,J68)&"") | F68: =IF(J68="","",INDEX(Pantry!$M$6:$M$305,J68)) | I68: =IFERROR(SMALL(Pantry!$O$6:$O$305,61),"") | J68: =IF(I68="","",MATCH(I68,Pantry!$O$6:$O$305,0)) | K68: =IF(J68="","",IF(INDEX(Pantry!$D$6:$D$305,J68)&""="","Other",INDEX(Pantry!$D$6:$D$305,J68)&""))
B69: =IF(J69="","",IF(K69=K68,"",K69)) | C69: =IF(J69="","",INDEX(Pantry!$B$6:$B$305,J69)) | D69: =IF(J69="","",INDEX(Pantry!$L$6:$L$305,J69)) | E69: =IF(J69="","",INDEX(Pantry!$E$6:$E$305,J69)&"") | F69: =IF(J69="","",INDEX(Pantry!$M$6:$M$305,J69)) | I69: =IFERROR(SMALL(Pantry!$O$6:$O$305,62),"") | J69: =IF(I69="","",MATCH(I69,Pantry!$O$6:$O$305,0)) | K69: =IF(J69="","",IF(INDEX(Pantry!$D$6:$D$305,J69)&""="","Other",INDEX(Pantry!$D$6:$D$305,J69)&""))
B70: =IF(J70="","",IF(K70=K69,"",K70)) | C70: =IF(J70="","",INDEX(Pantry!$B$6:$B$305,J70)) | D70: =IF(J70="","",INDEX(Pantry!$L$6:$L$305,J70)) | E70: =IF(J70="","",INDEX(Pantry!$E$6:$E$305,J70)&"") | F70: =IF(J70="","",INDEX(Pantry!$M$6:$M$305,J70)) | I70: =IFERROR(SMALL(Pantry!$O$6:$O$305,63),"") | J70: =IF(I70="","",MATCH(I70,Pantry!$O$6:$O$305,0)) | K70: =IF(J70="","",IF(INDEX(Pantry!$D$6:$D$305,J70)&""="","Other",INDEX(Pantry!$D$6:$D$305,J70)&""))
B71: =IF(J71="","",IF(K71=K70,"",K71)) | C71: =IF(J71="","",INDEX(Pantry!$B$6:$B$305,J71)) | D71: =IF(J71="","",INDEX(Pantry!$L$6:$L$305,J71)) | E71: =IF(J71="","",INDEX(Pantry!$E$6:$E$305,J71)&"") | F71: =IF(J71="","",INDEX(Pantry!$M$6:$M$305,J71)) | I71: =IFERROR(SMALL(Pantry!$O$6:$O$305,64),"") | J71: =IF(I71="","",MATCH(I71,Pantry!$O$6:$O$305,0)) | K71: =IF(J71="","",IF(INDEX(Pantry!$D$6:$D$305,J71)&""="","Other",INDEX(Pantry!$D$6:$D$305,J71)&""))
B72: =IF(J72="","",IF(K72=K71,"",K72)) | C72: =IF(J72="","",INDEX(Pantry!$B$6:$B$305,J72)) | D72: =IF(J72="","",INDEX(Pantry!$L$6:$L$305,J72)) | E72: =IF(J72="","",INDEX(Pantry!$E$6:$E$305,J72)&"") | F72: =IF(J72="","",INDEX(Pantry!$M$6:$M$305,J72)) | I72: =IFERROR(SMALL(Pantry!$O$6:$O$305,65),"") | J72: =IF(I72="","",MATCH(I72,Pantry!$O$6:$O$305,0)) | K72: =IF(J72="","",IF(INDEX(Pantry!$D$6:$D$305,J72)&""="","Other",INDEX(Pantry!$D$6:$D$305,J72)&""))
B73: =IF(J73="","",IF(K73=K72,"",K73)) | C73: =IF(J73="","",INDEX(Pantry!$B$6:$B$305,J73)) | D73: =IF(J73="","",INDEX(Pantry!$L$6:$L$305,J73)) | E73: =IF(J73="","",INDEX(Pantry!$E$6:$E$305,J73)&"") | F73: =IF(J73="","",INDEX(Pantry!$M$6:$M$305,J73)) | I73: =IFERROR(SMALL(Pantry!$O$6:$O$305,66),"") | J73: =IF(I73="","",MATCH(I73,Pantry!$O$6:$O$305,0)) | K73: =IF(J73="","",IF(INDEX(Pantry!$D$6:$D$305,J73)&""="","Other",INDEX(Pantry!$D$6:$D$305,J73)&""))
B74: =IF(J74="","",IF(K74=K73,"",K74)) | C74: =IF(J74="","",INDEX(Pantry!$B$6:$B$305,J74)) | D74: =IF(J74="","",INDEX(Pantry!$L$6:$L$305,J74)) | E74: =IF(J74="","",INDEX(Pantry!$E$6:$E$305,J74)&"") | F74: =IF(J74="","",INDEX(Pantry!$M$6:$M$305,J74)) | I74: =IFERROR(SMALL(Pantry!$O$6:$O$305,67),"") | J74: =IF(I74="","",MATCH(I74,Pantry!$O$6:$O$305,0)) | K74: =IF(J74="","",IF(INDEX(Pantry!$D$6:$D$305,J74)&""="","Other",INDEX(Pantry!$D$6:$D$305,J74)&""))
B75: =IF(J75="","",IF(K75=K74,"",K75)) | C75: =IF(J75="","",INDEX(Pantry!$B$6:$B$305,J75)) | D75: =IF(J75="","",INDEX(Pantry!$L$6:$L$305,J75)) | E75: =IF(J75="","",INDEX(Pantry!$E$6:$E$305,J75)&"") | F75: =IF(J75="","",INDEX(Pantry!$M$6:$M$305,J75)) | I75: =IFERROR(SMALL(Pantry!$O$6:$O$305,68),"") | J75: =IF(I75="","",MATCH(I75,Pantry!$O$6:$O$305,0)) | K75: =IF(J75="","",IF(INDEX(Pantry!$D$6:$D$305,J75)&""="","Other",INDEX(Pantry!$D$6:$D$305,J75)&""))
B76: =IF(J76="","",IF(K76=K75,"",K76)) | C76: =IF(J76="","",INDEX(Pantry!$B$6:$B$305,J76)) | D76: =IF(J76="","",INDEX(Pantry!$L$6:$L$305,J76)) | E76: =IF(J76="","",INDEX(Pantry!$E$6:$E$305,J76)&"") | F76: =IF(J76="","",INDEX(Pantry!$M$6:$M$305,J76)) | I76: =IFERROR(SMALL(Pantry!$O$6:$O$305,69),"") | J76: =IF(I76="","",MATCH(I76,Pantry!$O$6:$O$305,0)) | K76: =IF(J76="","",IF(INDEX(Pantry!$D$6:$D$305,J76)&""="","Other",INDEX(Pantry!$D$6:$D$305,J76)&""))
B77: =IF(J77="","",IF(K77=K76,"",K77)) | C77: =IF(J77="","",INDEX(Pantry!$B$6:$B$305,J77)) | D77: =IF(J77="","",INDEX(Pantry!$L$6:$L$305,J77)) | E77: =IF(J77="","",INDEX(Pantry!$E$6:$E$305,J77)&"") | F77: =IF(J77="","",INDEX(Pantry!$M$6:$M$305,J77)) | I77: =IFERROR(SMALL(Pantry!$O$6:$O$305,70),"") | J77: =IF(I77="","",MATCH(I77,Pantry!$O$6:$O$305,0)) | K77: =IF(J77="","",IF(INDEX(Pantry!$D$6:$D$305,J77)&""="","Other",INDEX(Pantry!$D$6:$D$305,J77)&""))
B78: =IF(J78="","",IF(K78=K77,"",K78)) | C78: =IF(J78="","",INDEX(Pantry!$B$6:$B$305,J78)) | D78: =IF(J78="","",INDEX(Pantry!$L$6:$L$305,J78)) | E78: =IF(J78="","",INDEX(Pantry!$E$6:$E$305,J78)&"") | F78: =IF(J78="","",INDEX(Pantry!$M$6:$M$305,J78)) | I78: =IFERROR(SMALL(Pantry!$O$6:$O$305,71),"") | J78: =IF(I78="","",MATCH(I78,Pantry!$O$6:$O$305,0)) | K78: =IF(J78="","",IF(INDEX(Pantry!$D$6:$D$305,J78)&""="","Other",INDEX(Pantry!$D$6:$D$305,J78)&""))
B79: =IF(J79="","",IF(K79=K78,"",K79)) | C79: =IF(J79="","",INDEX(Pantry!$B$6:$B$305,J79)) | D79: =IF(J79="","",INDEX(Pantry!$L$6:$L$305,J79)) | E79: =IF(J79="","",INDEX(Pantry!$E$6:$E$305,J79)&"") | F79: =IF(J79="","",INDEX(Pantry!$M$6:$M$305,J79)) | I79: =IFERROR(SMALL(Pantry!$O$6:$O$305,72),"") | J79: =IF(I79="","",MATCH(I79,Pantry!$O$6:$O$305,0)) | K79: =IF(J79="","",IF(INDEX(Pantry!$D$6:$D$305,J79)&""="","Other",INDEX(Pantry!$D$6:$D$305,J79)&""))
B80: =IF(J80="","",IF(K80=K79,"",K80)) | C80: =IF(J80="","",INDEX(Pantry!$B$6:$B$305,J80)) | D80: =IF(J80="","",INDEX(Pantry!$L$6:$L$305,J80)) | E80: =IF(J80="","",INDEX(Pantry!$E$6:$E$305,J80)&"") | F80: =IF(J80="","",INDEX(Pantry!$M$6:$M$305,J80)) | I80: =IFERROR(SMALL(Pantry!$O$6:$O$305,73),"") | J80: =IF(I80="","",MATCH(I80,Pantry!$O$6:$O$305,0)) | K80: =IF(J80="","",IF(INDEX(Pantry!$D$6:$D$305,J80)&""="","Other",INDEX(Pantry!$D$6:$D$305,J80)&""))
B81: =IF(J81="","",IF(K81=K80,"",K81)) | C81: =IF(J81="","",INDEX(Pantry!$B$6:$B$305,J81)) | D81: =IF(J81="","",INDEX(Pantry!$L$6:$L$305,J81)) | E81: =IF(J81="","",INDEX(Pantry!$E$6:$E$305,J81)&"") | F81: =IF(J81="","",INDEX(Pantry!$M$6:$M$305,J81)) | I81: =IFERROR(SMALL(Pantry!$O$6:$O$305,74),"") | J81: =IF(I81="","",MATCH(I81,Pantry!$O$6:$O$305,0)) | K81: =IF(J81="","",IF(INDEX(Pantry!$D$6:$D$305,J81)&""="","Other",INDEX(Pantry!$D$6:$D$305,J81)&""))
B82: =IF(J82="","",IF(K82=K81,"",K82)) | C82: =IF(J82="","",INDEX(Pantry!$B$6:$B$305,J82)) | D82: =IF(J82="","",INDEX(Pantry!$L$6:$L$305,J82)) | E82: =IF(J82="","",INDEX(Pantry!$E$6:$E$305,J82)&"") | F82: =IF(J82="","",INDEX(Pantry!$M$6:$M$305,J82)) | I82: =IFERROR(SMALL(Pantry!$O$6:$O$305,75),"") | J82: =IF(I82="","",MATCH(I82,Pantry!$O$6:$O$305,0)) | K82: =IF(J82="","",IF(INDEX(Pantry!$D$6:$D$305,J82)&""="","Other",INDEX(Pantry!$D$6:$D$305,J82)&""))
B83: =IF(J83="","",IF(K83=K82,"",K83)) | C83: =IF(J83="","",INDEX(Pantry!$B$6:$B$305,J83)) | D83: =IF(J83="","",INDEX(Pantry!$L$6:$L$305,J83)) | E83: =IF(J83="","",INDEX(Pantry!$E$6:$E$305,J83)&"") | F83: =IF(J83="","",INDEX(Pantry!$M$6:$M$305,J83)) | I83: =IFERROR(SMALL(Pantry!$O$6:$O$305,76),"") | J83: =IF(I83="","",MATCH(I83,Pantry!$O$6:$O$305,0)) | K83: =IF(J83="","",IF(INDEX(Pantry!$D$6:$D$305,J83)&""="","Other",INDEX(Pantry!$D$6:$D$305,J83)&""))
B84: =IF(J84="","",IF(K84=K83,"",K84)) | C84: =IF(J84="","",INDEX(Pantry!$B$6:$B$305,J84)) | D84: =IF(J84="","",INDEX(Pantry!$L$6:$L$305,J84)) | E84: =IF(J84="","",INDEX(Pantry!$E$6:$E$305,J84)&"") | F84: =IF(J84="","",INDEX(Pantry!$M$6:$M$305,J84)) | I84: =IFERROR(SMALL(Pantry!$O$6:$O$305,77),"") | J84: =IF(I84="","",MATCH(I84,Pantry!$O$6:$O$305,0)) | K84: =IF(J84="","",IF(INDEX(Pantry!$D$6:$D$305,J84)&""="","Other",INDEX(Pantry!$D$6:$D$305,J84)&""))
B85: =IF(J85="","",IF(K85=K84,"",K85)) | C85: =IF(J85="","",INDEX(Pantry!$B$6:$B$305,J85)) | D85: =IF(J85="","",INDEX(Pantry!$L$6:$L$305,J85)) | E85: =IF(J85="","",INDEX(Pantry!$E$6:$E$305,J85)&"") | F85: =IF(J85="","",INDEX(Pantry!$M$6:$M$305,J85)) | I85: =IFERROR(SMALL(Pantry!$O$6:$O$305,78),"") | J85: =IF(I85="","",MATCH(I85,Pantry!$O$6:$O$305,0)) | K85: =IF(J85="","",IF(INDEX(Pantry!$D$6:$D$305,J85)&""="","Other",INDEX(Pantry!$D$6:$D$305,J85)&""))
B86: =IF(J86="","",IF(K86=K85,"",K86)) | C86: =IF(J86="","",INDEX(Pantry!$B$6:$B$305,J86)) | D86: =IF(J86="","",INDEX(Pantry!$L$6:$L$305,J86)) | E86: =IF(J86="","",INDEX(Pantry!$E$6:$E$305,J86)&"") | F86: =IF(J86="","",INDEX(Pantry!$M$6:$M$305,J86)) | I86: =IFERROR(SMALL(Pantry!$O$6:$O$305,79),"") | J86: =IF(I86="","",MATCH(I86,Pantry!$O$6:$O$305,0)) | K86: =IF(J86="","",IF(INDEX(Pantry!$D$6:$D$305,J86)&""="","Other",INDEX(Pantry!$D$6:$D$305,J86)&""))
B87: =IF(J87="","",IF(K87=K86,"",K87)) | C87: =IF(J87="","",INDEX(Pantry!$B$6:$B$305,J87)) | D87: =IF(J87="","",INDEX(Pantry!$L$6:$L$305,J87)) | E87: =IF(J87="","",INDEX(Pantry!$E$6:$E$305,J87)&"") | F87: =IF(J87="","",INDEX(Pantry!$M$6:$M$305,J87)) | I87: =IFERROR(SMALL(Pantry!$O$6:$O$305,80),"") | J87: =IF(I87="","",MATCH(I87,Pantry!$O$6:$O$305,0)) | K87: =IF(J87="","",IF(INDEX(Pantry!$D$6:$D$305,J87)&""="","Other",INDEX(Pantry!$D$6:$D$305,J87)&""))
B89: Type x under Got it as you shop. Clear that column when you start a new week.

Sheet Recipes
B2: Recipes
B3: One line per recipe. Its ingredients go on the Ingredients tab.
B5: Recipe | C5: Meal | D5: Serves | E5: Minutes | F5: Link or notes | G5: Times this week | H5: Servings this week | I5: Cost per serving | J5: Ingredients
B6: Overnight oats | C6: Breakfast | D6: 1 | E6: 5 | F6: Make it the night before | G6: =IF(B6="","",COUNTIFS('Week plan'!$C$9:$I$12,B6)) | H6: =IF(B6="","",SUMIFS('Week plan'!$Z$9:$AF$12,'Week plan'!$C$9:$I$12,B6)) | I6: =IF(B6="","",ROUND(SUMIFS(Ingredients!$F$6:$F$1005,Ingredients!$B$6:$B$1005,B6)/IF(N(D6)>0,D6,1),2)) | J6: =IF(B6="","",COUNTIFS(Ingredients!$B$6:$B$1005,B6)) | K6: =IF(N(G6)>0,ROW(),"")
B7: Scrambled eggs on toast | C7: Breakfast | D7: 2 | E7: 10 | G7: =IF(B7="","",COUNTIFS('Week plan'!$C$9:$I$12,B7)) | H7: =IF(B7="","",SUMIFS('Week plan'!$Z$9:$AF$12,'Week plan'!$C$9:$I$12,B7)) | I7: =IF(B7="","",ROUND(SUMIFS(Ingredients!$F$6:$F$1005,Ingredients!$B$6:$B$1005,B7)/IF(N(D7)>0,D7,1),2)) | J7: =IF(B7="","",COUNTIFS(Ingredients!$B$6:$B$1005,B7)) | K7: =IF(N(G7)>0,ROW(),"")
B8: Veggie omelette | C8: Breakfast | D8: 1 | E8: 15 | G8: =IF(B8="","",COUNTIFS('Week plan'!$C$9:$I$12,B8)) | H8: =IF(B8="","",SUMIFS('Week plan'!$Z$9:$AF$12,'Week plan'!$C$9:$I$12,B8)) | I8: =IF(B8="","",ROUND(SUMIFS(Ingredients!$F$6:$F$1005,Ingredients!$B$6:$B$1005,B8)/IF(N(D8)>0,D8,1),2)) | J8: =IF(B8="","",COUNTIFS(Ingredients!$B$6:$B$1005,B8)) | K8: =IF(N(G8)>0,ROW(),"")
B9: Pancakes | C9: Breakfast | D9: 4 | E9: 25 | F9: Weekend breakfast | G9: =IF(B9="","",COUNTIFS('Week plan'!$C$9:$I$12,B9)) | H9: =IF(B9="","",SUMIFS('Week plan'!$Z$9:$AF$12,'Week plan'!$C$9:$I$12,B9)) | I9: =IF(B9="","",ROUND(SUMIFS(Ingredients!$F$6:$F$1005,Ingredients!$B$6:$B$1005,B9)/IF(N(D9)>0,D9,1),2)) | J9: =IF(B9="","",COUNTIFS(Ingredients!$B$6:$B$1005,B9)) | K9: =IF(N(G9)>0,ROW(),"")
B10: Chicken stir fry with rice | C10: Dinner | D10: 4 | E10: 30 | G10: =IF(B10="","",COUNTIFS('Week plan'!$C$9:$I$12,B10)) | H10: =IF(B10="","",SUMIFS('Week plan'!$Z$9:$AF$12,'Week plan'!$C$9:$I$12,B10)) | I10: =IF(B10="","",ROUND(SUMIFS(Ingredients!$F$6:$F$1005,Ingredients!$B$6:$B$1005,B10)/IF(N(D10)>0,D10,1),2)) | J10: =IF(B10="","",COUNTIFS(Ingredients!$B$6:$B$1005,B10)) | K10: =IF(N(G10)>0,ROW(),"")
B11: Spaghetti bolognese | C11: Dinner | D11: 4 | E11: 45 | F11: Freezes well | G11: =IF(B11="","",COUNTIFS('Week plan'!$C$9:$I$12,B11)) | H11: =IF(B11="","",SUMIFS('Week plan'!$Z$9:$AF$12,'Week plan'!$C$9:$I$12,B11)) | I11: =IF(B11="","",ROUND(SUMIFS(Ingredients!$F$6:$F$1005,Ingredients!$B$6:$B$1005,B11)/IF(N(D11)>0,D11,1),2)) | J11: =IF(B11="","",COUNTIFS(Ingredients!$B$6:$B$1005,B11)) | K11: =IF(N(G11)>0,ROW(),"")
B12: Sheet pan salmon and potatoes | C12: Dinner | D12: 2 | E12: 35 | G12: =IF(B12="","",COUNTIFS('Week plan'!$C$9:$I$12,B12)) | H12: =IF(B12="","",SUMIFS('Week plan'!$Z$9:$AF$12,'Week plan'!$C$9:$I$12,B12)) | I12: =IF(B12="","",ROUND(SUMIFS(Ingredients!$F$6:$F$1005,Ingredients!$B$6:$B$1005,B12)/IF(N(D12)>0,D12,1),2)) | J12: =IF(B12="","",COUNTIFS(Ingredients!$B$6:$B$1005,B12)) | K12: =IF(N(G12)>0,ROW(),"")
B13: Black bean tacos | C13: Dinner | D13: 4 | E13: 20 | G13: =IF(B13="","",COUNTIFS('Week plan'!$C$9:$I$12,B13)) | H13: =IF(B13="","",SUMIFS('Week plan'!$Z$9:$AF$12,'Week plan'!$C$9:$I$12,B13)) | I13: =IF(B13="","",ROUND(SUMIFS(Ingredients!$F$6:$F$1005,Ingredients!$B$6:$B$1005,B13)/IF(N(D13)>0,D13,1),2)) | J13: =IF(B13="","",COUNTIFS(Ingredients!$B$6:$B$1005,B13)) | K13: =IF(N(G13)>0,ROW(),"")
B14: Homemade pizza | C14: Dinner | D14: 4 | E14: 30 | F14: Friday night | G14: =IF(B14="","",COUNTIFS('Week plan'!$C$9:$I$12,B14)) | H14: =IF(B14="","",SUMIFS('Week plan'!$Z$9:$AF$12,'Week plan'!$C$9:$I$12,B14)) | I14: =IF(B14="","",ROUND(SUMIFS(Ingredients!$F$6:$F$1005,Ingredients!$B$6:$B$1005,B14)/IF(N(D14)>0,D14,1),2)) | J14: =IF(B14="","",COUNTIFS(Ingredients!$B$6:$B$1005,B14)) | K14: =IF(N(G14)>0,ROW(),"")
B15: Beef chili | C15: Dinner | D15: 6 | E15: 60 | F15: Double it and freeze half | G15: =IF(B15="","",COUNTIFS('Week plan'!$C$9:$I$12,B15)) | H15: =IF(B15="","",SUMIFS('Week plan'!$Z$9:$AF$12,'Week plan'!$C$9:$I$12,B15)) | I15: =IF(B15="","",ROUND(SUMIFS(Ingredients!$F$6:$F$1005,Ingredients!$B$6:$B$1005,B15)/IF(N(D15)>0,D15,1),2)) | J15: =IF(B15="","",COUNTIFS(Ingredients!$B$6:$B$1005,B15)) | K15: =IF(N(G15)>0,ROW(),"")
B16: Chicken Caesar wraps | C16: Lunch | D16: 2 | E16: 15 | G16: =IF(B16="","",COUNTIFS('Week plan'!$C$9:$I$12,B16)) | H16: =IF(B16="","",SUMIFS('Week plan'!$Z$9:$AF$12,'Week plan'!$C$9:$I$12,B16)) | I16: =IF(B16="","",ROUND(SUMIFS(Ingredients!$F$6:$F$1005,Ingredients!$B$6:$B$1005,B16)/IF(N(D16)>0,D16,1),2)) | J16: =IF(B16="","",COUNTIFS(Ingredients!$B$6:$B$1005,B16)) | K16: =IF(N(G16)>0,ROW(),"")
B17: Lentil soup | C17: Lunch | D17: 6 | E17: 45 | F17: Freezes well | G17: =IF(B17="","",COUNTIFS('Week plan'!$C$9:$I$12,B17)) | H17: =IF(B17="","",SUMIFS('Week plan'!$Z$9:$AF$12,'Week plan'!$C$9:$I$12,B17)) | I17: =IF(B17="","",ROUND(SUMIFS(Ingredients!$F$6:$F$1005,Ingredients!$B$6:$B$1005,B17)/IF(N(D17)>0,D17,1),2)) | J17: =IF(B17="","",COUNTIFS(Ingredients!$B$6:$B$1005,B17)) | K17: =IF(N(G17)>0,ROW(),"")
B18: Tuna pasta salad | C18: Lunch | D18: 4 | E18: 20 | G18: =IF(B18="","",COUNTIFS('Week plan'!$C$9:$I$12,B18)) | H18: =IF(B18="","",SUMIFS('Week plan'!$Z$9:$AF$12,'Week plan'!$C$9:$I$12,B18)) | I18: =IF(B18="","",ROUND(SUMIFS(Ingredients!$F$6:$F$1005,Ingredients!$B$6:$B$1005,B18)/IF(N(D18)>0,D18,1),2)) | J18: =IF(B18="","",COUNTIFS(Ingredients!$B$6:$B$1005,B18)) | K18: =IF(N(G18)>0,ROW(),"")
B19: Yogurt and berries | C19: Snack | D19: 1 | E19: 2 | G19: =IF(B19="","",COUNTIFS('Week plan'!$C$9:$I$12,B19)) | H19: =IF(B19="","",SUMIFS('Week plan'!$Z$9:$AF$12,'Week plan'!$C$9:$I$12,B19)) | I19: =IF(B19="","",ROUND(SUMIFS(Ingredients!$F$6:$F$1005,Ingredients!$B$6:$B$1005,B19)/IF(N(D19)>0,D19,1),2)) | J19: =IF(B19="","",COUNTIFS(Ingredients!$B$6:$B$1005,B19)) | K19: =IF(N(G19)>0,ROW(),"")
B20: Apple and peanut butter | C20: Snack | D20: 1 | E20: 2 | G20: =IF(B20="","",COUNTIFS('Week plan'!$C$9:$I$12,B20)) | H20: =IF(B20="","",SUMIFS('Week plan'!$Z$9:$AF$12,'Week plan'!$C$9:$I$12,B20)) | I20: =IF(B20="","",ROUND(SUMIFS(Ingredients!$F$6:$F$1005,Ingredients!$B$6:$B$1005,B20)/IF(N(D20)>0,D20,1),2)) | J20: =IF(B20="","",COUNTIFS(Ingredients!$B$6:$B$1005,B20)) | K20: =IF(N(G20)>0,ROW(),"")
G21: =IF(B21="","",COUNTIFS('Week plan'!$C$9:$I$12,B21)) | H21: =IF(B21="","",SUMIFS('Week plan'!$Z$9:$AF$12,'Week plan'!$C$9:$I$12,B21)) | I21: =IF(B21="","",ROUND(SUMIFS(Ingredients!$F$6:$F$1005,Ingredients!$B$6:$B$1005,B21)/IF(N(D21)>0,D21,1),2)) | J21: =IF(B21="","",COUNTIFS(Ingredients!$B$6:$B$1005,B21)) | K21: =IF(N(G21)>0,ROW(),"")
G22: =IF(B22="","",COUNTIFS('Week plan'!$C$9:$I$12,B22)) | H22: =IF(B22="","",SUMIFS('Week plan'!$Z$9:$AF$12,'Week plan'!$C$9:$I$12,B22)) | I22: =IF(B22="","",ROUND(SUMIFS(Ingredients!$F$6:$F$1005,Ingredients!$B$6:$B$1005,B22)/IF(N(D22)>0,D22,1),2)) | J22: =IF(B22="","",COUNTIFS(Ingredients!$B$6:$B$1005,B22)) | K22: =IF(N(G22)>0,ROW(),"")
G23: =IF(B23="","",COUNTIFS('Week plan'!$C$9:$I$12,B23)) | H23: =IF(B23="","",SUMIFS('Week plan'!$Z$9:$AF$12,'Week plan'!$C$9:$I$12,B23)) | I23: =IF(B23="","",ROUND(SUMIFS(Ingredients!$F$6:$F$1005,Ingredients!$B$6:$B$1005,B23)/IF(N(D23)>0,D23,1),2)) | J23: =IF(B23="","",COUNTIFS(Ingredients!$B$6:$B$1005,B23)) | K23: =IF(N(G23)>0,ROW(),"")
G24: =IF(B24="","",COUNTIFS('Week plan'!$C$9:$I$12,B24)) | H24: =IF(B24="","",SUMIFS('Week plan'!$Z$9:$AF$12,'Week plan'!$C$9:$I$12,B24)) | I24: =IF(B24="","",ROUND(SUMIFS(Ingredients!$F$6:$F$1005,Ingredients!$B$6:$B$1005,B24)/IF(N(D24)>0,D24,1),2)) | J24: =IF(B24="","",COUNTIFS(Ingredients!$B$6:$B$1005,B24)) | K24: =IF(N(G24)>0,ROW(),"")
G25: =IF(B25="","",COUNTIFS('Week plan'!$C$9:$I$12,B25)) | H25: =IF(B25="","",SUMIFS('Week plan'!$Z$9:$AF$12,'Week plan'!$C$9:$I$12,B25)) | I25: =IF(B25="","",ROUND(SUMIFS(Ingredients!$F$6:$F$1005,Ingredients!$B$6:$B$1005,B25)/IF(N(D25)>0,D25,1),2)) | J25: =IF(B25="","",COUNTIFS(Ingredients!$B$6:$B$1005,B25)) | K25: =IF(N(G25)>0,ROW(),"")
G26: =IF(B26="","",COUNTIFS('Week plan'!$C$9:$I$12,B26)) | H26: =IF(B26="","",SUMIFS('Week plan'!$Z$9:$AF$12,'Week plan'!$C$9:$I$12,B26)) | I26: =IF(B26="","",ROUND(SUMIFS(Ingredients!$F$6:$F$1005,Ingredients!$B$6:$B$1005,B26)/IF(N(D26)>0,D26,1),2)) | J26: =IF(B26="","",COUNTIFS(Ingredients!$B$6:$B$1005,B26)) | K26: =IF(N(G26)>0,ROW(),"")
G27: =IF(B27="","",COUNTIFS('Week plan'!$C$9:$I$12,B27)) | H27: =IF(B27="","",SUMIFS('Week plan'!$Z$9:$AF$12,'Week plan'!$C$9:$I$12,B27)) | I27: =IF(B27="","",ROUND(SUMIFS(Ingredients!$F$6:$F$1005,Ingredients!$B$6:$B$1005,B27)/IF(N(D27)>0,D27,1),2)) | J27: =IF(B27="","",COUNTIFS(Ingredients!$B$6:$B$1005,B27)) | K27: =IF(N(G27)>0,ROW(),"")
G28: =IF(B28="","",COUNTIFS('Week plan'!$C$9:$I$12,B28)) | H28: =IF(B28="","",SUMIFS('Week plan'!$Z$9:$AF$12,'Week plan'!$C$9:$I$12,B28)) | I28: =IF(B28="","",ROUND(SUMIFS(Ingredients!$F$6:$F$1005,Ingredients!$B$6:$B$1005,B28)/IF(N(D28)>0,D28,1),2)) | J28: =IF(B28="","",COUNTIFS(Ingredients!$B$6:$B$1005,B28)) | K28: =IF(N(G28)>0,ROW(),"")
G29: =IF(B29="","",COUNTIFS('Week plan'!$C$9:$I$12,B29)) | H29: =IF(B29="","",SUMIFS('Week plan'!$Z$9:$AF$12,'Week plan'!$C$9:$I$12,B29)) | I29: =IF(B29="","",ROUND(SUMIFS(Ingredients!$F$6:$F$1005,Ingredients!$B$6:$B$1005,B29)/IF(N(D29)>0,D29,1),2)) | J29: =IF(B29="","",COUNTIFS(Ingredients!$B$6:$B$1005,B29)) | K29: =IF(N(G29)>0,ROW(),"")
G30: =IF(B30="","",COUNTIFS('Week plan'!$C$9:$I$12,B30)) | H30: =IF(B30="","",SUMIFS('Week plan'!$Z$9:$AF$12,'Week plan'!$C$9:$I$12,B30)) | I30: =IF(B30="","",ROUND(SUMIFS(Ingredients!$F$6:$F$1005,Ingredients!$B$6:$B$1005,B30)/IF(N(D30)>0,D30,1),2)) | J30: =IF(B30="","",COUNTIFS(Ingredients!$B$6:$B$1005,B30)) | K30: =IF(N(G30)>0,ROW(),"")
G31: =IF(B31="","",COUNTIFS('Week plan'!$C$9:$I$12,B31)) | H31: =IF(B31="","",SUMIFS('Week plan'!$Z$9:$AF$12,'Week plan'!$C$9:$I$12,B31)) | I31: =IF(B31="","",ROUND(SUMIFS(Ingredients!$F$6:$F$1005,Ingredients!$B$6:$B$1005,B31)/IF(N(D31)>0,D31,1),2)) | J31: =IF(B31="","",COUNTIFS(Ingredients!$B$6:$B$1005,B31)) | K31: =IF(N(G31)>0,ROW(),"")
G32: =IF(B32="","",COUNTIFS('Week plan'!$C$9:$I$12,B32)) | H32: =IF(B32="","",SUMIFS('Week plan'!$Z$9:$AF$12,'Week plan'!$C$9:$I$12,B32)) | I32: =IF(B32="","",ROUND(SUMIFS(Ingredients!$F$6:$F$1005,Ingredients!$B$6:$B$1005,B32)/IF(N(D32)>0,D32,1),2)) | J32: =IF(B32="","",COUNTIFS(Ingredients!$B$6:$B$1005,B32)) | K32: =IF(N(G32)>0,ROW(),"")
... G105: =IF(B105="","",COUNTIFS('Week plan'!$C$9:$I$12,B105)) | H105: =IF(B105="","",SUMIFS('Week plan'!$Z$9:$AF$12,'Week plan'!$C$9:$I$12,B105)) | I105: =IF(B105="","",ROUND(SUMIFS(Ingredients!$F$6:$F$1005,Ingredients!$B$6:$B$1005,B105)/IF(N(D105)>0,D105,1),2)) | J105: =IF(B105="","",COUNTIFS(Ingredients!$B$6:$B$1005,B105)) | K105: =IF(N(G105)>0,ROW(),"")

Sheet Ingredients
B2: Ingredients
B3: One line per ingredient of each recipe, in the unit the Pantry uses.
B5: Recipe | C5: Ingredient | D5: Quantity | E5: Unit | F5: Cost | G5: This week
B6: Overnight oats | C6: Rolled oats | D6: 0.5 | E6: =IF(C6="","",IFERROR(INDEX(Pantry!$C$6:$C$305,MATCH(C6,Pantry!$B$6:$B$305,0))&"","Add to Pantry")) | F6: =IF(OR(C6="",E6="Add to Pantry"),"",ROUND(N(D6)*INDEX(Pantry!$N$6:$N$305,MATCH(C6,Pantry!$B$6:$B$305,0)),2)) | G6: =IF(OR(B6="",C6=""),"",IFERROR(ROUND(N(D6)*N(INDEX(Recipes!$H$6:$H$105,MATCH(B6,Recipes!$B$6:$B$105,0)))/IF(N(INDEX(Recipes!$D$6:$D$105,MATCH(B6,Recipes!$B$6:$B$105,0)))>0,INDEX(Recipes!$D$6:$D$105,MATCH(B6,Recipes!$B$6:$B$105,0)),1),2),0))
B7: Overnight oats | C7: Milk | D7: 0.5 | E7: =IF(C7="","",IFERROR(INDEX(Pantry!$C$6:$C$305,MATCH(C7,Pantry!$B$6:$B$305,0))&"","Add to Pantry")) | F7: =IF(OR(C7="",E7="Add to Pantry"),"",ROUND(N(D7)*INDEX(Pantry!$N$6:$N$305,MATCH(C7,Pantry!$B$6:$B$305,0)),2)) | G7: =IF(OR(B7="",C7=""),"",IFERROR(ROUND(N(D7)*N(INDEX(Recipes!$H$6:$H$105,MATCH(B7,Recipes!$B$6:$B$105,0)))/IF(N(INDEX(Recipes!$D$6:$D$105,MATCH(B7,Recipes!$B$6:$B$105,0)))>0,INDEX(Recipes!$D$6:$D$105,MATCH(B7,Recipes!$B$6:$B$105,0)),1),2),0))
B8: Overnight oats | C8: Greek yogurt | D8: 2 | E8: =IF(C8="","",IFERROR(INDEX(Pantry!$C$6:$C$305,MATCH(C8,Pantry!$B$6:$B$305,0))&"","Add to Pantry")) | F8: =IF(OR(C8="",E8="Add to Pantry"),"",ROUND(N(D8)*INDEX(Pantry!$N$6:$N$305,MATCH(C8,Pantry!$B$6:$B$305,0)),2)) | G8: =IF(OR(B8="",C8=""),"",IFERROR(ROUND(N(D8)*N(INDEX(Recipes!$H$6:$H$105,MATCH(B8,Recipes!$B$6:$B$105,0)))/IF(N(INDEX(Recipes!$D$6:$D$105,MATCH(B8,Recipes!$B$6:$B$105,0)))>0,INDEX(Recipes!$D$6:$D$105,MATCH(B8,Recipes!$B$6:$B$105,0)),1),2),0))
B9: Overnight oats | C9: Frozen berries | D9: 0.5 | E9: =IF(C9="","",IFERROR(INDEX(Pantry!$C$6:$C$305,MATCH(C9,Pantry!$B$6:$B$305,0))&"","Add to Pantry")) | F9: =IF(OR(C9="",E9="Add to Pantry"),"",ROUND(N(D9)*INDEX(Pantry!$N$6:$N$305,MATCH(C9,Pantry!$B$6:$B$305,0)),2)) | G9: =IF(OR(B9="",C9=""),"",IFERROR(ROUND(N(D9)*N(INDEX(Recipes!$H$6:$H$105,MATCH(B9,Recipes!$B$6:$B$105,0)))/IF(N(INDEX(Recipes!$D$6:$D$105,MATCH(B9,Recipes!$B$6:$B$105,0)))>0,INDEX(Recipes!$D$6:$D$105,MATCH(B9,Recipes!$B$6:$B$105,0)),1),2),0))
B10: Overnight oats | C10: Honey | D10: 1 | E10: =IF(C10="","",IFERROR(INDEX(Pantry!$C$6:$C$305,MATCH(C10,Pantry!$B$6:$B$305,0))&"","Add to Pantry")) | F10: =IF(OR(C10="",E10="Add to Pantry"),"",ROUND(N(D10)*INDEX(Pantry!$N$6:$N$305,MATCH(C10,Pantry!$B$6:$B$305,0)),2)) | G10: =IF(OR(B10="",C10=""),"",IFERROR(ROUND(N(D10)*N(INDEX(Recipes!$H$6:$H$105,MATCH(B10,Recipes!$B$6:$B$105,0)))/IF(N(INDEX(Recipes!$D$6:$D$105,MATCH(B10,Recipes!$B$6:$B$105,0)))>0,INDEX(Recipes!$D$6:$D$105,MATCH(B10,Recipes!$B$6:$B$105,0)),1),2),0))
B11: Scrambled eggs on toast | C11: Eggs | D11: 4 | E11: =IF(C11="","",IFERROR(INDEX(Pantry!$C$6:$C$305,MATCH(C11,Pantry!$B$6:$B$305,0))&"","Add to Pantry")) | F11: =IF(OR(C11="",E11="Add to Pantry"),"",ROUND(N(D11)*INDEX(Pantry!$N$6:$N$305,MATCH(C11,Pantry!$B$6:$B$305,0)),2)) | G11: =IF(OR(B11="",C11=""),"",IFERROR(ROUND(N(D11)*N(INDEX(Recipes!$H$6:$H$105,MATCH(B11,Recipes!$B$6:$B$105,0)))/IF(N(INDEX(Recipes!$D$6:$D$105,MATCH(B11,Recipes!$B$6:$B$105,0)))>0,INDEX(Recipes!$D$6:$D$105,MATCH(B11,Recipes!$B$6:$B$105,0)),1),2),0))
B12: Scrambled eggs on toast | C12: Sliced bread | D12: 4 | E12: =IF(C12="","",IFERROR(INDEX(Pantry!$C$6:$C$305,MATCH(C12,Pantry!$B$6:$B$305,0))&"","Add to Pantry")) | F12: =IF(OR(C12="",E12="Add to Pantry"),"",ROUND(N(D12)*INDEX(Pantry!$N$6:$N$305,MATCH(C12,Pantry!$B$6:$B$305,0)),2)) | G12: =IF(OR(B12="",C12=""),"",IFERROR(ROUND(N(D12)*N(INDEX(Recipes!$H$6:$H$105,MATCH(B12,Recipes!$B$6:$B$105,0)))/IF(N(INDEX(Recipes!$D$6:$D$105,MATCH(B12,Recipes!$B$6:$B$105,0)))>0,INDEX(Recipes!$D$6:$D$105,MATCH(B12,Recipes!$B$6:$B$105,0)),1),2),0))
B13: Scrambled eggs on toast | C13: Butter | D13: 1 | E13: =IF(C13="","",IFERROR(INDEX(Pantry!$C$6:$C$305,MATCH(C13,Pantry!$B$6:$B$305,0))&"","Add to Pantry")) | F13: =IF(OR(C13="",E13="Add to Pantry"),"",ROUND(N(D13)*INDEX(Pantry!$N$6:$N$305,MATCH(C13,Pantry!$B$6:$B$305,0)),2)) | G13: =IF(OR(B13="",C13=""),"",IFERROR(ROUND(N(D13)*N(INDEX(Recipes!$H$6:$H$105,MATCH(B13,Recipes!$B$6:$B$105,0)))/IF(N(INDEX(Recipes!$D$6:$D$105,MATCH(B13,Recipes!$B$6:$B$105,0)))>0,INDEX(Recipes!$D$6:$D$105,MATCH(B13,Recipes!$B$6:$B$105,0)),1),2),0))
B14: Veggie omelette | C14: Eggs | D14: 3 | E14: =IF(C14="","",IFERROR(INDEX(Pantry!$C$6:$C$305,MATCH(C14,Pantry!$B$6:$B$305,0))&"","Add to Pantry")) | F14: =IF(OR(C14="",E14="Add to Pantry"),"",ROUND(N(D14)*INDEX(Pantry!$N$6:$N$305,MATCH(C14,Pantry!$B$6:$B$305,0)),2)) | G14: =IF(OR(B14="",C14=""),"",IFERROR(ROUND(N(D14)*N(INDEX(Recipes!$H$6:$H$105,MATCH(B14,Recipes!$B$6:$B$105,0)))/IF(N(INDEX(Recipes!$D$6:$D$105,MATCH(B14,Recipes!$B$6:$B$105,0)))>0,INDEX(Recipes!$D$6:$D$105,MATCH(B14,Recipes!$B$6:$B$105,0)),1),2),0))
B15: Veggie omelette | C15: Bell pepper | D15: 0.5 | E15: =IF(C15="","",IFERROR(INDEX(Pantry!$C$6:$C$305,MATCH(C15,Pantry!$B$6:$B$305,0))&"","Add to Pantry")) | F15: =IF(OR(C15="",E15="Add to Pantry"),"",ROUND(N(D15)*INDEX(Pantry!$N$6:$N$305,MATCH(C15,Pantry!$B$6:$B$305,0)),2)) | G15: =IF(OR(B15="",C15=""),"",IFERROR(ROUND(N(D15)*N(INDEX(Recipes!$H$6:$H$105,MATCH(B15,Recipes!$B$6:$B$105,0)))/IF(N(INDEX(Recipes!$D$6:$D$105,MATCH(B15,Recipes!$B$6:$B$105,0)))>0,INDEX(Recipes!$D$6:$D$105,MATCH(B15,Recipes!$B$6:$B$105,0)),1),2),0))
B16: Veggie omelette | C16: Spinach | D16: 1 | E16: =IF(C16="","",IFERROR(INDEX(Pantry!$C$6:$C$305,MATCH(C16,Pantry!$B$6:$B$305,0))&"","Add to Pantry")) | F16: =IF(OR(C16="",E16="Add to Pantry"),"",ROUND(N(D16)*INDEX(Pantry!$N$6:$N$305,MATCH(C16,Pantry!$B$6:$B$305,0)),2)) | G16: =IF(OR(B16="",C16=""),"",IFERROR(ROUND(N(D16)*N(INDEX(Recipes!$H$6:$H$105,MATCH(B16,Recipes!$B$6:$B$105,0)))/IF(N(INDEX(Recipes!$D$6:$D$105,MATCH(B16,Recipes!$B$6:$B$105,0)))>0,INDEX(Recipes!$D$6:$D$105,MATCH(B16,Recipes!$B$6:$B$105,0)),1),2),0))
B17: Veggie omelette | C17: Cheddar | D17: 1 | E17: =IF(C17="","",IFERROR(INDEX(Pantry!$C$6:$C$305,MATCH(C17,Pantry!$B$6:$B$305,0))&"","Add to Pantry")) | F17: =IF(OR(C17="",E17="Add to Pantry"),"",ROUND(N(D17)*INDEX(Pantry!$N$6:$N$305,MATCH(C17,Pantry!$B$6:$B$305,0)),2)) | G17: =IF(OR(B17="",C17=""),"",IFERROR(ROUND(N(D17)*N(INDEX(Recipes!$H$6:$H$105,MATCH(B17,Recipes!$B$6:$B$105,0)))/IF(N(INDEX(Recipes!$D$6:$D$105,MATCH(B17,Recipes!$B$6:$B$105,0)))>0,INDEX(Recipes!$D$6:$D$105,MATCH(B17,Recipes!$B$6:$B$105,0)),1),2),0))
... B83: Apple and peanut butter | C83: Peanut butter | D83: 2 | E83: =IF(C83="","",IFERROR(INDEX(Pantry!$C$6:$C$305,MATCH(C83,Pantry!$B$6:$B$305,0))&"","Add to Pantry")) | F83: =IF(OR(C83="",E83="Add to Pantry"),"",ROUND(N(D83)*INDEX(Pantry!$N$6:$N$305,MATCH(C83,Pantry!$B$6:$B$305,0)),2)) | G83: =IF(OR(B83="",C83=""),"",IFERROR(ROUND(N(D83)*N(INDEX(Recipes!$H$6:$H$105,MATCH(B83,Recipes!$B$6:$B$105,0)))/IF(N(INDEX(Recipes!$D$6:$D$105,MATCH(B83,Recipes!$B$6:$B$105,0)))>0,INDEX(Recipes!$D$6:$D$105,MATCH(B83,Recipes!$B$6:$B$105,0)),1),2),0))
E84: =IF(C84="","",IFERROR(INDEX(Pantry!$C$6:$C$305,MATCH(C84,Pantry!$B$6:$B$305,0))&"","Add to Pantry")) | F84: =IF(OR(C84="",E84="Add to Pantry"),"",ROUND(N(D84)*INDEX(Pantry!$N$6:$N$305,MATCH(C84,Pantry!$B$6:$B$305,0)),2)) | G84: =IF(OR(B84="",C84=""),"",IFERROR(ROUND(N(D84)*N(INDEX(Recipes!$H$6:$H$105,MATCH(B84,Recipes!$B$6:$B$105,0)))/IF(N(INDEX(Recipes!$D$6:$D$105,MATCH(B84,Recipes!$B$6:$B$105,0)))>0,INDEX(Recipes!$D$6:$D$105,MATCH(B84,Recipes!$B$6:$B$105,0)),1),2),0))
E85: =IF(C85="","",IFERROR(INDEX(Pantry!$C$6:$C$305,MATCH(C85,Pantry!$B$6:$B$305,0))&"","Add to Pantry")) | F85: =IF(OR(C85="",E85="Add to Pantry"),"",ROUND(N(D85)*INDEX(Pantry!$N$6:$N$305,MATCH(C85,Pantry!$B$6:$B$305,0)),2)) | G85: =IF(OR(B85="",C85=""),"",IFERROR(ROUND(N(D85)*N(INDEX(Recipes!$H$6:$H$105,MATCH(B85,Recipes!$B$6:$B$105,0)))/IF(N(INDEX(Recipes!$D$6:$D$105,MATCH(B85,Recipes!$B$6:$B$105,0)))>0,INDEX(Recipes!$D$6:$D$105,MATCH(B85,Recipes!$B$6:$B$105,0)),1),2),0))
E86: =IF(C86="","",IFERROR(INDEX(Pantry!$C$6:$C$305,MATCH(C86,Pantry!$B$6:$B$305,0))&"","Add to Pantry")) | F86: =IF(OR(C86="",E86="Add to Pantry"),"",ROUND(N(D86)*INDEX(Pantry!$N$6:$N$305,MATCH(C86,Pantry!$B$6:$B$305,0)),2)) | G86: =IF(OR(B86="",C86=""),"",IFERROR(ROUND(N(D86)*N(INDEX(Recipes!$H$6:$H$105,MATCH(B86,Recipes!$B$6:$B$105,0)))/IF(N(INDEX(Recipes!$D$6:$D$105,MATCH(B86,Recipes!$B$6:$B$105,0)))>0,INDEX(Recipes!$D$6:$D$105,MATCH(B86,Recipes!$B$6:$B$105,0)),1),2),0))
E87: =IF(C87="","",IFERROR(INDEX(Pantry!$C$6:$C$305,MATCH(C87,Pantry!$B$6:$B$305,0))&"","Add to Pantry")) | F87: =IF(OR(C87="",E87="Add to Pantry"),"",ROUND(N(D87)*INDEX(Pantry!$N$6:$N$305,MATCH(C87,Pantry!$B$6:$B$305,0)),2)) | G87: =IF(OR(B87="",C87=""),"",IFERROR(ROUND(N(D87)*N(INDEX(Recipes!$H$6:$H$105,MATCH(B87,Recipes!$B$6:$B$105,0)))/IF(N(INDEX(Recipes!$D$6:$D$105,MATCH(B87,Recipes!$B$6:$B$105,0)))>0,INDEX(Recipes!$D$6:$D$105,MATCH(B87,Recipes!$B$6:$B$105,0)),1),2),0))
E88: =IF(C88="","",IFERROR(INDEX(Pantry!$C$6:$C$305,MATCH(C88,Pantry!$B$6:$B$305,0))&"","Add to Pantry")) | F88: =IF(OR(C88="",E88="Add to Pantry"),"",ROUND(N(D88)*INDEX(Pantry!$N$6:$N$305,MATCH(C88,Pantry!$B$6:$B$305,0)),2)) | G88: =IF(OR(B88="",C88=""),"",IFERROR(ROUND(N(D88)*N(INDEX(Recipes!$H$6:$H$105,MATCH(B88,Recipes!$B$6:$B$105,0)))/IF(N(INDEX(Recipes!$D$6:$D$105,MATCH(B88,Recipes!$B$6:$B$105,0)))>0,INDEX(Recipes!$D$6:$D$105,MATCH(B88,Recipes!$B$6:$B$105,0)),1),2),0))
E89: =IF(C89="","",IFERROR(INDEX(Pantry!$C$6:$C$305,MATCH(C89,Pantry!$B$6:$B$305,0))&"","Add to Pantry")) | F89: =IF(OR(C89="",E89="Add to Pantry"),"",ROUND(N(D89)*INDEX(Pantry!$N$6:$N$305,MATCH(C89,Pantry!$B$6:$B$305,0)),2)) | G89: =IF(OR(B89="",C89=""),"",IFERROR(ROUND(N(D89)*N(INDEX(Recipes!$H$6:$H$105,MATCH(B89,Recipes!$B$6:$B$105,0)))/IF(N(INDEX(Recipes!$D$6:$D$105,MATCH(B89,Recipes!$B$6:$B$105,0)))>0,INDEX(Recipes!$D$6:$D$105,MATCH(B89,Recipes!$B$6:$B$105,0)),1),2),0))
E90: =IF(C90="","",IFERROR(INDEX(Pantry!$C$6:$C$305,MATCH(C90,Pantry!$B$6:$B$305,0))&"","Add to Pantry")) | F90: =IF(OR(C90="",E90="Add to Pantry"),"",ROUND(N(D90)*INDEX(Pantry!$N$6:$N$305,MATCH(C90,Pantry!$B$6:$B$305,0)),2)) | G90: =IF(OR(B90="",C90=""),"",IFERROR(ROUND(N(D90)*N(INDEX(Recipes!$H$6:$H$105,MATCH(B90,Recipes!$B$6:$B$105,0)))/IF(N(INDEX(Recipes!$D$6:$D$105,MATCH(B90,Recipes!$B$6:$B$105,0)))>0,INDEX(Recipes!$D$6:$D$105,MATCH(B90,Recipes!$B$6:$B$105,0)),1),2),0))
E91: =IF(C91="","",IFERROR(INDEX(Pantry!$C$6:$C$305,MATCH(C91,Pantry!$B$6:$B$305,0))&"","Add to Pantry")) | F91: =IF(OR(C91="",E91="Add to Pantry"),"",ROUND(N(D91)*INDEX(Pantry!$N$6:$N$305,MATCH(C91,Pantry!$B$6:$B$305,0)),2)) | G91: =IF(OR(B91="",C91=""),"",IFERROR(ROUND(N(D91)*N(INDEX(Recipes!$H$6:$H$105,MATCH(B91,Recipes!$B$6:$B$105,0)))/IF(N(INDEX(Recipes!$D$6:$D$105,MATCH(B91,Recipes!$B$6:$B$105,0)))>0,INDEX(Recipes!$D$6:$D$105,MATCH(B91,Recipes!$B$6:$B$105,0)),1),2),0))
E92: =IF(C92="","",IFERROR(INDEX(Pantry!$C$6:$C$305,MATCH(C92,Pantry!$B$6:$B$305,0))&"","Add to Pantry")) | F92: =IF(OR(C92="",E92="Add to Pantry"),"",ROUND(N(D92)*INDEX(Pantry!$N$6:$N$305,MATCH(C92,Pantry!$B$6:$B$305,0)),2)) | G92: =IF(OR(B92="",C92=""),"",IFERROR(ROUND(N(D92)*N(INDEX(Recipes!$H$6:$H$105,MATCH(B92,Recipes!$B$6:$B$105,0)))/IF(N(INDEX(Recipes!$D$6:$D$105,MATCH(B92,Recipes!$B$6:$B$105,0)))>0,INDEX(Recipes!$D$6:$D$105,MATCH(B92,Recipes!$B$6:$B$105,0)),1),2),0))
E93: =IF(C93="","",IFERROR(INDEX(Pantry!$C$6:$C$305,MATCH(C93,Pantry!$B$6:$B$305,0))&"","Add to Pantry")) | F93: =IF(OR(C93="",E93="Add to Pantry"),"",ROUND(N(D93)*INDEX(Pantry!$N$6:$N$305,MATCH(C93,Pantry!$B$6:$B$305,0)),2)) | G93: =IF(OR(B93="",C93=""),"",IFERROR(ROUND(N(D93)*N(INDEX(Recipes!$H$6:$H$105,MATCH(B93,Recipes!$B$6:$B$105,0)))/IF(N(INDEX(Recipes!$D$6:$D$105,MATCH(B93,Recipes!$B$6:$B$105,0)))>0,INDEX(Recipes!$D$6:$D$105,MATCH(B93,Recipes!$B$6:$B$105,0)),1),2),0))
E94: =IF(C94="","",IFERROR(INDEX(Pantry!$C$6:$C$305,MATCH(C94,Pantry!$B$6:$B$305,0))&"","Add to Pantry")) | F94: =IF(OR(C94="",E94="Add to Pantry"),"",ROUND(N(D94)*INDEX(Pantry!$N$6:$N$305,MATCH(C94,Pantry!$B$6:$B$305,0)),2)) | G94: =IF(OR(B94="",C94=""),"",IFERROR(ROUND(N(D94)*N(INDEX(Recipes!$H$6:$H$105,MATCH(B94,Recipes!$B$6:$B$105,0)))/IF(N(INDEX(Recipes!$D$6:$D$105,MATCH(B94,Recipes!$B$6:$B$105,0)))>0,INDEX(Recipes!$D$6:$D$105,MATCH(B94,Recipes!$B$6:$B$105,0)),1),2),0))
E95: =IF(C95="","",IFERROR(INDEX(Pantry!$C$6:$C$305,MATCH(C95,Pantry!$B$6:$B$305,0))&"","Add to Pantry")) | F95: =IF(OR(C95="",E95="Add to Pantry"),"",ROUND(N(D95)*INDEX(Pantry!$N$6:$N$305,MATCH(C95,Pantry!$B$6:$B$305,0)),2)) | G95: =IF(OR(B95="",C95=""),"",IFERROR(ROUND(N(D95)*N(INDEX(Recipes!$H$6:$H$105,MATCH(B95,Recipes!$B$6:$B$105,0)))/IF(N(INDEX(Recipes!$D$6:$D$105,MATCH(B95,Recipes!$B$6:$B$105,0)))>0,INDEX(Recipes!$D$6:$D$105,MATCH(B95,Recipes!$B$6:$B$105,0)),1),2),0))
... E1005: =IF(C1005="","",IFERROR(INDEX(Pantry!$C$6:$C$305,MATCH(C1005,Pantry!$B$6:$B$305,0))&"","Add to Pantry")) | F1005: =IF(OR(C1005="",E1005="Add to Pantry"),"",ROUND(N(D1005)*INDEX(Pantry!$N$6:$N$305,MATCH(C1005,Pantry!$B$6:$B$305,0)),2)) | G1005: =IF(OR(B1005="",C1005=""),"",IFERROR(ROUND(N(D1005)*N(INDEX(Recipes!$H$6:$H$105,MATCH(B1005,Recipes!$B$6:$B$105,0)))/IF(N(INDEX(Recipes!$D$6:$D$105,MATCH(B1005,Recipes!$B$6:$B$105,0)))>0,INDEX(Recipes!$D$6:$D$105,MATCH(B1005,Recipes!$B$6:$B$105,0)),1),2),0))

Sheet Pantry
B2: Pantry
B3: Every food you buy, with its unit, store section, pack and price, and what you have at home.
B5: Item | C5: Unit | D5: Store section | E5: Pack | F5: Units in a pack | G5: Pack price | H5: Have at home | I5: Extra packs | J5: Needed this week | K5: Still needed | L5: Packs to buy | M5: Cost
B6: Onion | C6: each | D6: Fruit and vegetables | E6: bag of 6 | F6: 6 | G6: 3.49 | H6: 1 | J6: =IF(B6="","",ROUND(SUMIFS(Ingredients!$G$6:$G$1005,Ingredients!$C$6:$C$1005,B6),2)) | K6: =IF(B6="","",MAX(0,ROUND(J6-N(H6),2))) | L6: =IF(B6="","",IF(N(K6)=0,0,ROUNDUP(ROUND(K6/IF(N(F6)>0,F6,1),6),0))+N(I6)) | M6: =IF(B6="","",L6*N(G6)) | N6: =IF(B6="","",N(G6)/IF(N(F6)>0,F6,1)) | O6: =IF(OR(B6="",N(L6)=0),"",IFERROR(MATCH(D6,Settings!$B$6:$B$17,0),13)*1000+ROW())
B7: Garlic | C7: clove | D7: Fruit and vegetables | E7: bulb | F7: 10 | G7: 0.6 | H7: 4 | J7: =IF(B7="","",ROUND(SUMIFS(Ingredients!$G$6:$G$1005,Ingredients!$C$6:$C$1005,B7),2)) | K7: =IF(B7="","",MAX(0,ROUND(J7-N(H7),2))) | L7: =IF(B7="","",IF(N(K7)=0,0,ROUNDUP(ROUND(K7/IF(N(F7)>0,F7,1),6),0))+N(I7)) | M7: =IF(B7="","",L7*N(G7)) | N7: =IF(B7="","",N(G7)/IF(N(F7)>0,F7,1)) | O7: =IF(OR(B7="",N(L7)=0),"",IFERROR(MATCH(D7,Settings!$B$6:$B$17,0),13)*1000+ROW())
B8: Carrot | C8: each | D8: Fruit and vegetables | E8: 2 lb bag | F8: 12 | G8: 1.49 | J8: =IF(B8="","",ROUND(SUMIFS(Ingredients!$G$6:$G$1005,Ingredients!$C$6:$C$1005,B8),2)) | K8: =IF(B8="","",MAX(0,ROUND(J8-N(H8),2))) | L8: =IF(B8="","",IF(N(K8)=0,0,ROUNDUP(ROUND(K8/IF(N(F8)>0,F8,1),6),0))+N(I8)) | M8: =IF(B8="","",L8*N(G8)) | N8: =IF(B8="","",N(G8)/IF(N(F8)>0,F8,1)) | O8: =IF(OR(B8="",N(L8)=0),"",IFERROR(MATCH(D8,Settings!$B$6:$B$17,0),13)*1000+ROW())
B9: Celery | C9: stalk | D9: Fruit and vegetables | E9: bunch | F9: 8 | G9: 1.99 | J9: =IF(B9="","",ROUND(SUMIFS(Ingredients!$G$6:$G$1005,Ingredients!$C$6:$C$1005,B9),2)) | K9: =IF(B9="","",MAX(0,ROUND(J9-N(H9),2))) | L9: =IF(B9="","",IF(N(K9)=0,0,ROUNDUP(ROUND(K9/IF(N(F9)>0,F9,1),6),0))+N(I9)) | M9: =IF(B9="","",L9*N(G9)) | N9: =IF(B9="","",N(G9)/IF(N(F9)>0,F9,1)) | O9: =IF(OR(B9="",N(L9)=0),"",IFERROR(MATCH(D9,Settings!$B$6:$B$17,0),13)*1000+ROW())
B10: Bell pepper | C10: each | D10: Fruit and vegetables | E10: each | F10: 1 | G10: 1 | J10: =IF(B10="","",ROUND(SUMIFS(Ingredients!$G$6:$G$1005,Ingredients!$C$6:$C$1005,B10),2)) | K10: =IF(B10="","",MAX(0,ROUND(J10-N(H10),2))) | L10: =IF(B10="","",IF(N(K10)=0,0,ROUNDUP(ROUND(K10/IF(N(F10)>0,F10,1),6),0))+N(I10)) | M10: =IF(B10="","",L10*N(G10)) | N10: =IF(B10="","",N(G10)/IF(N(F10)>0,F10,1)) | O10: =IF(OR(B10="",N(L10)=0),"",IFERROR(MATCH(D10,Settings!$B$6:$B$17,0),13)*1000+ROW())
B11: Broccoli | C11: head | D11: Fruit and vegetables | E11: each | F11: 1 | G11: 1.99 | J11: =IF(B11="","",ROUND(SUMIFS(Ingredients!$G$6:$G$1005,Ingredients!$C$6:$C$1005,B11),2)) | K11: =IF(B11="","",MAX(0,ROUND(J11-N(H11),2))) | L11: =IF(B11="","",IF(N(K11)=0,0,ROUNDUP(ROUND(K11/IF(N(F11)>0,F11,1),6),0))+N(I11)) | M11: =IF(B11="","",L11*N(G11)) | N11: =IF(B11="","",N(G11)/IF(N(F11)>0,F11,1)) | O11: =IF(OR(B11="",N(L11)=0),"",IFERROR(MATCH(D11,Settings!$B$6:$B$17,0),13)*1000+ROW())
B12: Baby potatoes | C12: lb | D12: Fruit and vegetables | E12: 1.5 lb bag | F12: 1.5 | G12: 3.49 | J12: =IF(B12="","",ROUND(SUMIFS(Ingredients!$G$6:$G$1005,Ingredients!$C$6:$C$1005,B12),2)) | K12: =IF(B12="","",MAX(0,ROUND(J12-N(H12),2))) | L12: =IF(B12="","",IF(N(K12)=0,0,ROUNDUP(ROUND(K12/IF(N(F12)>0,F12,1),6),0))+N(I12)) | M12: =IF(B12="","",L12*N(G12)) | N12: =IF(B12="","",N(G12)/IF(N(F12)>0,F12,1)) | O12: =IF(OR(B12="",N(L12)=0),"",IFERROR(MATCH(D12,Settings!$B$6:$B$17,0),13)*1000+ROW())
B13: Green beans | C13: lb | D13: Fruit and vegetables | E13: 1 lb bag | F13: 1 | G13: 2.29 | J13: =IF(B13="","",ROUND(SUMIFS(Ingredients!$G$6:$G$1005,Ingredients!$C$6:$C$1005,B13),2)) | K13: =IF(B13="","",MAX(0,ROUND(J13-N(H13),2))) | L13: =IF(B13="","",IF(N(K13)=0,0,ROUNDUP(ROUND(K13/IF(N(F13)>0,F13,1),6),0))+N(I13)) | M13: =IF(B13="","",L13*N(G13)) | N13: =IF(B13="","",N(G13)/IF(N(F13)>0,F13,1)) | O13: =IF(OR(B13="",N(L13)=0),"",IFERROR(MATCH(D13,Settings!$B$6:$B$17,0),13)*1000+ROW())
B14: Lemon | C14: each | D14: Fruit and vegetables | E14: each | F14: 1 | G14: 0.69 | J14: =IF(B14="","",ROUND(SUMIFS(Ingredients!$G$6:$G$1005,Ingredients!$C$6:$C$1005,B14),2)) | K14: =IF(B14="","",MAX(0,ROUND(J14-N(H14),2))) | L14: =IF(B14="","",IF(N(K14)=0,0,ROUNDUP(ROUND(K14/IF(N(F14)>0,F14,1),6),0))+N(I14)) | M14: =IF(B14="","",L14*N(G14)) | N14: =IF(B14="","",N(G14)/IF(N(F14)>0,F14,1)) | O14: =IF(OR(B14="",N(L14)=0),"",IFERROR(MATCH(D14,Settings!$B$6:$B$17,0),13)*1000+ROW())
B15: Lime | C15: each | D15: Fruit and vegetables | E15: each | F15: 1 | G15: 0.35 | J15: =IF(B15="","",ROUND(SUMIFS(Ingredients!$G$6:$G$1005,Ingredients!$C$6:$C$1005,B15),2)) | K15: =IF(B15="","",MAX(0,ROUND(J15-N(H15),2))) | L15: =IF(B15="","",IF(N(K15)=0,0,ROUNDUP(ROUND(K15/IF(N(F15)>0,F15,1),6),0))+N(I15)) | M15: =IF(B15="","",L15*N(G15)) | N15: =IF(B15="","",N(G15)/IF(N(F15)>0,F15,1)) | O15: =IF(OR(B15="",N(L15)=0),"",IFERROR(MATCH(D15,Settings!$B$6:$B$17,0),13)*1000+ROW())
B16: Avocado | C16: each | D16: Fruit and vegetables | E16: each | F16: 1 | G16: 1.25 | J16: =IF(B16="","",ROUND(SUMIFS(Ingredients!$G$6:$G$1005,Ingredients!$C$6:$C$1005,B16),2)) | K16: =IF(B16="","",MAX(0,ROUND(J16-N(H16),2))) | L16: =IF(B16="","",IF(N(K16)=0,0,ROUNDUP(ROUND(K16/IF(N(F16)>0,F16,1),6),0))+N(I16)) | M16: =IF(B16="","",L16*N(G16)) | N16: =IF(B16="","",N(G16)/IF(N(F16)>0,F16,1)) | O16: =IF(OR(B16="",N(L16)=0),"",IFERROR(MATCH(D16,Settings!$B$6:$B$17,0),13)*1000+ROW())
B17: Tomato | C17: each | D17: Fruit and vegetables | E17: each | F17: 1 | G17: 0.6 | J17: =IF(B17="","",ROUND(SUMIFS(Ingredients!$G$6:$G$1005,Ingredients!$C$6:$C$1005,B17),2)) | K17: =IF(B17="","",MAX(0,ROUND(J17-N(H17),2))) | L17: =IF(B17="","",IF(N(K17)=0,0,ROUNDUP(ROUND(K17/IF(N(F17)>0,F17,1),6),0))+N(I17)) | M17: =IF(B17="","",L17*N(G17)) | N17: =IF(B17="","",N(G17)/IF(N(F17)>0,F17,1)) | O17: =IF(OR(B17="",N(L17)=0),"",IFERROR(MATCH(D17,Settings!$B$6:$B$17,0),13)*1000+ROW())
B18: Cherry tomatoes | C18: oz | D18: Fruit and vegetables | E18: 10 oz box | F18: 10 | G18: 2.99 | J18: =IF(B18="","",ROUND(SUMIFS(Ingredients!$G$6:$G$1005,Ingredients!$C$6:$C$1005,B18),2)) | K18: =IF(B18="","",MAX(0,ROUND(J18-N(H18),2))) | L18: =IF(B18="","",IF(N(K18)=0,0,ROUNDUP(ROUND(K18/IF(N(F18)>0,F18,1),6),0))+N(I18)) | M18: =IF(B18="","",L18*N(G18)) | N18: =IF(B18="","",N(G18)/IF(N(F18)>0,F18,1)) | O18: =IF(OR(B18="",N(L18)=0),"",IFERROR(MATCH(D18,Settings!$B$6:$B$17,0),13)*1000+ROW())
B19: Cucumber | C19: each | D19: Fruit and vegetables | E19: each | F19: 1 | G19: 0.79 | J19: =IF(B19="","",ROUND(SUMIFS(Ingredients!$G$6:$G$1005,Ingredients!$C$6:$C$1005,B19),2)) | K19: =IF(B19="","",MAX(0,ROUND(J19-N(H19),2))) | L19: =IF(B19="","",IF(N(K19)=0,0,ROUNDUP(ROUND(K19/IF(N(F19)>0,F19,1),6),0))+N(I19)) | M19: =IF(B19="","",L19*N(G19)) | N19: =IF(B19="","",N(G19)/IF(N(F19)>0,F19,1)) | O19: =IF(OR(B19="",N(L19)=0),"",IFERROR(MATCH(D19,Settings!$B$6:$B$17,0),13)*1000+ROW())
... B21: Romaine hearts | C21: each | D21: Fruit and vegetables | E21: pack of 3 | F21: 3 | G21: 3.49 | J21: =IF(B21="","",ROUND(SUMIFS(Ingredients!$G$6:$G$1005,Ingredients!$C$6:$C$1005,B21),2)) | K21: =IF(B21="","",MAX(0,ROUND(J21-N(H21),2))) | L21: =IF(B21="","",IF(N(K21)=0,0,ROUNDUP(ROUND(K21/IF(N(F21)>0,F21,1),6),0))+N(I21)) | M21: =IF(B21="","",L21*N(G21)) | N21: =IF(B21="","",N(G21)/IF(N(F21)>0,F21,1)) | O21: =IF(OR(B21="",N(L21)=0),"",IFERROR(MATCH(D21,Settings!$B$6:$B$17,0),13)*1000+ROW())
B22: Apple | C22: each | D22: Fruit and vegetables | E22: bag of 6 | F22: 6 | G22: 4.49 | H22: 2 | J22: =IF(B22="","",ROUND(SUMIFS(Ingredients!$G$6:$G$1005,Ingredients!$C$6:$C$1005,B22),2)) | K22: =IF(B22="","",MAX(0,ROUND(J22-N(H22),2))) | L22: =IF(B22="","",IF(N(K22)=0,0,ROUNDUP(ROUND(K22/IF(N(F22)>0,F22,1),6),0))+N(I22)) | M22: =IF(B22="","",L22*N(G22)) | N22: =IF(B22="","",N(G22)/IF(N(F22)>0,F22,1)) | O22: =IF(OR(B22="",N(L22)=0),"",IFERROR(MATCH(D22,Settings!$B$6:$B$17,0),13)*1000+ROW())
B23: Banana | C23: each | D23: Fruit and vegetables | E23: bunch of 6 | F23: 6 | G23: 1.49 | I23: 1 | J23: =IF(B23="","",ROUND(SUMIFS(Ingredients!$G$6:$G$1005,Ingredients!$C$6:$C$1005,B23),2)) | K23: =IF(B23="","",MAX(0,ROUND(J23-N(H23),2))) | L23: =IF(B23="","",IF(N(K23)=0,0,ROUNDUP(ROUND(K23/IF(N(F23)>0,F23,1),6),0))+N(I23)) | M23: =IF(B23="","",L23*N(G23)) | N23: =IF(B23="","",N(G23)/IF(N(F23)>0,F23,1)) | O23: =IF(OR(B23="",N(L23)=0),"",IFERROR(MATCH(D23,Settings!$B$6:$B$17,0),13)*1000+ROW())
B24: Sliced bread | C24: slice | D24: Bread and bakery | E24: loaf | F24: 20 | G24: 3.29 | H24: 6 | J24: =IF(B24="","",ROUND(SUMIFS(Ingredients!$G$6:$G$1005,Ingredients!$C$6:$C$1005,B24),2)) | K24: =IF(B24="","",MAX(0,ROUND(J24-N(H24),2))) | L24: =IF(B24="","",IF(N(K24)=0,0,ROUNDUP(ROUND(K24/IF(N(F24)>0,F24,1),6),0))+N(I24)) | M24: =IF(B24="","",L24*N(G24)) | N24: =IF(B24="","",N(G24)/IF(N(F24)>0,F24,1)) | O24: =IF(OR(B24="",N(L24)=0),"",IFERROR(MATCH(D24,Settings!$B$6:$B$17,0),13)*1000+ROW())
B25: Tortillas | C25: each | D25: Bread and bakery | E25: pack of 10 | F25: 10 | G25: 3.19 | J25: =IF(B25="","",ROUND(SUMIFS(Ingredients!$G$6:$G$1005,Ingredients!$C$6:$C$1005,B25),2)) | K25: =IF(B25="","",MAX(0,ROUND(J25-N(H25),2))) | L25: =IF(B25="","",IF(N(K25)=0,0,ROUNDUP(ROUND(K25/IF(N(F25)>0,F25,1),6),0))+N(I25)) | M25: =IF(B25="","",L25*N(G25)) | N25: =IF(B25="","",N(G25)/IF(N(F25)>0,F25,1)) | O25: =IF(OR(B25="",N(L25)=0),"",IFERROR(MATCH(D25,Settings!$B$6:$B$17,0),13)*1000+ROW())
B26: Pizza dough | C26: each | D26: Bread and bakery | E26: each | F26: 1 | G26: 2.99 | J26: =IF(B26="","",ROUND(SUMIFS(Ingredients!$G$6:$G$1005,Ingredients!$C$6:$C$1005,B26),2)) | K26: =IF(B26="","",MAX(0,ROUND(J26-N(H26),2))) | L26: =IF(B26="","",IF(N(K26)=0,0,ROUNDUP(ROUND(K26/IF(N(F26)>0,F26,1),6),0))+N(I26)) | M26: =IF(B26="","",L26*N(G26)) | N26: =IF(B26="","",N(G26)/IF(N(F26)>0,F26,1)) | O26: =IF(OR(B26="",N(L26)=0),"",IFERROR(MATCH(D26,Settings!$B$6:$B$17,0),13)*1000+ROW())
B27: Chicken breast | C27: lb | D27: Meat and fish | E27: 2 lb pack | F27: 2 | G27: 7.98 | J27: =IF(B27="","",ROUND(SUMIFS(Ingredients!$G$6:$G$1005,Ingredients!$C$6:$C$1005,B27),2)) | K27: =IF(B27="","",MAX(0,ROUND(J27-N(H27),2))) | L27: =IF(B27="","",IF(N(K27)=0,0,ROUNDUP(ROUND(K27/IF(N(F27)>0,F27,1),6),0))+N(I27)) | M27: =IF(B27="","",L27*N(G27)) | N27: =IF(B27="","",N(G27)/IF(N(F27)>0,F27,1)) | O27: =IF(OR(B27="",N(L27)=0),"",IFERROR(MATCH(D27,Settings!$B$6:$B$17,0),13)*1000+ROW())
B28: Ground beef | C28: lb | D28: Meat and fish | E28: 1 lb pack | F28: 1 | G28: 5.49 | J28: =IF(B28="","",ROUND(SUMIFS(Ingredients!$G$6:$G$1005,Ingredients!$C$6:$C$1005,B28),2)) | K28: =IF(B28="","",MAX(0,ROUND(J28-N(H28),2))) | L28: =IF(B28="","",IF(N(K28)=0,0,ROUNDUP(ROUND(K28/IF(N(F28)>0,F28,1),6),0))+N(I28)) | M28: =IF(B28="","",L28*N(G28)) | N28: =IF(B28="","",N(G28)/IF(N(F28)>0,F28,1)) | O28: =IF(OR(B28="",N(L28)=0),"",IFERROR(MATCH(D28,Settings!$B$6:$B$17,0),13)*1000+ROW())
B29: Salmon fillet | C29: each | D29: Meat and fish | E29: pack of 2 | F29: 2 | G29: 9.99 | J29: =IF(B29="","",ROUND(SUMIFS(Ingredients!$G$6:$G$1005,Ingredients!$C$6:$C$1005,B29),2)) | K29: =IF(B29="","",MAX(0,ROUND(J29-N(H29),2))) | L29: =IF(B29="","",IF(N(K29)=0,0,ROUNDUP(ROUND(K29/IF(N(F29)>0,F29,1),6),0))+N(I29)) | M29: =IF(B29="","",L29*N(G29)) | N29: =IF(B29="","",N(G29)/IF(N(F29)>0,F29,1)) | O29: =IF(OR(B29="",N(L29)=0),"",IFERROR(MATCH(D29,Settings!$B$6:$B$17,0),13)*1000+ROW())
B30: Pepperoni | C30: oz | D30: Meat and fish | E30: 6 oz pack | F30: 6 | G30: 3.49 | J30: =IF(B30="","",ROUND(SUMIFS(Ingredients!$G$6:$G$1005,Ingredients!$C$6:$C$1005,B30),2)) | K30: =IF(B30="","",MAX(0,ROUND(J30-N(H30),2))) | L30: =IF(B30="","",IF(N(K30)=0,0,ROUNDUP(ROUND(K30/IF(N(F30)>0,F30,1),6),0))+N(I30)) | M30: =IF(B30="","",L30*N(G30)) | N30: =IF(B30="","",N(G30)/IF(N(F30)>0,F30,1)) | O30: =IF(OR(B30="",N(L30)=0),"",IFERROR(MATCH(D30,Settings!$B$6:$B$17,0),13)*1000+ROW())
B31: Eggs | C31: each | D31: Dairy and eggs | E31: dozen | F31: 12 | G31: 3.49 | H31: 4 | J31: =IF(B31="","",ROUND(SUMIFS(Ingredients!$G$6:$G$1005,Ingredients!$C$6:$C$1005,B31),2)) | K31: =IF(B31="","",MAX(0,ROUND(J31-N(H31),2))) | L31: =IF(B31="","",IF(N(K31)=0,0,ROUNDUP(ROUND(K31/IF(N(F31)>0,F31,1),6),0))+N(I31)) | M31: =IF(B31="","",L31*N(G31)) | N31: =IF(B31="","",N(G31)/IF(N(F31)>0,F31,1)) | O31: =IF(OR(B31="",N(L31)=0),"",IFERROR(MATCH(D31,Settings!$B$6:$B$17,0),13)*1000+ROW())
B32: Milk | C32: cup | D32: Dairy and eggs | E32: half gallon | F32: 8 | G32: 2.79 | H32: 2 | I32: 1 | J32: =IF(B32="","",ROUND(SUMIFS(Ingredients!$G$6:$G$1005,Ingredients!$C$6:$C$1005,B32),2)) | K32: =IF(B32="","",MAX(0,ROUND(J32-N(H32),2))) | L32: =IF(B32="","",IF(N(K32)=0,0,ROUNDUP(ROUND(K32/IF(N(F32)>0,F32,1),6),0))+N(I32)) | M32: =IF(B32="","",L32*N(G32)) | N32: =IF(B32="","",N(G32)/IF(N(F32)>0,F32,1)) | O32: =IF(OR(B32="",N(L32)=0),"",IFERROR(MATCH(D32,Settings!$B$6:$B$17,0),13)*1000+ROW())
B33: Greek yogurt | C33: oz | D33: Dairy and eggs | E33: 32 oz tub | F33: 32 | G33: 5.49 | J33: =IF(B33="","",ROUND(SUMIFS(Ingredients!$G$6:$G$1005,Ingredients!$C$6:$C$1005,B33),2)) | K33: =IF(B33="","",MAX(0,ROUND(J33-N(H33),2))) | L33: =IF(B33="","",IF(N(K33)=0,0,ROUNDUP(ROUND(K33/IF(N(F33)>0,F33,1),6),0))+N(I33)) | M33: =IF(B33="","",L33*N(G33)) | N33: =IF(B33="","",N(G33)/IF(N(F33)>0,F33,1)) | O33: =IF(OR(B33="",N(L33)=0),"",IFERROR(MATCH(D33,Settings!$B$6:$B$17,0),13)*1000+ROW())
B34: Butter | C34: tbsp | D34: Dairy and eggs | E34: 1 lb box | F34: 32 | G34: 4.99 | H34: 20 | J34: =IF(B34="","",ROUND(SUMIFS(Ingredients!$G$6:$G$1005,Ingredients!$C$6:$C$1005,B34),2)) | K34: =IF(B34="","",MAX(0,ROUND(J34-N(H34),2))) | L34: =IF(B34="","",IF(N(K34)=0,0,ROUNDUP(ROUND(K34/IF(N(F34)>0,F34,1),6),0))+N(I34)) | M34: =IF(B34="","",L34*N(G34)) | N34: =IF(B34="","",N(G34)/IF(N(F34)>0,F34,1)) | O34: =IF(OR(B34="",N(L34)=0),"",IFERROR(MATCH(D34,Settings!$B$6:$B$17,0),13)*1000+ROW())
B35: Cheddar | C35: oz | D35: Dairy and eggs | E35: 8 oz block | F35: 8 | G35: 3.29 | J35: =IF(B35="","",ROUND(SUMIFS(Ingredients!$G$6:$G$1005,Ingredients!$C$6:$C$1005,B35),2)) | K35: =IF(B35="","",MAX(0,ROUND(J35-N(H35),2))) | L35: =IF(B35="","",IF(N(K35)=0,0,ROUNDUP(ROUND(K35/IF(N(F35)>0,F35,1),6),0))+N(I35)) | M35: =IF(B35="","",L35*N(G35)) | N35: =IF(B35="","",N(G35)/IF(N(F35)>0,F35,1)) | O35: =IF(OR(B35="",N(L35)=0),"",IFERROR(MATCH(D35,Settings!$B$6:$B$17,0),13)*1000+ROW())
B36: Parmesan | C36: oz | D36: Dairy and eggs | E36: 5 oz wedge | F36: 5 | G36: 4.49 | H36: 1 | J36: =IF(B36="","",ROUND(SUMIFS(Ingredients!$G$6:$G$1005,Ingredients!$C$6:$C$1005,B36),2)) | K36: =IF(B36="","",MAX(0,ROUND(J36-N(H36),2))) | L36: =IF(B36="","",IF(N(K36)=0,0,ROUNDUP(ROUND(K36/IF(N(F36)>0,F36,1),6),0))+N(I36)) | M36: =IF(B36="","",L36*N(G36)) | N36: =IF(B36="","",N(G36)/IF(N(F36)>0,F36,1)) | O36: =IF(OR(B36="",N(L36)=0),"",IFERROR(MATCH(D36,Settings!$B$6:$B$17,0),13)*1000+ROW())
B37: Mozzarella | C37: oz | D37: Dairy and eggs | E37: 8 oz bag | F37: 8 | G37: 3.49 | J37: =IF(B37="","",ROUND(SUMIFS(Ingredients!$G$6:$G$1005,Ingredients!$C$6:$C$1005,B37),2)) | K37: =IF(B37="","",MAX(0,ROUND(J37-N(H37),2))) | L37: =IF(B37="","",IF(N(K37)=0,0,ROUNDUP(ROUND(K37/IF(N(F37)>0,F37,1),6),0))+N(I37)) | M37: =IF(B37="","",L37*N(G37)) | N37: =IF(B37="","",N(G37)/IF(N(F37)>0,F37,1)) | O37: =IF(OR(B37="",N(L37)=0),"",IFERROR(MATCH(D37,Settings!$B$6:$B$17,0),13)*1000+ROW())
B38: Spaghetti | C38: oz | D38: Pasta, rice and grains | E38: 1 lb box | F38: 16 | G38: 1.49 | J38: =IF(B38="","",ROUND(SUMIFS(Ingredients!$G$6:$G$1005,Ingredients!$C$6:$C$1005,B38),2)) | K38: =IF(B38="","",MAX(0,ROUND(J38-N(H38),2))) | L38: =IF(B38="","",IF(N(K38)=0,0,ROUNDUP(ROUND(K38/IF(N(F38)>0,F38,1),6),0))+N(I38)) | M38: =IF(B38="","",L38*N(G38)) | N38: =IF(B38="","",N(G38)/IF(N(F38)>0,F38,1)) | O38: =IF(OR(B38="",N(L38)=0),"",IFERROR(MATCH(D38,Settings!$B$6:$B$17,0),13)*1000+ROW())
B39: Penne | C39: oz | D39: Pasta, rice and grains | E39: 1 lb box | F39: 16 | G39: 1.49 | J39: =IF(B39="","",ROUND(SUMIFS(Ingredients!$G$6:$G$1005,Ingredients!$C$6:$C$1005,B39),2)) | K39: =IF(B39="","",MAX(0,ROUND(J39-N(H39),2))) | L39: =IF(B39="","",IF(N(K39)=0,0,ROUNDUP(ROUND(K39/IF(N(F39)>0,F39,1),6),0))+N(I39)) | M39: =IF(B39="","",L39*N(G39)) | N39: =IF(B39="","",N(G39)/IF(N(F39)>0,F39,1)) | O39: =IF(OR(B39="",N(L39)=0),"",IFERROR(MATCH(D39,Settings!$B$6:$B$17,0),13)*1000+ROW())
B40: Rice | C40: cup | D40: Pasta, rice and grains | E40: 2 lb bag | F40: 4.5 | G40: 2.99 | H40: 2 | J40: =IF(B40="","",ROUND(SUMIFS(Ingredients!$G$6:$G$1005,Ingredients!$C$6:$C$1005,B40),2)) | K40: =IF(B40="","",MAX(0,ROUND(J40-N(H40),2))) | L40: =IF(B40="","",IF(N(K40)=0,0,ROUNDUP(ROUND(K40/IF(N(F40)>0,F40,1),6),0))+N(I40)) | M40: =IF(B40="","",L40*N(G40)) | N40: =IF(B40="","",N(G40)/IF(N(F40)>0,F40,1)) | O40: =IF(OR(B40="",N(L40)=0),"",IFERROR(MATCH(D40,Settings!$B$6:$B$17,0),13)*1000+ROW())
B41: Rolled oats | C41: cup | D41: Pasta, rice and grains | E41: 18 oz canister | F41: 6 | G41: 3.49 | H41: 1 | J41: =IF(B41="","",ROUND(SUMIFS(Ingredients!$G$6:$G$1005,Ingredients!$C$6:$C$1005,B41),2)) | K41: =IF(B41="","",MAX(0,ROUND(J41-N(H41),2))) | L41: =IF(B41="","",IF(N(K41)=0,0,ROUNDUP(ROUND(K41/IF(N(F41)>0,F41,1),6),0))+N(I41)) | M41: =IF(B41="","",L41*N(G41)) | N41: =IF(B41="","",N(G41)/IF(N(F41)>0,F41,1)) | O41: =IF(OR(B41="",N(L41)=0),"",IFERROR(MATCH(D41,Settings!$B$6:$B$17,0),13)*1000+ROW())
B42: Red lentils | C42: cup | D42: Pasta, rice and grains | E42: 1 lb bag | F42: 2.25 | G42: 1.99 | J42: =IF(B42="","",ROUND(SUMIFS(Ingredients!$G$6:$G$1005,Ingredients!$C$6:$C$1005,B42),2)) | K42: =IF(B42="","",MAX(0,ROUND(J42-N(H42),2))) | L42: =IF(B42="","",IF(N(K42)=0,0,ROUNDUP(ROUND(K42/IF(N(F42)>0,F42,1),6),0))+N(I42)) | M42: =IF(B42="","",L42*N(G42)) | N42: =IF(B42="","",N(G42)/IF(N(F42)>0,F42,1)) | O42: =IF(OR(B42="",N(L42)=0),"",IFERROR(MATCH(D42,Settings!$B$6:$B$17,0),13)*1000+ROW())
B43: Canned tomatoes | C43: can | D43: Cans and jars | E43: can | F43: 1 | G43: 1.19 | H43: 1 | J43: =IF(B43="","",ROUND(SUMIFS(Ingredients!$G$6:$G$1005,Ingredients!$C$6:$C$1005,B43),2)) | K43: =IF(B43="","",MAX(0,ROUND(J43-N(H43),2))) | L43: =IF(B43="","",IF(N(K43)=0,0,ROUNDUP(ROUND(K43/IF(N(F43)>0,F43,1),6),0))+N(I43)) | M43: =IF(B43="","",L43*N(G43)) | N43: =IF(B43="","",N(G43)/IF(N(F43)>0,F43,1)) | O43: =IF(OR(B43="",N(L43)=0),"",IFERROR(MATCH(D43,Settings!$B$6:$B$17,0),13)*1000+ROW())
B44: Black beans | C44: can | D44: Cans and jars | E44: can | F44: 1 | G44: 0.99 | J44: =IF(B44="","",ROUND(SUMIFS(Ingredients!$G$6:$G$1005,Ingredients!$C$6:$C$1005,B44),2)) | K44: =IF(B44="","",MAX(0,ROUND(J44-N(H44),2))) | L44: =IF(B44="","",IF(N(K44)=0,0,ROUNDUP(ROUND(K44/IF(N(F44)>0,F44,1),6),0))+N(I44)) | M44: =IF(B44="","",L44*N(G44)) | N44: =IF(B44="","",N(G44)/IF(N(F44)>0,F44,1)) | O44: =IF(OR(B44="",N(L44)=0),"",IFERROR(MATCH(D44,Settings!$B$6:$B$17,0),13)*1000+ROW())
B45: Tuna | C45: can | D45: Cans and jars | E45: can | F45: 1 | G45: 1.29 | J45: =IF(B45="","",ROUND(SUMIFS(Ingredients!$G$6:$G$1005,Ingredients!$C$6:$C$1005,B45),2)) | K45: =IF(B45="","",MAX(0,ROUND(J45-N(H45),2))) | L45: =IF(B45="","",IF(N(K45)=0,0,ROUNDUP(ROUND(K45/IF(N(F45)>0,F45,1),6),0))+N(I45)) | M45: =IF(B45="","",L45*N(G45)) | N45: =IF(B45="","",N(G45)/IF(N(F45)>0,F45,1)) | O45: =IF(OR(B45="",N(L45)=0),"",IFERROR(MATCH(D45,Settings!$B$6:$B$17,0),13)*1000+ROW())
B46: Vegetable stock | C46: cup | D46: Cans and jars | E46: 32 oz carton | F46: 4 | G46: 2.49 | J46: =IF(B46="","",ROUND(SUMIFS(Ingredients!$G$6:$G$1005,Ingredients!$C$6:$C$1005,B46),2)) | K46: =IF(B46="","",MAX(0,ROUND(J46-N(H46),2))) | L46: =IF(B46="","",IF(N(K46)=0,0,ROUNDUP(ROUND(K46/IF(N(F46)>0,F46,1),6),0))+N(I46)) | M46: =IF(B46="","",L46*N(G46)) | N46: =IF(B46="","",N(G46)/IF(N(F46)>0,F46,1)) | O46: =IF(OR(B46="",N(L46)=0),"",IFERROR(MATCH(D46,Settings!$B$6:$B$17,0),13)*1000+ROW())
B47: Pizza sauce | C47: jar | D47: Cans and jars | E47: jar | F47: 1 | G47: 2.49 | J47: =IF(B47="","",ROUND(SUMIFS(Ingredients!$G$6:$G$1005,Ingredients!$C$6:$C$1005,B47),2)) | K47: =IF(B47="","",MAX(0,ROUND(J47-N(H47),2))) | L47: =IF(B47="","",IF(N(K47)=0,0,ROUNDUP(ROUND(K47/IF(N(F47)>0,F47,1),6),0))+N(I47)) | M47: =IF(B47="","",L47*N(G47)) | N47: =IF(B47="","",N(G47)/IF(N(F47)>0,F47,1)) | O47: =IF(OR(B47="",N(L47)=0),"",IFERROR(MATCH(D47,Settings!$B$6:$B$17,0),13)*1000+ROW())
B48: Peanut butter | C48: tbsp | D48: Cans and jars | E48: 16 oz jar | F48: 28 | G48: 2.99 | H48: 10 | J48: =IF(B48="","",ROUND(SUMIFS(Ingredients!$G$6:$G$1005,Ingredients!$C$6:$C$1005,B48),2)) | K48: =IF(B48="","",MAX(0,ROUND(J48-N(H48),2))) | L48: =IF(B48="","",IF(N(K48)=0,0,ROUNDUP(ROUND(K48/IF(N(F48)>0,F48,1),6),0))+N(I48)) | M48: =IF(B48="","",L48*N(G48)) | N48: =IF(B48="","",N(G48)/IF(N(F48)>0,F48,1)) | O48: =IF(OR(B48="",N(L48)=0),"",IFERROR(MATCH(D48,Settings!$B$6:$B$17,0),13)*1000+ROW())
B49: Olive oil | C49: tbsp | D49: Sauces and oils | E49: 17 oz bottle | F49: 33 | G49: 7.99 | H49: 20 | J49: =IF(B49="","",ROUND(SUMIFS(Ingredients!$G$6:$G$1005,Ingredients!$C$6:$C$1005,B49),2)) | K49: =IF(B49="","",MAX(0,ROUND(J49-N(H49),2))) | L49: =IF(B49="","",IF(N(K49)=0,0,ROUNDUP(ROUND(K49/IF(N(F49)>0,F49,1),6),0))+N(I49)) | M49: =IF(B49="","",L49*N(G49)) | N49: =IF(B49="","",N(G49)/IF(N(F49)>0,F49,1)) | O49: =IF(OR(B49="",N(L49)=0),"",IFERROR(MATCH(D49,Settings!$B$6:$B$17,0),13)*1000+ROW())
B50: Soy sauce | C50: tbsp | D50: Sauces and oils | E50: 10 oz bottle | F50: 20 | G50: 2.49 | H50: 6 | J50: =IF(B50="","",ROUND(SUMIFS(Ingredients!$G$6:$G$1005,Ingredients!$C$6:$C$1005,B50),2)) | K50: =IF(B50="","",MAX(0,ROUND(J50-N(H50),2))) | L50: =IF(B50="","",IF(N(K50)=0,0,ROUNDUP(ROUND(K50/IF(N(F50)>0,F50,1),6),0))+N(I50)) | M50: =IF(B50="","",L50*N(G50)) | N50: =IF(B50="","",N(G50)/IF(N(F50)>0,F50,1)) | O50: =IF(OR(B50="",N(L50)=0),"",IFERROR(MATCH(D50,Settings!$B$6:$B$17,0),13)*1000+ROW())
B51: Caesar dressing | C51: tbsp | D51: Sauces and oils | E51: 12 oz bottle | F51: 24 | G51: 3.29 | J51: =IF(B51="","",ROUND(SUMIFS(Ingredients!$G$6:$G$1005,Ingredients!$C$6:$C$1005,B51),2)) | K51: =IF(B51="","",MAX(0,ROUND(J51-N(H51),2))) | L51: =IF(B51="","",IF(N(K51)=0,0,ROUNDUP(ROUND(K51/IF(N(F51)>0,F51,1),6),0))+N(I51)) | M51: =IF(B51="","",L51*N(G51)) | N51: =IF(B51="","",N(G51)/IF(N(F51)>0,F51,1)) | O51: =IF(OR(B51="",N(L51)=0),"",IFERROR(MATCH(D51,Settings!$B$6:$B$17,0),13)*1000+ROW())
B52: Mayonnaise | C52: tbsp | D52: Sauces and oils | E52: 15 oz jar | F52: 30 | G52: 3.99 | H52: 12 | J52: =IF(B52="","",ROUND(SUMIFS(Ingredients!$G$6:$G$1005,Ingredients!$C$6:$C$1005,B52),2)) | K52: =IF(B52="","",MAX(0,ROUND(J52-N(H52),2))) | L52: =IF(B52="","",IF(N(K52)=0,0,ROUNDUP(ROUND(K52/IF(N(F52)>0,F52,1),6),0))+N(I52)) | M52: =IF(B52="","",L52*N(G52)) | N52: =IF(B52="","",N(G52)/IF(N(F52)>0,F52,1)) | O52: =IF(OR(B52="",N(L52)=0),"",IFERROR(MATCH(D52,Settings!$B$6:$B$17,0),13)*1000+ROW())
B53: Honey | C53: tbsp | D53: Sauces and oils | E53: 12 oz bottle | F53: 16 | G53: 4.49 | H53: 10 | J53: =IF(B53="","",ROUND(SUMIFS(Ingredients!$G$6:$G$1005,Ingredients!$C$6:$C$1005,B53),2)) | K53: =IF(B53="","",MAX(0,ROUND(J53-N(H53),2))) | L53: =IF(B53="","",IF(N(K53)=0,0,ROUNDUP(ROUND(K53/IF(N(F53)>0,F53,1),6),0))+N(I53)) | M53: =IF(B53="","",L53*N(G53)) | N53: =IF(B53="","",N(G53)/IF(N(F53)>0,F53,1)) | O53: =IF(OR(B53="",N(L53)=0),"",IFERROR(MATCH(D53,Settings!$B$6:$B$17,0),13)*1000+ROW())
B54: Flour | C54: cup | D54: Spices and baking | E54: 5 lb bag | F54: 18 | G54: 3.49 | H54: 6 | J54: =IF(B54="","",ROUND(SUMIFS(Ingredients!$G$6:$G$1005,Ingredients!$C$6:$C$1005,B54),2)) | K54: =IF(B54="","",MAX(0,ROUND(J54-N(H54),2))) | L54: =IF(B54="","",IF(N(K54)=0,0,ROUNDUP(ROUND(K54/IF(N(F54)>0,F54,1),6),0))+N(I54)) | M54: =IF(B54="","",L54*N(G54)) | N54: =IF(B54="","",N(G54)/IF(N(F54)>0,F54,1)) | O54: =IF(OR(B54="",N(L54)=0),"",IFERROR(MATCH(D54,Settings!$B$6:$B$17,0),13)*1000+ROW())
B55: Ground cumin | C55: tsp | D55: Spices and baking | E55: jar | F55: 20 | G55: 2.99 | H55: 12 | J55: =IF(B55="","",ROUND(SUMIFS(Ingredients!$G$6:$G$1005,Ingredients!$C$6:$C$1005,B55),2)) | K55: =IF(B55="","",MAX(0,ROUND(J55-N(H55),2))) | L55: =IF(B55="","",IF(N(K55)=0,0,ROUNDUP(ROUND(K55/IF(N(F55)>0,F55,1),6),0))+N(I55)) | M55: =IF(B55="","",L55*N(G55)) | N55: =IF(B55="","",N(G55)/IF(N(F55)>0,F55,1)) | O55: =IF(OR(B55="",N(L55)=0),"",IFERROR(MATCH(D55,Settings!$B$6:$B$17,0),13)*1000+ROW())
B56: Frozen berries | C56: cup | D56: Frozen | E56: 16 oz bag | F56: 3.5 | G56: 3.99 | J56: =IF(B56="","",ROUND(SUMIFS(Ingredients!$G$6:$G$1005,Ingredients!$C$6:$C$1005,B56),2)) | K56: =IF(B56="","",MAX(0,ROUND(J56-N(H56),2))) | L56: =IF(B56="","",IF(N(K56)=0,0,ROUNDUP(ROUND(K56/IF(N(F56)>0,F56,1),6),0))+N(I56)) | M56: =IF(B56="","",L56*N(G56)) | N56: =IF(B56="","",N(G56)/IF(N(F56)>0,F56,1)) | O56: =IF(OR(B56="",N(L56)=0),"",IFERROR(MATCH(D56,Settings!$B$6:$B$17,0),13)*1000+ROW())
B57: Coffee | C57: bag | D57: Snacks and drinks | E57: 12 oz bag | F57: 1 | G57: 8.99 | I57: 1 | J57: =IF(B57="","",ROUND(SUMIFS(Ingredients!$G$6:$G$1005,Ingredients!$C$6:$C$1005,B57),2)) | K57: =IF(B57="","",MAX(0,ROUND(J57-N(H57),2))) | L57: =IF(B57="","",IF(N(K57)=0,0,ROUNDUP(ROUND(K57/IF(N(F57)>0,F57,1),6),0))+N(I57)) | M57: =IF(B57="","",L57*N(G57)) | N57: =IF(B57="","",N(G57)/IF(N(F57)>0,F57,1)) | O57: =IF(OR(B57="",N(L57)=0),"",IFERROR(MATCH(D57,Settings!$B$6:$B$17,0),13)*1000+ROW())
B58: Dish soap | C58: bottle | D58: Household | E58: bottle | F58: 1 | G58: 2.99 | I58: 1 | J58: =IF(B58="","",ROUND(SUMIFS(Ingredients!$G$6:$G$1005,Ingredients!$C$6:$C$1005,B58),2)) | K58: =IF(B58="","",MAX(0,ROUND(J58-N(H58),2))) | L58: =IF(B58="","",IF(N(K58)=0,0,ROUNDUP(ROUND(K58/IF(N(F58)>0,F58,1),6),0))+N(I58)) | M58: =IF(B58="","",L58*N(G58)) | N58: =IF(B58="","",N(G58)/IF(N(F58)>0,F58,1)) | O58: =IF(OR(B58="",N(L58)=0),"",IFERROR(MATCH(D58,Settings!$B$6:$B$17,0),13)*1000+ROW())
J59: =IF(B59="","",ROUND(SUMIFS(Ingredients!$G$6:$G$1005,Ingredients!$C$6:$C$1005,B59),2)) | K59: =IF(B59="","",MAX(0,ROUND(J59-N(H59),2))) | L59: =IF(B59="","",IF(N(K59)=0,0,ROUNDUP(ROUND(K59/IF(N(F59)>0,F59,1),6),0))+N(I59)) | M59: =IF(B59="","",L59*N(G59)) | N59: =IF(B59="","",N(G59)/IF(N(F59)>0,F59,1)) | O59: =IF(OR(B59="",N(L59)=0),"",IFERROR(MATCH(D59,Settings!$B$6:$B$17,0),13)*1000+ROW())
J60: =IF(B60="","",ROUND(SUMIFS(Ingredients!$G$6:$G$1005,Ingredients!$C$6:$C$1005,B60),2)) | K60: =IF(B60="","",MAX(0,ROUND(J60-N(H60),2))) | L60: =IF(B60="","",IF(N(K60)=0,0,ROUNDUP(ROUND(K60/IF(N(F60)>0,F60,1),6),0))+N(I60)) | M60: =IF(B60="","",L60*N(G60)) | N60: =IF(B60="","",N(G60)/IF(N(F60)>0,F60,1)) | O60: =IF(OR(B60="",N(L60)=0),"",IFERROR(MATCH(D60,Settings!$B$6:$B$17,0),13)*1000+ROW())
J61: =IF(B61="","",ROUND(SUMIFS(Ingredients!$G$6:$G$1005,Ingredients!$C$6:$C$1005,B61),2)) | K61: =IF(B61="","",MAX(0,ROUND(J61-N(H61),2))) | L61: =IF(B61="","",IF(N(K61)=0,0,ROUNDUP(ROUND(K61/IF(N(F61)>0,F61,1),6),0))+N(I61)) | M61: =IF(B61="","",L61*N(G61)) | N61: =IF(B61="","",N(G61)/IF(N(F61)>0,F61,1)) | O61: =IF(OR(B61="",N(L61)=0),"",IFERROR(MATCH(D61,Settings!$B$6:$B$17,0),13)*1000+ROW())
J62: =IF(B62="","",ROUND(SUMIFS(Ingredients!$G$6:$G$1005,Ingredients!$C$6:$C$1005,B62),2)) | K62: =IF(B62="","",MAX(0,ROUND(J62-N(H62),2))) | L62: =IF(B62="","",IF(N(K62)=0,0,ROUNDUP(ROUND(K62/IF(N(F62)>0,F62,1),6),0))+N(I62)) | M62: =IF(B62="","",L62*N(G62)) | N62: =IF(B62="","",N(G62)/IF(N(F62)>0,F62,1)) | O62: =IF(OR(B62="",N(L62)=0),"",IFERROR(MATCH(D62,Settings!$B$6:$B$17,0),13)*1000+ROW())
J63: =IF(B63="","",ROUND(SUMIFS(Ingredients!$G$6:$G$1005,Ingredients!$C$6:$C$1005,B63),2)) | K63: =IF(B63="","",MAX(0,ROUND(J63-N(H63),2))) | L63: =IF(B63="","",IF(N(K63)=0,0,ROUNDUP(ROUND(K63/IF(N(F63)>0,F63,1),6),0))+N(I63)) | M63: =IF(B63="","",L63*N(G63)) | N63: =IF(B63="","",N(G63)/IF(N(F63)>0,F63,1)) | O63: =IF(OR(B63="",N(L63)=0),"",IFERROR(MATCH(D63,Settings!$B$6:$B$17,0),13)*1000+ROW())
J64: =IF(B64="","",ROUND(SUMIFS(Ingredients!$G$6:$G$1005,Ingredients!$C$6:$C$1005,B64),2)) | K64: =IF(B64="","",MAX(0,ROUND(J64-N(H64),2))) | L64: =IF(B64="","",IF(N(K64)=0,0,ROUNDUP(ROUND(K64/IF(N(F64)>0,F64,1),6),0))+N(I64)) | M64: =IF(B64="","",L64*N(G64)) | N64: =IF(B64="","",N(G64)/IF(N(F64)>0,F64,1)) | O64: =IF(OR(B64="",N(L64)=0),"",IFERROR(MATCH(D64,Settings!$B$6:$B$17,0),13)*1000+ROW())
J65: =IF(B65="","",ROUND(SUMIFS(Ingredients!$G$6:$G$1005,Ingredients!$C$6:$C$1005,B65),2)) | K65: =IF(B65="","",MAX(0,ROUND(J65-N(H65),2))) | L65: =IF(B65="","",IF(N(K65)=0,0,ROUNDUP(ROUND(K65/IF(N(F65)>0,F65,1),6),0))+N(I65)) | M65: =IF(B65="","",L65*N(G65)) | N65: =IF(B65="","",N(G65)/IF(N(F65)>0,F65,1)) | O65: =IF(OR(B65="",N(L65)=0),"",IFERROR(MATCH(D65,Settings!$B$6:$B$17,0),13)*1000+ROW())
J66: =IF(B66="","",ROUND(SUMIFS(Ingredients!$G$6:$G$1005,Ingredients!$C$6:$C$1005,B66),2)) | K66: =IF(B66="","",MAX(0,ROUND(J66-N(H66),2))) | L66: =IF(B66="","",IF(N(K66)=0,0,ROUNDUP(ROUND(K66/IF(N(F66)>0,F66,1),6),0))+N(I66)) | M66: =IF(B66="","",L66*N(G66)) | N66: =IF(B66="","",N(G66)/IF(N(F66)>0,F66,1)) | O66: =IF(OR(B66="",N(L66)=0),"",IFERROR(MATCH(D66,Settings!$B$6:$B$17,0),13)*1000+ROW())
J67: =IF(B67="","",ROUND(SUMIFS(Ingredients!$G$6:$G$1005,Ingredients!$C$6:$C$1005,B67),2)) | K67: =IF(B67="","",MAX(0,ROUND(J67-N(H67),2))) | L67: =IF(B67="","",IF(N(K67)=0,0,ROUNDUP(ROUND(K67/IF(N(F67)>0,F67,1),6),0))+N(I67)) | M67: =IF(B67="","",L67*N(G67)) | N67: =IF(B67="","",N(G67)/IF(N(F67)>0,F67,1)) | O67: =IF(OR(B67="",N(L67)=0),"",IFERROR(MATCH(D67,Settings!$B$6:$B$17,0),13)*1000+ROW())
J68: =IF(B68="","",ROUND(SUMIFS(Ingredients!$G$6:$G$1005,Ingredients!$C$6:$C$1005,B68),2)) | K68: =IF(B68="","",MAX(0,ROUND(J68-N(H68),2))) | L68: =IF(B68="","",IF(N(K68)=0,0,ROUNDUP(ROUND(K68/IF(N(F68)>0,F68,1),6),0))+N(I68)) | M68: =IF(B68="","",L68*N(G68)) | N68: =IF(B68="","",N(G68)/IF(N(F68)>0,F68,1)) | O68: =IF(OR(B68="",N(L68)=0),"",IFERROR(MATCH(D68,Settings!$B$6:$B$17,0),13)*1000+ROW())
J69: =IF(B69="","",ROUND(SUMIFS(Ingredients!$G$6:$G$1005,Ingredients!$C$6:$C$1005,B69),2)) | K69: =IF(B69="","",MAX(0,ROUND(J69-N(H69),2))) | L69: =IF(B69="","",IF(N(K69)=0,0,ROUNDUP(ROUND(K69/IF(N(F69)>0,F69,1),6),0))+N(I69)) | M69: =IF(B69="","",L69*N(G69)) | N69: =IF(B69="","",N(G69)/IF(N(F69)>0,F69,1)) | O69: =IF(OR(B69="",N(L69)=0),"",IFERROR(MATCH(D69,Settings!$B$6:$B$17,0),13)*1000+ROW())
J70: =IF(B70="","",ROUND(SUMIFS(Ingredients!$G$6:$G$1005,Ingredients!$C$6:$C$1005,B70),2)) | K70: =IF(B70="","",MAX(0,ROUND(J70-N(H70),2))) | L70: =IF(B70="","",IF(N(K70)=0,0,ROUNDUP(ROUND(K70/IF(N(F70)>0,F70,1),6),0))+N(I70)) | M70: =IF(B70="","",L70*N(G70)) | N70: =IF(B70="","",N(G70)/IF(N(F70)>0,F70,1)) | O70: =IF(OR(B70="",N(L70)=0),"",IFERROR(MATCH(D70,Settings!$B$6:$B$17,0),13)*1000+ROW())
... J305: =IF(B305="","",ROUND(SUMIFS(Ingredients!$G$6:$G$1005,Ingredients!$C$6:$C$1005,B305),2)) | K305: =IF(B305="","",MAX(0,ROUND(J305-N(H305),2))) | L305: =IF(B305="","",IF(N(K305)=0,0,ROUNDUP(ROUND(K305/IF(N(F305)>0,F305,1),6),0))+N(I305)) | M305: =IF(B305="","",L305*N(G305)) | N305: =IF(B305="","",N(G305)/IF(N(F305)>0,F305,1)) | O305: =IF(OR(B305="",N(L305)=0),"",IFERROR(MATCH(D305,Settings!$B$6:$B$17,0),13)*1000+ROW())

Sheet Settings
B2: Settings
B3: Store sections in the order you walk through the store. The grocery list follows it.
B5: Store sections, in order
B6: Fruit and vegetables | D6: Rename them or change the order to match your store. Items with no section go last.
B7: Bread and bakery
B8: Meat and fish
B9: Dairy and eggs
B10: Pasta, rice and grains
B11: Cans and jars
B12: Sauces and oils
B13: Spices and baking
B14: Frozen
B15: Snacks and drinks
B16: Household
B17: Other

Sheet Start Here
B2: Start here
B3: Type only in the yellow cells. Everything else is calculated.
B5: 1 | C5: Pantry: the foods you buy, the unit you cook with, the store section, the pack you buy and its price.
B7: 2 | C7: Recipes: one line per recipe, with how many people it serves.
B9: 3 | C9: Ingredients: one line per ingredient of each recipe, in the unit the Pantry uses.
B11: 4 | C11: Week plan: type the first day and the number of people each day, then pick a recipe for each meal.
B13: 5 | C13: Before you shop, fill in what you have at home on the Pantry tab. The Grocery list does the rest.
C16: Cooking once and eating it twice? Put the recipe on both days. The list buys enough for both.
C18: Anything you type that is not a recipe, like Eating out, adds nothing to the list.
C20: Extra packs on the Pantry tab add things you buy anyway, like coffee or dish soap.
C22: The example recipes, pantry and plan show how it works. Replace them with your own.
C24: Works in Google Sheets and Microsoft Excel, in any currency and any unit.
