Workbook

Sheet Dashboard
AK1: =MATCH(C4,{"January","February","March","April","May","June","July","August","September","October","November","December"},0)
B2: =IF(Housemates!$C$4="","House bills","House bills: "&Housemates!$C$4) | AK2: =DATE(E4,AK1,1)
B3: Pick a month: what everyone paid and shared, who owes whom, and the bills due. | AK3: =EOMONTH(AK2,0)
B4: Month | C4: September | D4: Year | E4: 2026
B6: Spent this month | C6: Still to pay | D6: Late bills | E6: Next bill
B7: =SUMIFS(Payments!$D$6:$D$605,Payments!$B$6:$B$605,">="&$AK$2,Payments!$B$6:$B$605,"<="&$AK$3,Payments!$C$6:$C$605,"<>Paying back") | C7: =SUMIFS(Bills!$D$6:$D$25,Bills!$U$6:$U$25,1,Bills!$W$6:$W$25,0) | D7: =COUNTIFS(Bills!$U$6:$U$25,1,Bills!$W$6:$W$25,0,Bills!$V$6:$V$25,"<"&TODAY()) | E7: =IFERROR(INDEX(Bills!$B$6:$B$25,MATCH(MIN(Bills!$AI$6:$AI$25),Bills!$AI$6:$AI$25,0))&", "&DAY(INT(MIN(Bills!$AI$6:$AI$25)))&" "&CHOOSE(MONTH(INT(MIN(Bills!$AI$6:$AI$25))),"Jan","Feb","Mar","Apr","May","Jun","Jul","Aug","Sep","Oct","Nov","Dec"),"None")
B9: Housemate | C9: Paid this month | D9: Share this month | E9: Balance | F9: Status | H9: Settle up | I9: Amount
B10: =IF(Housemates!B8="","",Housemates!B8) | C10: =IF(B10="","",SUMIFS(Payments!$D$6:$D$605,Payments!$E$6:$E$605,B10,Payments!$B$6:$B$605,">="&$AK$2,Payments!$B$6:$B$605,"<="&$AK$3,Payments!$C$6:$C$605,"<>Paying back")) | D10: =IF(B10="","",SUMIFS(Payments!$AB$6:$AB$605,Payments!$B$6:$B$605,">="&$AK$2,Payments!$B$6:$B$605,"<="&$AK$3,Payments!$C$6:$C$605,"<>Paying back")) | E10: =IF(B10="","",ROUND(SUMIFS(Payments!$D$6:$D$605,Payments!$E$6:$E$605,B10,Payments!$B$6:$B$605,"<="&$AK$3)-SUMIFS(Payments!$AB$6:$AB$605,Payments!$B$6:$B$605,"<="&$AK$3),2)) | F10: =IF(B10="","",IF(ABS(E10)<0.005,"Settled",IF(E10>0,"Gets back "&FIXED(E10,2),"Owes "&FIXED(-E10,2)))) | H10: =IF(N(AA71)<0.01,"Everyone is settled",INDEX($B$10:$B$17,AA73)&" pays "&INDEX($B$10:$B$17,AA72)) | I10: =IF(N(AA71)<0.01,"",AA71)
B11: =IF(Housemates!B9="","",Housemates!B9) | C11: =IF(B11="","",SUMIFS(Payments!$D$6:$D$605,Payments!$E$6:$E$605,B11,Payments!$B$6:$B$605,">="&$AK$2,Payments!$B$6:$B$605,"<="&$AK$3,Payments!$C$6:$C$605,"<>Paying back")) | D11: =IF(B11="","",SUMIFS(Payments!$AC$6:$AC$605,Payments!$B$6:$B$605,">="&$AK$2,Payments!$B$6:$B$605,"<="&$AK$3,Payments!$C$6:$C$605,"<>Paying back")) | E11: =IF(B11="","",ROUND(SUMIFS(Payments!$D$6:$D$605,Payments!$E$6:$E$605,B11,Payments!$B$6:$B$605,"<="&$AK$3)-SUMIFS(Payments!$AC$6:$AC$605,Payments!$B$6:$B$605,"<="&$AK$3),2)) | F11: =IF(B11="","",IF(ABS(E11)<0.005,"Settled",IF(E11>0,"Gets back "&FIXED(E11,2),"Owes "&FIXED(-E11,2)))) | H11: =IF(N(AB71)<0.01,"",INDEX($B$10:$B$17,AB73)&" pays "&INDEX($B$10:$B$17,AB72)) | I11: =IF(N(AB71)<0.01,"",AB71)
B12: =IF(Housemates!B10="","",Housemates!B10) | C12: =IF(B12="","",SUMIFS(Payments!$D$6:$D$605,Payments!$E$6:$E$605,B12,Payments!$B$6:$B$605,">="&$AK$2,Payments!$B$6:$B$605,"<="&$AK$3,Payments!$C$6:$C$605,"<>Paying back")) | D12: =IF(B12="","",SUMIFS(Payments!$AD$6:$AD$605,Payments!$B$6:$B$605,">="&$AK$2,Payments!$B$6:$B$605,"<="&$AK$3,Payments!$C$6:$C$605,"<>Paying back")) | E12: =IF(B12="","",ROUND(SUMIFS(Payments!$D$6:$D$605,Payments!$E$6:$E$605,B12,Payments!$B$6:$B$605,"<="&$AK$3)-SUMIFS(Payments!$AD$6:$AD$605,Payments!$B$6:$B$605,"<="&$AK$3),2)) | F12: =IF(B12="","",IF(ABS(E12)<0.005,"Settled",IF(E12>0,"Gets back "&FIXED(E12,2),"Owes "&FIXED(-E12,2)))) | H12: =IF(N(AC71)<0.01,"",INDEX($B$10:$B$17,AC73)&" pays "&INDEX($B$10:$B$17,AC72)) | I12: =IF(N(AC71)<0.01,"",AC71)
B13: =IF(Housemates!B11="","",Housemates!B11) | C13: =IF(B13="","",SUMIFS(Payments!$D$6:$D$605,Payments!$E$6:$E$605,B13,Payments!$B$6:$B$605,">="&$AK$2,Payments!$B$6:$B$605,"<="&$AK$3,Payments!$C$6:$C$605,"<>Paying back")) | D13: =IF(B13="","",SUMIFS(Payments!$AE$6:$AE$605,Payments!$B$6:$B$605,">="&$AK$2,Payments!$B$6:$B$605,"<="&$AK$3,Payments!$C$6:$C$605,"<>Paying back")) | E13: =IF(B13="","",ROUND(SUMIFS(Payments!$D$6:$D$605,Payments!$E$6:$E$605,B13,Payments!$B$6:$B$605,"<="&$AK$3)-SUMIFS(Payments!$AE$6:$AE$605,Payments!$B$6:$B$605,"<="&$AK$3),2)) | F13: =IF(B13="","",IF(ABS(E13)<0.005,"Settled",IF(E13>0,"Gets back "&FIXED(E13,2),"Owes "&FIXED(-E13,2)))) | H13: =IF(N(AD71)<0.01,"",INDEX($B$10:$B$17,AD73)&" pays "&INDEX($B$10:$B$17,AD72)) | I13: =IF(N(AD71)<0.01,"",AD71)
B14: =IF(Housemates!B12="","",Housemates!B12) | C14: =IF(B14="","",SUMIFS(Payments!$D$6:$D$605,Payments!$E$6:$E$605,B14,Payments!$B$6:$B$605,">="&$AK$2,Payments!$B$6:$B$605,"<="&$AK$3,Payments!$C$6:$C$605,"<>Paying back")) | D14: =IF(B14="","",SUMIFS(Payments!$AF$6:$AF$605,Payments!$B$6:$B$605,">="&$AK$2,Payments!$B$6:$B$605,"<="&$AK$3,Payments!$C$6:$C$605,"<>Paying back")) | E14: =IF(B14="","",ROUND(SUMIFS(Payments!$D$6:$D$605,Payments!$E$6:$E$605,B14,Payments!$B$6:$B$605,"<="&$AK$3)-SUMIFS(Payments!$AF$6:$AF$605,Payments!$B$6:$B$605,"<="&$AK$3),2)) | F14: =IF(B14="","",IF(ABS(E14)<0.005,"Settled",IF(E14>0,"Gets back "&FIXED(E14,2),"Owes "&FIXED(-E14,2)))) | H14: =IF(N(AE71)<0.01,"",INDEX($B$10:$B$17,AE73)&" pays "&INDEX($B$10:$B$17,AE72)) | I14: =IF(N(AE71)<0.01,"",AE71)
B15: =IF(Housemates!B13="","",Housemates!B13) | C15: =IF(B15="","",SUMIFS(Payments!$D$6:$D$605,Payments!$E$6:$E$605,B15,Payments!$B$6:$B$605,">="&$AK$2,Payments!$B$6:$B$605,"<="&$AK$3,Payments!$C$6:$C$605,"<>Paying back")) | D15: =IF(B15="","",SUMIFS(Payments!$AG$6:$AG$605,Payments!$B$6:$B$605,">="&$AK$2,Payments!$B$6:$B$605,"<="&$AK$3,Payments!$C$6:$C$605,"<>Paying back")) | E15: =IF(B15="","",ROUND(SUMIFS(Payments!$D$6:$D$605,Payments!$E$6:$E$605,B15,Payments!$B$6:$B$605,"<="&$AK$3)-SUMIFS(Payments!$AG$6:$AG$605,Payments!$B$6:$B$605,"<="&$AK$3),2)) | F15: =IF(B15="","",IF(ABS(E15)<0.005,"Settled",IF(E15>0,"Gets back "&FIXED(E15,2),"Owes "&FIXED(-E15,2)))) | H15: =IF(N(AF71)<0.01,"",INDEX($B$10:$B$17,AF73)&" pays "&INDEX($B$10:$B$17,AF72)) | I15: =IF(N(AF71)<0.01,"",AF71)
B16: =IF(Housemates!B14="","",Housemates!B14) | C16: =IF(B16="","",SUMIFS(Payments!$D$6:$D$605,Payments!$E$6:$E$605,B16,Payments!$B$6:$B$605,">="&$AK$2,Payments!$B$6:$B$605,"<="&$AK$3,Payments!$C$6:$C$605,"<>Paying back")) | D16: =IF(B16="","",SUMIFS(Payments!$AH$6:$AH$605,Payments!$B$6:$B$605,">="&$AK$2,Payments!$B$6:$B$605,"<="&$AK$3,Payments!$C$6:$C$605,"<>Paying back")) | E16: =IF(B16="","",ROUND(SUMIFS(Payments!$D$6:$D$605,Payments!$E$6:$E$605,B16,Payments!$B$6:$B$605,"<="&$AK$3)-SUMIFS(Payments!$AH$6:$AH$605,Payments!$B$6:$B$605,"<="&$AK$3),2)) | F16: =IF(B16="","",IF(ABS(E16)<0.005,"Settled",IF(E16>0,"Gets back "&FIXED(E16,2),"Owes "&FIXED(-E16,2)))) | H16: =IF(N(AG71)<0.01,"",INDEX($B$10:$B$17,AG73)&" pays "&INDEX($B$10:$B$17,AG72)) | I16: =IF(N(AG71)<0.01,"",AG71)
B17: =IF(Housemates!B15="","",Housemates!B15) | C17: =IF(B17="","",SUMIFS(Payments!$D$6:$D$605,Payments!$E$6:$E$605,B17,Payments!$B$6:$B$605,">="&$AK$2,Payments!$B$6:$B$605,"<="&$AK$3,Payments!$C$6:$C$605,"<>Paying back")) | D17: =IF(B17="","",SUMIFS(Payments!$AI$6:$AI$605,Payments!$B$6:$B$605,">="&$AK$2,Payments!$B$6:$B$605,"<="&$AK$3,Payments!$C$6:$C$605,"<>Paying back")) | E17: =IF(B17="","",ROUND(SUMIFS(Payments!$D$6:$D$605,Payments!$E$6:$E$605,B17,Payments!$B$6:$B$605,"<="&$AK$3)-SUMIFS(Payments!$AI$6:$AI$605,Payments!$B$6:$B$605,"<="&$AK$3),2)) | F17: =IF(B17="","",IF(ABS(E17)<0.005,"Settled",IF(E17>0,"Gets back "&FIXED(E17,2),"Owes "&FIXED(-E17,2))))
B18: Balance counts everything up to the end of the month, money paid back included. | H18: The fewest payments that bring every balance to zero.
B20: Due | C20: Bill | D20: Amount | E20: Paid by | F20: Status | H20: Category | I20: This month
B21: =IF(AL21="","",INT(AL21)) | C21: =IF(AL21="","No bills due this month",INDEX(Bills!$B$6:$B$25,MATCH(AL21,Bills!$X$6:$X$25,0))) | D21: =IF(AL21="","",IF(INDEX(Bills!$W$6:$W$25,MATCH(AL21,Bills!$X$6:$X$25,0))>0,INDEX(Bills!$W$6:$W$25,MATCH(AL21,Bills!$X$6:$X$25,0)),INDEX(Bills!$D$6:$D$25,MATCH(AL21,Bills!$X$6:$X$25,0)))) | E21: =IF(AL21="","",IF(INDEX(Bills!$W$6:$W$25,MATCH(AL21,Bills!$X$6:$X$25,0))>0,IFERROR(INDEX(Payments!$E$6:$E$605,MATCH(C21&"|"&(YEAR($AK$2)*100+MONTH($AK$2)),Payments!$AJ$6:$AJ$605,0)),""),INDEX(Bills!$G$6:$G$25,MATCH(AL21,Bills!$X$6:$X$25,0)))) | F21: =IF(AL21="","",IF(INDEX(Bills!$W$6:$W$25,MATCH(AL21,Bills!$X$6:$X$25,0))>0,"Paid",IF(B21<TODAY(),"Late",IF(B21=TODAY(),"Due today",IF(B21-TODAY()<=3,"Due in "&(B21-TODAY())&IF(B21-TODAY()=1," day"," days"),"Coming"))))) | H21: Rent | I21: =SUMIFS(Payments!$D$6:$D$605,Payments!$O$6:$O$605,H21,Payments!$B$6:$B$605,">="&$AK$2,Payments!$B$6:$B$605,"<="&$AK$3) | AL21: =IFERROR(SMALL(Bills!$X$6:$X$25,1),"")
B22: =IF(AL22="","",INT(AL22)) | C22: =IF(AL22="","",INDEX(Bills!$B$6:$B$25,MATCH(AL22,Bills!$X$6:$X$25,0))) | D22: =IF(AL22="","",IF(INDEX(Bills!$W$6:$W$25,MATCH(AL22,Bills!$X$6:$X$25,0))>0,INDEX(Bills!$W$6:$W$25,MATCH(AL22,Bills!$X$6:$X$25,0)),INDEX(Bills!$D$6:$D$25,MATCH(AL22,Bills!$X$6:$X$25,0)))) | E22: =IF(AL22="","",IF(INDEX(Bills!$W$6:$W$25,MATCH(AL22,Bills!$X$6:$X$25,0))>0,IFERROR(INDEX(Payments!$E$6:$E$605,MATCH(C22&"|"&(YEAR($AK$2)*100+MONTH($AK$2)),Payments!$AJ$6:$AJ$605,0)),""),INDEX(Bills!$G$6:$G$25,MATCH(AL22,Bills!$X$6:$X$25,0)))) | F22: =IF(AL22="","",IF(INDEX(Bills!$W$6:$W$25,MATCH(AL22,Bills!$X$6:$X$25,0))>0,"Paid",IF(B22<TODAY(),"Late",IF(B22=TODAY(),"Due today",IF(B22-TODAY()<=3,"Due in "&(B22-TODAY())&IF(B22-TODAY()=1," day"," days"),"Coming"))))) | H22: Energy | I22: =SUMIFS(Payments!$D$6:$D$605,Payments!$O$6:$O$605,H22,Payments!$B$6:$B$605,">="&$AK$2,Payments!$B$6:$B$605,"<="&$AK$3) | AL22: =IFERROR(SMALL(Bills!$X$6:$X$25,2),"")
B23: =IF(AL23="","",INT(AL23)) | C23: =IF(AL23="","",INDEX(Bills!$B$6:$B$25,MATCH(AL23,Bills!$X$6:$X$25,0))) | D23: =IF(AL23="","",IF(INDEX(Bills!$W$6:$W$25,MATCH(AL23,Bills!$X$6:$X$25,0))>0,INDEX(Bills!$W$6:$W$25,MATCH(AL23,Bills!$X$6:$X$25,0)),INDEX(Bills!$D$6:$D$25,MATCH(AL23,Bills!$X$6:$X$25,0)))) | E23: =IF(AL23="","",IF(INDEX(Bills!$W$6:$W$25,MATCH(AL23,Bills!$X$6:$X$25,0))>0,IFERROR(INDEX(Payments!$E$6:$E$605,MATCH(C23&"|"&(YEAR($AK$2)*100+MONTH($AK$2)),Payments!$AJ$6:$AJ$605,0)),""),INDEX(Bills!$G$6:$G$25,MATCH(AL23,Bills!$X$6:$X$25,0)))) | F23: =IF(AL23="","",IF(INDEX(Bills!$W$6:$W$25,MATCH(AL23,Bills!$X$6:$X$25,0))>0,"Paid",IF(B23<TODAY(),"Late",IF(B23=TODAY(),"Due today",IF(B23-TODAY()<=3,"Due in "&(B23-TODAY())&IF(B23-TODAY()=1," day"," days"),"Coming"))))) | H23: Water | I23: =SUMIFS(Payments!$D$6:$D$605,Payments!$O$6:$O$605,H23,Payments!$B$6:$B$605,">="&$AK$2,Payments!$B$6:$B$605,"<="&$AK$3) | AL23: =IFERROR(SMALL(Bills!$X$6:$X$25,3),"")
B24: =IF(AL24="","",INT(AL24)) | C24: =IF(AL24="","",INDEX(Bills!$B$6:$B$25,MATCH(AL24,Bills!$X$6:$X$25,0))) | D24: =IF(AL24="","",IF(INDEX(Bills!$W$6:$W$25,MATCH(AL24,Bills!$X$6:$X$25,0))>0,INDEX(Bills!$W$6:$W$25,MATCH(AL24,Bills!$X$6:$X$25,0)),INDEX(Bills!$D$6:$D$25,MATCH(AL24,Bills!$X$6:$X$25,0)))) | E24: =IF(AL24="","",IF(INDEX(Bills!$W$6:$W$25,MATCH(AL24,Bills!$X$6:$X$25,0))>0,IFERROR(INDEX(Payments!$E$6:$E$605,MATCH(C24&"|"&(YEAR($AK$2)*100+MONTH($AK$2)),Payments!$AJ$6:$AJ$605,0)),""),INDEX(Bills!$G$6:$G$25,MATCH(AL24,Bills!$X$6:$X$25,0)))) | F24: =IF(AL24="","",IF(INDEX(Bills!$W$6:$W$25,MATCH(AL24,Bills!$X$6:$X$25,0))>0,"Paid",IF(B24<TODAY(),"Late",IF(B24=TODAY(),"Due today",IF(B24-TODAY()<=3,"Due in "&(B24-TODAY())&IF(B24-TODAY()=1," day"," days"),"Coming"))))) | H24: Internet | I24: =SUMIFS(Payments!$D$6:$D$605,Payments!$O$6:$O$605,H24,Payments!$B$6:$B$605,">="&$AK$2,Payments!$B$6:$B$605,"<="&$AK$3) | AL24: =IFERROR(SMALL(Bills!$X$6:$X$25,4),"")
B25: =IF(AL25="","",INT(AL25)) | C25: =IF(AL25="","",INDEX(Bills!$B$6:$B$25,MATCH(AL25,Bills!$X$6:$X$25,0))) | D25: =IF(AL25="","",IF(INDEX(Bills!$W$6:$W$25,MATCH(AL25,Bills!$X$6:$X$25,0))>0,INDEX(Bills!$W$6:$W$25,MATCH(AL25,Bills!$X$6:$X$25,0)),INDEX(Bills!$D$6:$D$25,MATCH(AL25,Bills!$X$6:$X$25,0)))) | E25: =IF(AL25="","",IF(INDEX(Bills!$W$6:$W$25,MATCH(AL25,Bills!$X$6:$X$25,0))>0,IFERROR(INDEX(Payments!$E$6:$E$605,MATCH(C25&"|"&(YEAR($AK$2)*100+MONTH($AK$2)),Payments!$AJ$6:$AJ$605,0)),""),INDEX(Bills!$G$6:$G$25,MATCH(AL25,Bills!$X$6:$X$25,0)))) | F25: =IF(AL25="","",IF(INDEX(Bills!$W$6:$W$25,MATCH(AL25,Bills!$X$6:$X$25,0))>0,"Paid",IF(B25<TODAY(),"Late",IF(B25=TODAY(),"Due today",IF(B25-TODAY()<=3,"Due in "&(B25-TODAY())&IF(B25-TODAY()=1," day"," days"),"Coming"))))) | H25: Subscriptions | I25: =SUMIFS(Payments!$D$6:$D$605,Payments!$O$6:$O$605,H25,Payments!$B$6:$B$605,">="&$AK$2,Payments!$B$6:$B$605,"<="&$AK$3) | AL25: =IFERROR(SMALL(Bills!$X$6:$X$25,5),"")
B26: =IF(AL26="","",INT(AL26)) | C26: =IF(AL26="","",INDEX(Bills!$B$6:$B$25,MATCH(AL26,Bills!$X$6:$X$25,0))) | D26: =IF(AL26="","",IF(INDEX(Bills!$W$6:$W$25,MATCH(AL26,Bills!$X$6:$X$25,0))>0,INDEX(Bills!$W$6:$W$25,MATCH(AL26,Bills!$X$6:$X$25,0)),INDEX(Bills!$D$6:$D$25,MATCH(AL26,Bills!$X$6:$X$25,0)))) | E26: =IF(AL26="","",IF(INDEX(Bills!$W$6:$W$25,MATCH(AL26,Bills!$X$6:$X$25,0))>0,IFERROR(INDEX(Payments!$E$6:$E$605,MATCH(C26&"|"&(YEAR($AK$2)*100+MONTH($AK$2)),Payments!$AJ$6:$AJ$605,0)),""),INDEX(Bills!$G$6:$G$25,MATCH(AL26,Bills!$X$6:$X$25,0)))) | F26: =IF(AL26="","",IF(INDEX(Bills!$W$6:$W$25,MATCH(AL26,Bills!$X$6:$X$25,0))>0,"Paid",IF(B26<TODAY(),"Late",IF(B26=TODAY(),"Due today",IF(B26-TODAY()<=3,"Due in "&(B26-TODAY())&IF(B26-TODAY()=1," day"," days"),"Coming"))))) | H26: Insurance | I26: =SUMIFS(Payments!$D$6:$D$605,Payments!$O$6:$O$605,H26,Payments!$B$6:$B$605,">="&$AK$2,Payments!$B$6:$B$605,"<="&$AK$3) | AL26: =IFERROR(SMALL(Bills!$X$6:$X$25,6),"")
B27: =IF(AL27="","",INT(AL27)) | C27: =IF(AL27="","",INDEX(Bills!$B$6:$B$25,MATCH(AL27,Bills!$X$6:$X$25,0))) | D27: =IF(AL27="","",IF(INDEX(Bills!$W$6:$W$25,MATCH(AL27,Bills!$X$6:$X$25,0))>0,INDEX(Bills!$W$6:$W$25,MATCH(AL27,Bills!$X$6:$X$25,0)),INDEX(Bills!$D$6:$D$25,MATCH(AL27,Bills!$X$6:$X$25,0)))) | E27: =IF(AL27="","",IF(INDEX(Bills!$W$6:$W$25,MATCH(AL27,Bills!$X$6:$X$25,0))>0,IFERROR(INDEX(Payments!$E$6:$E$605,MATCH(C27&"|"&(YEAR($AK$2)*100+MONTH($AK$2)),Payments!$AJ$6:$AJ$605,0)),""),INDEX(Bills!$G$6:$G$25,MATCH(AL27,Bills!$X$6:$X$25,0)))) | F27: =IF(AL27="","",IF(INDEX(Bills!$W$6:$W$25,MATCH(AL27,Bills!$X$6:$X$25,0))>0,"Paid",IF(B27<TODAY(),"Late",IF(B27=TODAY(),"Due today",IF(B27-TODAY()<=3,"Due in "&(B27-TODAY())&IF(B27-TODAY()=1," day"," days"),"Coming"))))) | H27: Groceries | I27: =SUMIFS(Payments!$D$6:$D$605,Payments!$O$6:$O$605,H27,Payments!$B$6:$B$605,">="&$AK$2,Payments!$B$6:$B$605,"<="&$AK$3) | AL27: =IFERROR(SMALL(Bills!$X$6:$X$25,7),"")
B28: =IF(AL28="","",INT(AL28)) | C28: =IF(AL28="","",INDEX(Bills!$B$6:$B$25,MATCH(AL28,Bills!$X$6:$X$25,0))) | D28: =IF(AL28="","",IF(INDEX(Bills!$W$6:$W$25,MATCH(AL28,Bills!$X$6:$X$25,0))>0,INDEX(Bills!$W$6:$W$25,MATCH(AL28,Bills!$X$6:$X$25,0)),INDEX(Bills!$D$6:$D$25,MATCH(AL28,Bills!$X$6:$X$25,0)))) | E28: =IF(AL28="","",IF(INDEX(Bills!$W$6:$W$25,MATCH(AL28,Bills!$X$6:$X$25,0))>0,IFERROR(INDEX(Payments!$E$6:$E$605,MATCH(C28&"|"&(YEAR($AK$2)*100+MONTH($AK$2)),Payments!$AJ$6:$AJ$605,0)),""),INDEX(Bills!$G$6:$G$25,MATCH(AL28,Bills!$X$6:$X$25,0)))) | F28: =IF(AL28="","",IF(INDEX(Bills!$W$6:$W$25,MATCH(AL28,Bills!$X$6:$X$25,0))>0,"Paid",IF(B28<TODAY(),"Late",IF(B28=TODAY(),"Due today",IF(B28-TODAY()<=3,"Due in "&(B28-TODAY())&IF(B28-TODAY()=1," day"," days"),"Coming"))))) | H28: Household | I28: =SUMIFS(Payments!$D$6:$D$605,Payments!$O$6:$O$605,H28,Payments!$B$6:$B$605,">="&$AK$2,Payments!$B$6:$B$605,"<="&$AK$3) | AL28: =IFERROR(SMALL(Bills!$X$6:$X$25,8),"")
B29: =IF(AL29="","",INT(AL29)) | C29: =IF(AL29="","",INDEX(Bills!$B$6:$B$25,MATCH(AL29,Bills!$X$6:$X$25,0))) | D29: =IF(AL29="","",IF(INDEX(Bills!$W$6:$W$25,MATCH(AL29,Bills!$X$6:$X$25,0))>0,INDEX(Bills!$W$6:$W$25,MATCH(AL29,Bills!$X$6:$X$25,0)),INDEX(Bills!$D$6:$D$25,MATCH(AL29,Bills!$X$6:$X$25,0)))) | E29: =IF(AL29="","",IF(INDEX(Bills!$W$6:$W$25,MATCH(AL29,Bills!$X$6:$X$25,0))>0,IFERROR(INDEX(Payments!$E$6:$E$605,MATCH(C29&"|"&(YEAR($AK$2)*100+MONTH($AK$2)),Payments!$AJ$6:$AJ$605,0)),""),INDEX(Bills!$G$6:$G$25,MATCH(AL29,Bills!$X$6:$X$25,0)))) | F29: =IF(AL29="","",IF(INDEX(Bills!$W$6:$W$25,MATCH(AL29,Bills!$X$6:$X$25,0))>0,"Paid",IF(B29<TODAY(),"Late",IF(B29=TODAY(),"Due today",IF(B29-TODAY()<=3,"Due in "&(B29-TODAY())&IF(B29-TODAY()=1," day"," days"),"Coming"))))) | H29: Other | I29: =SUMIFS(Payments!$D$6:$D$605,Payments!$O$6:$O$605,H29,Payments!$B$6:$B$605,">="&$AK$2,Payments!$B$6:$B$605,"<="&$AK$3) | AL29: =IFERROR(SMALL(Bills!$X$6:$X$25,9),"")
B30: =IF(AL30="","",INT(AL30)) | C30: =IF(AL30="","",INDEX(Bills!$B$6:$B$25,MATCH(AL30,Bills!$X$6:$X$25,0))) | D30: =IF(AL30="","",IF(INDEX(Bills!$W$6:$W$25,MATCH(AL30,Bills!$X$6:$X$25,0))>0,INDEX(Bills!$W$6:$W$25,MATCH(AL30,Bills!$X$6:$X$25,0)),INDEX(Bills!$D$6:$D$25,MATCH(AL30,Bills!$X$6:$X$25,0)))) | E30: =IF(AL30="","",IF(INDEX(Bills!$W$6:$W$25,MATCH(AL30,Bills!$X$6:$X$25,0))>0,IFERROR(INDEX(Payments!$E$6:$E$605,MATCH(C30&"|"&(YEAR($AK$2)*100+MONTH($AK$2)),Payments!$AJ$6:$AJ$605,0)),""),INDEX(Bills!$G$6:$G$25,MATCH(AL30,Bills!$X$6:$X$25,0)))) | F30: =IF(AL30="","",IF(INDEX(Bills!$W$6:$W$25,MATCH(AL30,Bills!$X$6:$X$25,0))>0,"Paid",IF(B30<TODAY(),"Late",IF(B30=TODAY(),"Due today",IF(B30-TODAY()<=3,"Due in "&(B30-TODAY())&IF(B30-TODAY()=1," day"," days"),"Coming"))))) | AL30: =IFERROR(SMALL(Bills!$X$6:$X$25,10),"")
B31: =IF(AL31="","",INT(AL31)) | C31: =IF(AL31="","",INDEX(Bills!$B$6:$B$25,MATCH(AL31,Bills!$X$6:$X$25,0))) | D31: =IF(AL31="","",IF(INDEX(Bills!$W$6:$W$25,MATCH(AL31,Bills!$X$6:$X$25,0))>0,INDEX(Bills!$W$6:$W$25,MATCH(AL31,Bills!$X$6:$X$25,0)),INDEX(Bills!$D$6:$D$25,MATCH(AL31,Bills!$X$6:$X$25,0)))) | E31: =IF(AL31="","",IF(INDEX(Bills!$W$6:$W$25,MATCH(AL31,Bills!$X$6:$X$25,0))>0,IFERROR(INDEX(Payments!$E$6:$E$605,MATCH(C31&"|"&(YEAR($AK$2)*100+MONTH($AK$2)),Payments!$AJ$6:$AJ$605,0)),""),INDEX(Bills!$G$6:$G$25,MATCH(AL31,Bills!$X$6:$X$25,0)))) | F31: =IF(AL31="","",IF(INDEX(Bills!$W$6:$W$25,MATCH(AL31,Bills!$X$6:$X$25,0))>0,"Paid",IF(B31<TODAY(),"Late",IF(B31=TODAY(),"Due today",IF(B31-TODAY()<=3,"Due in "&(B31-TODAY())&IF(B31-TODAY()=1," day"," days"),"Coming"))))) | H31: Paid by: who paid it, or in grey who usually pays it. | AL31: =IFERROR(SMALL(Bills!$X$6:$X$25,11),"")
B32: =IF(AL32="","",INT(AL32)) | C32: =IF(AL32="","",INDEX(Bills!$B$6:$B$25,MATCH(AL32,Bills!$X$6:$X$25,0))) | D32: =IF(AL32="","",IF(INDEX(Bills!$W$6:$W$25,MATCH(AL32,Bills!$X$6:$X$25,0))>0,INDEX(Bills!$W$6:$W$25,MATCH(AL32,Bills!$X$6:$X$25,0)),INDEX(Bills!$D$6:$D$25,MATCH(AL32,Bills!$X$6:$X$25,0)))) | E32: =IF(AL32="","",IF(INDEX(Bills!$W$6:$W$25,MATCH(AL32,Bills!$X$6:$X$25,0))>0,IFERROR(INDEX(Payments!$E$6:$E$605,MATCH(C32&"|"&(YEAR($AK$2)*100+MONTH($AK$2)),Payments!$AJ$6:$AJ$605,0)),""),INDEX(Bills!$G$6:$G$25,MATCH(AL32,Bills!$X$6:$X$25,0)))) | F32: =IF(AL32="","",IF(INDEX(Bills!$W$6:$W$25,MATCH(AL32,Bills!$X$6:$X$25,0))>0,"Paid",IF(B32<TODAY(),"Late",IF(B32=TODAY(),"Due today",IF(B32-TODAY()<=3,"Due in "&(B32-TODAY())&IF(B32-TODAY()=1," day"," days"),"Coming"))))) | AL32: =IFERROR(SMALL(Bills!$X$6:$X$25,12),"")
B33: =IF(COUNT(Bills!$X$6:$X$25)>12,"And "&(COUNT(Bills!$X$6:$X$25)-12)&" more due this month, on the Bills tab.","")
AA60: =IF(B10="",0,E10) | AB60: =ROUND(AA60-IF(1=AA$72,AA$71,0)+IF(1=AA$73,AA$71,0),2) | AC60: =ROUND(AB60-IF(1=AB$72,AB$71,0)+IF(1=AB$73,AB$71,0),2) | AD60: =ROUND(AC60-IF(1=AC$72,AC$71,0)+IF(1=AC$73,AC$71,0),2) | AE60: =ROUND(AD60-IF(1=AD$72,AD$71,0)+IF(1=AD$73,AD$71,0),2) | AF60: =ROUND(AE60-IF(1=AE$72,AE$71,0)+IF(1=AE$73,AE$71,0),2) | AG60: =ROUND(AF60-IF(1=AF$72,AF$71,0)+IF(1=AF$73,AF$71,0),2) | AH60: =ROUND(AG60-IF(1=AG$72,AG$71,0)+IF(1=AG$73,AG$71,0),2)
AA61: =IF(B11="",0,E11) | AB61: =ROUND(AA61-IF(2=AA$72,AA$71,0)+IF(2=AA$73,AA$71,0),2) | AC61: =ROUND(AB61-IF(2=AB$72,AB$71,0)+IF(2=AB$73,AB$71,0),2) | AD61: =ROUND(AC61-IF(2=AC$72,AC$71,0)+IF(2=AC$73,AC$71,0),2) | AE61: =ROUND(AD61-IF(2=AD$72,AD$71,0)+IF(2=AD$73,AD$71,0),2) | AF61: =ROUND(AE61-IF(2=AE$72,AE$71,0)+IF(2=AE$73,AE$71,0),2) | AG61: =ROUND(AF61-IF(2=AF$72,AF$71,0)+IF(2=AF$73,AF$71,0),2) | AH61: =ROUND(AG61-IF(2=AG$72,AG$71,0)+IF(2=AG$73,AG$71,0),2)
AA62: =IF(B12="",0,E12) | AB62: =ROUND(AA62-IF(3=AA$72,AA$71,0)+IF(3=AA$73,AA$71,0),2) | AC62: =ROUND(AB62-IF(3=AB$72,AB$71,0)+IF(3=AB$73,AB$71,0),2) | AD62: =ROUND(AC62-IF(3=AC$72,AC$71,0)+IF(3=AC$73,AC$71,0),2) | AE62: =ROUND(AD62-IF(3=AD$72,AD$71,0)+IF(3=AD$73,AD$71,0),2) | AF62: =ROUND(AE62-IF(3=AE$72,AE$71,0)+IF(3=AE$73,AE$71,0),2) | AG62: =ROUND(AF62-IF(3=AF$72,AF$71,0)+IF(3=AF$73,AF$71,0),2) | AH62: =ROUND(AG62-IF(3=AG$72,AG$71,0)+IF(3=AG$73,AG$71,0),2)
AA63: =IF(B13="",0,E13) | AB63: =ROUND(AA63-IF(4=AA$72,AA$71,0)+IF(4=AA$73,AA$71,0),2) | AC63: =ROUND(AB63-IF(4=AB$72,AB$71,0)+IF(4=AB$73,AB$71,0),2) | AD63: =ROUND(AC63-IF(4=AC$72,AC$71,0)+IF(4=AC$73,AC$71,0),2) | AE63: =ROUND(AD63-IF(4=AD$72,AD$71,0)+IF(4=AD$73,AD$71,0),2) | AF63: =ROUND(AE63-IF(4=AE$72,AE$71,0)+IF(4=AE$73,AE$71,0),2) | AG63: =ROUND(AF63-IF(4=AF$72,AF$71,0)+IF(4=AF$73,AF$71,0),2) | AH63: =ROUND(AG63-IF(4=AG$72,AG$71,0)+IF(4=AG$73,AG$71,0),2)
AA64: =IF(B14="",0,E14) | AB64: =ROUND(AA64-IF(5=AA$72,AA$71,0)+IF(5=AA$73,AA$71,0),2) | AC64: =ROUND(AB64-IF(5=AB$72,AB$71,0)+IF(5=AB$73,AB$71,0),2) | AD64: =ROUND(AC64-IF(5=AC$72,AC$71,0)+IF(5=AC$73,AC$71,0),2) | AE64: =ROUND(AD64-IF(5=AD$72,AD$71,0)+IF(5=AD$73,AD$71,0),2) | AF64: =ROUND(AE64-IF(5=AE$72,AE$71,0)+IF(5=AE$73,AE$71,0),2) | AG64: =ROUND(AF64-IF(5=AF$72,AF$71,0)+IF(5=AF$73,AF$71,0),2) | AH64: =ROUND(AG64-IF(5=AG$72,AG$71,0)+IF(5=AG$73,AG$71,0),2)
AA65: =IF(B15="",0,E15) | AB65: =ROUND(AA65-IF(6=AA$72,AA$71,0)+IF(6=AA$73,AA$71,0),2) | AC65: =ROUND(AB65-IF(6=AB$72,AB$71,0)+IF(6=AB$73,AB$71,0),2) | AD65: =ROUND(AC65-IF(6=AC$72,AC$71,0)+IF(6=AC$73,AC$71,0),2) | AE65: =ROUND(AD65-IF(6=AD$72,AD$71,0)+IF(6=AD$73,AD$71,0),2) | AF65: =ROUND(AE65-IF(6=AE$72,AE$71,0)+IF(6=AE$73,AE$71,0),2) | AG65: =ROUND(AF65-IF(6=AF$72,AF$71,0)+IF(6=AF$73,AF$71,0),2) | AH65: =ROUND(AG65-IF(6=AG$72,AG$71,0)+IF(6=AG$73,AG$71,0),2)
AA66: =IF(B16="",0,E16) | AB66: =ROUND(AA66-IF(7=AA$72,AA$71,0)+IF(7=AA$73,AA$71,0),2) | AC66: =ROUND(AB66-IF(7=AB$72,AB$71,0)+IF(7=AB$73,AB$71,0),2) | AD66: =ROUND(AC66-IF(7=AC$72,AC$71,0)+IF(7=AC$73,AC$71,0),2) | AE66: =ROUND(AD66-IF(7=AD$72,AD$71,0)+IF(7=AD$73,AD$71,0),2) | AF66: =ROUND(AE66-IF(7=AE$72,AE$71,0)+IF(7=AE$73,AE$71,0),2) | AG66: =ROUND(AF66-IF(7=AF$72,AF$71,0)+IF(7=AF$73,AF$71,0),2) | AH66: =ROUND(AG66-IF(7=AG$72,AG$71,0)+IF(7=AG$73,AG$71,0),2)
AA67: =IF(B17="",0,E17) | AB67: =ROUND(AA67-IF(8=AA$72,AA$71,0)+IF(8=AA$73,AA$71,0),2) | AC67: =ROUND(AB67-IF(8=AB$72,AB$71,0)+IF(8=AB$73,AB$71,0),2) | AD67: =ROUND(AC67-IF(8=AC$72,AC$71,0)+IF(8=AC$73,AC$71,0),2) | AE67: =ROUND(AD67-IF(8=AD$72,AD$71,0)+IF(8=AD$73,AD$71,0),2) | AF67: =ROUND(AE67-IF(8=AE$72,AE$71,0)+IF(8=AE$73,AE$71,0),2) | AG67: =ROUND(AF67-IF(8=AF$72,AF$71,0)+IF(8=AF$73,AF$71,0),2) | AH67: =ROUND(AG67-IF(8=AG$72,AG$71,0)+IF(8=AG$73,AG$71,0),2)
AA69: =MAX(AA$60:AA$67) | AB69: =MAX(AB$60:AB$67) | AC69: =MAX(AC$60:AC$67) | AD69: =MAX(AD$60:AD$67) | AE69: =MAX(AE$60:AE$67) | AF69: =MAX(AF$60:AF$67) | AG69: =MAX(AG$60:AG$67)
AA70: =MIN(AA$60:AA$67) | AB70: =MIN(AB$60:AB$67) | AC70: =MIN(AC$60:AC$67) | AD70: =MIN(AD$60:AD$67) | AE70: =MIN(AE$60:AE$67) | AF70: =MIN(AF$60:AF$67) | AG70: =MIN(AG$60:AG$67)
AA71: =ROUND(MIN(AA69,-AA70),2) | AB71: =ROUND(MIN(AB69,-AB70),2) | AC71: =ROUND(MIN(AC69,-AC70),2) | AD71: =ROUND(MIN(AD69,-AD70),2) | AE71: =ROUND(MIN(AE69,-AE70),2) | AF71: =ROUND(MIN(AF69,-AF70),2) | AG71: =ROUND(MIN(AG69,-AG70),2)
AA72: =MATCH(AA69,AA$60:AA$67,0) | AB72: =MATCH(AB69,AB$60:AB$67,0) | AC72: =MATCH(AC69,AC$60:AC$67,0) | AD72: =MATCH(AD69,AD$60:AD$67,0) | AE72: =MATCH(AE69,AE$60:AE$67,0) | AF72: =MATCH(AF69,AF$60:AF$67,0) | AG72: =MATCH(AG69,AG$60:AG$67,0)
AA73: =MATCH(AA70,AA$60:AA$67,0) | AB73: =MATCH(AB70,AB$60:AB$67,0) | AC73: =MATCH(AC70,AC$60:AC$67,0) | AD73: =MATCH(AD70,AD$60:AD$67,0) | AE73: =MATCH(AE70,AE$60:AE$67,0) | AF73: =MATCH(AF70,AF$60:AF$67,0) | AG73: =MATCH(AG70,AG$60:AG$67,0)

Sheet Payments
B2: Payments
B3: One line per bill paid or shared buy. Leave the shares empty to use the bill's split. Put an x under the people who share it, or a number for more or less than one share.
B5: Date | C5: Bill or what | D5: Amount | E5: Paid by | F5: =IF(Housemates!$B$8="","",Housemates!$B$8) | G5: =IF(Housemates!$B$9="","",Housemates!$B$9) | H5: =IF(Housemates!$B$10="","",Housemates!$B$10) | I5: =IF(Housemates!$B$11="","",Housemates!$B$11) | J5: =IF(Housemates!$B$12="","",Housemates!$B$12) | K5: =IF(Housemates!$B$13="","",Housemates!$B$13) | L5: =IF(Housemates!$B$14="","",Housemates!$B$14) | M5: =IF(Housemates!$B$15="","",Housemates!$B$15) | N5: Split | O5: Category
B6: 46023 | C6: Rent | D6: 2400 | E6: Maya | N6: =IF(D6="","",IF(B6="","No date",IF(AND(C6="Paying back",R6=0),"To whom?",IF(AA6=0,"Nobody",IF(C6="Paying back","To "&INDEX(Housemates!$B$8:$B$15,MATCH(MAX(S6:Z6),S6:Z6,0)),IF(R6>0,IF(COUNTIF(S6:Z6,">0")=1,"1 person",COUNTIF(S6:Z6,">0")&" people"),IF(Q6=0,"Everyone",INDEX(Bills!$Q$6:$Q$25,Q6)))))))) | O6: =IF(D6="","",IF(C6="Paying back","Paying back",IF(Q6=0,"Other",IF(INDEX(Bills!$C$6:$C$25,Q6)="","Other",INDEX(Bills!$C$6:$C$25,Q6))))) | Q6: =IF(C6="",0,IFERROR(MATCH(C6,Bills!$B$6:$B$25,0),0)) | R6: =COUNTA(F6:M6) | S6: =IF(OR($D6="",$B6="",Housemates!$B$8=""),0,IF($R6>0,IF(F6="",0,IF(ISNUMBER(F6),F6,1)),IF($C6="Paying back",0,IF(AND(OR(Housemates!$C$8="",Housemates!$C$8<=$B6),OR(Housemates!$D$8="",Housemates!$D$8>=$B6)),IF($Q6=0,1,INDEX(Bills!$AA$6:$AA$25,$Q6)),0)))) | T6: =IF(OR($D6="",$B6="",Housemates!$B$9=""),0,IF($R6>0,IF(G6="",0,IF(ISNUMBER(G6),G6,1)),IF($C6="Paying back",0,IF(AND(OR(Housemates!$C$9="",Housemates!$C$9<=$B6),OR(Housemates!$D$9="",Housemates!$D$9>=$B6)),IF($Q6=0,1,INDEX(Bills!$AB$6:$AB$25,$Q6)),0)))) | U6: =IF(OR($D6="",$B6="",Housemates!$B$10=""),0,IF($R6>0,IF(H6="",0,IF(ISNUMBER(H6),H6,1)),IF($C6="Paying back",0,IF(AND(OR(Housemates!$C$10="",Housemates!$C$10<=$B6),OR(Housemates!$D$10="",Housemates!$D$10>=$B6)),IF($Q6=0,1,INDEX(Bills!$AC$6:$AC$25,$Q6)),0)))) | V6: =IF(OR($D6="",$B6="",Housemates!$B$11=""),0,IF($R6>0,IF(I6="",0,IF(ISNUMBER(I6),I6,1)),IF($C6="Paying back",0,IF(AND(OR(Housemates!$C$11="",Housemates!$C$11<=$B6),OR(Housemates!$D$11="",Housemates!$D$11>=$B6)),IF($Q6=0,1,INDEX(Bills!$AD$6:$AD$25,$Q6)),0)))) | W6: =IF(OR($D6="",$B6="",Housemates!$B$12=""),0,IF($R6>0,IF(J6="",0,IF(ISNUMBER(J6),J6,1)),IF($C6="Paying back",0,IF(AND(OR(Housemates!$C$12="",Housemates!$C$12<=$B6),OR(Housemates!$D$12="",Housemates!$D$12>=$B6)),IF($Q6=0,1,INDEX(Bills!$AE$6:$AE$25,$Q6)),0)))) | X6: =IF(OR($D6="",$B6="",Housemates!$B$13=""),0,IF($R6>0,IF(K6="",0,IF(ISNUMBER(K6),K6,1)),IF($C6="Paying back",0,IF(AND(OR(Housemates!$C$13="",Housemates!$C$13<=$B6),OR(Housemates!$D$13="",Housemates!$D$13>=$B6)),IF($Q6=0,1,INDEX(Bills!$AF$6:$AF$25,$Q6)),0)))) | Y6: =IF(OR($D6="",$B6="",Housemates!$B$14=""),0,IF($R6>0,IF(L6="",0,IF(ISNUMBER(L6),L6,1)),IF($C6="Paying back",0,IF(AND(OR(Housemates!$C$14="",Housemates!$C$14<=$B6),OR(Housemates!$D$14="",Housemates!$D$14>=$B6)),IF($Q6=0,1,INDEX(Bills!$AG$6:$AG$25,$Q6)),0)))) | Z6: =IF(OR($D6="",$B6="",Housemates!$B$15=""),0,IF($R6>0,IF(M6="",0,IF(ISNUMBER(M6),M6,1)),IF($C6="Paying back",0,IF(AND(OR(Housemates!$C$15="",Housemates!$C$15<=$B6),OR(Housemates!$D$15="",Housemates!$D$15>=$B6)),IF($Q6=0,1,INDEX(Bills!$AH$6:$AH$25,$Q6)),0)))) | AA6: =SUM(S6:Z6) | AB6: =IF(AA6=0,0,D6*S6/AA6) | AC6: =IF(AA6=0,0,D6*T6/AA6) | AD6: =IF(AA6=0,0,D6*U6/AA6) | AE6: =IF(AA6=0,0,D6*V6/AA6) | AF6: =IF(AA6=0,0,D6*W6/AA6) | AG6: =IF(AA6=0,0,D6*X6/AA6) | AH6: =IF(AA6=0,0,D6*Y6/AA6) | AI6: =IF(AA6=0,0,D6*Z6/AA6) | AJ6: =IF(OR(C6="",B6=""),"",C6&"|"&(YEAR(B6)*100+MONTH(B6)))
B7: 46023 | C7: Groceries | D7: 50.88 | E7: Tom | N7: =IF(D7="","",IF(B7="","No date",IF(AND(C7="Paying back",R7=0),"To whom?",IF(AA7=0,"Nobody",IF(C7="Paying back","To "&INDEX(Housemates!$B$8:$B$15,MATCH(MAX(S7:Z7),S7:Z7,0)),IF(R7>0,IF(COUNTIF(S7:Z7,">0")=1,"1 person",COUNTIF(S7:Z7,">0")&" people"),IF(Q7=0,"Everyone",INDEX(Bills!$Q$6:$Q$25,Q7)))))))) | O7: =IF(D7="","",IF(C7="Paying back","Paying back",IF(Q7=0,"Other",IF(INDEX(Bills!$C$6:$C$25,Q7)="","Other",INDEX(Bills!$C$6:$C$25,Q7))))) | Q7: =IF(C7="",0,IFERROR(MATCH(C7,Bills!$B$6:$B$25,0),0)) | R7: =COUNTA(F7:M7) | S7: =IF(OR($D7="",$B7="",Housemates!$B$8=""),0,IF($R7>0,IF(F7="",0,IF(ISNUMBER(F7),F7,1)),IF($C7="Paying back",0,IF(AND(OR(Housemates!$C$8="",Housemates!$C$8<=$B7),OR(Housemates!$D$8="",Housemates!$D$8>=$B7)),IF($Q7=0,1,INDEX(Bills!$AA$6:$AA$25,$Q7)),0)))) | T7: =IF(OR($D7="",$B7="",Housemates!$B$9=""),0,IF($R7>0,IF(G7="",0,IF(ISNUMBER(G7),G7,1)),IF($C7="Paying back",0,IF(AND(OR(Housemates!$C$9="",Housemates!$C$9<=$B7),OR(Housemates!$D$9="",Housemates!$D$9>=$B7)),IF($Q7=0,1,INDEX(Bills!$AB$6:$AB$25,$Q7)),0)))) | U7: =IF(OR($D7="",$B7="",Housemates!$B$10=""),0,IF($R7>0,IF(H7="",0,IF(ISNUMBER(H7),H7,1)),IF($C7="Paying back",0,IF(AND(OR(Housemates!$C$10="",Housemates!$C$10<=$B7),OR(Housemates!$D$10="",Housemates!$D$10>=$B7)),IF($Q7=0,1,INDEX(Bills!$AC$6:$AC$25,$Q7)),0)))) | V7: =IF(OR($D7="",$B7="",Housemates!$B$11=""),0,IF($R7>0,IF(I7="",0,IF(ISNUMBER(I7),I7,1)),IF($C7="Paying back",0,IF(AND(OR(Housemates!$C$11="",Housemates!$C$11<=$B7),OR(Housemates!$D$11="",Housemates!$D$11>=$B7)),IF($Q7=0,1,INDEX(Bills!$AD$6:$AD$25,$Q7)),0)))) | W7: =IF(OR($D7="",$B7="",Housemates!$B$12=""),0,IF($R7>0,IF(J7="",0,IF(ISNUMBER(J7),J7,1)),IF($C7="Paying back",0,IF(AND(OR(Housemates!$C$12="",Housemates!$C$12<=$B7),OR(Housemates!$D$12="",Housemates!$D$12>=$B7)),IF($Q7=0,1,INDEX(Bills!$AE$6:$AE$25,$Q7)),0)))) | X7: =IF(OR($D7="",$B7="",Housemates!$B$13=""),0,IF($R7>0,IF(K7="",0,IF(ISNUMBER(K7),K7,1)),IF($C7="Paying back",0,IF(AND(OR(Housemates!$C$13="",Housemates!$C$13<=$B7),OR(Housemates!$D$13="",Housemates!$D$13>=$B7)),IF($Q7=0,1,INDEX(Bills!$AF$6:$AF$25,$Q7)),0)))) | Y7: =IF(OR($D7="",$B7="",Housemates!$B$14=""),0,IF($R7>0,IF(L7="",0,IF(ISNUMBER(L7),L7,1)),IF($C7="Paying back",0,IF(AND(OR(Housemates!$C$14="",Housemates!$C$14<=$B7),OR(Housemates!$D$14="",Housemates!$D$14>=$B7)),IF($Q7=0,1,INDEX(Bills!$AG$6:$AG$25,$Q7)),0)))) | Z7: =IF(OR($D7="",$B7="",Housemates!$B$15=""),0,IF($R7>0,IF(M7="",0,IF(ISNUMBER(M7),M7,1)),IF($C7="Paying back",0,IF(AND(OR(Housemates!$C$15="",Housemates!$C$15<=$B7),OR(Housemates!$D$15="",Housemates!$D$15>=$B7)),IF($Q7=0,1,INDEX(Bills!$AH$6:$AH$25,$Q7)),0)))) | AA7: =SUM(S7:Z7) | AB7: =IF(AA7=0,0,D7*S7/AA7) | AC7: =IF(AA7=0,0,D7*T7/AA7) | AD7: =IF(AA7=0,0,D7*U7/AA7) | AE7: =IF(AA7=0,0,D7*V7/AA7) | AF7: =IF(AA7=0,0,D7*W7/AA7) | AG7: =IF(AA7=0,0,D7*X7/AA7) | AH7: =IF(AA7=0,0,D7*Y7/AA7) | AI7: =IF(AA7=0,0,D7*Z7/AA7) | AJ7: =IF(OR(C7="",B7=""),"",C7&"|"&(YEAR(B7)*100+MONTH(B7)))
B8: 46025 | C8: Internet | D8: 45 | E8: Leo | N8: =IF(D8="","",IF(B8="","No date",IF(AND(C8="Paying back",R8=0),"To whom?",IF(AA8=0,"Nobody",IF(C8="Paying back","To "&INDEX(Housemates!$B$8:$B$15,MATCH(MAX(S8:Z8),S8:Z8,0)),IF(R8>0,IF(COUNTIF(S8:Z8,">0")=1,"1 person",COUNTIF(S8:Z8,">0")&" people"),IF(Q8=0,"Everyone",INDEX(Bills!$Q$6:$Q$25,Q8)))))))) | O8: =IF(D8="","",IF(C8="Paying back","Paying back",IF(Q8=0,"Other",IF(INDEX(Bills!$C$6:$C$25,Q8)="","Other",INDEX(Bills!$C$6:$C$25,Q8))))) | Q8: =IF(C8="",0,IFERROR(MATCH(C8,Bills!$B$6:$B$25,0),0)) | R8: =COUNTA(F8:M8) | S8: =IF(OR($D8="",$B8="",Housemates!$B$8=""),0,IF($R8>0,IF(F8="",0,IF(ISNUMBER(F8),F8,1)),IF($C8="Paying back",0,IF(AND(OR(Housemates!$C$8="",Housemates!$C$8<=$B8),OR(Housemates!$D$8="",Housemates!$D$8>=$B8)),IF($Q8=0,1,INDEX(Bills!$AA$6:$AA$25,$Q8)),0)))) | T8: =IF(OR($D8="",$B8="",Housemates!$B$9=""),0,IF($R8>0,IF(G8="",0,IF(ISNUMBER(G8),G8,1)),IF($C8="Paying back",0,IF(AND(OR(Housemates!$C$9="",Housemates!$C$9<=$B8),OR(Housemates!$D$9="",Housemates!$D$9>=$B8)),IF($Q8=0,1,INDEX(Bills!$AB$6:$AB$25,$Q8)),0)))) | U8: =IF(OR($D8="",$B8="",Housemates!$B$10=""),0,IF($R8>0,IF(H8="",0,IF(ISNUMBER(H8),H8,1)),IF($C8="Paying back",0,IF(AND(OR(Housemates!$C$10="",Housemates!$C$10<=$B8),OR(Housemates!$D$10="",Housemates!$D$10>=$B8)),IF($Q8=0,1,INDEX(Bills!$AC$6:$AC$25,$Q8)),0)))) | V8: =IF(OR($D8="",$B8="",Housemates!$B$11=""),0,IF($R8>0,IF(I8="",0,IF(ISNUMBER(I8),I8,1)),IF($C8="Paying back",0,IF(AND(OR(Housemates!$C$11="",Housemates!$C$11<=$B8),OR(Housemates!$D$11="",Housemates!$D$11>=$B8)),IF($Q8=0,1,INDEX(Bills!$AD$6:$AD$25,$Q8)),0)))) | W8: =IF(OR($D8="",$B8="",Housemates!$B$12=""),0,IF($R8>0,IF(J8="",0,IF(ISNUMBER(J8),J8,1)),IF($C8="Paying back",0,IF(AND(OR(Housemates!$C$12="",Housemates!$C$12<=$B8),OR(Housemates!$D$12="",Housemates!$D$12>=$B8)),IF($Q8=0,1,INDEX(Bills!$AE$6:$AE$25,$Q8)),0)))) | X8: =IF(OR($D8="",$B8="",Housemates!$B$13=""),0,IF($R8>0,IF(K8="",0,IF(ISNUMBER(K8),K8,1)),IF($C8="Paying back",0,IF(AND(OR(Housemates!$C$13="",Housemates!$C$13<=$B8),OR(Housemates!$D$13="",Housemates!$D$13>=$B8)),IF($Q8=0,1,INDEX(Bills!$AF$6:$AF$25,$Q8)),0)))) | Y8: =IF(OR($D8="",$B8="",Housemates!$B$14=""),0,IF($R8>0,IF(L8="",0,IF(ISNUMBER(L8),L8,1)),IF($C8="Paying back",0,IF(AND(OR(Housemates!$C$14="",Housemates!$C$14<=$B8),OR(Housemates!$D$14="",Housemates!$D$14>=$B8)),IF($Q8=0,1,INDEX(Bills!$AG$6:$AG$25,$Q8)),0)))) | Z8: =IF(OR($D8="",$B8="",Housemates!$B$15=""),0,IF($R8>0,IF(M8="",0,IF(ISNUMBER(M8),M8,1)),IF($C8="Paying back",0,IF(AND(OR(Housemates!$C$15="",Housemates!$C$15<=$B8),OR(Housemates!$D$15="",Housemates!$D$15>=$B8)),IF($Q8=0,1,INDEX(Bills!$AH$6:$AH$25,$Q8)),0)))) | AA8: =SUM(S8:Z8) | AB8: =IF(AA8=0,0,D8*S8/AA8) | AC8: =IF(AA8=0,0,D8*T8/AA8) | AD8: =IF(AA8=0,0,D8*U8/AA8) | AE8: =IF(AA8=0,0,D8*V8/AA8) | AF8: =IF(AA8=0,0,D8*W8/AA8) | AG8: =IF(AA8=0,0,D8*X8/AA8) | AH8: =IF(AA8=0,0,D8*Y8/AA8) | AI8: =IF(AA8=0,0,D8*Z8/AA8) | AJ8: =IF(OR(C8="",B8=""),"",C8&"|"&(YEAR(B8)*100+MONTH(B8)))
B9: 46030 | C9: Water | D9: 74.52 | E9: Maya | N9: =IF(D9="","",IF(B9="","No date",IF(AND(C9="Paying back",R9=0),"To whom?",IF(AA9=0,"Nobody",IF(C9="Paying back","To "&INDEX(Housemates!$B$8:$B$15,MATCH(MAX(S9:Z9),S9:Z9,0)),IF(R9>0,IF(COUNTIF(S9:Z9,">0")=1,"1 person",COUNTIF(S9:Z9,">0")&" people"),IF(Q9=0,"Everyone",INDEX(Bills!$Q$6:$Q$25,Q9)))))))) | O9: =IF(D9="","",IF(C9="Paying back","Paying back",IF(Q9=0,"Other",IF(INDEX(Bills!$C$6:$C$25,Q9)="","Other",INDEX(Bills!$C$6:$C$25,Q9))))) | Q9: =IF(C9="",0,IFERROR(MATCH(C9,Bills!$B$6:$B$25,0),0)) | R9: =COUNTA(F9:M9) | S9: =IF(OR($D9="",$B9="",Housemates!$B$8=""),0,IF($R9>0,IF(F9="",0,IF(ISNUMBER(F9),F9,1)),IF($C9="Paying back",0,IF(AND(OR(Housemates!$C$8="",Housemates!$C$8<=$B9),OR(Housemates!$D$8="",Housemates!$D$8>=$B9)),IF($Q9=0,1,INDEX(Bills!$AA$6:$AA$25,$Q9)),0)))) | T9: =IF(OR($D9="",$B9="",Housemates!$B$9=""),0,IF($R9>0,IF(G9="",0,IF(ISNUMBER(G9),G9,1)),IF($C9="Paying back",0,IF(AND(OR(Housemates!$C$9="",Housemates!$C$9<=$B9),OR(Housemates!$D$9="",Housemates!$D$9>=$B9)),IF($Q9=0,1,INDEX(Bills!$AB$6:$AB$25,$Q9)),0)))) | U9: =IF(OR($D9="",$B9="",Housemates!$B$10=""),0,IF($R9>0,IF(H9="",0,IF(ISNUMBER(H9),H9,1)),IF($C9="Paying back",0,IF(AND(OR(Housemates!$C$10="",Housemates!$C$10<=$B9),OR(Housemates!$D$10="",Housemates!$D$10>=$B9)),IF($Q9=0,1,INDEX(Bills!$AC$6:$AC$25,$Q9)),0)))) | V9: =IF(OR($D9="",$B9="",Housemates!$B$11=""),0,IF($R9>0,IF(I9="",0,IF(ISNUMBER(I9),I9,1)),IF($C9="Paying back",0,IF(AND(OR(Housemates!$C$11="",Housemates!$C$11<=$B9),OR(Housemates!$D$11="",Housemates!$D$11>=$B9)),IF($Q9=0,1,INDEX(Bills!$AD$6:$AD$25,$Q9)),0)))) | W9: =IF(OR($D9="",$B9="",Housemates!$B$12=""),0,IF($R9>0,IF(J9="",0,IF(ISNUMBER(J9),J9,1)),IF($C9="Paying back",0,IF(AND(OR(Housemates!$C$12="",Housemates!$C$12<=$B9),OR(Housemates!$D$12="",Housemates!$D$12>=$B9)),IF($Q9=0,1,INDEX(Bills!$AE$6:$AE$25,$Q9)),0)))) | X9: =IF(OR($D9="",$B9="",Housemates!$B$13=""),0,IF($R9>0,IF(K9="",0,IF(ISNUMBER(K9),K9,1)),IF($C9="Paying back",0,IF(AND(OR(Housemates!$C$13="",Housemates!$C$13<=$B9),OR(Housemates!$D$13="",Housemates!$D$13>=$B9)),IF($Q9=0,1,INDEX(Bills!$AF$6:$AF$25,$Q9)),0)))) | Y9: =IF(OR($D9="",$B9="",Housemates!$B$14=""),0,IF($R9>0,IF(L9="",0,IF(ISNUMBER(L9),L9,1)),IF($C9="Paying back",0,IF(AND(OR(Housemates!$C$14="",Housemates!$C$14<=$B9),OR(Housemates!$D$14="",Housemates!$D$14>=$B9)),IF($Q9=0,1,INDEX(Bills!$AG$6:$AG$25,$Q9)),0)))) | Z9: =IF(OR($D9="",$B9="",Housemates!$B$15=""),0,IF($R9>0,IF(M9="",0,IF(ISNUMBER(M9),M9,1)),IF($C9="Paying back",0,IF(AND(OR(Housemates!$C$15="",Housemates!$C$15<=$B9),OR(Housemates!$D$15="",Housemates!$D$15>=$B9)),IF($Q9=0,1,INDEX(Bills!$AH$6:$AH$25,$Q9)),0)))) | AA9: =SUM(S9:Z9) | AB9: =IF(AA9=0,0,D9*S9/AA9) | AC9: =IF(AA9=0,0,D9*T9/AA9) | AD9: =IF(AA9=0,0,D9*U9/AA9) | AE9: =IF(AA9=0,0,D9*V9/AA9) | AF9: =IF(AA9=0,0,D9*W9/AA9) | AG9: =IF(AA9=0,0,D9*X9/AA9) | AH9: =IF(AA9=0,0,D9*Y9/AA9) | AI9: =IF(AA9=0,0,D9*Z9/AA9) | AJ9: =IF(OR(C9="",B9=""),"",C9&"|"&(YEAR(B9)*100+MONTH(B9)))
B10: 46037 | C10: Electricity | D10: 137.04 | E10: Leo | N10: =IF(D10="","",IF(B10="","No date",IF(AND(C10="Paying back",R10=0),"To whom?",IF(AA10=0,"Nobody",IF(C10="Paying back","To "&INDEX(Housemates!$B$8:$B$15,MATCH(MAX(S10:Z10),S10:Z10,0)),IF(R10>0,IF(COUNTIF(S10:Z10,">0")=1,"1 person",COUNTIF(S10:Z10,">0")&" people"),IF(Q10=0,"Everyone",INDEX(Bills!$Q$6:$Q$25,Q10)))))))) | O10: =IF(D10="","",IF(C10="Paying back","Paying back",IF(Q10=0,"Other",IF(INDEX(Bills!$C$6:$C$25,Q10)="","Other",INDEX(Bills!$C$6:$C$25,Q10))))) | Q10: =IF(C10="",0,IFERROR(MATCH(C10,Bills!$B$6:$B$25,0),0)) | R10: =COUNTA(F10:M10) | S10: =IF(OR($D10="",$B10="",Housemates!$B$8=""),0,IF($R10>0,IF(F10="",0,IF(ISNUMBER(F10),F10,1)),IF($C10="Paying back",0,IF(AND(OR(Housemates!$C$8="",Housemates!$C$8<=$B10),OR(Housemates!$D$8="",Housemates!$D$8>=$B10)),IF($Q10=0,1,INDEX(Bills!$AA$6:$AA$25,$Q10)),0)))) | T10: =IF(OR($D10="",$B10="",Housemates!$B$9=""),0,IF($R10>0,IF(G10="",0,IF(ISNUMBER(G10),G10,1)),IF($C10="Paying back",0,IF(AND(OR(Housemates!$C$9="",Housemates!$C$9<=$B10),OR(Housemates!$D$9="",Housemates!$D$9>=$B10)),IF($Q10=0,1,INDEX(Bills!$AB$6:$AB$25,$Q10)),0)))) | U10: =IF(OR($D10="",$B10="",Housemates!$B$10=""),0,IF($R10>0,IF(H10="",0,IF(ISNUMBER(H10),H10,1)),IF($C10="Paying back",0,IF(AND(OR(Housemates!$C$10="",Housemates!$C$10<=$B10),OR(Housemates!$D$10="",Housemates!$D$10>=$B10)),IF($Q10=0,1,INDEX(Bills!$AC$6:$AC$25,$Q10)),0)))) | V10: =IF(OR($D10="",$B10="",Housemates!$B$11=""),0,IF($R10>0,IF(I10="",0,IF(ISNUMBER(I10),I10,1)),IF($C10="Paying back",0,IF(AND(OR(Housemates!$C$11="",Housemates!$C$11<=$B10),OR(Housemates!$D$11="",Housemates!$D$11>=$B10)),IF($Q10=0,1,INDEX(Bills!$AD$6:$AD$25,$Q10)),0)))) | W10: =IF(OR($D10="",$B10="",Housemates!$B$12=""),0,IF($R10>0,IF(J10="",0,IF(ISNUMBER(J10),J10,1)),IF($C10="Paying back",0,IF(AND(OR(Housemates!$C$12="",Housemates!$C$12<=$B10),OR(Housemates!$D$12="",Housemates!$D$12>=$B10)),IF($Q10=0,1,INDEX(Bills!$AE$6:$AE$25,$Q10)),0)))) | X10: =IF(OR($D10="",$B10="",Housemates!$B$13=""),0,IF($R10>0,IF(K10="",0,IF(ISNUMBER(K10),K10,1)),IF($C10="Paying back",0,IF(AND(OR(Housemates!$C$13="",Housemates!$C$13<=$B10),OR(Housemates!$D$13="",Housemates!$D$13>=$B10)),IF($Q10=0,1,INDEX(Bills!$AF$6:$AF$25,$Q10)),0)))) | Y10: =IF(OR($D10="",$B10="",Housemates!$B$14=""),0,IF($R10>0,IF(L10="",0,IF(ISNUMBER(L10),L10,1)),IF($C10="Paying back",0,IF(AND(OR(Housemates!$C$14="",Housemates!$C$14<=$B10),OR(Housemates!$D$14="",Housemates!$D$14>=$B10)),IF($Q10=0,1,INDEX(Bills!$AG$6:$AG$25,$Q10)),0)))) | Z10: =IF(OR($D10="",$B10="",Housemates!$B$15=""),0,IF($R10>0,IF(M10="",0,IF(ISNUMBER(M10),M10,1)),IF($C10="Paying back",0,IF(AND(OR(Housemates!$C$15="",Housemates!$C$15<=$B10),OR(Housemates!$D$15="",Housemates!$D$15>=$B10)),IF($Q10=0,1,INDEX(Bills!$AH$6:$AH$25,$Q10)),0)))) | AA10: =SUM(S10:Z10) | AB10: =IF(AA10=0,0,D10*S10/AA10) | AC10: =IF(AA10=0,0,D10*T10/AA10) | AD10: =IF(AA10=0,0,D10*U10/AA10) | AE10: =IF(AA10=0,0,D10*V10/AA10) | AF10: =IF(AA10=0,0,D10*W10/AA10) | AG10: =IF(AA10=0,0,D10*X10/AA10) | AH10: =IF(AA10=0,0,D10*Y10/AA10) | AI10: =IF(AA10=0,0,D10*Z10/AA10) | AJ10: =IF(OR(C10="",B10=""),"",C10&"|"&(YEAR(B10)*100+MONTH(B10)))
B11: 46043 | C11: Streaming | D11: 15.96 | E11: Priya | N11: =IF(D11="","",IF(B11="","No date",IF(AND(C11="Paying back",R11=0),"To whom?",IF(AA11=0,"Nobody",IF(C11="Paying back","To "&INDEX(Housemates!$B$8:$B$15,MATCH(MAX(S11:Z11),S11:Z11,0)),IF(R11>0,IF(COUNTIF(S11:Z11,">0")=1,"1 person",COUNTIF(S11:Z11,">0")&" people"),IF(Q11=0,"Everyone",INDEX(Bills!$Q$6:$Q$25,Q11)))))))) | O11: =IF(D11="","",IF(C11="Paying back","Paying back",IF(Q11=0,"Other",IF(INDEX(Bills!$C$6:$C$25,Q11)="","Other",INDEX(Bills!$C$6:$C$25,Q11))))) | Q11: =IF(C11="",0,IFERROR(MATCH(C11,Bills!$B$6:$B$25,0),0)) | R11: =COUNTA(F11:M11) | S11: =IF(OR($D11="",$B11="",Housemates!$B$8=""),0,IF($R11>0,IF(F11="",0,IF(ISNUMBER(F11),F11,1)),IF($C11="Paying back",0,IF(AND(OR(Housemates!$C$8="",Housemates!$C$8<=$B11),OR(Housemates!$D$8="",Housemates!$D$8>=$B11)),IF($Q11=0,1,INDEX(Bills!$AA$6:$AA$25,$Q11)),0)))) | T11: =IF(OR($D11="",$B11="",Housemates!$B$9=""),0,IF($R11>0,IF(G11="",0,IF(ISNUMBER(G11),G11,1)),IF($C11="Paying back",0,IF(AND(OR(Housemates!$C$9="",Housemates!$C$9<=$B11),OR(Housemates!$D$9="",Housemates!$D$9>=$B11)),IF($Q11=0,1,INDEX(Bills!$AB$6:$AB$25,$Q11)),0)))) | U11: =IF(OR($D11="",$B11="",Housemates!$B$10=""),0,IF($R11>0,IF(H11="",0,IF(ISNUMBER(H11),H11,1)),IF($C11="Paying back",0,IF(AND(OR(Housemates!$C$10="",Housemates!$C$10<=$B11),OR(Housemates!$D$10="",Housemates!$D$10>=$B11)),IF($Q11=0,1,INDEX(Bills!$AC$6:$AC$25,$Q11)),0)))) | V11: =IF(OR($D11="",$B11="",Housemates!$B$11=""),0,IF($R11>0,IF(I11="",0,IF(ISNUMBER(I11),I11,1)),IF($C11="Paying back",0,IF(AND(OR(Housemates!$C$11="",Housemates!$C$11<=$B11),OR(Housemates!$D$11="",Housemates!$D$11>=$B11)),IF($Q11=0,1,INDEX(Bills!$AD$6:$AD$25,$Q11)),0)))) | W11: =IF(OR($D11="",$B11="",Housemates!$B$12=""),0,IF($R11>0,IF(J11="",0,IF(ISNUMBER(J11),J11,1)),IF($C11="Paying back",0,IF(AND(OR(Housemates!$C$12="",Housemates!$C$12<=$B11),OR(Housemates!$D$12="",Housemates!$D$12>=$B11)),IF($Q11=0,1,INDEX(Bills!$AE$6:$AE$25,$Q11)),0)))) | X11: =IF(OR($D11="",$B11="",Housemates!$B$13=""),0,IF($R11>0,IF(K11="",0,IF(ISNUMBER(K11),K11,1)),IF($C11="Paying back",0,IF(AND(OR(Housemates!$C$13="",Housemates!$C$13<=$B11),OR(Housemates!$D$13="",Housemates!$D$13>=$B11)),IF($Q11=0,1,INDEX(Bills!$AF$6:$AF$25,$Q11)),0)))) | Y11: =IF(OR($D11="",$B11="",Housemates!$B$14=""),0,IF($R11>0,IF(L11="",0,IF(ISNUMBER(L11),L11,1)),IF($C11="Paying back",0,IF(AND(OR(Housemates!$C$14="",Housemates!$C$14<=$B11),OR(Housemates!$D$14="",Housemates!$D$14>=$B11)),IF($Q11=0,1,INDEX(Bills!$AG$6:$AG$25,$Q11)),0)))) | Z11: =IF(OR($D11="",$B11="",Housemates!$B$15=""),0,IF($R11>0,IF(M11="",0,IF(ISNUMBER(M11),M11,1)),IF($C11="Paying back",0,IF(AND(OR(Housemates!$C$15="",Housemates!$C$15<=$B11),OR(Housemates!$D$15="",Housemates!$D$15>=$B11)),IF($Q11=0,1,INDEX(Bills!$AH$6:$AH$25,$Q11)),0)))) | AA11: =SUM(S11:Z11) | AB11: =IF(AA11=0,0,D11*S11/AA11) | AC11: =IF(AA11=0,0,D11*T11/AA11) | AD11: =IF(AA11=0,0,D11*U11/AA11) | AE11: =IF(AA11=0,0,D11*V11/AA11) | AF11: =IF(AA11=0,0,D11*W11/AA11) | AG11: =IF(AA11=0,0,D11*X11/AA11) | AH11: =IF(AA11=0,0,D11*Y11/AA11) | AI11: =IF(AA11=0,0,D11*Z11/AA11) | AJ11: =IF(OR(C11="",B11=""),"",C11&"|"&(YEAR(B11)*100+MONTH(B11)))
B12: 46045 | C12: Cleaning and household | D12: 23.4 | E12: Maya | N12: =IF(D12="","",IF(B12="","No date",IF(AND(C12="Paying back",R12=0),"To whom?",IF(AA12=0,"Nobody",IF(C12="Paying back","To "&INDEX(Housemates!$B$8:$B$15,MATCH(MAX(S12:Z12),S12:Z12,0)),IF(R12>0,IF(COUNTIF(S12:Z12,">0")=1,"1 person",COUNTIF(S12:Z12,">0")&" people"),IF(Q12=0,"Everyone",INDEX(Bills!$Q$6:$Q$25,Q12)))))))) | O12: =IF(D12="","",IF(C12="Paying back","Paying back",IF(Q12=0,"Other",IF(INDEX(Bills!$C$6:$C$25,Q12)="","Other",INDEX(Bills!$C$6:$C$25,Q12))))) | Q12: =IF(C12="",0,IFERROR(MATCH(C12,Bills!$B$6:$B$25,0),0)) | R12: =COUNTA(F12:M12) | S12: =IF(OR($D12="",$B12="",Housemates!$B$8=""),0,IF($R12>0,IF(F12="",0,IF(ISNUMBER(F12),F12,1)),IF($C12="Paying back",0,IF(AND(OR(Housemates!$C$8="",Housemates!$C$8<=$B12),OR(Housemates!$D$8="",Housemates!$D$8>=$B12)),IF($Q12=0,1,INDEX(Bills!$AA$6:$AA$25,$Q12)),0)))) | T12: =IF(OR($D12="",$B12="",Housemates!$B$9=""),0,IF($R12>0,IF(G12="",0,IF(ISNUMBER(G12),G12,1)),IF($C12="Paying back",0,IF(AND(OR(Housemates!$C$9="",Housemates!$C$9<=$B12),OR(Housemates!$D$9="",Housemates!$D$9>=$B12)),IF($Q12=0,1,INDEX(Bills!$AB$6:$AB$25,$Q12)),0)))) | U12: =IF(OR($D12="",$B12="",Housemates!$B$10=""),0,IF($R12>0,IF(H12="",0,IF(ISNUMBER(H12),H12,1)),IF($C12="Paying back",0,IF(AND(OR(Housemates!$C$10="",Housemates!$C$10<=$B12),OR(Housemates!$D$10="",Housemates!$D$10>=$B12)),IF($Q12=0,1,INDEX(Bills!$AC$6:$AC$25,$Q12)),0)))) | V12: =IF(OR($D12="",$B12="",Housemates!$B$11=""),0,IF($R12>0,IF(I12="",0,IF(ISNUMBER(I12),I12,1)),IF($C12="Paying back",0,IF(AND(OR(Housemates!$C$11="",Housemates!$C$11<=$B12),OR(Housemates!$D$11="",Housemates!$D$11>=$B12)),IF($Q12=0,1,INDEX(Bills!$AD$6:$AD$25,$Q12)),0)))) | W12: =IF(OR($D12="",$B12="",Housemates!$B$12=""),0,IF($R12>0,IF(J12="",0,IF(ISNUMBER(J12),J12,1)),IF($C12="Paying back",0,IF(AND(OR(Housemates!$C$12="",Housemates!$C$12<=$B12),OR(Housemates!$D$12="",Housemates!$D$12>=$B12)),IF($Q12=0,1,INDEX(Bills!$AE$6:$AE$25,$Q12)),0)))) | X12: =IF(OR($D12="",$B12="",Housemates!$B$13=""),0,IF($R12>0,IF(K12="",0,IF(ISNUMBER(K12),K12,1)),IF($C12="Paying back",0,IF(AND(OR(Housemates!$C$13="",Housemates!$C$13<=$B12),OR(Housemates!$D$13="",Housemates!$D$13>=$B12)),IF($Q12=0,1,INDEX(Bills!$AF$6:$AF$25,$Q12)),0)))) | Y12: =IF(OR($D12="",$B12="",Housemates!$B$14=""),0,IF($R12>0,IF(L12="",0,IF(ISNUMBER(L12),L12,1)),IF($C12="Paying back",0,IF(AND(OR(Housemates!$C$14="",Housemates!$C$14<=$B12),OR(Housemates!$D$14="",Housemates!$D$14>=$B12)),IF($Q12=0,1,INDEX(Bills!$AG$6:$AG$25,$Q12)),0)))) | Z12: =IF(OR($D12="",$B12="",Housemates!$B$15=""),0,IF($R12>0,IF(M12="",0,IF(ISNUMBER(M12),M12,1)),IF($C12="Paying back",0,IF(AND(OR(Housemates!$C$15="",Housemates!$C$15<=$B12),OR(Housemates!$D$15="",Housemates!$D$15>=$B12)),IF($Q12=0,1,INDEX(Bills!$AH$6:$AH$25,$Q12)),0)))) | AA12: =SUM(S12:Z12) | AB12: =IF(AA12=0,0,D12*S12/AA12) | AC12: =IF(AA12=0,0,D12*T12/AA12) | AD12: =IF(AA12=0,0,D12*U12/AA12) | AE12: =IF(AA12=0,0,D12*V12/AA12) | AF12: =IF(AA12=0,0,D12*W12/AA12) | AG12: =IF(AA12=0,0,D12*X12/AA12) | AH12: =IF(AA12=0,0,D12*Y12/AA12) | AI12: =IF(AA12=0,0,D12*Z12/AA12) | AJ12: =IF(OR(C12="",B12=""),"",C12&"|"&(YEAR(B12)*100+MONTH(B12)))
B13: 46046 | C13: Groceries | D13: 49.08 | E13: Tom | N13: =IF(D13="","",IF(B13="","No date",IF(AND(C13="Paying back",R13=0),"To whom?",IF(AA13=0,"Nobody",IF(C13="Paying back","To "&INDEX(Housemates!$B$8:$B$15,MATCH(MAX(S13:Z13),S13:Z13,0)),IF(R13>0,IF(COUNTIF(S13:Z13,">0")=1,"1 person",COUNTIF(S13:Z13,">0")&" people"),IF(Q13=0,"Everyone",INDEX(Bills!$Q$6:$Q$25,Q13)))))))) | O13: =IF(D13="","",IF(C13="Paying back","Paying back",IF(Q13=0,"Other",IF(INDEX(Bills!$C$6:$C$25,Q13)="","Other",INDEX(Bills!$C$6:$C$25,Q13))))) | Q13: =IF(C13="",0,IFERROR(MATCH(C13,Bills!$B$6:$B$25,0),0)) | R13: =COUNTA(F13:M13) | S13: =IF(OR($D13="",$B13="",Housemates!$B$8=""),0,IF($R13>0,IF(F13="",0,IF(ISNUMBER(F13),F13,1)),IF($C13="Paying back",0,IF(AND(OR(Housemates!$C$8="",Housemates!$C$8<=$B13),OR(Housemates!$D$8="",Housemates!$D$8>=$B13)),IF($Q13=0,1,INDEX(Bills!$AA$6:$AA$25,$Q13)),0)))) | T13: =IF(OR($D13="",$B13="",Housemates!$B$9=""),0,IF($R13>0,IF(G13="",0,IF(ISNUMBER(G13),G13,1)),IF($C13="Paying back",0,IF(AND(OR(Housemates!$C$9="",Housemates!$C$9<=$B13),OR(Housemates!$D$9="",Housemates!$D$9>=$B13)),IF($Q13=0,1,INDEX(Bills!$AB$6:$AB$25,$Q13)),0)))) | U13: =IF(OR($D13="",$B13="",Housemates!$B$10=""),0,IF($R13>0,IF(H13="",0,IF(ISNUMBER(H13),H13,1)),IF($C13="Paying back",0,IF(AND(OR(Housemates!$C$10="",Housemates!$C$10<=$B13),OR(Housemates!$D$10="",Housemates!$D$10>=$B13)),IF($Q13=0,1,INDEX(Bills!$AC$6:$AC$25,$Q13)),0)))) | V13: =IF(OR($D13="",$B13="",Housemates!$B$11=""),0,IF($R13>0,IF(I13="",0,IF(ISNUMBER(I13),I13,1)),IF($C13="Paying back",0,IF(AND(OR(Housemates!$C$11="",Housemates!$C$11<=$B13),OR(Housemates!$D$11="",Housemates!$D$11>=$B13)),IF($Q13=0,1,INDEX(Bills!$AD$6:$AD$25,$Q13)),0)))) | W13: =IF(OR($D13="",$B13="",Housemates!$B$12=""),0,IF($R13>0,IF(J13="",0,IF(ISNUMBER(J13),J13,1)),IF($C13="Paying back",0,IF(AND(OR(Housemates!$C$12="",Housemates!$C$12<=$B13),OR(Housemates!$D$12="",Housemates!$D$12>=$B13)),IF($Q13=0,1,INDEX(Bills!$AE$6:$AE$25,$Q13)),0)))) | X13: =IF(OR($D13="",$B13="",Housemates!$B$13=""),0,IF($R13>0,IF(K13="",0,IF(ISNUMBER(K13),K13,1)),IF($C13="Paying back",0,IF(AND(OR(Housemates!$C$13="",Housemates!$C$13<=$B13),OR(Housemates!$D$13="",Housemates!$D$13>=$B13)),IF($Q13=0,1,INDEX(Bills!$AF$6:$AF$25,$Q13)),0)))) | Y13: =IF(OR($D13="",$B13="",Housemates!$B$14=""),0,IF($R13>0,IF(L13="",0,IF(ISNUMBER(L13),L13,1)),IF($C13="Paying back",0,IF(AND(OR(Housemates!$C$14="",Housemates!$C$14<=$B13),OR(Housemates!$D$14="",Housemates!$D$14>=$B13)),IF($Q13=0,1,INDEX(Bills!$AG$6:$AG$25,$Q13)),0)))) | Z13: =IF(OR($D13="",$B13="",Housemates!$B$15=""),0,IF($R13>0,IF(M13="",0,IF(ISNUMBER(M13),M13,1)),IF($C13="Paying back",0,IF(AND(OR(Housemates!$C$15="",Housemates!$C$15<=$B13),OR(Housemates!$D$15="",Housemates!$D$15>=$B13)),IF($Q13=0,1,INDEX(Bills!$AH$6:$AH$25,$Q13)),0)))) | AA13: =SUM(S13:Z13) | AB13: =IF(AA13=0,0,D13*S13/AA13) | AC13: =IF(AA13=0,0,D13*T13/AA13) | AD13: =IF(AA13=0,0,D13*U13/AA13) | AE13: =IF(AA13=0,0,D13*V13/AA13) | AF13: =IF(AA13=0,0,D13*W13/AA13) | AG13: =IF(AA13=0,0,D13*X13/AA13) | AH13: =IF(AA13=0,0,D13*Y13/AA13) | AI13: =IF(AA13=0,0,D13*Z13/AA13) | AJ13: =IF(OR(C13="",B13=""),"",C13&"|"&(YEAR(B13)*100+MONTH(B13)))
B14: 46051 | C14: Groceries | D14: 39.48 | E14: Maya | N14: =IF(D14="","",IF(B14="","No date",IF(AND(C14="Paying back",R14=0),"To whom?",IF(AA14=0,"Nobody",IF(C14="Paying back","To "&INDEX(Housemates!$B$8:$B$15,MATCH(MAX(S14:Z14),S14:Z14,0)),IF(R14>0,IF(COUNTIF(S14:Z14,">0")=1,"1 person",COUNTIF(S14:Z14,">0")&" people"),IF(Q14=0,"Everyone",INDEX(Bills!$Q$6:$Q$25,Q14)))))))) | O14: =IF(D14="","",IF(C14="Paying back","Paying back",IF(Q14=0,"Other",IF(INDEX(Bills!$C$6:$C$25,Q14)="","Other",INDEX(Bills!$C$6:$C$25,Q14))))) | Q14: =IF(C14="",0,IFERROR(MATCH(C14,Bills!$B$6:$B$25,0),0)) | R14: =COUNTA(F14:M14) | S14: =IF(OR($D14="",$B14="",Housemates!$B$8=""),0,IF($R14>0,IF(F14="",0,IF(ISNUMBER(F14),F14,1)),IF($C14="Paying back",0,IF(AND(OR(Housemates!$C$8="",Housemates!$C$8<=$B14),OR(Housemates!$D$8="",Housemates!$D$8>=$B14)),IF($Q14=0,1,INDEX(Bills!$AA$6:$AA$25,$Q14)),0)))) | T14: =IF(OR($D14="",$B14="",Housemates!$B$9=""),0,IF($R14>0,IF(G14="",0,IF(ISNUMBER(G14),G14,1)),IF($C14="Paying back",0,IF(AND(OR(Housemates!$C$9="",Housemates!$C$9<=$B14),OR(Housemates!$D$9="",Housemates!$D$9>=$B14)),IF($Q14=0,1,INDEX(Bills!$AB$6:$AB$25,$Q14)),0)))) | U14: =IF(OR($D14="",$B14="",Housemates!$B$10=""),0,IF($R14>0,IF(H14="",0,IF(ISNUMBER(H14),H14,1)),IF($C14="Paying back",0,IF(AND(OR(Housemates!$C$10="",Housemates!$C$10<=$B14),OR(Housemates!$D$10="",Housemates!$D$10>=$B14)),IF($Q14=0,1,INDEX(Bills!$AC$6:$AC$25,$Q14)),0)))) | V14: =IF(OR($D14="",$B14="",Housemates!$B$11=""),0,IF($R14>0,IF(I14="",0,IF(ISNUMBER(I14),I14,1)),IF($C14="Paying back",0,IF(AND(OR(Housemates!$C$11="",Housemates!$C$11<=$B14),OR(Housemates!$D$11="",Housemates!$D$11>=$B14)),IF($Q14=0,1,INDEX(Bills!$AD$6:$AD$25,$Q14)),0)))) | W14: =IF(OR($D14="",$B14="",Housemates!$B$12=""),0,IF($R14>0,IF(J14="",0,IF(ISNUMBER(J14),J14,1)),IF($C14="Paying back",0,IF(AND(OR(Housemates!$C$12="",Housemates!$C$12<=$B14),OR(Housemates!$D$12="",Housemates!$D$12>=$B14)),IF($Q14=0,1,INDEX(Bills!$AE$6:$AE$25,$Q14)),0)))) | X14: =IF(OR($D14="",$B14="",Housemates!$B$13=""),0,IF($R14>0,IF(K14="",0,IF(ISNUMBER(K14),K14,1)),IF($C14="Paying back",0,IF(AND(OR(Housemates!$C$13="",Housemates!$C$13<=$B14),OR(Housemates!$D$13="",Housemates!$D$13>=$B14)),IF($Q14=0,1,INDEX(Bills!$AF$6:$AF$25,$Q14)),0)))) | Y14: =IF(OR($D14="",$B14="",Housemates!$B$14=""),0,IF($R14>0,IF(L14="",0,IF(ISNUMBER(L14),L14,1)),IF($C14="Paying back",0,IF(AND(OR(Housemates!$C$14="",Housemates!$C$14<=$B14),OR(Housemates!$D$14="",Housemates!$D$14>=$B14)),IF($Q14=0,1,INDEX(Bills!$AG$6:$AG$25,$Q14)),0)))) | Z14: =IF(OR($D14="",$B14="",Housemates!$B$15=""),0,IF($R14>0,IF(M14="",0,IF(ISNUMBER(M14),M14,1)),IF($C14="Paying back",0,IF(AND(OR(Housemates!$C$15="",Housemates!$C$15<=$B14),OR(Housemates!$D$15="",Housemates!$D$15>=$B14)),IF($Q14=0,1,INDEX(Bills!$AH$6:$AH$25,$Q14)),0)))) | AA14: =SUM(S14:Z14) | AB14: =IF(AA14=0,0,D14*S14/AA14) | AC14: =IF(AA14=0,0,D14*T14/AA14) | AD14: =IF(AA14=0,0,D14*U14/AA14) | AE14: =IF(AA14=0,0,D14*V14/AA14) | AF14: =IF(AA14=0,0,D14*W14/AA14) | AG14: =IF(AA14=0,0,D14*X14/AA14) | AH14: =IF(AA14=0,0,D14*Y14/AA14) | AI14: =IF(AA14=0,0,D14*Z14/AA14) | AJ14: =IF(OR(C14="",B14=""),"",C14&"|"&(YEAR(B14)*100+MONTH(B14)))
B15: 46054 | C15: Rent | D15: 2400 | E15: Maya | N15: =IF(D15="","",IF(B15="","No date",IF(AND(C15="Paying back",R15=0),"To whom?",IF(AA15=0,"Nobody",IF(C15="Paying back","To "&INDEX(Housemates!$B$8:$B$15,MATCH(MAX(S15:Z15),S15:Z15,0)),IF(R15>0,IF(COUNTIF(S15:Z15,">0")=1,"1 person",COUNTIF(S15:Z15,">0")&" people"),IF(Q15=0,"Everyone",INDEX(Bills!$Q$6:$Q$25,Q15)))))))) | O15: =IF(D15="","",IF(C15="Paying back","Paying back",IF(Q15=0,"Other",IF(INDEX(Bills!$C$6:$C$25,Q15)="","Other",INDEX(Bills!$C$6:$C$25,Q15))))) | Q15: =IF(C15="",0,IFERROR(MATCH(C15,Bills!$B$6:$B$25,0),0)) | R15: =COUNTA(F15:M15) | S15: =IF(OR($D15="",$B15="",Housemates!$B$8=""),0,IF($R15>0,IF(F15="",0,IF(ISNUMBER(F15),F15,1)),IF($C15="Paying back",0,IF(AND(OR(Housemates!$C$8="",Housemates!$C$8<=$B15),OR(Housemates!$D$8="",Housemates!$D$8>=$B15)),IF($Q15=0,1,INDEX(Bills!$AA$6:$AA$25,$Q15)),0)))) | T15: =IF(OR($D15="",$B15="",Housemates!$B$9=""),0,IF($R15>0,IF(G15="",0,IF(ISNUMBER(G15),G15,1)),IF($C15="Paying back",0,IF(AND(OR(Housemates!$C$9="",Housemates!$C$9<=$B15),OR(Housemates!$D$9="",Housemates!$D$9>=$B15)),IF($Q15=0,1,INDEX(Bills!$AB$6:$AB$25,$Q15)),0)))) | U15: =IF(OR($D15="",$B15="",Housemates!$B$10=""),0,IF($R15>0,IF(H15="",0,IF(ISNUMBER(H15),H15,1)),IF($C15="Paying back",0,IF(AND(OR(Housemates!$C$10="",Housemates!$C$10<=$B15),OR(Housemates!$D$10="",Housemates!$D$10>=$B15)),IF($Q15=0,1,INDEX(Bills!$AC$6:$AC$25,$Q15)),0)))) | V15: =IF(OR($D15="",$B15="",Housemates!$B$11=""),0,IF($R15>0,IF(I15="",0,IF(ISNUMBER(I15),I15,1)),IF($C15="Paying back",0,IF(AND(OR(Housemates!$C$11="",Housemates!$C$11<=$B15),OR(Housemates!$D$11="",Housemates!$D$11>=$B15)),IF($Q15=0,1,INDEX(Bills!$AD$6:$AD$25,$Q15)),0)))) | W15: =IF(OR($D15="",$B15="",Housemates!$B$12=""),0,IF($R15>0,IF(J15="",0,IF(ISNUMBER(J15),J15,1)),IF($C15="Paying back",0,IF(AND(OR(Housemates!$C$12="",Housemates!$C$12<=$B15),OR(Housemates!$D$12="",Housemates!$D$12>=$B15)),IF($Q15=0,1,INDEX(Bills!$AE$6:$AE$25,$Q15)),0)))) | X15: =IF(OR($D15="",$B15="",Housemates!$B$13=""),0,IF($R15>0,IF(K15="",0,IF(ISNUMBER(K15),K15,1)),IF($C15="Paying back",0,IF(AND(OR(Housemates!$C$13="",Housemates!$C$13<=$B15),OR(Housemates!$D$13="",Housemates!$D$13>=$B15)),IF($Q15=0,1,INDEX(Bills!$AF$6:$AF$25,$Q15)),0)))) | Y15: =IF(OR($D15="",$B15="",Housemates!$B$14=""),0,IF($R15>0,IF(L15="",0,IF(ISNUMBER(L15),L15,1)),IF($C15="Paying back",0,IF(AND(OR(Housemates!$C$14="",Housemates!$C$14<=$B15),OR(Housemates!$D$14="",Housemates!$D$14>=$B15)),IF($Q15=0,1,INDEX(Bills!$AG$6:$AG$25,$Q15)),0)))) | Z15: =IF(OR($D15="",$B15="",Housemates!$B$15=""),0,IF($R15>0,IF(M15="",0,IF(ISNUMBER(M15),M15,1)),IF($C15="Paying back",0,IF(AND(OR(Housemates!$C$15="",Housemates!$C$15<=$B15),OR(Housemates!$D$15="",Housemates!$D$15>=$B15)),IF($Q15=0,1,INDEX(Bills!$AH$6:$AH$25,$Q15)),0)))) | AA15: =SUM(S15:Z15) | AB15: =IF(AA15=0,0,D15*S15/AA15) | AC15: =IF(AA15=0,0,D15*T15/AA15) | AD15: =IF(AA15=0,0,D15*U15/AA15) | AE15: =IF(AA15=0,0,D15*V15/AA15) | AF15: =IF(AA15=0,0,D15*W15/AA15) | AG15: =IF(AA15=0,0,D15*X15/AA15) | AH15: =IF(AA15=0,0,D15*Y15/AA15) | AI15: =IF(AA15=0,0,D15*Z15/AA15) | AJ15: =IF(OR(C15="",B15=""),"",C15&"|"&(YEAR(B15)*100+MONTH(B15)))
B16: 46056 | C16: Internet | D16: 45 | E16: Leo | N16: =IF(D16="","",IF(B16="","No date",IF(AND(C16="Paying back",R16=0),"To whom?",IF(AA16=0,"Nobody",IF(C16="Paying back","To "&INDEX(Housemates!$B$8:$B$15,MATCH(MAX(S16:Z16),S16:Z16,0)),IF(R16>0,IF(COUNTIF(S16:Z16,">0")=1,"1 person",COUNTIF(S16:Z16,">0")&" people"),IF(Q16=0,"Everyone",INDEX(Bills!$Q$6:$Q$25,Q16)))))))) | O16: =IF(D16="","",IF(C16="Paying back","Paying back",IF(Q16=0,"Other",IF(INDEX(Bills!$C$6:$C$25,Q16)="","Other",INDEX(Bills!$C$6:$C$25,Q16))))) | Q16: =IF(C16="",0,IFERROR(MATCH(C16,Bills!$B$6:$B$25,0),0)) | R16: =COUNTA(F16:M16) | S16: =IF(OR($D16="",$B16="",Housemates!$B$8=""),0,IF($R16>0,IF(F16="",0,IF(ISNUMBER(F16),F16,1)),IF($C16="Paying back",0,IF(AND(OR(Housemates!$C$8="",Housemates!$C$8<=$B16),OR(Housemates!$D$8="",Housemates!$D$8>=$B16)),IF($Q16=0,1,INDEX(Bills!$AA$6:$AA$25,$Q16)),0)))) | T16: =IF(OR($D16="",$B16="",Housemates!$B$9=""),0,IF($R16>0,IF(G16="",0,IF(ISNUMBER(G16),G16,1)),IF($C16="Paying back",0,IF(AND(OR(Housemates!$C$9="",Housemates!$C$9<=$B16),OR(Housemates!$D$9="",Housemates!$D$9>=$B16)),IF($Q16=0,1,INDEX(Bills!$AB$6:$AB$25,$Q16)),0)))) | U16: =IF(OR($D16="",$B16="",Housemates!$B$10=""),0,IF($R16>0,IF(H16="",0,IF(ISNUMBER(H16),H16,1)),IF($C16="Paying back",0,IF(AND(OR(Housemates!$C$10="",Housemates!$C$10<=$B16),OR(Housemates!$D$10="",Housemates!$D$10>=$B16)),IF($Q16=0,1,INDEX(Bills!$AC$6:$AC$25,$Q16)),0)))) | V16: =IF(OR($D16="",$B16="",Housemates!$B$11=""),0,IF($R16>0,IF(I16="",0,IF(ISNUMBER(I16),I16,1)),IF($C16="Paying back",0,IF(AND(OR(Housemates!$C$11="",Housemates!$C$11<=$B16),OR(Housemates!$D$11="",Housemates!$D$11>=$B16)),IF($Q16=0,1,INDEX(Bills!$AD$6:$AD$25,$Q16)),0)))) | W16: =IF(OR($D16="",$B16="",Housemates!$B$12=""),0,IF($R16>0,IF(J16="",0,IF(ISNUMBER(J16),J16,1)),IF($C16="Paying back",0,IF(AND(OR(Housemates!$C$12="",Housemates!$C$12<=$B16),OR(Housemates!$D$12="",Housemates!$D$12>=$B16)),IF($Q16=0,1,INDEX(Bills!$AE$6:$AE$25,$Q16)),0)))) | X16: =IF(OR($D16="",$B16="",Housemates!$B$13=""),0,IF($R16>0,IF(K16="",0,IF(ISNUMBER(K16),K16,1)),IF($C16="Paying back",0,IF(AND(OR(Housemates!$C$13="",Housemates!$C$13<=$B16),OR(Housemates!$D$13="",Housemates!$D$13>=$B16)),IF($Q16=0,1,INDEX(Bills!$AF$6:$AF$25,$Q16)),0)))) | Y16: =IF(OR($D16="",$B16="",Housemates!$B$14=""),0,IF($R16>0,IF(L16="",0,IF(ISNUMBER(L16),L16,1)),IF($C16="Paying back",0,IF(AND(OR(Housemates!$C$14="",Housemates!$C$14<=$B16),OR(Housemates!$D$14="",Housemates!$D$14>=$B16)),IF($Q16=0,1,INDEX(Bills!$AG$6:$AG$25,$Q16)),0)))) | Z16: =IF(OR($D16="",$B16="",Housemates!$B$15=""),0,IF($R16>0,IF(M16="",0,IF(ISNUMBER(M16),M16,1)),IF($C16="Paying back",0,IF(AND(OR(Housemates!$C$15="",Housemates!$C$15<=$B16),OR(Housemates!$D$15="",Housemates!$D$15>=$B16)),IF($Q16=0,1,INDEX(Bills!$AH$6:$AH$25,$Q16)),0)))) | AA16: =SUM(S16:Z16) | AB16: =IF(AA16=0,0,D16*S16/AA16) | AC16: =IF(AA16=0,0,D16*T16/AA16) | AD16: =IF(AA16=0,0,D16*U16/AA16) | AE16: =IF(AA16=0,0,D16*V16/AA16) | AF16: =IF(AA16=0,0,D16*W16/AA16) | AG16: =IF(AA16=0,0,D16*X16/AA16) | AH16: =IF(AA16=0,0,D16*Y16/AA16) | AI16: =IF(AA16=0,0,D16*Z16/AA16) | AJ16: =IF(OR(C16="",B16=""),"",C16&"|"&(YEAR(B16)*100+MONTH(B16)))
B17: 46066 | C17: Electricity | D17: 149.16 | E17: Leo | N17: =IF(D17="","",IF(B17="","No date",IF(AND(C17="Paying back",R17=0),"To whom?",IF(AA17=0,"Nobody",IF(C17="Paying back","To "&INDEX(Housemates!$B$8:$B$15,MATCH(MAX(S17:Z17),S17:Z17,0)),IF(R17>0,IF(COUNTIF(S17:Z17,">0")=1,"1 person",COUNTIF(S17:Z17,">0")&" people"),IF(Q17=0,"Everyone",INDEX(Bills!$Q$6:$Q$25,Q17)))))))) | O17: =IF(D17="","",IF(C17="Paying back","Paying back",IF(Q17=0,"Other",IF(INDEX(Bills!$C$6:$C$25,Q17)="","Other",INDEX(Bills!$C$6:$C$25,Q17))))) | Q17: =IF(C17="",0,IFERROR(MATCH(C17,Bills!$B$6:$B$25,0),0)) | R17: =COUNTA(F17:M17) | S17: =IF(OR($D17="",$B17="",Housemates!$B$8=""),0,IF($R17>0,IF(F17="",0,IF(ISNUMBER(F17),F17,1)),IF($C17="Paying back",0,IF(AND(OR(Housemates!$C$8="",Housemates!$C$8<=$B17),OR(Housemates!$D$8="",Housemates!$D$8>=$B17)),IF($Q17=0,1,INDEX(Bills!$AA$6:$AA$25,$Q17)),0)))) | T17: =IF(OR($D17="",$B17="",Housemates!$B$9=""),0,IF($R17>0,IF(G17="",0,IF(ISNUMBER(G17),G17,1)),IF($C17="Paying back",0,IF(AND(OR(Housemates!$C$9="",Housemates!$C$9<=$B17),OR(Housemates!$D$9="",Housemates!$D$9>=$B17)),IF($Q17=0,1,INDEX(Bills!$AB$6:$AB$25,$Q17)),0)))) | U17: =IF(OR($D17="",$B17="",Housemates!$B$10=""),0,IF($R17>0,IF(H17="",0,IF(ISNUMBER(H17),H17,1)),IF($C17="Paying back",0,IF(AND(OR(Housemates!$C$10="",Housemates!$C$10<=$B17),OR(Housemates!$D$10="",Housemates!$D$10>=$B17)),IF($Q17=0,1,INDEX(Bills!$AC$6:$AC$25,$Q17)),0)))) | V17: =IF(OR($D17="",$B17="",Housemates!$B$11=""),0,IF($R17>0,IF(I17="",0,IF(ISNUMBER(I17),I17,1)),IF($C17="Paying back",0,IF(AND(OR(Housemates!$C$11="",Housemates!$C$11<=$B17),OR(Housemates!$D$11="",Housemates!$D$11>=$B17)),IF($Q17=0,1,INDEX(Bills!$AD$6:$AD$25,$Q17)),0)))) | W17: =IF(OR($D17="",$B17="",Housemates!$B$12=""),0,IF($R17>0,IF(J17="",0,IF(ISNUMBER(J17),J17,1)),IF($C17="Paying back",0,IF(AND(OR(Housemates!$C$12="",Housemates!$C$12<=$B17),OR(Housemates!$D$12="",Housemates!$D$12>=$B17)),IF($Q17=0,1,INDEX(Bills!$AE$6:$AE$25,$Q17)),0)))) | X17: =IF(OR($D17="",$B17="",Housemates!$B$13=""),0,IF($R17>0,IF(K17="",0,IF(ISNUMBER(K17),K17,1)),IF($C17="Paying back",0,IF(AND(OR(Housemates!$C$13="",Housemates!$C$13<=$B17),OR(Housemates!$D$13="",Housemates!$D$13>=$B17)),IF($Q17=0,1,INDEX(Bills!$AF$6:$AF$25,$Q17)),0)))) | Y17: =IF(OR($D17="",$B17="",Housemates!$B$14=""),0,IF($R17>0,IF(L17="",0,IF(ISNUMBER(L17),L17,1)),IF($C17="Paying back",0,IF(AND(OR(Housemates!$C$14="",Housemates!$C$14<=$B17),OR(Housemates!$D$14="",Housemates!$D$14>=$B17)),IF($Q17=0,1,INDEX(Bills!$AG$6:$AG$25,$Q17)),0)))) | Z17: =IF(OR($D17="",$B17="",Housemates!$B$15=""),0,IF($R17>0,IF(M17="",0,IF(ISNUMBER(M17),M17,1)),IF($C17="Paying back",0,IF(AND(OR(Housemates!$C$15="",Housemates!$C$15<=$B17),OR(Housemates!$D$15="",Housemates!$D$15>=$B17)),IF($Q17=0,1,INDEX(Bills!$AH$6:$AH$25,$Q17)),0)))) | AA17: =SUM(S17:Z17) | AB17: =IF(AA17=0,0,D17*S17/AA17) | AC17: =IF(AA17=0,0,D17*T17/AA17) | AD17: =IF(AA17=0,0,D17*U17/AA17) | AE17: =IF(AA17=0,0,D17*V17/AA17) | AF17: =IF(AA17=0,0,D17*W17/AA17) | AG17: =IF(AA17=0,0,D17*X17/AA17) | AH17: =IF(AA17=0,0,D17*Y17/AA17) | AI17: =IF(AA17=0,0,D17*Z17/AA17) | AJ17: =IF(OR(C17="",B17=""),"",C17&"|"&(YEAR(B17)*100+MONTH(B17)))
... B33: 46112 | C33: Cleaning and household | D33: 25.2 | E33: Priya | N33: =IF(D33="","",IF(B33="","No date",IF(AND(C33="Paying back",R33=0),"To whom?",IF(AA33=0,"Nobody",IF(C33="Paying back","To "&INDEX(Housemates!$B$8:$B$15,MATCH(MAX(S33:Z33),S33:Z33,0)),IF(R33>0,IF(COUNTIF(S33:Z33,">0")=1,"1 person",COUNTIF(S33:Z33,">0")&" people"),IF(Q33=0,"Everyone",INDEX(Bills!$Q$6:$Q$25,Q33)))))))) | O33: =IF(D33="","",IF(C33="Paying back","Paying back",IF(Q33=0,"Other",IF(INDEX(Bills!$C$6:$C$25,Q33)="","Other",INDEX(Bills!$C$6:$C$25,Q33))))) | Q33: =IF(C33="",0,IFERROR(MATCH(C33,Bills!$B$6:$B$25,0),0)) | R33: =COUNTA(F33:M33) | S33: =IF(OR($D33="",$B33="",Housemates!$B$8=""),0,IF($R33>0,IF(F33="",0,IF(ISNUMBER(F33),F33,1)),IF($C33="Paying back",0,IF(AND(OR(Housemates!$C$8="",Housemates!$C$8<=$B33),OR(Housemates!$D$8="",Housemates!$D$8>=$B33)),IF($Q33=0,1,INDEX(Bills!$AA$6:$AA$25,$Q33)),0)))) | T33: =IF(OR($D33="",$B33="",Housemates!$B$9=""),0,IF($R33>0,IF(G33="",0,IF(ISNUMBER(G33),G33,1)),IF($C33="Paying back",0,IF(AND(OR(Housemates!$C$9="",Housemates!$C$9<=$B33),OR(Housemates!$D$9="",Housemates!$D$9>=$B33)),IF($Q33=0,1,INDEX(Bills!$AB$6:$AB$25,$Q33)),0)))) | U33: =IF(OR($D33="",$B33="",Housemates!$B$10=""),0,IF($R33>0,IF(H33="",0,IF(ISNUMBER(H33),H33,1)),IF($C33="Paying back",0,IF(AND(OR(Housemates!$C$10="",Housemates!$C$10<=$B33),OR(Housemates!$D$10="",Housemates!$D$10>=$B33)),IF($Q33=0,1,INDEX(Bills!$AC$6:$AC$25,$Q33)),0)))) | V33: =IF(OR($D33="",$B33="",Housemates!$B$11=""),0,IF($R33>0,IF(I33="",0,IF(ISNUMBER(I33),I33,1)),IF($C33="Paying back",0,IF(AND(OR(Housemates!$C$11="",Housemates!$C$11<=$B33),OR(Housemates!$D$11="",Housemates!$D$11>=$B33)),IF($Q33=0,1,INDEX(Bills!$AD$6:$AD$25,$Q33)),0)))) | W33: =IF(OR($D33="",$B33="",Housemates!$B$12=""),0,IF($R33>0,IF(J33="",0,IF(ISNUMBER(J33),J33,1)),IF($C33="Paying back",0,IF(AND(OR(Housemates!$C$12="",Housemates!$C$12<=$B33),OR(Housemates!$D$12="",Housemates!$D$12>=$B33)),IF($Q33=0,1,INDEX(Bills!$AE$6:$AE$25,$Q33)),0)))) | X33: =IF(OR($D33="",$B33="",Housemates!$B$13=""),0,IF($R33>0,IF(K33="",0,IF(ISNUMBER(K33),K33,1)),IF($C33="Paying back",0,IF(AND(OR(Housemates!$C$13="",Housemates!$C$13<=$B33),OR(Housemates!$D$13="",Housemates!$D$13>=$B33)),IF($Q33=0,1,INDEX(Bills!$AF$6:$AF$25,$Q33)),0)))) | Y33: =IF(OR($D33="",$B33="",Housemates!$B$14=""),0,IF($R33>0,IF(L33="",0,IF(ISNUMBER(L33),L33,1)),IF($C33="Paying back",0,IF(AND(OR(Housemates!$C$14="",Housemates!$C$14<=$B33),OR(Housemates!$D$14="",Housemates!$D$14>=$B33)),IF($Q33=0,1,INDEX(Bills!$AG$6:$AG$25,$Q33)),0)))) | Z33: =IF(OR($D33="",$B33="",Housemates!$B$15=""),0,IF($R33>0,IF(M33="",0,IF(ISNUMBER(M33),M33,1)),IF($C33="Paying back",0,IF(AND(OR(Housemates!$C$15="",Housemates!$C$15<=$B33),OR(Housemates!$D$15="",Housemates!$D$15>=$B33)),IF($Q33=0,1,INDEX(Bills!$AH$6:$AH$25,$Q33)),0)))) | AA33: =SUM(S33:Z33) | AB33: =IF(AA33=0,0,D33*S33/AA33) | AC33: =IF(AA33=0,0,D33*T33/AA33) | AD33: =IF(AA33=0,0,D33*U33/AA33) | AE33: =IF(AA33=0,0,D33*V33/AA33) | AF33: =IF(AA33=0,0,D33*W33/AA33) | AG33: =IF(AA33=0,0,D33*X33/AA33) | AH33: =IF(AA33=0,0,D33*Y33/AA33) | AI33: =IF(AA33=0,0,D33*Z33/AA33) | AJ33: =IF(OR(C33="",B33=""),"",C33&"|"&(YEAR(B33)*100+MONTH(B33)))
B34: 46112 | C34: Paying back | D34: 1780.92 | E34: Tom | F34: x | N34: =IF(D34="","",IF(B34="","No date",IF(AND(C34="Paying back",R34=0),"To whom?",IF(AA34=0,"Nobody",IF(C34="Paying back","To "&INDEX(Housemates!$B$8:$B$15,MATCH(MAX(S34:Z34),S34:Z34,0)),IF(R34>0,IF(COUNTIF(S34:Z34,">0")=1,"1 person",COUNTIF(S34:Z34,">0")&" people"),IF(Q34=0,"Everyone",INDEX(Bills!$Q$6:$Q$25,Q34)))))))) | O34: =IF(D34="","",IF(C34="Paying back","Paying back",IF(Q34=0,"Other",IF(INDEX(Bills!$C$6:$C$25,Q34)="","Other",INDEX(Bills!$C$6:$C$25,Q34))))) | Q34: =IF(C34="",0,IFERROR(MATCH(C34,Bills!$B$6:$B$25,0),0)) | R34: =COUNTA(F34:M34) | S34: =IF(OR($D34="",$B34="",Housemates!$B$8=""),0,IF($R34>0,IF(F34="",0,IF(ISNUMBER(F34),F34,1)),IF($C34="Paying back",0,IF(AND(OR(Housemates!$C$8="",Housemates!$C$8<=$B34),OR(Housemates!$D$8="",Housemates!$D$8>=$B34)),IF($Q34=0,1,INDEX(Bills!$AA$6:$AA$25,$Q34)),0)))) | T34: =IF(OR($D34="",$B34="",Housemates!$B$9=""),0,IF($R34>0,IF(G34="",0,IF(ISNUMBER(G34),G34,1)),IF($C34="Paying back",0,IF(AND(OR(Housemates!$C$9="",Housemates!$C$9<=$B34),OR(Housemates!$D$9="",Housemates!$D$9>=$B34)),IF($Q34=0,1,INDEX(Bills!$AB$6:$AB$25,$Q34)),0)))) | U34: =IF(OR($D34="",$B34="",Housemates!$B$10=""),0,IF($R34>0,IF(H34="",0,IF(ISNUMBER(H34),H34,1)),IF($C34="Paying back",0,IF(AND(OR(Housemates!$C$10="",Housemates!$C$10<=$B34),OR(Housemates!$D$10="",Housemates!$D$10>=$B34)),IF($Q34=0,1,INDEX(Bills!$AC$6:$AC$25,$Q34)),0)))) | V34: =IF(OR($D34="",$B34="",Housemates!$B$11=""),0,IF($R34>0,IF(I34="",0,IF(ISNUMBER(I34),I34,1)),IF($C34="Paying back",0,IF(AND(OR(Housemates!$C$11="",Housemates!$C$11<=$B34),OR(Housemates!$D$11="",Housemates!$D$11>=$B34)),IF($Q34=0,1,INDEX(Bills!$AD$6:$AD$25,$Q34)),0)))) | W34: =IF(OR($D34="",$B34="",Housemates!$B$12=""),0,IF($R34>0,IF(J34="",0,IF(ISNUMBER(J34),J34,1)),IF($C34="Paying back",0,IF(AND(OR(Housemates!$C$12="",Housemates!$C$12<=$B34),OR(Housemates!$D$12="",Housemates!$D$12>=$B34)),IF($Q34=0,1,INDEX(Bills!$AE$6:$AE$25,$Q34)),0)))) | X34: =IF(OR($D34="",$B34="",Housemates!$B$13=""),0,IF($R34>0,IF(K34="",0,IF(ISNUMBER(K34),K34,1)),IF($C34="Paying back",0,IF(AND(OR(Housemates!$C$13="",Housemates!$C$13<=$B34),OR(Housemates!$D$13="",Housemates!$D$13>=$B34)),IF($Q34=0,1,INDEX(Bills!$AF$6:$AF$25,$Q34)),0)))) | Y34: =IF(OR($D34="",$B34="",Housemates!$B$14=""),0,IF($R34>0,IF(L34="",0,IF(ISNUMBER(L34),L34,1)),IF($C34="Paying back",0,IF(AND(OR(Housemates!$C$14="",Housemates!$C$14<=$B34),OR(Housemates!$D$14="",Housemates!$D$14>=$B34)),IF($Q34=0,1,INDEX(Bills!$AG$6:$AG$25,$Q34)),0)))) | Z34: =IF(OR($D34="",$B34="",Housemates!$B$15=""),0,IF($R34>0,IF(M34="",0,IF(ISNUMBER(M34),M34,1)),IF($C34="Paying back",0,IF(AND(OR(Housemates!$C$15="",Housemates!$C$15<=$B34),OR(Housemates!$D$15="",Housemates!$D$15>=$B34)),IF($Q34=0,1,INDEX(Bills!$AH$6:$AH$25,$Q34)),0)))) | AA34: =SUM(S34:Z34) | AB34: =IF(AA34=0,0,D34*S34/AA34) | AC34: =IF(AA34=0,0,D34*T34/AA34) | AD34: =IF(AA34=0,0,D34*U34/AA34) | AE34: =IF(AA34=0,0,D34*V34/AA34) | AF34: =IF(AA34=0,0,D34*W34/AA34) | AG34: =IF(AA34=0,0,D34*X34/AA34) | AH34: =IF(AA34=0,0,D34*Y34/AA34) | AI34: =IF(AA34=0,0,D34*Z34/AA34) | AJ34: =IF(OR(C34="",B34=""),"",C34&"|"&(YEAR(B34)*100+MONTH(B34)))
B35: 46112 | C35: Paying back | D35: 1696.32 | E35: Priya | F35: x | N35: =IF(D35="","",IF(B35="","No date",IF(AND(C35="Paying back",R35=0),"To whom?",IF(AA35=0,"Nobody",IF(C35="Paying back","To "&INDEX(Housemates!$B$8:$B$15,MATCH(MAX(S35:Z35),S35:Z35,0)),IF(R35>0,IF(COUNTIF(S35:Z35,">0")=1,"1 person",COUNTIF(S35:Z35,">0")&" people"),IF(Q35=0,"Everyone",INDEX(Bills!$Q$6:$Q$25,Q35)))))))) | O35: =IF(D35="","",IF(C35="Paying back","Paying back",IF(Q35=0,"Other",IF(INDEX(Bills!$C$6:$C$25,Q35)="","Other",INDEX(Bills!$C$6:$C$25,Q35))))) | Q35: =IF(C35="",0,IFERROR(MATCH(C35,Bills!$B$6:$B$25,0),0)) | R35: =COUNTA(F35:M35) | S35: =IF(OR($D35="",$B35="",Housemates!$B$8=""),0,IF($R35>0,IF(F35="",0,IF(ISNUMBER(F35),F35,1)),IF($C35="Paying back",0,IF(AND(OR(Housemates!$C$8="",Housemates!$C$8<=$B35),OR(Housemates!$D$8="",Housemates!$D$8>=$B35)),IF($Q35=0,1,INDEX(Bills!$AA$6:$AA$25,$Q35)),0)))) | T35: =IF(OR($D35="",$B35="",Housemates!$B$9=""),0,IF($R35>0,IF(G35="",0,IF(ISNUMBER(G35),G35,1)),IF($C35="Paying back",0,IF(AND(OR(Housemates!$C$9="",Housemates!$C$9<=$B35),OR(Housemates!$D$9="",Housemates!$D$9>=$B35)),IF($Q35=0,1,INDEX(Bills!$AB$6:$AB$25,$Q35)),0)))) | U35: =IF(OR($D35="",$B35="",Housemates!$B$10=""),0,IF($R35>0,IF(H35="",0,IF(ISNUMBER(H35),H35,1)),IF($C35="Paying back",0,IF(AND(OR(Housemates!$C$10="",Housemates!$C$10<=$B35),OR(Housemates!$D$10="",Housemates!$D$10>=$B35)),IF($Q35=0,1,INDEX(Bills!$AC$6:$AC$25,$Q35)),0)))) | V35: =IF(OR($D35="",$B35="",Housemates!$B$11=""),0,IF($R35>0,IF(I35="",0,IF(ISNUMBER(I35),I35,1)),IF($C35="Paying back",0,IF(AND(OR(Housemates!$C$11="",Housemates!$C$11<=$B35),OR(Housemates!$D$11="",Housemates!$D$11>=$B35)),IF($Q35=0,1,INDEX(Bills!$AD$6:$AD$25,$Q35)),0)))) | W35: =IF(OR($D35="",$B35="",Housemates!$B$12=""),0,IF($R35>0,IF(J35="",0,IF(ISNUMBER(J35),J35,1)),IF($C35="Paying back",0,IF(AND(OR(Housemates!$C$12="",Housemates!$C$12<=$B35),OR(Housemates!$D$12="",Housemates!$D$12>=$B35)),IF($Q35=0,1,INDEX(Bills!$AE$6:$AE$25,$Q35)),0)))) | X35: =IF(OR($D35="",$B35="",Housemates!$B$13=""),0,IF($R35>0,IF(K35="",0,IF(ISNUMBER(K35),K35,1)),IF($C35="Paying back",0,IF(AND(OR(Housemates!$C$13="",Housemates!$C$13<=$B35),OR(Housemates!$D$13="",Housemates!$D$13>=$B35)),IF($Q35=0,1,INDEX(Bills!$AF$6:$AF$25,$Q35)),0)))) | Y35: =IF(OR($D35="",$B35="",Housemates!$B$14=""),0,IF($R35>0,IF(L35="",0,IF(ISNUMBER(L35),L35,1)),IF($C35="Paying back",0,IF(AND(OR(Housemates!$C$14="",Housemates!$C$14<=$B35),OR(Housemates!$D$14="",Housemates!$D$14>=$B35)),IF($Q35=0,1,INDEX(Bills!$AG$6:$AG$25,$Q35)),0)))) | Z35: =IF(OR($D35="",$B35="",Housemates!$B$15=""),0,IF($R35>0,IF(M35="",0,IF(ISNUMBER(M35),M35,1)),IF($C35="Paying back",0,IF(AND(OR(Housemates!$C$15="",Housemates!$C$15<=$B35),OR(Housemates!$D$15="",Housemates!$D$15>=$B35)),IF($Q35=0,1,INDEX(Bills!$AH$6:$AH$25,$Q35)),0)))) | AA35: =SUM(S35:Z35) | AB35: =IF(AA35=0,0,D35*S35/AA35) | AC35: =IF(AA35=0,0,D35*T35/AA35) | AD35: =IF(AA35=0,0,D35*U35/AA35) | AE35: =IF(AA35=0,0,D35*V35/AA35) | AF35: =IF(AA35=0,0,D35*W35/AA35) | AG35: =IF(AA35=0,0,D35*X35/AA35) | AH35: =IF(AA35=0,0,D35*Y35/AA35) | AI35: =IF(AA35=0,0,D35*Z35/AA35) | AJ35: =IF(OR(C35="",B35=""),"",C35&"|"&(YEAR(B35)*100+MONTH(B35)))
B36: 46112 | C36: Paying back | D36: 1648.56 | E36: Leo | F36: x | N36: =IF(D36="","",IF(B36="","No date",IF(AND(C36="Paying back",R36=0),"To whom?",IF(AA36=0,"Nobody",IF(C36="Paying back","To "&INDEX(Housemates!$B$8:$B$15,MATCH(MAX(S36:Z36),S36:Z36,0)),IF(R36>0,IF(COUNTIF(S36:Z36,">0")=1,"1 person",COUNTIF(S36:Z36,">0")&" people"),IF(Q36=0,"Everyone",INDEX(Bills!$Q$6:$Q$25,Q36)))))))) | O36: =IF(D36="","",IF(C36="Paying back","Paying back",IF(Q36=0,"Other",IF(INDEX(Bills!$C$6:$C$25,Q36)="","Other",INDEX(Bills!$C$6:$C$25,Q36))))) | Q36: =IF(C36="",0,IFERROR(MATCH(C36,Bills!$B$6:$B$25,0),0)) | R36: =COUNTA(F36:M36) | S36: =IF(OR($D36="",$B36="",Housemates!$B$8=""),0,IF($R36>0,IF(F36="",0,IF(ISNUMBER(F36),F36,1)),IF($C36="Paying back",0,IF(AND(OR(Housemates!$C$8="",Housemates!$C$8<=$B36),OR(Housemates!$D$8="",Housemates!$D$8>=$B36)),IF($Q36=0,1,INDEX(Bills!$AA$6:$AA$25,$Q36)),0)))) | T36: =IF(OR($D36="",$B36="",Housemates!$B$9=""),0,IF($R36>0,IF(G36="",0,IF(ISNUMBER(G36),G36,1)),IF($C36="Paying back",0,IF(AND(OR(Housemates!$C$9="",Housemates!$C$9<=$B36),OR(Housemates!$D$9="",Housemates!$D$9>=$B36)),IF($Q36=0,1,INDEX(Bills!$AB$6:$AB$25,$Q36)),0)))) | U36: =IF(OR($D36="",$B36="",Housemates!$B$10=""),0,IF($R36>0,IF(H36="",0,IF(ISNUMBER(H36),H36,1)),IF($C36="Paying back",0,IF(AND(OR(Housemates!$C$10="",Housemates!$C$10<=$B36),OR(Housemates!$D$10="",Housemates!$D$10>=$B36)),IF($Q36=0,1,INDEX(Bills!$AC$6:$AC$25,$Q36)),0)))) | V36: =IF(OR($D36="",$B36="",Housemates!$B$11=""),0,IF($R36>0,IF(I36="",0,IF(ISNUMBER(I36),I36,1)),IF($C36="Paying back",0,IF(AND(OR(Housemates!$C$11="",Housemates!$C$11<=$B36),OR(Housemates!$D$11="",Housemates!$D$11>=$B36)),IF($Q36=0,1,INDEX(Bills!$AD$6:$AD$25,$Q36)),0)))) | W36: =IF(OR($D36="",$B36="",Housemates!$B$12=""),0,IF($R36>0,IF(J36="",0,IF(ISNUMBER(J36),J36,1)),IF($C36="Paying back",0,IF(AND(OR(Housemates!$C$12="",Housemates!$C$12<=$B36),OR(Housemates!$D$12="",Housemates!$D$12>=$B36)),IF($Q36=0,1,INDEX(Bills!$AE$6:$AE$25,$Q36)),0)))) | X36: =IF(OR($D36="",$B36="",Housemates!$B$13=""),0,IF($R36>0,IF(K36="",0,IF(ISNUMBER(K36),K36,1)),IF($C36="Paying back",0,IF(AND(OR(Housemates!$C$13="",Housemates!$C$13<=$B36),OR(Housemates!$D$13="",Housemates!$D$13>=$B36)),IF($Q36=0,1,INDEX(Bills!$AF$6:$AF$25,$Q36)),0)))) | Y36: =IF(OR($D36="",$B36="",Housemates!$B$14=""),0,IF($R36>0,IF(L36="",0,IF(ISNUMBER(L36),L36,1)),IF($C36="Paying back",0,IF(AND(OR(Housemates!$C$14="",Housemates!$C$14<=$B36),OR(Housemates!$D$14="",Housemates!$D$14>=$B36)),IF($Q36=0,1,INDEX(Bills!$AG$6:$AG$25,$Q36)),0)))) | Z36: =IF(OR($D36="",$B36="",Housemates!$B$15=""),0,IF($R36>0,IF(M36="",0,IF(ISNUMBER(M36),M36,1)),IF($C36="Paying back",0,IF(AND(OR(Housemates!$C$15="",Housemates!$C$15<=$B36),OR(Housemates!$D$15="",Housemates!$D$15>=$B36)),IF($Q36=0,1,INDEX(Bills!$AH$6:$AH$25,$Q36)),0)))) | AA36: =SUM(S36:Z36) | AB36: =IF(AA36=0,0,D36*S36/AA36) | AC36: =IF(AA36=0,0,D36*T36/AA36) | AD36: =IF(AA36=0,0,D36*U36/AA36) | AE36: =IF(AA36=0,0,D36*V36/AA36) | AF36: =IF(AA36=0,0,D36*W36/AA36) | AG36: =IF(AA36=0,0,D36*X36/AA36) | AH36: =IF(AA36=0,0,D36*Y36/AA36) | AI36: =IF(AA36=0,0,D36*Z36/AA36) | AJ36: =IF(OR(C36="",B36=""),"",C36&"|"&(YEAR(B36)*100+MONTH(B36)))
B37: 46113 | C37: Rent | D37: 2400 | E37: Maya | N37: =IF(D37="","",IF(B37="","No date",IF(AND(C37="Paying back",R37=0),"To whom?",IF(AA37=0,"Nobody",IF(C37="Paying back","To "&INDEX(Housemates!$B$8:$B$15,MATCH(MAX(S37:Z37),S37:Z37,0)),IF(R37>0,IF(COUNTIF(S37:Z37,">0")=1,"1 person",COUNTIF(S37:Z37,">0")&" people"),IF(Q37=0,"Everyone",INDEX(Bills!$Q$6:$Q$25,Q37)))))))) | O37: =IF(D37="","",IF(C37="Paying back","Paying back",IF(Q37=0,"Other",IF(INDEX(Bills!$C$6:$C$25,Q37)="","Other",INDEX(Bills!$C$6:$C$25,Q37))))) | Q37: =IF(C37="",0,IFERROR(MATCH(C37,Bills!$B$6:$B$25,0),0)) | R37: =COUNTA(F37:M37) | S37: =IF(OR($D37="",$B37="",Housemates!$B$8=""),0,IF($R37>0,IF(F37="",0,IF(ISNUMBER(F37),F37,1)),IF($C37="Paying back",0,IF(AND(OR(Housemates!$C$8="",Housemates!$C$8<=$B37),OR(Housemates!$D$8="",Housemates!$D$8>=$B37)),IF($Q37=0,1,INDEX(Bills!$AA$6:$AA$25,$Q37)),0)))) | T37: =IF(OR($D37="",$B37="",Housemates!$B$9=""),0,IF($R37>0,IF(G37="",0,IF(ISNUMBER(G37),G37,1)),IF($C37="Paying back",0,IF(AND(OR(Housemates!$C$9="",Housemates!$C$9<=$B37),OR(Housemates!$D$9="",Housemates!$D$9>=$B37)),IF($Q37=0,1,INDEX(Bills!$AB$6:$AB$25,$Q37)),0)))) | U37: =IF(OR($D37="",$B37="",Housemates!$B$10=""),0,IF($R37>0,IF(H37="",0,IF(ISNUMBER(H37),H37,1)),IF($C37="Paying back",0,IF(AND(OR(Housemates!$C$10="",Housemates!$C$10<=$B37),OR(Housemates!$D$10="",Housemates!$D$10>=$B37)),IF($Q37=0,1,INDEX(Bills!$AC$6:$AC$25,$Q37)),0)))) | V37: =IF(OR($D37="",$B37="",Housemates!$B$11=""),0,IF($R37>0,IF(I37="",0,IF(ISNUMBER(I37),I37,1)),IF($C37="Paying back",0,IF(AND(OR(Housemates!$C$11="",Housemates!$C$11<=$B37),OR(Housemates!$D$11="",Housemates!$D$11>=$B37)),IF($Q37=0,1,INDEX(Bills!$AD$6:$AD$25,$Q37)),0)))) | W37: =IF(OR($D37="",$B37="",Housemates!$B$12=""),0,IF($R37>0,IF(J37="",0,IF(ISNUMBER(J37),J37,1)),IF($C37="Paying back",0,IF(AND(OR(Housemates!$C$12="",Housemates!$C$12<=$B37),OR(Housemates!$D$12="",Housemates!$D$12>=$B37)),IF($Q37=0,1,INDEX(Bills!$AE$6:$AE$25,$Q37)),0)))) | X37: =IF(OR($D37="",$B37="",Housemates!$B$13=""),0,IF($R37>0,IF(K37="",0,IF(ISNUMBER(K37),K37,1)),IF($C37="Paying back",0,IF(AND(OR(Housemates!$C$13="",Housemates!$C$13<=$B37),OR(Housemates!$D$13="",Housemates!$D$13>=$B37)),IF($Q37=0,1,INDEX(Bills!$AF$6:$AF$25,$Q37)),0)))) | Y37: =IF(OR($D37="",$B37="",Housemates!$B$14=""),0,IF($R37>0,IF(L37="",0,IF(ISNUMBER(L37),L37,1)),IF($C37="Paying back",0,IF(AND(OR(Housemates!$C$14="",Housemates!$C$14<=$B37),OR(Housemates!$D$14="",Housemates!$D$14>=$B37)),IF($Q37=0,1,INDEX(Bills!$AG$6:$AG$25,$Q37)),0)))) | Z37: =IF(OR($D37="",$B37="",Housemates!$B$15=""),0,IF($R37>0,IF(M37="",0,IF(ISNUMBER(M37),M37,1)),IF($C37="Paying back",0,IF(AND(OR(Housemates!$C$15="",Housemates!$C$15<=$B37),OR(Housemates!$D$15="",Housemates!$D$15>=$B37)),IF($Q37=0,1,INDEX(Bills!$AH$6:$AH$25,$Q37)),0)))) | AA37: =SUM(S37:Z37) | AB37: =IF(AA37=0,0,D37*S37/AA37) | AC37: =IF(AA37=0,0,D37*T37/AA37) | AD37: =IF(AA37=0,0,D37*U37/AA37) | AE37: =IF(AA37=0,0,D37*V37/AA37) | AF37: =IF(AA37=0,0,D37*W37/AA37) | AG37: =IF(AA37=0,0,D37*X37/AA37) | AH37: =IF(AA37=0,0,D37*Y37/AA37) | AI37: =IF(AA37=0,0,D37*Z37/AA37) | AJ37: =IF(OR(C37="",B37=""),"",C37&"|"&(YEAR(B37)*100+MONTH(B37)))
B38: 46115 | C38: Internet | D38: 45 | E38: Leo | N38: =IF(D38="","",IF(B38="","No date",IF(AND(C38="Paying back",R38=0),"To whom?",IF(AA38=0,"Nobody",IF(C38="Paying back","To "&INDEX(Housemates!$B$8:$B$15,MATCH(MAX(S38:Z38),S38:Z38,0)),IF(R38>0,IF(COUNTIF(S38:Z38,">0")=1,"1 person",COUNTIF(S38:Z38,">0")&" people"),IF(Q38=0,"Everyone",INDEX(Bills!$Q$6:$Q$25,Q38)))))))) | O38: =IF(D38="","",IF(C38="Paying back","Paying back",IF(Q38=0,"Other",IF(INDEX(Bills!$C$6:$C$25,Q38)="","Other",INDEX(Bills!$C$6:$C$25,Q38))))) | Q38: =IF(C38="",0,IFERROR(MATCH(C38,Bills!$B$6:$B$25,0),0)) | R38: =COUNTA(F38:M38) | S38: =IF(OR($D38="",$B38="",Housemates!$B$8=""),0,IF($R38>0,IF(F38="",0,IF(ISNUMBER(F38),F38,1)),IF($C38="Paying back",0,IF(AND(OR(Housemates!$C$8="",Housemates!$C$8<=$B38),OR(Housemates!$D$8="",Housemates!$D$8>=$B38)),IF($Q38=0,1,INDEX(Bills!$AA$6:$AA$25,$Q38)),0)))) | T38: =IF(OR($D38="",$B38="",Housemates!$B$9=""),0,IF($R38>0,IF(G38="",0,IF(ISNUMBER(G38),G38,1)),IF($C38="Paying back",0,IF(AND(OR(Housemates!$C$9="",Housemates!$C$9<=$B38),OR(Housemates!$D$9="",Housemates!$D$9>=$B38)),IF($Q38=0,1,INDEX(Bills!$AB$6:$AB$25,$Q38)),0)))) | U38: =IF(OR($D38="",$B38="",Housemates!$B$10=""),0,IF($R38>0,IF(H38="",0,IF(ISNUMBER(H38),H38,1)),IF($C38="Paying back",0,IF(AND(OR(Housemates!$C$10="",Housemates!$C$10<=$B38),OR(Housemates!$D$10="",Housemates!$D$10>=$B38)),IF($Q38=0,1,INDEX(Bills!$AC$6:$AC$25,$Q38)),0)))) | V38: =IF(OR($D38="",$B38="",Housemates!$B$11=""),0,IF($R38>0,IF(I38="",0,IF(ISNUMBER(I38),I38,1)),IF($C38="Paying back",0,IF(AND(OR(Housemates!$C$11="",Housemates!$C$11<=$B38),OR(Housemates!$D$11="",Housemates!$D$11>=$B38)),IF($Q38=0,1,INDEX(Bills!$AD$6:$AD$25,$Q38)),0)))) | W38: =IF(OR($D38="",$B38="",Housemates!$B$12=""),0,IF($R38>0,IF(J38="",0,IF(ISNUMBER(J38),J38,1)),IF($C38="Paying back",0,IF(AND(OR(Housemates!$C$12="",Housemates!$C$12<=$B38),OR(Housemates!$D$12="",Housemates!$D$12>=$B38)),IF($Q38=0,1,INDEX(Bills!$AE$6:$AE$25,$Q38)),0)))) | X38: =IF(OR($D38="",$B38="",Housemates!$B$13=""),0,IF($R38>0,IF(K38="",0,IF(ISNUMBER(K38),K38,1)),IF($C38="Paying back",0,IF(AND(OR(Housemates!$C$13="",Housemates!$C$13<=$B38),OR(Housemates!$D$13="",Housemates!$D$13>=$B38)),IF($Q38=0,1,INDEX(Bills!$AF$6:$AF$25,$Q38)),0)))) | Y38: =IF(OR($D38="",$B38="",Housemates!$B$14=""),0,IF($R38>0,IF(L38="",0,IF(ISNUMBER(L38),L38,1)),IF($C38="Paying back",0,IF(AND(OR(Housemates!$C$14="",Housemates!$C$14<=$B38),OR(Housemates!$D$14="",Housemates!$D$14>=$B38)),IF($Q38=0,1,INDEX(Bills!$AG$6:$AG$25,$Q38)),0)))) | Z38: =IF(OR($D38="",$B38="",Housemates!$B$15=""),0,IF($R38>0,IF(M38="",0,IF(ISNUMBER(M38),M38,1)),IF($C38="Paying back",0,IF(AND(OR(Housemates!$C$15="",Housemates!$C$15<=$B38),OR(Housemates!$D$15="",Housemates!$D$15>=$B38)),IF($Q38=0,1,INDEX(Bills!$AH$6:$AH$25,$Q38)),0)))) | AA38: =SUM(S38:Z38) | AB38: =IF(AA38=0,0,D38*S38/AA38) | AC38: =IF(AA38=0,0,D38*T38/AA38) | AD38: =IF(AA38=0,0,D38*U38/AA38) | AE38: =IF(AA38=0,0,D38*V38/AA38) | AF38: =IF(AA38=0,0,D38*W38/AA38) | AG38: =IF(AA38=0,0,D38*X38/AA38) | AH38: =IF(AA38=0,0,D38*Y38/AA38) | AI38: =IF(AA38=0,0,D38*Z38/AA38) | AJ38: =IF(OR(C38="",B38=""),"",C38&"|"&(YEAR(B38)*100+MONTH(B38)))
B39: 46116 | C39: Groceries | D39: 73.92 | E39: Maya | N39: =IF(D39="","",IF(B39="","No date",IF(AND(C39="Paying back",R39=0),"To whom?",IF(AA39=0,"Nobody",IF(C39="Paying back","To "&INDEX(Housemates!$B$8:$B$15,MATCH(MAX(S39:Z39),S39:Z39,0)),IF(R39>0,IF(COUNTIF(S39:Z39,">0")=1,"1 person",COUNTIF(S39:Z39,">0")&" people"),IF(Q39=0,"Everyone",INDEX(Bills!$Q$6:$Q$25,Q39)))))))) | O39: =IF(D39="","",IF(C39="Paying back","Paying back",IF(Q39=0,"Other",IF(INDEX(Bills!$C$6:$C$25,Q39)="","Other",INDEX(Bills!$C$6:$C$25,Q39))))) | Q39: =IF(C39="",0,IFERROR(MATCH(C39,Bills!$B$6:$B$25,0),0)) | R39: =COUNTA(F39:M39) | S39: =IF(OR($D39="",$B39="",Housemates!$B$8=""),0,IF($R39>0,IF(F39="",0,IF(ISNUMBER(F39),F39,1)),IF($C39="Paying back",0,IF(AND(OR(Housemates!$C$8="",Housemates!$C$8<=$B39),OR(Housemates!$D$8="",Housemates!$D$8>=$B39)),IF($Q39=0,1,INDEX(Bills!$AA$6:$AA$25,$Q39)),0)))) | T39: =IF(OR($D39="",$B39="",Housemates!$B$9=""),0,IF($R39>0,IF(G39="",0,IF(ISNUMBER(G39),G39,1)),IF($C39="Paying back",0,IF(AND(OR(Housemates!$C$9="",Housemates!$C$9<=$B39),OR(Housemates!$D$9="",Housemates!$D$9>=$B39)),IF($Q39=0,1,INDEX(Bills!$AB$6:$AB$25,$Q39)),0)))) | U39: =IF(OR($D39="",$B39="",Housemates!$B$10=""),0,IF($R39>0,IF(H39="",0,IF(ISNUMBER(H39),H39,1)),IF($C39="Paying back",0,IF(AND(OR(Housemates!$C$10="",Housemates!$C$10<=$B39),OR(Housemates!$D$10="",Housemates!$D$10>=$B39)),IF($Q39=0,1,INDEX(Bills!$AC$6:$AC$25,$Q39)),0)))) | V39: =IF(OR($D39="",$B39="",Housemates!$B$11=""),0,IF($R39>0,IF(I39="",0,IF(ISNUMBER(I39),I39,1)),IF($C39="Paying back",0,IF(AND(OR(Housemates!$C$11="",Housemates!$C$11<=$B39),OR(Housemates!$D$11="",Housemates!$D$11>=$B39)),IF($Q39=0,1,INDEX(Bills!$AD$6:$AD$25,$Q39)),0)))) | W39: =IF(OR($D39="",$B39="",Housemates!$B$12=""),0,IF($R39>0,IF(J39="",0,IF(ISNUMBER(J39),J39,1)),IF($C39="Paying back",0,IF(AND(OR(Housemates!$C$12="",Housemates!$C$12<=$B39),OR(Housemates!$D$12="",Housemates!$D$12>=$B39)),IF($Q39=0,1,INDEX(Bills!$AE$6:$AE$25,$Q39)),0)))) | X39: =IF(OR($D39="",$B39="",Housemates!$B$13=""),0,IF($R39>0,IF(K39="",0,IF(ISNUMBER(K39),K39,1)),IF($C39="Paying back",0,IF(AND(OR(Housemates!$C$13="",Housemates!$C$13<=$B39),OR(Housemates!$D$13="",Housemates!$D$13>=$B39)),IF($Q39=0,1,INDEX(Bills!$AF$6:$AF$25,$Q39)),0)))) | Y39: =IF(OR($D39="",$B39="",Housemates!$B$14=""),0,IF($R39>0,IF(L39="",0,IF(ISNUMBER(L39),L39,1)),IF($C39="Paying back",0,IF(AND(OR(Housemates!$C$14="",Housemates!$C$14<=$B39),OR(Housemates!$D$14="",Housemates!$D$14>=$B39)),IF($Q39=0,1,INDEX(Bills!$AG$6:$AG$25,$Q39)),0)))) | Z39: =IF(OR($D39="",$B39="",Housemates!$B$15=""),0,IF($R39>0,IF(M39="",0,IF(ISNUMBER(M39),M39,1)),IF($C39="Paying back",0,IF(AND(OR(Housemates!$C$15="",Housemates!$C$15<=$B39),OR(Housemates!$D$15="",Housemates!$D$15>=$B39)),IF($Q39=0,1,INDEX(Bills!$AH$6:$AH$25,$Q39)),0)))) | AA39: =SUM(S39:Z39) | AB39: =IF(AA39=0,0,D39*S39/AA39) | AC39: =IF(AA39=0,0,D39*T39/AA39) | AD39: =IF(AA39=0,0,D39*U39/AA39) | AE39: =IF(AA39=0,0,D39*V39/AA39) | AF39: =IF(AA39=0,0,D39*W39/AA39) | AG39: =IF(AA39=0,0,D39*X39/AA39) | AH39: =IF(AA39=0,0,D39*Y39/AA39) | AI39: =IF(AA39=0,0,D39*Z39/AA39) | AJ39: =IF(OR(C39="",B39=""),"",C39&"|"&(YEAR(B39)*100+MONTH(B39)))
B40: 46120 | C40: Cleaning and household | D40: 19.56 | E40: Leo | N40: =IF(D40="","",IF(B40="","No date",IF(AND(C40="Paying back",R40=0),"To whom?",IF(AA40=0,"Nobody",IF(C40="Paying back","To "&INDEX(Housemates!$B$8:$B$15,MATCH(MAX(S40:Z40),S40:Z40,0)),IF(R40>0,IF(COUNTIF(S40:Z40,">0")=1,"1 person",COUNTIF(S40:Z40,">0")&" people"),IF(Q40=0,"Everyone",INDEX(Bills!$Q$6:$Q$25,Q40)))))))) | O40: =IF(D40="","",IF(C40="Paying back","Paying back",IF(Q40=0,"Other",IF(INDEX(Bills!$C$6:$C$25,Q40)="","Other",INDEX(Bills!$C$6:$C$25,Q40))))) | Q40: =IF(C40="",0,IFERROR(MATCH(C40,Bills!$B$6:$B$25,0),0)) | R40: =COUNTA(F40:M40) | S40: =IF(OR($D40="",$B40="",Housemates!$B$8=""),0,IF($R40>0,IF(F40="",0,IF(ISNUMBER(F40),F40,1)),IF($C40="Paying back",0,IF(AND(OR(Housemates!$C$8="",Housemates!$C$8<=$B40),OR(Housemates!$D$8="",Housemates!$D$8>=$B40)),IF($Q40=0,1,INDEX(Bills!$AA$6:$AA$25,$Q40)),0)))) | T40: =IF(OR($D40="",$B40="",Housemates!$B$9=""),0,IF($R40>0,IF(G40="",0,IF(ISNUMBER(G40),G40,1)),IF($C40="Paying back",0,IF(AND(OR(Housemates!$C$9="",Housemates!$C$9<=$B40),OR(Housemates!$D$9="",Housemates!$D$9>=$B40)),IF($Q40=0,1,INDEX(Bills!$AB$6:$AB$25,$Q40)),0)))) | U40: =IF(OR($D40="",$B40="",Housemates!$B$10=""),0,IF($R40>0,IF(H40="",0,IF(ISNUMBER(H40),H40,1)),IF($C40="Paying back",0,IF(AND(OR(Housemates!$C$10="",Housemates!$C$10<=$B40),OR(Housemates!$D$10="",Housemates!$D$10>=$B40)),IF($Q40=0,1,INDEX(Bills!$AC$6:$AC$25,$Q40)),0)))) | V40: =IF(OR($D40="",$B40="",Housemates!$B$11=""),0,IF($R40>0,IF(I40="",0,IF(ISNUMBER(I40),I40,1)),IF($C40="Paying back",0,IF(AND(OR(Housemates!$C$11="",Housemates!$C$11<=$B40),OR(Housemates!$D$11="",Housemates!$D$11>=$B40)),IF($Q40=0,1,INDEX(Bills!$AD$6:$AD$25,$Q40)),0)))) | W40: =IF(OR($D40="",$B40="",Housemates!$B$12=""),0,IF($R40>0,IF(J40="",0,IF(ISNUMBER(J40),J40,1)),IF($C40="Paying back",0,IF(AND(OR(Housemates!$C$12="",Housemates!$C$12<=$B40),OR(Housemates!$D$12="",Housemates!$D$12>=$B40)),IF($Q40=0,1,INDEX(Bills!$AE$6:$AE$25,$Q40)),0)))) | X40: =IF(OR($D40="",$B40="",Housemates!$B$13=""),0,IF($R40>0,IF(K40="",0,IF(ISNUMBER(K40),K40,1)),IF($C40="Paying back",0,IF(AND(OR(Housemates!$C$13="",Housemates!$C$13<=$B40),OR(Housemates!$D$13="",Housemates!$D$13>=$B40)),IF($Q40=0,1,INDEX(Bills!$AF$6:$AF$25,$Q40)),0)))) | Y40: =IF(OR($D40="",$B40="",Housemates!$B$14=""),0,IF($R40>0,IF(L40="",0,IF(ISNUMBER(L40),L40,1)),IF($C40="Paying back",0,IF(AND(OR(Housemates!$C$14="",Housemates!$C$14<=$B40),OR(Housemates!$D$14="",Housemates!$D$14>=$B40)),IF($Q40=0,1,INDEX(Bills!$AG$6:$AG$25,$Q40)),0)))) | Z40: =IF(OR($D40="",$B40="",Housemates!$B$15=""),0,IF($R40>0,IF(M40="",0,IF(ISNUMBER(M40),M40,1)),IF($C40="Paying back",0,IF(AND(OR(Housemates!$C$15="",Housemates!$C$15<=$B40),OR(Housemates!$D$15="",Housemates!$D$15>=$B40)),IF($Q40=0,1,INDEX(Bills!$AH$6:$AH$25,$Q40)),0)))) | AA40: =SUM(S40:Z40) | AB40: =IF(AA40=0,0,D40*S40/AA40) | AC40: =IF(AA40=0,0,D40*T40/AA40) | AD40: =IF(AA40=0,0,D40*U40/AA40) | AE40: =IF(AA40=0,0,D40*V40/AA40) | AF40: =IF(AA40=0,0,D40*W40/AA40) | AG40: =IF(AA40=0,0,D40*X40/AA40) | AH40: =IF(AA40=0,0,D40*Y40/AA40) | AI40: =IF(AA40=0,0,D40*Z40/AA40) | AJ40: =IF(OR(C40="",B40=""),"",C40&"|"&(YEAR(B40)*100+MONTH(B40)))
B41: 46125 | C41: Electricity | D41: 117 | E41: Leo | N41: =IF(D41="","",IF(B41="","No date",IF(AND(C41="Paying back",R41=0),"To whom?",IF(AA41=0,"Nobody",IF(C41="Paying back","To "&INDEX(Housemates!$B$8:$B$15,MATCH(MAX(S41:Z41),S41:Z41,0)),IF(R41>0,IF(COUNTIF(S41:Z41,">0")=1,"1 person",COUNTIF(S41:Z41,">0")&" people"),IF(Q41=0,"Everyone",INDEX(Bills!$Q$6:$Q$25,Q41)))))))) | O41: =IF(D41="","",IF(C41="Paying back","Paying back",IF(Q41=0,"Other",IF(INDEX(Bills!$C$6:$C$25,Q41)="","Other",INDEX(Bills!$C$6:$C$25,Q41))))) | Q41: =IF(C41="",0,IFERROR(MATCH(C41,Bills!$B$6:$B$25,0),0)) | R41: =COUNTA(F41:M41) | S41: =IF(OR($D41="",$B41="",Housemates!$B$8=""),0,IF($R41>0,IF(F41="",0,IF(ISNUMBER(F41),F41,1)),IF($C41="Paying back",0,IF(AND(OR(Housemates!$C$8="",Housemates!$C$8<=$B41),OR(Housemates!$D$8="",Housemates!$D$8>=$B41)),IF($Q41=0,1,INDEX(Bills!$AA$6:$AA$25,$Q41)),0)))) | T41: =IF(OR($D41="",$B41="",Housemates!$B$9=""),0,IF($R41>0,IF(G41="",0,IF(ISNUMBER(G41),G41,1)),IF($C41="Paying back",0,IF(AND(OR(Housemates!$C$9="",Housemates!$C$9<=$B41),OR(Housemates!$D$9="",Housemates!$D$9>=$B41)),IF($Q41=0,1,INDEX(Bills!$AB$6:$AB$25,$Q41)),0)))) | U41: =IF(OR($D41="",$B41="",Housemates!$B$10=""),0,IF($R41>0,IF(H41="",0,IF(ISNUMBER(H41),H41,1)),IF($C41="Paying back",0,IF(AND(OR(Housemates!$C$10="",Housemates!$C$10<=$B41),OR(Housemates!$D$10="",Housemates!$D$10>=$B41)),IF($Q41=0,1,INDEX(Bills!$AC$6:$AC$25,$Q41)),0)))) | V41: =IF(OR($D41="",$B41="",Housemates!$B$11=""),0,IF($R41>0,IF(I41="",0,IF(ISNUMBER(I41),I41,1)),IF($C41="Paying back",0,IF(AND(OR(Housemates!$C$11="",Housemates!$C$11<=$B41),OR(Housemates!$D$11="",Housemates!$D$11>=$B41)),IF($Q41=0,1,INDEX(Bills!$AD$6:$AD$25,$Q41)),0)))) | W41: =IF(OR($D41="",$B41="",Housemates!$B$12=""),0,IF($R41>0,IF(J41="",0,IF(ISNUMBER(J41),J41,1)),IF($C41="Paying back",0,IF(AND(OR(Housemates!$C$12="",Housemates!$C$12<=$B41),OR(Housemates!$D$12="",Housemates!$D$12>=$B41)),IF($Q41=0,1,INDEX(Bills!$AE$6:$AE$25,$Q41)),0)))) | X41: =IF(OR($D41="",$B41="",Housemates!$B$13=""),0,IF($R41>0,IF(K41="",0,IF(ISNUMBER(K41),K41,1)),IF($C41="Paying back",0,IF(AND(OR(Housemates!$C$13="",Housemates!$C$13<=$B41),OR(Housemates!$D$13="",Housemates!$D$13>=$B41)),IF($Q41=0,1,INDEX(Bills!$AF$6:$AF$25,$Q41)),0)))) | Y41: =IF(OR($D41="",$B41="",Housemates!$B$14=""),0,IF($R41>0,IF(L41="",0,IF(ISNUMBER(L41),L41,1)),IF($C41="Paying back",0,IF(AND(OR(Housemates!$C$14="",Housemates!$C$14<=$B41),OR(Housemates!$D$14="",Housemates!$D$14>=$B41)),IF($Q41=0,1,INDEX(Bills!$AG$6:$AG$25,$Q41)),0)))) | Z41: =IF(OR($D41="",$B41="",Housemates!$B$15=""),0,IF($R41>0,IF(M41="",0,IF(ISNUMBER(M41),M41,1)),IF($C41="Paying back",0,IF(AND(OR(Housemates!$C$15="",Housemates!$C$15<=$B41),OR(Housemates!$D$15="",Housemates!$D$15>=$B41)),IF($Q41=0,1,INDEX(Bills!$AH$6:$AH$25,$Q41)),0)))) | AA41: =SUM(S41:Z41) | AB41: =IF(AA41=0,0,D41*S41/AA41) | AC41: =IF(AA41=0,0,D41*T41/AA41) | AD41: =IF(AA41=0,0,D41*U41/AA41) | AE41: =IF(AA41=0,0,D41*V41/AA41) | AF41: =IF(AA41=0,0,D41*W41/AA41) | AG41: =IF(AA41=0,0,D41*X41/AA41) | AH41: =IF(AA41=0,0,D41*Y41/AA41) | AI41: =IF(AA41=0,0,D41*Z41/AA41) | AJ41: =IF(OR(C41="",B41=""),"",C41&"|"&(YEAR(B41)*100+MONTH(B41)))
B42: 46130 | C42: Groceries | D42: 50.64 | E42: Leo | N42: =IF(D42="","",IF(B42="","No date",IF(AND(C42="Paying back",R42=0),"To whom?",IF(AA42=0,"Nobody",IF(C42="Paying back","To "&INDEX(Housemates!$B$8:$B$15,MATCH(MAX(S42:Z42),S42:Z42,0)),IF(R42>0,IF(COUNTIF(S42:Z42,">0")=1,"1 person",COUNTIF(S42:Z42,">0")&" people"),IF(Q42=0,"Everyone",INDEX(Bills!$Q$6:$Q$25,Q42)))))))) | O42: =IF(D42="","",IF(C42="Paying back","Paying back",IF(Q42=0,"Other",IF(INDEX(Bills!$C$6:$C$25,Q42)="","Other",INDEX(Bills!$C$6:$C$25,Q42))))) | Q42: =IF(C42="",0,IFERROR(MATCH(C42,Bills!$B$6:$B$25,0),0)) | R42: =COUNTA(F42:M42) | S42: =IF(OR($D42="",$B42="",Housemates!$B$8=""),0,IF($R42>0,IF(F42="",0,IF(ISNUMBER(F42),F42,1)),IF($C42="Paying back",0,IF(AND(OR(Housemates!$C$8="",Housemates!$C$8<=$B42),OR(Housemates!$D$8="",Housemates!$D$8>=$B42)),IF($Q42=0,1,INDEX(Bills!$AA$6:$AA$25,$Q42)),0)))) | T42: =IF(OR($D42="",$B42="",Housemates!$B$9=""),0,IF($R42>0,IF(G42="",0,IF(ISNUMBER(G42),G42,1)),IF($C42="Paying back",0,IF(AND(OR(Housemates!$C$9="",Housemates!$C$9<=$B42),OR(Housemates!$D$9="",Housemates!$D$9>=$B42)),IF($Q42=0,1,INDEX(Bills!$AB$6:$AB$25,$Q42)),0)))) | U42: =IF(OR($D42="",$B42="",Housemates!$B$10=""),0,IF($R42>0,IF(H42="",0,IF(ISNUMBER(H42),H42,1)),IF($C42="Paying back",0,IF(AND(OR(Housemates!$C$10="",Housemates!$C$10<=$B42),OR(Housemates!$D$10="",Housemates!$D$10>=$B42)),IF($Q42=0,1,INDEX(Bills!$AC$6:$AC$25,$Q42)),0)))) | V42: =IF(OR($D42="",$B42="",Housemates!$B$11=""),0,IF($R42>0,IF(I42="",0,IF(ISNUMBER(I42),I42,1)),IF($C42="Paying back",0,IF(AND(OR(Housemates!$C$11="",Housemates!$C$11<=$B42),OR(Housemates!$D$11="",Housemates!$D$11>=$B42)),IF($Q42=0,1,INDEX(Bills!$AD$6:$AD$25,$Q42)),0)))) | W42: =IF(OR($D42="",$B42="",Housemates!$B$12=""),0,IF($R42>0,IF(J42="",0,IF(ISNUMBER(J42),J42,1)),IF($C42="Paying back",0,IF(AND(OR(Housemates!$C$12="",Housemates!$C$12<=$B42),OR(Housemates!$D$12="",Housemates!$D$12>=$B42)),IF($Q42=0,1,INDEX(Bills!$AE$6:$AE$25,$Q42)),0)))) | X42: =IF(OR($D42="",$B42="",Housemates!$B$13=""),0,IF($R42>0,IF(K42="",0,IF(ISNUMBER(K42),K42,1)),IF($C42="Paying back",0,IF(AND(OR(Housemates!$C$13="",Housemates!$C$13<=$B42),OR(Housemates!$D$13="",Housemates!$D$13>=$B42)),IF($Q42=0,1,INDEX(Bills!$AF$6:$AF$25,$Q42)),0)))) | Y42: =IF(OR($D42="",$B42="",Housemates!$B$14=""),0,IF($R42>0,IF(L42="",0,IF(ISNUMBER(L42),L42,1)),IF($C42="Paying back",0,IF(AND(OR(Housemates!$C$14="",Housemates!$C$14<=$B42),OR(Housemates!$D$14="",Housemates!$D$14>=$B42)),IF($Q42=0,1,INDEX(Bills!$AG$6:$AG$25,$Q42)),0)))) | Z42: =IF(OR($D42="",$B42="",Housemates!$B$15=""),0,IF($R42>0,IF(M42="",0,IF(ISNUMBER(M42),M42,1)),IF($C42="Paying back",0,IF(AND(OR(Housemates!$C$15="",Housemates!$C$15<=$B42),OR(Housemates!$D$15="",Housemates!$D$15>=$B42)),IF($Q42=0,1,INDEX(Bills!$AH$6:$AH$25,$Q42)),0)))) | AA42: =SUM(S42:Z42) | AB42: =IF(AA42=0,0,D42*S42/AA42) | AC42: =IF(AA42=0,0,D42*T42/AA42) | AD42: =IF(AA42=0,0,D42*U42/AA42) | AE42: =IF(AA42=0,0,D42*V42/AA42) | AF42: =IF(AA42=0,0,D42*W42/AA42) | AG42: =IF(AA42=0,0,D42*X42/AA42) | AH42: =IF(AA42=0,0,D42*Y42/AA42) | AI42: =IF(AA42=0,0,D42*Z42/AA42) | AJ42: =IF(OR(C42="",B42=""),"",C42&"|"&(YEAR(B42)*100+MONTH(B42)))
B43: 46131 | C43: Streaming | D43: 15.96 | E43: Priya | N43: =IF(D43="","",IF(B43="","No date",IF(AND(C43="Paying back",R43=0),"To whom?",IF(AA43=0,"Nobody",IF(C43="Paying back","To "&INDEX(Housemates!$B$8:$B$15,MATCH(MAX(S43:Z43),S43:Z43,0)),IF(R43>0,IF(COUNTIF(S43:Z43,">0")=1,"1 person",COUNTIF(S43:Z43,">0")&" people"),IF(Q43=0,"Everyone",INDEX(Bills!$Q$6:$Q$25,Q43)))))))) | O43: =IF(D43="","",IF(C43="Paying back","Paying back",IF(Q43=0,"Other",IF(INDEX(Bills!$C$6:$C$25,Q43)="","Other",INDEX(Bills!$C$6:$C$25,Q43))))) | Q43: =IF(C43="",0,IFERROR(MATCH(C43,Bills!$B$6:$B$25,0),0)) | R43: =COUNTA(F43:M43) | S43: =IF(OR($D43="",$B43="",Housemates!$B$8=""),0,IF($R43>0,IF(F43="",0,IF(ISNUMBER(F43),F43,1)),IF($C43="Paying back",0,IF(AND(OR(Housemates!$C$8="",Housemates!$C$8<=$B43),OR(Housemates!$D$8="",Housemates!$D$8>=$B43)),IF($Q43=0,1,INDEX(Bills!$AA$6:$AA$25,$Q43)),0)))) | T43: =IF(OR($D43="",$B43="",Housemates!$B$9=""),0,IF($R43>0,IF(G43="",0,IF(ISNUMBER(G43),G43,1)),IF($C43="Paying back",0,IF(AND(OR(Housemates!$C$9="",Housemates!$C$9<=$B43),OR(Housemates!$D$9="",Housemates!$D$9>=$B43)),IF($Q43=0,1,INDEX(Bills!$AB$6:$AB$25,$Q43)),0)))) | U43: =IF(OR($D43="",$B43="",Housemates!$B$10=""),0,IF($R43>0,IF(H43="",0,IF(ISNUMBER(H43),H43,1)),IF($C43="Paying back",0,IF(AND(OR(Housemates!$C$10="",Housemates!$C$10<=$B43),OR(Housemates!$D$10="",Housemates!$D$10>=$B43)),IF($Q43=0,1,INDEX(Bills!$AC$6:$AC$25,$Q43)),0)))) | V43: =IF(OR($D43="",$B43="",Housemates!$B$11=""),0,IF($R43>0,IF(I43="",0,IF(ISNUMBER(I43),I43,1)),IF($C43="Paying back",0,IF(AND(OR(Housemates!$C$11="",Housemates!$C$11<=$B43),OR(Housemates!$D$11="",Housemates!$D$11>=$B43)),IF($Q43=0,1,INDEX(Bills!$AD$6:$AD$25,$Q43)),0)))) | W43: =IF(OR($D43="",$B43="",Housemates!$B$12=""),0,IF($R43>0,IF(J43="",0,IF(ISNUMBER(J43),J43,1)),IF($C43="Paying back",0,IF(AND(OR(Housemates!$C$12="",Housemates!$C$12<=$B43),OR(Housemates!$D$12="",Housemates!$D$12>=$B43)),IF($Q43=0,1,INDEX(Bills!$AE$6:$AE$25,$Q43)),0)))) | X43: =IF(OR($D43="",$B43="",Housemates!$B$13=""),0,IF($R43>0,IF(K43="",0,IF(ISNUMBER(K43),K43,1)),IF($C43="Paying back",0,IF(AND(OR(Housemates!$C$13="",Housemates!$C$13<=$B43),OR(Housemates!$D$13="",Housemates!$D$13>=$B43)),IF($Q43=0,1,INDEX(Bills!$AF$6:$AF$25,$Q43)),0)))) | Y43: =IF(OR($D43="",$B43="",Housemates!$B$14=""),0,IF($R43>0,IF(L43="",0,IF(ISNUMBER(L43),L43,1)),IF($C43="Paying back",0,IF(AND(OR(Housemates!$C$14="",Housemates!$C$14<=$B43),OR(Housemates!$D$14="",Housemates!$D$14>=$B43)),IF($Q43=0,1,INDEX(Bills!$AG$6:$AG$25,$Q43)),0)))) | Z43: =IF(OR($D43="",$B43="",Housemates!$B$15=""),0,IF($R43>0,IF(M43="",0,IF(ISNUMBER(M43),M43,1)),IF($C43="Paying back",0,IF(AND(OR(Housemates!$C$15="",Housemates!$C$15<=$B43),OR(Housemates!$D$15="",Housemates!$D$15>=$B43)),IF($Q43=0,1,INDEX(Bills!$AH$6:$AH$25,$Q43)),0)))) | AA43: =SUM(S43:Z43) | AB43: =IF(AA43=0,0,D43*S43/AA43) | AC43: =IF(AA43=0,0,D43*T43/AA43) | AD43: =IF(AA43=0,0,D43*U43/AA43) | AE43: =IF(AA43=0,0,D43*V43/AA43) | AF43: =IF(AA43=0,0,D43*W43/AA43) | AG43: =IF(AA43=0,0,D43*X43/AA43) | AH43: =IF(AA43=0,0,D43*Y43/AA43) | AI43: =IF(AA43=0,0,D43*Z43/AA43) | AJ43: =IF(OR(C43="",B43=""),"",C43&"|"&(YEAR(B43)*100+MONTH(B43)))
B44: 46135 | C44: Groceries | D44: 84.12 | E44: Tom | N44: =IF(D44="","",IF(B44="","No date",IF(AND(C44="Paying back",R44=0),"To whom?",IF(AA44=0,"Nobody",IF(C44="Paying back","To "&INDEX(Housemates!$B$8:$B$15,MATCH(MAX(S44:Z44),S44:Z44,0)),IF(R44>0,IF(COUNTIF(S44:Z44,">0")=1,"1 person",COUNTIF(S44:Z44,">0")&" people"),IF(Q44=0,"Everyone",INDEX(Bills!$Q$6:$Q$25,Q44)))))))) | O44: =IF(D44="","",IF(C44="Paying back","Paying back",IF(Q44=0,"Other",IF(INDEX(Bills!$C$6:$C$25,Q44)="","Other",INDEX(Bills!$C$6:$C$25,Q44))))) | Q44: =IF(C44="",0,IFERROR(MATCH(C44,Bills!$B$6:$B$25,0),0)) | R44: =COUNTA(F44:M44) | S44: =IF(OR($D44="",$B44="",Housemates!$B$8=""),0,IF($R44>0,IF(F44="",0,IF(ISNUMBER(F44),F44,1)),IF($C44="Paying back",0,IF(AND(OR(Housemates!$C$8="",Housemates!$C$8<=$B44),OR(Housemates!$D$8="",Housemates!$D$8>=$B44)),IF($Q44=0,1,INDEX(Bills!$AA$6:$AA$25,$Q44)),0)))) | T44: =IF(OR($D44="",$B44="",Housemates!$B$9=""),0,IF($R44>0,IF(G44="",0,IF(ISNUMBER(G44),G44,1)),IF($C44="Paying back",0,IF(AND(OR(Housemates!$C$9="",Housemates!$C$9<=$B44),OR(Housemates!$D$9="",Housemates!$D$9>=$B44)),IF($Q44=0,1,INDEX(Bills!$AB$6:$AB$25,$Q44)),0)))) | U44: =IF(OR($D44="",$B44="",Housemates!$B$10=""),0,IF($R44>0,IF(H44="",0,IF(ISNUMBER(H44),H44,1)),IF($C44="Paying back",0,IF(AND(OR(Housemates!$C$10="",Housemates!$C$10<=$B44),OR(Housemates!$D$10="",Housemates!$D$10>=$B44)),IF($Q44=0,1,INDEX(Bills!$AC$6:$AC$25,$Q44)),0)))) | V44: =IF(OR($D44="",$B44="",Housemates!$B$11=""),0,IF($R44>0,IF(I44="",0,IF(ISNUMBER(I44),I44,1)),IF($C44="Paying back",0,IF(AND(OR(Housemates!$C$11="",Housemates!$C$11<=$B44),OR(Housemates!$D$11="",Housemates!$D$11>=$B44)),IF($Q44=0,1,INDEX(Bills!$AD$6:$AD$25,$Q44)),0)))) | W44: =IF(OR($D44="",$B44="",Housemates!$B$12=""),0,IF($R44>0,IF(J44="",0,IF(ISNUMBER(J44),J44,1)),IF($C44="Paying back",0,IF(AND(OR(Housemates!$C$12="",Housemates!$C$12<=$B44),OR(Housemates!$D$12="",Housemates!$D$12>=$B44)),IF($Q44=0,1,INDEX(Bills!$AE$6:$AE$25,$Q44)),0)))) | X44: =IF(OR($D44="",$B44="",Housemates!$B$13=""),0,IF($R44>0,IF(K44="",0,IF(ISNUMBER(K44),K44,1)),IF($C44="Paying back",0,IF(AND(OR(Housemates!$C$13="",Housemates!$C$13<=$B44),OR(Housemates!$D$13="",Housemates!$D$13>=$B44)),IF($Q44=0,1,INDEX(Bills!$AF$6:$AF$25,$Q44)),0)))) | Y44: =IF(OR($D44="",$B44="",Housemates!$B$14=""),0,IF($R44>0,IF(L44="",0,IF(ISNUMBER(L44),L44,1)),IF($C44="Paying back",0,IF(AND(OR(Housemates!$C$14="",Housemates!$C$14<=$B44),OR(Housemates!$D$14="",Housemates!$D$14>=$B44)),IF($Q44=0,1,INDEX(Bills!$AG$6:$AG$25,$Q44)),0)))) | Z44: =IF(OR($D44="",$B44="",Housemates!$B$15=""),0,IF($R44>0,IF(M44="",0,IF(ISNUMBER(M44),M44,1)),IF($C44="Paying back",0,IF(AND(OR(Housemates!$C$15="",Housemates!$C$15<=$B44),OR(Housemates!$D$15="",Housemates!$D$15>=$B44)),IF($Q44=0,1,INDEX(Bills!$AH$6:$AH$25,$Q44)),0)))) | AA44: =SUM(S44:Z44) | AB44: =IF(AA44=0,0,D44*S44/AA44) | AC44: =IF(AA44=0,0,D44*T44/AA44) | AD44: =IF(AA44=0,0,D44*U44/AA44) | AE44: =IF(AA44=0,0,D44*V44/AA44) | AF44: =IF(AA44=0,0,D44*W44/AA44) | AG44: =IF(AA44=0,0,D44*X44/AA44) | AH44: =IF(AA44=0,0,D44*Y44/AA44) | AI44: =IF(AA44=0,0,D44*Z44/AA44) | AJ44: =IF(OR(C44="",B44=""),"",C44&"|"&(YEAR(B44)*100+MONTH(B44)))
B45: 46143 | C45: Rent | D45: 2400 | E45: Maya | N45: =IF(D45="","",IF(B45="","No date",IF(AND(C45="Paying back",R45=0),"To whom?",IF(AA45=0,"Nobody",IF(C45="Paying back","To "&INDEX(Housemates!$B$8:$B$15,MATCH(MAX(S45:Z45),S45:Z45,0)),IF(R45>0,IF(COUNTIF(S45:Z45,">0")=1,"1 person",COUNTIF(S45:Z45,">0")&" people"),IF(Q45=0,"Everyone",INDEX(Bills!$Q$6:$Q$25,Q45)))))))) | O45: =IF(D45="","",IF(C45="Paying back","Paying back",IF(Q45=0,"Other",IF(INDEX(Bills!$C$6:$C$25,Q45)="","Other",INDEX(Bills!$C$6:$C$25,Q45))))) | Q45: =IF(C45="",0,IFERROR(MATCH(C45,Bills!$B$6:$B$25,0),0)) | R45: =COUNTA(F45:M45) | S45: =IF(OR($D45="",$B45="",Housemates!$B$8=""),0,IF($R45>0,IF(F45="",0,IF(ISNUMBER(F45),F45,1)),IF($C45="Paying back",0,IF(AND(OR(Housemates!$C$8="",Housemates!$C$8<=$B45),OR(Housemates!$D$8="",Housemates!$D$8>=$B45)),IF($Q45=0,1,INDEX(Bills!$AA$6:$AA$25,$Q45)),0)))) | T45: =IF(OR($D45="",$B45="",Housemates!$B$9=""),0,IF($R45>0,IF(G45="",0,IF(ISNUMBER(G45),G45,1)),IF($C45="Paying back",0,IF(AND(OR(Housemates!$C$9="",Housemates!$C$9<=$B45),OR(Housemates!$D$9="",Housemates!$D$9>=$B45)),IF($Q45=0,1,INDEX(Bills!$AB$6:$AB$25,$Q45)),0)))) | U45: =IF(OR($D45="",$B45="",Housemates!$B$10=""),0,IF($R45>0,IF(H45="",0,IF(ISNUMBER(H45),H45,1)),IF($C45="Paying back",0,IF(AND(OR(Housemates!$C$10="",Housemates!$C$10<=$B45),OR(Housemates!$D$10="",Housemates!$D$10>=$B45)),IF($Q45=0,1,INDEX(Bills!$AC$6:$AC$25,$Q45)),0)))) | V45: =IF(OR($D45="",$B45="",Housemates!$B$11=""),0,IF($R45>0,IF(I45="",0,IF(ISNUMBER(I45),I45,1)),IF($C45="Paying back",0,IF(AND(OR(Housemates!$C$11="",Housemates!$C$11<=$B45),OR(Housemates!$D$11="",Housemates!$D$11>=$B45)),IF($Q45=0,1,INDEX(Bills!$AD$6:$AD$25,$Q45)),0)))) | W45: =IF(OR($D45="",$B45="",Housemates!$B$12=""),0,IF($R45>0,IF(J45="",0,IF(ISNUMBER(J45),J45,1)),IF($C45="Paying back",0,IF(AND(OR(Housemates!$C$12="",Housemates!$C$12<=$B45),OR(Housemates!$D$12="",Housemates!$D$12>=$B45)),IF($Q45=0,1,INDEX(Bills!$AE$6:$AE$25,$Q45)),0)))) | X45: =IF(OR($D45="",$B45="",Housemates!$B$13=""),0,IF($R45>0,IF(K45="",0,IF(ISNUMBER(K45),K45,1)),IF($C45="Paying back",0,IF(AND(OR(Housemates!$C$13="",Housemates!$C$13<=$B45),OR(Housemates!$D$13="",Housemates!$D$13>=$B45)),IF($Q45=0,1,INDEX(Bills!$AF$6:$AF$25,$Q45)),0)))) | Y45: =IF(OR($D45="",$B45="",Housemates!$B$14=""),0,IF($R45>0,IF(L45="",0,IF(ISNUMBER(L45),L45,1)),IF($C45="Paying back",0,IF(AND(OR(Housemates!$C$14="",Housemates!$C$14<=$B45),OR(Housemates!$D$14="",Housemates!$D$14>=$B45)),IF($Q45=0,1,INDEX(Bills!$AG$6:$AG$25,$Q45)),0)))) | Z45: =IF(OR($D45="",$B45="",Housemates!$B$15=""),0,IF($R45>0,IF(M45="",0,IF(ISNUMBER(M45),M45,1)),IF($C45="Paying back",0,IF(AND(OR(Housemates!$C$15="",Housemates!$C$15<=$B45),OR(Housemates!$D$15="",Housemates!$D$15>=$B45)),IF($Q45=0,1,INDEX(Bills!$AH$6:$AH$25,$Q45)),0)))) | AA45: =SUM(S45:Z45) | AB45: =IF(AA45=0,0,D45*S45/AA45) | AC45: =IF(AA45=0,0,D45*T45/AA45) | AD45: =IF(AA45=0,0,D45*U45/AA45) | AE45: =IF(AA45=0,0,D45*V45/AA45) | AF45: =IF(AA45=0,0,D45*W45/AA45) | AG45: =IF(AA45=0,0,D45*X45/AA45) | AH45: =IF(AA45=0,0,D45*Y45/AA45) | AI45: =IF(AA45=0,0,D45*Z45/AA45) | AJ45: =IF(OR(C45="",B45=""),"",C45&"|"&(YEAR(B45)*100+MONTH(B45)))
B46: 46146 | C46: Internet | D46: 45 | E46: Leo | N46: =IF(D46="","",IF(B46="","No date",IF(AND(C46="Paying back",R46=0),"To whom?",IF(AA46=0,"Nobody",IF(C46="Paying back","To "&INDEX(Housemates!$B$8:$B$15,MATCH(MAX(S46:Z46),S46:Z46,0)),IF(R46>0,IF(COUNTIF(S46:Z46,">0")=1,"1 person",COUNTIF(S46:Z46,">0")&" people"),IF(Q46=0,"Everyone",INDEX(Bills!$Q$6:$Q$25,Q46)))))))) | O46: =IF(D46="","",IF(C46="Paying back","Paying back",IF(Q46=0,"Other",IF(INDEX(Bills!$C$6:$C$25,Q46)="","Other",INDEX(Bills!$C$6:$C$25,Q46))))) | Q46: =IF(C46="",0,IFERROR(MATCH(C46,Bills!$B$6:$B$25,0),0)) | R46: =COUNTA(F46:M46) | S46: =IF(OR($D46="",$B46="",Housemates!$B$8=""),0,IF($R46>0,IF(F46="",0,IF(ISNUMBER(F46),F46,1)),IF($C46="Paying back",0,IF(AND(OR(Housemates!$C$8="",Housemates!$C$8<=$B46),OR(Housemates!$D$8="",Housemates!$D$8>=$B46)),IF($Q46=0,1,INDEX(Bills!$AA$6:$AA$25,$Q46)),0)))) | T46: =IF(OR($D46="",$B46="",Housemates!$B$9=""),0,IF($R46>0,IF(G46="",0,IF(ISNUMBER(G46),G46,1)),IF($C46="Paying back",0,IF(AND(OR(Housemates!$C$9="",Housemates!$C$9<=$B46),OR(Housemates!$D$9="",Housemates!$D$9>=$B46)),IF($Q46=0,1,INDEX(Bills!$AB$6:$AB$25,$Q46)),0)))) | U46: =IF(OR($D46="",$B46="",Housemates!$B$10=""),0,IF($R46>0,IF(H46="",0,IF(ISNUMBER(H46),H46,1)),IF($C46="Paying back",0,IF(AND(OR(Housemates!$C$10="",Housemates!$C$10<=$B46),OR(Housemates!$D$10="",Housemates!$D$10>=$B46)),IF($Q46=0,1,INDEX(Bills!$AC$6:$AC$25,$Q46)),0)))) | V46: =IF(OR($D46="",$B46="",Housemates!$B$11=""),0,IF($R46>0,IF(I46="",0,IF(ISNUMBER(I46),I46,1)),IF($C46="Paying back",0,IF(AND(OR(Housemates!$C$11="",Housemates!$C$11<=$B46),OR(Housemates!$D$11="",Housemates!$D$11>=$B46)),IF($Q46=0,1,INDEX(Bills!$AD$6:$AD$25,$Q46)),0)))) | W46: =IF(OR($D46="",$B46="",Housemates!$B$12=""),0,IF($R46>0,IF(J46="",0,IF(ISNUMBER(J46),J46,1)),IF($C46="Paying back",0,IF(AND(OR(Housemates!$C$12="",Housemates!$C$12<=$B46),OR(Housemates!$D$12="",Housemates!$D$12>=$B46)),IF($Q46=0,1,INDEX(Bills!$AE$6:$AE$25,$Q46)),0)))) | X46: =IF(OR($D46="",$B46="",Housemates!$B$13=""),0,IF($R46>0,IF(K46="",0,IF(ISNUMBER(K46),K46,1)),IF($C46="Paying back",0,IF(AND(OR(Housemates!$C$13="",Housemates!$C$13<=$B46),OR(Housemates!$D$13="",Housemates!$D$13>=$B46)),IF($Q46=0,1,INDEX(Bills!$AF$6:$AF$25,$Q46)),0)))) | Y46: =IF(OR($D46="",$B46="",Housemates!$B$14=""),0,IF($R46>0,IF(L46="",0,IF(ISNUMBER(L46),L46,1)),IF($C46="Paying back",0,IF(AND(OR(Housemates!$C$14="",Housemates!$C$14<=$B46),OR(Housemates!$D$14="",Housemates!$D$14>=$B46)),IF($Q46=0,1,INDEX(Bills!$AG$6:$AG$25,$Q46)),0)))) | Z46: =IF(OR($D46="",$B46="",Housemates!$B$15=""),0,IF($R46>0,IF(M46="",0,IF(ISNUMBER(M46),M46,1)),IF($C46="Paying back",0,IF(AND(OR(Housemates!$C$15="",Housemates!$C$15<=$B46),OR(Housemates!$D$15="",Housemates!$D$15>=$B46)),IF($Q46=0,1,INDEX(Bills!$AH$6:$AH$25,$Q46)),0)))) | AA46: =SUM(S46:Z46) | AB46: =IF(AA46=0,0,D46*S46/AA46) | AC46: =IF(AA46=0,0,D46*T46/AA46) | AD46: =IF(AA46=0,0,D46*U46/AA46) | AE46: =IF(AA46=0,0,D46*V46/AA46) | AF46: =IF(AA46=0,0,D46*W46/AA46) | AG46: =IF(AA46=0,0,D46*X46/AA46) | AH46: =IF(AA46=0,0,D46*Y46/AA46) | AI46: =IF(AA46=0,0,D46*Z46/AA46) | AJ46: =IF(OR(C46="",B46=""),"",C46&"|"&(YEAR(B46)*100+MONTH(B46)))
B47: 46149 | C47: Water | D47: 74.04 | E47: Maya | N47: =IF(D47="","",IF(B47="","No date",IF(AND(C47="Paying back",R47=0),"To whom?",IF(AA47=0,"Nobody",IF(C47="Paying back","To "&INDEX(Housemates!$B$8:$B$15,MATCH(MAX(S47:Z47),S47:Z47,0)),IF(R47>0,IF(COUNTIF(S47:Z47,">0")=1,"1 person",COUNTIF(S47:Z47,">0")&" people"),IF(Q47=0,"Everyone",INDEX(Bills!$Q$6:$Q$25,Q47)))))))) | O47: =IF(D47="","",IF(C47="Paying back","Paying back",IF(Q47=0,"Other",IF(INDEX(Bills!$C$6:$C$25,Q47)="","Other",INDEX(Bills!$C$6:$C$25,Q47))))) | Q47: =IF(C47="",0,IFERROR(MATCH(C47,Bills!$B$6:$B$25,0),0)) | R47: =COUNTA(F47:M47) | S47: =IF(OR($D47="",$B47="",Housemates!$B$8=""),0,IF($R47>0,IF(F47="",0,IF(ISNUMBER(F47),F47,1)),IF($C47="Paying back",0,IF(AND(OR(Housemates!$C$8="",Housemates!$C$8<=$B47),OR(Housemates!$D$8="",Housemates!$D$8>=$B47)),IF($Q47=0,1,INDEX(Bills!$AA$6:$AA$25,$Q47)),0)))) | T47: =IF(OR($D47="",$B47="",Housemates!$B$9=""),0,IF($R47>0,IF(G47="",0,IF(ISNUMBER(G47),G47,1)),IF($C47="Paying back",0,IF(AND(OR(Housemates!$C$9="",Housemates!$C$9<=$B47),OR(Housemates!$D$9="",Housemates!$D$9>=$B47)),IF($Q47=0,1,INDEX(Bills!$AB$6:$AB$25,$Q47)),0)))) | U47: =IF(OR($D47="",$B47="",Housemates!$B$10=""),0,IF($R47>0,IF(H47="",0,IF(ISNUMBER(H47),H47,1)),IF($C47="Paying back",0,IF(AND(OR(Housemates!$C$10="",Housemates!$C$10<=$B47),OR(Housemates!$D$10="",Housemates!$D$10>=$B47)),IF($Q47=0,1,INDEX(Bills!$AC$6:$AC$25,$Q47)),0)))) | V47: =IF(OR($D47="",$B47="",Housemates!$B$11=""),0,IF($R47>0,IF(I47="",0,IF(ISNUMBER(I47),I47,1)),IF($C47="Paying back",0,IF(AND(OR(Housemates!$C$11="",Housemates!$C$11<=$B47),OR(Housemates!$D$11="",Housemates!$D$11>=$B47)),IF($Q47=0,1,INDEX(Bills!$AD$6:$AD$25,$Q47)),0)))) | W47: =IF(OR($D47="",$B47="",Housemates!$B$12=""),0,IF($R47>0,IF(J47="",0,IF(ISNUMBER(J47),J47,1)),IF($C47="Paying back",0,IF(AND(OR(Housemates!$C$12="",Housemates!$C$12<=$B47),OR(Housemates!$D$12="",Housemates!$D$12>=$B47)),IF($Q47=0,1,INDEX(Bills!$AE$6:$AE$25,$Q47)),0)))) | X47: =IF(OR($D47="",$B47="",Housemates!$B$13=""),0,IF($R47>0,IF(K47="",0,IF(ISNUMBER(K47),K47,1)),IF($C47="Paying back",0,IF(AND(OR(Housemates!$C$13="",Housemates!$C$13<=$B47),OR(Housemates!$D$13="",Housemates!$D$13>=$B47)),IF($Q47=0,1,INDEX(Bills!$AF$6:$AF$25,$Q47)),0)))) | Y47: =IF(OR($D47="",$B47="",Housemates!$B$14=""),0,IF($R47>0,IF(L47="",0,IF(ISNUMBER(L47),L47,1)),IF($C47="Paying back",0,IF(AND(OR(Housemates!$C$14="",Housemates!$C$14<=$B47),OR(Housemates!$D$14="",Housemates!$D$14>=$B47)),IF($Q47=0,1,INDEX(Bills!$AG$6:$AG$25,$Q47)),0)))) | Z47: =IF(OR($D47="",$B47="",Housemates!$B$15=""),0,IF($R47>0,IF(M47="",0,IF(ISNUMBER(M47),M47,1)),IF($C47="Paying back",0,IF(AND(OR(Housemates!$C$15="",Housemates!$C$15<=$B47),OR(Housemates!$D$15="",Housemates!$D$15>=$B47)),IF($Q47=0,1,INDEX(Bills!$AH$6:$AH$25,$Q47)),0)))) | AA47: =SUM(S47:Z47) | AB47: =IF(AA47=0,0,D47*S47/AA47) | AC47: =IF(AA47=0,0,D47*T47/AA47) | AD47: =IF(AA47=0,0,D47*U47/AA47) | AE47: =IF(AA47=0,0,D47*V47/AA47) | AF47: =IF(AA47=0,0,D47*W47/AA47) | AG47: =IF(AA47=0,0,D47*X47/AA47) | AH47: =IF(AA47=0,0,D47*Y47/AA47) | AI47: =IF(AA47=0,0,D47*Z47/AA47) | AJ47: =IF(OR(C47="",B47=""),"",C47&"|"&(YEAR(B47)*100+MONTH(B47)))
B48: 46154 | C48: Electricity | D48: 93.72 | E48: Leo | N48: =IF(D48="","",IF(B48="","No date",IF(AND(C48="Paying back",R48=0),"To whom?",IF(AA48=0,"Nobody",IF(C48="Paying back","To "&INDEX(Housemates!$B$8:$B$15,MATCH(MAX(S48:Z48),S48:Z48,0)),IF(R48>0,IF(COUNTIF(S48:Z48,">0")=1,"1 person",COUNTIF(S48:Z48,">0")&" people"),IF(Q48=0,"Everyone",INDEX(Bills!$Q$6:$Q$25,Q48)))))))) | O48: =IF(D48="","",IF(C48="Paying back","Paying back",IF(Q48=0,"Other",IF(INDEX(Bills!$C$6:$C$25,Q48)="","Other",INDEX(Bills!$C$6:$C$25,Q48))))) | Q48: =IF(C48="",0,IFERROR(MATCH(C48,Bills!$B$6:$B$25,0),0)) | R48: =COUNTA(F48:M48) | S48: =IF(OR($D48="",$B48="",Housemates!$B$8=""),0,IF($R48>0,IF(F48="",0,IF(ISNUMBER(F48),F48,1)),IF($C48="Paying back",0,IF(AND(OR(Housemates!$C$8="",Housemates!$C$8<=$B48),OR(Housemates!$D$8="",Housemates!$D$8>=$B48)),IF($Q48=0,1,INDEX(Bills!$AA$6:$AA$25,$Q48)),0)))) | T48: =IF(OR($D48="",$B48="",Housemates!$B$9=""),0,IF($R48>0,IF(G48="",0,IF(ISNUMBER(G48),G48,1)),IF($C48="Paying back",0,IF(AND(OR(Housemates!$C$9="",Housemates!$C$9<=$B48),OR(Housemates!$D$9="",Housemates!$D$9>=$B48)),IF($Q48=0,1,INDEX(Bills!$AB$6:$AB$25,$Q48)),0)))) | U48: =IF(OR($D48="",$B48="",Housemates!$B$10=""),0,IF($R48>0,IF(H48="",0,IF(ISNUMBER(H48),H48,1)),IF($C48="Paying back",0,IF(AND(OR(Housemates!$C$10="",Housemates!$C$10<=$B48),OR(Housemates!$D$10="",Housemates!$D$10>=$B48)),IF($Q48=0,1,INDEX(Bills!$AC$6:$AC$25,$Q48)),0)))) | V48: =IF(OR($D48="",$B48="",Housemates!$B$11=""),0,IF($R48>0,IF(I48="",0,IF(ISNUMBER(I48),I48,1)),IF($C48="Paying back",0,IF(AND(OR(Housemates!$C$11="",Housemates!$C$11<=$B48),OR(Housemates!$D$11="",Housemates!$D$11>=$B48)),IF($Q48=0,1,INDEX(Bills!$AD$6:$AD$25,$Q48)),0)))) | W48: =IF(OR($D48="",$B48="",Housemates!$B$12=""),0,IF($R48>0,IF(J48="",0,IF(ISNUMBER(J48),J48,1)),IF($C48="Paying back",0,IF(AND(OR(Housemates!$C$12="",Housemates!$C$12<=$B48),OR(Housemates!$D$12="",Housemates!$D$12>=$B48)),IF($Q48=0,1,INDEX(Bills!$AE$6:$AE$25,$Q48)),0)))) | X48: =IF(OR($D48="",$B48="",Housemates!$B$13=""),0,IF($R48>0,IF(K48="",0,IF(ISNUMBER(K48),K48,1)),IF($C48="Paying back",0,IF(AND(OR(Housemates!$C$13="",Housemates!$C$13<=$B48),OR(Housemates!$D$13="",Housemates!$D$13>=$B48)),IF($Q48=0,1,INDEX(Bills!$AF$6:$AF$25,$Q48)),0)))) | Y48: =IF(OR($D48="",$B48="",Housemates!$B$14=""),0,IF($R48>0,IF(L48="",0,IF(ISNUMBER(L48),L48,1)),IF($C48="Paying back",0,IF(AND(OR(Housemates!$C$14="",Housemates!$C$14<=$B48),OR(Housemates!$D$14="",Housemates!$D$14>=$B48)),IF($Q48=0,1,INDEX(Bills!$AG$6:$AG$25,$Q48)),0)))) | Z48: =IF(OR($D48="",$B48="",Housemates!$B$15=""),0,IF($R48>0,IF(M48="",0,IF(ISNUMBER(M48),M48,1)),IF($C48="Paying back",0,IF(AND(OR(Housemates!$C$15="",Housemates!$C$15<=$B48),OR(Housemates!$D$15="",Housemates!$D$15>=$B48)),IF($Q48=0,1,INDEX(Bills!$AH$6:$AH$25,$Q48)),0)))) | AA48: =SUM(S48:Z48) | AB48: =IF(AA48=0,0,D48*S48/AA48) | AC48: =IF(AA48=0,0,D48*T48/AA48) | AD48: =IF(AA48=0,0,D48*U48/AA48) | AE48: =IF(AA48=0,0,D48*V48/AA48) | AF48: =IF(AA48=0,0,D48*W48/AA48) | AG48: =IF(AA48=0,0,D48*X48/AA48) | AH48: =IF(AA48=0,0,D48*Y48/AA48) | AI48: =IF(AA48=0,0,D48*Z48/AA48) | AJ48: =IF(OR(C48="",B48=""),"",C48&"|"&(YEAR(B48)*100+MONTH(B48)))
... B54: 46168 | C54: Groceries | D54: 81 | E54: Maya | N54: =IF(D54="","",IF(B54="","No date",IF(AND(C54="Paying back",R54=0),"To whom?",IF(AA54=0,"Nobody",IF(C54="Paying back","To "&INDEX(Housemates!$B$8:$B$15,MATCH(MAX(S54:Z54),S54:Z54,0)),IF(R54>0,IF(COUNTIF(S54:Z54,">0")=1,"1 person",COUNTIF(S54:Z54,">0")&" people"),IF(Q54=0,"Everyone",INDEX(Bills!$Q$6:$Q$25,Q54)))))))) | O54: =IF(D54="","",IF(C54="Paying back","Paying back",IF(Q54=0,"Other",IF(INDEX(Bills!$C$6:$C$25,Q54)="","Other",INDEX(Bills!$C$6:$C$25,Q54))))) | Q54: =IF(C54="",0,IFERROR(MATCH(C54,Bills!$B$6:$B$25,0),0)) | R54: =COUNTA(F54:M54) | S54: =IF(OR($D54="",$B54="",Housemates!$B$8=""),0,IF($R54>0,IF(F54="",0,IF(ISNUMBER(F54),F54,1)),IF($C54="Paying back",0,IF(AND(OR(Housemates!$C$8="",Housemates!$C$8<=$B54),OR(Housemates!$D$8="",Housemates!$D$8>=$B54)),IF($Q54=0,1,INDEX(Bills!$AA$6:$AA$25,$Q54)),0)))) | T54: =IF(OR($D54="",$B54="",Housemates!$B$9=""),0,IF($R54>0,IF(G54="",0,IF(ISNUMBER(G54),G54,1)),IF($C54="Paying back",0,IF(AND(OR(Housemates!$C$9="",Housemates!$C$9<=$B54),OR(Housemates!$D$9="",Housemates!$D$9>=$B54)),IF($Q54=0,1,INDEX(Bills!$AB$6:$AB$25,$Q54)),0)))) | U54: =IF(OR($D54="",$B54="",Housemates!$B$10=""),0,IF($R54>0,IF(H54="",0,IF(ISNUMBER(H54),H54,1)),IF($C54="Paying back",0,IF(AND(OR(Housemates!$C$10="",Housemates!$C$10<=$B54),OR(Housemates!$D$10="",Housemates!$D$10>=$B54)),IF($Q54=0,1,INDEX(Bills!$AC$6:$AC$25,$Q54)),0)))) | V54: =IF(OR($D54="",$B54="",Housemates!$B$11=""),0,IF($R54>0,IF(I54="",0,IF(ISNUMBER(I54),I54,1)),IF($C54="Paying back",0,IF(AND(OR(Housemates!$C$11="",Housemates!$C$11<=$B54),OR(Housemates!$D$11="",Housemates!$D$11>=$B54)),IF($Q54=0,1,INDEX(Bills!$AD$6:$AD$25,$Q54)),0)))) | W54: =IF(OR($D54="",$B54="",Housemates!$B$12=""),0,IF($R54>0,IF(J54="",0,IF(ISNUMBER(J54),J54,1)),IF($C54="Paying back",0,IF(AND(OR(Housemates!$C$12="",Housemates!$C$12<=$B54),OR(Housemates!$D$12="",Housemates!$D$12>=$B54)),IF($Q54=0,1,INDEX(Bills!$AE$6:$AE$25,$Q54)),0)))) | X54: =IF(OR($D54="",$B54="",Housemates!$B$13=""),0,IF($R54>0,IF(K54="",0,IF(ISNUMBER(K54),K54,1)),IF($C54="Paying back",0,IF(AND(OR(Housemates!$C$13="",Housemates!$C$13<=$B54),OR(Housemates!$D$13="",Housemates!$D$13>=$B54)),IF($Q54=0,1,INDEX(Bills!$AF$6:$AF$25,$Q54)),0)))) | Y54: =IF(OR($D54="",$B54="",Housemates!$B$14=""),0,IF($R54>0,IF(L54="",0,IF(ISNUMBER(L54),L54,1)),IF($C54="Paying back",0,IF(AND(OR(Housemates!$C$14="",Housemates!$C$14<=$B54),OR(Housemates!$D$14="",Housemates!$D$14>=$B54)),IF($Q54=0,1,INDEX(Bills!$AG$6:$AG$25,$Q54)),0)))) | Z54: =IF(OR($D54="",$B54="",Housemates!$B$15=""),0,IF($R54>0,IF(M54="",0,IF(ISNUMBER(M54),M54,1)),IF($C54="Paying back",0,IF(AND(OR(Housemates!$C$15="",Housemates!$C$15<=$B54),OR(Housemates!$D$15="",Housemates!$D$15>=$B54)),IF($Q54=0,1,INDEX(Bills!$AH$6:$AH$25,$Q54)),0)))) | AA54: =SUM(S54:Z54) | AB54: =IF(AA54=0,0,D54*S54/AA54) | AC54: =IF(AA54=0,0,D54*T54/AA54) | AD54: =IF(AA54=0,0,D54*U54/AA54) | AE54: =IF(AA54=0,0,D54*V54/AA54) | AF54: =IF(AA54=0,0,D54*W54/AA54) | AG54: =IF(AA54=0,0,D54*X54/AA54) | AH54: =IF(AA54=0,0,D54*Y54/AA54) | AI54: =IF(AA54=0,0,D54*Z54/AA54) | AJ54: =IF(OR(C54="",B54=""),"",C54&"|"&(YEAR(B54)*100+MONTH(B54)))
B55: 46173 | C55: Paying back | D55: 1266.98 | E55: Priya | F55: x | N55: =IF(D55="","",IF(B55="","No date",IF(AND(C55="Paying back",R55=0),"To whom?",IF(AA55=0,"Nobody",IF(C55="Paying back","To "&INDEX(Housemates!$B$8:$B$15,MATCH(MAX(S55:Z55),S55:Z55,0)),IF(R55>0,IF(COUNTIF(S55:Z55,">0")=1,"1 person",COUNTIF(S55:Z55,">0")&" people"),IF(Q55=0,"Everyone",INDEX(Bills!$Q$6:$Q$25,Q55)))))))) | O55: =IF(D55="","",IF(C55="Paying back","Paying back",IF(Q55=0,"Other",IF(INDEX(Bills!$C$6:$C$25,Q55)="","Other",INDEX(Bills!$C$6:$C$25,Q55))))) | Q55: =IF(C55="",0,IFERROR(MATCH(C55,Bills!$B$6:$B$25,0),0)) | R55: =COUNTA(F55:M55) | S55: =IF(OR($D55="",$B55="",Housemates!$B$8=""),0,IF($R55>0,IF(F55="",0,IF(ISNUMBER(F55),F55,1)),IF($C55="Paying back",0,IF(AND(OR(Housemates!$C$8="",Housemates!$C$8<=$B55),OR(Housemates!$D$8="",Housemates!$D$8>=$B55)),IF($Q55=0,1,INDEX(Bills!$AA$6:$AA$25,$Q55)),0)))) | T55: =IF(OR($D55="",$B55="",Housemates!$B$9=""),0,IF($R55>0,IF(G55="",0,IF(ISNUMBER(G55),G55,1)),IF($C55="Paying back",0,IF(AND(OR(Housemates!$C$9="",Housemates!$C$9<=$B55),OR(Housemates!$D$9="",Housemates!$D$9>=$B55)),IF($Q55=0,1,INDEX(Bills!$AB$6:$AB$25,$Q55)),0)))) | U55: =IF(OR($D55="",$B55="",Housemates!$B$10=""),0,IF($R55>0,IF(H55="",0,IF(ISNUMBER(H55),H55,1)),IF($C55="Paying back",0,IF(AND(OR(Housemates!$C$10="",Housemates!$C$10<=$B55),OR(Housemates!$D$10="",Housemates!$D$10>=$B55)),IF($Q55=0,1,INDEX(Bills!$AC$6:$AC$25,$Q55)),0)))) | V55: =IF(OR($D55="",$B55="",Housemates!$B$11=""),0,IF($R55>0,IF(I55="",0,IF(ISNUMBER(I55),I55,1)),IF($C55="Paying back",0,IF(AND(OR(Housemates!$C$11="",Housemates!$C$11<=$B55),OR(Housemates!$D$11="",Housemates!$D$11>=$B55)),IF($Q55=0,1,INDEX(Bills!$AD$6:$AD$25,$Q55)),0)))) | W55: =IF(OR($D55="",$B55="",Housemates!$B$12=""),0,IF($R55>0,IF(J55="",0,IF(ISNUMBER(J55),J55,1)),IF($C55="Paying back",0,IF(AND(OR(Housemates!$C$12="",Housemates!$C$12<=$B55),OR(Housemates!$D$12="",Housemates!$D$12>=$B55)),IF($Q55=0,1,INDEX(Bills!$AE$6:$AE$25,$Q55)),0)))) | X55: =IF(OR($D55="",$B55="",Housemates!$B$13=""),0,IF($R55>0,IF(K55="",0,IF(ISNUMBER(K55),K55,1)),IF($C55="Paying back",0,IF(AND(OR(Housemates!$C$13="",Housemates!$C$13<=$B55),OR(Housemates!$D$13="",Housemates!$D$13>=$B55)),IF($Q55=0,1,INDEX(Bills!$AF$6:$AF$25,$Q55)),0)))) | Y55: =IF(OR($D55="",$B55="",Housemates!$B$14=""),0,IF($R55>0,IF(L55="",0,IF(ISNUMBER(L55),L55,1)),IF($C55="Paying back",0,IF(AND(OR(Housemates!$C$14="",Housemates!$C$14<=$B55),OR(Housemates!$D$14="",Housemates!$D$14>=$B55)),IF($Q55=0,1,INDEX(Bills!$AG$6:$AG$25,$Q55)),0)))) | Z55: =IF(OR($D55="",$B55="",Housemates!$B$15=""),0,IF($R55>0,IF(M55="",0,IF(ISNUMBER(M55),M55,1)),IF($C55="Paying back",0,IF(AND(OR(Housemates!$C$15="",Housemates!$C$15<=$B55),OR(Housemates!$D$15="",Housemates!$D$15>=$B55)),IF($Q55=0,1,INDEX(Bills!$AH$6:$AH$25,$Q55)),0)))) | AA55: =SUM(S55:Z55) | AB55: =IF(AA55=0,0,D55*S55/AA55) | AC55: =IF(AA55=0,0,D55*T55/AA55) | AD55: =IF(AA55=0,0,D55*U55/AA55) | AE55: =IF(AA55=0,0,D55*V55/AA55) | AF55: =IF(AA55=0,0,D55*W55/AA55) | AG55: =IF(AA55=0,0,D55*X55/AA55) | AH55: =IF(AA55=0,0,D55*Y55/AA55) | AI55: =IF(AA55=0,0,D55*Z55/AA55) | AJ55: =IF(OR(C55="",B55=""),"",C55&"|"&(YEAR(B55)*100+MONTH(B55)))
B56: 46173 | C56: Paying back | D56: 1048.1 | E56: Leo | F56: x | N56: =IF(D56="","",IF(B56="","No date",IF(AND(C56="Paying back",R56=0),"To whom?",IF(AA56=0,"Nobody",IF(C56="Paying back","To "&INDEX(Housemates!$B$8:$B$15,MATCH(MAX(S56:Z56),S56:Z56,0)),IF(R56>0,IF(COUNTIF(S56:Z56,">0")=1,"1 person",COUNTIF(S56:Z56,">0")&" people"),IF(Q56=0,"Everyone",INDEX(Bills!$Q$6:$Q$25,Q56)))))))) | O56: =IF(D56="","",IF(C56="Paying back","Paying back",IF(Q56=0,"Other",IF(INDEX(Bills!$C$6:$C$25,Q56)="","Other",INDEX(Bills!$C$6:$C$25,Q56))))) | Q56: =IF(C56="",0,IFERROR(MATCH(C56,Bills!$B$6:$B$25,0),0)) | R56: =COUNTA(F56:M56) | S56: =IF(OR($D56="",$B56="",Housemates!$B$8=""),0,IF($R56>0,IF(F56="",0,IF(ISNUMBER(F56),F56,1)),IF($C56="Paying back",0,IF(AND(OR(Housemates!$C$8="",Housemates!$C$8<=$B56),OR(Housemates!$D$8="",Housemates!$D$8>=$B56)),IF($Q56=0,1,INDEX(Bills!$AA$6:$AA$25,$Q56)),0)))) | T56: =IF(OR($D56="",$B56="",Housemates!$B$9=""),0,IF($R56>0,IF(G56="",0,IF(ISNUMBER(G56),G56,1)),IF($C56="Paying back",0,IF(AND(OR(Housemates!$C$9="",Housemates!$C$9<=$B56),OR(Housemates!$D$9="",Housemates!$D$9>=$B56)),IF($Q56=0,1,INDEX(Bills!$AB$6:$AB$25,$Q56)),0)))) | U56: =IF(OR($D56="",$B56="",Housemates!$B$10=""),0,IF($R56>0,IF(H56="",0,IF(ISNUMBER(H56),H56,1)),IF($C56="Paying back",0,IF(AND(OR(Housemates!$C$10="",Housemates!$C$10<=$B56),OR(Housemates!$D$10="",Housemates!$D$10>=$B56)),IF($Q56=0,1,INDEX(Bills!$AC$6:$AC$25,$Q56)),0)))) | V56: =IF(OR($D56="",$B56="",Housemates!$B$11=""),0,IF($R56>0,IF(I56="",0,IF(ISNUMBER(I56),I56,1)),IF($C56="Paying back",0,IF(AND(OR(Housemates!$C$11="",Housemates!$C$11<=$B56),OR(Housemates!$D$11="",Housemates!$D$11>=$B56)),IF($Q56=0,1,INDEX(Bills!$AD$6:$AD$25,$Q56)),0)))) | W56: =IF(OR($D56="",$B56="",Housemates!$B$12=""),0,IF($R56>0,IF(J56="",0,IF(ISNUMBER(J56),J56,1)),IF($C56="Paying back",0,IF(AND(OR(Housemates!$C$12="",Housemates!$C$12<=$B56),OR(Housemates!$D$12="",Housemates!$D$12>=$B56)),IF($Q56=0,1,INDEX(Bills!$AE$6:$AE$25,$Q56)),0)))) | X56: =IF(OR($D56="",$B56="",Housemates!$B$13=""),0,IF($R56>0,IF(K56="",0,IF(ISNUMBER(K56),K56,1)),IF($C56="Paying back",0,IF(AND(OR(Housemates!$C$13="",Housemates!$C$13<=$B56),OR(Housemates!$D$13="",Housemates!$D$13>=$B56)),IF($Q56=0,1,INDEX(Bills!$AF$6:$AF$25,$Q56)),0)))) | Y56: =IF(OR($D56="",$B56="",Housemates!$B$14=""),0,IF($R56>0,IF(L56="",0,IF(ISNUMBER(L56),L56,1)),IF($C56="Paying back",0,IF(AND(OR(Housemates!$C$14="",Housemates!$C$14<=$B56),OR(Housemates!$D$14="",Housemates!$D$14>=$B56)),IF($Q56=0,1,INDEX(Bills!$AG$6:$AG$25,$Q56)),0)))) | Z56: =IF(OR($D56="",$B56="",Housemates!$B$15=""),0,IF($R56>0,IF(M56="",0,IF(ISNUMBER(M56),M56,1)),IF($C56="Paying back",0,IF(AND(OR(Housemates!$C$15="",Housemates!$C$15<=$B56),OR(Housemates!$D$15="",Housemates!$D$15>=$B56)),IF($Q56=0,1,INDEX(Bills!$AH$6:$AH$25,$Q56)),0)))) | AA56: =SUM(S56:Z56) | AB56: =IF(AA56=0,0,D56*S56/AA56) | AC56: =IF(AA56=0,0,D56*T56/AA56) | AD56: =IF(AA56=0,0,D56*U56/AA56) | AE56: =IF(AA56=0,0,D56*V56/AA56) | AF56: =IF(AA56=0,0,D56*W56/AA56) | AG56: =IF(AA56=0,0,D56*X56/AA56) | AH56: =IF(AA56=0,0,D56*Y56/AA56) | AI56: =IF(AA56=0,0,D56*Z56/AA56) | AJ56: =IF(OR(C56="",B56=""),"",C56&"|"&(YEAR(B56)*100+MONTH(B56)))
B57: 46173 | C57: Paying back | D57: 1040.9 | E57: Tom | F57: x | N57: =IF(D57="","",IF(B57="","No date",IF(AND(C57="Paying back",R57=0),"To whom?",IF(AA57=0,"Nobody",IF(C57="Paying back","To "&INDEX(Housemates!$B$8:$B$15,MATCH(MAX(S57:Z57),S57:Z57,0)),IF(R57>0,IF(COUNTIF(S57:Z57,">0")=1,"1 person",COUNTIF(S57:Z57,">0")&" people"),IF(Q57=0,"Everyone",INDEX(Bills!$Q$6:$Q$25,Q57)))))))) | O57: =IF(D57="","",IF(C57="Paying back","Paying back",IF(Q57=0,"Other",IF(INDEX(Bills!$C$6:$C$25,Q57)="","Other",INDEX(Bills!$C$6:$C$25,Q57))))) | Q57: =IF(C57="",0,IFERROR(MATCH(C57,Bills!$B$6:$B$25,0),0)) | R57: =COUNTA(F57:M57) | S57: =IF(OR($D57="",$B57="",Housemates!$B$8=""),0,IF($R57>0,IF(F57="",0,IF(ISNUMBER(F57),F57,1)),IF($C57="Paying back",0,IF(AND(OR(Housemates!$C$8="",Housemates!$C$8<=$B57),OR(Housemates!$D$8="",Housemates!$D$8>=$B57)),IF($Q57=0,1,INDEX(Bills!$AA$6:$AA$25,$Q57)),0)))) | T57: =IF(OR($D57="",$B57="",Housemates!$B$9=""),0,IF($R57>0,IF(G57="",0,IF(ISNUMBER(G57),G57,1)),IF($C57="Paying back",0,IF(AND(OR(Housemates!$C$9="",Housemates!$C$9<=$B57),OR(Housemates!$D$9="",Housemates!$D$9>=$B57)),IF($Q57=0,1,INDEX(Bills!$AB$6:$AB$25,$Q57)),0)))) | U57: =IF(OR($D57="",$B57="",Housemates!$B$10=""),0,IF($R57>0,IF(H57="",0,IF(ISNUMBER(H57),H57,1)),IF($C57="Paying back",0,IF(AND(OR(Housemates!$C$10="",Housemates!$C$10<=$B57),OR(Housemates!$D$10="",Housemates!$D$10>=$B57)),IF($Q57=0,1,INDEX(Bills!$AC$6:$AC$25,$Q57)),0)))) | V57: =IF(OR($D57="",$B57="",Housemates!$B$11=""),0,IF($R57>0,IF(I57="",0,IF(ISNUMBER(I57),I57,1)),IF($C57="Paying back",0,IF(AND(OR(Housemates!$C$11="",Housemates!$C$11<=$B57),OR(Housemates!$D$11="",Housemates!$D$11>=$B57)),IF($Q57=0,1,INDEX(Bills!$AD$6:$AD$25,$Q57)),0)))) | W57: =IF(OR($D57="",$B57="",Housemates!$B$12=""),0,IF($R57>0,IF(J57="",0,IF(ISNUMBER(J57),J57,1)),IF($C57="Paying back",0,IF(AND(OR(Housemates!$C$12="",Housemates!$C$12<=$B57),OR(Housemates!$D$12="",Housemates!$D$12>=$B57)),IF($Q57=0,1,INDEX(Bills!$AE$6:$AE$25,$Q57)),0)))) | X57: =IF(OR($D57="",$B57="",Housemates!$B$13=""),0,IF($R57>0,IF(K57="",0,IF(ISNUMBER(K57),K57,1)),IF($C57="Paying back",0,IF(AND(OR(Housemates!$C$13="",Housemates!$C$13<=$B57),OR(Housemates!$D$13="",Housemates!$D$13>=$B57)),IF($Q57=0,1,INDEX(Bills!$AF$6:$AF$25,$Q57)),0)))) | Y57: =IF(OR($D57="",$B57="",Housemates!$B$14=""),0,IF($R57>0,IF(L57="",0,IF(ISNUMBER(L57),L57,1)),IF($C57="Paying back",0,IF(AND(OR(Housemates!$C$14="",Housemates!$C$14<=$B57),OR(Housemates!$D$14="",Housemates!$D$14>=$B57)),IF($Q57=0,1,INDEX(Bills!$AG$6:$AG$25,$Q57)),0)))) | Z57: =IF(OR($D57="",$B57="",Housemates!$B$15=""),0,IF($R57>0,IF(M57="",0,IF(ISNUMBER(M57),M57,1)),IF($C57="Paying back",0,IF(AND(OR(Housemates!$C$15="",Housemates!$C$15<=$B57),OR(Housemates!$D$15="",Housemates!$D$15>=$B57)),IF($Q57=0,1,INDEX(Bills!$AH$6:$AH$25,$Q57)),0)))) | AA57: =SUM(S57:Z57) | AB57: =IF(AA57=0,0,D57*S57/AA57) | AC57: =IF(AA57=0,0,D57*T57/AA57) | AD57: =IF(AA57=0,0,D57*U57/AA57) | AE57: =IF(AA57=0,0,D57*V57/AA57) | AF57: =IF(AA57=0,0,D57*W57/AA57) | AG57: =IF(AA57=0,0,D57*X57/AA57) | AH57: =IF(AA57=0,0,D57*Y57/AA57) | AI57: =IF(AA57=0,0,D57*Z57/AA57) | AJ57: =IF(OR(C57="",B57=""),"",C57&"|"&(YEAR(B57)*100+MONTH(B57)))
B58: 46174 | C58: Rent | D58: 2400 | E58: Maya | N58: =IF(D58="","",IF(B58="","No date",IF(AND(C58="Paying back",R58=0),"To whom?",IF(AA58=0,"Nobody",IF(C58="Paying back","To "&INDEX(Housemates!$B$8:$B$15,MATCH(MAX(S58:Z58),S58:Z58,0)),IF(R58>0,IF(COUNTIF(S58:Z58,">0")=1,"1 person",COUNTIF(S58:Z58,">0")&" people"),IF(Q58=0,"Everyone",INDEX(Bills!$Q$6:$Q$25,Q58)))))))) | O58: =IF(D58="","",IF(C58="Paying back","Paying back",IF(Q58=0,"Other",IF(INDEX(Bills!$C$6:$C$25,Q58)="","Other",INDEX(Bills!$C$6:$C$25,Q58))))) | Q58: =IF(C58="",0,IFERROR(MATCH(C58,Bills!$B$6:$B$25,0),0)) | R58: =COUNTA(F58:M58) | S58: =IF(OR($D58="",$B58="",Housemates!$B$8=""),0,IF($R58>0,IF(F58="",0,IF(ISNUMBER(F58),F58,1)),IF($C58="Paying back",0,IF(AND(OR(Housemates!$C$8="",Housemates!$C$8<=$B58),OR(Housemates!$D$8="",Housemates!$D$8>=$B58)),IF($Q58=0,1,INDEX(Bills!$AA$6:$AA$25,$Q58)),0)))) | T58: =IF(OR($D58="",$B58="",Housemates!$B$9=""),0,IF($R58>0,IF(G58="",0,IF(ISNUMBER(G58),G58,1)),IF($C58="Paying back",0,IF(AND(OR(Housemates!$C$9="",Housemates!$C$9<=$B58),OR(Housemates!$D$9="",Housemates!$D$9>=$B58)),IF($Q58=0,1,INDEX(Bills!$AB$6:$AB$25,$Q58)),0)))) | U58: =IF(OR($D58="",$B58="",Housemates!$B$10=""),0,IF($R58>0,IF(H58="",0,IF(ISNUMBER(H58),H58,1)),IF($C58="Paying back",0,IF(AND(OR(Housemates!$C$10="",Housemates!$C$10<=$B58),OR(Housemates!$D$10="",Housemates!$D$10>=$B58)),IF($Q58=0,1,INDEX(Bills!$AC$6:$AC$25,$Q58)),0)))) | V58: =IF(OR($D58="",$B58="",Housemates!$B$11=""),0,IF($R58>0,IF(I58="",0,IF(ISNUMBER(I58),I58,1)),IF($C58="Paying back",0,IF(AND(OR(Housemates!$C$11="",Housemates!$C$11<=$B58),OR(Housemates!$D$11="",Housemates!$D$11>=$B58)),IF($Q58=0,1,INDEX(Bills!$AD$6:$AD$25,$Q58)),0)))) | W58: =IF(OR($D58="",$B58="",Housemates!$B$12=""),0,IF($R58>0,IF(J58="",0,IF(ISNUMBER(J58),J58,1)),IF($C58="Paying back",0,IF(AND(OR(Housemates!$C$12="",Housemates!$C$12<=$B58),OR(Housemates!$D$12="",Housemates!$D$12>=$B58)),IF($Q58=0,1,INDEX(Bills!$AE$6:$AE$25,$Q58)),0)))) | X58: =IF(OR($D58="",$B58="",Housemates!$B$13=""),0,IF($R58>0,IF(K58="",0,IF(ISNUMBER(K58),K58,1)),IF($C58="Paying back",0,IF(AND(OR(Housemates!$C$13="",Housemates!$C$13<=$B58),OR(Housemates!$D$13="",Housemates!$D$13>=$B58)),IF($Q58=0,1,INDEX(Bills!$AF$6:$AF$25,$Q58)),0)))) | Y58: =IF(OR($D58="",$B58="",Housemates!$B$14=""),0,IF($R58>0,IF(L58="",0,IF(ISNUMBER(L58),L58,1)),IF($C58="Paying back",0,IF(AND(OR(Housemates!$C$14="",Housemates!$C$14<=$B58),OR(Housemates!$D$14="",Housemates!$D$14>=$B58)),IF($Q58=0,1,INDEX(Bills!$AG$6:$AG$25,$Q58)),0)))) | Z58: =IF(OR($D58="",$B58="",Housemates!$B$15=""),0,IF($R58>0,IF(M58="",0,IF(ISNUMBER(M58),M58,1)),IF($C58="Paying back",0,IF(AND(OR(Housemates!$C$15="",Housemates!$C$15<=$B58),OR(Housemates!$D$15="",Housemates!$D$15>=$B58)),IF($Q58=0,1,INDEX(Bills!$AH$6:$AH$25,$Q58)),0)))) | AA58: =SUM(S58:Z58) | AB58: =IF(AA58=0,0,D58*S58/AA58) | AC58: =IF(AA58=0,0,D58*T58/AA58) | AD58: =IF(AA58=0,0,D58*U58/AA58) | AE58: =IF(AA58=0,0,D58*V58/AA58) | AF58: =IF(AA58=0,0,D58*W58/AA58) | AG58: =IF(AA58=0,0,D58*X58/AA58) | AH58: =IF(AA58=0,0,D58*Y58/AA58) | AI58: =IF(AA58=0,0,D58*Z58/AA58) | AJ58: =IF(OR(C58="",B58=""),"",C58&"|"&(YEAR(B58)*100+MONTH(B58)))
B59: 46178 | C59: Internet | D59: 45 | E59: Leo | N59: =IF(D59="","",IF(B59="","No date",IF(AND(C59="Paying back",R59=0),"To whom?",IF(AA59=0,"Nobody",IF(C59="Paying back","To "&INDEX(Housemates!$B$8:$B$15,MATCH(MAX(S59:Z59),S59:Z59,0)),IF(R59>0,IF(COUNTIF(S59:Z59,">0")=1,"1 person",COUNTIF(S59:Z59,">0")&" people"),IF(Q59=0,"Everyone",INDEX(Bills!$Q$6:$Q$25,Q59)))))))) | O59: =IF(D59="","",IF(C59="Paying back","Paying back",IF(Q59=0,"Other",IF(INDEX(Bills!$C$6:$C$25,Q59)="","Other",INDEX(Bills!$C$6:$C$25,Q59))))) | Q59: =IF(C59="",0,IFERROR(MATCH(C59,Bills!$B$6:$B$25,0),0)) | R59: =COUNTA(F59:M59) | S59: =IF(OR($D59="",$B59="",Housemates!$B$8=""),0,IF($R59>0,IF(F59="",0,IF(ISNUMBER(F59),F59,1)),IF($C59="Paying back",0,IF(AND(OR(Housemates!$C$8="",Housemates!$C$8<=$B59),OR(Housemates!$D$8="",Housemates!$D$8>=$B59)),IF($Q59=0,1,INDEX(Bills!$AA$6:$AA$25,$Q59)),0)))) | T59: =IF(OR($D59="",$B59="",Housemates!$B$9=""),0,IF($R59>0,IF(G59="",0,IF(ISNUMBER(G59),G59,1)),IF($C59="Paying back",0,IF(AND(OR(Housemates!$C$9="",Housemates!$C$9<=$B59),OR(Housemates!$D$9="",Housemates!$D$9>=$B59)),IF($Q59=0,1,INDEX(Bills!$AB$6:$AB$25,$Q59)),0)))) | U59: =IF(OR($D59="",$B59="",Housemates!$B$10=""),0,IF($R59>0,IF(H59="",0,IF(ISNUMBER(H59),H59,1)),IF($C59="Paying back",0,IF(AND(OR(Housemates!$C$10="",Housemates!$C$10<=$B59),OR(Housemates!$D$10="",Housemates!$D$10>=$B59)),IF($Q59=0,1,INDEX(Bills!$AC$6:$AC$25,$Q59)),0)))) | V59: =IF(OR($D59="",$B59="",Housemates!$B$11=""),0,IF($R59>0,IF(I59="",0,IF(ISNUMBER(I59),I59,1)),IF($C59="Paying back",0,IF(AND(OR(Housemates!$C$11="",Housemates!$C$11<=$B59),OR(Housemates!$D$11="",Housemates!$D$11>=$B59)),IF($Q59=0,1,INDEX(Bills!$AD$6:$AD$25,$Q59)),0)))) | W59: =IF(OR($D59="",$B59="",Housemates!$B$12=""),0,IF($R59>0,IF(J59="",0,IF(ISNUMBER(J59),J59,1)),IF($C59="Paying back",0,IF(AND(OR(Housemates!$C$12="",Housemates!$C$12<=$B59),OR(Housemates!$D$12="",Housemates!$D$12>=$B59)),IF($Q59=0,1,INDEX(Bills!$AE$6:$AE$25,$Q59)),0)))) | X59: =IF(OR($D59="",$B59="",Housemates!$B$13=""),0,IF($R59>0,IF(K59="",0,IF(ISNUMBER(K59),K59,1)),IF($C59="Paying back",0,IF(AND(OR(Housemates!$C$13="",Housemates!$C$13<=$B59),OR(Housemates!$D$13="",Housemates!$D$13>=$B59)),IF($Q59=0,1,INDEX(Bills!$AF$6:$AF$25,$Q59)),0)))) | Y59: =IF(OR($D59="",$B59="",Housemates!$B$14=""),0,IF($R59>0,IF(L59="",0,IF(ISNUMBER(L59),L59,1)),IF($C59="Paying back",0,IF(AND(OR(Housemates!$C$14="",Housemates!$C$14<=$B59),OR(Housemates!$D$14="",Housemates!$D$14>=$B59)),IF($Q59=0,1,INDEX(Bills!$AG$6:$AG$25,$Q59)),0)))) | Z59: =IF(OR($D59="",$B59="",Housemates!$B$15=""),0,IF($R59>0,IF(M59="",0,IF(ISNUMBER(M59),M59,1)),IF($C59="Paying back",0,IF(AND(OR(Housemates!$C$15="",Housemates!$C$15<=$B59),OR(Housemates!$D$15="",Housemates!$D$15>=$B59)),IF($Q59=0,1,INDEX(Bills!$AH$6:$AH$25,$Q59)),0)))) | AA59: =SUM(S59:Z59) | AB59: =IF(AA59=0,0,D59*S59/AA59) | AC59: =IF(AA59=0,0,D59*T59/AA59) | AD59: =IF(AA59=0,0,D59*U59/AA59) | AE59: =IF(AA59=0,0,D59*V59/AA59) | AF59: =IF(AA59=0,0,D59*W59/AA59) | AG59: =IF(AA59=0,0,D59*X59/AA59) | AH59: =IF(AA59=0,0,D59*Y59/AA59) | AI59: =IF(AA59=0,0,D59*Z59/AA59) | AJ59: =IF(OR(C59="",B59=""),"",C59&"|"&(YEAR(B59)*100+MONTH(B59)))
B60: 46183 | C60: Groceries | D60: 50.52 | E60: Maya | N60: =IF(D60="","",IF(B60="","No date",IF(AND(C60="Paying back",R60=0),"To whom?",IF(AA60=0,"Nobody",IF(C60="Paying back","To "&INDEX(Housemates!$B$8:$B$15,MATCH(MAX(S60:Z60),S60:Z60,0)),IF(R60>0,IF(COUNTIF(S60:Z60,">0")=1,"1 person",COUNTIF(S60:Z60,">0")&" people"),IF(Q60=0,"Everyone",INDEX(Bills!$Q$6:$Q$25,Q60)))))))) | O60: =IF(D60="","",IF(C60="Paying back","Paying back",IF(Q60=0,"Other",IF(INDEX(Bills!$C$6:$C$25,Q60)="","Other",INDEX(Bills!$C$6:$C$25,Q60))))) | Q60: =IF(C60="",0,IFERROR(MATCH(C60,Bills!$B$6:$B$25,0),0)) | R60: =COUNTA(F60:M60) | S60: =IF(OR($D60="",$B60="",Housemates!$B$8=""),0,IF($R60>0,IF(F60="",0,IF(ISNUMBER(F60),F60,1)),IF($C60="Paying back",0,IF(AND(OR(Housemates!$C$8="",Housemates!$C$8<=$B60),OR(Housemates!$D$8="",Housemates!$D$8>=$B60)),IF($Q60=0,1,INDEX(Bills!$AA$6:$AA$25,$Q60)),0)))) | T60: =IF(OR($D60="",$B60="",Housemates!$B$9=""),0,IF($R60>0,IF(G60="",0,IF(ISNUMBER(G60),G60,1)),IF($C60="Paying back",0,IF(AND(OR(Housemates!$C$9="",Housemates!$C$9<=$B60),OR(Housemates!$D$9="",Housemates!$D$9>=$B60)),IF($Q60=0,1,INDEX(Bills!$AB$6:$AB$25,$Q60)),0)))) | U60: =IF(OR($D60="",$B60="",Housemates!$B$10=""),0,IF($R60>0,IF(H60="",0,IF(ISNUMBER(H60),H60,1)),IF($C60="Paying back",0,IF(AND(OR(Housemates!$C$10="",Housemates!$C$10<=$B60),OR(Housemates!$D$10="",Housemates!$D$10>=$B60)),IF($Q60=0,1,INDEX(Bills!$AC$6:$AC$25,$Q60)),0)))) | V60: =IF(OR($D60="",$B60="",Housemates!$B$11=""),0,IF($R60>0,IF(I60="",0,IF(ISNUMBER(I60),I60,1)),IF($C60="Paying back",0,IF(AND(OR(Housemates!$C$11="",Housemates!$C$11<=$B60),OR(Housemates!$D$11="",Housemates!$D$11>=$B60)),IF($Q60=0,1,INDEX(Bills!$AD$6:$AD$25,$Q60)),0)))) | W60: =IF(OR($D60="",$B60="",Housemates!$B$12=""),0,IF($R60>0,IF(J60="",0,IF(ISNUMBER(J60),J60,1)),IF($C60="Paying back",0,IF(AND(OR(Housemates!$C$12="",Housemates!$C$12<=$B60),OR(Housemates!$D$12="",Housemates!$D$12>=$B60)),IF($Q60=0,1,INDEX(Bills!$AE$6:$AE$25,$Q60)),0)))) | X60: =IF(OR($D60="",$B60="",Housemates!$B$13=""),0,IF($R60>0,IF(K60="",0,IF(ISNUMBER(K60),K60,1)),IF($C60="Paying back",0,IF(AND(OR(Housemates!$C$13="",Housemates!$C$13<=$B60),OR(Housemates!$D$13="",Housemates!$D$13>=$B60)),IF($Q60=0,1,INDEX(Bills!$AF$6:$AF$25,$Q60)),0)))) | Y60: =IF(OR($D60="",$B60="",Housemates!$B$14=""),0,IF($R60>0,IF(L60="",0,IF(ISNUMBER(L60),L60,1)),IF($C60="Paying back",0,IF(AND(OR(Housemates!$C$14="",Housemates!$C$14<=$B60),OR(Housemates!$D$14="",Housemates!$D$14>=$B60)),IF($Q60=0,1,INDEX(Bills!$AG$6:$AG$25,$Q60)),0)))) | Z60: =IF(OR($D60="",$B60="",Housemates!$B$15=""),0,IF($R60>0,IF(M60="",0,IF(ISNUMBER(M60),M60,1)),IF($C60="Paying back",0,IF(AND(OR(Housemates!$C$15="",Housemates!$C$15<=$B60),OR(Housemates!$D$15="",Housemates!$D$15>=$B60)),IF($Q60=0,1,INDEX(Bills!$AH$6:$AH$25,$Q60)),0)))) | AA60: =SUM(S60:Z60) | AB60: =IF(AA60=0,0,D60*S60/AA60) | AC60: =IF(AA60=0,0,D60*T60/AA60) | AD60: =IF(AA60=0,0,D60*U60/AA60) | AE60: =IF(AA60=0,0,D60*V60/AA60) | AF60: =IF(AA60=0,0,D60*W60/AA60) | AG60: =IF(AA60=0,0,D60*X60/AA60) | AH60: =IF(AA60=0,0,D60*Y60/AA60) | AI60: =IF(AA60=0,0,D60*Z60/AA60) | AJ60: =IF(OR(C60="",B60=""),"",C60&"|"&(YEAR(B60)*100+MONTH(B60)))
B61: 46185 | C61: Electricity | D61: 88.92 | E61: Leo | N61: =IF(D61="","",IF(B61="","No date",IF(AND(C61="Paying back",R61=0),"To whom?",IF(AA61=0,"Nobody",IF(C61="Paying back","To "&INDEX(Housemates!$B$8:$B$15,MATCH(MAX(S61:Z61),S61:Z61,0)),IF(R61>0,IF(COUNTIF(S61:Z61,">0")=1,"1 person",COUNTIF(S61:Z61,">0")&" people"),IF(Q61=0,"Everyone",INDEX(Bills!$Q$6:$Q$25,Q61)))))))) | O61: =IF(D61="","",IF(C61="Paying back","Paying back",IF(Q61=0,"Other",IF(INDEX(Bills!$C$6:$C$25,Q61)="","Other",INDEX(Bills!$C$6:$C$25,Q61))))) | Q61: =IF(C61="",0,IFERROR(MATCH(C61,Bills!$B$6:$B$25,0),0)) | R61: =COUNTA(F61:M61) | S61: =IF(OR($D61="",$B61="",Housemates!$B$8=""),0,IF($R61>0,IF(F61="",0,IF(ISNUMBER(F61),F61,1)),IF($C61="Paying back",0,IF(AND(OR(Housemates!$C$8="",Housemates!$C$8<=$B61),OR(Housemates!$D$8="",Housemates!$D$8>=$B61)),IF($Q61=0,1,INDEX(Bills!$AA$6:$AA$25,$Q61)),0)))) | T61: =IF(OR($D61="",$B61="",Housemates!$B$9=""),0,IF($R61>0,IF(G61="",0,IF(ISNUMBER(G61),G61,1)),IF($C61="Paying back",0,IF(AND(OR(Housemates!$C$9="",Housemates!$C$9<=$B61),OR(Housemates!$D$9="",Housemates!$D$9>=$B61)),IF($Q61=0,1,INDEX(Bills!$AB$6:$AB$25,$Q61)),0)))) | U61: =IF(OR($D61="",$B61="",Housemates!$B$10=""),0,IF($R61>0,IF(H61="",0,IF(ISNUMBER(H61),H61,1)),IF($C61="Paying back",0,IF(AND(OR(Housemates!$C$10="",Housemates!$C$10<=$B61),OR(Housemates!$D$10="",Housemates!$D$10>=$B61)),IF($Q61=0,1,INDEX(Bills!$AC$6:$AC$25,$Q61)),0)))) | V61: =IF(OR($D61="",$B61="",Housemates!$B$11=""),0,IF($R61>0,IF(I61="",0,IF(ISNUMBER(I61),I61,1)),IF($C61="Paying back",0,IF(AND(OR(Housemates!$C$11="",Housemates!$C$11<=$B61),OR(Housemates!$D$11="",Housemates!$D$11>=$B61)),IF($Q61=0,1,INDEX(Bills!$AD$6:$AD$25,$Q61)),0)))) | W61: =IF(OR($D61="",$B61="",Housemates!$B$12=""),0,IF($R61>0,IF(J61="",0,IF(ISNUMBER(J61),J61,1)),IF($C61="Paying back",0,IF(AND(OR(Housemates!$C$12="",Housemates!$C$12<=$B61),OR(Housemates!$D$12="",Housemates!$D$12>=$B61)),IF($Q61=0,1,INDEX(Bills!$AE$6:$AE$25,$Q61)),0)))) | X61: =IF(OR($D61="",$B61="",Housemates!$B$13=""),0,IF($R61>0,IF(K61="",0,IF(ISNUMBER(K61),K61,1)),IF($C61="Paying back",0,IF(AND(OR(Housemates!$C$13="",Housemates!$C$13<=$B61),OR(Housemates!$D$13="",Housemates!$D$13>=$B61)),IF($Q61=0,1,INDEX(Bills!$AF$6:$AF$25,$Q61)),0)))) | Y61: =IF(OR($D61="",$B61="",Housemates!$B$14=""),0,IF($R61>0,IF(L61="",0,IF(ISNUMBER(L61),L61,1)),IF($C61="Paying back",0,IF(AND(OR(Housemates!$C$14="",Housemates!$C$14<=$B61),OR(Housemates!$D$14="",Housemates!$D$14>=$B61)),IF($Q61=0,1,INDEX(Bills!$AG$6:$AG$25,$Q61)),0)))) | Z61: =IF(OR($D61="",$B61="",Housemates!$B$15=""),0,IF($R61>0,IF(M61="",0,IF(ISNUMBER(M61),M61,1)),IF($C61="Paying back",0,IF(AND(OR(Housemates!$C$15="",Housemates!$C$15<=$B61),OR(Housemates!$D$15="",Housemates!$D$15>=$B61)),IF($Q61=0,1,INDEX(Bills!$AH$6:$AH$25,$Q61)),0)))) | AA61: =SUM(S61:Z61) | AB61: =IF(AA61=0,0,D61*S61/AA61) | AC61: =IF(AA61=0,0,D61*T61/AA61) | AD61: =IF(AA61=0,0,D61*U61/AA61) | AE61: =IF(AA61=0,0,D61*V61/AA61) | AF61: =IF(AA61=0,0,D61*W61/AA61) | AG61: =IF(AA61=0,0,D61*X61/AA61) | AH61: =IF(AA61=0,0,D61*Y61/AA61) | AI61: =IF(AA61=0,0,D61*Z61/AA61) | AJ61: =IF(OR(C61="",B61=""),"",C61&"|"&(YEAR(B61)*100+MONTH(B61)))
B62: 46188 | C62: Groceries | D62: 69.84 | E62: Zoe | N62: =IF(D62="","",IF(B62="","No date",IF(AND(C62="Paying back",R62=0),"To whom?",IF(AA62=0,"Nobody",IF(C62="Paying back","To "&INDEX(Housemates!$B$8:$B$15,MATCH(MAX(S62:Z62),S62:Z62,0)),IF(R62>0,IF(COUNTIF(S62:Z62,">0")=1,"1 person",COUNTIF(S62:Z62,">0")&" people"),IF(Q62=0,"Everyone",INDEX(Bills!$Q$6:$Q$25,Q62)))))))) | O62: =IF(D62="","",IF(C62="Paying back","Paying back",IF(Q62=0,"Other",IF(INDEX(Bills!$C$6:$C$25,Q62)="","Other",INDEX(Bills!$C$6:$C$25,Q62))))) | Q62: =IF(C62="",0,IFERROR(MATCH(C62,Bills!$B$6:$B$25,0),0)) | R62: =COUNTA(F62:M62) | S62: =IF(OR($D62="",$B62="",Housemates!$B$8=""),0,IF($R62>0,IF(F62="",0,IF(ISNUMBER(F62),F62,1)),IF($C62="Paying back",0,IF(AND(OR(Housemates!$C$8="",Housemates!$C$8<=$B62),OR(Housemates!$D$8="",Housemates!$D$8>=$B62)),IF($Q62=0,1,INDEX(Bills!$AA$6:$AA$25,$Q62)),0)))) | T62: =IF(OR($D62="",$B62="",Housemates!$B$9=""),0,IF($R62>0,IF(G62="",0,IF(ISNUMBER(G62),G62,1)),IF($C62="Paying back",0,IF(AND(OR(Housemates!$C$9="",Housemates!$C$9<=$B62),OR(Housemates!$D$9="",Housemates!$D$9>=$B62)),IF($Q62=0,1,INDEX(Bills!$AB$6:$AB$25,$Q62)),0)))) | U62: =IF(OR($D62="",$B62="",Housemates!$B$10=""),0,IF($R62>0,IF(H62="",0,IF(ISNUMBER(H62),H62,1)),IF($C62="Paying back",0,IF(AND(OR(Housemates!$C$10="",Housemates!$C$10<=$B62),OR(Housemates!$D$10="",Housemates!$D$10>=$B62)),IF($Q62=0,1,INDEX(Bills!$AC$6:$AC$25,$Q62)),0)))) | V62: =IF(OR($D62="",$B62="",Housemates!$B$11=""),0,IF($R62>0,IF(I62="",0,IF(ISNUMBER(I62),I62,1)),IF($C62="Paying back",0,IF(AND(OR(Housemates!$C$11="",Housemates!$C$11<=$B62),OR(Housemates!$D$11="",Housemates!$D$11>=$B62)),IF($Q62=0,1,INDEX(Bills!$AD$6:$AD$25,$Q62)),0)))) | W62: =IF(OR($D62="",$B62="",Housemates!$B$12=""),0,IF($R62>0,IF(J62="",0,IF(ISNUMBER(J62),J62,1)),IF($C62="Paying back",0,IF(AND(OR(Housemates!$C$12="",Housemates!$C$12<=$B62),OR(Housemates!$D$12="",Housemates!$D$12>=$B62)),IF($Q62=0,1,INDEX(Bills!$AE$6:$AE$25,$Q62)),0)))) | X62: =IF(OR($D62="",$B62="",Housemates!$B$13=""),0,IF($R62>0,IF(K62="",0,IF(ISNUMBER(K62),K62,1)),IF($C62="Paying back",0,IF(AND(OR(Housemates!$C$13="",Housemates!$C$13<=$B62),OR(Housemates!$D$13="",Housemates!$D$13>=$B62)),IF($Q62=0,1,INDEX(Bills!$AF$6:$AF$25,$Q62)),0)))) | Y62: =IF(OR($D62="",$B62="",Housemates!$B$14=""),0,IF($R62>0,IF(L62="",0,IF(ISNUMBER(L62),L62,1)),IF($C62="Paying back",0,IF(AND(OR(Housemates!$C$14="",Housemates!$C$14<=$B62),OR(Housemates!$D$14="",Housemates!$D$14>=$B62)),IF($Q62=0,1,INDEX(Bills!$AG$6:$AG$25,$Q62)),0)))) | Z62: =IF(OR($D62="",$B62="",Housemates!$B$15=""),0,IF($R62>0,IF(M62="",0,IF(ISNUMBER(M62),M62,1)),IF($C62="Paying back",0,IF(AND(OR(Housemates!$C$15="",Housemates!$C$15<=$B62),OR(Housemates!$D$15="",Housemates!$D$15>=$B62)),IF($Q62=0,1,INDEX(Bills!$AH$6:$AH$25,$Q62)),0)))) | AA62: =SUM(S62:Z62) | AB62: =IF(AA62=0,0,D62*S62/AA62) | AC62: =IF(AA62=0,0,D62*T62/AA62) | AD62: =IF(AA62=0,0,D62*U62/AA62) | AE62: =IF(AA62=0,0,D62*V62/AA62) | AF62: =IF(AA62=0,0,D62*W62/AA62) | AG62: =IF(AA62=0,0,D62*X62/AA62) | AH62: =IF(AA62=0,0,D62*Y62/AA62) | AI62: =IF(AA62=0,0,D62*Z62/AA62) | AJ62: =IF(OR(C62="",B62=""),"",C62&"|"&(YEAR(B62)*100+MONTH(B62)))
B63: 46191 | C63: Groceries | D63: 68.64 | E63: Leo | N63: =IF(D63="","",IF(B63="","No date",IF(AND(C63="Paying back",R63=0),"To whom?",IF(AA63=0,"Nobody",IF(C63="Paying back","To "&INDEX(Housemates!$B$8:$B$15,MATCH(MAX(S63:Z63),S63:Z63,0)),IF(R63>0,IF(COUNTIF(S63:Z63,">0")=1,"1 person",COUNTIF(S63:Z63,">0")&" people"),IF(Q63=0,"Everyone",INDEX(Bills!$Q$6:$Q$25,Q63)))))))) | O63: =IF(D63="","",IF(C63="Paying back","Paying back",IF(Q63=0,"Other",IF(INDEX(Bills!$C$6:$C$25,Q63)="","Other",INDEX(Bills!$C$6:$C$25,Q63))))) | Q63: =IF(C63="",0,IFERROR(MATCH(C63,Bills!$B$6:$B$25,0),0)) | R63: =COUNTA(F63:M63) | S63: =IF(OR($D63="",$B63="",Housemates!$B$8=""),0,IF($R63>0,IF(F63="",0,IF(ISNUMBER(F63),F63,1)),IF($C63="Paying back",0,IF(AND(OR(Housemates!$C$8="",Housemates!$C$8<=$B63),OR(Housemates!$D$8="",Housemates!$D$8>=$B63)),IF($Q63=0,1,INDEX(Bills!$AA$6:$AA$25,$Q63)),0)))) | T63: =IF(OR($D63="",$B63="",Housemates!$B$9=""),0,IF($R63>0,IF(G63="",0,IF(ISNUMBER(G63),G63,1)),IF($C63="Paying back",0,IF(AND(OR(Housemates!$C$9="",Housemates!$C$9<=$B63),OR(Housemates!$D$9="",Housemates!$D$9>=$B63)),IF($Q63=0,1,INDEX(Bills!$AB$6:$AB$25,$Q63)),0)))) | U63: =IF(OR($D63="",$B63="",Housemates!$B$10=""),0,IF($R63>0,IF(H63="",0,IF(ISNUMBER(H63),H63,1)),IF($C63="Paying back",0,IF(AND(OR(Housemates!$C$10="",Housemates!$C$10<=$B63),OR(Housemates!$D$10="",Housemates!$D$10>=$B63)),IF($Q63=0,1,INDEX(Bills!$AC$6:$AC$25,$Q63)),0)))) | V63: =IF(OR($D63="",$B63="",Housemates!$B$11=""),0,IF($R63>0,IF(I63="",0,IF(ISNUMBER(I63),I63,1)),IF($C63="Paying back",0,IF(AND(OR(Housemates!$C$11="",Housemates!$C$11<=$B63),OR(Housemates!$D$11="",Housemates!$D$11>=$B63)),IF($Q63=0,1,INDEX(Bills!$AD$6:$AD$25,$Q63)),0)))) | W63: =IF(OR($D63="",$B63="",Housemates!$B$12=""),0,IF($R63>0,IF(J63="",0,IF(ISNUMBER(J63),J63,1)),IF($C63="Paying back",0,IF(AND(OR(Housemates!$C$12="",Housemates!$C$12<=$B63),OR(Housemates!$D$12="",Housemates!$D$12>=$B63)),IF($Q63=0,1,INDEX(Bills!$AE$6:$AE$25,$Q63)),0)))) | X63: =IF(OR($D63="",$B63="",Housemates!$B$13=""),0,IF($R63>0,IF(K63="",0,IF(ISNUMBER(K63),K63,1)),IF($C63="Paying back",0,IF(AND(OR(Housemates!$C$13="",Housemates!$C$13<=$B63),OR(Housemates!$D$13="",Housemates!$D$13>=$B63)),IF($Q63=0,1,INDEX(Bills!$AF$6:$AF$25,$Q63)),0)))) | Y63: =IF(OR($D63="",$B63="",Housemates!$B$14=""),0,IF($R63>0,IF(L63="",0,IF(ISNUMBER(L63),L63,1)),IF($C63="Paying back",0,IF(AND(OR(Housemates!$C$14="",Housemates!$C$14<=$B63),OR(Housemates!$D$14="",Housemates!$D$14>=$B63)),IF($Q63=0,1,INDEX(Bills!$AG$6:$AG$25,$Q63)),0)))) | Z63: =IF(OR($D63="",$B63="",Housemates!$B$15=""),0,IF($R63>0,IF(M63="",0,IF(ISNUMBER(M63),M63,1)),IF($C63="Paying back",0,IF(AND(OR(Housemates!$C$15="",Housemates!$C$15<=$B63),OR(Housemates!$D$15="",Housemates!$D$15>=$B63)),IF($Q63=0,1,INDEX(Bills!$AH$6:$AH$25,$Q63)),0)))) | AA63: =SUM(S63:Z63) | AB63: =IF(AA63=0,0,D63*S63/AA63) | AC63: =IF(AA63=0,0,D63*T63/AA63) | AD63: =IF(AA63=0,0,D63*U63/AA63) | AE63: =IF(AA63=0,0,D63*V63/AA63) | AF63: =IF(AA63=0,0,D63*W63/AA63) | AG63: =IF(AA63=0,0,D63*X63/AA63) | AH63: =IF(AA63=0,0,D63*Y63/AA63) | AI63: =IF(AA63=0,0,D63*Z63/AA63) | AJ63: =IF(OR(C63="",B63=""),"",C63&"|"&(YEAR(B63)*100+MONTH(B63)))
B64: 46193 | C64: Streaming | D64: 15.96 | E64: Priya | N64: =IF(D64="","",IF(B64="","No date",IF(AND(C64="Paying back",R64=0),"To whom?",IF(AA64=0,"Nobody",IF(C64="Paying back","To "&INDEX(Housemates!$B$8:$B$15,MATCH(MAX(S64:Z64),S64:Z64,0)),IF(R64>0,IF(COUNTIF(S64:Z64,">0")=1,"1 person",COUNTIF(S64:Z64,">0")&" people"),IF(Q64=0,"Everyone",INDEX(Bills!$Q$6:$Q$25,Q64)))))))) | O64: =IF(D64="","",IF(C64="Paying back","Paying back",IF(Q64=0,"Other",IF(INDEX(Bills!$C$6:$C$25,Q64)="","Other",INDEX(Bills!$C$6:$C$25,Q64))))) | Q64: =IF(C64="",0,IFERROR(MATCH(C64,Bills!$B$6:$B$25,0),0)) | R64: =COUNTA(F64:M64) | S64: =IF(OR($D64="",$B64="",Housemates!$B$8=""),0,IF($R64>0,IF(F64="",0,IF(ISNUMBER(F64),F64,1)),IF($C64="Paying back",0,IF(AND(OR(Housemates!$C$8="",Housemates!$C$8<=$B64),OR(Housemates!$D$8="",Housemates!$D$8>=$B64)),IF($Q64=0,1,INDEX(Bills!$AA$6:$AA$25,$Q64)),0)))) | T64: =IF(OR($D64="",$B64="",Housemates!$B$9=""),0,IF($R64>0,IF(G64="",0,IF(ISNUMBER(G64),G64,1)),IF($C64="Paying back",0,IF(AND(OR(Housemates!$C$9="",Housemates!$C$9<=$B64),OR(Housemates!$D$9="",Housemates!$D$9>=$B64)),IF($Q64=0,1,INDEX(Bills!$AB$6:$AB$25,$Q64)),0)))) | U64: =IF(OR($D64="",$B64="",Housemates!$B$10=""),0,IF($R64>0,IF(H64="",0,IF(ISNUMBER(H64),H64,1)),IF($C64="Paying back",0,IF(AND(OR(Housemates!$C$10="",Housemates!$C$10<=$B64),OR(Housemates!$D$10="",Housemates!$D$10>=$B64)),IF($Q64=0,1,INDEX(Bills!$AC$6:$AC$25,$Q64)),0)))) | V64: =IF(OR($D64="",$B64="",Housemates!$B$11=""),0,IF($R64>0,IF(I64="",0,IF(ISNUMBER(I64),I64,1)),IF($C64="Paying back",0,IF(AND(OR(Housemates!$C$11="",Housemates!$C$11<=$B64),OR(Housemates!$D$11="",Housemates!$D$11>=$B64)),IF($Q64=0,1,INDEX(Bills!$AD$6:$AD$25,$Q64)),0)))) | W64: =IF(OR($D64="",$B64="",Housemates!$B$12=""),0,IF($R64>0,IF(J64="",0,IF(ISNUMBER(J64),J64,1)),IF($C64="Paying back",0,IF(AND(OR(Housemates!$C$12="",Housemates!$C$12<=$B64),OR(Housemates!$D$12="",Housemates!$D$12>=$B64)),IF($Q64=0,1,INDEX(Bills!$AE$6:$AE$25,$Q64)),0)))) | X64: =IF(OR($D64="",$B64="",Housemates!$B$13=""),0,IF($R64>0,IF(K64="",0,IF(ISNUMBER(K64),K64,1)),IF($C64="Paying back",0,IF(AND(OR(Housemates!$C$13="",Housemates!$C$13<=$B64),OR(Housemates!$D$13="",Housemates!$D$13>=$B64)),IF($Q64=0,1,INDEX(Bills!$AF$6:$AF$25,$Q64)),0)))) | Y64: =IF(OR($D64="",$B64="",Housemates!$B$14=""),0,IF($R64>0,IF(L64="",0,IF(ISNUMBER(L64),L64,1)),IF($C64="Paying back",0,IF(AND(OR(Housemates!$C$14="",Housemates!$C$14<=$B64),OR(Housemates!$D$14="",Housemates!$D$14>=$B64)),IF($Q64=0,1,INDEX(Bills!$AG$6:$AG$25,$Q64)),0)))) | Z64: =IF(OR($D64="",$B64="",Housemates!$B$15=""),0,IF($R64>0,IF(M64="",0,IF(ISNUMBER(M64),M64,1)),IF($C64="Paying back",0,IF(AND(OR(Housemates!$C$15="",Housemates!$C$15<=$B64),OR(Housemates!$D$15="",Housemates!$D$15>=$B64)),IF($Q64=0,1,INDEX(Bills!$AH$6:$AH$25,$Q64)),0)))) | AA64: =SUM(S64:Z64) | AB64: =IF(AA64=0,0,D64*S64/AA64) | AC64: =IF(AA64=0,0,D64*T64/AA64) | AD64: =IF(AA64=0,0,D64*U64/AA64) | AE64: =IF(AA64=0,0,D64*V64/AA64) | AF64: =IF(AA64=0,0,D64*W64/AA64) | AG64: =IF(AA64=0,0,D64*X64/AA64) | AH64: =IF(AA64=0,0,D64*Y64/AA64) | AI64: =IF(AA64=0,0,D64*Z64/AA64) | AJ64: =IF(OR(C64="",B64=""),"",C64&"|"&(YEAR(B64)*100+MONTH(B64)))
B65: 46196 | C65: Cleaning and household | D65: 24.48 | E65: Leo | N65: =IF(D65="","",IF(B65="","No date",IF(AND(C65="Paying back",R65=0),"To whom?",IF(AA65=0,"Nobody",IF(C65="Paying back","To "&INDEX(Housemates!$B$8:$B$15,MATCH(MAX(S65:Z65),S65:Z65,0)),IF(R65>0,IF(COUNTIF(S65:Z65,">0")=1,"1 person",COUNTIF(S65:Z65,">0")&" people"),IF(Q65=0,"Everyone",INDEX(Bills!$Q$6:$Q$25,Q65)))))))) | O65: =IF(D65="","",IF(C65="Paying back","Paying back",IF(Q65=0,"Other",IF(INDEX(Bills!$C$6:$C$25,Q65)="","Other",INDEX(Bills!$C$6:$C$25,Q65))))) | Q65: =IF(C65="",0,IFERROR(MATCH(C65,Bills!$B$6:$B$25,0),0)) | R65: =COUNTA(F65:M65) | S65: =IF(OR($D65="",$B65="",Housemates!$B$8=""),0,IF($R65>0,IF(F65="",0,IF(ISNUMBER(F65),F65,1)),IF($C65="Paying back",0,IF(AND(OR(Housemates!$C$8="",Housemates!$C$8<=$B65),OR(Housemates!$D$8="",Housemates!$D$8>=$B65)),IF($Q65=0,1,INDEX(Bills!$AA$6:$AA$25,$Q65)),0)))) | T65: =IF(OR($D65="",$B65="",Housemates!$B$9=""),0,IF($R65>0,IF(G65="",0,IF(ISNUMBER(G65),G65,1)),IF($C65="Paying back",0,IF(AND(OR(Housemates!$C$9="",Housemates!$C$9<=$B65),OR(Housemates!$D$9="",Housemates!$D$9>=$B65)),IF($Q65=0,1,INDEX(Bills!$AB$6:$AB$25,$Q65)),0)))) | U65: =IF(OR($D65="",$B65="",Housemates!$B$10=""),0,IF($R65>0,IF(H65="",0,IF(ISNUMBER(H65),H65,1)),IF($C65="Paying back",0,IF(AND(OR(Housemates!$C$10="",Housemates!$C$10<=$B65),OR(Housemates!$D$10="",Housemates!$D$10>=$B65)),IF($Q65=0,1,INDEX(Bills!$AC$6:$AC$25,$Q65)),0)))) | V65: =IF(OR($D65="",$B65="",Housemates!$B$11=""),0,IF($R65>0,IF(I65="",0,IF(ISNUMBER(I65),I65,1)),IF($C65="Paying back",0,IF(AND(OR(Housemates!$C$11="",Housemates!$C$11<=$B65),OR(Housemates!$D$11="",Housemates!$D$11>=$B65)),IF($Q65=0,1,INDEX(Bills!$AD$6:$AD$25,$Q65)),0)))) | W65: =IF(OR($D65="",$B65="",Housemates!$B$12=""),0,IF($R65>0,IF(J65="",0,IF(ISNUMBER(J65),J65,1)),IF($C65="Paying back",0,IF(AND(OR(Housemates!$C$12="",Housemates!$C$12<=$B65),OR(Housemates!$D$12="",Housemates!$D$12>=$B65)),IF($Q65=0,1,INDEX(Bills!$AE$6:$AE$25,$Q65)),0)))) | X65: =IF(OR($D65="",$B65="",Housemates!$B$13=""),0,IF($R65>0,IF(K65="",0,IF(ISNUMBER(K65),K65,1)),IF($C65="Paying back",0,IF(AND(OR(Housemates!$C$13="",Housemates!$C$13<=$B65),OR(Housemates!$D$13="",Housemates!$D$13>=$B65)),IF($Q65=0,1,INDEX(Bills!$AF$6:$AF$25,$Q65)),0)))) | Y65: =IF(OR($D65="",$B65="",Housemates!$B$14=""),0,IF($R65>0,IF(L65="",0,IF(ISNUMBER(L65),L65,1)),IF($C65="Paying back",0,IF(AND(OR(Housemates!$C$14="",Housemates!$C$14<=$B65),OR(Housemates!$D$14="",Housemates!$D$14>=$B65)),IF($Q65=0,1,INDEX(Bills!$AG$6:$AG$25,$Q65)),0)))) | Z65: =IF(OR($D65="",$B65="",Housemates!$B$15=""),0,IF($R65>0,IF(M65="",0,IF(ISNUMBER(M65),M65,1)),IF($C65="Paying back",0,IF(AND(OR(Housemates!$C$15="",Housemates!$C$15<=$B65),OR(Housemates!$D$15="",Housemates!$D$15>=$B65)),IF($Q65=0,1,INDEX(Bills!$AH$6:$AH$25,$Q65)),0)))) | AA65: =SUM(S65:Z65) | AB65: =IF(AA65=0,0,D65*S65/AA65) | AC65: =IF(AA65=0,0,D65*T65/AA65) | AD65: =IF(AA65=0,0,D65*U65/AA65) | AE65: =IF(AA65=0,0,D65*V65/AA65) | AF65: =IF(AA65=0,0,D65*W65/AA65) | AG65: =IF(AA65=0,0,D65*X65/AA65) | AH65: =IF(AA65=0,0,D65*Y65/AA65) | AI65: =IF(AA65=0,0,D65*Z65/AA65) | AJ65: =IF(OR(C65="",B65=""),"",C65&"|"&(YEAR(B65)*100+MONTH(B65)))
B66: 46204 | C66: Rent | D66: 2400 | E66: Maya | N66: =IF(D66="","",IF(B66="","No date",IF(AND(C66="Paying back",R66=0),"To whom?",IF(AA66=0,"Nobody",IF(C66="Paying back","To "&INDEX(Housemates!$B$8:$B$15,MATCH(MAX(S66:Z66),S66:Z66,0)),IF(R66>0,IF(COUNTIF(S66:Z66,">0")=1,"1 person",COUNTIF(S66:Z66,">0")&" people"),IF(Q66=0,"Everyone",INDEX(Bills!$Q$6:$Q$25,Q66)))))))) | O66: =IF(D66="","",IF(C66="Paying back","Paying back",IF(Q66=0,"Other",IF(INDEX(Bills!$C$6:$C$25,Q66)="","Other",INDEX(Bills!$C$6:$C$25,Q66))))) | Q66: =IF(C66="",0,IFERROR(MATCH(C66,Bills!$B$6:$B$25,0),0)) | R66: =COUNTA(F66:M66) | S66: =IF(OR($D66="",$B66="",Housemates!$B$8=""),0,IF($R66>0,IF(F66="",0,IF(ISNUMBER(F66),F66,1)),IF($C66="Paying back",0,IF(AND(OR(Housemates!$C$8="",Housemates!$C$8<=$B66),OR(Housemates!$D$8="",Housemates!$D$8>=$B66)),IF($Q66=0,1,INDEX(Bills!$AA$6:$AA$25,$Q66)),0)))) | T66: =IF(OR($D66="",$B66="",Housemates!$B$9=""),0,IF($R66>0,IF(G66="",0,IF(ISNUMBER(G66),G66,1)),IF($C66="Paying back",0,IF(AND(OR(Housemates!$C$9="",Housemates!$C$9<=$B66),OR(Housemates!$D$9="",Housemates!$D$9>=$B66)),IF($Q66=0,1,INDEX(Bills!$AB$6:$AB$25,$Q66)),0)))) | U66: =IF(OR($D66="",$B66="",Housemates!$B$10=""),0,IF($R66>0,IF(H66="",0,IF(ISNUMBER(H66),H66,1)),IF($C66="Paying back",0,IF(AND(OR(Housemates!$C$10="",Housemates!$C$10<=$B66),OR(Housemates!$D$10="",Housemates!$D$10>=$B66)),IF($Q66=0,1,INDEX(Bills!$AC$6:$AC$25,$Q66)),0)))) | V66: =IF(OR($D66="",$B66="",Housemates!$B$11=""),0,IF($R66>0,IF(I66="",0,IF(ISNUMBER(I66),I66,1)),IF($C66="Paying back",0,IF(AND(OR(Housemates!$C$11="",Housemates!$C$11<=$B66),OR(Housemates!$D$11="",Housemates!$D$11>=$B66)),IF($Q66=0,1,INDEX(Bills!$AD$6:$AD$25,$Q66)),0)))) | W66: =IF(OR($D66="",$B66="",Housemates!$B$12=""),0,IF($R66>0,IF(J66="",0,IF(ISNUMBER(J66),J66,1)),IF($C66="Paying back",0,IF(AND(OR(Housemates!$C$12="",Housemates!$C$12<=$B66),OR(Housemates!$D$12="",Housemates!$D$12>=$B66)),IF($Q66=0,1,INDEX(Bills!$AE$6:$AE$25,$Q66)),0)))) | X66: =IF(OR($D66="",$B66="",Housemates!$B$13=""),0,IF($R66>0,IF(K66="",0,IF(ISNUMBER(K66),K66,1)),IF($C66="Paying back",0,IF(AND(OR(Housemates!$C$13="",Housemates!$C$13<=$B66),OR(Housemates!$D$13="",Housemates!$D$13>=$B66)),IF($Q66=0,1,INDEX(Bills!$AF$6:$AF$25,$Q66)),0)))) | Y66: =IF(OR($D66="",$B66="",Housemates!$B$14=""),0,IF($R66>0,IF(L66="",0,IF(ISNUMBER(L66),L66,1)),IF($C66="Paying back",0,IF(AND(OR(Housemates!$C$14="",Housemates!$C$14<=$B66),OR(Housemates!$D$14="",Housemates!$D$14>=$B66)),IF($Q66=0,1,INDEX(Bills!$AG$6:$AG$25,$Q66)),0)))) | Z66: =IF(OR($D66="",$B66="",Housemates!$B$15=""),0,IF($R66>0,IF(M66="",0,IF(ISNUMBER(M66),M66,1)),IF($C66="Paying back",0,IF(AND(OR(Housemates!$C$15="",Housemates!$C$15<=$B66),OR(Housemates!$D$15="",Housemates!$D$15>=$B66)),IF($Q66=0,1,INDEX(Bills!$AH$6:$AH$25,$Q66)),0)))) | AA66: =SUM(S66:Z66) | AB66: =IF(AA66=0,0,D66*S66/AA66) | AC66: =IF(AA66=0,0,D66*T66/AA66) | AD66: =IF(AA66=0,0,D66*U66/AA66) | AE66: =IF(AA66=0,0,D66*V66/AA66) | AF66: =IF(AA66=0,0,D66*W66/AA66) | AG66: =IF(AA66=0,0,D66*X66/AA66) | AH66: =IF(AA66=0,0,D66*Y66/AA66) | AI66: =IF(AA66=0,0,D66*Z66/AA66) | AJ66: =IF(OR(C66="",B66=""),"",C66&"|"&(YEAR(B66)*100+MONTH(B66)))
B67: 46206 | C67: Internet | D67: 45 | E67: Leo | N67: =IF(D67="","",IF(B67="","No date",IF(AND(C67="Paying back",R67=0),"To whom?",IF(AA67=0,"Nobody",IF(C67="Paying back","To "&INDEX(Housemates!$B$8:$B$15,MATCH(MAX(S67:Z67),S67:Z67,0)),IF(R67>0,IF(COUNTIF(S67:Z67,">0")=1,"1 person",COUNTIF(S67:Z67,">0")&" people"),IF(Q67=0,"Everyone",INDEX(Bills!$Q$6:$Q$25,Q67)))))))) | O67: =IF(D67="","",IF(C67="Paying back","Paying back",IF(Q67=0,"Other",IF(INDEX(Bills!$C$6:$C$25,Q67)="","Other",INDEX(Bills!$C$6:$C$25,Q67))))) | Q67: =IF(C67="",0,IFERROR(MATCH(C67,Bills!$B$6:$B$25,0),0)) | R67: =COUNTA(F67:M67) | S67: =IF(OR($D67="",$B67="",Housemates!$B$8=""),0,IF($R67>0,IF(F67="",0,IF(ISNUMBER(F67),F67,1)),IF($C67="Paying back",0,IF(AND(OR(Housemates!$C$8="",Housemates!$C$8<=$B67),OR(Housemates!$D$8="",Housemates!$D$8>=$B67)),IF($Q67=0,1,INDEX(Bills!$AA$6:$AA$25,$Q67)),0)))) | T67: =IF(OR($D67="",$B67="",Housemates!$B$9=""),0,IF($R67>0,IF(G67="",0,IF(ISNUMBER(G67),G67,1)),IF($C67="Paying back",0,IF(AND(OR(Housemates!$C$9="",Housemates!$C$9<=$B67),OR(Housemates!$D$9="",Housemates!$D$9>=$B67)),IF($Q67=0,1,INDEX(Bills!$AB$6:$AB$25,$Q67)),0)))) | U67: =IF(OR($D67="",$B67="",Housemates!$B$10=""),0,IF($R67>0,IF(H67="",0,IF(ISNUMBER(H67),H67,1)),IF($C67="Paying back",0,IF(AND(OR(Housemates!$C$10="",Housemates!$C$10<=$B67),OR(Housemates!$D$10="",Housemates!$D$10>=$B67)),IF($Q67=0,1,INDEX(Bills!$AC$6:$AC$25,$Q67)),0)))) | V67: =IF(OR($D67="",$B67="",Housemates!$B$11=""),0,IF($R67>0,IF(I67="",0,IF(ISNUMBER(I67),I67,1)),IF($C67="Paying back",0,IF(AND(OR(Housemates!$C$11="",Housemates!$C$11<=$B67),OR(Housemates!$D$11="",Housemates!$D$11>=$B67)),IF($Q67=0,1,INDEX(Bills!$AD$6:$AD$25,$Q67)),0)))) | W67: =IF(OR($D67="",$B67="",Housemates!$B$12=""),0,IF($R67>0,IF(J67="",0,IF(ISNUMBER(J67),J67,1)),IF($C67="Paying back",0,IF(AND(OR(Housemates!$C$12="",Housemates!$C$12<=$B67),OR(Housemates!$D$12="",Housemates!$D$12>=$B67)),IF($Q67=0,1,INDEX(Bills!$AE$6:$AE$25,$Q67)),0)))) | X67: =IF(OR($D67="",$B67="",Housemates!$B$13=""),0,IF($R67>0,IF(K67="",0,IF(ISNUMBER(K67),K67,1)),IF($C67="Paying back",0,IF(AND(OR(Housemates!$C$13="",Housemates!$C$13<=$B67),OR(Housemates!$D$13="",Housemates!$D$13>=$B67)),IF($Q67=0,1,INDEX(Bills!$AF$6:$AF$25,$Q67)),0)))) | Y67: =IF(OR($D67="",$B67="",Housemates!$B$14=""),0,IF($R67>0,IF(L67="",0,IF(ISNUMBER(L67),L67,1)),IF($C67="Paying back",0,IF(AND(OR(Housemates!$C$14="",Housemates!$C$14<=$B67),OR(Housemates!$D$14="",Housemates!$D$14>=$B67)),IF($Q67=0,1,INDEX(Bills!$AG$6:$AG$25,$Q67)),0)))) | Z67: =IF(OR($D67="",$B67="",Housemates!$B$15=""),0,IF($R67>0,IF(M67="",0,IF(ISNUMBER(M67),M67,1)),IF($C67="Paying back",0,IF(AND(OR(Housemates!$C$15="",Housemates!$C$15<=$B67),OR(Housemates!$D$15="",Housemates!$D$15>=$B67)),IF($Q67=0,1,INDEX(Bills!$AH$6:$AH$25,$Q67)),0)))) | AA67: =SUM(S67:Z67) | AB67: =IF(AA67=0,0,D67*S67/AA67) | AC67: =IF(AA67=0,0,D67*T67/AA67) | AD67: =IF(AA67=0,0,D67*U67/AA67) | AE67: =IF(AA67=0,0,D67*V67/AA67) | AF67: =IF(AA67=0,0,D67*W67/AA67) | AG67: =IF(AA67=0,0,D67*X67/AA67) | AH67: =IF(AA67=0,0,D67*Y67/AA67) | AI67: =IF(AA67=0,0,D67*Z67/AA67) | AJ67: =IF(OR(C67="",B67=""),"",C67&"|"&(YEAR(B67)*100+MONTH(B67)))
B68: 46206 | C68: Groceries | D68: 78.24 | E68: Leo | N68: =IF(D68="","",IF(B68="","No date",IF(AND(C68="Paying back",R68=0),"To whom?",IF(AA68=0,"Nobody",IF(C68="Paying back","To "&INDEX(Housemates!$B$8:$B$15,MATCH(MAX(S68:Z68),S68:Z68,0)),IF(R68>0,IF(COUNTIF(S68:Z68,">0")=1,"1 person",COUNTIF(S68:Z68,">0")&" people"),IF(Q68=0,"Everyone",INDEX(Bills!$Q$6:$Q$25,Q68)))))))) | O68: =IF(D68="","",IF(C68="Paying back","Paying back",IF(Q68=0,"Other",IF(INDEX(Bills!$C$6:$C$25,Q68)="","Other",INDEX(Bills!$C$6:$C$25,Q68))))) | Q68: =IF(C68="",0,IFERROR(MATCH(C68,Bills!$B$6:$B$25,0),0)) | R68: =COUNTA(F68:M68) | S68: =IF(OR($D68="",$B68="",Housemates!$B$8=""),0,IF($R68>0,IF(F68="",0,IF(ISNUMBER(F68),F68,1)),IF($C68="Paying back",0,IF(AND(OR(Housemates!$C$8="",Housemates!$C$8<=$B68),OR(Housemates!$D$8="",Housemates!$D$8>=$B68)),IF($Q68=0,1,INDEX(Bills!$AA$6:$AA$25,$Q68)),0)))) | T68: =IF(OR($D68="",$B68="",Housemates!$B$9=""),0,IF($R68>0,IF(G68="",0,IF(ISNUMBER(G68),G68,1)),IF($C68="Paying back",0,IF(AND(OR(Housemates!$C$9="",Housemates!$C$9<=$B68),OR(Housemates!$D$9="",Housemates!$D$9>=$B68)),IF($Q68=0,1,INDEX(Bills!$AB$6:$AB$25,$Q68)),0)))) | U68: =IF(OR($D68="",$B68="",Housemates!$B$10=""),0,IF($R68>0,IF(H68="",0,IF(ISNUMBER(H68),H68,1)),IF($C68="Paying back",0,IF(AND(OR(Housemates!$C$10="",Housemates!$C$10<=$B68),OR(Housemates!$D$10="",Housemates!$D$10>=$B68)),IF($Q68=0,1,INDEX(Bills!$AC$6:$AC$25,$Q68)),0)))) | V68: =IF(OR($D68="",$B68="",Housemates!$B$11=""),0,IF($R68>0,IF(I68="",0,IF(ISNUMBER(I68),I68,1)),IF($C68="Paying back",0,IF(AND(OR(Housemates!$C$11="",Housemates!$C$11<=$B68),OR(Housemates!$D$11="",Housemates!$D$11>=$B68)),IF($Q68=0,1,INDEX(Bills!$AD$6:$AD$25,$Q68)),0)))) | W68: =IF(OR($D68="",$B68="",Housemates!$B$12=""),0,IF($R68>0,IF(J68="",0,IF(ISNUMBER(J68),J68,1)),IF($C68="Paying back",0,IF(AND(OR(Housemates!$C$12="",Housemates!$C$12<=$B68),OR(Housemates!$D$12="",Housemates!$D$12>=$B68)),IF($Q68=0,1,INDEX(Bills!$AE$6:$AE$25,$Q68)),0)))) | X68: =IF(OR($D68="",$B68="",Housemates!$B$13=""),0,IF($R68>0,IF(K68="",0,IF(ISNUMBER(K68),K68,1)),IF($C68="Paying back",0,IF(AND(OR(Housemates!$C$13="",Housemates!$C$13<=$B68),OR(Housemates!$D$13="",Housemates!$D$13>=$B68)),IF($Q68=0,1,INDEX(Bills!$AF$6:$AF$25,$Q68)),0)))) | Y68: =IF(OR($D68="",$B68="",Housemates!$B$14=""),0,IF($R68>0,IF(L68="",0,IF(ISNUMBER(L68),L68,1)),IF($C68="Paying back",0,IF(AND(OR(Housemates!$C$14="",Housemates!$C$14<=$B68),OR(Housemates!$D$14="",Housemates!$D$14>=$B68)),IF($Q68=0,1,INDEX(Bills!$AG$6:$AG$25,$Q68)),0)))) | Z68: =IF(OR($D68="",$B68="",Housemates!$B$15=""),0,IF($R68>0,IF(M68="",0,IF(ISNUMBER(M68),M68,1)),IF($C68="Paying back",0,IF(AND(OR(Housemates!$C$15="",Housemates!$C$15<=$B68),OR(Housemates!$D$15="",Housemates!$D$15>=$B68)),IF($Q68=0,1,INDEX(Bills!$AH$6:$AH$25,$Q68)),0)))) | AA68: =SUM(S68:Z68) | AB68: =IF(AA68=0,0,D68*S68/AA68) | AC68: =IF(AA68=0,0,D68*T68/AA68) | AD68: =IF(AA68=0,0,D68*U68/AA68) | AE68: =IF(AA68=0,0,D68*V68/AA68) | AF68: =IF(AA68=0,0,D68*W68/AA68) | AG68: =IF(AA68=0,0,D68*X68/AA68) | AH68: =IF(AA68=0,0,D68*Y68/AA68) | AI68: =IF(AA68=0,0,D68*Z68/AA68) | AJ68: =IF(OR(C68="",B68=""),"",C68&"|"&(YEAR(B68)*100+MONTH(B68)))
B69: 46213 | C69: Water | D69: 74.88 | E69: Maya | N69: =IF(D69="","",IF(B69="","No date",IF(AND(C69="Paying back",R69=0),"To whom?",IF(AA69=0,"Nobody",IF(C69="Paying back","To "&INDEX(Housemates!$B$8:$B$15,MATCH(MAX(S69:Z69),S69:Z69,0)),IF(R69>0,IF(COUNTIF(S69:Z69,">0")=1,"1 person",COUNTIF(S69:Z69,">0")&" people"),IF(Q69=0,"Everyone",INDEX(Bills!$Q$6:$Q$25,Q69)))))))) | O69: =IF(D69="","",IF(C69="Paying back","Paying back",IF(Q69=0,"Other",IF(INDEX(Bills!$C$6:$C$25,Q69)="","Other",INDEX(Bills!$C$6:$C$25,Q69))))) | Q69: =IF(C69="",0,IFERROR(MATCH(C69,Bills!$B$6:$B$25,0),0)) | R69: =COUNTA(F69:M69) | S69: =IF(OR($D69="",$B69="",Housemates!$B$8=""),0,IF($R69>0,IF(F69="",0,IF(ISNUMBER(F69),F69,1)),IF($C69="Paying back",0,IF(AND(OR(Housemates!$C$8="",Housemates!$C$8<=$B69),OR(Housemates!$D$8="",Housemates!$D$8>=$B69)),IF($Q69=0,1,INDEX(Bills!$AA$6:$AA$25,$Q69)),0)))) | T69: =IF(OR($D69="",$B69="",Housemates!$B$9=""),0,IF($R69>0,IF(G69="",0,IF(ISNUMBER(G69),G69,1)),IF($C69="Paying back",0,IF(AND(OR(Housemates!$C$9="",Housemates!$C$9<=$B69),OR(Housemates!$D$9="",Housemates!$D$9>=$B69)),IF($Q69=0,1,INDEX(Bills!$AB$6:$AB$25,$Q69)),0)))) | U69: =IF(OR($D69="",$B69="",Housemates!$B$10=""),0,IF($R69>0,IF(H69="",0,IF(ISNUMBER(H69),H69,1)),IF($C69="Paying back",0,IF(AND(OR(Housemates!$C$10="",Housemates!$C$10<=$B69),OR(Housemates!$D$10="",Housemates!$D$10>=$B69)),IF($Q69=0,1,INDEX(Bills!$AC$6:$AC$25,$Q69)),0)))) | V69: =IF(OR($D69="",$B69="",Housemates!$B$11=""),0,IF($R69>0,IF(I69="",0,IF(ISNUMBER(I69),I69,1)),IF($C69="Paying back",0,IF(AND(OR(Housemates!$C$11="",Housemates!$C$11<=$B69),OR(Housemates!$D$11="",Housemates!$D$11>=$B69)),IF($Q69=0,1,INDEX(Bills!$AD$6:$AD$25,$Q69)),0)))) | W69: =IF(OR($D69="",$B69="",Housemates!$B$12=""),0,IF($R69>0,IF(J69="",0,IF(ISNUMBER(J69),J69,1)),IF($C69="Paying back",0,IF(AND(OR(Housemates!$C$12="",Housemates!$C$12<=$B69),OR(Housemates!$D$12="",Housemates!$D$12>=$B69)),IF($Q69=0,1,INDEX(Bills!$AE$6:$AE$25,$Q69)),0)))) | X69: =IF(OR($D69="",$B69="",Housemates!$B$13=""),0,IF($R69>0,IF(K69="",0,IF(ISNUMBER(K69),K69,1)),IF($C69="Paying back",0,IF(AND(OR(Housemates!$C$13="",Housemates!$C$13<=$B69),OR(Housemates!$D$13="",Housemates!$D$13>=$B69)),IF($Q69=0,1,INDEX(Bills!$AF$6:$AF$25,$Q69)),0)))) | Y69: =IF(OR($D69="",$B69="",Housemates!$B$14=""),0,IF($R69>0,IF(L69="",0,IF(ISNUMBER(L69),L69,1)),IF($C69="Paying back",0,IF(AND(OR(Housemates!$C$14="",Housemates!$C$14<=$B69),OR(Housemates!$D$14="",Housemates!$D$14>=$B69)),IF($Q69=0,1,INDEX(Bills!$AG$6:$AG$25,$Q69)),0)))) | Z69: =IF(OR($D69="",$B69="",Housemates!$B$15=""),0,IF($R69>0,IF(M69="",0,IF(ISNUMBER(M69),M69,1)),IF($C69="Paying back",0,IF(AND(OR(Housemates!$C$15="",Housemates!$C$15<=$B69),OR(Housemates!$D$15="",Housemates!$D$15>=$B69)),IF($Q69=0,1,INDEX(Bills!$AH$6:$AH$25,$Q69)),0)))) | AA69: =SUM(S69:Z69) | AB69: =IF(AA69=0,0,D69*S69/AA69) | AC69: =IF(AA69=0,0,D69*T69/AA69) | AD69: =IF(AA69=0,0,D69*U69/AA69) | AE69: =IF(AA69=0,0,D69*V69/AA69) | AF69: =IF(AA69=0,0,D69*W69/AA69) | AG69: =IF(AA69=0,0,D69*X69/AA69) | AH69: =IF(AA69=0,0,D69*Y69/AA69) | AI69: =IF(AA69=0,0,D69*Z69/AA69) | AJ69: =IF(OR(C69="",B69=""),"",C69&"|"&(YEAR(B69)*100+MONTH(B69)))
B70: 46213 | C70: Cleaning and household | D70: 29.76 | E70: Maya | N70: =IF(D70="","",IF(B70="","No date",IF(AND(C70="Paying back",R70=0),"To whom?",IF(AA70=0,"Nobody",IF(C70="Paying back","To "&INDEX(Housemates!$B$8:$B$15,MATCH(MAX(S70:Z70),S70:Z70,0)),IF(R70>0,IF(COUNTIF(S70:Z70,">0")=1,"1 person",COUNTIF(S70:Z70,">0")&" people"),IF(Q70=0,"Everyone",INDEX(Bills!$Q$6:$Q$25,Q70)))))))) | O70: =IF(D70="","",IF(C70="Paying back","Paying back",IF(Q70=0,"Other",IF(INDEX(Bills!$C$6:$C$25,Q70)="","Other",INDEX(Bills!$C$6:$C$25,Q70))))) | Q70: =IF(C70="",0,IFERROR(MATCH(C70,Bills!$B$6:$B$25,0),0)) | R70: =COUNTA(F70:M70) | S70: =IF(OR($D70="",$B70="",Housemates!$B$8=""),0,IF($R70>0,IF(F70="",0,IF(ISNUMBER(F70),F70,1)),IF($C70="Paying back",0,IF(AND(OR(Housemates!$C$8="",Housemates!$C$8<=$B70),OR(Housemates!$D$8="",Housemates!$D$8>=$B70)),IF($Q70=0,1,INDEX(Bills!$AA$6:$AA$25,$Q70)),0)))) | T70: =IF(OR($D70="",$B70="",Housemates!$B$9=""),0,IF($R70>0,IF(G70="",0,IF(ISNUMBER(G70),G70,1)),IF($C70="Paying back",0,IF(AND(OR(Housemates!$C$9="",Housemates!$C$9<=$B70),OR(Housemates!$D$9="",Housemates!$D$9>=$B70)),IF($Q70=0,1,INDEX(Bills!$AB$6:$AB$25,$Q70)),0)))) | U70: =IF(OR($D70="",$B70="",Housemates!$B$10=""),0,IF($R70>0,IF(H70="",0,IF(ISNUMBER(H70),H70,1)),IF($C70="Paying back",0,IF(AND(OR(Housemates!$C$10="",Housemates!$C$10<=$B70),OR(Housemates!$D$10="",Housemates!$D$10>=$B70)),IF($Q70=0,1,INDEX(Bills!$AC$6:$AC$25,$Q70)),0)))) | V70: =IF(OR($D70="",$B70="",Housemates!$B$11=""),0,IF($R70>0,IF(I70="",0,IF(ISNUMBER(I70),I70,1)),IF($C70="Paying back",0,IF(AND(OR(Housemates!$C$11="",Housemates!$C$11<=$B70),OR(Housemates!$D$11="",Housemates!$D$11>=$B70)),IF($Q70=0,1,INDEX(Bills!$AD$6:$AD$25,$Q70)),0)))) | W70: =IF(OR($D70="",$B70="",Housemates!$B$12=""),0,IF($R70>0,IF(J70="",0,IF(ISNUMBER(J70),J70,1)),IF($C70="Paying back",0,IF(AND(OR(Housemates!$C$12="",Housemates!$C$12<=$B70),OR(Housemates!$D$12="",Housemates!$D$12>=$B70)),IF($Q70=0,1,INDEX(Bills!$AE$6:$AE$25,$Q70)),0)))) | X70: =IF(OR($D70="",$B70="",Housemates!$B$13=""),0,IF($R70>0,IF(K70="",0,IF(ISNUMBER(K70),K70,1)),IF($C70="Paying back",0,IF(AND(OR(Housemates!$C$13="",Housemates!$C$13<=$B70),OR(Housemates!$D$13="",Housemates!$D$13>=$B70)),IF($Q70=0,1,INDEX(Bills!$AF$6:$AF$25,$Q70)),0)))) | Y70: =IF(OR($D70="",$B70="",Housemates!$B$14=""),0,IF($R70>0,IF(L70="",0,IF(ISNUMBER(L70),L70,1)),IF($C70="Paying back",0,IF(AND(OR(Housemates!$C$14="",Housemates!$C$14<=$B70),OR(Housemates!$D$14="",Housemates!$D$14>=$B70)),IF($Q70=0,1,INDEX(Bills!$AG$6:$AG$25,$Q70)),0)))) | Z70: =IF(OR($D70="",$B70="",Housemates!$B$15=""),0,IF($R70>0,IF(M70="",0,IF(ISNUMBER(M70),M70,1)),IF($C70="Paying back",0,IF(AND(OR(Housemates!$C$15="",Housemates!$C$15<=$B70),OR(Housemates!$D$15="",Housemates!$D$15>=$B70)),IF($Q70=0,1,INDEX(Bills!$AH$6:$AH$25,$Q70)),0)))) | AA70: =SUM(S70:Z70) | AB70: =IF(AA70=0,0,D70*S70/AA70) | AC70: =IF(AA70=0,0,D70*T70/AA70) | AD70: =IF(AA70=0,0,D70*U70/AA70) | AE70: =IF(AA70=0,0,D70*V70/AA70) | AF70: =IF(AA70=0,0,D70*W70/AA70) | AG70: =IF(AA70=0,0,D70*X70/AA70) | AH70: =IF(AA70=0,0,D70*Y70/AA70) | AI70: =IF(AA70=0,0,D70*Z70/AA70) | AJ70: =IF(OR(C70="",B70=""),"",C70&"|"&(YEAR(B70)*100+MONTH(B70)))
B71: 46216 | C71: Takeaway on film night | D71: 64.5 | E71: Leo | G71: x | H71: x | J71: x | N71: =IF(D71="","",IF(B71="","No date",IF(AND(C71="Paying back",R71=0),"To whom?",IF(AA71=0,"Nobody",IF(C71="Paying back","To "&INDEX(Housemates!$B$8:$B$15,MATCH(MAX(S71:Z71),S71:Z71,0)),IF(R71>0,IF(COUNTIF(S71:Z71,">0")=1,"1 person",COUNTIF(S71:Z71,">0")&" people"),IF(Q71=0,"Everyone",INDEX(Bills!$Q$6:$Q$25,Q71)))))))) | O71: =IF(D71="","",IF(C71="Paying back","Paying back",IF(Q71=0,"Other",IF(INDEX(Bills!$C$6:$C$25,Q71)="","Other",INDEX(Bills!$C$6:$C$25,Q71))))) | Q71: =IF(C71="",0,IFERROR(MATCH(C71,Bills!$B$6:$B$25,0),0)) | R71: =COUNTA(F71:M71) | S71: =IF(OR($D71="",$B71="",Housemates!$B$8=""),0,IF($R71>0,IF(F71="",0,IF(ISNUMBER(F71),F71,1)),IF($C71="Paying back",0,IF(AND(OR(Housemates!$C$8="",Housemates!$C$8<=$B71),OR(Housemates!$D$8="",Housemates!$D$8>=$B71)),IF($Q71=0,1,INDEX(Bills!$AA$6:$AA$25,$Q71)),0)))) | T71: =IF(OR($D71="",$B71="",Housemates!$B$9=""),0,IF($R71>0,IF(G71="",0,IF(ISNUMBER(G71),G71,1)),IF($C71="Paying back",0,IF(AND(OR(Housemates!$C$9="",Housemates!$C$9<=$B71),OR(Housemates!$D$9="",Housemates!$D$9>=$B71)),IF($Q71=0,1,INDEX(Bills!$AB$6:$AB$25,$Q71)),0)))) | U71: =IF(OR($D71="",$B71="",Housemates!$B$10=""),0,IF($R71>0,IF(H71="",0,IF(ISNUMBER(H71),H71,1)),IF($C71="Paying back",0,IF(AND(OR(Housemates!$C$10="",Housemates!$C$10<=$B71),OR(Housemates!$D$10="",Housemates!$D$10>=$B71)),IF($Q71=0,1,INDEX(Bills!$AC$6:$AC$25,$Q71)),0)))) | V71: =IF(OR($D71="",$B71="",Housemates!$B$11=""),0,IF($R71>0,IF(I71="",0,IF(ISNUMBER(I71),I71,1)),IF($C71="Paying back",0,IF(AND(OR(Housemates!$C$11="",Housemates!$C$11<=$B71),OR(Housemates!$D$11="",Housemates!$D$11>=$B71)),IF($Q71=0,1,INDEX(Bills!$AD$6:$AD$25,$Q71)),0)))) | W71: =IF(OR($D71="",$B71="",Housemates!$B$12=""),0,IF($R71>0,IF(J71="",0,IF(ISNUMBER(J71),J71,1)),IF($C71="Paying back",0,IF(AND(OR(Housemates!$C$12="",Housemates!$C$12<=$B71),OR(Housemates!$D$12="",Housemates!$D$12>=$B71)),IF($Q71=0,1,INDEX(Bills!$AE$6:$AE$25,$Q71)),0)))) | X71: =IF(OR($D71="",$B71="",Housemates!$B$13=""),0,IF($R71>0,IF(K71="",0,IF(ISNUMBER(K71),K71,1)),IF($C71="Paying back",0,IF(AND(OR(Housemates!$C$13="",Housemates!$C$13<=$B71),OR(Housemates!$D$13="",Housemates!$D$13>=$B71)),IF($Q71=0,1,INDEX(Bills!$AF$6:$AF$25,$Q71)),0)))) | Y71: =IF(OR($D71="",$B71="",Housemates!$B$14=""),0,IF($R71>0,IF(L71="",0,IF(ISNUMBER(L71),L71,1)),IF($C71="Paying back",0,IF(AND(OR(Housemates!$C$14="",Housemates!$C$14<=$B71),OR(Housemates!$D$14="",Housemates!$D$14>=$B71)),IF($Q71=0,1,INDEX(Bills!$AG$6:$AG$25,$Q71)),0)))) | Z71: =IF(OR($D71="",$B71="",Housemates!$B$15=""),0,IF($R71>0,IF(M71="",0,IF(ISNUMBER(M71),M71,1)),IF($C71="Paying back",0,IF(AND(OR(Housemates!$C$15="",Housemates!$C$15<=$B71),OR(Housemates!$D$15="",Housemates!$D$15>=$B71)),IF($Q71=0,1,INDEX(Bills!$AH$6:$AH$25,$Q71)),0)))) | AA71: =SUM(S71:Z71) | AB71: =IF(AA71=0,0,D71*S71/AA71) | AC71: =IF(AA71=0,0,D71*T71/AA71) | AD71: =IF(AA71=0,0,D71*U71/AA71) | AE71: =IF(AA71=0,0,D71*V71/AA71) | AF71: =IF(AA71=0,0,D71*W71/AA71) | AG71: =IF(AA71=0,0,D71*X71/AA71) | AH71: =IF(AA71=0,0,D71*Y71/AA71) | AI71: =IF(AA71=0,0,D71*Z71/AA71) | AJ71: =IF(OR(C71="",B71=""),"",C71&"|"&(YEAR(B71)*100+MONTH(B71)))
B72: 46218 | C72: Electricity | D72: 97.8 | E72: Leo | N72: =IF(D72="","",IF(B72="","No date",IF(AND(C72="Paying back",R72=0),"To whom?",IF(AA72=0,"Nobody",IF(C72="Paying back","To "&INDEX(Housemates!$B$8:$B$15,MATCH(MAX(S72:Z72),S72:Z72,0)),IF(R72>0,IF(COUNTIF(S72:Z72,">0")=1,"1 person",COUNTIF(S72:Z72,">0")&" people"),IF(Q72=0,"Everyone",INDEX(Bills!$Q$6:$Q$25,Q72)))))))) | O72: =IF(D72="","",IF(C72="Paying back","Paying back",IF(Q72=0,"Other",IF(INDEX(Bills!$C$6:$C$25,Q72)="","Other",INDEX(Bills!$C$6:$C$25,Q72))))) | Q72: =IF(C72="",0,IFERROR(MATCH(C72,Bills!$B$6:$B$25,0),0)) | R72: =COUNTA(F72:M72) | S72: =IF(OR($D72="",$B72="",Housemates!$B$8=""),0,IF($R72>0,IF(F72="",0,IF(ISNUMBER(F72),F72,1)),IF($C72="Paying back",0,IF(AND(OR(Housemates!$C$8="",Housemates!$C$8<=$B72),OR(Housemates!$D$8="",Housemates!$D$8>=$B72)),IF($Q72=0,1,INDEX(Bills!$AA$6:$AA$25,$Q72)),0)))) | T72: =IF(OR($D72="",$B72="",Housemates!$B$9=""),0,IF($R72>0,IF(G72="",0,IF(ISNUMBER(G72),G72,1)),IF($C72="Paying back",0,IF(AND(OR(Housemates!$C$9="",Housemates!$C$9<=$B72),OR(Housemates!$D$9="",Housemates!$D$9>=$B72)),IF($Q72=0,1,INDEX(Bills!$AB$6:$AB$25,$Q72)),0)))) | U72: =IF(OR($D72="",$B72="",Housemates!$B$10=""),0,IF($R72>0,IF(H72="",0,IF(ISNUMBER(H72),H72,1)),IF($C72="Paying back",0,IF(AND(OR(Housemates!$C$10="",Housemates!$C$10<=$B72),OR(Housemates!$D$10="",Housemates!$D$10>=$B72)),IF($Q72=0,1,INDEX(Bills!$AC$6:$AC$25,$Q72)),0)))) | V72: =IF(OR($D72="",$B72="",Housemates!$B$11=""),0,IF($R72>0,IF(I72="",0,IF(ISNUMBER(I72),I72,1)),IF($C72="Paying back",0,IF(AND(OR(Housemates!$C$11="",Housemates!$C$11<=$B72),OR(Housemates!$D$11="",Housemates!$D$11>=$B72)),IF($Q72=0,1,INDEX(Bills!$AD$6:$AD$25,$Q72)),0)))) | W72: =IF(OR($D72="",$B72="",Housemates!$B$12=""),0,IF($R72>0,IF(J72="",0,IF(ISNUMBER(J72),J72,1)),IF($C72="Paying back",0,IF(AND(OR(Housemates!$C$12="",Housemates!$C$12<=$B72),OR(Housemates!$D$12="",Housemates!$D$12>=$B72)),IF($Q72=0,1,INDEX(Bills!$AE$6:$AE$25,$Q72)),0)))) | X72: =IF(OR($D72="",$B72="",Housemates!$B$13=""),0,IF($R72>0,IF(K72="",0,IF(ISNUMBER(K72),K72,1)),IF($C72="Paying back",0,IF(AND(OR(Housemates!$C$13="",Housemates!$C$13<=$B72),OR(Housemates!$D$13="",Housemates!$D$13>=$B72)),IF($Q72=0,1,INDEX(Bills!$AF$6:$AF$25,$Q72)),0)))) | Y72: =IF(OR($D72="",$B72="",Housemates!$B$14=""),0,IF($R72>0,IF(L72="",0,IF(ISNUMBER(L72),L72,1)),IF($C72="Paying back",0,IF(AND(OR(Housemates!$C$14="",Housemates!$C$14<=$B72),OR(Housemates!$D$14="",Housemates!$D$14>=$B72)),IF($Q72=0,1,INDEX(Bills!$AG$6:$AG$25,$Q72)),0)))) | Z72: =IF(OR($D72="",$B72="",Housemates!$B$15=""),0,IF($R72>0,IF(M72="",0,IF(ISNUMBER(M72),M72,1)),IF($C72="Paying back",0,IF(AND(OR(Housemates!$C$15="",Housemates!$C$15<=$B72),OR(Housemates!$D$15="",Housemates!$D$15>=$B72)),IF($Q72=0,1,INDEX(Bills!$AH$6:$AH$25,$Q72)),0)))) | AA72: =SUM(S72:Z72) | AB72: =IF(AA72=0,0,D72*S72/AA72) | AC72: =IF(AA72=0,0,D72*T72/AA72) | AD72: =IF(AA72=0,0,D72*U72/AA72) | AE72: =IF(AA72=0,0,D72*V72/AA72) | AF72: =IF(AA72=0,0,D72*W72/AA72) | AG72: =IF(AA72=0,0,D72*X72/AA72) | AH72: =IF(AA72=0,0,D72*Y72/AA72) | AI72: =IF(AA72=0,0,D72*Z72/AA72) | AJ72: =IF(OR(C72="",B72=""),"",C72&"|"&(YEAR(B72)*100+MONTH(B72)))
B73: 46221 | C73: Groceries | D73: 55.08 | E73: Zoe | N73: =IF(D73="","",IF(B73="","No date",IF(AND(C73="Paying back",R73=0),"To whom?",IF(AA73=0,"Nobody",IF(C73="Paying back","To "&INDEX(Housemates!$B$8:$B$15,MATCH(MAX(S73:Z73),S73:Z73,0)),IF(R73>0,IF(COUNTIF(S73:Z73,">0")=1,"1 person",COUNTIF(S73:Z73,">0")&" people"),IF(Q73=0,"Everyone",INDEX(Bills!$Q$6:$Q$25,Q73)))))))) | O73: =IF(D73="","",IF(C73="Paying back","Paying back",IF(Q73=0,"Other",IF(INDEX(Bills!$C$6:$C$25,Q73)="","Other",INDEX(Bills!$C$6:$C$25,Q73))))) | Q73: =IF(C73="",0,IFERROR(MATCH(C73,Bills!$B$6:$B$25,0),0)) | R73: =COUNTA(F73:M73) | S73: =IF(OR($D73="",$B73="",Housemates!$B$8=""),0,IF($R73>0,IF(F73="",0,IF(ISNUMBER(F73),F73,1)),IF($C73="Paying back",0,IF(AND(OR(Housemates!$C$8="",Housemates!$C$8<=$B73),OR(Housemates!$D$8="",Housemates!$D$8>=$B73)),IF($Q73=0,1,INDEX(Bills!$AA$6:$AA$25,$Q73)),0)))) | T73: =IF(OR($D73="",$B73="",Housemates!$B$9=""),0,IF($R73>0,IF(G73="",0,IF(ISNUMBER(G73),G73,1)),IF($C73="Paying back",0,IF(AND(OR(Housemates!$C$9="",Housemates!$C$9<=$B73),OR(Housemates!$D$9="",Housemates!$D$9>=$B73)),IF($Q73=0,1,INDEX(Bills!$AB$6:$AB$25,$Q73)),0)))) | U73: =IF(OR($D73="",$B73="",Housemates!$B$10=""),0,IF($R73>0,IF(H73="",0,IF(ISNUMBER(H73),H73,1)),IF($C73="Paying back",0,IF(AND(OR(Housemates!$C$10="",Housemates!$C$10<=$B73),OR(Housemates!$D$10="",Housemates!$D$10>=$B73)),IF($Q73=0,1,INDEX(Bills!$AC$6:$AC$25,$Q73)),0)))) | V73: =IF(OR($D73="",$B73="",Housemates!$B$11=""),0,IF($R73>0,IF(I73="",0,IF(ISNUMBER(I73),I73,1)),IF($C73="Paying back",0,IF(AND(OR(Housemates!$C$11="",Housemates!$C$11<=$B73),OR(Housemates!$D$11="",Housemates!$D$11>=$B73)),IF($Q73=0,1,INDEX(Bills!$AD$6:$AD$25,$Q73)),0)))) | W73: =IF(OR($D73="",$B73="",Housemates!$B$12=""),0,IF($R73>0,IF(J73="",0,IF(ISNUMBER(J73),J73,1)),IF($C73="Paying back",0,IF(AND(OR(Housemates!$C$12="",Housemates!$C$12<=$B73),OR(Housemates!$D$12="",Housemates!$D$12>=$B73)),IF($Q73=0,1,INDEX(Bills!$AE$6:$AE$25,$Q73)),0)))) | X73: =IF(OR($D73="",$B73="",Housemates!$B$13=""),0,IF($R73>0,IF(K73="",0,IF(ISNUMBER(K73),K73,1)),IF($C73="Paying back",0,IF(AND(OR(Housemates!$C$13="",Housemates!$C$13<=$B73),OR(Housemates!$D$13="",Housemates!$D$13>=$B73)),IF($Q73=0,1,INDEX(Bills!$AF$6:$AF$25,$Q73)),0)))) | Y73: =IF(OR($D73="",$B73="",Housemates!$B$14=""),0,IF($R73>0,IF(L73="",0,IF(ISNUMBER(L73),L73,1)),IF($C73="Paying back",0,IF(AND(OR(Housemates!$C$14="",Housemates!$C$14<=$B73),OR(Housemates!$D$14="",Housemates!$D$14>=$B73)),IF($Q73=0,1,INDEX(Bills!$AG$6:$AG$25,$Q73)),0)))) | Z73: =IF(OR($D73="",$B73="",Housemates!$B$15=""),0,IF($R73>0,IF(M73="",0,IF(ISNUMBER(M73),M73,1)),IF($C73="Paying back",0,IF(AND(OR(Housemates!$C$15="",Housemates!$C$15<=$B73),OR(Housemates!$D$15="",Housemates!$D$15>=$B73)),IF($Q73=0,1,INDEX(Bills!$AH$6:$AH$25,$Q73)),0)))) | AA73: =SUM(S73:Z73) | AB73: =IF(AA73=0,0,D73*S73/AA73) | AC73: =IF(AA73=0,0,D73*T73/AA73) | AD73: =IF(AA73=0,0,D73*U73/AA73) | AE73: =IF(AA73=0,0,D73*V73/AA73) | AF73: =IF(AA73=0,0,D73*W73/AA73) | AG73: =IF(AA73=0,0,D73*X73/AA73) | AH73: =IF(AA73=0,0,D73*Y73/AA73) | AI73: =IF(AA73=0,0,D73*Z73/AA73) | AJ73: =IF(OR(C73="",B73=""),"",C73&"|"&(YEAR(B73)*100+MONTH(B73)))
B74: 46222 | C74: Streaming | D74: 15.96 | E74: Priya | N74: =IF(D74="","",IF(B74="","No date",IF(AND(C74="Paying back",R74=0),"To whom?",IF(AA74=0,"Nobody",IF(C74="Paying back","To "&INDEX(Housemates!$B$8:$B$15,MATCH(MAX(S74:Z74),S74:Z74,0)),IF(R74>0,IF(COUNTIF(S74:Z74,">0")=1,"1 person",COUNTIF(S74:Z74,">0")&" people"),IF(Q74=0,"Everyone",INDEX(Bills!$Q$6:$Q$25,Q74)))))))) | O74: =IF(D74="","",IF(C74="Paying back","Paying back",IF(Q74=0,"Other",IF(INDEX(Bills!$C$6:$C$25,Q74)="","Other",INDEX(Bills!$C$6:$C$25,Q74))))) | Q74: =IF(C74="",0,IFERROR(MATCH(C74,Bills!$B$6:$B$25,0),0)) | R74: =COUNTA(F74:M74) | S74: =IF(OR($D74="",$B74="",Housemates!$B$8=""),0,IF($R74>0,IF(F74="",0,IF(ISNUMBER(F74),F74,1)),IF($C74="Paying back",0,IF(AND(OR(Housemates!$C$8="",Housemates!$C$8<=$B74),OR(Housemates!$D$8="",Housemates!$D$8>=$B74)),IF($Q74=0,1,INDEX(Bills!$AA$6:$AA$25,$Q74)),0)))) | T74: =IF(OR($D74="",$B74="",Housemates!$B$9=""),0,IF($R74>0,IF(G74="",0,IF(ISNUMBER(G74),G74,1)),IF($C74="Paying back",0,IF(AND(OR(Housemates!$C$9="",Housemates!$C$9<=$B74),OR(Housemates!$D$9="",Housemates!$D$9>=$B74)),IF($Q74=0,1,INDEX(Bills!$AB$6:$AB$25,$Q74)),0)))) | U74: =IF(OR($D74="",$B74="",Housemates!$B$10=""),0,IF($R74>0,IF(H74="",0,IF(ISNUMBER(H74),H74,1)),IF($C74="Paying back",0,IF(AND(OR(Housemates!$C$10="",Housemates!$C$10<=$B74),OR(Housemates!$D$10="",Housemates!$D$10>=$B74)),IF($Q74=0,1,INDEX(Bills!$AC$6:$AC$25,$Q74)),0)))) | V74: =IF(OR($D74="",$B74="",Housemates!$B$11=""),0,IF($R74>0,IF(I74="",0,IF(ISNUMBER(I74),I74,1)),IF($C74="Paying back",0,IF(AND(OR(Housemates!$C$11="",Housemates!$C$11<=$B74),OR(Housemates!$D$11="",Housemates!$D$11>=$B74)),IF($Q74=0,1,INDEX(Bills!$AD$6:$AD$25,$Q74)),0)))) | W74: =IF(OR($D74="",$B74="",Housemates!$B$12=""),0,IF($R74>0,IF(J74="",0,IF(ISNUMBER(J74),J74,1)),IF($C74="Paying back",0,IF(AND(OR(Housemates!$C$12="",Housemates!$C$12<=$B74),OR(Housemates!$D$12="",Housemates!$D$12>=$B74)),IF($Q74=0,1,INDEX(Bills!$AE$6:$AE$25,$Q74)),0)))) | X74: =IF(OR($D74="",$B74="",Housemates!$B$13=""),0,IF($R74>0,IF(K74="",0,IF(ISNUMBER(K74),K74,1)),IF($C74="Paying back",0,IF(AND(OR(Housemates!$C$13="",Housemates!$C$13<=$B74),OR(Housemates!$D$13="",Housemates!$D$13>=$B74)),IF($Q74=0,1,INDEX(Bills!$AF$6:$AF$25,$Q74)),0)))) | Y74: =IF(OR($D74="",$B74="",Housemates!$B$14=""),0,IF($R74>0,IF(L74="",0,IF(ISNUMBER(L74),L74,1)),IF($C74="Paying back",0,IF(AND(OR(Housemates!$C$14="",Housemates!$C$14<=$B74),OR(Housemates!$D$14="",Housemates!$D$14>=$B74)),IF($Q74=0,1,INDEX(Bills!$AG$6:$AG$25,$Q74)),0)))) | Z74: =IF(OR($D74="",$B74="",Housemates!$B$15=""),0,IF($R74>0,IF(M74="",0,IF(ISNUMBER(M74),M74,1)),IF($C74="Paying back",0,IF(AND(OR(Housemates!$C$15="",Housemates!$C$15<=$B74),OR(Housemates!$D$15="",Housemates!$D$15>=$B74)),IF($Q74=0,1,INDEX(Bills!$AH$6:$AH$25,$Q74)),0)))) | AA74: =SUM(S74:Z74) | AB74: =IF(AA74=0,0,D74*S74/AA74) | AC74: =IF(AA74=0,0,D74*T74/AA74) | AD74: =IF(AA74=0,0,D74*U74/AA74) | AE74: =IF(AA74=0,0,D74*V74/AA74) | AF74: =IF(AA74=0,0,D74*W74/AA74) | AG74: =IF(AA74=0,0,D74*X74/AA74) | AH74: =IF(AA74=0,0,D74*Y74/AA74) | AI74: =IF(AA74=0,0,D74*Z74/AA74) | AJ74: =IF(OR(C74="",B74=""),"",C74&"|"&(YEAR(B74)*100+MONTH(B74)))
B75: 46230 | C75: Groceries | D75: 47.52 | E75: Zoe | N75: =IF(D75="","",IF(B75="","No date",IF(AND(C75="Paying back",R75=0),"To whom?",IF(AA75=0,"Nobody",IF(C75="Paying back","To "&INDEX(Housemates!$B$8:$B$15,MATCH(MAX(S75:Z75),S75:Z75,0)),IF(R75>0,IF(COUNTIF(S75:Z75,">0")=1,"1 person",COUNTIF(S75:Z75,">0")&" people"),IF(Q75=0,"Everyone",INDEX(Bills!$Q$6:$Q$25,Q75)))))))) | O75: =IF(D75="","",IF(C75="Paying back","Paying back",IF(Q75=0,"Other",IF(INDEX(Bills!$C$6:$C$25,Q75)="","Other",INDEX(Bills!$C$6:$C$25,Q75))))) | Q75: =IF(C75="",0,IFERROR(MATCH(C75,Bills!$B$6:$B$25,0),0)) | R75: =COUNTA(F75:M75) | S75: =IF(OR($D75="",$B75="",Housemates!$B$8=""),0,IF($R75>0,IF(F75="",0,IF(ISNUMBER(F75),F75,1)),IF($C75="Paying back",0,IF(AND(OR(Housemates!$C$8="",Housemates!$C$8<=$B75),OR(Housemates!$D$8="",Housemates!$D$8>=$B75)),IF($Q75=0,1,INDEX(Bills!$AA$6:$AA$25,$Q75)),0)))) | T75: =IF(OR($D75="",$B75="",Housemates!$B$9=""),0,IF($R75>0,IF(G75="",0,IF(ISNUMBER(G75),G75,1)),IF($C75="Paying back",0,IF(AND(OR(Housemates!$C$9="",Housemates!$C$9<=$B75),OR(Housemates!$D$9="",Housemates!$D$9>=$B75)),IF($Q75=0,1,INDEX(Bills!$AB$6:$AB$25,$Q75)),0)))) | U75: =IF(OR($D75="",$B75="",Housemates!$B$10=""),0,IF($R75>0,IF(H75="",0,IF(ISNUMBER(H75),H75,1)),IF($C75="Paying back",0,IF(AND(OR(Housemates!$C$10="",Housemates!$C$10<=$B75),OR(Housemates!$D$10="",Housemates!$D$10>=$B75)),IF($Q75=0,1,INDEX(Bills!$AC$6:$AC$25,$Q75)),0)))) | V75: =IF(OR($D75="",$B75="",Housemates!$B$11=""),0,IF($R75>0,IF(I75="",0,IF(ISNUMBER(I75),I75,1)),IF($C75="Paying back",0,IF(AND(OR(Housemates!$C$11="",Housemates!$C$11<=$B75),OR(Housemates!$D$11="",Housemates!$D$11>=$B75)),IF($Q75=0,1,INDEX(Bills!$AD$6:$AD$25,$Q75)),0)))) | W75: =IF(OR($D75="",$B75="",Housemates!$B$12=""),0,IF($R75>0,IF(J75="",0,IF(ISNUMBER(J75),J75,1)),IF($C75="Paying back",0,IF(AND(OR(Housemates!$C$12="",Housemates!$C$12<=$B75),OR(Housemates!$D$12="",Housemates!$D$12>=$B75)),IF($Q75=0,1,INDEX(Bills!$AE$6:$AE$25,$Q75)),0)))) | X75: =IF(OR($D75="",$B75="",Housemates!$B$13=""),0,IF($R75>0,IF(K75="",0,IF(ISNUMBER(K75),K75,1)),IF($C75="Paying back",0,IF(AND(OR(Housemates!$C$13="",Housemates!$C$13<=$B75),OR(Housemates!$D$13="",Housemates!$D$13>=$B75)),IF($Q75=0,1,INDEX(Bills!$AF$6:$AF$25,$Q75)),0)))) | Y75: =IF(OR($D75="",$B75="",Housemates!$B$14=""),0,IF($R75>0,IF(L75="",0,IF(ISNUMBER(L75),L75,1)),IF($C75="Paying back",0,IF(AND(OR(Housemates!$C$14="",Housemates!$C$14<=$B75),OR(Housemates!$D$14="",Housemates!$D$14>=$B75)),IF($Q75=0,1,INDEX(Bills!$AG$6:$AG$25,$Q75)),0)))) | Z75: =IF(OR($D75="",$B75="",Housemates!$B$15=""),0,IF($R75>0,IF(M75="",0,IF(ISNUMBER(M75),M75,1)),IF($C75="Paying back",0,IF(AND(OR(Housemates!$C$15="",Housemates!$C$15<=$B75),OR(Housemates!$D$15="",Housemates!$D$15>=$B75)),IF($Q75=0,1,INDEX(Bills!$AH$6:$AH$25,$Q75)),0)))) | AA75: =SUM(S75:Z75) | AB75: =IF(AA75=0,0,D75*S75/AA75) | AC75: =IF(AA75=0,0,D75*T75/AA75) | AD75: =IF(AA75=0,0,D75*U75/AA75) | AE75: =IF(AA75=0,0,D75*V75/AA75) | AF75: =IF(AA75=0,0,D75*W75/AA75) | AG75: =IF(AA75=0,0,D75*X75/AA75) | AH75: =IF(AA75=0,0,D75*Y75/AA75) | AI75: =IF(AA75=0,0,D75*Z75/AA75) | AJ75: =IF(OR(C75="",B75=""),"",C75&"|"&(YEAR(B75)*100+MONTH(B75)))
B76: 46234 | C76: Paying back | D76: 1394.14 | E76: Priya | F76: x | N76: =IF(D76="","",IF(B76="","No date",IF(AND(C76="Paying back",R76=0),"To whom?",IF(AA76=0,"Nobody",IF(C76="Paying back","To "&INDEX(Housemates!$B$8:$B$15,MATCH(MAX(S76:Z76),S76:Z76,0)),IF(R76>0,IF(COUNTIF(S76:Z76,">0")=1,"1 person",COUNTIF(S76:Z76,">0")&" people"),IF(Q76=0,"Everyone",INDEX(Bills!$Q$6:$Q$25,Q76)))))))) | O76: =IF(D76="","",IF(C76="Paying back","Paying back",IF(Q76=0,"Other",IF(INDEX(Bills!$C$6:$C$25,Q76)="","Other",INDEX(Bills!$C$6:$C$25,Q76))))) | Q76: =IF(C76="",0,IFERROR(MATCH(C76,Bills!$B$6:$B$25,0),0)) | R76: =COUNTA(F76:M76) | S76: =IF(OR($D76="",$B76="",Housemates!$B$8=""),0,IF($R76>0,IF(F76="",0,IF(ISNUMBER(F76),F76,1)),IF($C76="Paying back",0,IF(AND(OR(Housemates!$C$8="",Housemates!$C$8<=$B76),OR(Housemates!$D$8="",Housemates!$D$8>=$B76)),IF($Q76=0,1,INDEX(Bills!$AA$6:$AA$25,$Q76)),0)))) | T76: =IF(OR($D76="",$B76="",Housemates!$B$9=""),0,IF($R76>0,IF(G76="",0,IF(ISNUMBER(G76),G76,1)),IF($C76="Paying back",0,IF(AND(OR(Housemates!$C$9="",Housemates!$C$9<=$B76),OR(Housemates!$D$9="",Housemates!$D$9>=$B76)),IF($Q76=0,1,INDEX(Bills!$AB$6:$AB$25,$Q76)),0)))) | U76: =IF(OR($D76="",$B76="",Housemates!$B$10=""),0,IF($R76>0,IF(H76="",0,IF(ISNUMBER(H76),H76,1)),IF($C76="Paying back",0,IF(AND(OR(Housemates!$C$10="",Housemates!$C$10<=$B76),OR(Housemates!$D$10="",Housemates!$D$10>=$B76)),IF($Q76=0,1,INDEX(Bills!$AC$6:$AC$25,$Q76)),0)))) | V76: =IF(OR($D76="",$B76="",Housemates!$B$11=""),0,IF($R76>0,IF(I76="",0,IF(ISNUMBER(I76),I76,1)),IF($C76="Paying back",0,IF(AND(OR(Housemates!$C$11="",Housemates!$C$11<=$B76),OR(Housemates!$D$11="",Housemates!$D$11>=$B76)),IF($Q76=0,1,INDEX(Bills!$AD$6:$AD$25,$Q76)),0)))) | W76: =IF(OR($D76="",$B76="",Housemates!$B$12=""),0,IF($R76>0,IF(J76="",0,IF(ISNUMBER(J76),J76,1)),IF($C76="Paying back",0,IF(AND(OR(Housemates!$C$12="",Housemates!$C$12<=$B76),OR(Housemates!$D$12="",Housemates!$D$12>=$B76)),IF($Q76=0,1,INDEX(Bills!$AE$6:$AE$25,$Q76)),0)))) | X76: =IF(OR($D76="",$B76="",Housemates!$B$13=""),0,IF($R76>0,IF(K76="",0,IF(ISNUMBER(K76),K76,1)),IF($C76="Paying back",0,IF(AND(OR(Housemates!$C$13="",Housemates!$C$13<=$B76),OR(Housemates!$D$13="",Housemates!$D$13>=$B76)),IF($Q76=0,1,INDEX(Bills!$AF$6:$AF$25,$Q76)),0)))) | Y76: =IF(OR($D76="",$B76="",Housemates!$B$14=""),0,IF($R76>0,IF(L76="",0,IF(ISNUMBER(L76),L76,1)),IF($C76="Paying back",0,IF(AND(OR(Housemates!$C$14="",Housemates!$C$14<=$B76),OR(Housemates!$D$14="",Housemates!$D$14>=$B76)),IF($Q76=0,1,INDEX(Bills!$AG$6:$AG$25,$Q76)),0)))) | Z76: =IF(OR($D76="",$B76="",Housemates!$B$15=""),0,IF($R76>0,IF(M76="",0,IF(ISNUMBER(M76),M76,1)),IF($C76="Paying back",0,IF(AND(OR(Housemates!$C$15="",Housemates!$C$15<=$B76),OR(Housemates!$D$15="",Housemates!$D$15>=$B76)),IF($Q76=0,1,INDEX(Bills!$AH$6:$AH$25,$Q76)),0)))) | AA76: =SUM(S76:Z76) | AB76: =IF(AA76=0,0,D76*S76/AA76) | AC76: =IF(AA76=0,0,D76*T76/AA76) | AD76: =IF(AA76=0,0,D76*U76/AA76) | AE76: =IF(AA76=0,0,D76*V76/AA76) | AF76: =IF(AA76=0,0,D76*W76/AA76) | AG76: =IF(AA76=0,0,D76*X76/AA76) | AH76: =IF(AA76=0,0,D76*Y76/AA76) | AI76: =IF(AA76=0,0,D76*Z76/AA76) | AJ76: =IF(OR(C76="",B76=""),"",C76&"|"&(YEAR(B76)*100+MONTH(B76)))
B77: 46234 | C77: Paying back | D77: 1013.62 | E77: Zoe | F77: x | N77: =IF(D77="","",IF(B77="","No date",IF(AND(C77="Paying back",R77=0),"To whom?",IF(AA77=0,"Nobody",IF(C77="Paying back","To "&INDEX(Housemates!$B$8:$B$15,MATCH(MAX(S77:Z77),S77:Z77,0)),IF(R77>0,IF(COUNTIF(S77:Z77,">0")=1,"1 person",COUNTIF(S77:Z77,">0")&" people"),IF(Q77=0,"Everyone",INDEX(Bills!$Q$6:$Q$25,Q77)))))))) | O77: =IF(D77="","",IF(C77="Paying back","Paying back",IF(Q77=0,"Other",IF(INDEX(Bills!$C$6:$C$25,Q77)="","Other",INDEX(Bills!$C$6:$C$25,Q77))))) | Q77: =IF(C77="",0,IFERROR(MATCH(C77,Bills!$B$6:$B$25,0),0)) | R77: =COUNTA(F77:M77) | S77: =IF(OR($D77="",$B77="",Housemates!$B$8=""),0,IF($R77>0,IF(F77="",0,IF(ISNUMBER(F77),F77,1)),IF($C77="Paying back",0,IF(AND(OR(Housemates!$C$8="",Housemates!$C$8<=$B77),OR(Housemates!$D$8="",Housemates!$D$8>=$B77)),IF($Q77=0,1,INDEX(Bills!$AA$6:$AA$25,$Q77)),0)))) | T77: =IF(OR($D77="",$B77="",Housemates!$B$9=""),0,IF($R77>0,IF(G77="",0,IF(ISNUMBER(G77),G77,1)),IF($C77="Paying back",0,IF(AND(OR(Housemates!$C$9="",Housemates!$C$9<=$B77),OR(Housemates!$D$9="",Housemates!$D$9>=$B77)),IF($Q77=0,1,INDEX(Bills!$AB$6:$AB$25,$Q77)),0)))) | U77: =IF(OR($D77="",$B77="",Housemates!$B$10=""),0,IF($R77>0,IF(H77="",0,IF(ISNUMBER(H77),H77,1)),IF($C77="Paying back",0,IF(AND(OR(Housemates!$C$10="",Housemates!$C$10<=$B77),OR(Housemates!$D$10="",Housemates!$D$10>=$B77)),IF($Q77=0,1,INDEX(Bills!$AC$6:$AC$25,$Q77)),0)))) | V77: =IF(OR($D77="",$B77="",Housemates!$B$11=""),0,IF($R77>0,IF(I77="",0,IF(ISNUMBER(I77),I77,1)),IF($C77="Paying back",0,IF(AND(OR(Housemates!$C$11="",Housemates!$C$11<=$B77),OR(Housemates!$D$11="",Housemates!$D$11>=$B77)),IF($Q77=0,1,INDEX(Bills!$AD$6:$AD$25,$Q77)),0)))) | W77: =IF(OR($D77="",$B77="",Housemates!$B$12=""),0,IF($R77>0,IF(J77="",0,IF(ISNUMBER(J77),J77,1)),IF($C77="Paying back",0,IF(AND(OR(Housemates!$C$12="",Housemates!$C$12<=$B77),OR(Housemates!$D$12="",Housemates!$D$12>=$B77)),IF($Q77=0,1,INDEX(Bills!$AE$6:$AE$25,$Q77)),0)))) | X77: =IF(OR($D77="",$B77="",Housemates!$B$13=""),0,IF($R77>0,IF(K77="",0,IF(ISNUMBER(K77),K77,1)),IF($C77="Paying back",0,IF(AND(OR(Housemates!$C$13="",Housemates!$C$13<=$B77),OR(Housemates!$D$13="",Housemates!$D$13>=$B77)),IF($Q77=0,1,INDEX(Bills!$AF$6:$AF$25,$Q77)),0)))) | Y77: =IF(OR($D77="",$B77="",Housemates!$B$14=""),0,IF($R77>0,IF(L77="",0,IF(ISNUMBER(L77),L77,1)),IF($C77="Paying back",0,IF(AND(OR(Housemates!$C$14="",Housemates!$C$14<=$B77),OR(Housemates!$D$14="",Housemates!$D$14>=$B77)),IF($Q77=0,1,INDEX(Bills!$AG$6:$AG$25,$Q77)),0)))) | Z77: =IF(OR($D77="",$B77="",Housemates!$B$15=""),0,IF($R77>0,IF(M77="",0,IF(ISNUMBER(M77),M77,1)),IF($C77="Paying back",0,IF(AND(OR(Housemates!$C$15="",Housemates!$C$15<=$B77),OR(Housemates!$D$15="",Housemates!$D$15>=$B77)),IF($Q77=0,1,INDEX(Bills!$AH$6:$AH$25,$Q77)),0)))) | AA77: =SUM(S77:Z77) | AB77: =IF(AA77=0,0,D77*S77/AA77) | AC77: =IF(AA77=0,0,D77*T77/AA77) | AD77: =IF(AA77=0,0,D77*U77/AA77) | AE77: =IF(AA77=0,0,D77*V77/AA77) | AF77: =IF(AA77=0,0,D77*W77/AA77) | AG77: =IF(AA77=0,0,D77*X77/AA77) | AH77: =IF(AA77=0,0,D77*Y77/AA77) | AI77: =IF(AA77=0,0,D77*Z77/AA77) | AJ77: =IF(OR(C77="",B77=""),"",C77&"|"&(YEAR(B77)*100+MONTH(B77)))
B78: 46234 | C78: Paying back | D78: 913.48 | E78: Leo | F78: x | N78: =IF(D78="","",IF(B78="","No date",IF(AND(C78="Paying back",R78=0),"To whom?",IF(AA78=0,"Nobody",IF(C78="Paying back","To "&INDEX(Housemates!$B$8:$B$15,MATCH(MAX(S78:Z78),S78:Z78,0)),IF(R78>0,IF(COUNTIF(S78:Z78,">0")=1,"1 person",COUNTIF(S78:Z78,">0")&" people"),IF(Q78=0,"Everyone",INDEX(Bills!$Q$6:$Q$25,Q78)))))))) | O78: =IF(D78="","",IF(C78="Paying back","Paying back",IF(Q78=0,"Other",IF(INDEX(Bills!$C$6:$C$25,Q78)="","Other",INDEX(Bills!$C$6:$C$25,Q78))))) | Q78: =IF(C78="",0,IFERROR(MATCH(C78,Bills!$B$6:$B$25,0),0)) | R78: =COUNTA(F78:M78) | S78: =IF(OR($D78="",$B78="",Housemates!$B$8=""),0,IF($R78>0,IF(F78="",0,IF(ISNUMBER(F78),F78,1)),IF($C78="Paying back",0,IF(AND(OR(Housemates!$C$8="",Housemates!$C$8<=$B78),OR(Housemates!$D$8="",Housemates!$D$8>=$B78)),IF($Q78=0,1,INDEX(Bills!$AA$6:$AA$25,$Q78)),0)))) | T78: =IF(OR($D78="",$B78="",Housemates!$B$9=""),0,IF($R78>0,IF(G78="",0,IF(ISNUMBER(G78),G78,1)),IF($C78="Paying back",0,IF(AND(OR(Housemates!$C$9="",Housemates!$C$9<=$B78),OR(Housemates!$D$9="",Housemates!$D$9>=$B78)),IF($Q78=0,1,INDEX(Bills!$AB$6:$AB$25,$Q78)),0)))) | U78: =IF(OR($D78="",$B78="",Housemates!$B$10=""),0,IF($R78>0,IF(H78="",0,IF(ISNUMBER(H78),H78,1)),IF($C78="Paying back",0,IF(AND(OR(Housemates!$C$10="",Housemates!$C$10<=$B78),OR(Housemates!$D$10="",Housemates!$D$10>=$B78)),IF($Q78=0,1,INDEX(Bills!$AC$6:$AC$25,$Q78)),0)))) | V78: =IF(OR($D78="",$B78="",Housemates!$B$11=""),0,IF($R78>0,IF(I78="",0,IF(ISNUMBER(I78),I78,1)),IF($C78="Paying back",0,IF(AND(OR(Housemates!$C$11="",Housemates!$C$11<=$B78),OR(Housemates!$D$11="",Housemates!$D$11>=$B78)),IF($Q78=0,1,INDEX(Bills!$AD$6:$AD$25,$Q78)),0)))) | W78: =IF(OR($D78="",$B78="",Housemates!$B$12=""),0,IF($R78>0,IF(J78="",0,IF(ISNUMBER(J78),J78,1)),IF($C78="Paying back",0,IF(AND(OR(Housemates!$C$12="",Housemates!$C$12<=$B78),OR(Housemates!$D$12="",Housemates!$D$12>=$B78)),IF($Q78=0,1,INDEX(Bills!$AE$6:$AE$25,$Q78)),0)))) | X78: =IF(OR($D78="",$B78="",Housemates!$B$13=""),0,IF($R78>0,IF(K78="",0,IF(ISNUMBER(K78),K78,1)),IF($C78="Paying back",0,IF(AND(OR(Housemates!$C$13="",Housemates!$C$13<=$B78),OR(Housemates!$D$13="",Housemates!$D$13>=$B78)),IF($Q78=0,1,INDEX(Bills!$AF$6:$AF$25,$Q78)),0)))) | Y78: =IF(OR($D78="",$B78="",Housemates!$B$14=""),0,IF($R78>0,IF(L78="",0,IF(ISNUMBER(L78),L78,1)),IF($C78="Paying back",0,IF(AND(OR(Housemates!$C$14="",Housemates!$C$14<=$B78),OR(Housemates!$D$14="",Housemates!$D$14>=$B78)),IF($Q78=0,1,INDEX(Bills!$AG$6:$AG$25,$Q78)),0)))) | Z78: =IF(OR($D78="",$B78="",Housemates!$B$15=""),0,IF($R78>0,IF(M78="",0,IF(ISNUMBER(M78),M78,1)),IF($C78="Paying back",0,IF(AND(OR(Housemates!$C$15="",Housemates!$C$15<=$B78),OR(Housemates!$D$15="",Housemates!$D$15>=$B78)),IF($Q78=0,1,INDEX(Bills!$AH$6:$AH$25,$Q78)),0)))) | AA78: =SUM(S78:Z78) | AB78: =IF(AA78=0,0,D78*S78/AA78) | AC78: =IF(AA78=0,0,D78*T78/AA78) | AD78: =IF(AA78=0,0,D78*U78/AA78) | AE78: =IF(AA78=0,0,D78*V78/AA78) | AF78: =IF(AA78=0,0,D78*W78/AA78) | AG78: =IF(AA78=0,0,D78*X78/AA78) | AH78: =IF(AA78=0,0,D78*Y78/AA78) | AI78: =IF(AA78=0,0,D78*Z78/AA78) | AJ78: =IF(OR(C78="",B78=""),"",C78&"|"&(YEAR(B78)*100+MONTH(B78)))
B79: 46235 | C79: Rent | D79: 2400 | E79: Maya | N79: =IF(D79="","",IF(B79="","No date",IF(AND(C79="Paying back",R79=0),"To whom?",IF(AA79=0,"Nobody",IF(C79="Paying back","To "&INDEX(Housemates!$B$8:$B$15,MATCH(MAX(S79:Z79),S79:Z79,0)),IF(R79>0,IF(COUNTIF(S79:Z79,">0")=1,"1 person",COUNTIF(S79:Z79,">0")&" people"),IF(Q79=0,"Everyone",INDEX(Bills!$Q$6:$Q$25,Q79)))))))) | O79: =IF(D79="","",IF(C79="Paying back","Paying back",IF(Q79=0,"Other",IF(INDEX(Bills!$C$6:$C$25,Q79)="","Other",INDEX(Bills!$C$6:$C$25,Q79))))) | Q79: =IF(C79="",0,IFERROR(MATCH(C79,Bills!$B$6:$B$25,0),0)) | R79: =COUNTA(F79:M79) | S79: =IF(OR($D79="",$B79="",Housemates!$B$8=""),0,IF($R79>0,IF(F79="",0,IF(ISNUMBER(F79),F79,1)),IF($C79="Paying back",0,IF(AND(OR(Housemates!$C$8="",Housemates!$C$8<=$B79),OR(Housemates!$D$8="",Housemates!$D$8>=$B79)),IF($Q79=0,1,INDEX(Bills!$AA$6:$AA$25,$Q79)),0)))) | T79: =IF(OR($D79="",$B79="",Housemates!$B$9=""),0,IF($R79>0,IF(G79="",0,IF(ISNUMBER(G79),G79,1)),IF($C79="Paying back",0,IF(AND(OR(Housemates!$C$9="",Housemates!$C$9<=$B79),OR(Housemates!$D$9="",Housemates!$D$9>=$B79)),IF($Q79=0,1,INDEX(Bills!$AB$6:$AB$25,$Q79)),0)))) | U79: =IF(OR($D79="",$B79="",Housemates!$B$10=""),0,IF($R79>0,IF(H79="",0,IF(ISNUMBER(H79),H79,1)),IF($C79="Paying back",0,IF(AND(OR(Housemates!$C$10="",Housemates!$C$10<=$B79),OR(Housemates!$D$10="",Housemates!$D$10>=$B79)),IF($Q79=0,1,INDEX(Bills!$AC$6:$AC$25,$Q79)),0)))) | V79: =IF(OR($D79="",$B79="",Housemates!$B$11=""),0,IF($R79>0,IF(I79="",0,IF(ISNUMBER(I79),I79,1)),IF($C79="Paying back",0,IF(AND(OR(Housemates!$C$11="",Housemates!$C$11<=$B79),OR(Housemates!$D$11="",Housemates!$D$11>=$B79)),IF($Q79=0,1,INDEX(Bills!$AD$6:$AD$25,$Q79)),0)))) | W79: =IF(OR($D79="",$B79="",Housemates!$B$12=""),0,IF($R79>0,IF(J79="",0,IF(ISNUMBER(J79),J79,1)),IF($C79="Paying back",0,IF(AND(OR(Housemates!$C$12="",Housemates!$C$12<=$B79),OR(Housemates!$D$12="",Housemates!$D$12>=$B79)),IF($Q79=0,1,INDEX(Bills!$AE$6:$AE$25,$Q79)),0)))) | X79: =IF(OR($D79="",$B79="",Housemates!$B$13=""),0,IF($R79>0,IF(K79="",0,IF(ISNUMBER(K79),K79,1)),IF($C79="Paying back",0,IF(AND(OR(Housemates!$C$13="",Housemates!$C$13<=$B79),OR(Housemates!$D$13="",Housemates!$D$13>=$B79)),IF($Q79=0,1,INDEX(Bills!$AF$6:$AF$25,$Q79)),0)))) | Y79: =IF(OR($D79="",$B79="",Housemates!$B$14=""),0,IF($R79>0,IF(L79="",0,IF(ISNUMBER(L79),L79,1)),IF($C79="Paying back",0,IF(AND(OR(Housemates!$C$14="",Housemates!$C$14<=$B79),OR(Housemates!$D$14="",Housemates!$D$14>=$B79)),IF($Q79=0,1,INDEX(Bills!$AG$6:$AG$25,$Q79)),0)))) | Z79: =IF(OR($D79="",$B79="",Housemates!$B$15=""),0,IF($R79>0,IF(M79="",0,IF(ISNUMBER(M79),M79,1)),IF($C79="Paying back",0,IF(AND(OR(Housemates!$C$15="",Housemates!$C$15<=$B79),OR(Housemates!$D$15="",Housemates!$D$15>=$B79)),IF($Q79=0,1,INDEX(Bills!$AH$6:$AH$25,$Q79)),0)))) | AA79: =SUM(S79:Z79) | AB79: =IF(AA79=0,0,D79*S79/AA79) | AC79: =IF(AA79=0,0,D79*T79/AA79) | AD79: =IF(AA79=0,0,D79*U79/AA79) | AE79: =IF(AA79=0,0,D79*V79/AA79) | AF79: =IF(AA79=0,0,D79*W79/AA79) | AG79: =IF(AA79=0,0,D79*X79/AA79) | AH79: =IF(AA79=0,0,D79*Y79/AA79) | AI79: =IF(AA79=0,0,D79*Z79/AA79) | AJ79: =IF(OR(C79="",B79=""),"",C79&"|"&(YEAR(B79)*100+MONTH(B79)))
B80: 46236 | C80: Internet | D80: 45 | E80: Leo | N80: =IF(D80="","",IF(B80="","No date",IF(AND(C80="Paying back",R80=0),"To whom?",IF(AA80=0,"Nobody",IF(C80="Paying back","To "&INDEX(Housemates!$B$8:$B$15,MATCH(MAX(S80:Z80),S80:Z80,0)),IF(R80>0,IF(COUNTIF(S80:Z80,">0")=1,"1 person",COUNTIF(S80:Z80,">0")&" people"),IF(Q80=0,"Everyone",INDEX(Bills!$Q$6:$Q$25,Q80)))))))) | O80: =IF(D80="","",IF(C80="Paying back","Paying back",IF(Q80=0,"Other",IF(INDEX(Bills!$C$6:$C$25,Q80)="","Other",INDEX(Bills!$C$6:$C$25,Q80))))) | Q80: =IF(C80="",0,IFERROR(MATCH(C80,Bills!$B$6:$B$25,0),0)) | R80: =COUNTA(F80:M80) | S80: =IF(OR($D80="",$B80="",Housemates!$B$8=""),0,IF($R80>0,IF(F80="",0,IF(ISNUMBER(F80),F80,1)),IF($C80="Paying back",0,IF(AND(OR(Housemates!$C$8="",Housemates!$C$8<=$B80),OR(Housemates!$D$8="",Housemates!$D$8>=$B80)),IF($Q80=0,1,INDEX(Bills!$AA$6:$AA$25,$Q80)),0)))) | T80: =IF(OR($D80="",$B80="",Housemates!$B$9=""),0,IF($R80>0,IF(G80="",0,IF(ISNUMBER(G80),G80,1)),IF($C80="Paying back",0,IF(AND(OR(Housemates!$C$9="",Housemates!$C$9<=$B80),OR(Housemates!$D$9="",Housemates!$D$9>=$B80)),IF($Q80=0,1,INDEX(Bills!$AB$6:$AB$25,$Q80)),0)))) | U80: =IF(OR($D80="",$B80="",Housemates!$B$10=""),0,IF($R80>0,IF(H80="",0,IF(ISNUMBER(H80),H80,1)),IF($C80="Paying back",0,IF(AND(OR(Housemates!$C$10="",Housemates!$C$10<=$B80),OR(Housemates!$D$10="",Housemates!$D$10>=$B80)),IF($Q80=0,1,INDEX(Bills!$AC$6:$AC$25,$Q80)),0)))) | V80: =IF(OR($D80="",$B80="",Housemates!$B$11=""),0,IF($R80>0,IF(I80="",0,IF(ISNUMBER(I80),I80,1)),IF($C80="Paying back",0,IF(AND(OR(Housemates!$C$11="",Housemates!$C$11<=$B80),OR(Housemates!$D$11="",Housemates!$D$11>=$B80)),IF($Q80=0,1,INDEX(Bills!$AD$6:$AD$25,$Q80)),0)))) | W80: =IF(OR($D80="",$B80="",Housemates!$B$12=""),0,IF($R80>0,IF(J80="",0,IF(ISNUMBER(J80),J80,1)),IF($C80="Paying back",0,IF(AND(OR(Housemates!$C$12="",Housemates!$C$12<=$B80),OR(Housemates!$D$12="",Housemates!$D$12>=$B80)),IF($Q80=0,1,INDEX(Bills!$AE$6:$AE$25,$Q80)),0)))) | X80: =IF(OR($D80="",$B80="",Housemates!$B$13=""),0,IF($R80>0,IF(K80="",0,IF(ISNUMBER(K80),K80,1)),IF($C80="Paying back",0,IF(AND(OR(Housemates!$C$13="",Housemates!$C$13<=$B80),OR(Housemates!$D$13="",Housemates!$D$13>=$B80)),IF($Q80=0,1,INDEX(Bills!$AF$6:$AF$25,$Q80)),0)))) | Y80: =IF(OR($D80="",$B80="",Housemates!$B$14=""),0,IF($R80>0,IF(L80="",0,IF(ISNUMBER(L80),L80,1)),IF($C80="Paying back",0,IF(AND(OR(Housemates!$C$14="",Housemates!$C$14<=$B80),OR(Housemates!$D$14="",Housemates!$D$14>=$B80)),IF($Q80=0,1,INDEX(Bills!$AG$6:$AG$25,$Q80)),0)))) | Z80: =IF(OR($D80="",$B80="",Housemates!$B$15=""),0,IF($R80>0,IF(M80="",0,IF(ISNUMBER(M80),M80,1)),IF($C80="Paying back",0,IF(AND(OR(Housemates!$C$15="",Housemates!$C$15<=$B80),OR(Housemates!$D$15="",Housemates!$D$15>=$B80)),IF($Q80=0,1,INDEX(Bills!$AH$6:$AH$25,$Q80)),0)))) | AA80: =SUM(S80:Z80) | AB80: =IF(AA80=0,0,D80*S80/AA80) | AC80: =IF(AA80=0,0,D80*T80/AA80) | AD80: =IF(AA80=0,0,D80*U80/AA80) | AE80: =IF(AA80=0,0,D80*V80/AA80) | AF80: =IF(AA80=0,0,D80*W80/AA80) | AG80: =IF(AA80=0,0,D80*X80/AA80) | AH80: =IF(AA80=0,0,D80*Y80/AA80) | AI80: =IF(AA80=0,0,D80*Z80/AA80) | AJ80: =IF(OR(C80="",B80=""),"",C80&"|"&(YEAR(B80)*100+MONTH(B80)))
