Workbook

Sheet Dashboard
B2: =IF(Settings!$C$4="","Clients and sessions",Settings!$C$4)
B3: ="This month, "&CHOOSE(MONTH(TODAY()),"January","February","March","April","May","June","July","August","September","October","November","December")&": the sessions, what was sold, and who needs you."
B4: Active clients | C4: Sessions | D4: Missed | E4: Sold | G4: Owed to you | H4: Few sessions left | I4: Check-ins due
B5: =SUM(Clients!$V$6:$V$105) | C5: =SUMIFS(Sessions!$L$6:$L$3005,Sessions!$J$6:$J$3005,(YEAR(TODAY())*100+MONTH(TODAY()))) | D5: =SUMIFS(Sessions!$M$6:$M$3005,Sessions!$J$6:$J$3005,(YEAR(TODAY())*100+MONTH(TODAY()))) | E5: =SUMIFS(Packages!$E$6:$E$505,Packages!$L$6:$L$505,(YEAR(TODAY())*100+MONTH(TODAY())),Packages!$M$6:$M$505,1) | G5: =SUM(Clients!$O$6:$O$105) | H5: =SUM(Clients!$T$6:$T$105) | I5: =SUM(Clients!$U$6:$U$105)
B7: Needs attention | C7: Why | E7: Left | G7: Coming up | H7: Date | I7: Time
B8: =IF(L8="","",INDEX(Clients!$B$1:$B$105,L8)) | C8: =IF(L8="","",INDEX(Clients!$P$1:$P$105,L8)) | E8: =IF(L8="","",IF(INDEX(Clients!$J$1:$J$105,L8)=0,"",INDEX(Clients!$L$1:$L$105,L8))) | G8: =IF(M8="","",INDEX(Sessions!$D$1:$D$3005,MOD(M8,10000))) | H8: =IF(M8="","",INDEX(Sessions!$B$1:$B$3005,MOD(M8,10000))) | I8: =IF(M8="","",IF(INDEX(Sessions!$C$1:$C$3005,MOD(M8,10000))="","",INDEX(Sessions!$C$1:$C$3005,MOD(M8,10000)))) | L8: =IFERROR(SMALL(Clients!$R$6:$R$105,1),"") | M8: =IFERROR(SMALL(Sessions!$N$6:$N$3005,1),"")
B9: =IF(L9="","",INDEX(Clients!$B$1:$B$105,L9)) | C9: =IF(L9="","",INDEX(Clients!$P$1:$P$105,L9)) | E9: =IF(L9="","",IF(INDEX(Clients!$J$1:$J$105,L9)=0,"",INDEX(Clients!$L$1:$L$105,L9))) | G9: =IF(M9="","",INDEX(Sessions!$D$1:$D$3005,MOD(M9,10000))) | H9: =IF(M9="","",INDEX(Sessions!$B$1:$B$3005,MOD(M9,10000))) | I9: =IF(M9="","",IF(INDEX(Sessions!$C$1:$C$3005,MOD(M9,10000))="","",INDEX(Sessions!$C$1:$C$3005,MOD(M9,10000)))) | L9: =IFERROR(SMALL(Clients!$R$6:$R$105,2),"") | M9: =IFERROR(SMALL(Sessions!$N$6:$N$3005,2),"")
B10: =IF(L10="","",INDEX(Clients!$B$1:$B$105,L10)) | C10: =IF(L10="","",INDEX(Clients!$P$1:$P$105,L10)) | E10: =IF(L10="","",IF(INDEX(Clients!$J$1:$J$105,L10)=0,"",INDEX(Clients!$L$1:$L$105,L10))) | G10: =IF(M10="","",INDEX(Sessions!$D$1:$D$3005,MOD(M10,10000))) | H10: =IF(M10="","",INDEX(Sessions!$B$1:$B$3005,MOD(M10,10000))) | I10: =IF(M10="","",IF(INDEX(Sessions!$C$1:$C$3005,MOD(M10,10000))="","",INDEX(Sessions!$C$1:$C$3005,MOD(M10,10000)))) | L10: =IFERROR(SMALL(Clients!$R$6:$R$105,3),"") | M10: =IFERROR(SMALL(Sessions!$N$6:$N$3005,3),"")
B11: =IF(L11="","",INDEX(Clients!$B$1:$B$105,L11)) | C11: =IF(L11="","",INDEX(Clients!$P$1:$P$105,L11)) | E11: =IF(L11="","",IF(INDEX(Clients!$J$1:$J$105,L11)=0,"",INDEX(Clients!$L$1:$L$105,L11))) | G11: =IF(M11="","",INDEX(Sessions!$D$1:$D$3005,MOD(M11,10000))) | H11: =IF(M11="","",INDEX(Sessions!$B$1:$B$3005,MOD(M11,10000))) | I11: =IF(M11="","",IF(INDEX(Sessions!$C$1:$C$3005,MOD(M11,10000))="","",INDEX(Sessions!$C$1:$C$3005,MOD(M11,10000)))) | L11: =IFERROR(SMALL(Clients!$R$6:$R$105,4),"") | M11: =IFERROR(SMALL(Sessions!$N$6:$N$3005,4),"")
B12: =IF(L12="","",INDEX(Clients!$B$1:$B$105,L12)) | C12: =IF(L12="","",INDEX(Clients!$P$1:$P$105,L12)) | E12: =IF(L12="","",IF(INDEX(Clients!$J$1:$J$105,L12)=0,"",INDEX(Clients!$L$1:$L$105,L12))) | G12: =IF(M12="","",INDEX(Sessions!$D$1:$D$3005,MOD(M12,10000))) | H12: =IF(M12="","",INDEX(Sessions!$B$1:$B$3005,MOD(M12,10000))) | I12: =IF(M12="","",IF(INDEX(Sessions!$C$1:$C$3005,MOD(M12,10000))="","",INDEX(Sessions!$C$1:$C$3005,MOD(M12,10000)))) | L12: =IFERROR(SMALL(Clients!$R$6:$R$105,5),"") | M12: =IFERROR(SMALL(Sessions!$N$6:$N$3005,5),"")
B13: =IF(L13="","",INDEX(Clients!$B$1:$B$105,L13)) | C13: =IF(L13="","",INDEX(Clients!$P$1:$P$105,L13)) | E13: =IF(L13="","",IF(INDEX(Clients!$J$1:$J$105,L13)=0,"",INDEX(Clients!$L$1:$L$105,L13))) | G13: =IF(M13="","",INDEX(Sessions!$D$1:$D$3005,MOD(M13,10000))) | H13: =IF(M13="","",INDEX(Sessions!$B$1:$B$3005,MOD(M13,10000))) | I13: =IF(M13="","",IF(INDEX(Sessions!$C$1:$C$3005,MOD(M13,10000))="","",INDEX(Sessions!$C$1:$C$3005,MOD(M13,10000)))) | L13: =IFERROR(SMALL(Clients!$R$6:$R$105,6),"") | M13: =IFERROR(SMALL(Sessions!$N$6:$N$3005,6),"")
B14: =IF(L14="","",INDEX(Clients!$B$1:$B$105,L14)) | C14: =IF(L14="","",INDEX(Clients!$P$1:$P$105,L14)) | E14: =IF(L14="","",IF(INDEX(Clients!$J$1:$J$105,L14)=0,"",INDEX(Clients!$L$1:$L$105,L14))) | G14: =IF(M14="","",INDEX(Sessions!$D$1:$D$3005,MOD(M14,10000))) | H14: =IF(M14="","",INDEX(Sessions!$B$1:$B$3005,MOD(M14,10000))) | I14: =IF(M14="","",IF(INDEX(Sessions!$C$1:$C$3005,MOD(M14,10000))="","",INDEX(Sessions!$C$1:$C$3005,MOD(M14,10000)))) | L14: =IFERROR(SMALL(Clients!$R$6:$R$105,7),"") | M14: =IFERROR(SMALL(Sessions!$N$6:$N$3005,7),"")
B15: =IF(L15="","",INDEX(Clients!$B$1:$B$105,L15)) | C15: =IF(L15="","",INDEX(Clients!$P$1:$P$105,L15)) | E15: =IF(L15="","",IF(INDEX(Clients!$J$1:$J$105,L15)=0,"",INDEX(Clients!$L$1:$L$105,L15))) | G15: =IF(M15="","",INDEX(Sessions!$D$1:$D$3005,MOD(M15,10000))) | H15: =IF(M15="","",INDEX(Sessions!$B$1:$B$3005,MOD(M15,10000))) | I15: =IF(M15="","",IF(INDEX(Sessions!$C$1:$C$3005,MOD(M15,10000))="","",INDEX(Sessions!$C$1:$C$3005,MOD(M15,10000)))) | L15: =IFERROR(SMALL(Clients!$R$6:$R$105,8),"") | M15: =IFERROR(SMALL(Sessions!$N$6:$N$3005,8),"")
B16: =IF(L16="","",INDEX(Clients!$B$1:$B$105,L16)) | C16: =IF(L16="","",INDEX(Clients!$P$1:$P$105,L16)) | E16: =IF(L16="","",IF(INDEX(Clients!$J$1:$J$105,L16)=0,"",INDEX(Clients!$L$1:$L$105,L16))) | G16: =IF(M16="","",INDEX(Sessions!$D$1:$D$3005,MOD(M16,10000))) | H16: =IF(M16="","",INDEX(Sessions!$B$1:$B$3005,MOD(M16,10000))) | I16: =IF(M16="","",IF(INDEX(Sessions!$C$1:$C$3005,MOD(M16,10000))="","",INDEX(Sessions!$C$1:$C$3005,MOD(M16,10000)))) | L16: =IFERROR(SMALL(Clients!$R$6:$R$105,9),"") | M16: =IFERROR(SMALL(Sessions!$N$6:$N$3005,9),"")
B17: =IF(L17="","",INDEX(Clients!$B$1:$B$105,L17)) | C17: =IF(L17="","",INDEX(Clients!$P$1:$P$105,L17)) | E17: =IF(L17="","",IF(INDEX(Clients!$J$1:$J$105,L17)=0,"",INDEX(Clients!$L$1:$L$105,L17))) | G17: =IF(M17="","",INDEX(Sessions!$D$1:$D$3005,MOD(M17,10000))) | H17: =IF(M17="","",INDEX(Sessions!$B$1:$B$3005,MOD(M17,10000))) | I17: =IF(M17="","",IF(INDEX(Sessions!$C$1:$C$3005,MOD(M17,10000))="","",INDEX(Sessions!$C$1:$C$3005,MOD(M17,10000)))) | L17: =IFERROR(SMALL(Clients!$R$6:$R$105,10),"") | M17: =IFERROR(SMALL(Sessions!$N$6:$N$3005,10),"")
B19: Month | C19: Attended | D19: Missed | E19: Sold
B20: Jan | C20: =SUMIFS(Sessions!$L$6:$L$3005,Sessions!$J$6:$J$3005,(YEAR(TODAY())*100+1)) | D20: =SUMIFS(Sessions!$M$6:$M$3005,Sessions!$J$6:$J$3005,(YEAR(TODAY())*100+1)) | E20: =SUMIFS(Packages!$E$6:$E$505,Packages!$L$6:$L$505,(YEAR(TODAY())*100+1),Packages!$M$6:$M$505,1)
B21: Feb | C21: =SUMIFS(Sessions!$L$6:$L$3005,Sessions!$J$6:$J$3005,(YEAR(TODAY())*100+2)) | D21: =SUMIFS(Sessions!$M$6:$M$3005,Sessions!$J$6:$J$3005,(YEAR(TODAY())*100+2)) | E21: =SUMIFS(Packages!$E$6:$E$505,Packages!$L$6:$L$505,(YEAR(TODAY())*100+2),Packages!$M$6:$M$505,1)
B22: Mar | C22: =SUMIFS(Sessions!$L$6:$L$3005,Sessions!$J$6:$J$3005,(YEAR(TODAY())*100+3)) | D22: =SUMIFS(Sessions!$M$6:$M$3005,Sessions!$J$6:$J$3005,(YEAR(TODAY())*100+3)) | E22: =SUMIFS(Packages!$E$6:$E$505,Packages!$L$6:$L$505,(YEAR(TODAY())*100+3),Packages!$M$6:$M$505,1)
B23: Apr | C23: =SUMIFS(Sessions!$L$6:$L$3005,Sessions!$J$6:$J$3005,(YEAR(TODAY())*100+4)) | D23: =SUMIFS(Sessions!$M$6:$M$3005,Sessions!$J$6:$J$3005,(YEAR(TODAY())*100+4)) | E23: =SUMIFS(Packages!$E$6:$E$505,Packages!$L$6:$L$505,(YEAR(TODAY())*100+4),Packages!$M$6:$M$505,1)
B24: May | C24: =SUMIFS(Sessions!$L$6:$L$3005,Sessions!$J$6:$J$3005,(YEAR(TODAY())*100+5)) | D24: =SUMIFS(Sessions!$M$6:$M$3005,Sessions!$J$6:$J$3005,(YEAR(TODAY())*100+5)) | E24: =SUMIFS(Packages!$E$6:$E$505,Packages!$L$6:$L$505,(YEAR(TODAY())*100+5),Packages!$M$6:$M$505,1)
B25: Jun | C25: =SUMIFS(Sessions!$L$6:$L$3005,Sessions!$J$6:$J$3005,(YEAR(TODAY())*100+6)) | D25: =SUMIFS(Sessions!$M$6:$M$3005,Sessions!$J$6:$J$3005,(YEAR(TODAY())*100+6)) | E25: =SUMIFS(Packages!$E$6:$E$505,Packages!$L$6:$L$505,(YEAR(TODAY())*100+6),Packages!$M$6:$M$505,1)
B26: Jul | C26: =SUMIFS(Sessions!$L$6:$L$3005,Sessions!$J$6:$J$3005,(YEAR(TODAY())*100+7)) | D26: =SUMIFS(Sessions!$M$6:$M$3005,Sessions!$J$6:$J$3005,(YEAR(TODAY())*100+7)) | E26: =SUMIFS(Packages!$E$6:$E$505,Packages!$L$6:$L$505,(YEAR(TODAY())*100+7),Packages!$M$6:$M$505,1)
B27: Aug | C27: =SUMIFS(Sessions!$L$6:$L$3005,Sessions!$J$6:$J$3005,(YEAR(TODAY())*100+8)) | D27: =SUMIFS(Sessions!$M$6:$M$3005,Sessions!$J$6:$J$3005,(YEAR(TODAY())*100+8)) | E27: =SUMIFS(Packages!$E$6:$E$505,Packages!$L$6:$L$505,(YEAR(TODAY())*100+8),Packages!$M$6:$M$505,1)
B28: Sep | C28: =SUMIFS(Sessions!$L$6:$L$3005,Sessions!$J$6:$J$3005,(YEAR(TODAY())*100+9)) | D28: =SUMIFS(Sessions!$M$6:$M$3005,Sessions!$J$6:$J$3005,(YEAR(TODAY())*100+9)) | E28: =SUMIFS(Packages!$E$6:$E$505,Packages!$L$6:$L$505,(YEAR(TODAY())*100+9),Packages!$M$6:$M$505,1)
B29: Oct | C29: =SUMIFS(Sessions!$L$6:$L$3005,Sessions!$J$6:$J$3005,(YEAR(TODAY())*100+10)) | D29: =SUMIFS(Sessions!$M$6:$M$3005,Sessions!$J$6:$J$3005,(YEAR(TODAY())*100+10)) | E29: =SUMIFS(Packages!$E$6:$E$505,Packages!$L$6:$L$505,(YEAR(TODAY())*100+10),Packages!$M$6:$M$505,1)
B30: Nov | C30: =SUMIFS(Sessions!$L$6:$L$3005,Sessions!$J$6:$J$3005,(YEAR(TODAY())*100+11)) | D30: =SUMIFS(Sessions!$M$6:$M$3005,Sessions!$J$6:$J$3005,(YEAR(TODAY())*100+11)) | E30: =SUMIFS(Packages!$E$6:$E$505,Packages!$L$6:$L$505,(YEAR(TODAY())*100+11),Packages!$M$6:$M$505,1)
B31: Dec | C31: =SUMIFS(Sessions!$L$6:$L$3005,Sessions!$J$6:$J$3005,(YEAR(TODAY())*100+12)) | D31: =SUMIFS(Sessions!$M$6:$M$3005,Sessions!$J$6:$J$3005,(YEAR(TODAY())*100+12)) | E31: =SUMIFS(Packages!$E$6:$E$505,Packages!$L$6:$L$505,(YEAR(TODAY())*100+12),Packages!$M$6:$M$505,1)

Sheet Sessions
B2: Sessions
B3: Each session, booked ahead or done. Leave the status empty until it has happened.
B5: Date | C5: Time | D5: Client | E5: Type | F5: Status | G5: Note | H5: Check
B6: 45993 | C6: 0.72916667 | D6: Hannah Brooks | E6: Duo | F6: Attended | H6: =IF(AND(B6="",D6="",F6=""),"",IF(NOT(ISNUMBER(B6)),"Needs a date",IF(D6="","Needs a client",IF(COUNTIF(Clients!$B$6:$B$105,D6)=0,"Not on Clients",IF(AND(F6="",INT(B6)<TODAY()),"Needs a status",""))))) | I6: =IF(ISNUMBER(B6),INT(B6),0) | J6: =IF(ISNUMBER(B6),YEAR(B6)*100+MONTH(B6),"") | K6: =IF(AND(H6="",OR(F6="Attended",F6="No-show",AND(F6="Late cancel",Settings!$C$9="Yes"))),1,0) | L6: =IF(AND(H6="",F6="Attended"),1,0) | M6: =IF(AND(H6="",OR(F6="No-show",F6="Late cancel")),1,0) | N6: =IF(AND(H6="",F6="",D6<>"",I6>=TODAY()),ROUND((I6+IF(ISNUMBER(C6),MOD(C6,1),0))*1440,0)*10000+ROW(),"")
B7: 45996 | C7: 0.72916667 | D7: Hannah Brooks | E7: Duo | F7: Attended | H7: =IF(AND(B7="",D7="",F7=""),"",IF(NOT(ISNUMBER(B7)),"Needs a date",IF(D7="","Needs a client",IF(COUNTIF(Clients!$B$6:$B$105,D7)=0,"Not on Clients",IF(AND(F7="",INT(B7)<TODAY()),"Needs a status",""))))) | I7: =IF(ISNUMBER(B7),INT(B7),0) | J7: =IF(ISNUMBER(B7),YEAR(B7)*100+MONTH(B7),"") | K7: =IF(AND(H7="",OR(F7="Attended",F7="No-show",AND(F7="Late cancel",Settings!$C$9="Yes"))),1,0) | L7: =IF(AND(H7="",F7="Attended"),1,0) | M7: =IF(AND(H7="",OR(F7="No-show",F7="Late cancel")),1,0) | N7: =IF(AND(H7="",F7="",D7<>"",I7>=TODAY()),ROUND((I7+IF(ISNUMBER(C7),MOD(C7,1),0))*1440,0)*10000+ROW(),"")
B8: 46000 | C8: 0.72916667 | D8: Hannah Brooks | E8: Duo | F8: Attended | H8: =IF(AND(B8="",D8="",F8=""),"",IF(NOT(ISNUMBER(B8)),"Needs a date",IF(D8="","Needs a client",IF(COUNTIF(Clients!$B$6:$B$105,D8)=0,"Not on Clients",IF(AND(F8="",INT(B8)<TODAY()),"Needs a status",""))))) | I8: =IF(ISNUMBER(B8),INT(B8),0) | J8: =IF(ISNUMBER(B8),YEAR(B8)*100+MONTH(B8),"") | K8: =IF(AND(H8="",OR(F8="Attended",F8="No-show",AND(F8="Late cancel",Settings!$C$9="Yes"))),1,0) | L8: =IF(AND(H8="",F8="Attended"),1,0) | M8: =IF(AND(H8="",OR(F8="No-show",F8="Late cancel")),1,0) | N8: =IF(AND(H8="",F8="",D8<>"",I8>=TODAY()),ROUND((I8+IF(ISNUMBER(C8),MOD(C8,1),0))*1440,0)*10000+ROW(),"")
B9: 46003 | C9: 0.72916667 | D9: Hannah Brooks | E9: Duo | F9: Attended | H9: =IF(AND(B9="",D9="",F9=""),"",IF(NOT(ISNUMBER(B9)),"Needs a date",IF(D9="","Needs a client",IF(COUNTIF(Clients!$B$6:$B$105,D9)=0,"Not on Clients",IF(AND(F9="",INT(B9)<TODAY()),"Needs a status",""))))) | I9: =IF(ISNUMBER(B9),INT(B9),0) | J9: =IF(ISNUMBER(B9),YEAR(B9)*100+MONTH(B9),"") | K9: =IF(AND(H9="",OR(F9="Attended",F9="No-show",AND(F9="Late cancel",Settings!$C$9="Yes"))),1,0) | L9: =IF(AND(H9="",F9="Attended"),1,0) | M9: =IF(AND(H9="",OR(F9="No-show",F9="Late cancel")),1,0) | N9: =IF(AND(H9="",F9="",D9<>"",I9>=TODAY()),ROUND((I9+IF(ISNUMBER(C9),MOD(C9,1),0))*1440,0)*10000+ROW(),"")
B10: 46007 | C10: 0.72916667 | D10: Hannah Brooks | E10: Duo | F10: No-show | H10: =IF(AND(B10="",D10="",F10=""),"",IF(NOT(ISNUMBER(B10)),"Needs a date",IF(D10="","Needs a client",IF(COUNTIF(Clients!$B$6:$B$105,D10)=0,"Not on Clients",IF(AND(F10="",INT(B10)<TODAY()),"Needs a status",""))))) | I10: =IF(ISNUMBER(B10),INT(B10),0) | J10: =IF(ISNUMBER(B10),YEAR(B10)*100+MONTH(B10),"") | K10: =IF(AND(H10="",OR(F10="Attended",F10="No-show",AND(F10="Late cancel",Settings!$C$9="Yes"))),1,0) | L10: =IF(AND(H10="",F10="Attended"),1,0) | M10: =IF(AND(H10="",OR(F10="No-show",F10="Late cancel")),1,0) | N10: =IF(AND(H10="",F10="",D10<>"",I10>=TODAY()),ROUND((I10+IF(ISNUMBER(C10),MOD(C10,1),0))*1440,0)*10000+ROW(),"")
B11: 46010 | C11: 0.72916667 | D11: Hannah Brooks | E11: Duo | F11: Attended | H11: =IF(AND(B11="",D11="",F11=""),"",IF(NOT(ISNUMBER(B11)),"Needs a date",IF(D11="","Needs a client",IF(COUNTIF(Clients!$B$6:$B$105,D11)=0,"Not on Clients",IF(AND(F11="",INT(B11)<TODAY()),"Needs a status",""))))) | I11: =IF(ISNUMBER(B11),INT(B11),0) | J11: =IF(ISNUMBER(B11),YEAR(B11)*100+MONTH(B11),"") | K11: =IF(AND(H11="",OR(F11="Attended",F11="No-show",AND(F11="Late cancel",Settings!$C$9="Yes"))),1,0) | L11: =IF(AND(H11="",F11="Attended"),1,0) | M11: =IF(AND(H11="",OR(F11="No-show",F11="Late cancel")),1,0) | N11: =IF(AND(H11="",F11="",D11<>"",I11>=TODAY()),ROUND((I11+IF(ISNUMBER(C11),MOD(C11,1),0))*1440,0)*10000+ROW(),"")
B12: 46014 | C12: 0.72916667 | D12: Hannah Brooks | E12: Duo | F12: Attended | H12: =IF(AND(B12="",D12="",F12=""),"",IF(NOT(ISNUMBER(B12)),"Needs a date",IF(D12="","Needs a client",IF(COUNTIF(Clients!$B$6:$B$105,D12)=0,"Not on Clients",IF(AND(F12="",INT(B12)<TODAY()),"Needs a status",""))))) | I12: =IF(ISNUMBER(B12),INT(B12),0) | J12: =IF(ISNUMBER(B12),YEAR(B12)*100+MONTH(B12),"") | K12: =IF(AND(H12="",OR(F12="Attended",F12="No-show",AND(F12="Late cancel",Settings!$C$9="Yes"))),1,0) | L12: =IF(AND(H12="",F12="Attended"),1,0) | M12: =IF(AND(H12="",OR(F12="No-show",F12="Late cancel")),1,0) | N12: =IF(AND(H12="",F12="",D12<>"",I12>=TODAY()),ROUND((I12+IF(ISNUMBER(C12),MOD(C12,1),0))*1440,0)*10000+ROW(),"")
B13: 46017 | C13: 0.72916667 | D13: Hannah Brooks | E13: Duo | F13: Attended | H13: =IF(AND(B13="",D13="",F13=""),"",IF(NOT(ISNUMBER(B13)),"Needs a date",IF(D13="","Needs a client",IF(COUNTIF(Clients!$B$6:$B$105,D13)=0,"Not on Clients",IF(AND(F13="",INT(B13)<TODAY()),"Needs a status",""))))) | I13: =IF(ISNUMBER(B13),INT(B13),0) | J13: =IF(ISNUMBER(B13),YEAR(B13)*100+MONTH(B13),"") | K13: =IF(AND(H13="",OR(F13="Attended",F13="No-show",AND(F13="Late cancel",Settings!$C$9="Yes"))),1,0) | L13: =IF(AND(H13="",F13="Attended"),1,0) | M13: =IF(AND(H13="",OR(F13="No-show",F13="Late cancel")),1,0) | N13: =IF(AND(H13="",F13="",D13<>"",I13>=TODAY()),ROUND((I13+IF(ISNUMBER(C13),MOD(C13,1),0))*1440,0)*10000+ROW(),"")
B14: 46021 | C14: 0.72916667 | D14: Hannah Brooks | E14: Duo | F14: Attended | H14: =IF(AND(B14="",D14="",F14=""),"",IF(NOT(ISNUMBER(B14)),"Needs a date",IF(D14="","Needs a client",IF(COUNTIF(Clients!$B$6:$B$105,D14)=0,"Not on Clients",IF(AND(F14="",INT(B14)<TODAY()),"Needs a status",""))))) | I14: =IF(ISNUMBER(B14),INT(B14),0) | J14: =IF(ISNUMBER(B14),YEAR(B14)*100+MONTH(B14),"") | K14: =IF(AND(H14="",OR(F14="Attended",F14="No-show",AND(F14="Late cancel",Settings!$C$9="Yes"))),1,0) | L14: =IF(AND(H14="",F14="Attended"),1,0) | M14: =IF(AND(H14="",OR(F14="No-show",F14="Late cancel")),1,0) | N14: =IF(AND(H14="",F14="",D14<>"",I14>=TODAY()),ROUND((I14+IF(ISNUMBER(C14),MOD(C14,1),0))*1440,0)*10000+ROW(),"")
B15: 46024 | C15: 0.72916667 | D15: Hannah Brooks | E15: Duo | F15: No-show | H15: =IF(AND(B15="",D15="",F15=""),"",IF(NOT(ISNUMBER(B15)),"Needs a date",IF(D15="","Needs a client",IF(COUNTIF(Clients!$B$6:$B$105,D15)=0,"Not on Clients",IF(AND(F15="",INT(B15)<TODAY()),"Needs a status",""))))) | I15: =IF(ISNUMBER(B15),INT(B15),0) | J15: =IF(ISNUMBER(B15),YEAR(B15)*100+MONTH(B15),"") | K15: =IF(AND(H15="",OR(F15="Attended",F15="No-show",AND(F15="Late cancel",Settings!$C$9="Yes"))),1,0) | L15: =IF(AND(H15="",F15="Attended"),1,0) | M15: =IF(AND(H15="",OR(F15="No-show",F15="Late cancel")),1,0) | N15: =IF(AND(H15="",F15="",D15<>"",I15>=TODAY()),ROUND((I15+IF(ISNUMBER(C15),MOD(C15,1),0))*1440,0)*10000+ROW(),"")
B16: 46028 | C16: 0.72916667 | D16: Hannah Brooks | E16: Duo | F16: Attended | H16: =IF(AND(B16="",D16="",F16=""),"",IF(NOT(ISNUMBER(B16)),"Needs a date",IF(D16="","Needs a client",IF(COUNTIF(Clients!$B$6:$B$105,D16)=0,"Not on Clients",IF(AND(F16="",INT(B16)<TODAY()),"Needs a status",""))))) | I16: =IF(ISNUMBER(B16),INT(B16),0) | J16: =IF(ISNUMBER(B16),YEAR(B16)*100+MONTH(B16),"") | K16: =IF(AND(H16="",OR(F16="Attended",F16="No-show",AND(F16="Late cancel",Settings!$C$9="Yes"))),1,0) | L16: =IF(AND(H16="",F16="Attended"),1,0) | M16: =IF(AND(H16="",OR(F16="No-show",F16="Late cancel")),1,0) | N16: =IF(AND(H16="",F16="",D16<>"",I16>=TODAY()),ROUND((I16+IF(ISNUMBER(C16),MOD(C16,1),0))*1440,0)*10000+ROW(),"")
B17: 46031 | C17: 0.72916667 | D17: Hannah Brooks | E17: Duo | F17: Attended | H17: =IF(AND(B17="",D17="",F17=""),"",IF(NOT(ISNUMBER(B17)),"Needs a date",IF(D17="","Needs a client",IF(COUNTIF(Clients!$B$6:$B$105,D17)=0,"Not on Clients",IF(AND(F17="",INT(B17)<TODAY()),"Needs a status",""))))) | I17: =IF(ISNUMBER(B17),INT(B17),0) | J17: =IF(ISNUMBER(B17),YEAR(B17)*100+MONTH(B17),"") | K17: =IF(AND(H17="",OR(F17="Attended",F17="No-show",AND(F17="Late cancel",Settings!$C$9="Yes"))),1,0) | L17: =IF(AND(H17="",F17="Attended"),1,0) | M17: =IF(AND(H17="",OR(F17="No-show",F17="Late cancel")),1,0) | N17: =IF(AND(H17="",F17="",D17<>"",I17>=TODAY()),ROUND((I17+IF(ISNUMBER(C17),MOD(C17,1),0))*1440,0)*10000+ROW(),"")
... B330: 46292 | C330: 0.77083333 | D330: Leah Fischer | E330: Duo | F330: Attended | H330: =IF(AND(B330="",D330="",F330=""),"",IF(NOT(ISNUMBER(B330)),"Needs a date",IF(D330="","Needs a client",IF(COUNTIF(Clients!$B$6:$B$105,D330)=0,"Not on Clients",IF(AND(F330="",INT(B330)<TODAY()),"Needs a status",""))))) | I330: =IF(ISNUMBER(B330),INT(B330),0) | J330: =IF(ISNUMBER(B330),YEAR(B330)*100+MONTH(B330),"") | K330: =IF(AND(H330="",OR(F330="Attended",F330="No-show",AND(F330="Late cancel",Settings!$C$9="Yes"))),1,0) | L330: =IF(AND(H330="",F330="Attended"),1,0) | M330: =IF(AND(H330="",OR(F330="No-show",F330="Late cancel")),1,0) | N330: =IF(AND(H330="",F330="",D330<>"",I330>=TODAY()),ROUND((I330+IF(ISNUMBER(C330),MOD(C330,1),0))*1440,0)*10000+ROW(),"")
B331: 46294 | C331: 0.29166667 | D331: Maya Ortiz | E331: Duo | H331: =IF(AND(B331="",D331="",F331=""),"",IF(NOT(ISNUMBER(B331)),"Needs a date",IF(D331="","Needs a client",IF(COUNTIF(Clients!$B$6:$B$105,D331)=0,"Not on Clients",IF(AND(F331="",INT(B331)<TODAY()),"Needs a status",""))))) | I331: =IF(ISNUMBER(B331),INT(B331),0) | J331: =IF(ISNUMBER(B331),YEAR(B331)*100+MONTH(B331),"") | K331: =IF(AND(H331="",OR(F331="Attended",F331="No-show",AND(F331="Late cancel",Settings!$C$9="Yes"))),1,0) | L331: =IF(AND(H331="",F331="Attended"),1,0) | M331: =IF(AND(H331="",OR(F331="No-show",F331="Late cancel")),1,0) | N331: =IF(AND(H331="",F331="",D331<>"",I331>=TODAY()),ROUND((I331+IF(ISNUMBER(C331),MOD(C331,1),0))*1440,0)*10000+ROW(),"")
B332: 46294 | C332: 0.72916667 | D332: Tom Walsh | E332: 1 to 1 | H332: =IF(AND(B332="",D332="",F332=""),"",IF(NOT(ISNUMBER(B332)),"Needs a date",IF(D332="","Needs a client",IF(COUNTIF(Clients!$B$6:$B$105,D332)=0,"Not on Clients",IF(AND(F332="",INT(B332)<TODAY()),"Needs a status",""))))) | I332: =IF(ISNUMBER(B332),INT(B332),0) | J332: =IF(ISNUMBER(B332),YEAR(B332)*100+MONTH(B332),"") | K332: =IF(AND(H332="",OR(F332="Attended",F332="No-show",AND(F332="Late cancel",Settings!$C$9="Yes"))),1,0) | L332: =IF(AND(H332="",F332="Attended"),1,0) | M332: =IF(AND(H332="",OR(F332="No-show",F332="Late cancel")),1,0) | N332: =IF(AND(H332="",F332="",D332<>"",I332>=TODAY()),ROUND((I332+IF(ISNUMBER(C332),MOD(C332,1),0))*1440,0)*10000+ROW(),"")
B333: 46294 | C333: 0.77083333 | D333: Sam Taylor | E333: 1 to 1 | H333: =IF(AND(B333="",D333="",F333=""),"",IF(NOT(ISNUMBER(B333)),"Needs a date",IF(D333="","Needs a client",IF(COUNTIF(Clients!$B$6:$B$105,D333)=0,"Not on Clients",IF(AND(F333="",INT(B333)<TODAY()),"Needs a status",""))))) | I333: =IF(ISNUMBER(B333),INT(B333),0) | J333: =IF(ISNUMBER(B333),YEAR(B333)*100+MONTH(B333),"") | K333: =IF(AND(H333="",OR(F333="Attended",F333="No-show",AND(F333="Late cancel",Settings!$C$9="Yes"))),1,0) | L333: =IF(AND(H333="",F333="Attended"),1,0) | M333: =IF(AND(H333="",OR(F333="No-show",F333="Late cancel")),1,0) | N333: =IF(AND(H333="",F333="",D333<>"",I333>=TODAY()),ROUND((I333+IF(ISNUMBER(C333),MOD(C333,1),0))*1440,0)*10000+ROW(),"")
B334: 46295 | C334: 0.33333333 | D334: Ben Carter | E334: 1 to 1 | H334: =IF(AND(B334="",D334="",F334=""),"",IF(NOT(ISNUMBER(B334)),"Needs a date",IF(D334="","Needs a client",IF(COUNTIF(Clients!$B$6:$B$105,D334)=0,"Not on Clients",IF(AND(F334="",INT(B334)<TODAY()),"Needs a status",""))))) | I334: =IF(ISNUMBER(B334),INT(B334),0) | J334: =IF(ISNUMBER(B334),YEAR(B334)*100+MONTH(B334),"") | K334: =IF(AND(H334="",OR(F334="Attended",F334="No-show",AND(F334="Late cancel",Settings!$C$9="Yes"))),1,0) | L334: =IF(AND(H334="",F334="Attended"),1,0) | M334: =IF(AND(H334="",OR(F334="No-show",F334="Late cancel")),1,0) | N334: =IF(AND(H334="",F334="",D334<>"",I334>=TODAY()),ROUND((I334+IF(ISNUMBER(C334),MOD(C334,1),0))*1440,0)*10000+ROW(),"")
B335: 46295 | C335: 0.52083333 | D335: Luis Moreno | E335: 1 to 1 | H335: =IF(AND(B335="",D335="",F335=""),"",IF(NOT(ISNUMBER(B335)),"Needs a date",IF(D335="","Needs a client",IF(COUNTIF(Clients!$B$6:$B$105,D335)=0,"Not on Clients",IF(AND(F335="",INT(B335)<TODAY()),"Needs a status",""))))) | I335: =IF(ISNUMBER(B335),INT(B335),0) | J335: =IF(ISNUMBER(B335),YEAR(B335)*100+MONTH(B335),"") | K335: =IF(AND(H335="",OR(F335="Attended",F335="No-show",AND(F335="Late cancel",Settings!$C$9="Yes"))),1,0) | L335: =IF(AND(H335="",F335="Attended"),1,0) | M335: =IF(AND(H335="",OR(F335="No-show",F335="Late cancel")),1,0) | N335: =IF(AND(H335="",F335="",D335<>"",I335>=TODAY()),ROUND((I335+IF(ISNUMBER(C335),MOD(C335,1),0))*1440,0)*10000+ROW(),"")
B336: 46295 | C336: 0.77083333 | D336: Leah Fischer | E336: Duo | H336: =IF(AND(B336="",D336="",F336=""),"",IF(NOT(ISNUMBER(B336)),"Needs a date",IF(D336="","Needs a client",IF(COUNTIF(Clients!$B$6:$B$105,D336)=0,"Not on Clients",IF(AND(F336="",INT(B336)<TODAY()),"Needs a status",""))))) | I336: =IF(ISNUMBER(B336),INT(B336),0) | J336: =IF(ISNUMBER(B336),YEAR(B336)*100+MONTH(B336),"") | K336: =IF(AND(H336="",OR(F336="Attended",F336="No-show",AND(F336="Late cancel",Settings!$C$9="Yes"))),1,0) | L336: =IF(AND(H336="",F336="Attended"),1,0) | M336: =IF(AND(H336="",OR(F336="No-show",F336="Late cancel")),1,0) | N336: =IF(AND(H336="",F336="",D336<>"",I336>=TODAY()),ROUND((I336+IF(ISNUMBER(C336),MOD(C336,1),0))*1440,0)*10000+ROW(),"")
B337: 46296 | C337: 0.29166667 | D337: Maya Ortiz | E337: Duo | H337: =IF(AND(B337="",D337="",F337=""),"",IF(NOT(ISNUMBER(B337)),"Needs a date",IF(D337="","Needs a client",IF(COUNTIF(Clients!$B$6:$B$105,D337)=0,"Not on Clients",IF(AND(F337="",INT(B337)<TODAY()),"Needs a status",""))))) | I337: =IF(ISNUMBER(B337),INT(B337),0) | J337: =IF(ISNUMBER(B337),YEAR(B337)*100+MONTH(B337),"") | K337: =IF(AND(H337="",OR(F337="Attended",F337="No-show",AND(F337="Late cancel",Settings!$C$9="Yes"))),1,0) | L337: =IF(AND(H337="",F337="Attended"),1,0) | M337: =IF(AND(H337="",OR(F337="No-show",F337="Late cancel")),1,0) | N337: =IF(AND(H337="",F337="",D337<>"",I337>=TODAY()),ROUND((I337+IF(ISNUMBER(C337),MOD(C337,1),0))*1440,0)*10000+ROW(),"")
B338: 46296 | C338: 0.29166667 | D338: Omar Haddad | E338: 1 to 1 | H338: =IF(AND(B338="",D338="",F338=""),"",IF(NOT(ISNUMBER(B338)),"Needs a date",IF(D338="","Needs a client",IF(COUNTIF(Clients!$B$6:$B$105,D338)=0,"Not on Clients",IF(AND(F338="",INT(B338)<TODAY()),"Needs a status",""))))) | I338: =IF(ISNUMBER(B338),INT(B338),0) | J338: =IF(ISNUMBER(B338),YEAR(B338)*100+MONTH(B338),"") | K338: =IF(AND(H338="",OR(F338="Attended",F338="No-show",AND(F338="Late cancel",Settings!$C$9="Yes"))),1,0) | L338: =IF(AND(H338="",F338="Attended"),1,0) | M338: =IF(AND(H338="",OR(F338="No-show",F338="Late cancel")),1,0) | N338: =IF(AND(H338="",F338="",D338<>"",I338>=TODAY()),ROUND((I338+IF(ISNUMBER(C338),MOD(C338,1),0))*1440,0)*10000+ROW(),"")
B339: 46296 | C339: 0.52083333 | D339: Priya Nair | E339: 1 to 1 | H339: =IF(AND(B339="",D339="",F339=""),"",IF(NOT(ISNUMBER(B339)),"Needs a date",IF(D339="","Needs a client",IF(COUNTIF(Clients!$B$6:$B$105,D339)=0,"Not on Clients",IF(AND(F339="",INT(B339)<TODAY()),"Needs a status",""))))) | I339: =IF(ISNUMBER(B339),INT(B339),0) | J339: =IF(ISNUMBER(B339),YEAR(B339)*100+MONTH(B339),"") | K339: =IF(AND(H339="",OR(F339="Attended",F339="No-show",AND(F339="Late cancel",Settings!$C$9="Yes"))),1,0) | L339: =IF(AND(H339="",F339="Attended"),1,0) | M339: =IF(AND(H339="",OR(F339="No-show",F339="Late cancel")),1,0) | N339: =IF(AND(H339="",F339="",D339<>"",I339>=TODAY()),ROUND((I339+IF(ISNUMBER(C339),MOD(C339,1),0))*1440,0)*10000+ROW(),"")
B340: 46296 | C340: 0.72916667 | D340: Tom Walsh | E340: 1 to 1 | H340: =IF(AND(B340="",D340="",F340=""),"",IF(NOT(ISNUMBER(B340)),"Needs a date",IF(D340="","Needs a client",IF(COUNTIF(Clients!$B$6:$B$105,D340)=0,"Not on Clients",IF(AND(F340="",INT(B340)<TODAY()),"Needs a status",""))))) | I340: =IF(ISNUMBER(B340),INT(B340),0) | J340: =IF(ISNUMBER(B340),YEAR(B340)*100+MONTH(B340),"") | K340: =IF(AND(H340="",OR(F340="Attended",F340="No-show",AND(F340="Late cancel",Settings!$C$9="Yes"))),1,0) | L340: =IF(AND(H340="",F340="Attended"),1,0) | M340: =IF(AND(H340="",OR(F340="No-show",F340="Late cancel")),1,0) | N340: =IF(AND(H340="",F340="",D340<>"",I340>=TODAY()),ROUND((I340+IF(ISNUMBER(C340),MOD(C340,1),0))*1440,0)*10000+ROW(),"")
B341: 46296 | C341: 0.77083333 | D341: Sam Taylor | E341: 1 to 1 | H341: =IF(AND(B341="",D341="",F341=""),"",IF(NOT(ISNUMBER(B341)),"Needs a date",IF(D341="","Needs a client",IF(COUNTIF(Clients!$B$6:$B$105,D341)=0,"Not on Clients",IF(AND(F341="",INT(B341)<TODAY()),"Needs a status",""))))) | I341: =IF(ISNUMBER(B341),INT(B341),0) | J341: =IF(ISNUMBER(B341),YEAR(B341)*100+MONTH(B341),"") | K341: =IF(AND(H341="",OR(F341="Attended",F341="No-show",AND(F341="Late cancel",Settings!$C$9="Yes"))),1,0) | L341: =IF(AND(H341="",F341="Attended"),1,0) | M341: =IF(AND(H341="",OR(F341="No-show",F341="Late cancel")),1,0) | N341: =IF(AND(H341="",F341="",D341<>"",I341>=TODAY()),ROUND((I341+IF(ISNUMBER(C341),MOD(C341,1),0))*1440,0)*10000+ROW(),"")
B342: 46297 | C342: 0.33333333 | D342: Ben Carter | E342: 1 to 1 | H342: =IF(AND(B342="",D342="",F342=""),"",IF(NOT(ISNUMBER(B342)),"Needs a date",IF(D342="","Needs a client",IF(COUNTIF(Clients!$B$6:$B$105,D342)=0,"Not on Clients",IF(AND(F342="",INT(B342)<TODAY()),"Needs a status",""))))) | I342: =IF(ISNUMBER(B342),INT(B342),0) | J342: =IF(ISNUMBER(B342),YEAR(B342)*100+MONTH(B342),"") | K342: =IF(AND(H342="",OR(F342="Attended",F342="No-show",AND(F342="Late cancel",Settings!$C$9="Yes"))),1,0) | L342: =IF(AND(H342="",F342="Attended"),1,0) | M342: =IF(AND(H342="",OR(F342="No-show",F342="Late cancel")),1,0) | N342: =IF(AND(H342="",F342="",D342<>"",I342>=TODAY()),ROUND((I342+IF(ISNUMBER(C342),MOD(C342,1),0))*1440,0)*10000+ROW(),"")
... B354: 46303 | C354: 0.52083333 | D354: Priya Nair | E354: 1 to 1 | H354: =IF(AND(B354="",D354="",F354=""),"",IF(NOT(ISNUMBER(B354)),"Needs a date",IF(D354="","Needs a client",IF(COUNTIF(Clients!$B$6:$B$105,D354)=0,"Not on Clients",IF(AND(F354="",INT(B354)<TODAY()),"Needs a status",""))))) | I354: =IF(ISNUMBER(B354),INT(B354),0) | J354: =IF(ISNUMBER(B354),YEAR(B354)*100+MONTH(B354),"") | K354: =IF(AND(H354="",OR(F354="Attended",F354="No-show",AND(F354="Late cancel",Settings!$C$9="Yes"))),1,0) | L354: =IF(AND(H354="",F354="Attended"),1,0) | M354: =IF(AND(H354="",OR(F354="No-show",F354="Late cancel")),1,0) | N354: =IF(AND(H354="",F354="",D354<>"",I354>=TODAY()),ROUND((I354+IF(ISNUMBER(C354),MOD(C354,1),0))*1440,0)*10000+ROW(),"")
H355: =IF(AND(B355="",D355="",F355=""),"",IF(NOT(ISNUMBER(B355)),"Needs a date",IF(D355="","Needs a client",IF(COUNTIF(Clients!$B$6:$B$105,D355)=0,"Not on Clients",IF(AND(F355="",INT(B355)<TODAY()),"Needs a status",""))))) | I355: =IF(ISNUMBER(B355),INT(B355),0) | J355: =IF(ISNUMBER(B355),YEAR(B355)*100+MONTH(B355),"") | K355: =IF(AND(H355="",OR(F355="Attended",F355="No-show",AND(F355="Late cancel",Settings!$C$9="Yes"))),1,0) | L355: =IF(AND(H355="",F355="Attended"),1,0) | M355: =IF(AND(H355="",OR(F355="No-show",F355="Late cancel")),1,0) | N355: =IF(AND(H355="",F355="",D355<>"",I355>=TODAY()),ROUND((I355+IF(ISNUMBER(C355),MOD(C355,1),0))*1440,0)*10000+ROW(),"")
H356: =IF(AND(B356="",D356="",F356=""),"",IF(NOT(ISNUMBER(B356)),"Needs a date",IF(D356="","Needs a client",IF(COUNTIF(Clients!$B$6:$B$105,D356)=0,"Not on Clients",IF(AND(F356="",INT(B356)<TODAY()),"Needs a status",""))))) | I356: =IF(ISNUMBER(B356),INT(B356),0) | J356: =IF(ISNUMBER(B356),YEAR(B356)*100+MONTH(B356),"") | K356: =IF(AND(H356="",OR(F356="Attended",F356="No-show",AND(F356="Late cancel",Settings!$C$9="Yes"))),1,0) | L356: =IF(AND(H356="",F356="Attended"),1,0) | M356: =IF(AND(H356="",OR(F356="No-show",F356="Late cancel")),1,0) | N356: =IF(AND(H356="",F356="",D356<>"",I356>=TODAY()),ROUND((I356+IF(ISNUMBER(C356),MOD(C356,1),0))*1440,0)*10000+ROW(),"")
H357: =IF(AND(B357="",D357="",F357=""),"",IF(NOT(ISNUMBER(B357)),"Needs a date",IF(D357="","Needs a client",IF(COUNTIF(Clients!$B$6:$B$105,D357)=0,"Not on Clients",IF(AND(F357="",INT(B357)<TODAY()),"Needs a status",""))))) | I357: =IF(ISNUMBER(B357),INT(B357),0) | J357: =IF(ISNUMBER(B357),YEAR(B357)*100+MONTH(B357),"") | K357: =IF(AND(H357="",OR(F357="Attended",F357="No-show",AND(F357="Late cancel",Settings!$C$9="Yes"))),1,0) | L357: =IF(AND(H357="",F357="Attended"),1,0) | M357: =IF(AND(H357="",OR(F357="No-show",F357="Late cancel")),1,0) | N357: =IF(AND(H357="",F357="",D357<>"",I357>=TODAY()),ROUND((I357+IF(ISNUMBER(C357),MOD(C357,1),0))*1440,0)*10000+ROW(),"")
H358: =IF(AND(B358="",D358="",F358=""),"",IF(NOT(ISNUMBER(B358)),"Needs a date",IF(D358="","Needs a client",IF(COUNTIF(Clients!$B$6:$B$105,D358)=0,"Not on Clients",IF(AND(F358="",INT(B358)<TODAY()),"Needs a status",""))))) | I358: =IF(ISNUMBER(B358),INT(B358),0) | J358: =IF(ISNUMBER(B358),YEAR(B358)*100+MONTH(B358),"") | K358: =IF(AND(H358="",OR(F358="Attended",F358="No-show",AND(F358="Late cancel",Settings!$C$9="Yes"))),1,0) | L358: =IF(AND(H358="",F358="Attended"),1,0) | M358: =IF(AND(H358="",OR(F358="No-show",F358="Late cancel")),1,0) | N358: =IF(AND(H358="",F358="",D358<>"",I358>=TODAY()),ROUND((I358+IF(ISNUMBER(C358),MOD(C358,1),0))*1440,0)*10000+ROW(),"")
H359: =IF(AND(B359="",D359="",F359=""),"",IF(NOT(ISNUMBER(B359)),"Needs a date",IF(D359="","Needs a client",IF(COUNTIF(Clients!$B$6:$B$105,D359)=0,"Not on Clients",IF(AND(F359="",INT(B359)<TODAY()),"Needs a status",""))))) | I359: =IF(ISNUMBER(B359),INT(B359),0) | J359: =IF(ISNUMBER(B359),YEAR(B359)*100+MONTH(B359),"") | K359: =IF(AND(H359="",OR(F359="Attended",F359="No-show",AND(F359="Late cancel",Settings!$C$9="Yes"))),1,0) | L359: =IF(AND(H359="",F359="Attended"),1,0) | M359: =IF(AND(H359="",OR(F359="No-show",F359="Late cancel")),1,0) | N359: =IF(AND(H359="",F359="",D359<>"",I359>=TODAY()),ROUND((I359+IF(ISNUMBER(C359),MOD(C359,1),0))*1440,0)*10000+ROW(),"")
H360: =IF(AND(B360="",D360="",F360=""),"",IF(NOT(ISNUMBER(B360)),"Needs a date",IF(D360="","Needs a client",IF(COUNTIF(Clients!$B$6:$B$105,D360)=0,"Not on Clients",IF(AND(F360="",INT(B360)<TODAY()),"Needs a status",""))))) | I360: =IF(ISNUMBER(B360),INT(B360),0) | J360: =IF(ISNUMBER(B360),YEAR(B360)*100+MONTH(B360),"") | K360: =IF(AND(H360="",OR(F360="Attended",F360="No-show",AND(F360="Late cancel",Settings!$C$9="Yes"))),1,0) | L360: =IF(AND(H360="",F360="Attended"),1,0) | M360: =IF(AND(H360="",OR(F360="No-show",F360="Late cancel")),1,0) | N360: =IF(AND(H360="",F360="",D360<>"",I360>=TODAY()),ROUND((I360+IF(ISNUMBER(C360),MOD(C360,1),0))*1440,0)*10000+ROW(),"")
H361: =IF(AND(B361="",D361="",F361=""),"",IF(NOT(ISNUMBER(B361)),"Needs a date",IF(D361="","Needs a client",IF(COUNTIF(Clients!$B$6:$B$105,D361)=0,"Not on Clients",IF(AND(F361="",INT(B361)<TODAY()),"Needs a status",""))))) | I361: =IF(ISNUMBER(B361),INT(B361),0) | J361: =IF(ISNUMBER(B361),YEAR(B361)*100+MONTH(B361),"") | K361: =IF(AND(H361="",OR(F361="Attended",F361="No-show",AND(F361="Late cancel",Settings!$C$9="Yes"))),1,0) | L361: =IF(AND(H361="",F361="Attended"),1,0) | M361: =IF(AND(H361="",OR(F361="No-show",F361="Late cancel")),1,0) | N361: =IF(AND(H361="",F361="",D361<>"",I361>=TODAY()),ROUND((I361+IF(ISNUMBER(C361),MOD(C361,1),0))*1440,0)*10000+ROW(),"")
H362: =IF(AND(B362="",D362="",F362=""),"",IF(NOT(ISNUMBER(B362)),"Needs a date",IF(D362="","Needs a client",IF(COUNTIF(Clients!$B$6:$B$105,D362)=0,"Not on Clients",IF(AND(F362="",INT(B362)<TODAY()),"Needs a status",""))))) | I362: =IF(ISNUMBER(B362),INT(B362),0) | J362: =IF(ISNUMBER(B362),YEAR(B362)*100+MONTH(B362),"") | K362: =IF(AND(H362="",OR(F362="Attended",F362="No-show",AND(F362="Late cancel",Settings!$C$9="Yes"))),1,0) | L362: =IF(AND(H362="",F362="Attended"),1,0) | M362: =IF(AND(H362="",OR(F362="No-show",F362="Late cancel")),1,0) | N362: =IF(AND(H362="",F362="",D362<>"",I362>=TODAY()),ROUND((I362+IF(ISNUMBER(C362),MOD(C362,1),0))*1440,0)*10000+ROW(),"")
H363: =IF(AND(B363="",D363="",F363=""),"",IF(NOT(ISNUMBER(B363)),"Needs a date",IF(D363="","Needs a client",IF(COUNTIF(Clients!$B$6:$B$105,D363)=0,"Not on Clients",IF(AND(F363="",INT(B363)<TODAY()),"Needs a status",""))))) | I363: =IF(ISNUMBER(B363),INT(B363),0) | J363: =IF(ISNUMBER(B363),YEAR(B363)*100+MONTH(B363),"") | K363: =IF(AND(H363="",OR(F363="Attended",F363="No-show",AND(F363="Late cancel",Settings!$C$9="Yes"))),1,0) | L363: =IF(AND(H363="",F363="Attended"),1,0) | M363: =IF(AND(H363="",OR(F363="No-show",F363="Late cancel")),1,0) | N363: =IF(AND(H363="",F363="",D363<>"",I363>=TODAY()),ROUND((I363+IF(ISNUMBER(C363),MOD(C363,1),0))*1440,0)*10000+ROW(),"")
H364: =IF(AND(B364="",D364="",F364=""),"",IF(NOT(ISNUMBER(B364)),"Needs a date",IF(D364="","Needs a client",IF(COUNTIF(Clients!$B$6:$B$105,D364)=0,"Not on Clients",IF(AND(F364="",INT(B364)<TODAY()),"Needs a status",""))))) | I364: =IF(ISNUMBER(B364),INT(B364),0) | J364: =IF(ISNUMBER(B364),YEAR(B364)*100+MONTH(B364),"") | K364: =IF(AND(H364="",OR(F364="Attended",F364="No-show",AND(F364="Late cancel",Settings!$C$9="Yes"))),1,0) | L364: =IF(AND(H364="",F364="Attended"),1,0) | M364: =IF(AND(H364="",OR(F364="No-show",F364="Late cancel")),1,0) | N364: =IF(AND(H364="",F364="",D364<>"",I364>=TODAY()),ROUND((I364+IF(ISNUMBER(C364),MOD(C364,1),0))*1440,0)*10000+ROW(),"")
H365: =IF(AND(B365="",D365="",F365=""),"",IF(NOT(ISNUMBER(B365)),"Needs a date",IF(D365="","Needs a client",IF(COUNTIF(Clients!$B$6:$B$105,D365)=0,"Not on Clients",IF(AND(F365="",INT(B365)<TODAY()),"Needs a status",""))))) | I365: =IF(ISNUMBER(B365),INT(B365),0) | J365: =IF(ISNUMBER(B365),YEAR(B365)*100+MONTH(B365),"") | K365: =IF(AND(H365="",OR(F365="Attended",F365="No-show",AND(F365="Late cancel",Settings!$C$9="Yes"))),1,0) | L365: =IF(AND(H365="",F365="Attended"),1,0) | M365: =IF(AND(H365="",OR(F365="No-show",F365="Late cancel")),1,0) | N365: =IF(AND(H365="",F365="",D365<>"",I365>=TODAY()),ROUND((I365+IF(ISNUMBER(C365),MOD(C365,1),0))*1440,0)*10000+ROW(),"")
H366: =IF(AND(B366="",D366="",F366=""),"",IF(NOT(ISNUMBER(B366)),"Needs a date",IF(D366="","Needs a client",IF(COUNTIF(Clients!$B$6:$B$105,D366)=0,"Not on Clients",IF(AND(F366="",INT(B366)<TODAY()),"Needs a status",""))))) | I366: =IF(ISNUMBER(B366),INT(B366),0) | J366: =IF(ISNUMBER(B366),YEAR(B366)*100+MONTH(B366),"") | K366: =IF(AND(H366="",OR(F366="Attended",F366="No-show",AND(F366="Late cancel",Settings!$C$9="Yes"))),1,0) | L366: =IF(AND(H366="",F366="Attended"),1,0) | M366: =IF(AND(H366="",OR(F366="No-show",F366="Late cancel")),1,0) | N366: =IF(AND(H366="",F366="",D366<>"",I366>=TODAY()),ROUND((I366+IF(ISNUMBER(C366),MOD(C366,1),0))*1440,0)*10000+ROW(),"")
... H3005: =IF(AND(B3005="",D3005="",F3005=""),"",IF(NOT(ISNUMBER(B3005)),"Needs a date",IF(D3005="","Needs a client",IF(COUNTIF(Clients!$B$6:$B$105,D3005)=0,"Not on Clients",IF(AND(F3005="",INT(B3005)<TODAY()),"Needs a status",""))))) | I3005: =IF(ISNUMBER(B3005),INT(B3005),0) | J3005: =IF(ISNUMBER(B3005),YEAR(B3005)*100+MONTH(B3005),"") | K3005: =IF(AND(H3005="",OR(F3005="Attended",F3005="No-show",AND(F3005="Late cancel",Settings!$C$9="Yes"))),1,0) | L3005: =IF(AND(H3005="",F3005="Attended"),1,0) | M3005: =IF(AND(H3005="",OR(F3005="No-show",F3005="Late cancel")),1,0) | N3005: =IF(AND(H3005="",F3005="",D3005<>"",I3005>=TODAY()),ROUND((I3005+IF(ISNUMBER(C3005),MOD(C3005,1),0))*1440,0)*10000+ROW(),"")

Sheet Clients
B2: Clients
B3: Each client once. Sessions, packages and check-ins add up from the other tabs.
B5: Client | C5: Phone or email | D5: Started | E5: Goal | F5: Status | G5: Attended | H5: This month | I5: Missed | J5: Bought | K5: Used | L5: Left | M5: Last session | N5: Next check-in | O5: Owed | P5: Needs
B6: Maya Ortiz | C6: maya.o@mail.example | D6: 46053 | E6: Stronger legs and back, run a 10 km in spring | F6: Active | G6: =IF(B6="","",SUMIFS(Sessions!$L$6:$L$3005,Sessions!$D$6:$D$3005,B6)) | H6: =IF(B6="","",SUMIFS(Sessions!$L$6:$L$3005,Sessions!$D$6:$D$3005,B6,Sessions!$J$6:$J$3005,(YEAR(TODAY())*100+MONTH(TODAY())))) | I6: =IF(B6="","",SUMIFS(Sessions!$M$6:$M$3005,Sessions!$D$6:$D$3005,B6)) | J6: =IF(B6="","",SUMIFS(Packages!$D$6:$D$505,Packages!$C$6:$C$505,B6,Packages!$M$6:$M$505,1)) | K6: =IF(B6="","",SUMIFS(Sessions!$K$6:$K$3005,Sessions!$D$6:$D$3005,B6)) | L6: =IF(OR(B6="",J6=0),"",J6-K6) | M6: =IF(B6="","",IF(SUMPRODUCT(MAX((Sessions!$D$6:$D$3005=B6)*Sessions!$L$6:$L$3005*Sessions!$I$6:$I$3005))=0,"",SUMPRODUCT(MAX((Sessions!$D$6:$D$3005=B6)*Sessions!$L$6:$L$3005*Sessions!$I$6:$I$3005)))) | N6: =IF(OR(B6="",F6="Finished"),"",IF(S6>0,S6+7*N(Settings!$C$8),IF(ISNUMBER(D6),INT(D6)+7*N(Settings!$C$8),""))) | O6: =IF(B6="","",SUMIFS(Packages!$J$6:$J$505,Packages!$C$6:$C$505,B6,Packages!$M$6:$M$505,1)) | P6: =IF(B6="","",IF(COUNTIF(Clients!$B$6:$B$105,B6)>1,"Listed twice",IF(O6>0,"Owes money",IF(F6="Finished","",IF(F6="Paused","",IF(AND(J6>0,L6<=0),"No sessions left",IF(AND(J6>0,L6<=N(Settings!$C$7)),"Few sessions left",IF(AND(Q6>0,L6>0,Q6<TODAY()),"Package expired",IF(AND(Q6>0,L6>0,Q6-TODAY()<=14),"Package ends soon",IF(AND(N6<>"",N6<=TODAY()),"Check-in due",""))))))))) | Q6: =IF(B6="",0,SUMPRODUCT(MAX((Packages!$C$6:$C$505=B6)*Packages!$N$6:$N$505))) | R6: =IF(P6<>"",ROW(),"") | S6: =IF(B6="",0,SUMPRODUCT(MAX(('Check-ins'!$C$6:$C$1505=B6)*'Check-ins'!$P$6:$P$1505))) | T6: =IF(AND(B6<>"",F6<>"Paused",F6<>"Finished",J6>0,L6<=N(Settings!$C$7)),1,0) | U6: =IF(AND(B6<>"",F6<>"Paused",F6<>"Finished",N6<>"",N6<=TODAY()),1,0) | V6: =IF(AND(B6<>"",F6<>"Paused",F6<>"Finished"),1,0)
B7: Ben Carter | C7: ben.c@mail.example | D7: 46093 | E7: Lose 8 kg before the summer | F7: Active | G7: =IF(B7="","",SUMIFS(Sessions!$L$6:$L$3005,Sessions!$D$6:$D$3005,B7)) | H7: =IF(B7="","",SUMIFS(Sessions!$L$6:$L$3005,Sessions!$D$6:$D$3005,B7,Sessions!$J$6:$J$3005,(YEAR(TODAY())*100+MONTH(TODAY())))) | I7: =IF(B7="","",SUMIFS(Sessions!$M$6:$M$3005,Sessions!$D$6:$D$3005,B7)) | J7: =IF(B7="","",SUMIFS(Packages!$D$6:$D$505,Packages!$C$6:$C$505,B7,Packages!$M$6:$M$505,1)) | K7: =IF(B7="","",SUMIFS(Sessions!$K$6:$K$3005,Sessions!$D$6:$D$3005,B7)) | L7: =IF(OR(B7="",J7=0),"",J7-K7) | M7: =IF(B7="","",IF(SUMPRODUCT(MAX((Sessions!$D$6:$D$3005=B7)*Sessions!$L$6:$L$3005*Sessions!$I$6:$I$3005))=0,"",SUMPRODUCT(MAX((Sessions!$D$6:$D$3005=B7)*Sessions!$L$6:$L$3005*Sessions!$I$6:$I$3005)))) | N7: =IF(OR(B7="",F7="Finished"),"",IF(S7>0,S7+7*N(Settings!$C$8),IF(ISNUMBER(D7),INT(D7)+7*N(Settings!$C$8),""))) | O7: =IF(B7="","",SUMIFS(Packages!$J$6:$J$505,Packages!$C$6:$C$505,B7,Packages!$M$6:$M$505,1)) | P7: =IF(B7="","",IF(COUNTIF(Clients!$B$6:$B$105,B7)>1,"Listed twice",IF(O7>0,"Owes money",IF(F7="Finished","",IF(F7="Paused","",IF(AND(J7>0,L7<=0),"No sessions left",IF(AND(J7>0,L7<=N(Settings!$C$7)),"Few sessions left",IF(AND(Q7>0,L7>0,Q7<TODAY()),"Package expired",IF(AND(Q7>0,L7>0,Q7-TODAY()<=14),"Package ends soon",IF(AND(N7<>"",N7<=TODAY()),"Check-in due",""))))))))) | Q7: =IF(B7="",0,SUMPRODUCT(MAX((Packages!$C$6:$C$505=B7)*Packages!$N$6:$N$505))) | R7: =IF(P7<>"",ROW(),"") | S7: =IF(B7="",0,SUMPRODUCT(MAX(('Check-ins'!$C$6:$C$1505=B7)*'Check-ins'!$P$6:$P$1505))) | T7: =IF(AND(B7<>"",F7<>"Paused",F7<>"Finished",J7>0,L7<=N(Settings!$C$7)),1,0) | U7: =IF(AND(B7<>"",F7<>"Paused",F7<>"Finished",N7<>"",N7<=TODAY()),1,0) | V7: =IF(AND(B7<>"",F7<>"Paused",F7<>"Finished"),1,0)
B8: Priya Nair | C8: priya.n@mail.example | D8: 46113 | E8: Back to training after a shoulder injury | F8: Active | G8: =IF(B8="","",SUMIFS(Sessions!$L$6:$L$3005,Sessions!$D$6:$D$3005,B8)) | H8: =IF(B8="","",SUMIFS(Sessions!$L$6:$L$3005,Sessions!$D$6:$D$3005,B8,Sessions!$J$6:$J$3005,(YEAR(TODAY())*100+MONTH(TODAY())))) | I8: =IF(B8="","",SUMIFS(Sessions!$M$6:$M$3005,Sessions!$D$6:$D$3005,B8)) | J8: =IF(B8="","",SUMIFS(Packages!$D$6:$D$505,Packages!$C$6:$C$505,B8,Packages!$M$6:$M$505,1)) | K8: =IF(B8="","",SUMIFS(Sessions!$K$6:$K$3005,Sessions!$D$6:$D$3005,B8)) | L8: =IF(OR(B8="",J8=0),"",J8-K8) | M8: =IF(B8="","",IF(SUMPRODUCT(MAX((Sessions!$D$6:$D$3005=B8)*Sessions!$L$6:$L$3005*Sessions!$I$6:$I$3005))=0,"",SUMPRODUCT(MAX((Sessions!$D$6:$D$3005=B8)*Sessions!$L$6:$L$3005*Sessions!$I$6:$I$3005)))) | N8: =IF(OR(B8="",F8="Finished"),"",IF(S8>0,S8+7*N(Settings!$C$8),IF(ISNUMBER(D8),INT(D8)+7*N(Settings!$C$8),""))) | O8: =IF(B8="","",SUMIFS(Packages!$J$6:$J$505,Packages!$C$6:$C$505,B8,Packages!$M$6:$M$505,1)) | P8: =IF(B8="","",IF(COUNTIF(Clients!$B$6:$B$105,B8)>1,"Listed twice",IF(O8>0,"Owes money",IF(F8="Finished","",IF(F8="Paused","",IF(AND(J8>0,L8<=0),"No sessions left",IF(AND(J8>0,L8<=N(Settings!$C$7)),"Few sessions left",IF(AND(Q8>0,L8>0,Q8<TODAY()),"Package expired",IF(AND(Q8>0,L8>0,Q8-TODAY()<=14),"Package ends soon",IF(AND(N8<>"",N8<=TODAY()),"Check-in due",""))))))))) | Q8: =IF(B8="",0,SUMPRODUCT(MAX((Packages!$C$6:$C$505=B8)*Packages!$N$6:$N$505))) | R8: =IF(P8<>"",ROW(),"") | S8: =IF(B8="",0,SUMPRODUCT(MAX(('Check-ins'!$C$6:$C$1505=B8)*'Check-ins'!$P$6:$P$1505))) | T8: =IF(AND(B8<>"",F8<>"Paused",F8<>"Finished",J8>0,L8<=N(Settings!$C$7)),1,0) | U8: =IF(AND(B8<>"",F8<>"Paused",F8<>"Finished",N8<>"",N8<=TODAY()),1,0) | V8: =IF(AND(B8<>"",F8<>"Paused",F8<>"Finished"),1,0)
B9: Tom Walsh | C9: tom.w@mail.example | D9: 46143 | E9: First pull-up | F9: Active | G9: =IF(B9="","",SUMIFS(Sessions!$L$6:$L$3005,Sessions!$D$6:$D$3005,B9)) | H9: =IF(B9="","",SUMIFS(Sessions!$L$6:$L$3005,Sessions!$D$6:$D$3005,B9,Sessions!$J$6:$J$3005,(YEAR(TODAY())*100+MONTH(TODAY())))) | I9: =IF(B9="","",SUMIFS(Sessions!$M$6:$M$3005,Sessions!$D$6:$D$3005,B9)) | J9: =IF(B9="","",SUMIFS(Packages!$D$6:$D$505,Packages!$C$6:$C$505,B9,Packages!$M$6:$M$505,1)) | K9: =IF(B9="","",SUMIFS(Sessions!$K$6:$K$3005,Sessions!$D$6:$D$3005,B9)) | L9: =IF(OR(B9="",J9=0),"",J9-K9) | M9: =IF(B9="","",IF(SUMPRODUCT(MAX((Sessions!$D$6:$D$3005=B9)*Sessions!$L$6:$L$3005*Sessions!$I$6:$I$3005))=0,"",SUMPRODUCT(MAX((Sessions!$D$6:$D$3005=B9)*Sessions!$L$6:$L$3005*Sessions!$I$6:$I$3005)))) | N9: =IF(OR(B9="",F9="Finished"),"",IF(S9>0,S9+7*N(Settings!$C$8),IF(ISNUMBER(D9),INT(D9)+7*N(Settings!$C$8),""))) | O9: =IF(B9="","",SUMIFS(Packages!$J$6:$J$505,Packages!$C$6:$C$505,B9,Packages!$M$6:$M$505,1)) | P9: =IF(B9="","",IF(COUNTIF(Clients!$B$6:$B$105,B9)>1,"Listed twice",IF(O9>0,"Owes money",IF(F9="Finished","",IF(F9="Paused","",IF(AND(J9>0,L9<=0),"No sessions left",IF(AND(J9>0,L9<=N(Settings!$C$7)),"Few sessions left",IF(AND(Q9>0,L9>0,Q9<TODAY()),"Package expired",IF(AND(Q9>0,L9>0,Q9-TODAY()<=14),"Package ends soon",IF(AND(N9<>"",N9<=TODAY()),"Check-in due",""))))))))) | Q9: =IF(B9="",0,SUMPRODUCT(MAX((Packages!$C$6:$C$505=B9)*Packages!$N$6:$N$505))) | R9: =IF(P9<>"",ROW(),"") | S9: =IF(B9="",0,SUMPRODUCT(MAX(('Check-ins'!$C$6:$C$1505=B9)*'Check-ins'!$P$6:$P$1505))) | T9: =IF(AND(B9<>"",F9<>"Paused",F9<>"Finished",J9>0,L9<=N(Settings!$C$7)),1,0) | U9: =IF(AND(B9<>"",F9<>"Paused",F9<>"Finished",N9<>"",N9<=TODAY()),1,0) | V9: =IF(AND(B9<>"",F9<>"Paused",F9<>"Finished"),1,0)
B10: Leah Fischer | C10: leah.f@mail.example | D10: 46173 | E10: Strength and energy for work | F10: Active | G10: =IF(B10="","",SUMIFS(Sessions!$L$6:$L$3005,Sessions!$D$6:$D$3005,B10)) | H10: =IF(B10="","",SUMIFS(Sessions!$L$6:$L$3005,Sessions!$D$6:$D$3005,B10,Sessions!$J$6:$J$3005,(YEAR(TODAY())*100+MONTH(TODAY())))) | I10: =IF(B10="","",SUMIFS(Sessions!$M$6:$M$3005,Sessions!$D$6:$D$3005,B10)) | J10: =IF(B10="","",SUMIFS(Packages!$D$6:$D$505,Packages!$C$6:$C$505,B10,Packages!$M$6:$M$505,1)) | K10: =IF(B10="","",SUMIFS(Sessions!$K$6:$K$3005,Sessions!$D$6:$D$3005,B10)) | L10: =IF(OR(B10="",J10=0),"",J10-K10) | M10: =IF(B10="","",IF(SUMPRODUCT(MAX((Sessions!$D$6:$D$3005=B10)*Sessions!$L$6:$L$3005*Sessions!$I$6:$I$3005))=0,"",SUMPRODUCT(MAX((Sessions!$D$6:$D$3005=B10)*Sessions!$L$6:$L$3005*Sessions!$I$6:$I$3005)))) | N10: =IF(OR(B10="",F10="Finished"),"",IF(S10>0,S10+7*N(Settings!$C$8),IF(ISNUMBER(D10),INT(D10)+7*N(Settings!$C$8),""))) | O10: =IF(B10="","",SUMIFS(Packages!$J$6:$J$505,Packages!$C$6:$C$505,B10,Packages!$M$6:$M$505,1)) | P10: =IF(B10="","",IF(COUNTIF(Clients!$B$6:$B$105,B10)>1,"Listed twice",IF(O10>0,"Owes money",IF(F10="Finished","",IF(F10="Paused","",IF(AND(J10>0,L10<=0),"No sessions left",IF(AND(J10>0,L10<=N(Settings!$C$7)),"Few sessions left",IF(AND(Q10>0,L10>0,Q10<TODAY()),"Package expired",IF(AND(Q10>0,L10>0,Q10-TODAY()<=14),"Package ends soon",IF(AND(N10<>"",N10<=TODAY()),"Check-in due",""))))))))) | Q10: =IF(B10="",0,SUMPRODUCT(MAX((Packages!$C$6:$C$505=B10)*Packages!$N$6:$N$505))) | R10: =IF(P10<>"",ROW(),"") | S10: =IF(B10="",0,SUMPRODUCT(MAX(('Check-ins'!$C$6:$C$1505=B10)*'Check-ins'!$P$6:$P$1505))) | T10: =IF(AND(B10<>"",F10<>"Paused",F10<>"Finished",J10>0,L10<=N(Settings!$C$7)),1,0) | U10: =IF(AND(B10<>"",F10<>"Paused",F10<>"Finished",N10<>"",N10<=TODAY()),1,0) | V10: =IF(AND(B10<>"",F10<>"Paused",F10<>"Finished"),1,0)
B11: Omar Haddad | C11: omar.h@mail.example | D11: 46193 | E11: Row 1 km under 4 minutes | F11: Active | G11: =IF(B11="","",SUMIFS(Sessions!$L$6:$L$3005,Sessions!$D$6:$D$3005,B11)) | H11: =IF(B11="","",SUMIFS(Sessions!$L$6:$L$3005,Sessions!$D$6:$D$3005,B11,Sessions!$J$6:$J$3005,(YEAR(TODAY())*100+MONTH(TODAY())))) | I11: =IF(B11="","",SUMIFS(Sessions!$M$6:$M$3005,Sessions!$D$6:$D$3005,B11)) | J11: =IF(B11="","",SUMIFS(Packages!$D$6:$D$505,Packages!$C$6:$C$505,B11,Packages!$M$6:$M$505,1)) | K11: =IF(B11="","",SUMIFS(Sessions!$K$6:$K$3005,Sessions!$D$6:$D$3005,B11)) | L11: =IF(OR(B11="",J11=0),"",J11-K11) | M11: =IF(B11="","",IF(SUMPRODUCT(MAX((Sessions!$D$6:$D$3005=B11)*Sessions!$L$6:$L$3005*Sessions!$I$6:$I$3005))=0,"",SUMPRODUCT(MAX((Sessions!$D$6:$D$3005=B11)*Sessions!$L$6:$L$3005*Sessions!$I$6:$I$3005)))) | N11: =IF(OR(B11="",F11="Finished"),"",IF(S11>0,S11+7*N(Settings!$C$8),IF(ISNUMBER(D11),INT(D11)+7*N(Settings!$C$8),""))) | O11: =IF(B11="","",SUMIFS(Packages!$J$6:$J$505,Packages!$C$6:$C$505,B11,Packages!$M$6:$M$505,1)) | P11: =IF(B11="","",IF(COUNTIF(Clients!$B$6:$B$105,B11)>1,"Listed twice",IF(O11>0,"Owes money",IF(F11="Finished","",IF(F11="Paused","",IF(AND(J11>0,L11<=0),"No sessions left",IF(AND(J11>0,L11<=N(Settings!$C$7)),"Few sessions left",IF(AND(Q11>0,L11>0,Q11<TODAY()),"Package expired",IF(AND(Q11>0,L11>0,Q11-TODAY()<=14),"Package ends soon",IF(AND(N11<>"",N11<=TODAY()),"Check-in due",""))))))))) | Q11: =IF(B11="",0,SUMPRODUCT(MAX((Packages!$C$6:$C$505=B11)*Packages!$N$6:$N$505))) | R11: =IF(P11<>"",ROW(),"") | S11: =IF(B11="",0,SUMPRODUCT(MAX(('Check-ins'!$C$6:$C$1505=B11)*'Check-ins'!$P$6:$P$1505))) | T11: =IF(AND(B11<>"",F11<>"Paused",F11<>"Finished",J11>0,L11<=N(Settings!$C$7)),1,0) | U11: =IF(AND(B11<>"",F11<>"Paused",F11<>"Finished",N11<>"",N11<=TODAY()),1,0) | V11: =IF(AND(B11<>"",F11<>"Paused",F11<>"Finished"),1,0)
B12: Grace Kim | C12: grace.k@mail.example | D12: 46143 | E12: Tone up for a wedding | F12: Paused | G12: =IF(B12="","",SUMIFS(Sessions!$L$6:$L$3005,Sessions!$D$6:$D$3005,B12)) | H12: =IF(B12="","",SUMIFS(Sessions!$L$6:$L$3005,Sessions!$D$6:$D$3005,B12,Sessions!$J$6:$J$3005,(YEAR(TODAY())*100+MONTH(TODAY())))) | I12: =IF(B12="","",SUMIFS(Sessions!$M$6:$M$3005,Sessions!$D$6:$D$3005,B12)) | J12: =IF(B12="","",SUMIFS(Packages!$D$6:$D$505,Packages!$C$6:$C$505,B12,Packages!$M$6:$M$505,1)) | K12: =IF(B12="","",SUMIFS(Sessions!$K$6:$K$3005,Sessions!$D$6:$D$3005,B12)) | L12: =IF(OR(B12="",J12=0),"",J12-K12) | M12: =IF(B12="","",IF(SUMPRODUCT(MAX((Sessions!$D$6:$D$3005=B12)*Sessions!$L$6:$L$3005*Sessions!$I$6:$I$3005))=0,"",SUMPRODUCT(MAX((Sessions!$D$6:$D$3005=B12)*Sessions!$L$6:$L$3005*Sessions!$I$6:$I$3005)))) | N12: =IF(OR(B12="",F12="Finished"),"",IF(S12>0,S12+7*N(Settings!$C$8),IF(ISNUMBER(D12),INT(D12)+7*N(Settings!$C$8),""))) | O12: =IF(B12="","",SUMIFS(Packages!$J$6:$J$505,Packages!$C$6:$C$505,B12,Packages!$M$6:$M$505,1)) | P12: =IF(B12="","",IF(COUNTIF(Clients!$B$6:$B$105,B12)>1,"Listed twice",IF(O12>0,"Owes money",IF(F12="Finished","",IF(F12="Paused","",IF(AND(J12>0,L12<=0),"No sessions left",IF(AND(J12>0,L12<=N(Settings!$C$7)),"Few sessions left",IF(AND(Q12>0,L12>0,Q12<TODAY()),"Package expired",IF(AND(Q12>0,L12>0,Q12-TODAY()<=14),"Package ends soon",IF(AND(N12<>"",N12<=TODAY()),"Check-in due",""))))))))) | Q12: =IF(B12="",0,SUMPRODUCT(MAX((Packages!$C$6:$C$505=B12)*Packages!$N$6:$N$505))) | R12: =IF(P12<>"",ROW(),"") | S12: =IF(B12="",0,SUMPRODUCT(MAX(('Check-ins'!$C$6:$C$1505=B12)*'Check-ins'!$P$6:$P$1505))) | T12: =IF(AND(B12<>"",F12<>"Paused",F12<>"Finished",J12>0,L12<=N(Settings!$C$7)),1,0) | U12: =IF(AND(B12<>"",F12<>"Paused",F12<>"Finished",N12<>"",N12<=TODAY()),1,0) | V12: =IF(AND(B12<>"",F12<>"Paused",F12<>"Finished"),1,0)
B13: Luis Moreno | C13: luis.m@mail.example | D13: 46233 | E13: Build muscle | F13: Active | G13: =IF(B13="","",SUMIFS(Sessions!$L$6:$L$3005,Sessions!$D$6:$D$3005,B13)) | H13: =IF(B13="","",SUMIFS(Sessions!$L$6:$L$3005,Sessions!$D$6:$D$3005,B13,Sessions!$J$6:$J$3005,(YEAR(TODAY())*100+MONTH(TODAY())))) | I13: =IF(B13="","",SUMIFS(Sessions!$M$6:$M$3005,Sessions!$D$6:$D$3005,B13)) | J13: =IF(B13="","",SUMIFS(Packages!$D$6:$D$505,Packages!$C$6:$C$505,B13,Packages!$M$6:$M$505,1)) | K13: =IF(B13="","",SUMIFS(Sessions!$K$6:$K$3005,Sessions!$D$6:$D$3005,B13)) | L13: =IF(OR(B13="",J13=0),"",J13-K13) | M13: =IF(B13="","",IF(SUMPRODUCT(MAX((Sessions!$D$6:$D$3005=B13)*Sessions!$L$6:$L$3005*Sessions!$I$6:$I$3005))=0,"",SUMPRODUCT(MAX((Sessions!$D$6:$D$3005=B13)*Sessions!$L$6:$L$3005*Sessions!$I$6:$I$3005)))) | N13: =IF(OR(B13="",F13="Finished"),"",IF(S13>0,S13+7*N(Settings!$C$8),IF(ISNUMBER(D13),INT(D13)+7*N(Settings!$C$8),""))) | O13: =IF(B13="","",SUMIFS(Packages!$J$6:$J$505,Packages!$C$6:$C$505,B13,Packages!$M$6:$M$505,1)) | P13: =IF(B13="","",IF(COUNTIF(Clients!$B$6:$B$105,B13)>1,"Listed twice",IF(O13>0,"Owes money",IF(F13="Finished","",IF(F13="Paused","",IF(AND(J13>0,L13<=0),"No sessions left",IF(AND(J13>0,L13<=N(Settings!$C$7)),"Few sessions left",IF(AND(Q13>0,L13>0,Q13<TODAY()),"Package expired",IF(AND(Q13>0,L13>0,Q13-TODAY()<=14),"Package ends soon",IF(AND(N13<>"",N13<=TODAY()),"Check-in due",""))))))))) | Q13: =IF(B13="",0,SUMPRODUCT(MAX((Packages!$C$6:$C$505=B13)*Packages!$N$6:$N$505))) | R13: =IF(P13<>"",ROW(),"") | S13: =IF(B13="",0,SUMPRODUCT(MAX(('Check-ins'!$C$6:$C$1505=B13)*'Check-ins'!$P$6:$P$1505))) | T13: =IF(AND(B13<>"",F13<>"Paused",F13<>"Finished",J13>0,L13<=N(Settings!$C$7)),1,0) | U13: =IF(AND(B13<>"",F13<>"Paused",F13<>"Finished",N13<>"",N13<=TODAY()),1,0) | V13: =IF(AND(B13<>"",F13<>"Paused",F13<>"Finished"),1,0)
B14: Hannah Brooks | C14: hannah.b@mail.example | D14: 45993 | E14: Stay fit and flexible | F14: Finished | G14: =IF(B14="","",SUMIFS(Sessions!$L$6:$L$3005,Sessions!$D$6:$D$3005,B14)) | H14: =IF(B14="","",SUMIFS(Sessions!$L$6:$L$3005,Sessions!$D$6:$D$3005,B14,Sessions!$J$6:$J$3005,(YEAR(TODAY())*100+MONTH(TODAY())))) | I14: =IF(B14="","",SUMIFS(Sessions!$M$6:$M$3005,Sessions!$D$6:$D$3005,B14)) | J14: =IF(B14="","",SUMIFS(Packages!$D$6:$D$505,Packages!$C$6:$C$505,B14,Packages!$M$6:$M$505,1)) | K14: =IF(B14="","",SUMIFS(Sessions!$K$6:$K$3005,Sessions!$D$6:$D$3005,B14)) | L14: =IF(OR(B14="",J14=0),"",J14-K14) | M14: =IF(B14="","",IF(SUMPRODUCT(MAX((Sessions!$D$6:$D$3005=B14)*Sessions!$L$6:$L$3005*Sessions!$I$6:$I$3005))=0,"",SUMPRODUCT(MAX((Sessions!$D$6:$D$3005=B14)*Sessions!$L$6:$L$3005*Sessions!$I$6:$I$3005)))) | N14: =IF(OR(B14="",F14="Finished"),"",IF(S14>0,S14+7*N(Settings!$C$8),IF(ISNUMBER(D14),INT(D14)+7*N(Settings!$C$8),""))) | O14: =IF(B14="","",SUMIFS(Packages!$J$6:$J$505,Packages!$C$6:$C$505,B14,Packages!$M$6:$M$505,1)) | P14: =IF(B14="","",IF(COUNTIF(Clients!$B$6:$B$105,B14)>1,"Listed twice",IF(O14>0,"Owes money",IF(F14="Finished","",IF(F14="Paused","",IF(AND(J14>0,L14<=0),"No sessions left",IF(AND(J14>0,L14<=N(Settings!$C$7)),"Few sessions left",IF(AND(Q14>0,L14>0,Q14<TODAY()),"Package expired",IF(AND(Q14>0,L14>0,Q14-TODAY()<=14),"Package ends soon",IF(AND(N14<>"",N14<=TODAY()),"Check-in due",""))))))))) | Q14: =IF(B14="",0,SUMPRODUCT(MAX((Packages!$C$6:$C$505=B14)*Packages!$N$6:$N$505))) | R14: =IF(P14<>"",ROW(),"") | S14: =IF(B14="",0,SUMPRODUCT(MAX(('Check-ins'!$C$6:$C$1505=B14)*'Check-ins'!$P$6:$P$1505))) | T14: =IF(AND(B14<>"",F14<>"Paused",F14<>"Finished",J14>0,L14<=N(Settings!$C$7)),1,0) | U14: =IF(AND(B14<>"",F14<>"Paused",F14<>"Finished",N14<>"",N14<=TODAY()),1,0) | V14: =IF(AND(B14<>"",F14<>"Paused",F14<>"Finished"),1,0)
B15: Sam Taylor | C15: sam.t@mail.example | D15: 46263 | E15: Get into a routine | F15: Active | G15: =IF(B15="","",SUMIFS(Sessions!$L$6:$L$3005,Sessions!$D$6:$D$3005,B15)) | H15: =IF(B15="","",SUMIFS(Sessions!$L$6:$L$3005,Sessions!$D$6:$D$3005,B15,Sessions!$J$6:$J$3005,(YEAR(TODAY())*100+MONTH(TODAY())))) | I15: =IF(B15="","",SUMIFS(Sessions!$M$6:$M$3005,Sessions!$D$6:$D$3005,B15)) | J15: =IF(B15="","",SUMIFS(Packages!$D$6:$D$505,Packages!$C$6:$C$505,B15,Packages!$M$6:$M$505,1)) | K15: =IF(B15="","",SUMIFS(Sessions!$K$6:$K$3005,Sessions!$D$6:$D$3005,B15)) | L15: =IF(OR(B15="",J15=0),"",J15-K15) | M15: =IF(B15="","",IF(SUMPRODUCT(MAX((Sessions!$D$6:$D$3005=B15)*Sessions!$L$6:$L$3005*Sessions!$I$6:$I$3005))=0,"",SUMPRODUCT(MAX((Sessions!$D$6:$D$3005=B15)*Sessions!$L$6:$L$3005*Sessions!$I$6:$I$3005)))) | N15: =IF(OR(B15="",F15="Finished"),"",IF(S15>0,S15+7*N(Settings!$C$8),IF(ISNUMBER(D15),INT(D15)+7*N(Settings!$C$8),""))) | O15: =IF(B15="","",SUMIFS(Packages!$J$6:$J$505,Packages!$C$6:$C$505,B15,Packages!$M$6:$M$505,1)) | P15: =IF(B15="","",IF(COUNTIF(Clients!$B$6:$B$105,B15)>1,"Listed twice",IF(O15>0,"Owes money",IF(F15="Finished","",IF(F15="Paused","",IF(AND(J15>0,L15<=0),"No sessions left",IF(AND(J15>0,L15<=N(Settings!$C$7)),"Few sessions left",IF(AND(Q15>0,L15>0,Q15<TODAY()),"Package expired",IF(AND(Q15>0,L15>0,Q15-TODAY()<=14),"Package ends soon",IF(AND(N15<>"",N15<=TODAY()),"Check-in due",""))))))))) | Q15: =IF(B15="",0,SUMPRODUCT(MAX((Packages!$C$6:$C$505=B15)*Packages!$N$6:$N$505))) | R15: =IF(P15<>"",ROW(),"") | S15: =IF(B15="",0,SUMPRODUCT(MAX(('Check-ins'!$C$6:$C$1505=B15)*'Check-ins'!$P$6:$P$1505))) | T15: =IF(AND(B15<>"",F15<>"Paused",F15<>"Finished",J15>0,L15<=N(Settings!$C$7)),1,0) | U15: =IF(AND(B15<>"",F15<>"Paused",F15<>"Finished",N15<>"",N15<=TODAY()),1,0) | V15: =IF(AND(B15<>"",F15<>"Paused",F15<>"Finished"),1,0)
G16: =IF(B16="","",SUMIFS(Sessions!$L$6:$L$3005,Sessions!$D$6:$D$3005,B16)) | H16: =IF(B16="","",SUMIFS(Sessions!$L$6:$L$3005,Sessions!$D$6:$D$3005,B16,Sessions!$J$6:$J$3005,(YEAR(TODAY())*100+MONTH(TODAY())))) | I16: =IF(B16="","",SUMIFS(Sessions!$M$6:$M$3005,Sessions!$D$6:$D$3005,B16)) | J16: =IF(B16="","",SUMIFS(Packages!$D$6:$D$505,Packages!$C$6:$C$505,B16,Packages!$M$6:$M$505,1)) | K16: =IF(B16="","",SUMIFS(Sessions!$K$6:$K$3005,Sessions!$D$6:$D$3005,B16)) | L16: =IF(OR(B16="",J16=0),"",J16-K16) | M16: =IF(B16="","",IF(SUMPRODUCT(MAX((Sessions!$D$6:$D$3005=B16)*Sessions!$L$6:$L$3005*Sessions!$I$6:$I$3005))=0,"",SUMPRODUCT(MAX((Sessions!$D$6:$D$3005=B16)*Sessions!$L$6:$L$3005*Sessions!$I$6:$I$3005)))) | N16: =IF(OR(B16="",F16="Finished"),"",IF(S16>0,S16+7*N(Settings!$C$8),IF(ISNUMBER(D16),INT(D16)+7*N(Settings!$C$8),""))) | O16: =IF(B16="","",SUMIFS(Packages!$J$6:$J$505,Packages!$C$6:$C$505,B16,Packages!$M$6:$M$505,1)) | P16: =IF(B16="","",IF(COUNTIF(Clients!$B$6:$B$105,B16)>1,"Listed twice",IF(O16>0,"Owes money",IF(F16="Finished","",IF(F16="Paused","",IF(AND(J16>0,L16<=0),"No sessions left",IF(AND(J16>0,L16<=N(Settings!$C$7)),"Few sessions left",IF(AND(Q16>0,L16>0,Q16<TODAY()),"Package expired",IF(AND(Q16>0,L16>0,Q16-TODAY()<=14),"Package ends soon",IF(AND(N16<>"",N16<=TODAY()),"Check-in due",""))))))))) | Q16: =IF(B16="",0,SUMPRODUCT(MAX((Packages!$C$6:$C$505=B16)*Packages!$N$6:$N$505))) | R16: =IF(P16<>"",ROW(),"") | S16: =IF(B16="",0,SUMPRODUCT(MAX(('Check-ins'!$C$6:$C$1505=B16)*'Check-ins'!$P$6:$P$1505))) | T16: =IF(AND(B16<>"",F16<>"Paused",F16<>"Finished",J16>0,L16<=N(Settings!$C$7)),1,0) | U16: =IF(AND(B16<>"",F16<>"Paused",F16<>"Finished",N16<>"",N16<=TODAY()),1,0) | V16: =IF(AND(B16<>"",F16<>"Paused",F16<>"Finished"),1,0)
G17: =IF(B17="","",SUMIFS(Sessions!$L$6:$L$3005,Sessions!$D$6:$D$3005,B17)) | H17: =IF(B17="","",SUMIFS(Sessions!$L$6:$L$3005,Sessions!$D$6:$D$3005,B17,Sessions!$J$6:$J$3005,(YEAR(TODAY())*100+MONTH(TODAY())))) | I17: =IF(B17="","",SUMIFS(Sessions!$M$6:$M$3005,Sessions!$D$6:$D$3005,B17)) | J17: =IF(B17="","",SUMIFS(Packages!$D$6:$D$505,Packages!$C$6:$C$505,B17,Packages!$M$6:$M$505,1)) | K17: =IF(B17="","",SUMIFS(Sessions!$K$6:$K$3005,Sessions!$D$6:$D$3005,B17)) | L17: =IF(OR(B17="",J17=0),"",J17-K17) | M17: =IF(B17="","",IF(SUMPRODUCT(MAX((Sessions!$D$6:$D$3005=B17)*Sessions!$L$6:$L$3005*Sessions!$I$6:$I$3005))=0,"",SUMPRODUCT(MAX((Sessions!$D$6:$D$3005=B17)*Sessions!$L$6:$L$3005*Sessions!$I$6:$I$3005)))) | N17: =IF(OR(B17="",F17="Finished"),"",IF(S17>0,S17+7*N(Settings!$C$8),IF(ISNUMBER(D17),INT(D17)+7*N(Settings!$C$8),""))) | O17: =IF(B17="","",SUMIFS(Packages!$J$6:$J$505,Packages!$C$6:$C$505,B17,Packages!$M$6:$M$505,1)) | P17: =IF(B17="","",IF(COUNTIF(Clients!$B$6:$B$105,B17)>1,"Listed twice",IF(O17>0,"Owes money",IF(F17="Finished","",IF(F17="Paused","",IF(AND(J17>0,L17<=0),"No sessions left",IF(AND(J17>0,L17<=N(Settings!$C$7)),"Few sessions left",IF(AND(Q17>0,L17>0,Q17<TODAY()),"Package expired",IF(AND(Q17>0,L17>0,Q17-TODAY()<=14),"Package ends soon",IF(AND(N17<>"",N17<=TODAY()),"Check-in due",""))))))))) | Q17: =IF(B17="",0,SUMPRODUCT(MAX((Packages!$C$6:$C$505=B17)*Packages!$N$6:$N$505))) | R17: =IF(P17<>"",ROW(),"") | S17: =IF(B17="",0,SUMPRODUCT(MAX(('Check-ins'!$C$6:$C$1505=B17)*'Check-ins'!$P$6:$P$1505))) | T17: =IF(AND(B17<>"",F17<>"Paused",F17<>"Finished",J17>0,L17<=N(Settings!$C$7)),1,0) | U17: =IF(AND(B17<>"",F17<>"Paused",F17<>"Finished",N17<>"",N17<=TODAY()),1,0) | V17: =IF(AND(B17<>"",F17<>"Paused",F17<>"Finished"),1,0)
G18: =IF(B18="","",SUMIFS(Sessions!$L$6:$L$3005,Sessions!$D$6:$D$3005,B18)) | H18: =IF(B18="","",SUMIFS(Sessions!$L$6:$L$3005,Sessions!$D$6:$D$3005,B18,Sessions!$J$6:$J$3005,(YEAR(TODAY())*100+MONTH(TODAY())))) | I18: =IF(B18="","",SUMIFS(Sessions!$M$6:$M$3005,Sessions!$D$6:$D$3005,B18)) | J18: =IF(B18="","",SUMIFS(Packages!$D$6:$D$505,Packages!$C$6:$C$505,B18,Packages!$M$6:$M$505,1)) | K18: =IF(B18="","",SUMIFS(Sessions!$K$6:$K$3005,Sessions!$D$6:$D$3005,B18)) | L18: =IF(OR(B18="",J18=0),"",J18-K18) | M18: =IF(B18="","",IF(SUMPRODUCT(MAX((Sessions!$D$6:$D$3005=B18)*Sessions!$L$6:$L$3005*Sessions!$I$6:$I$3005))=0,"",SUMPRODUCT(MAX((Sessions!$D$6:$D$3005=B18)*Sessions!$L$6:$L$3005*Sessions!$I$6:$I$3005)))) | N18: =IF(OR(B18="",F18="Finished"),"",IF(S18>0,S18+7*N(Settings!$C$8),IF(ISNUMBER(D18),INT(D18)+7*N(Settings!$C$8),""))) | O18: =IF(B18="","",SUMIFS(Packages!$J$6:$J$505,Packages!$C$6:$C$505,B18,Packages!$M$6:$M$505,1)) | P18: =IF(B18="","",IF(COUNTIF(Clients!$B$6:$B$105,B18)>1,"Listed twice",IF(O18>0,"Owes money",IF(F18="Finished","",IF(F18="Paused","",IF(AND(J18>0,L18<=0),"No sessions left",IF(AND(J18>0,L18<=N(Settings!$C$7)),"Few sessions left",IF(AND(Q18>0,L18>0,Q18<TODAY()),"Package expired",IF(AND(Q18>0,L18>0,Q18-TODAY()<=14),"Package ends soon",IF(AND(N18<>"",N18<=TODAY()),"Check-in due",""))))))))) | Q18: =IF(B18="",0,SUMPRODUCT(MAX((Packages!$C$6:$C$505=B18)*Packages!$N$6:$N$505))) | R18: =IF(P18<>"",ROW(),"") | S18: =IF(B18="",0,SUMPRODUCT(MAX(('Check-ins'!$C$6:$C$1505=B18)*'Check-ins'!$P$6:$P$1505))) | T18: =IF(AND(B18<>"",F18<>"Paused",F18<>"Finished",J18>0,L18<=N(Settings!$C$7)),1,0) | U18: =IF(AND(B18<>"",F18<>"Paused",F18<>"Finished",N18<>"",N18<=TODAY()),1,0) | V18: =IF(AND(B18<>"",F18<>"Paused",F18<>"Finished"),1,0)
G19: =IF(B19="","",SUMIFS(Sessions!$L$6:$L$3005,Sessions!$D$6:$D$3005,B19)) | H19: =IF(B19="","",SUMIFS(Sessions!$L$6:$L$3005,Sessions!$D$6:$D$3005,B19,Sessions!$J$6:$J$3005,(YEAR(TODAY())*100+MONTH(TODAY())))) | I19: =IF(B19="","",SUMIFS(Sessions!$M$6:$M$3005,Sessions!$D$6:$D$3005,B19)) | J19: =IF(B19="","",SUMIFS(Packages!$D$6:$D$505,Packages!$C$6:$C$505,B19,Packages!$M$6:$M$505,1)) | K19: =IF(B19="","",SUMIFS(Sessions!$K$6:$K$3005,Sessions!$D$6:$D$3005,B19)) | L19: =IF(OR(B19="",J19=0),"",J19-K19) | M19: =IF(B19="","",IF(SUMPRODUCT(MAX((Sessions!$D$6:$D$3005=B19)*Sessions!$L$6:$L$3005*Sessions!$I$6:$I$3005))=0,"",SUMPRODUCT(MAX((Sessions!$D$6:$D$3005=B19)*Sessions!$L$6:$L$3005*Sessions!$I$6:$I$3005)))) | N19: =IF(OR(B19="",F19="Finished"),"",IF(S19>0,S19+7*N(Settings!$C$8),IF(ISNUMBER(D19),INT(D19)+7*N(Settings!$C$8),""))) | O19: =IF(B19="","",SUMIFS(Packages!$J$6:$J$505,Packages!$C$6:$C$505,B19,Packages!$M$6:$M$505,1)) | P19: =IF(B19="","",IF(COUNTIF(Clients!$B$6:$B$105,B19)>1,"Listed twice",IF(O19>0,"Owes money",IF(F19="Finished","",IF(F19="Paused","",IF(AND(J19>0,L19<=0),"No sessions left",IF(AND(J19>0,L19<=N(Settings!$C$7)),"Few sessions left",IF(AND(Q19>0,L19>0,Q19<TODAY()),"Package expired",IF(AND(Q19>0,L19>0,Q19-TODAY()<=14),"Package ends soon",IF(AND(N19<>"",N19<=TODAY()),"Check-in due",""))))))))) | Q19: =IF(B19="",0,SUMPRODUCT(MAX((Packages!$C$6:$C$505=B19)*Packages!$N$6:$N$505))) | R19: =IF(P19<>"",ROW(),"") | S19: =IF(B19="",0,SUMPRODUCT(MAX(('Check-ins'!$C$6:$C$1505=B19)*'Check-ins'!$P$6:$P$1505))) | T19: =IF(AND(B19<>"",F19<>"Paused",F19<>"Finished",J19>0,L19<=N(Settings!$C$7)),1,0) | U19: =IF(AND(B19<>"",F19<>"Paused",F19<>"Finished",N19<>"",N19<=TODAY()),1,0) | V19: =IF(AND(B19<>"",F19<>"Paused",F19<>"Finished"),1,0)
G20: =IF(B20="","",SUMIFS(Sessions!$L$6:$L$3005,Sessions!$D$6:$D$3005,B20)) | H20: =IF(B20="","",SUMIFS(Sessions!$L$6:$L$3005,Sessions!$D$6:$D$3005,B20,Sessions!$J$6:$J$3005,(YEAR(TODAY())*100+MONTH(TODAY())))) | I20: =IF(B20="","",SUMIFS(Sessions!$M$6:$M$3005,Sessions!$D$6:$D$3005,B20)) | J20: =IF(B20="","",SUMIFS(Packages!$D$6:$D$505,Packages!$C$6:$C$505,B20,Packages!$M$6:$M$505,1)) | K20: =IF(B20="","",SUMIFS(Sessions!$K$6:$K$3005,Sessions!$D$6:$D$3005,B20)) | L20: =IF(OR(B20="",J20=0),"",J20-K20) | M20: =IF(B20="","",IF(SUMPRODUCT(MAX((Sessions!$D$6:$D$3005=B20)*Sessions!$L$6:$L$3005*Sessions!$I$6:$I$3005))=0,"",SUMPRODUCT(MAX((Sessions!$D$6:$D$3005=B20)*Sessions!$L$6:$L$3005*Sessions!$I$6:$I$3005)))) | N20: =IF(OR(B20="",F20="Finished"),"",IF(S20>0,S20+7*N(Settings!$C$8),IF(ISNUMBER(D20),INT(D20)+7*N(Settings!$C$8),""))) | O20: =IF(B20="","",SUMIFS(Packages!$J$6:$J$505,Packages!$C$6:$C$505,B20,Packages!$M$6:$M$505,1)) | P20: =IF(B20="","",IF(COUNTIF(Clients!$B$6:$B$105,B20)>1,"Listed twice",IF(O20>0,"Owes money",IF(F20="Finished","",IF(F20="Paused","",IF(AND(J20>0,L20<=0),"No sessions left",IF(AND(J20>0,L20<=N(Settings!$C$7)),"Few sessions left",IF(AND(Q20>0,L20>0,Q20<TODAY()),"Package expired",IF(AND(Q20>0,L20>0,Q20-TODAY()<=14),"Package ends soon",IF(AND(N20<>"",N20<=TODAY()),"Check-in due",""))))))))) | Q20: =IF(B20="",0,SUMPRODUCT(MAX((Packages!$C$6:$C$505=B20)*Packages!$N$6:$N$505))) | R20: =IF(P20<>"",ROW(),"") | S20: =IF(B20="",0,SUMPRODUCT(MAX(('Check-ins'!$C$6:$C$1505=B20)*'Check-ins'!$P$6:$P$1505))) | T20: =IF(AND(B20<>"",F20<>"Paused",F20<>"Finished",J20>0,L20<=N(Settings!$C$7)),1,0) | U20: =IF(AND(B20<>"",F20<>"Paused",F20<>"Finished",N20<>"",N20<=TODAY()),1,0) | V20: =IF(AND(B20<>"",F20<>"Paused",F20<>"Finished"),1,0)
G21: =IF(B21="","",SUMIFS(Sessions!$L$6:$L$3005,Sessions!$D$6:$D$3005,B21)) | H21: =IF(B21="","",SUMIFS(Sessions!$L$6:$L$3005,Sessions!$D$6:$D$3005,B21,Sessions!$J$6:$J$3005,(YEAR(TODAY())*100+MONTH(TODAY())))) | I21: =IF(B21="","",SUMIFS(Sessions!$M$6:$M$3005,Sessions!$D$6:$D$3005,B21)) | J21: =IF(B21="","",SUMIFS(Packages!$D$6:$D$505,Packages!$C$6:$C$505,B21,Packages!$M$6:$M$505,1)) | K21: =IF(B21="","",SUMIFS(Sessions!$K$6:$K$3005,Sessions!$D$6:$D$3005,B21)) | L21: =IF(OR(B21="",J21=0),"",J21-K21) | M21: =IF(B21="","",IF(SUMPRODUCT(MAX((Sessions!$D$6:$D$3005=B21)*Sessions!$L$6:$L$3005*Sessions!$I$6:$I$3005))=0,"",SUMPRODUCT(MAX((Sessions!$D$6:$D$3005=B21)*Sessions!$L$6:$L$3005*Sessions!$I$6:$I$3005)))) | N21: =IF(OR(B21="",F21="Finished"),"",IF(S21>0,S21+7*N(Settings!$C$8),IF(ISNUMBER(D21),INT(D21)+7*N(Settings!$C$8),""))) | O21: =IF(B21="","",SUMIFS(Packages!$J$6:$J$505,Packages!$C$6:$C$505,B21,Packages!$M$6:$M$505,1)) | P21: =IF(B21="","",IF(COUNTIF(Clients!$B$6:$B$105,B21)>1,"Listed twice",IF(O21>0,"Owes money",IF(F21="Finished","",IF(F21="Paused","",IF(AND(J21>0,L21<=0),"No sessions left",IF(AND(J21>0,L21<=N(Settings!$C$7)),"Few sessions left",IF(AND(Q21>0,L21>0,Q21<TODAY()),"Package expired",IF(AND(Q21>0,L21>0,Q21-TODAY()<=14),"Package ends soon",IF(AND(N21<>"",N21<=TODAY()),"Check-in due",""))))))))) | Q21: =IF(B21="",0,SUMPRODUCT(MAX((Packages!$C$6:$C$505=B21)*Packages!$N$6:$N$505))) | R21: =IF(P21<>"",ROW(),"") | S21: =IF(B21="",0,SUMPRODUCT(MAX(('Check-ins'!$C$6:$C$1505=B21)*'Check-ins'!$P$6:$P$1505))) | T21: =IF(AND(B21<>"",F21<>"Paused",F21<>"Finished",J21>0,L21<=N(Settings!$C$7)),1,0) | U21: =IF(AND(B21<>"",F21<>"Paused",F21<>"Finished",N21<>"",N21<=TODAY()),1,0) | V21: =IF(AND(B21<>"",F21<>"Paused",F21<>"Finished"),1,0)
G22: =IF(B22="","",SUMIFS(Sessions!$L$6:$L$3005,Sessions!$D$6:$D$3005,B22)) | H22: =IF(B22="","",SUMIFS(Sessions!$L$6:$L$3005,Sessions!$D$6:$D$3005,B22,Sessions!$J$6:$J$3005,(YEAR(TODAY())*100+MONTH(TODAY())))) | I22: =IF(B22="","",SUMIFS(Sessions!$M$6:$M$3005,Sessions!$D$6:$D$3005,B22)) | J22: =IF(B22="","",SUMIFS(Packages!$D$6:$D$505,Packages!$C$6:$C$505,B22,Packages!$M$6:$M$505,1)) | K22: =IF(B22="","",SUMIFS(Sessions!$K$6:$K$3005,Sessions!$D$6:$D$3005,B22)) | L22: =IF(OR(B22="",J22=0),"",J22-K22) | M22: =IF(B22="","",IF(SUMPRODUCT(MAX((Sessions!$D$6:$D$3005=B22)*Sessions!$L$6:$L$3005*Sessions!$I$6:$I$3005))=0,"",SUMPRODUCT(MAX((Sessions!$D$6:$D$3005=B22)*Sessions!$L$6:$L$3005*Sessions!$I$6:$I$3005)))) | N22: =IF(OR(B22="",F22="Finished"),"",IF(S22>0,S22+7*N(Settings!$C$8),IF(ISNUMBER(D22),INT(D22)+7*N(Settings!$C$8),""))) | O22: =IF(B22="","",SUMIFS(Packages!$J$6:$J$505,Packages!$C$6:$C$505,B22,Packages!$M$6:$M$505,1)) | P22: =IF(B22="","",IF(COUNTIF(Clients!$B$6:$B$105,B22)>1,"Listed twice",IF(O22>0,"Owes money",IF(F22="Finished","",IF(F22="Paused","",IF(AND(J22>0,L22<=0),"No sessions left",IF(AND(J22>0,L22<=N(Settings!$C$7)),"Few sessions left",IF(AND(Q22>0,L22>0,Q22<TODAY()),"Package expired",IF(AND(Q22>0,L22>0,Q22-TODAY()<=14),"Package ends soon",IF(AND(N22<>"",N22<=TODAY()),"Check-in due",""))))))))) | Q22: =IF(B22="",0,SUMPRODUCT(MAX((Packages!$C$6:$C$505=B22)*Packages!$N$6:$N$505))) | R22: =IF(P22<>"",ROW(),"") | S22: =IF(B22="",0,SUMPRODUCT(MAX(('Check-ins'!$C$6:$C$1505=B22)*'Check-ins'!$P$6:$P$1505))) | T22: =IF(AND(B22<>"",F22<>"Paused",F22<>"Finished",J22>0,L22<=N(Settings!$C$7)),1,0) | U22: =IF(AND(B22<>"",F22<>"Paused",F22<>"Finished",N22<>"",N22<=TODAY()),1,0) | V22: =IF(AND(B22<>"",F22<>"Paused",F22<>"Finished"),1,0)
G23: =IF(B23="","",SUMIFS(Sessions!$L$6:$L$3005,Sessions!$D$6:$D$3005,B23)) | H23: =IF(B23="","",SUMIFS(Sessions!$L$6:$L$3005,Sessions!$D$6:$D$3005,B23,Sessions!$J$6:$J$3005,(YEAR(TODAY())*100+MONTH(TODAY())))) | I23: =IF(B23="","",SUMIFS(Sessions!$M$6:$M$3005,Sessions!$D$6:$D$3005,B23)) | J23: =IF(B23="","",SUMIFS(Packages!$D$6:$D$505,Packages!$C$6:$C$505,B23,Packages!$M$6:$M$505,1)) | K23: =IF(B23="","",SUMIFS(Sessions!$K$6:$K$3005,Sessions!$D$6:$D$3005,B23)) | L23: =IF(OR(B23="",J23=0),"",J23-K23) | M23: =IF(B23="","",IF(SUMPRODUCT(MAX((Sessions!$D$6:$D$3005=B23)*Sessions!$L$6:$L$3005*Sessions!$I$6:$I$3005))=0,"",SUMPRODUCT(MAX((Sessions!$D$6:$D$3005=B23)*Sessions!$L$6:$L$3005*Sessions!$I$6:$I$3005)))) | N23: =IF(OR(B23="",F23="Finished"),"",IF(S23>0,S23+7*N(Settings!$C$8),IF(ISNUMBER(D23),INT(D23)+7*N(Settings!$C$8),""))) | O23: =IF(B23="","",SUMIFS(Packages!$J$6:$J$505,Packages!$C$6:$C$505,B23,Packages!$M$6:$M$505,1)) | P23: =IF(B23="","",IF(COUNTIF(Clients!$B$6:$B$105,B23)>1,"Listed twice",IF(O23>0,"Owes money",IF(F23="Finished","",IF(F23="Paused","",IF(AND(J23>0,L23<=0),"No sessions left",IF(AND(J23>0,L23<=N(Settings!$C$7)),"Few sessions left",IF(AND(Q23>0,L23>0,Q23<TODAY()),"Package expired",IF(AND(Q23>0,L23>0,Q23-TODAY()<=14),"Package ends soon",IF(AND(N23<>"",N23<=TODAY()),"Check-in due",""))))))))) | Q23: =IF(B23="",0,SUMPRODUCT(MAX((Packages!$C$6:$C$505=B23)*Packages!$N$6:$N$505))) | R23: =IF(P23<>"",ROW(),"") | S23: =IF(B23="",0,SUMPRODUCT(MAX(('Check-ins'!$C$6:$C$1505=B23)*'Check-ins'!$P$6:$P$1505))) | T23: =IF(AND(B23<>"",F23<>"Paused",F23<>"Finished",J23>0,L23<=N(Settings!$C$7)),1,0) | U23: =IF(AND(B23<>"",F23<>"Paused",F23<>"Finished",N23<>"",N23<=TODAY()),1,0) | V23: =IF(AND(B23<>"",F23<>"Paused",F23<>"Finished"),1,0)
G24: =IF(B24="","",SUMIFS(Sessions!$L$6:$L$3005,Sessions!$D$6:$D$3005,B24)) | H24: =IF(B24="","",SUMIFS(Sessions!$L$6:$L$3005,Sessions!$D$6:$D$3005,B24,Sessions!$J$6:$J$3005,(YEAR(TODAY())*100+MONTH(TODAY())))) | I24: =IF(B24="","",SUMIFS(Sessions!$M$6:$M$3005,Sessions!$D$6:$D$3005,B24)) | J24: =IF(B24="","",SUMIFS(Packages!$D$6:$D$505,Packages!$C$6:$C$505,B24,Packages!$M$6:$M$505,1)) | K24: =IF(B24="","",SUMIFS(Sessions!$K$6:$K$3005,Sessions!$D$6:$D$3005,B24)) | L24: =IF(OR(B24="",J24=0),"",J24-K24) | M24: =IF(B24="","",IF(SUMPRODUCT(MAX((Sessions!$D$6:$D$3005=B24)*Sessions!$L$6:$L$3005*Sessions!$I$6:$I$3005))=0,"",SUMPRODUCT(MAX((Sessions!$D$6:$D$3005=B24)*Sessions!$L$6:$L$3005*Sessions!$I$6:$I$3005)))) | N24: =IF(OR(B24="",F24="Finished"),"",IF(S24>0,S24+7*N(Settings!$C$8),IF(ISNUMBER(D24),INT(D24)+7*N(Settings!$C$8),""))) | O24: =IF(B24="","",SUMIFS(Packages!$J$6:$J$505,Packages!$C$6:$C$505,B24,Packages!$M$6:$M$505,1)) | P24: =IF(B24="","",IF(COUNTIF(Clients!$B$6:$B$105,B24)>1,"Listed twice",IF(O24>0,"Owes money",IF(F24="Finished","",IF(F24="Paused","",IF(AND(J24>0,L24<=0),"No sessions left",IF(AND(J24>0,L24<=N(Settings!$C$7)),"Few sessions left",IF(AND(Q24>0,L24>0,Q24<TODAY()),"Package expired",IF(AND(Q24>0,L24>0,Q24-TODAY()<=14),"Package ends soon",IF(AND(N24<>"",N24<=TODAY()),"Check-in due",""))))))))) | Q24: =IF(B24="",0,SUMPRODUCT(MAX((Packages!$C$6:$C$505=B24)*Packages!$N$6:$N$505))) | R24: =IF(P24<>"",ROW(),"") | S24: =IF(B24="",0,SUMPRODUCT(MAX(('Check-ins'!$C$6:$C$1505=B24)*'Check-ins'!$P$6:$P$1505))) | T24: =IF(AND(B24<>"",F24<>"Paused",F24<>"Finished",J24>0,L24<=N(Settings!$C$7)),1,0) | U24: =IF(AND(B24<>"",F24<>"Paused",F24<>"Finished",N24<>"",N24<=TODAY()),1,0) | V24: =IF(AND(B24<>"",F24<>"Paused",F24<>"Finished"),1,0)
G25: =IF(B25="","",SUMIFS(Sessions!$L$6:$L$3005,Sessions!$D$6:$D$3005,B25)) | H25: =IF(B25="","",SUMIFS(Sessions!$L$6:$L$3005,Sessions!$D$6:$D$3005,B25,Sessions!$J$6:$J$3005,(YEAR(TODAY())*100+MONTH(TODAY())))) | I25: =IF(B25="","",SUMIFS(Sessions!$M$6:$M$3005,Sessions!$D$6:$D$3005,B25)) | J25: =IF(B25="","",SUMIFS(Packages!$D$6:$D$505,Packages!$C$6:$C$505,B25,Packages!$M$6:$M$505,1)) | K25: =IF(B25="","",SUMIFS(Sessions!$K$6:$K$3005,Sessions!$D$6:$D$3005,B25)) | L25: =IF(OR(B25="",J25=0),"",J25-K25) | M25: =IF(B25="","",IF(SUMPRODUCT(MAX((Sessions!$D$6:$D$3005=B25)*Sessions!$L$6:$L$3005*Sessions!$I$6:$I$3005))=0,"",SUMPRODUCT(MAX((Sessions!$D$6:$D$3005=B25)*Sessions!$L$6:$L$3005*Sessions!$I$6:$I$3005)))) | N25: =IF(OR(B25="",F25="Finished"),"",IF(S25>0,S25+7*N(Settings!$C$8),IF(ISNUMBER(D25),INT(D25)+7*N(Settings!$C$8),""))) | O25: =IF(B25="","",SUMIFS(Packages!$J$6:$J$505,Packages!$C$6:$C$505,B25,Packages!$M$6:$M$505,1)) | P25: =IF(B25="","",IF(COUNTIF(Clients!$B$6:$B$105,B25)>1,"Listed twice",IF(O25>0,"Owes money",IF(F25="Finished","",IF(F25="Paused","",IF(AND(J25>0,L25<=0),"No sessions left",IF(AND(J25>0,L25<=N(Settings!$C$7)),"Few sessions left",IF(AND(Q25>0,L25>0,Q25<TODAY()),"Package expired",IF(AND(Q25>0,L25>0,Q25-TODAY()<=14),"Package ends soon",IF(AND(N25<>"",N25<=TODAY()),"Check-in due",""))))))))) | Q25: =IF(B25="",0,SUMPRODUCT(MAX((Packages!$C$6:$C$505=B25)*Packages!$N$6:$N$505))) | R25: =IF(P25<>"",ROW(),"") | S25: =IF(B25="",0,SUMPRODUCT(MAX(('Check-ins'!$C$6:$C$1505=B25)*'Check-ins'!$P$6:$P$1505))) | T25: =IF(AND(B25<>"",F25<>"Paused",F25<>"Finished",J25>0,L25<=N(Settings!$C$7)),1,0) | U25: =IF(AND(B25<>"",F25<>"Paused",F25<>"Finished",N25<>"",N25<=TODAY()),1,0) | V25: =IF(AND(B25<>"",F25<>"Paused",F25<>"Finished"),1,0)
G26: =IF(B26="","",SUMIFS(Sessions!$L$6:$L$3005,Sessions!$D$6:$D$3005,B26)) | H26: =IF(B26="","",SUMIFS(Sessions!$L$6:$L$3005,Sessions!$D$6:$D$3005,B26,Sessions!$J$6:$J$3005,(YEAR(TODAY())*100+MONTH(TODAY())))) | I26: =IF(B26="","",SUMIFS(Sessions!$M$6:$M$3005,Sessions!$D$6:$D$3005,B26)) | J26: =IF(B26="","",SUMIFS(Packages!$D$6:$D$505,Packages!$C$6:$C$505,B26,Packages!$M$6:$M$505,1)) | K26: =IF(B26="","",SUMIFS(Sessions!$K$6:$K$3005,Sessions!$D$6:$D$3005,B26)) | L26: =IF(OR(B26="",J26=0),"",J26-K26) | M26: =IF(B26="","",IF(SUMPRODUCT(MAX((Sessions!$D$6:$D$3005=B26)*Sessions!$L$6:$L$3005*Sessions!$I$6:$I$3005))=0,"",SUMPRODUCT(MAX((Sessions!$D$6:$D$3005=B26)*Sessions!$L$6:$L$3005*Sessions!$I$6:$I$3005)))) | N26: =IF(OR(B26="",F26="Finished"),"",IF(S26>0,S26+7*N(Settings!$C$8),IF(ISNUMBER(D26),INT(D26)+7*N(Settings!$C$8),""))) | O26: =IF(B26="","",SUMIFS(Packages!$J$6:$J$505,Packages!$C$6:$C$505,B26,Packages!$M$6:$M$505,1)) | P26: =IF(B26="","",IF(COUNTIF(Clients!$B$6:$B$105,B26)>1,"Listed twice",IF(O26>0,"Owes money",IF(F26="Finished","",IF(F26="Paused","",IF(AND(J26>0,L26<=0),"No sessions left",IF(AND(J26>0,L26<=N(Settings!$C$7)),"Few sessions left",IF(AND(Q26>0,L26>0,Q26<TODAY()),"Package expired",IF(AND(Q26>0,L26>0,Q26-TODAY()<=14),"Package ends soon",IF(AND(N26<>"",N26<=TODAY()),"Check-in due",""))))))))) | Q26: =IF(B26="",0,SUMPRODUCT(MAX((Packages!$C$6:$C$505=B26)*Packages!$N$6:$N$505))) | R26: =IF(P26<>"",ROW(),"") | S26: =IF(B26="",0,SUMPRODUCT(MAX(('Check-ins'!$C$6:$C$1505=B26)*'Check-ins'!$P$6:$P$1505))) | T26: =IF(AND(B26<>"",F26<>"Paused",F26<>"Finished",J26>0,L26<=N(Settings!$C$7)),1,0) | U26: =IF(AND(B26<>"",F26<>"Paused",F26<>"Finished",N26<>"",N26<=TODAY()),1,0) | V26: =IF(AND(B26<>"",F26<>"Paused",F26<>"Finished"),1,0)
G27: =IF(B27="","",SUMIFS(Sessions!$L$6:$L$3005,Sessions!$D$6:$D$3005,B27)) | H27: =IF(B27="","",SUMIFS(Sessions!$L$6:$L$3005,Sessions!$D$6:$D$3005,B27,Sessions!$J$6:$J$3005,(YEAR(TODAY())*100+MONTH(TODAY())))) | I27: =IF(B27="","",SUMIFS(Sessions!$M$6:$M$3005,Sessions!$D$6:$D$3005,B27)) | J27: =IF(B27="","",SUMIFS(Packages!$D$6:$D$505,Packages!$C$6:$C$505,B27,Packages!$M$6:$M$505,1)) | K27: =IF(B27="","",SUMIFS(Sessions!$K$6:$K$3005,Sessions!$D$6:$D$3005,B27)) | L27: =IF(OR(B27="",J27=0),"",J27-K27) | M27: =IF(B27="","",IF(SUMPRODUCT(MAX((Sessions!$D$6:$D$3005=B27)*Sessions!$L$6:$L$3005*Sessions!$I$6:$I$3005))=0,"",SUMPRODUCT(MAX((Sessions!$D$6:$D$3005=B27)*Sessions!$L$6:$L$3005*Sessions!$I$6:$I$3005)))) | N27: =IF(OR(B27="",F27="Finished"),"",IF(S27>0,S27+7*N(Settings!$C$8),IF(ISNUMBER(D27),INT(D27)+7*N(Settings!$C$8),""))) | O27: =IF(B27="","",SUMIFS(Packages!$J$6:$J$505,Packages!$C$6:$C$505,B27,Packages!$M$6:$M$505,1)) | P27: =IF(B27="","",IF(COUNTIF(Clients!$B$6:$B$105,B27)>1,"Listed twice",IF(O27>0,"Owes money",IF(F27="Finished","",IF(F27="Paused","",IF(AND(J27>0,L27<=0),"No sessions left",IF(AND(J27>0,L27<=N(Settings!$C$7)),"Few sessions left",IF(AND(Q27>0,L27>0,Q27<TODAY()),"Package expired",IF(AND(Q27>0,L27>0,Q27-TODAY()<=14),"Package ends soon",IF(AND(N27<>"",N27<=TODAY()),"Check-in due",""))))))))) | Q27: =IF(B27="",0,SUMPRODUCT(MAX((Packages!$C$6:$C$505=B27)*Packages!$N$6:$N$505))) | R27: =IF(P27<>"",ROW(),"") | S27: =IF(B27="",0,SUMPRODUCT(MAX(('Check-ins'!$C$6:$C$1505=B27)*'Check-ins'!$P$6:$P$1505))) | T27: =IF(AND(B27<>"",F27<>"Paused",F27<>"Finished",J27>0,L27<=N(Settings!$C$7)),1,0) | U27: =IF(AND(B27<>"",F27<>"Paused",F27<>"Finished",N27<>"",N27<=TODAY()),1,0) | V27: =IF(AND(B27<>"",F27<>"Paused",F27<>"Finished"),1,0)
... G105: =IF(B105="","",SUMIFS(Sessions!$L$6:$L$3005,Sessions!$D$6:$D$3005,B105)) | H105: =IF(B105="","",SUMIFS(Sessions!$L$6:$L$3005,Sessions!$D$6:$D$3005,B105,Sessions!$J$6:$J$3005,(YEAR(TODAY())*100+MONTH(TODAY())))) | I105: =IF(B105="","",SUMIFS(Sessions!$M$6:$M$3005,Sessions!$D$6:$D$3005,B105)) | J105: =IF(B105="","",SUMIFS(Packages!$D$6:$D$505,Packages!$C$6:$C$505,B105,Packages!$M$6:$M$505,1)) | K105: =IF(B105="","",SUMIFS(Sessions!$K$6:$K$3005,Sessions!$D$6:$D$3005,B105)) | L105: =IF(OR(B105="",J105=0),"",J105-K105) | M105: =IF(B105="","",IF(SUMPRODUCT(MAX((Sessions!$D$6:$D$3005=B105)*Sessions!$L$6:$L$3005*Sessions!$I$6:$I$3005))=0,"",SUMPRODUCT(MAX((Sessions!$D$6:$D$3005=B105)*Sessions!$L$6:$L$3005*Sessions!$I$6:$I$3005)))) | N105: =IF(OR(B105="",F105="Finished"),"",IF(S105>0,S105+7*N(Settings!$C$8),IF(ISNUMBER(D105),INT(D105)+7*N(Settings!$C$8),""))) | O105: =IF(B105="","",SUMIFS(Packages!$J$6:$J$505,Packages!$C$6:$C$505,B105,Packages!$M$6:$M$505,1)) | P105: =IF(B105="","",IF(COUNTIF(Clients!$B$6:$B$105,B105)>1,"Listed twice",IF(O105>0,"Owes money",IF(F105="Finished","",IF(F105="Paused","",IF(AND(J105>0,L105<=0),"No sessions left",IF(AND(J105>0,L105<=N(Settings!$C$7)),"Few sessions left",IF(AND(Q105>0,L105>0,Q105<TODAY()),"Package expired",IF(AND(Q105>0,L105>0,Q105-TODAY()<=14),"Package ends soon",IF(AND(N105<>"",N105<=TODAY()),"Check-in due",""))))))))) | Q105: =IF(B105="",0,SUMPRODUCT(MAX((Packages!$C$6:$C$505=B105)*Packages!$N$6:$N$505))) | R105: =IF(P105<>"",ROW(),"") | S105: =IF(B105="",0,SUMPRODUCT(MAX(('Check-ins'!$C$6:$C$1505=B105)*'Check-ins'!$P$6:$P$1505))) | T105: =IF(AND(B105<>"",F105<>"Paused",F105<>"Finished",J105>0,L105<=N(Settings!$C$7)),1,0) | U105: =IF(AND(B105<>"",F105<>"Paused",F105<>"Finished",N105<>"",N105<=TODAY()),1,0) | V105: =IF(AND(B105<>"",F105<>"Paused",F105<>"Finished"),1,0)

Sheet Packages
B2: Packages
B3: Each block of sessions a client buys, with what they paid so far.
B5: Bought on | C5: Client | D5: Sessions | E5: Price | F5: Paid | G5: Use by | H5: Note | I5: Per session | J5: Owed | K5: Check
B6: 45993 | C6: Hannah Brooks | D6: 5 | E6: 325 | F6: 325 | G6: 46113 | I6: =IF(OR(N(D6)<=0,NOT(ISNUMBER(E6))),"",E6/D6) | J6: =IF(OR(C6="",NOT(ISNUMBER(E6))),"",MAX(0,E6-N(F6))) | K6: =IF(AND(C6="",D6="",E6=""),"",IF(NOT(ISNUMBER(B6)),"Needs a date",IF(C6="","Needs a client",IF(COUNTIF(Clients!$B$6:$B$105,C6)=0,"Not on Clients",IF(NOT(ISNUMBER(D6)),"Needs the sessions",IF(AND(E6<>"",NOT(ISNUMBER(E6))),"Price not a number",IF(AND(ISNUMBER(E6),N(F6)>E6),"Paid more than the price",""))))))) | L6: =IF(ISNUMBER(B6),YEAR(B6)*100+MONTH(B6),"") | M6: =IF(AND(K6="",C6<>""),1,0) | N6: =IF(AND(M6=1,ISNUMBER(G6)),INT(G6),0)
B7: 46007 | C7: Hannah Brooks | D7: 5 | E7: 325 | F7: 325 | G7: 46127 | I7: =IF(OR(N(D7)<=0,NOT(ISNUMBER(E7))),"",E7/D7) | J7: =IF(OR(C7="",NOT(ISNUMBER(E7))),"",MAX(0,E7-N(F7))) | K7: =IF(AND(C7="",D7="",E7=""),"",IF(NOT(ISNUMBER(B7)),"Needs a date",IF(C7="","Needs a client",IF(COUNTIF(Clients!$B$6:$B$105,C7)=0,"Not on Clients",IF(NOT(ISNUMBER(D7)),"Needs the sessions",IF(AND(E7<>"",NOT(ISNUMBER(E7))),"Price not a number",IF(AND(ISNUMBER(E7),N(F7)>E7),"Paid more than the price",""))))))) | L7: =IF(ISNUMBER(B7),YEAR(B7)*100+MONTH(B7),"") | M7: =IF(AND(K7="",C7<>""),1,0) | N7: =IF(AND(M7=1,ISNUMBER(G7)),INT(G7),0)
B8: 46021 | C8: Hannah Brooks | D8: 5 | E8: 325 | F8: 325 | G8: 46141 | I8: =IF(OR(N(D8)<=0,NOT(ISNUMBER(E8))),"",E8/D8) | J8: =IF(OR(C8="",NOT(ISNUMBER(E8))),"",MAX(0,E8-N(F8))) | K8: =IF(AND(C8="",D8="",E8=""),"",IF(NOT(ISNUMBER(B8)),"Needs a date",IF(C8="","Needs a client",IF(COUNTIF(Clients!$B$6:$B$105,C8)=0,"Not on Clients",IF(NOT(ISNUMBER(D8)),"Needs the sessions",IF(AND(E8<>"",NOT(ISNUMBER(E8))),"Price not a number",IF(AND(ISNUMBER(E8),N(F8)>E8),"Paid more than the price",""))))))) | L8: =IF(ISNUMBER(B8),YEAR(B8)*100+MONTH(B8),"") | M8: =IF(AND(K8="",C8<>""),1,0) | N8: =IF(AND(M8=1,ISNUMBER(G8)),INT(G8),0)
B9: 46035 | C9: Hannah Brooks | D9: 5 | E9: 325 | F9: 325 | G9: 46155 | I9: =IF(OR(N(D9)<=0,NOT(ISNUMBER(E9))),"",E9/D9) | J9: =IF(OR(C9="",NOT(ISNUMBER(E9))),"",MAX(0,E9-N(F9))) | K9: =IF(AND(C9="",D9="",E9=""),"",IF(NOT(ISNUMBER(B9)),"Needs a date",IF(C9="","Needs a client",IF(COUNTIF(Clients!$B$6:$B$105,C9)=0,"Not on Clients",IF(NOT(ISNUMBER(D9)),"Needs the sessions",IF(AND(E9<>"",NOT(ISNUMBER(E9))),"Price not a number",IF(AND(ISNUMBER(E9),N(F9)>E9),"Paid more than the price",""))))))) | L9: =IF(ISNUMBER(B9),YEAR(B9)*100+MONTH(B9),"") | M9: =IF(AND(K9="",C9<>""),1,0) | N9: =IF(AND(M9=1,ISNUMBER(G9)),INT(G9),0)
B10: 46049 | C10: Hannah Brooks | D10: 5 | E10: 325 | F10: 325 | G10: 46169 | I10: =IF(OR(N(D10)<=0,NOT(ISNUMBER(E10))),"",E10/D10) | J10: =IF(OR(C10="",NOT(ISNUMBER(E10))),"",MAX(0,E10-N(F10))) | K10: =IF(AND(C10="",D10="",E10=""),"",IF(NOT(ISNUMBER(B10)),"Needs a date",IF(C10="","Needs a client",IF(COUNTIF(Clients!$B$6:$B$105,C10)=0,"Not on Clients",IF(NOT(ISNUMBER(D10)),"Needs the sessions",IF(AND(E10<>"",NOT(ISNUMBER(E10))),"Price not a number",IF(AND(ISNUMBER(E10),N(F10)>E10),"Paid more than the price",""))))))) | L10: =IF(ISNUMBER(B10),YEAR(B10)*100+MONTH(B10),"") | M10: =IF(AND(K10="",C10<>""),1,0) | N10: =IF(AND(M10=1,ISNUMBER(G10)),INT(G10),0)
B11: 46053 | C11: Maya Ortiz | D11: 10 | E11: 600 | F11: 600 | G11: 46173 | I11: =IF(OR(N(D11)<=0,NOT(ISNUMBER(E11))),"",E11/D11) | J11: =IF(OR(C11="",NOT(ISNUMBER(E11))),"",MAX(0,E11-N(F11))) | K11: =IF(AND(C11="",D11="",E11=""),"",IF(NOT(ISNUMBER(B11)),"Needs a date",IF(C11="","Needs a client",IF(COUNTIF(Clients!$B$6:$B$105,C11)=0,"Not on Clients",IF(NOT(ISNUMBER(D11)),"Needs the sessions",IF(AND(E11<>"",NOT(ISNUMBER(E11))),"Price not a number",IF(AND(ISNUMBER(E11),N(F11)>E11),"Paid more than the price",""))))))) | L11: =IF(ISNUMBER(B11),YEAR(B11)*100+MONTH(B11),"") | M11: =IF(AND(K11="",C11<>""),1,0) | N11: =IF(AND(M11=1,ISNUMBER(G11)),INT(G11),0)
B12: 46063 | C12: Hannah Brooks | D12: 5 | E12: 325 | F12: 325 | G12: 46183 | I12: =IF(OR(N(D12)<=0,NOT(ISNUMBER(E12))),"",E12/D12) | J12: =IF(OR(C12="",NOT(ISNUMBER(E12))),"",MAX(0,E12-N(F12))) | K12: =IF(AND(C12="",D12="",E12=""),"",IF(NOT(ISNUMBER(B12)),"Needs a date",IF(C12="","Needs a client",IF(COUNTIF(Clients!$B$6:$B$105,C12)=0,"Not on Clients",IF(NOT(ISNUMBER(D12)),"Needs the sessions",IF(AND(E12<>"",NOT(ISNUMBER(E12))),"Price not a number",IF(AND(ISNUMBER(E12),N(F12)>E12),"Paid more than the price",""))))))) | L12: =IF(ISNUMBER(B12),YEAR(B12)*100+MONTH(B12),"") | M12: =IF(AND(K12="",C12<>""),1,0) | N12: =IF(AND(M12=1,ISNUMBER(G12)),INT(G12),0)
B13: 46077 | C13: Hannah Brooks | D13: 5 | E13: 325 | F13: 325 | G13: 46197 | I13: =IF(OR(N(D13)<=0,NOT(ISNUMBER(E13))),"",E13/D13) | J13: =IF(OR(C13="",NOT(ISNUMBER(E13))),"",MAX(0,E13-N(F13))) | K13: =IF(AND(C13="",D13="",E13=""),"",IF(NOT(ISNUMBER(B13)),"Needs a date",IF(C13="","Needs a client",IF(COUNTIF(Clients!$B$6:$B$105,C13)=0,"Not on Clients",IF(NOT(ISNUMBER(D13)),"Needs the sessions",IF(AND(E13<>"",NOT(ISNUMBER(E13))),"Price not a number",IF(AND(ISNUMBER(E13),N(F13)>E13),"Paid more than the price",""))))))) | L13: =IF(ISNUMBER(B13),YEAR(B13)*100+MONTH(B13),"") | M13: =IF(AND(K13="",C13<>""),1,0) | N13: =IF(AND(M13=1,ISNUMBER(G13)),INT(G13),0)
B14: 46091 | C14: Hannah Brooks | D14: 5 | E14: 325 | F14: 325 | G14: 46211 | I14: =IF(OR(N(D14)<=0,NOT(ISNUMBER(E14))),"",E14/D14) | J14: =IF(OR(C14="",NOT(ISNUMBER(E14))),"",MAX(0,E14-N(F14))) | K14: =IF(AND(C14="",D14="",E14=""),"",IF(NOT(ISNUMBER(B14)),"Needs a date",IF(C14="","Needs a client",IF(COUNTIF(Clients!$B$6:$B$105,C14)=0,"Not on Clients",IF(NOT(ISNUMBER(D14)),"Needs the sessions",IF(AND(E14<>"",NOT(ISNUMBER(E14))),"Price not a number",IF(AND(ISNUMBER(E14),N(F14)>E14),"Paid more than the price",""))))))) | L14: =IF(ISNUMBER(B14),YEAR(B14)*100+MONTH(B14),"") | M14: =IF(AND(K14="",C14<>""),1,0) | N14: =IF(AND(M14=1,ISNUMBER(G14)),INT(G14),0)
B15: 46093 | C15: Ben Carter | D15: 10 | E15: 600 | F15: 600 | G15: 46213 | I15: =IF(OR(N(D15)<=0,NOT(ISNUMBER(E15))),"",E15/D15) | J15: =IF(OR(C15="",NOT(ISNUMBER(E15))),"",MAX(0,E15-N(F15))) | K15: =IF(AND(C15="",D15="",E15=""),"",IF(NOT(ISNUMBER(B15)),"Needs a date",IF(C15="","Needs a client",IF(COUNTIF(Clients!$B$6:$B$105,C15)=0,"Not on Clients",IF(NOT(ISNUMBER(D15)),"Needs the sessions",IF(AND(E15<>"",NOT(ISNUMBER(E15))),"Price not a number",IF(AND(ISNUMBER(E15),N(F15)>E15),"Paid more than the price",""))))))) | L15: =IF(ISNUMBER(B15),YEAR(B15)*100+MONTH(B15),"") | M15: =IF(AND(K15="",C15<>""),1,0) | N15: =IF(AND(M15=1,ISNUMBER(G15)),INT(G15),0)
B16: 46105 | C16: Hannah Brooks | D16: 5 | E16: 325 | F16: 325 | G16: 46225 | I16: =IF(OR(N(D16)<=0,NOT(ISNUMBER(E16))),"",E16/D16) | J16: =IF(OR(C16="",NOT(ISNUMBER(E16))),"",MAX(0,E16-N(F16))) | K16: =IF(AND(C16="",D16="",E16=""),"",IF(NOT(ISNUMBER(B16)),"Needs a date",IF(C16="","Needs a client",IF(COUNTIF(Clients!$B$6:$B$105,C16)=0,"Not on Clients",IF(NOT(ISNUMBER(D16)),"Needs the sessions",IF(AND(E16<>"",NOT(ISNUMBER(E16))),"Price not a number",IF(AND(ISNUMBER(E16),N(F16)>E16),"Paid more than the price",""))))))) | L16: =IF(ISNUMBER(B16),YEAR(B16)*100+MONTH(B16),"") | M16: =IF(AND(K16="",C16<>""),1,0) | N16: =IF(AND(M16=1,ISNUMBER(G16)),INT(G16),0)
B17: 46113 | C17: Maya Ortiz | D17: 10 | E17: 600 | F17: 600 | G17: 46233 | I17: =IF(OR(N(D17)<=0,NOT(ISNUMBER(E17))),"",E17/D17) | J17: =IF(OR(C17="",NOT(ISNUMBER(E17))),"",MAX(0,E17-N(F17))) | K17: =IF(AND(C17="",D17="",E17=""),"",IF(NOT(ISNUMBER(B17)),"Needs a date",IF(C17="","Needs a client",IF(COUNTIF(Clients!$B$6:$B$105,C17)=0,"Not on Clients",IF(NOT(ISNUMBER(D17)),"Needs the sessions",IF(AND(E17<>"",NOT(ISNUMBER(E17))),"Price not a number",IF(AND(ISNUMBER(E17),N(F17)>E17),"Paid more than the price",""))))))) | L17: =IF(ISNUMBER(B17),YEAR(B17)*100+MONTH(B17),"") | M17: =IF(AND(K17="",C17<>""),1,0) | N17: =IF(AND(M17=1,ISNUMBER(G17)),INT(G17),0)
... B37: 46203 | C37: Tom Walsh | D37: 10 | E37: 600 | F37: 600 | G37: 46323 | I37: =IF(OR(N(D37)<=0,NOT(ISNUMBER(E37))),"",E37/D37) | J37: =IF(OR(C37="",NOT(ISNUMBER(E37))),"",MAX(0,E37-N(F37))) | K37: =IF(AND(C37="",D37="",E37=""),"",IF(NOT(ISNUMBER(B37)),"Needs a date",IF(C37="","Needs a client",IF(COUNTIF(Clients!$B$6:$B$105,C37)=0,"Not on Clients",IF(NOT(ISNUMBER(D37)),"Needs the sessions",IF(AND(E37<>"",NOT(ISNUMBER(E37))),"Price not a number",IF(AND(ISNUMBER(E37),N(F37)>E37),"Paid more than the price",""))))))) | L37: =IF(ISNUMBER(B37),YEAR(B37)*100+MONTH(B37),"") | M37: =IF(AND(K37="",C37<>""),1,0) | N37: =IF(AND(M37=1,ISNUMBER(G37)),INT(G37),0)
B38: 46203 | C38: Grace Kim | D38: 3 | E38: 180 | F38: 180 | G38: 46293 | H38: Top-up | I38: =IF(OR(N(D38)<=0,NOT(ISNUMBER(E38))),"",E38/D38) | J38: =IF(OR(C38="",NOT(ISNUMBER(E38))),"",MAX(0,E38-N(F38))) | K38: =IF(AND(C38="",D38="",E38=""),"",IF(NOT(ISNUMBER(B38)),"Needs a date",IF(C38="","Needs a client",IF(COUNTIF(Clients!$B$6:$B$105,C38)=0,"Not on Clients",IF(NOT(ISNUMBER(D38)),"Needs the sessions",IF(AND(E38<>"",NOT(ISNUMBER(E38))),"Price not a number",IF(AND(ISNUMBER(E38),N(F38)>E38),"Paid more than the price",""))))))) | L38: =IF(ISNUMBER(B38),YEAR(B38)*100+MONTH(B38),"") | M38: =IF(AND(K38="",C38<>""),1,0) | N38: =IF(AND(M38=1,ISNUMBER(G38)),INT(G38),0)
B39: 46207 | C39: Omar Haddad | D39: 5 | E39: 325 | F39: 325 | G39: 46327 | I39: =IF(OR(N(D39)<=0,NOT(ISNUMBER(E39))),"",E39/D39) | J39: =IF(OR(C39="",NOT(ISNUMBER(E39))),"",MAX(0,E39-N(F39))) | K39: =IF(AND(C39="",D39="",E39=""),"",IF(NOT(ISNUMBER(B39)),"Needs a date",IF(C39="","Needs a client",IF(COUNTIF(Clients!$B$6:$B$105,C39)=0,"Not on Clients",IF(NOT(ISNUMBER(D39)),"Needs the sessions",IF(AND(E39<>"",NOT(ISNUMBER(E39))),"Price not a number",IF(AND(ISNUMBER(E39),N(F39)>E39),"Paid more than the price",""))))))) | L39: =IF(ISNUMBER(B39),YEAR(B39)*100+MONTH(B39),"") | M39: =IF(AND(K39="",C39<>""),1,0) | N39: =IF(AND(M39=1,ISNUMBER(G39)),INT(G39),0)
B40: 46211 | C40: Priya Nair | D40: 5 | E40: 325 | F40: 325 | G40: 46331 | I40: =IF(OR(N(D40)<=0,NOT(ISNUMBER(E40))),"",E40/D40) | J40: =IF(OR(C40="",NOT(ISNUMBER(E40))),"",MAX(0,E40-N(F40))) | K40: =IF(AND(C40="",D40="",E40=""),"",IF(NOT(ISNUMBER(B40)),"Needs a date",IF(C40="","Needs a client",IF(COUNTIF(Clients!$B$6:$B$105,C40)=0,"Not on Clients",IF(NOT(ISNUMBER(D40)),"Needs the sessions",IF(AND(E40<>"",NOT(ISNUMBER(E40))),"Price not a number",IF(AND(ISNUMBER(E40),N(F40)>E40),"Paid more than the price",""))))))) | L40: =IF(ISNUMBER(B40),YEAR(B40)*100+MONTH(B40),"") | M40: =IF(AND(K40="",C40<>""),1,0) | N40: =IF(AND(M40=1,ISNUMBER(G40)),INT(G40),0)
B41: 46218 | C41: Ben Carter | D41: 9 | E41: 540 | F41: 540 | G41: 46308 | H41: Top-up | I41: =IF(OR(N(D41)<=0,NOT(ISNUMBER(E41))),"",E41/D41) | J41: =IF(OR(C41="",NOT(ISNUMBER(E41))),"",MAX(0,E41-N(F41))) | K41: =IF(AND(C41="",D41="",E41=""),"",IF(NOT(ISNUMBER(B41)),"Needs a date",IF(C41="","Needs a client",IF(COUNTIF(Clients!$B$6:$B$105,C41)=0,"Not on Clients",IF(NOT(ISNUMBER(D41)),"Needs the sessions",IF(AND(E41<>"",NOT(ISNUMBER(E41))),"Price not a number",IF(AND(ISNUMBER(E41),N(F41)>E41),"Paid more than the price",""))))))) | L41: =IF(ISNUMBER(B41),YEAR(B41)*100+MONTH(B41),"") | M41: =IF(AND(K41="",C41<>""),1,0) | N41: =IF(AND(M41=1,ISNUMBER(G41)),INT(G41),0)
B42: 46221 | C42: Omar Haddad | D42: 5 | E42: 325 | F42: 325 | G42: 46341 | I42: =IF(OR(N(D42)<=0,NOT(ISNUMBER(E42))),"",E42/D42) | J42: =IF(OR(C42="",NOT(ISNUMBER(E42))),"",MAX(0,E42-N(F42))) | K42: =IF(AND(C42="",D42="",E42=""),"",IF(NOT(ISNUMBER(B42)),"Needs a date",IF(C42="","Needs a client",IF(COUNTIF(Clients!$B$6:$B$105,C42)=0,"Not on Clients",IF(NOT(ISNUMBER(D42)),"Needs the sessions",IF(AND(E42<>"",NOT(ISNUMBER(E42))),"Price not a number",IF(AND(ISNUMBER(E42),N(F42)>E42),"Paid more than the price",""))))))) | L42: =IF(ISNUMBER(B42),YEAR(B42)*100+MONTH(B42),"") | M42: =IF(AND(K42="",C42<>""),1,0) | N42: =IF(AND(M42=1,ISNUMBER(G42)),INT(G42),0)
B43: 46223 | C43: Leah Fischer | D43: 10 | E43: 600 | F43: 600 | G43: 46343 | I43: =IF(OR(N(D43)<=0,NOT(ISNUMBER(E43))),"",E43/D43) | J43: =IF(OR(C43="",NOT(ISNUMBER(E43))),"",MAX(0,E43-N(F43))) | K43: =IF(AND(C43="",D43="",E43=""),"",IF(NOT(ISNUMBER(B43)),"Needs a date",IF(C43="","Needs a client",IF(COUNTIF(Clients!$B$6:$B$105,C43)=0,"Not on Clients",IF(NOT(ISNUMBER(D43)),"Needs the sessions",IF(AND(E43<>"",NOT(ISNUMBER(E43))),"Price not a number",IF(AND(ISNUMBER(E43),N(F43)>E43),"Paid more than the price",""))))))) | L43: =IF(ISNUMBER(B43),YEAR(B43)*100+MONTH(B43),"") | M43: =IF(AND(K43="",C43<>""),1,0) | N43: =IF(AND(M43=1,ISNUMBER(G43)),INT(G43),0)
B44: 46225 | C44: Priya Nair | D44: 5 | E44: 325 | F44: 325 | G44: 46345 | I44: =IF(OR(N(D44)<=0,NOT(ISNUMBER(E44))),"",E44/D44) | J44: =IF(OR(C44="",NOT(ISNUMBER(E44))),"",MAX(0,E44-N(F44))) | K44: =IF(AND(C44="",D44="",E44=""),"",IF(NOT(ISNUMBER(B44)),"Needs a date",IF(C44="","Needs a client",IF(COUNTIF(Clients!$B$6:$B$105,C44)=0,"Not on Clients",IF(NOT(ISNUMBER(D44)),"Needs the sessions",IF(AND(E44<>"",NOT(ISNUMBER(E44))),"Price not a number",IF(AND(ISNUMBER(E44),N(F44)>E44),"Paid more than the price",""))))))) | L44: =IF(ISNUMBER(B44),YEAR(B44)*100+MONTH(B44),"") | M44: =IF(AND(K44="",C44<>""),1,0) | N44: =IF(AND(M44=1,ISNUMBER(G44)),INT(G44),0)
B45: 46233 | C45: Maya Ortiz | D45: 10 | E45: 600 | F45: 600 | G45: 46353 | I45: =IF(OR(N(D45)<=0,NOT(ISNUMBER(E45))),"",E45/D45) | J45: =IF(OR(C45="",NOT(ISNUMBER(E45))),"",MAX(0,E45-N(F45))) | K45: =IF(AND(C45="",D45="",E45=""),"",IF(NOT(ISNUMBER(B45)),"Needs a date",IF(C45="","Needs a client",IF(COUNTIF(Clients!$B$6:$B$105,C45)=0,"Not on Clients",IF(NOT(ISNUMBER(D45)),"Needs the sessions",IF(AND(E45<>"",NOT(ISNUMBER(E45))),"Price not a number",IF(AND(ISNUMBER(E45),N(F45)>E45),"Paid more than the price",""))))))) | L45: =IF(ISNUMBER(B45),YEAR(B45)*100+MONTH(B45),"") | M45: =IF(AND(K45="",C45<>""),1,0) | N45: =IF(AND(M45=1,ISNUMBER(G45)),INT(G45),0)
B46: 46233 | C46: Luis Moreno | D46: 10 | E46: 600 | F46: 600 | G46: 46353 | I46: =IF(OR(N(D46)<=0,NOT(ISNUMBER(E46))),"",E46/D46) | J46: =IF(OR(C46="",NOT(ISNUMBER(E46))),"",MAX(0,E46-N(F46))) | K46: =IF(AND(C46="",D46="",E46=""),"",IF(NOT(ISNUMBER(B46)),"Needs a date",IF(C46="","Needs a client",IF(COUNTIF(Clients!$B$6:$B$105,C46)=0,"Not on Clients",IF(NOT(ISNUMBER(D46)),"Needs the sessions",IF(AND(E46<>"",NOT(ISNUMBER(E46))),"Price not a number",IF(AND(ISNUMBER(E46),N(F46)>E46),"Paid more than the price",""))))))) | L46: =IF(ISNUMBER(B46),YEAR(B46)*100+MONTH(B46),"") | M46: =IF(AND(K46="",C46<>""),1,0) | N46: =IF(AND(M46=1,ISNUMBER(G46)),INT(G46),0)
B47: 46235 | C47: Omar Haddad | D47: 5 | E47: 325 | F47: 325 | G47: 46355 | I47: =IF(OR(N(D47)<=0,NOT(ISNUMBER(E47))),"",E47/D47) | J47: =IF(OR(C47="",NOT(ISNUMBER(E47))),"",MAX(0,E47-N(F47))) | K47: =IF(AND(C47="",D47="",E47=""),"",IF(NOT(ISNUMBER(B47)),"Needs a date",IF(C47="","Needs a client",IF(COUNTIF(Clients!$B$6:$B$105,C47)=0,"Not on Clients",IF(NOT(ISNUMBER(D47)),"Needs the sessions",IF(AND(E47<>"",NOT(ISNUMBER(E47))),"Price not a number",IF(AND(ISNUMBER(E47),N(F47)>E47),"Paid more than the price",""))))))) | L47: =IF(ISNUMBER(B47),YEAR(B47)*100+MONTH(B47),"") | M47: =IF(AND(K47="",C47<>""),1,0) | N47: =IF(AND(M47=1,ISNUMBER(G47)),INT(G47),0)
B48: 46239 | C48: Priya Nair | D48: 5 | E48: 325 | F48: 325 | G48: 46359 | I48: =IF(OR(N(D48)<=0,NOT(ISNUMBER(E48))),"",E48/D48) | J48: =IF(OR(C48="",NOT(ISNUMBER(E48))),"",MAX(0,E48-N(F48))) | K48: =IF(AND(C48="",D48="",E48=""),"",IF(NOT(ISNUMBER(B48)),"Needs a date",IF(C48="","Needs a client",IF(COUNTIF(Clients!$B$6:$B$105,C48)=0,"Not on Clients",IF(NOT(ISNUMBER(D48)),"Needs the sessions",IF(AND(E48<>"",NOT(ISNUMBER(E48))),"Price not a number",IF(AND(ISNUMBER(E48),N(F48)>E48),"Paid more than the price",""))))))) | L48: =IF(ISNUMBER(B48),YEAR(B48)*100+MONTH(B48),"") | M48: =IF(AND(K48="",C48<>""),1,0) | N48: =IF(AND(M48=1,ISNUMBER(G48)),INT(G48),0)
B49: 46248 | C49: Leah Fischer | D49: 7 | E49: 420 | F49: 420 | G49: 46338 | H49: Top-up | I49: =IF(OR(N(D49)<=0,NOT(ISNUMBER(E49))),"",E49/D49) | J49: =IF(OR(C49="",NOT(ISNUMBER(E49))),"",MAX(0,E49-N(F49))) | K49: =IF(AND(C49="",D49="",E49=""),"",IF(NOT(ISNUMBER(B49)),"Needs a date",IF(C49="","Needs a client",IF(COUNTIF(Clients!$B$6:$B$105,C49)=0,"Not on Clients",IF(NOT(ISNUMBER(D49)),"Needs the sessions",IF(AND(E49<>"",NOT(ISNUMBER(E49))),"Price not a number",IF(AND(ISNUMBER(E49),N(F49)>E49),"Paid more than the price",""))))))) | L49: =IF(ISNUMBER(B49),YEAR(B49)*100+MONTH(B49),"") | M49: =IF(AND(K49="",C49<>""),1,0) | N49: =IF(AND(M49=1,ISNUMBER(G49)),INT(G49),0)
B50: 46249 | C50: Omar Haddad | D50: 5 | E50: 325 | F50: 325 | G50: 46369 | I50: =IF(OR(N(D50)<=0,NOT(ISNUMBER(E50))),"",E50/D50) | J50: =IF(OR(C50="",NOT(ISNUMBER(E50))),"",MAX(0,E50-N(F50))) | K50: =IF(AND(C50="",D50="",E50=""),"",IF(NOT(ISNUMBER(B50)),"Needs a date",IF(C50="","Needs a client",IF(COUNTIF(Clients!$B$6:$B$105,C50)=0,"Not on Clients",IF(NOT(ISNUMBER(D50)),"Needs the sessions",IF(AND(E50<>"",NOT(ISNUMBER(E50))),"Price not a number",IF(AND(ISNUMBER(E50),N(F50)>E50),"Paid more than the price",""))))))) | L50: =IF(ISNUMBER(B50),YEAR(B50)*100+MONTH(B50),"") | M50: =IF(AND(K50="",C50<>""),1,0) | N50: =IF(AND(M50=1,ISNUMBER(G50)),INT(G50),0)
B51: 46253 | C51: Priya Nair | D51: 2 | E51: 130 | F51: 130 | G51: 46343 | H51: Top-up | I51: =IF(OR(N(D51)<=0,NOT(ISNUMBER(E51))),"",E51/D51) | J51: =IF(OR(C51="",NOT(ISNUMBER(E51))),"",MAX(0,E51-N(F51))) | K51: =IF(AND(C51="",D51="",E51=""),"",IF(NOT(ISNUMBER(B51)),"Needs a date",IF(C51="","Needs a client",IF(COUNTIF(Clients!$B$6:$B$105,C51)=0,"Not on Clients",IF(NOT(ISNUMBER(D51)),"Needs the sessions",IF(AND(E51<>"",NOT(ISNUMBER(E51))),"Price not a number",IF(AND(ISNUMBER(E51),N(F51)>E51),"Paid more than the price",""))))))) | L51: =IF(ISNUMBER(B51),YEAR(B51)*100+MONTH(B51),"") | M51: =IF(AND(K51="",C51<>""),1,0) | N51: =IF(AND(M51=1,ISNUMBER(G51)),INT(G51),0)
B52: 46258 | C52: Luis Moreno | D52: 10 | E52: 600 | F52: 300 | G52: 46378 | I52: =IF(OR(N(D52)<=0,NOT(ISNUMBER(E52))),"",E52/D52) | J52: =IF(OR(C52="",NOT(ISNUMBER(E52))),"",MAX(0,E52-N(F52))) | K52: =IF(AND(C52="",D52="",E52=""),"",IF(NOT(ISNUMBER(B52)),"Needs a date",IF(C52="","Needs a client",IF(COUNTIF(Clients!$B$6:$B$105,C52)=0,"Not on Clients",IF(NOT(ISNUMBER(D52)),"Needs the sessions",IF(AND(E52<>"",NOT(ISNUMBER(E52))),"Price not a number",IF(AND(ISNUMBER(E52),N(F52)>E52),"Paid more than the price",""))))))) | L52: =IF(ISNUMBER(B52),YEAR(B52)*100+MONTH(B52),"") | M52: =IF(AND(K52="",C52<>""),1,0) | N52: =IF(AND(M52=1,ISNUMBER(G52)),INT(G52),0)
B53: 46263 | C53: Tom Walsh | D53: 5 | E53: 300 | F53: 300 | G53: 46353 | H53: Top-up | I53: =IF(OR(N(D53)<=0,NOT(ISNUMBER(E53))),"",E53/D53) | J53: =IF(OR(C53="",NOT(ISNUMBER(E53))),"",MAX(0,E53-N(F53))) | K53: =IF(AND(C53="",D53="",E53=""),"",IF(NOT(ISNUMBER(B53)),"Needs a date",IF(C53="","Needs a client",IF(COUNTIF(Clients!$B$6:$B$105,C53)=0,"Not on Clients",IF(NOT(ISNUMBER(D53)),"Needs the sessions",IF(AND(E53<>"",NOT(ISNUMBER(E53))),"Price not a number",IF(AND(ISNUMBER(E53),N(F53)>E53),"Paid more than the price",""))))))) | L53: =IF(ISNUMBER(B53),YEAR(B53)*100+MONTH(B53),"") | M53: =IF(AND(K53="",C53<>""),1,0) | N53: =IF(AND(M53=1,ISNUMBER(G53)),INT(G53),0)
B54: 46263 | C54: Omar Haddad | D54: 5 | E54: 325 | F54: 325 | G54: 46383 | I54: =IF(OR(N(D54)<=0,NOT(ISNUMBER(E54))),"",E54/D54) | J54: =IF(OR(C54="",NOT(ISNUMBER(E54))),"",MAX(0,E54-N(F54))) | K54: =IF(AND(C54="",D54="",E54=""),"",IF(NOT(ISNUMBER(B54)),"Needs a date",IF(C54="","Needs a client",IF(COUNTIF(Clients!$B$6:$B$105,C54)=0,"Not on Clients",IF(NOT(ISNUMBER(D54)),"Needs the sessions",IF(AND(E54<>"",NOT(ISNUMBER(E54))),"Price not a number",IF(AND(ISNUMBER(E54),N(F54)>E54),"Paid more than the price",""))))))) | L54: =IF(ISNUMBER(B54),YEAR(B54)*100+MONTH(B54),"") | M54: =IF(AND(K54="",C54<>""),1,0) | N54: =IF(AND(M54=1,ISNUMBER(G54)),INT(G54),0)
B55: 46263 | C55: Sam Taylor | D55: 5 | E55: 325 | F55: 325 | G55: 46383 | I55: =IF(OR(N(D55)<=0,NOT(ISNUMBER(E55))),"",E55/D55) | J55: =IF(OR(C55="",NOT(ISNUMBER(E55))),"",MAX(0,E55-N(F55))) | K55: =IF(AND(C55="",D55="",E55=""),"",IF(NOT(ISNUMBER(B55)),"Needs a date",IF(C55="","Needs a client",IF(COUNTIF(Clients!$B$6:$B$105,C55)=0,"Not on Clients",IF(NOT(ISNUMBER(D55)),"Needs the sessions",IF(AND(E55<>"",NOT(ISNUMBER(E55))),"Price not a number",IF(AND(ISNUMBER(E55),N(F55)>E55),"Paid more than the price",""))))))) | L55: =IF(ISNUMBER(B55),YEAR(B55)*100+MONTH(B55),"") | M55: =IF(AND(K55="",C55<>""),1,0) | N55: =IF(AND(M55=1,ISNUMBER(G55)),INT(G55),0)
B56: 46283 | C56: Luis Moreno | D56: 1 | E56: 60 | F56: 60 | G56: 46373 | H56: Top-up | I56: =IF(OR(N(D56)<=0,NOT(ISNUMBER(E56))),"",E56/D56) | J56: =IF(OR(C56="",NOT(ISNUMBER(E56))),"",MAX(0,E56-N(F56))) | K56: =IF(AND(C56="",D56="",E56=""),"",IF(NOT(ISNUMBER(B56)),"Needs a date",IF(C56="","Needs a client",IF(COUNTIF(Clients!$B$6:$B$105,C56)=0,"Not on Clients",IF(NOT(ISNUMBER(D56)),"Needs the sessions",IF(AND(E56<>"",NOT(ISNUMBER(E56))),"Price not a number",IF(AND(ISNUMBER(E56),N(F56)>E56),"Paid more than the price",""))))))) | L56: =IF(ISNUMBER(B56),YEAR(B56)*100+MONTH(B56),"") | M56: =IF(AND(K56="",C56<>""),1,0) | N56: =IF(AND(M56=1,ISNUMBER(G56)),INT(G56),0)
B57: 46288 | C57: Sam Taylor | D57: 3 | E57: 195 | F57: 195 | G57: 46378 | H57: Top-up | I57: =IF(OR(N(D57)<=0,NOT(ISNUMBER(E57))),"",E57/D57) | J57: =IF(OR(C57="",NOT(ISNUMBER(E57))),"",MAX(0,E57-N(F57))) | K57: =IF(AND(C57="",D57="",E57=""),"",IF(NOT(ISNUMBER(B57)),"Needs a date",IF(C57="","Needs a client",IF(COUNTIF(Clients!$B$6:$B$105,C57)=0,"Not on Clients",IF(NOT(ISNUMBER(D57)),"Needs the sessions",IF(AND(E57<>"",NOT(ISNUMBER(E57))),"Price not a number",IF(AND(ISNUMBER(E57),N(F57)>E57),"Paid more than the price",""))))))) | L57: =IF(ISNUMBER(B57),YEAR(B57)*100+MONTH(B57),"") | M57: =IF(AND(K57="",C57<>""),1,0) | N57: =IF(AND(M57=1,ISNUMBER(G57)),INT(G57),0)
I58: =IF(OR(N(D58)<=0,NOT(ISNUMBER(E58))),"",E58/D58) | J58: =IF(OR(C58="",NOT(ISNUMBER(E58))),"",MAX(0,E58-N(F58))) | K58: =IF(AND(C58="",D58="",E58=""),"",IF(NOT(ISNUMBER(B58)),"Needs a date",IF(C58="","Needs a client",IF(COUNTIF(Clients!$B$6:$B$105,C58)=0,"Not on Clients",IF(NOT(ISNUMBER(D58)),"Needs the sessions",IF(AND(E58<>"",NOT(ISNUMBER(E58))),"Price not a number",IF(AND(ISNUMBER(E58),N(F58)>E58),"Paid more than the price",""))))))) | L58: =IF(ISNUMBER(B58),YEAR(B58)*100+MONTH(B58),"") | M58: =IF(AND(K58="",C58<>""),1,0) | N58: =IF(AND(M58=1,ISNUMBER(G58)),INT(G58),0)
I59: =IF(OR(N(D59)<=0,NOT(ISNUMBER(E59))),"",E59/D59) | J59: =IF(OR(C59="",NOT(ISNUMBER(E59))),"",MAX(0,E59-N(F59))) | K59: =IF(AND(C59="",D59="",E59=""),"",IF(NOT(ISNUMBER(B59)),"Needs a date",IF(C59="","Needs a client",IF(COUNTIF(Clients!$B$6:$B$105,C59)=0,"Not on Clients",IF(NOT(ISNUMBER(D59)),"Needs the sessions",IF(AND(E59<>"",NOT(ISNUMBER(E59))),"Price not a number",IF(AND(ISNUMBER(E59),N(F59)>E59),"Paid more than the price",""))))))) | L59: =IF(ISNUMBER(B59),YEAR(B59)*100+MONTH(B59),"") | M59: =IF(AND(K59="",C59<>""),1,0) | N59: =IF(AND(M59=1,ISNUMBER(G59)),INT(G59),0)
I60: =IF(OR(N(D60)<=0,NOT(ISNUMBER(E60))),"",E60/D60) | J60: =IF(OR(C60="",NOT(ISNUMBER(E60))),"",MAX(0,E60-N(F60))) | K60: =IF(AND(C60="",D60="",E60=""),"",IF(NOT(ISNUMBER(B60)),"Needs a date",IF(C60="","Needs a client",IF(COUNTIF(Clients!$B$6:$B$105,C60)=0,"Not on Clients",IF(NOT(ISNUMBER(D60)),"Needs the sessions",IF(AND(E60<>"",NOT(ISNUMBER(E60))),"Price not a number",IF(AND(ISNUMBER(E60),N(F60)>E60),"Paid more than the price",""))))))) | L60: =IF(ISNUMBER(B60),YEAR(B60)*100+MONTH(B60),"") | M60: =IF(AND(K60="",C60<>""),1,0) | N60: =IF(AND(M60=1,ISNUMBER(G60)),INT(G60),0)
I61: =IF(OR(N(D61)<=0,NOT(ISNUMBER(E61))),"",E61/D61) | J61: =IF(OR(C61="",NOT(ISNUMBER(E61))),"",MAX(0,E61-N(F61))) | K61: =IF(AND(C61="",D61="",E61=""),"",IF(NOT(ISNUMBER(B61)),"Needs a date",IF(C61="","Needs a client",IF(COUNTIF(Clients!$B$6:$B$105,C61)=0,"Not on Clients",IF(NOT(ISNUMBER(D61)),"Needs the sessions",IF(AND(E61<>"",NOT(ISNUMBER(E61))),"Price not a number",IF(AND(ISNUMBER(E61),N(F61)>E61),"Paid more than the price",""))))))) | L61: =IF(ISNUMBER(B61),YEAR(B61)*100+MONTH(B61),"") | M61: =IF(AND(K61="",C61<>""),1,0) | N61: =IF(AND(M61=1,ISNUMBER(G61)),INT(G61),0)
I62: =IF(OR(N(D62)<=0,NOT(ISNUMBER(E62))),"",E62/D62) | J62: =IF(OR(C62="",NOT(ISNUMBER(E62))),"",MAX(0,E62-N(F62))) | K62: =IF(AND(C62="",D62="",E62=""),"",IF(NOT(ISNUMBER(B62)),"Needs a date",IF(C62="","Needs a client",IF(COUNTIF(Clients!$B$6:$B$105,C62)=0,"Not on Clients",IF(NOT(ISNUMBER(D62)),"Needs the sessions",IF(AND(E62<>"",NOT(ISNUMBER(E62))),"Price not a number",IF(AND(ISNUMBER(E62),N(F62)>E62),"Paid more than the price",""))))))) | L62: =IF(ISNUMBER(B62),YEAR(B62)*100+MONTH(B62),"") | M62: =IF(AND(K62="",C62<>""),1,0) | N62: =IF(AND(M62=1,ISNUMBER(G62)),INT(G62),0)
I63: =IF(OR(N(D63)<=0,NOT(ISNUMBER(E63))),"",E63/D63) | J63: =IF(OR(C63="",NOT(ISNUMBER(E63))),"",MAX(0,E63-N(F63))) | K63: =IF(AND(C63="",D63="",E63=""),"",IF(NOT(ISNUMBER(B63)),"Needs a date",IF(C63="","Needs a client",IF(COUNTIF(Clients!$B$6:$B$105,C63)=0,"Not on Clients",IF(NOT(ISNUMBER(D63)),"Needs the sessions",IF(AND(E63<>"",NOT(ISNUMBER(E63))),"Price not a number",IF(AND(ISNUMBER(E63),N(F63)>E63),"Paid more than the price",""))))))) | L63: =IF(ISNUMBER(B63),YEAR(B63)*100+MONTH(B63),"") | M63: =IF(AND(K63="",C63<>""),1,0) | N63: =IF(AND(M63=1,ISNUMBER(G63)),INT(G63),0)
I64: =IF(OR(N(D64)<=0,NOT(ISNUMBER(E64))),"",E64/D64) | J64: =IF(OR(C64="",NOT(ISNUMBER(E64))),"",MAX(0,E64-N(F64))) | K64: =IF(AND(C64="",D64="",E64=""),"",IF(NOT(ISNUMBER(B64)),"Needs a date",IF(C64="","Needs a client",IF(COUNTIF(Clients!$B$6:$B$105,C64)=0,"Not on Clients",IF(NOT(ISNUMBER(D64)),"Needs the sessions",IF(AND(E64<>"",NOT(ISNUMBER(E64))),"Price not a number",IF(AND(ISNUMBER(E64),N(F64)>E64),"Paid more than the price",""))))))) | L64: =IF(ISNUMBER(B64),YEAR(B64)*100+MONTH(B64),"") | M64: =IF(AND(K64="",C64<>""),1,0) | N64: =IF(AND(M64=1,ISNUMBER(G64)),INT(G64),0)
I65: =IF(OR(N(D65)<=0,NOT(ISNUMBER(E65))),"",E65/D65) | J65: =IF(OR(C65="",NOT(ISNUMBER(E65))),"",MAX(0,E65-N(F65))) | K65: =IF(AND(C65="",D65="",E65=""),"",IF(NOT(ISNUMBER(B65)),"Needs a date",IF(C65="","Needs a client",IF(COUNTIF(Clients!$B$6:$B$105,C65)=0,"Not on Clients",IF(NOT(ISNUMBER(D65)),"Needs the sessions",IF(AND(E65<>"",NOT(ISNUMBER(E65))),"Price not a number",IF(AND(ISNUMBER(E65),N(F65)>E65),"Paid more than the price",""))))))) | L65: =IF(ISNUMBER(B65),YEAR(B65)*100+MONTH(B65),"") | M65: =IF(AND(K65="",C65<>""),1,0) | N65: =IF(AND(M65=1,ISNUMBER(G65)),INT(G65),0)
I66: =IF(OR(N(D66)<=0,NOT(ISNUMBER(E66))),"",E66/D66) | J66: =IF(OR(C66="",NOT(ISNUMBER(E66))),"",MAX(0,E66-N(F66))) | K66: =IF(AND(C66="",D66="",E66=""),"",IF(NOT(ISNUMBER(B66)),"Needs a date",IF(C66="","Needs a client",IF(COUNTIF(Clients!$B$6:$B$105,C66)=0,"Not on Clients",IF(NOT(ISNUMBER(D66)),"Needs the sessions",IF(AND(E66<>"",NOT(ISNUMBER(E66))),"Price not a number",IF(AND(ISNUMBER(E66),N(F66)>E66),"Paid more than the price",""))))))) | L66: =IF(ISNUMBER(B66),YEAR(B66)*100+MONTH(B66),"") | M66: =IF(AND(K66="",C66<>""),1,0) | N66: =IF(AND(M66=1,ISNUMBER(G66)),INT(G66),0)
I67: =IF(OR(N(D67)<=0,NOT(ISNUMBER(E67))),"",E67/D67) | J67: =IF(OR(C67="",NOT(ISNUMBER(E67))),"",MAX(0,E67-N(F67))) | K67: =IF(AND(C67="",D67="",E67=""),"",IF(NOT(ISNUMBER(B67)),"Needs a date",IF(C67="","Needs a client",IF(COUNTIF(Clients!$B$6:$B$105,C67)=0,"Not on Clients",IF(NOT(ISNUMBER(D67)),"Needs the sessions",IF(AND(E67<>"",NOT(ISNUMBER(E67))),"Price not a number",IF(AND(ISNUMBER(E67),N(F67)>E67),"Paid more than the price",""))))))) | L67: =IF(ISNUMBER(B67),YEAR(B67)*100+MONTH(B67),"") | M67: =IF(AND(K67="",C67<>""),1,0) | N67: =IF(AND(M67=1,ISNUMBER(G67)),INT(G67),0)
I68: =IF(OR(N(D68)<=0,NOT(ISNUMBER(E68))),"",E68/D68) | J68: =IF(OR(C68="",NOT(ISNUMBER(E68))),"",MAX(0,E68-N(F68))) | K68: =IF(AND(C68="",D68="",E68=""),"",IF(NOT(ISNUMBER(B68)),"Needs a date",IF(C68="","Needs a client",IF(COUNTIF(Clients!$B$6:$B$105,C68)=0,"Not on Clients",IF(NOT(ISNUMBER(D68)),"Needs the sessions",IF(AND(E68<>"",NOT(ISNUMBER(E68))),"Price not a number",IF(AND(ISNUMBER(E68),N(F68)>E68),"Paid more than the price",""))))))) | L68: =IF(ISNUMBER(B68),YEAR(B68)*100+MONTH(B68),"") | M68: =IF(AND(K68="",C68<>""),1,0) | N68: =IF(AND(M68=1,ISNUMBER(G68)),INT(G68),0)
I69: =IF(OR(N(D69)<=0,NOT(ISNUMBER(E69))),"",E69/D69) | J69: =IF(OR(C69="",NOT(ISNUMBER(E69))),"",MAX(0,E69-N(F69))) | K69: =IF(AND(C69="",D69="",E69=""),"",IF(NOT(ISNUMBER(B69)),"Needs a date",IF(C69="","Needs a client",IF(COUNTIF(Clients!$B$6:$B$105,C69)=0,"Not on Clients",IF(NOT(ISNUMBER(D69)),"Needs the sessions",IF(AND(E69<>"",NOT(ISNUMBER(E69))),"Price not a number",IF(AND(ISNUMBER(E69),N(F69)>E69),"Paid more than the price",""))))))) | L69: =IF(ISNUMBER(B69),YEAR(B69)*100+MONTH(B69),"") | M69: =IF(AND(K69="",C69<>""),1,0) | N69: =IF(AND(M69=1,ISNUMBER(G69)),INT(G69),0)
... I505: =IF(OR(N(D505)<=0,NOT(ISNUMBER(E505))),"",E505/D505) | J505: =IF(OR(C505="",NOT(ISNUMBER(E505))),"",MAX(0,E505-N(F505))) | K505: =IF(AND(C505="",D505="",E505=""),"",IF(NOT(ISNUMBER(B505)),"Needs a date",IF(C505="","Needs a client",IF(COUNTIF(Clients!$B$6:$B$105,C505)=0,"Not on Clients",IF(NOT(ISNUMBER(D505)),"Needs the sessions",IF(AND(E505<>"",NOT(ISNUMBER(E505))),"Price not a number",IF(AND(ISNUMBER(E505),N(F505)>E505),"Paid more than the price",""))))))) | L505: =IF(ISNUMBER(B505),YEAR(B505)*100+MONTH(B505),"") | M505: =IF(AND(K505="",C505<>""),1,0) | N505: =IF(AND(M505=1,ISNUMBER(G505)),INT(G505),0)

Sheet Check-ins
B2: Check-ins
B3: Measurements and marks, as often as you check. Leave empty what you did not measure.
B5: Date | C5: Client | D5: ="Weight"&IF(Settings!$C$5="",""," ("&Settings!$C$5&")") | E5: Body fat % | F5: ="Waist"&IF(Settings!$C$6="",""," ("&Settings!$C$6&")") | G5: ="Hips"&IF(Settings!$C$6="",""," ("&Settings!$C$6&")") | H5: ="Chest"&IF(Settings!$C$6="",""," ("&Settings!$C$6&")") | I5: ="Arm"&IF(Settings!$C$6="",""," ("&Settings!$C$6&")") | J5: ="Thigh"&IF(Settings!$C$6="",""," ("&Settings!$C$6&")") | K5: =IF(Settings!$C$12="","Mark 1",Settings!$C$12) | L5: =IF(Settings!$C$13="","Mark 2",Settings!$C$13) | M5: =IF(Settings!$C$14="","Mark 3",Settings!$C$14) | N5: Note | O5: Check
B6: 45993 | C6: Hannah Brooks | D6: 58 | E6: 24 | F6: 68 | G6: 92 | H6: 86 | I6: 26 | J6: 52 | K6: 45 | L6: 15 | M6: 4.9 | N6: First check-in | O6: =IF(AND(B6="",C6=""),"",IF(NOT(ISNUMBER(B6)),"Needs a date",IF(C6="","Needs a client",IF(COUNTIF(Clients!$B$6:$B$105,C6)=0,"Not on Clients",IF(COUNT(D6:M6)=0,"Nothing measured",""))))) | P6: =IF(AND(O6="",ISNUMBER(B6)),INT(B6),0) | Q6: =IF(AND(P6>0,C6=Report!$C$5),P6*10000+ROW(),"") | R6: =IF(AND(Q6<>"",ISNUMBER(D6)),Q6,"") | S6: =IF(AND(Q6<>"",ISNUMBER(E6)),Q6,"") | T6: =IF(AND(Q6<>"",ISNUMBER(F6)),Q6,"") | U6: =IF(AND(Q6<>"",ISNUMBER(G6)),Q6,"") | V6: =IF(AND(Q6<>"",ISNUMBER(H6)),Q6,"") | W6: =IF(AND(Q6<>"",ISNUMBER(I6)),Q6,"") | X6: =IF(AND(Q6<>"",ISNUMBER(J6)),Q6,"") | Y6: =IF(AND(Q6<>"",ISNUMBER(K6)),Q6,"") | Z6: =IF(AND(Q6<>"",ISNUMBER(L6)),Q6,"") | AA6: =IF(AND(Q6<>"",ISNUMBER(M6)),Q6,"") | AB6: =IF(AND(Q6<>"",ISNUMBER(K6)),K6,"") | AC6: =IF(AND(Q6<>"",ISNUMBER(L6)),L6,"") | AD6: =IF(AND(Q6<>"",ISNUMBER(M6)),M6,"")
B7: 46021 | C7: Hannah Brooks | D7: 58 | E7: 23.9 | F7: 67.8 | K7: 46.7 | L7: 16 | M7: 4.9 | O7: =IF(AND(B7="",C7=""),"",IF(NOT(ISNUMBER(B7)),"Needs a date",IF(C7="","Needs a client",IF(COUNTIF(Clients!$B$6:$B$105,C7)=0,"Not on Clients",IF(COUNT(D7:M7)=0,"Nothing measured",""))))) | P7: =IF(AND(O7="",ISNUMBER(B7)),INT(B7),0) | Q7: =IF(AND(P7>0,C7=Report!$C$5),P7*10000+ROW(),"") | R7: =IF(AND(Q7<>"",ISNUMBER(D7)),Q7,"") | S7: =IF(AND(Q7<>"",ISNUMBER(E7)),Q7,"") | T7: =IF(AND(Q7<>"",ISNUMBER(F7)),Q7,"") | U7: =IF(AND(Q7<>"",ISNUMBER(G7)),Q7,"") | V7: =IF(AND(Q7<>"",ISNUMBER(H7)),Q7,"") | W7: =IF(AND(Q7<>"",ISNUMBER(I7)),Q7,"") | X7: =IF(AND(Q7<>"",ISNUMBER(J7)),Q7,"") | Y7: =IF(AND(Q7<>"",ISNUMBER(K7)),Q7,"") | Z7: =IF(AND(Q7<>"",ISNUMBER(L7)),Q7,"") | AA7: =IF(AND(Q7<>"",ISNUMBER(M7)),Q7,"") | AB7: =IF(AND(Q7<>"",ISNUMBER(K7)),K7,"") | AC7: =IF(AND(Q7<>"",ISNUMBER(L7)),L7,"") | AD7: =IF(AND(Q7<>"",ISNUMBER(M7)),M7,"")
B8: 46049 | C8: Hannah Brooks | D8: 58 | E8: 23.8 | F8: 67.6 | G8: 92 | H8: 86 | I8: 26 | J8: 52 | K8: 48.1 | L8: 16 | M8: 4.8 | O8: =IF(AND(B8="",C8=""),"",IF(NOT(ISNUMBER(B8)),"Needs a date",IF(C8="","Needs a client",IF(COUNTIF(Clients!$B$6:$B$105,C8)=0,"Not on Clients",IF(COUNT(D8:M8)=0,"Nothing measured",""))))) | P8: =IF(AND(O8="",ISNUMBER(B8)),INT(B8),0) | Q8: =IF(AND(P8>0,C8=Report!$C$5),P8*10000+ROW(),"") | R8: =IF(AND(Q8<>"",ISNUMBER(D8)),Q8,"") | S8: =IF(AND(Q8<>"",ISNUMBER(E8)),Q8,"") | T8: =IF(AND(Q8<>"",ISNUMBER(F8)),Q8,"") | U8: =IF(AND(Q8<>"",ISNUMBER(G8)),Q8,"") | V8: =IF(AND(Q8<>"",ISNUMBER(H8)),Q8,"") | W8: =IF(AND(Q8<>"",ISNUMBER(I8)),Q8,"") | X8: =IF(AND(Q8<>"",ISNUMBER(J8)),Q8,"") | Y8: =IF(AND(Q8<>"",ISNUMBER(K8)),Q8,"") | Z8: =IF(AND(Q8<>"",ISNUMBER(L8)),Q8,"") | AA8: =IF(AND(Q8<>"",ISNUMBER(M8)),Q8,"") | AB8: =IF(AND(Q8<>"",ISNUMBER(K8)),K8,"") | AC8: =IF(AND(Q8<>"",ISNUMBER(L8)),L8,"") | AD8: =IF(AND(Q8<>"",ISNUMBER(M8)),M8,"")
B9: 46053 | C9: Maya Ortiz | D9: 68 | E9: 27 | F9: 76 | G9: 98 | H9: 92 | I9: 29 | J9: 57 | K9: 50.1 | L9: 12 | M9: 4.9 | N9: First check-in | O9: =IF(AND(B9="",C9=""),"",IF(NOT(ISNUMBER(B9)),"Needs a date",IF(C9="","Needs a client",IF(COUNTIF(Clients!$B$6:$B$105,C9)=0,"Not on Clients",IF(COUNT(D9:M9)=0,"Nothing measured",""))))) | P9: =IF(AND(O9="",ISNUMBER(B9)),INT(B9),0) | Q9: =IF(AND(P9>0,C9=Report!$C$5),P9*10000+ROW(),"") | R9: =IF(AND(Q9<>"",ISNUMBER(D9)),Q9,"") | S9: =IF(AND(Q9<>"",ISNUMBER(E9)),Q9,"") | T9: =IF(AND(Q9<>"",ISNUMBER(F9)),Q9,"") | U9: =IF(AND(Q9<>"",ISNUMBER(G9)),Q9,"") | V9: =IF(AND(Q9<>"",ISNUMBER(H9)),Q9,"") | W9: =IF(AND(Q9<>"",ISNUMBER(I9)),Q9,"") | X9: =IF(AND(Q9<>"",ISNUMBER(J9)),Q9,"") | Y9: =IF(AND(Q9<>"",ISNUMBER(K9)),Q9,"") | Z9: =IF(AND(Q9<>"",ISNUMBER(L9)),Q9,"") | AA9: =IF(AND(Q9<>"",ISNUMBER(M9)),Q9,"") | AB9: =IF(AND(Q9<>"",ISNUMBER(K9)),K9,"") | AC9: =IF(AND(Q9<>"",ISNUMBER(L9)),L9,"") | AD9: =IF(AND(Q9<>"",ISNUMBER(M9)),M9,"")
B10: 46067 | C10: Maya Ortiz | D10: 67.8 | E10: 26.8 | F10: 75.8 | K10: 51.2 | L10: 12 | M10: 4.9 | O10: =IF(AND(B10="",C10=""),"",IF(NOT(ISNUMBER(B10)),"Needs a date",IF(C10="","Needs a client",IF(COUNTIF(Clients!$B$6:$B$105,C10)=0,"Not on Clients",IF(COUNT(D10:M10)=0,"Nothing measured",""))))) | P10: =IF(AND(O10="",ISNUMBER(B10)),INT(B10),0) | Q10: =IF(AND(P10>0,C10=Report!$C$5),P10*10000+ROW(),"") | R10: =IF(AND(Q10<>"",ISNUMBER(D10)),Q10,"") | S10: =IF(AND(Q10<>"",ISNUMBER(E10)),Q10,"") | T10: =IF(AND(Q10<>"",ISNUMBER(F10)),Q10,"") | U10: =IF(AND(Q10<>"",ISNUMBER(G10)),Q10,"") | V10: =IF(AND(Q10<>"",ISNUMBER(H10)),Q10,"") | W10: =IF(AND(Q10<>"",ISNUMBER(I10)),Q10,"") | X10: =IF(AND(Q10<>"",ISNUMBER(J10)),Q10,"") | Y10: =IF(AND(Q10<>"",ISNUMBER(K10)),Q10,"") | Z10: =IF(AND(Q10<>"",ISNUMBER(L10)),Q10,"") | AA10: =IF(AND(Q10<>"",ISNUMBER(M10)),Q10,"") | AB10: =IF(AND(Q10<>"",ISNUMBER(K10)),K10,"") | AC10: =IF(AND(Q10<>"",ISNUMBER(L10)),L10,"") | AD10: =IF(AND(Q10<>"",ISNUMBER(M10)),M10,"")
B11: 46077 | C11: Hannah Brooks | D11: 58 | E11: 23.6 | F11: 67.4 | K11: 49.7 | L11: 17 | M11: 4.8 | O11: =IF(AND(B11="",C11=""),"",IF(NOT(ISNUMBER(B11)),"Needs a date",IF(C11="","Needs a client",IF(COUNTIF(Clients!$B$6:$B$105,C11)=0,"Not on Clients",IF(COUNT(D11:M11)=0,"Nothing measured",""))))) | P11: =IF(AND(O11="",ISNUMBER(B11)),INT(B11),0) | Q11: =IF(AND(P11>0,C11=Report!$C$5),P11*10000+ROW(),"") | R11: =IF(AND(Q11<>"",ISNUMBER(D11)),Q11,"") | S11: =IF(AND(Q11<>"",ISNUMBER(E11)),Q11,"") | T11: =IF(AND(Q11<>"",ISNUMBER(F11)),Q11,"") | U11: =IF(AND(Q11<>"",ISNUMBER(G11)),Q11,"") | V11: =IF(AND(Q11<>"",ISNUMBER(H11)),Q11,"") | W11: =IF(AND(Q11<>"",ISNUMBER(I11)),Q11,"") | X11: =IF(AND(Q11<>"",ISNUMBER(J11)),Q11,"") | Y11: =IF(AND(Q11<>"",ISNUMBER(K11)),Q11,"") | Z11: =IF(AND(Q11<>"",ISNUMBER(L11)),Q11,"") | AA11: =IF(AND(Q11<>"",ISNUMBER(M11)),Q11,"") | AB11: =IF(AND(Q11<>"",ISNUMBER(K11)),K11,"") | AC11: =IF(AND(Q11<>"",ISNUMBER(L11)),L11,"") | AD11: =IF(AND(Q11<>"",ISNUMBER(M11)),M11,"")
B12: 46081 | C12: Maya Ortiz | D12: 67.6 | E12: 26.7 | F12: 75.5 | G12: 97.7 | H12: 92 | I12: 29.1 | J12: 56.8 | K12: 52.6 | L12: 13 | M12: 4.9 | O12: =IF(AND(B12="",C12=""),"",IF(NOT(ISNUMBER(B12)),"Needs a date",IF(C12="","Needs a client",IF(COUNTIF(Clients!$B$6:$B$105,C12)=0,"Not on Clients",IF(COUNT(D12:M12)=0,"Nothing measured",""))))) | P12: =IF(AND(O12="",ISNUMBER(B12)),INT(B12),0) | Q12: =IF(AND(P12>0,C12=Report!$C$5),P12*10000+ROW(),"") | R12: =IF(AND(Q12<>"",ISNUMBER(D12)),Q12,"") | S12: =IF(AND(Q12<>"",ISNUMBER(E12)),Q12,"") | T12: =IF(AND(Q12<>"",ISNUMBER(F12)),Q12,"") | U12: =IF(AND(Q12<>"",ISNUMBER(G12)),Q12,"") | V12: =IF(AND(Q12<>"",ISNUMBER(H12)),Q12,"") | W12: =IF(AND(Q12<>"",ISNUMBER(I12)),Q12,"") | X12: =IF(AND(Q12<>"",ISNUMBER(J12)),Q12,"") | Y12: =IF(AND(Q12<>"",ISNUMBER(K12)),Q12,"") | Z12: =IF(AND(Q12<>"",ISNUMBER(L12)),Q12,"") | AA12: =IF(AND(Q12<>"",ISNUMBER(M12)),Q12,"") | AB12: =IF(AND(Q12<>"",ISNUMBER(K12)),K12,"") | AC12: =IF(AND(Q12<>"",ISNUMBER(L12)),L12,"") | AD12: =IF(AND(Q12<>"",ISNUMBER(M12)),M12,"")
B13: 46093 | C13: Ben Carter | D13: 96 | E13: 29.1 | F13: 102 | G13: 108 | H13: 110.1 | I13: 35 | J13: 62 | K13: 69.8 | L13: 15 | M13: 5.2 | N13: First check-in | O13: =IF(AND(B13="",C13=""),"",IF(NOT(ISNUMBER(B13)),"Needs a date",IF(C13="","Needs a client",IF(COUNTIF(Clients!$B$6:$B$105,C13)=0,"Not on Clients",IF(COUNT(D13:M13)=0,"Nothing measured",""))))) | P13: =IF(AND(O13="",ISNUMBER(B13)),INT(B13),0) | Q13: =IF(AND(P13>0,C13=Report!$C$5),P13*10000+ROW(),"") | R13: =IF(AND(Q13<>"",ISNUMBER(D13)),Q13,"") | S13: =IF(AND(Q13<>"",ISNUMBER(E13)),Q13,"") | T13: =IF(AND(Q13<>"",ISNUMBER(F13)),Q13,"") | U13: =IF(AND(Q13<>"",ISNUMBER(G13)),Q13,"") | V13: =IF(AND(Q13<>"",ISNUMBER(H13)),Q13,"") | W13: =IF(AND(Q13<>"",ISNUMBER(I13)),Q13,"") | X13: =IF(AND(Q13<>"",ISNUMBER(J13)),Q13,"") | Y13: =IF(AND(Q13<>"",ISNUMBER(K13)),Q13,"") | Z13: =IF(AND(Q13<>"",ISNUMBER(L13)),Q13,"") | AA13: =IF(AND(Q13<>"",ISNUMBER(M13)),Q13,"") | AB13: =IF(AND(Q13<>"",ISNUMBER(K13)),K13,"") | AC13: =IF(AND(Q13<>"",ISNUMBER(L13)),L13,"") | AD13: =IF(AND(Q13<>"",ISNUMBER(M13)),M13,"")
B14: 46095 | C14: Maya Ortiz | D14: 67.5 | E14: 26.5 | F14: 75.3 | K14: 54.3 | L14: 14 | M14: 4.8 | O14: =IF(AND(B14="",C14=""),"",IF(NOT(ISNUMBER(B14)),"Needs a date",IF(C14="","Needs a client",IF(COUNTIF(Clients!$B$6:$B$105,C14)=0,"Not on Clients",IF(COUNT(D14:M14)=0,"Nothing measured",""))))) | P14: =IF(AND(O14="",ISNUMBER(B14)),INT(B14),0) | Q14: =IF(AND(P14>0,C14=Report!$C$5),P14*10000+ROW(),"") | R14: =IF(AND(Q14<>"",ISNUMBER(D14)),Q14,"") | S14: =IF(AND(Q14<>"",ISNUMBER(E14)),Q14,"") | T14: =IF(AND(Q14<>"",ISNUMBER(F14)),Q14,"") | U14: =IF(AND(Q14<>"",ISNUMBER(G14)),Q14,"") | V14: =IF(AND(Q14<>"",ISNUMBER(H14)),Q14,"") | W14: =IF(AND(Q14<>"",ISNUMBER(I14)),Q14,"") | X14: =IF(AND(Q14<>"",ISNUMBER(J14)),Q14,"") | Y14: =IF(AND(Q14<>"",ISNUMBER(K14)),Q14,"") | Z14: =IF(AND(Q14<>"",ISNUMBER(L14)),Q14,"") | AA14: =IF(AND(Q14<>"",ISNUMBER(M14)),Q14,"") | AB14: =IF(AND(Q14<>"",ISNUMBER(K14)),K14,"") | AC14: =IF(AND(Q14<>"",ISNUMBER(L14)),L14,"") | AD14: =IF(AND(Q14<>"",ISNUMBER(M14)),M14,"")
B15: 46105 | C15: Hannah Brooks | D15: 58 | E15: 23.5 | F15: 67.2 | G15: 92 | H15: 86 | I15: 26 | J15: 52 | K15: 51.4 | L15: 18 | M15: 4.8 | O15: =IF(AND(B15="",C15=""),"",IF(NOT(ISNUMBER(B15)),"Needs a date",IF(C15="","Needs a client",IF(COUNTIF(Clients!$B$6:$B$105,C15)=0,"Not on Clients",IF(COUNT(D15:M15)=0,"Nothing measured",""))))) | P15: =IF(AND(O15="",ISNUMBER(B15)),INT(B15),0) | Q15: =IF(AND(P15>0,C15=Report!$C$5),P15*10000+ROW(),"") | R15: =IF(AND(Q15<>"",ISNUMBER(D15)),Q15,"") | S15: =IF(AND(Q15<>"",ISNUMBER(E15)),Q15,"") | T15: =IF(AND(Q15<>"",ISNUMBER(F15)),Q15,"") | U15: =IF(AND(Q15<>"",ISNUMBER(G15)),Q15,"") | V15: =IF(AND(Q15<>"",ISNUMBER(H15)),Q15,"") | W15: =IF(AND(Q15<>"",ISNUMBER(I15)),Q15,"") | X15: =IF(AND(Q15<>"",ISNUMBER(J15)),Q15,"") | Y15: =IF(AND(Q15<>"",ISNUMBER(K15)),Q15,"") | Z15: =IF(AND(Q15<>"",ISNUMBER(L15)),Q15,"") | AA15: =IF(AND(Q15<>"",ISNUMBER(M15)),Q15,"") | AB15: =IF(AND(Q15<>"",ISNUMBER(K15)),K15,"") | AC15: =IF(AND(Q15<>"",ISNUMBER(L15)),L15,"") | AD15: =IF(AND(Q15<>"",ISNUMBER(M15)),M15,"")
B16: 46109 | C16: Maya Ortiz | D16: 67.3 | E16: 26.4 | F16: 75 | G16: 97.3 | H16: 92 | I16: 29.3 | J16: 56.6 | K16: 55.5 | L16: 14 | M16: 4.8 | O16: =IF(AND(B16="",C16=""),"",IF(NOT(ISNUMBER(B16)),"Needs a date",IF(C16="","Needs a client",IF(COUNTIF(Clients!$B$6:$B$105,C16)=0,"Not on Clients",IF(COUNT(D16:M16)=0,"Nothing measured",""))))) | P16: =IF(AND(O16="",ISNUMBER(B16)),INT(B16),0) | Q16: =IF(AND(P16>0,C16=Report!$C$5),P16*10000+ROW(),"") | R16: =IF(AND(Q16<>"",ISNUMBER(D16)),Q16,"") | S16: =IF(AND(Q16<>"",ISNUMBER(E16)),Q16,"") | T16: =IF(AND(Q16<>"",ISNUMBER(F16)),Q16,"") | U16: =IF(AND(Q16<>"",ISNUMBER(G16)),Q16,"") | V16: =IF(AND(Q16<>"",ISNUMBER(H16)),Q16,"") | W16: =IF(AND(Q16<>"",ISNUMBER(I16)),Q16,"") | X16: =IF(AND(Q16<>"",ISNUMBER(J16)),Q16,"") | Y16: =IF(AND(Q16<>"",ISNUMBER(K16)),Q16,"") | Z16: =IF(AND(Q16<>"",ISNUMBER(L16)),Q16,"") | AA16: =IF(AND(Q16<>"",ISNUMBER(M16)),Q16,"") | AB16: =IF(AND(Q16<>"",ISNUMBER(K16)),K16,"") | AC16: =IF(AND(Q16<>"",ISNUMBER(L16)),L16,"") | AD16: =IF(AND(Q16<>"",ISNUMBER(M16)),M16,"")
B17: 46113 | C17: Priya Nair | D17: 61 | E17: 25 | F17: 70 | G17: 95 | H17: 88 | I17: 27 | J17: 54 | K17: 35 | L17: 5 | M17: 5.4 | N17: First check-in | O17: =IF(AND(B17="",C17=""),"",IF(NOT(ISNUMBER(B17)),"Needs a date",IF(C17="","Needs a client",IF(COUNTIF(Clients!$B$6:$B$105,C17)=0,"Not on Clients",IF(COUNT(D17:M17)=0,"Nothing measured",""))))) | P17: =IF(AND(O17="",ISNUMBER(B17)),INT(B17),0) | Q17: =IF(AND(P17>0,C17=Report!$C$5),P17*10000+ROW(),"") | R17: =IF(AND(Q17<>"",ISNUMBER(D17)),Q17,"") | S17: =IF(AND(Q17<>"",ISNUMBER(E17)),Q17,"") | T17: =IF(AND(Q17<>"",ISNUMBER(F17)),Q17,"") | U17: =IF(AND(Q17<>"",ISNUMBER(G17)),Q17,"") | V17: =IF(AND(Q17<>"",ISNUMBER(H17)),Q17,"") | W17: =IF(AND(Q17<>"",ISNUMBER(I17)),Q17,"") | X17: =IF(AND(Q17<>"",ISNUMBER(J17)),Q17,"") | Y17: =IF(AND(Q17<>"",ISNUMBER(K17)),Q17,"") | Z17: =IF(AND(Q17<>"",ISNUMBER(L17)),Q17,"") | AA17: =IF(AND(Q17<>"",ISNUMBER(M17)),Q17,"") | AB17: =IF(AND(Q17<>"",ISNUMBER(K17)),K17,"") | AC17: =IF(AND(Q17<>"",ISNUMBER(L17)),L17,"") | AD17: =IF(AND(Q17<>"",ISNUMBER(M17)),M17,"")
B18: 46121 | C18: Ben Carter | D18: 94.8 | E18: 28.5 | F18: 100.7 | K18: 72.4 | L18: 16 | M18: 5.1 | O18: =IF(AND(B18="",C18=""),"",IF(NOT(ISNUMBER(B18)),"Needs a date",IF(C18="","Needs a client",IF(COUNTIF(Clients!$B$6:$B$105,C18)=0,"Not on Clients",IF(COUNT(D18:M18)=0,"Nothing measured",""))))) | P18: =IF(AND(O18="",ISNUMBER(B18)),INT(B18),0) | Q18: =IF(AND(P18>0,C18=Report!$C$5),P18*10000+ROW(),"") | R18: =IF(AND(Q18<>"",ISNUMBER(D18)),Q18,"") | S18: =IF(AND(Q18<>"",ISNUMBER(E18)),Q18,"") | T18: =IF(AND(Q18<>"",ISNUMBER(F18)),Q18,"") | U18: =IF(AND(Q18<>"",ISNUMBER(G18)),Q18,"") | V18: =IF(AND(Q18<>"",ISNUMBER(H18)),Q18,"") | W18: =IF(AND(Q18<>"",ISNUMBER(I18)),Q18,"") | X18: =IF(AND(Q18<>"",ISNUMBER(J18)),Q18,"") | Y18: =IF(AND(Q18<>"",ISNUMBER(K18)),Q18,"") | Z18: =IF(AND(Q18<>"",ISNUMBER(L18)),Q18,"") | AA18: =IF(AND(Q18<>"",ISNUMBER(M18)),Q18,"") | AB18: =IF(AND(Q18<>"",ISNUMBER(K18)),K18,"") | AC18: =IF(AND(Q18<>"",ISNUMBER(L18)),L18,"") | AD18: =IF(AND(Q18<>"",ISNUMBER(M18)),M18,"")
B19: 46123 | C19: Maya Ortiz | D19: 67.2 | E19: 26.2 | F19: 74.8 | K19: 57 | L19: 14 | M19: 4.8 | O19: =IF(AND(B19="",C19=""),"",IF(NOT(ISNUMBER(B19)),"Needs a date",IF(C19="","Needs a client",IF(COUNTIF(Clients!$B$6:$B$105,C19)=0,"Not on Clients",IF(COUNT(D19:M19)=0,"Nothing measured",""))))) | P19: =IF(AND(O19="",ISNUMBER(B19)),INT(B19),0) | Q19: =IF(AND(P19>0,C19=Report!$C$5),P19*10000+ROW(),"") | R19: =IF(AND(Q19<>"",ISNUMBER(D19)),Q19,"") | S19: =IF(AND(Q19<>"",ISNUMBER(E19)),Q19,"") | T19: =IF(AND(Q19<>"",ISNUMBER(F19)),Q19,"") | U19: =IF(AND(Q19<>"",ISNUMBER(G19)),Q19,"") | V19: =IF(AND(Q19<>"",ISNUMBER(H19)),Q19,"") | W19: =IF(AND(Q19<>"",ISNUMBER(I19)),Q19,"") | X19: =IF(AND(Q19<>"",ISNUMBER(J19)),Q19,"") | Y19: =IF(AND(Q19<>"",ISNUMBER(K19)),Q19,"") | Z19: =IF(AND(Q19<>"",ISNUMBER(L19)),Q19,"") | AA19: =IF(AND(Q19<>"",ISNUMBER(M19)),Q19,"") | AB19: =IF(AND(Q19<>"",ISNUMBER(K19)),K19,"") | AC19: =IF(AND(Q19<>"",ISNUMBER(L19)),L19,"") | AD19: =IF(AND(Q19<>"",ISNUMBER(M19)),M19,"")
B20: 46133 | C20: Hannah Brooks | D20: 58 | E20: 23.4 | F20: 67 | K20: 52.9 | L20: 18 | M20: 4.8 | O20: =IF(AND(B20="",C20=""),"",IF(NOT(ISNUMBER(B20)),"Needs a date",IF(C20="","Needs a client",IF(COUNTIF(Clients!$B$6:$B$105,C20)=0,"Not on Clients",IF(COUNT(D20:M20)=0,"Nothing measured",""))))) | P20: =IF(AND(O20="",ISNUMBER(B20)),INT(B20),0) | Q20: =IF(AND(P20>0,C20=Report!$C$5),P20*10000+ROW(),"") | R20: =IF(AND(Q20<>"",ISNUMBER(D20)),Q20,"") | S20: =IF(AND(Q20<>"",ISNUMBER(E20)),Q20,"") | T20: =IF(AND(Q20<>"",ISNUMBER(F20)),Q20,"") | U20: =IF(AND(Q20<>"",ISNUMBER(G20)),Q20,"") | V20: =IF(AND(Q20<>"",ISNUMBER(H20)),Q20,"") | W20: =IF(AND(Q20<>"",ISNUMBER(I20)),Q20,"") | X20: =IF(AND(Q20<>"",ISNUMBER(J20)),Q20,"") | Y20: =IF(AND(Q20<>"",ISNUMBER(K20)),Q20,"") | Z20: =IF(AND(Q20<>"",ISNUMBER(L20)),Q20,"") | AA20: =IF(AND(Q20<>"",ISNUMBER(M20)),Q20,"") | AB20: =IF(AND(Q20<>"",ISNUMBER(K20)),K20,"") | AC20: =IF(AND(Q20<>"",ISNUMBER(L20)),L20,"") | AD20: =IF(AND(Q20<>"",ISNUMBER(M20)),M20,"")
B21: 46137 | C21: Maya Ortiz | D21: 67 | E21: 26 | F21: 74.6 | G21: 97.1 | H21: 92 | I21: 29.3 | J21: 56.4 | K21: 58.5 | L21: 15 | M21: 4.8 | O21: =IF(AND(B21="",C21=""),"",IF(NOT(ISNUMBER(B21)),"Needs a date",IF(C21="","Needs a client",IF(COUNTIF(Clients!$B$6:$B$105,C21)=0,"Not on Clients",IF(COUNT(D21:M21)=0,"Nothing measured",""))))) | P21: =IF(AND(O21="",ISNUMBER(B21)),INT(B21),0) | Q21: =IF(AND(P21>0,C21=Report!$C$5),P21*10000+ROW(),"") | R21: =IF(AND(Q21<>"",ISNUMBER(D21)),Q21,"") | S21: =IF(AND(Q21<>"",ISNUMBER(E21)),Q21,"") | T21: =IF(AND(Q21<>"",ISNUMBER(F21)),Q21,"") | U21: =IF(AND(Q21<>"",ISNUMBER(G21)),Q21,"") | V21: =IF(AND(Q21<>"",ISNUMBER(H21)),Q21,"") | W21: =IF(AND(Q21<>"",ISNUMBER(I21)),Q21,"") | X21: =IF(AND(Q21<>"",ISNUMBER(J21)),Q21,"") | Y21: =IF(AND(Q21<>"",ISNUMBER(K21)),Q21,"") | Z21: =IF(AND(Q21<>"",ISNUMBER(L21)),Q21,"") | AA21: =IF(AND(Q21<>"",ISNUMBER(M21)),Q21,"") | AB21: =IF(AND(Q21<>"",ISNUMBER(K21)),K21,"") | AC21: =IF(AND(Q21<>"",ISNUMBER(L21)),L21,"") | AD21: =IF(AND(Q21<>"",ISNUMBER(M21)),M21,"")
B22: 46141 | C22: Priya Nair | D22: 61 | E22: 24.8 | F22: 69.8 | K22: 37.2 | L22: 6 | M22: 5.3 | O22: =IF(AND(B22="",C22=""),"",IF(NOT(ISNUMBER(B22)),"Needs a date",IF(C22="","Needs a client",IF(COUNTIF(Clients!$B$6:$B$105,C22)=0,"Not on Clients",IF(COUNT(D22:M22)=0,"Nothing measured",""))))) | P22: =IF(AND(O22="",ISNUMBER(B22)),INT(B22),0) | Q22: =IF(AND(P22>0,C22=Report!$C$5),P22*10000+ROW(),"") | R22: =IF(AND(Q22<>"",ISNUMBER(D22)),Q22,"") | S22: =IF(AND(Q22<>"",ISNUMBER(E22)),Q22,"") | T22: =IF(AND(Q22<>"",ISNUMBER(F22)),Q22,"") | U22: =IF(AND(Q22<>"",ISNUMBER(G22)),Q22,"") | V22: =IF(AND(Q22<>"",ISNUMBER(H22)),Q22,"") | W22: =IF(AND(Q22<>"",ISNUMBER(I22)),Q22,"") | X22: =IF(AND(Q22<>"",ISNUMBER(J22)),Q22,"") | Y22: =IF(AND(Q22<>"",ISNUMBER(K22)),Q22,"") | Z22: =IF(AND(Q22<>"",ISNUMBER(L22)),Q22,"") | AA22: =IF(AND(Q22<>"",ISNUMBER(M22)),Q22,"") | AB22: =IF(AND(Q22<>"",ISNUMBER(K22)),K22,"") | AC22: =IF(AND(Q22<>"",ISNUMBER(L22)),L22,"") | AD22: =IF(AND(Q22<>"",ISNUMBER(M22)),M22,"")
B23: 46143 | C23: Tom Walsh | D23: 78 | E23: 20 | F23: 84 | G23: 97 | H23: 100 | I23: 32 | J23: 56 | K23: 80 | L23: 25 | M23: 4.6 | N23: First check-in | O23: =IF(AND(B23="",C23=""),"",IF(NOT(ISNUMBER(B23)),"Needs a date",IF(C23="","Needs a client",IF(COUNTIF(Clients!$B$6:$B$105,C23)=0,"Not on Clients",IF(COUNT(D23:M23)=0,"Nothing measured",""))))) | P23: =IF(AND(O23="",ISNUMBER(B23)),INT(B23),0) | Q23: =IF(AND(P23>0,C23=Report!$C$5),P23*10000+ROW(),"") | R23: =IF(AND(Q23<>"",ISNUMBER(D23)),Q23,"") | S23: =IF(AND(Q23<>"",ISNUMBER(E23)),Q23,"") | T23: =IF(AND(Q23<>"",ISNUMBER(F23)),Q23,"") | U23: =IF(AND(Q23<>"",ISNUMBER(G23)),Q23,"") | V23: =IF(AND(Q23<>"",ISNUMBER(H23)),Q23,"") | W23: =IF(AND(Q23<>"",ISNUMBER(I23)),Q23,"") | X23: =IF(AND(Q23<>"",ISNUMBER(J23)),Q23,"") | Y23: =IF(AND(Q23<>"",ISNUMBER(K23)),Q23,"") | Z23: =IF(AND(Q23<>"",ISNUMBER(L23)),Q23,"") | AA23: =IF(AND(Q23<>"",ISNUMBER(M23)),Q23,"") | AB23: =IF(AND(Q23<>"",ISNUMBER(K23)),K23,"") | AC23: =IF(AND(Q23<>"",ISNUMBER(L23)),L23,"") | AD23: =IF(AND(Q23<>"",ISNUMBER(M23)),M23,"")
B24: 46143 | C24: Grace Kim | D24: 64 | E24: 28 | F24: 71.9 | G24: 96 | H24: 89 | I24: 28 | J24: 55 | K24: 40.1 | L24: 6 | M24: 5.3 | N24: First check-in | O24: =IF(AND(B24="",C24=""),"",IF(NOT(ISNUMBER(B24)),"Needs a date",IF(C24="","Needs a client",IF(COUNTIF(Clients!$B$6:$B$105,C24)=0,"Not on Clients",IF(COUNT(D24:M24)=0,"Nothing measured",""))))) | P24: =IF(AND(O24="",ISNUMBER(B24)),INT(B24),0) | Q24: =IF(AND(P24>0,C24=Report!$C$5),P24*10000+ROW(),"") | R24: =IF(AND(Q24<>"",ISNUMBER(D24)),Q24,"") | S24: =IF(AND(Q24<>"",ISNUMBER(E24)),Q24,"") | T24: =IF(AND(Q24<>"",ISNUMBER(F24)),Q24,"") | U24: =IF(AND(Q24<>"",ISNUMBER(G24)),Q24,"") | V24: =IF(AND(Q24<>"",ISNUMBER(H24)),Q24,"") | W24: =IF(AND(Q24<>"",ISNUMBER(I24)),Q24,"") | X24: =IF(AND(Q24<>"",ISNUMBER(J24)),Q24,"") | Y24: =IF(AND(Q24<>"",ISNUMBER(K24)),Q24,"") | Z24: =IF(AND(Q24<>"",ISNUMBER(L24)),Q24,"") | AA24: =IF(AND(Q24<>"",ISNUMBER(M24)),Q24,"") | AB24: =IF(AND(Q24<>"",ISNUMBER(K24)),K24,"") | AC24: =IF(AND(Q24<>"",ISNUMBER(L24)),L24,"") | AD24: =IF(AND(Q24<>"",ISNUMBER(M24)),M24,"")
B25: 46149 | C25: Ben Carter | D25: 93.7 | E25: 28 | F25: 99.6 | G25: 106.8 | H25: 109.1 | I25: 35 | J25: 61.2 | K25: 74.8 | L25: 17 | M25: 5.1 | O25: =IF(AND(B25="",C25=""),"",IF(NOT(ISNUMBER(B25)),"Needs a date",IF(C25="","Needs a client",IF(COUNTIF(Clients!$B$6:$B$105,C25)=0,"Not on Clients",IF(COUNT(D25:M25)=0,"Nothing measured",""))))) | P25: =IF(AND(O25="",ISNUMBER(B25)),INT(B25),0) | Q25: =IF(AND(P25>0,C25=Report!$C$5),P25*10000+ROW(),"") | R25: =IF(AND(Q25<>"",ISNUMBER(D25)),Q25,"") | S25: =IF(AND(Q25<>"",ISNUMBER(E25)),Q25,"") | T25: =IF(AND(Q25<>"",ISNUMBER(F25)),Q25,"") | U25: =IF(AND(Q25<>"",ISNUMBER(G25)),Q25,"") | V25: =IF(AND(Q25<>"",ISNUMBER(H25)),Q25,"") | W25: =IF(AND(Q25<>"",ISNUMBER(I25)),Q25,"") | X25: =IF(AND(Q25<>"",ISNUMBER(J25)),Q25,"") | Y25: =IF(AND(Q25<>"",ISNUMBER(K25)),Q25,"") | Z25: =IF(AND(Q25<>"",ISNUMBER(L25)),Q25,"") | AA25: =IF(AND(Q25<>"",ISNUMBER(M25)),Q25,"") | AB25: =IF(AND(Q25<>"",ISNUMBER(K25)),K25,"") | AC25: =IF(AND(Q25<>"",ISNUMBER(L25)),L25,"") | AD25: =IF(AND(Q25<>"",ISNUMBER(M25)),M25,"")
B26: 46151 | C26: Maya Ortiz | D26: 66.9 | E26: 25.9 | F26: 74.3 | K26: 60 | L26: 15 | M26: 4.7 | O26: =IF(AND(B26="",C26=""),"",IF(NOT(ISNUMBER(B26)),"Needs a date",IF(C26="","Needs a client",IF(COUNTIF(Clients!$B$6:$B$105,C26)=0,"Not on Clients",IF(COUNT(D26:M26)=0,"Nothing measured",""))))) | P26: =IF(AND(O26="",ISNUMBER(B26)),INT(B26),0) | Q26: =IF(AND(P26>0,C26=Report!$C$5),P26*10000+ROW(),"") | R26: =IF(AND(Q26<>"",ISNUMBER(D26)),Q26,"") | S26: =IF(AND(Q26<>"",ISNUMBER(E26)),Q26,"") | T26: =IF(AND(Q26<>"",ISNUMBER(F26)),Q26,"") | U26: =IF(AND(Q26<>"",ISNUMBER(G26)),Q26,"") | V26: =IF(AND(Q26<>"",ISNUMBER(H26)),Q26,"") | W26: =IF(AND(Q26<>"",ISNUMBER(I26)),Q26,"") | X26: =IF(AND(Q26<>"",ISNUMBER(J26)),Q26,"") | Y26: =IF(AND(Q26<>"",ISNUMBER(K26)),Q26,"") | Z26: =IF(AND(Q26<>"",ISNUMBER(L26)),Q26,"") | AA26: =IF(AND(Q26<>"",ISNUMBER(M26)),Q26,"") | AB26: =IF(AND(Q26<>"",ISNUMBER(K26)),K26,"") | AC26: =IF(AND(Q26<>"",ISNUMBER(L26)),L26,"") | AD26: =IF(AND(Q26<>"",ISNUMBER(M26)),M26,"")
B27: 46161 | C27: Hannah Brooks | D27: 58 | E27: 23.2 | F27: 66.8 | G27: 92 | H27: 86 | I27: 26 | J27: 52 | K27: 54.7 | L27: 19 | M27: 4.8 | O27: =IF(AND(B27="",C27=""),"",IF(NOT(ISNUMBER(B27)),"Needs a date",IF(C27="","Needs a client",IF(COUNTIF(Clients!$B$6:$B$105,C27)=0,"Not on Clients",IF(COUNT(D27:M27)=0,"Nothing measured",""))))) | P27: =IF(AND(O27="",ISNUMBER(B27)),INT(B27),0) | Q27: =IF(AND(P27>0,C27=Report!$C$5),P27*10000+ROW(),"") | R27: =IF(AND(Q27<>"",ISNUMBER(D27)),Q27,"") | S27: =IF(AND(Q27<>"",ISNUMBER(E27)),Q27,"") | T27: =IF(AND(Q27<>"",ISNUMBER(F27)),Q27,"") | U27: =IF(AND(Q27<>"",ISNUMBER(G27)),Q27,"") | V27: =IF(AND(Q27<>"",ISNUMBER(H27)),Q27,"") | W27: =IF(AND(Q27<>"",ISNUMBER(I27)),Q27,"") | X27: =IF(AND(Q27<>"",ISNUMBER(J27)),Q27,"") | Y27: =IF(AND(Q27<>"",ISNUMBER(K27)),Q27,"") | Z27: =IF(AND(Q27<>"",ISNUMBER(L27)),Q27,"") | AA27: =IF(AND(Q27<>"",ISNUMBER(M27)),Q27,"") | AB27: =IF(AND(Q27<>"",ISNUMBER(K27)),K27,"") | AC27: =IF(AND(Q27<>"",ISNUMBER(L27)),L27,"") | AD27: =IF(AND(Q27<>"",ISNUMBER(M27)),M27,"")
B28: 46165 | C28: Maya Ortiz | D28: 66.7 | E28: 25.7 | F28: 74 | G28: 96.7 | H28: 92 | I28: 29.5 | J28: 56.2 | K28: 61.1 | L28: 16 | M28: 4.7 | O28: =IF(AND(B28="",C28=""),"",IF(NOT(ISNUMBER(B28)),"Needs a date",IF(C28="","Needs a client",IF(COUNTIF(Clients!$B$6:$B$105,C28)=0,"Not on Clients",IF(COUNT(D28:M28)=0,"Nothing measured",""))))) | P28: =IF(AND(O28="",ISNUMBER(B28)),INT(B28),0) | Q28: =IF(AND(P28>0,C28=Report!$C$5),P28*10000+ROW(),"") | R28: =IF(AND(Q28<>"",ISNUMBER(D28)),Q28,"") | S28: =IF(AND(Q28<>"",ISNUMBER(E28)),Q28,"") | T28: =IF(AND(Q28<>"",ISNUMBER(F28)),Q28,"") | U28: =IF(AND(Q28<>"",ISNUMBER(G28)),Q28,"") | V28: =IF(AND(Q28<>"",ISNUMBER(H28)),Q28,"") | W28: =IF(AND(Q28<>"",ISNUMBER(I28)),Q28,"") | X28: =IF(AND(Q28<>"",ISNUMBER(J28)),Q28,"") | Y28: =IF(AND(Q28<>"",ISNUMBER(K28)),Q28,"") | Z28: =IF(AND(Q28<>"",ISNUMBER(L28)),Q28,"") | AA28: =IF(AND(Q28<>"",ISNUMBER(M28)),Q28,"") | AB28: =IF(AND(Q28<>"",ISNUMBER(K28)),K28,"") | AC28: =IF(AND(Q28<>"",ISNUMBER(L28)),L28,"") | AD28: =IF(AND(Q28<>"",ISNUMBER(M28)),M28,"")
B29: 46169 | C29: Priya Nair | D29: 61 | E29: 24.6 | F29: 69.6 | G29: 95 | H29: 88 | I29: 27.3 | J29: 54 | K29: 40 | L29: 7 | M29: 5.3 | O29: =IF(AND(B29="",C29=""),"",IF(NOT(ISNUMBER(B29)),"Needs a date",IF(C29="","Needs a client",IF(COUNTIF(Clients!$B$6:$B$105,C29)=0,"Not on Clients",IF(COUNT(D29:M29)=0,"Nothing measured",""))))) | P29: =IF(AND(O29="",ISNUMBER(B29)),INT(B29),0) | Q29: =IF(AND(P29>0,C29=Report!$C$5),P29*10000+ROW(),"") | R29: =IF(AND(Q29<>"",ISNUMBER(D29)),Q29,"") | S29: =IF(AND(Q29<>"",ISNUMBER(E29)),Q29,"") | T29: =IF(AND(Q29<>"",ISNUMBER(F29)),Q29,"") | U29: =IF(AND(Q29<>"",ISNUMBER(G29)),Q29,"") | V29: =IF(AND(Q29<>"",ISNUMBER(H29)),Q29,"") | W29: =IF(AND(Q29<>"",ISNUMBER(I29)),Q29,"") | X29: =IF(AND(Q29<>"",ISNUMBER(J29)),Q29,"") | Y29: =IF(AND(Q29<>"",ISNUMBER(K29)),Q29,"") | Z29: =IF(AND(Q29<>"",ISNUMBER(L29)),Q29,"") | AA29: =IF(AND(Q29<>"",ISNUMBER(M29)),Q29,"") | AB29: =IF(AND(Q29<>"",ISNUMBER(K29)),K29,"") | AC29: =IF(AND(Q29<>"",ISNUMBER(L29)),L29,"") | AD29: =IF(AND(Q29<>"",ISNUMBER(M29)),M29,"")
B30: 46171 | C30: Tom Walsh | D30: 77.8 | E30: 19.8 | F30: 83.8 | K30: 82.1 | L30: 26 | M30: 4.6 | O30: =IF(AND(B30="",C30=""),"",IF(NOT(ISNUMBER(B30)),"Needs a date",IF(C30="","Needs a client",IF(COUNTIF(Clients!$B$6:$B$105,C30)=0,"Not on Clients",IF(COUNT(D30:M30)=0,"Nothing measured",""))))) | P30: =IF(AND(O30="",ISNUMBER(B30)),INT(B30),0) | Q30: =IF(AND(P30>0,C30=Report!$C$5),P30*10000+ROW(),"") | R30: =IF(AND(Q30<>"",ISNUMBER(D30)),Q30,"") | S30: =IF(AND(Q30<>"",ISNUMBER(E30)),Q30,"") | T30: =IF(AND(Q30<>"",ISNUMBER(F30)),Q30,"") | U30: =IF(AND(Q30<>"",ISNUMBER(G30)),Q30,"") | V30: =IF(AND(Q30<>"",ISNUMBER(H30)),Q30,"") | W30: =IF(AND(Q30<>"",ISNUMBER(I30)),Q30,"") | X30: =IF(AND(Q30<>"",ISNUMBER(J30)),Q30,"") | Y30: =IF(AND(Q30<>"",ISNUMBER(K30)),Q30,"") | Z30: =IF(AND(Q30<>"",ISNUMBER(L30)),Q30,"") | AA30: =IF(AND(Q30<>"",ISNUMBER(M30)),Q30,"") | AB30: =IF(AND(Q30<>"",ISNUMBER(K30)),K30,"") | AC30: =IF(AND(Q30<>"",ISNUMBER(L30)),L30,"") | AD30: =IF(AND(Q30<>"",ISNUMBER(M30)),M30,"")
B31: 46171 | C31: Grace Kim | D31: 63.5 | E31: 27.6 | F31: 71.2 | K31: 41.8 | L31: 7 | M31: 5.2 | O31: =IF(AND(B31="",C31=""),"",IF(NOT(ISNUMBER(B31)),"Needs a date",IF(C31="","Needs a client",IF(COUNTIF(Clients!$B$6:$B$105,C31)=0,"Not on Clients",IF(COUNT(D31:M31)=0,"Nothing measured",""))))) | P31: =IF(AND(O31="",ISNUMBER(B31)),INT(B31),0) | Q31: =IF(AND(P31>0,C31=Report!$C$5),P31*10000+ROW(),"") | R31: =IF(AND(Q31<>"",ISNUMBER(D31)),Q31,"") | S31: =IF(AND(Q31<>"",ISNUMBER(E31)),Q31,"") | T31: =IF(AND(Q31<>"",ISNUMBER(F31)),Q31,"") | U31: =IF(AND(Q31<>"",ISNUMBER(G31)),Q31,"") | V31: =IF(AND(Q31<>"",ISNUMBER(H31)),Q31,"") | W31: =IF(AND(Q31<>"",ISNUMBER(I31)),Q31,"") | X31: =IF(AND(Q31<>"",ISNUMBER(J31)),Q31,"") | Y31: =IF(AND(Q31<>"",ISNUMBER(K31)),Q31,"") | Z31: =IF(AND(Q31<>"",ISNUMBER(L31)),Q31,"") | AA31: =IF(AND(Q31<>"",ISNUMBER(M31)),Q31,"") | AB31: =IF(AND(Q31<>"",ISNUMBER(K31)),K31,"") | AC31: =IF(AND(Q31<>"",ISNUMBER(L31)),L31,"") | AD31: =IF(AND(Q31<>"",ISNUMBER(M31)),M31,"")
B32: 46173 | C32: Leah Fischer | D32: 72 | E32: 30 | F32: 80 | G32: 101.9 | H32: 94 | I32: 30 | J32: 59 | K32: 45.2 | L32: 8 | M32: 5.6 | N32: First check-in | O32: =IF(AND(B32="",C32=""),"",IF(NOT(ISNUMBER(B32)),"Needs a date",IF(C32="","Needs a client",IF(COUNTIF(Clients!$B$6:$B$105,C32)=0,"Not on Clients",IF(COUNT(D32:M32)=0,"Nothing measured",""))))) | P32: =IF(AND(O32="",ISNUMBER(B32)),INT(B32),0) | Q32: =IF(AND(P32>0,C32=Report!$C$5),P32*10000+ROW(),"") | R32: =IF(AND(Q32<>"",ISNUMBER(D32)),Q32,"") | S32: =IF(AND(Q32<>"",ISNUMBER(E32)),Q32,"") | T32: =IF(AND(Q32<>"",ISNUMBER(F32)),Q32,"") | U32: =IF(AND(Q32<>"",ISNUMBER(G32)),Q32,"") | V32: =IF(AND(Q32<>"",ISNUMBER(H32)),Q32,"") | W32: =IF(AND(Q32<>"",ISNUMBER(I32)),Q32,"") | X32: =IF(AND(Q32<>"",ISNUMBER(J32)),Q32,"") | Y32: =IF(AND(Q32<>"",ISNUMBER(K32)),Q32,"") | Z32: =IF(AND(Q32<>"",ISNUMBER(L32)),Q32,"") | AA32: =IF(AND(Q32<>"",ISNUMBER(M32)),Q32,"") | AB32: =IF(AND(Q32<>"",ISNUMBER(K32)),K32,"") | AC32: =IF(AND(Q32<>"",ISNUMBER(L32)),L32,"") | AD32: =IF(AND(Q32<>"",ISNUMBER(M32)),M32,"")
B33: 46177 | C33: Ben Carter | D33: 92.6 | E33: 27.5 | F33: 98.4 | K33: 77 | L33: 17 | M33: 5.1 | O33: =IF(AND(B33="",C33=""),"",IF(NOT(ISNUMBER(B33)),"Needs a date",IF(C33="","Needs a client",IF(COUNTIF(Clients!$B$6:$B$105,C33)=0,"Not on Clients",IF(COUNT(D33:M33)=0,"Nothing measured",""))))) | P33: =IF(AND(O33="",ISNUMBER(B33)),INT(B33),0) | Q33: =IF(AND(P33>0,C33=Report!$C$5),P33*10000+ROW(),"") | R33: =IF(AND(Q33<>"",ISNUMBER(D33)),Q33,"") | S33: =IF(AND(Q33<>"",ISNUMBER(E33)),Q33,"") | T33: =IF(AND(Q33<>"",ISNUMBER(F33)),Q33,"") | U33: =IF(AND(Q33<>"",ISNUMBER(G33)),Q33,"") | V33: =IF(AND(Q33<>"",ISNUMBER(H33)),Q33,"") | W33: =IF(AND(Q33<>"",ISNUMBER(I33)),Q33,"") | X33: =IF(AND(Q33<>"",ISNUMBER(J33)),Q33,"") | Y33: =IF(AND(Q33<>"",ISNUMBER(K33)),Q33,"") | Z33: =IF(AND(Q33<>"",ISNUMBER(L33)),Q33,"") | AA33: =IF(AND(Q33<>"",ISNUMBER(M33)),Q33,"") | AB33: =IF(AND(Q33<>"",ISNUMBER(K33)),K33,"") | AC33: =IF(AND(Q33<>"",ISNUMBER(L33)),L33,"") | AD33: =IF(AND(Q33<>"",ISNUMBER(M33)),M33,"")
B34: 46179 | C34: Maya Ortiz | D34: 66.5 | E34: 25.5 | F34: 73.8 | K34: 62.7 | L34: 17 | M34: 4.7 | O34: =IF(AND(B34="",C34=""),"",IF(NOT(ISNUMBER(B34)),"Needs a date",IF(C34="","Needs a client",IF(COUNTIF(Clients!$B$6:$B$105,C34)=0,"Not on Clients",IF(COUNT(D34:M34)=0,"Nothing measured",""))))) | P34: =IF(AND(O34="",ISNUMBER(B34)),INT(B34),0) | Q34: =IF(AND(P34>0,C34=Report!$C$5),P34*10000+ROW(),"") | R34: =IF(AND(Q34<>"",ISNUMBER(D34)),Q34,"") | S34: =IF(AND(Q34<>"",ISNUMBER(E34)),Q34,"") | T34: =IF(AND(Q34<>"",ISNUMBER(F34)),Q34,"") | U34: =IF(AND(Q34<>"",ISNUMBER(G34)),Q34,"") | V34: =IF(AND(Q34<>"",ISNUMBER(H34)),Q34,"") | W34: =IF(AND(Q34<>"",ISNUMBER(I34)),Q34,"") | X34: =IF(AND(Q34<>"",ISNUMBER(J34)),Q34,"") | Y34: =IF(AND(Q34<>"",ISNUMBER(K34)),Q34,"") | Z34: =IF(AND(Q34<>"",ISNUMBER(L34)),Q34,"") | AA34: =IF(AND(Q34<>"",ISNUMBER(M34)),Q34,"") | AB34: =IF(AND(Q34<>"",ISNUMBER(K34)),K34,"") | AC34: =IF(AND(Q34<>"",ISNUMBER(L34)),L34,"") | AD34: =IF(AND(Q34<>"",ISNUMBER(M34)),M34,"")
B35: 46193 | C35: Maya Ortiz | D35: 66.4 | E35: 25.4 | F35: 73.6 | G35: 96.4 | H35: 92 | I35: 29.6 | J35: 56 | K35: 63.8 | L35: 17 | M35: 4.7 | O35: =IF(AND(B35="",C35=""),"",IF(NOT(ISNUMBER(B35)),"Needs a date",IF(C35="","Needs a client",IF(COUNTIF(Clients!$B$6:$B$105,C35)=0,"Not on Clients",IF(COUNT(D35:M35)=0,"Nothing measured",""))))) | P35: =IF(AND(O35="",ISNUMBER(B35)),INT(B35),0) | Q35: =IF(AND(P35>0,C35=Report!$C$5),P35*10000+ROW(),"") | R35: =IF(AND(Q35<>"",ISNUMBER(D35)),Q35,"") | S35: =IF(AND(Q35<>"",ISNUMBER(E35)),Q35,"") | T35: =IF(AND(Q35<>"",ISNUMBER(F35)),Q35,"") | U35: =IF(AND(Q35<>"",ISNUMBER(G35)),Q35,"") | V35: =IF(AND(Q35<>"",ISNUMBER(H35)),Q35,"") | W35: =IF(AND(Q35<>"",ISNUMBER(I35)),Q35,"") | X35: =IF(AND(Q35<>"",ISNUMBER(J35)),Q35,"") | Y35: =IF(AND(Q35<>"",ISNUMBER(K35)),Q35,"") | Z35: =IF(AND(Q35<>"",ISNUMBER(L35)),Q35,"") | AA35: =IF(AND(Q35<>"",ISNUMBER(M35)),Q35,"") | AB35: =IF(AND(Q35<>"",ISNUMBER(K35)),K35,"") | AC35: =IF(AND(Q35<>"",ISNUMBER(L35)),L35,"") | AD35: =IF(AND(Q35<>"",ISNUMBER(M35)),M35,"")
B36: 46193 | C36: Omar Haddad | D36: 84 | E36: 18 | F36: 86 | G36: 99 | H36: 104 | I36: 34 | J36: 58 | K36: 100.2 | L36: 30 | M36: 4.3 | N36: First check-in | O36: =IF(AND(B36="",C36=""),"",IF(NOT(ISNUMBER(B36)),"Needs a date",IF(C36="","Needs a client",IF(COUNTIF(Clients!$B$6:$B$105,C36)=0,"Not on Clients",IF(COUNT(D36:M36)=0,"Nothing measured",""))))) | P36: =IF(AND(O36="",ISNUMBER(B36)),INT(B36),0) | Q36: =IF(AND(P36>0,C36=Report!$C$5),P36*10000+ROW(),"") | R36: =IF(AND(Q36<>"",ISNUMBER(D36)),Q36,"") | S36: =IF(AND(Q36<>"",ISNUMBER(E36)),Q36,"") | T36: =IF(AND(Q36<>"",ISNUMBER(F36)),Q36,"") | U36: =IF(AND(Q36<>"",ISNUMBER(G36)),Q36,"") | V36: =IF(AND(Q36<>"",ISNUMBER(H36)),Q36,"") | W36: =IF(AND(Q36<>"",ISNUMBER(I36)),Q36,"") | X36: =IF(AND(Q36<>"",ISNUMBER(J36)),Q36,"") | Y36: =IF(AND(Q36<>"",ISNUMBER(K36)),Q36,"") | Z36: =IF(AND(Q36<>"",ISNUMBER(L36)),Q36,"") | AA36: =IF(AND(Q36<>"",ISNUMBER(M36)),Q36,"") | AB36: =IF(AND(Q36<>"",ISNUMBER(K36)),K36,"") | AC36: =IF(AND(Q36<>"",ISNUMBER(L36)),L36,"") | AD36: =IF(AND(Q36<>"",ISNUMBER(M36)),M36,"")
B37: 46197 | C37: Priya Nair | D37: 61 | E37: 24.4 | F37: 69.4 | K37: 42.2 | L37: 7 | M37: 5.3 | O37: =IF(AND(B37="",C37=""),"",IF(NOT(ISNUMBER(B37)),"Needs a date",IF(C37="","Needs a client",IF(COUNTIF(Clients!$B$6:$B$105,C37)=0,"Not on Clients",IF(COUNT(D37:M37)=0,"Nothing measured",""))))) | P37: =IF(AND(O37="",ISNUMBER(B37)),INT(B37),0) | Q37: =IF(AND(P37>0,C37=Report!$C$5),P37*10000+ROW(),"") | R37: =IF(AND(Q37<>"",ISNUMBER(D37)),Q37,"") | S37: =IF(AND(Q37<>"",ISNUMBER(E37)),Q37,"") | T37: =IF(AND(Q37<>"",ISNUMBER(F37)),Q37,"") | U37: =IF(AND(Q37<>"",ISNUMBER(G37)),Q37,"") | V37: =IF(AND(Q37<>"",ISNUMBER(H37)),Q37,"") | W37: =IF(AND(Q37<>"",ISNUMBER(I37)),Q37,"") | X37: =IF(AND(Q37<>"",ISNUMBER(J37)),Q37,"") | Y37: =IF(AND(Q37<>"",ISNUMBER(K37)),Q37,"") | Z37: =IF(AND(Q37<>"",ISNUMBER(L37)),Q37,"") | AA37: =IF(AND(Q37<>"",ISNUMBER(M37)),Q37,"") | AB37: =IF(AND(Q37<>"",ISNUMBER(K37)),K37,"") | AC37: =IF(AND(Q37<>"",ISNUMBER(L37)),L37,"") | AD37: =IF(AND(Q37<>"",ISNUMBER(M37)),M37,"")
B38: 46199 | C38: Tom Walsh | D38: 77.8 | E38: 19.6 | F38: 83.6 | G38: 97 | H38: 100.4 | I38: 32.2 | J38: 56 | K38: 84.1 | L38: 28 | M38: 4.6 | O38: =IF(AND(B38="",C38=""),"",IF(NOT(ISNUMBER(B38)),"Needs a date",IF(C38="","Needs a client",IF(COUNTIF(Clients!$B$6:$B$105,C38)=0,"Not on Clients",IF(COUNT(D38:M38)=0,"Nothing measured",""))))) | P38: =IF(AND(O38="",ISNUMBER(B38)),INT(B38),0) | Q38: =IF(AND(P38>0,C38=Report!$C$5),P38*10000+ROW(),"") | R38: =IF(AND(Q38<>"",ISNUMBER(D38)),Q38,"") | S38: =IF(AND(Q38<>"",ISNUMBER(E38)),Q38,"") | T38: =IF(AND(Q38<>"",ISNUMBER(F38)),Q38,"") | U38: =IF(AND(Q38<>"",ISNUMBER(G38)),Q38,"") | V38: =IF(AND(Q38<>"",ISNUMBER(H38)),Q38,"") | W38: =IF(AND(Q38<>"",ISNUMBER(I38)),Q38,"") | X38: =IF(AND(Q38<>"",ISNUMBER(J38)),Q38,"") | Y38: =IF(AND(Q38<>"",ISNUMBER(K38)),Q38,"") | Z38: =IF(AND(Q38<>"",ISNUMBER(L38)),Q38,"") | AA38: =IF(AND(Q38<>"",ISNUMBER(M38)),Q38,"") | AB38: =IF(AND(Q38<>"",ISNUMBER(K38)),K38,"") | AC38: =IF(AND(Q38<>"",ISNUMBER(L38)),L38,"") | AD38: =IF(AND(Q38<>"",ISNUMBER(M38)),M38,"")
B39: 46199 | C39: Grace Kim | D39: 63 | E39: 27.2 | F39: 70.4 | G39: 94.7 | H39: 88.6 | I39: 28 | J39: 54.6 | K39: 44.1 | L39: 8 | M39: 5.2 | O39: =IF(AND(B39="",C39=""),"",IF(NOT(ISNUMBER(B39)),"Needs a date",IF(C39="","Needs a client",IF(COUNTIF(Clients!$B$6:$B$105,C39)=0,"Not on Clients",IF(COUNT(D39:M39)=0,"Nothing measured",""))))) | P39: =IF(AND(O39="",ISNUMBER(B39)),INT(B39),0) | Q39: =IF(AND(P39>0,C39=Report!$C$5),P39*10000+ROW(),"") | R39: =IF(AND(Q39<>"",ISNUMBER(D39)),Q39,"") | S39: =IF(AND(Q39<>"",ISNUMBER(E39)),Q39,"") | T39: =IF(AND(Q39<>"",ISNUMBER(F39)),Q39,"") | U39: =IF(AND(Q39<>"",ISNUMBER(G39)),Q39,"") | V39: =IF(AND(Q39<>"",ISNUMBER(H39)),Q39,"") | W39: =IF(AND(Q39<>"",ISNUMBER(I39)),Q39,"") | X39: =IF(AND(Q39<>"",ISNUMBER(J39)),Q39,"") | Y39: =IF(AND(Q39<>"",ISNUMBER(K39)),Q39,"") | Z39: =IF(AND(Q39<>"",ISNUMBER(L39)),Q39,"") | AA39: =IF(AND(Q39<>"",ISNUMBER(M39)),Q39,"") | AB39: =IF(AND(Q39<>"",ISNUMBER(K39)),K39,"") | AC39: =IF(AND(Q39<>"",ISNUMBER(L39)),L39,"") | AD39: =IF(AND(Q39<>"",ISNUMBER(M39)),M39,"")
B40: 46201 | C40: Leah Fischer | D40: 71.6 | E40: 29.6 | F40: 79.3 | K40: 47.6 | L40: 9 | M40: 5.6 | O40: =IF(AND(B40="",C40=""),"",IF(NOT(ISNUMBER(B40)),"Needs a date",IF(C40="","Needs a client",IF(COUNTIF(Clients!$B$6:$B$105,C40)=0,"Not on Clients",IF(COUNT(D40:M40)=0,"Nothing measured",""))))) | P40: =IF(AND(O40="",ISNUMBER(B40)),INT(B40),0) | Q40: =IF(AND(P40>0,C40=Report!$C$5),P40*10000+ROW(),"") | R40: =IF(AND(Q40<>"",ISNUMBER(D40)),Q40,"") | S40: =IF(AND(Q40<>"",ISNUMBER(E40)),Q40,"") | T40: =IF(AND(Q40<>"",ISNUMBER(F40)),Q40,"") | U40: =IF(AND(Q40<>"",ISNUMBER(G40)),Q40,"") | V40: =IF(AND(Q40<>"",ISNUMBER(H40)),Q40,"") | W40: =IF(AND(Q40<>"",ISNUMBER(I40)),Q40,"") | X40: =IF(AND(Q40<>"",ISNUMBER(J40)),Q40,"") | Y40: =IF(AND(Q40<>"",ISNUMBER(K40)),Q40,"") | Z40: =IF(AND(Q40<>"",ISNUMBER(L40)),Q40,"") | AA40: =IF(AND(Q40<>"",ISNUMBER(M40)),Q40,"") | AB40: =IF(AND(Q40<>"",ISNUMBER(K40)),K40,"") | AC40: =IF(AND(Q40<>"",ISNUMBER(L40)),L40,"") | AD40: =IF(AND(Q40<>"",ISNUMBER(M40)),M40,"")
B41: 46205 | C41: Ben Carter | D41: 91.6 | E41: 27.1 | F41: 97.2 | G41: 105.6 | H41: 108.4 | I41: 35 | J41: 60.4 | K41: 79.6 | L41: 18 | M41: 5 | O41: =IF(AND(B41="",C41=""),"",IF(NOT(ISNUMBER(B41)),"Needs a date",IF(C41="","Needs a client",IF(COUNTIF(Clients!$B$6:$B$105,C41)=0,"Not on Clients",IF(COUNT(D41:M41)=0,"Nothing measured",""))))) | P41: =IF(AND(O41="",ISNUMBER(B41)),INT(B41),0) | Q41: =IF(AND(P41>0,C41=Report!$C$5),P41*10000+ROW(),"") | R41: =IF(AND(Q41<>"",ISNUMBER(D41)),Q41,"") | S41: =IF(AND(Q41<>"",ISNUMBER(E41)),Q41,"") | T41: =IF(AND(Q41<>"",ISNUMBER(F41)),Q41,"") | U41: =IF(AND(Q41<>"",ISNUMBER(G41)),Q41,"") | V41: =IF(AND(Q41<>"",ISNUMBER(H41)),Q41,"") | W41: =IF(AND(Q41<>"",ISNUMBER(I41)),Q41,"") | X41: =IF(AND(Q41<>"",ISNUMBER(J41)),Q41,"") | Y41: =IF(AND(Q41<>"",ISNUMBER(K41)),Q41,"") | Z41: =IF(AND(Q41<>"",ISNUMBER(L41)),Q41,"") | AA41: =IF(AND(Q41<>"",ISNUMBER(M41)),Q41,"") | AB41: =IF(AND(Q41<>"",ISNUMBER(K41)),K41,"") | AC41: =IF(AND(Q41<>"",ISNUMBER(L41)),L41,"") | AD41: =IF(AND(Q41<>"",ISNUMBER(M41)),M41,"")
B42: 46207 | C42: Maya Ortiz | D42: 66.2 | E42: 25.2 | F42: 73.3 | K42: 65.5 | L42: 18 | M42: 4.6 | O42: =IF(AND(B42="",C42=""),"",IF(NOT(ISNUMBER(B42)),"Needs a date",IF(C42="","Needs a client",IF(COUNTIF(Clients!$B$6:$B$105,C42)=0,"Not on Clients",IF(COUNT(D42:M42)=0,"Nothing measured",""))))) | P42: =IF(AND(O42="",ISNUMBER(B42)),INT(B42),0) | Q42: =IF(AND(P42>0,C42=Report!$C$5),P42*10000+ROW(),"") | R42: =IF(AND(Q42<>"",ISNUMBER(D42)),Q42,"") | S42: =IF(AND(Q42<>"",ISNUMBER(E42)),Q42,"") | T42: =IF(AND(Q42<>"",ISNUMBER(F42)),Q42,"") | U42: =IF(AND(Q42<>"",ISNUMBER(G42)),Q42,"") | V42: =IF(AND(Q42<>"",ISNUMBER(H42)),Q42,"") | W42: =IF(AND(Q42<>"",ISNUMBER(I42)),Q42,"") | X42: =IF(AND(Q42<>"",ISNUMBER(J42)),Q42,"") | Y42: =IF(AND(Q42<>"",ISNUMBER(K42)),Q42,"") | Z42: =IF(AND(Q42<>"",ISNUMBER(L42)),Q42,"") | AA42: =IF(AND(Q42<>"",ISNUMBER(M42)),Q42,"") | AB42: =IF(AND(Q42<>"",ISNUMBER(K42)),K42,"") | AC42: =IF(AND(Q42<>"",ISNUMBER(L42)),L42,"") | AD42: =IF(AND(Q42<>"",ISNUMBER(M42)),M42,"")
B43: 46221 | C43: Maya Ortiz | D43: 66.1 | E43: 25.1 | F43: 73.1 | G43: 96.1 | H43: 92 | I43: 29.7 | J43: 55.8 | K43: 66.9 | L43: 18 | M43: 4.6 | O43: =IF(AND(B43="",C43=""),"",IF(NOT(ISNUMBER(B43)),"Needs a date",IF(C43="","Needs a client",IF(COUNTIF(Clients!$B$6:$B$105,C43)=0,"Not on Clients",IF(COUNT(D43:M43)=0,"Nothing measured",""))))) | P43: =IF(AND(O43="",ISNUMBER(B43)),INT(B43),0) | Q43: =IF(AND(P43>0,C43=Report!$C$5),P43*10000+ROW(),"") | R43: =IF(AND(Q43<>"",ISNUMBER(D43)),Q43,"") | S43: =IF(AND(Q43<>"",ISNUMBER(E43)),Q43,"") | T43: =IF(AND(Q43<>"",ISNUMBER(F43)),Q43,"") | U43: =IF(AND(Q43<>"",ISNUMBER(G43)),Q43,"") | V43: =IF(AND(Q43<>"",ISNUMBER(H43)),Q43,"") | W43: =IF(AND(Q43<>"",ISNUMBER(I43)),Q43,"") | X43: =IF(AND(Q43<>"",ISNUMBER(J43)),Q43,"") | Y43: =IF(AND(Q43<>"",ISNUMBER(K43)),Q43,"") | Z43: =IF(AND(Q43<>"",ISNUMBER(L43)),Q43,"") | AA43: =IF(AND(Q43<>"",ISNUMBER(M43)),Q43,"") | AB43: =IF(AND(Q43<>"",ISNUMBER(K43)),K43,"") | AC43: =IF(AND(Q43<>"",ISNUMBER(L43)),L43,"") | AD43: =IF(AND(Q43<>"",ISNUMBER(M43)),M43,"")
B44: 46221 | C44: Omar Haddad | D44: 84 | E44: 17.9 | F44: 86 | K44: 102.4 | L44: 31 | M44: 4.2 | O44: =IF(AND(B44="",C44=""),"",IF(NOT(ISNUMBER(B44)),"Needs a date",IF(C44="","Needs a client",IF(COUNTIF(Clients!$B$6:$B$105,C44)=0,"Not on Clients",IF(COUNT(D44:M44)=0,"Nothing measured",""))))) | P44: =IF(AND(O44="",ISNUMBER(B44)),INT(B44),0) | Q44: =IF(AND(P44>0,C44=Report!$C$5),P44*10000+ROW(),"") | R44: =IF(AND(Q44<>"",ISNUMBER(D44)),Q44,"") | S44: =IF(AND(Q44<>"",ISNUMBER(E44)),Q44,"") | T44: =IF(AND(Q44<>"",ISNUMBER(F44)),Q44,"") | U44: =IF(AND(Q44<>"",ISNUMBER(G44)),Q44,"") | V44: =IF(AND(Q44<>"",ISNUMBER(H44)),Q44,"") | W44: =IF(AND(Q44<>"",ISNUMBER(I44)),Q44,"") | X44: =IF(AND(Q44<>"",ISNUMBER(J44)),Q44,"") | Y44: =IF(AND(Q44<>"",ISNUMBER(K44)),Q44,"") | Z44: =IF(AND(Q44<>"",ISNUMBER(L44)),Q44,"") | AA44: =IF(AND(Q44<>"",ISNUMBER(M44)),Q44,"") | AB44: =IF(AND(Q44<>"",ISNUMBER(K44)),K44,"") | AC44: =IF(AND(Q44<>"",ISNUMBER(L44)),L44,"") | AD44: =IF(AND(Q44<>"",ISNUMBER(M44)),M44,"")
B45: 46225 | C45: Priya Nair | D45: 61 | E45: 24.2 | F45: 69.2 | G45: 95 | H45: 88 | I45: 27.5 | J45: 54 | K45: 44.4 | L45: 8 | M45: 5.2 | O45: =IF(AND(B45="",C45=""),"",IF(NOT(ISNUMBER(B45)),"Needs a date",IF(C45="","Needs a client",IF(COUNTIF(Clients!$B$6:$B$105,C45)=0,"Not on Clients",IF(COUNT(D45:M45)=0,"Nothing measured",""))))) | P45: =IF(AND(O45="",ISNUMBER(B45)),INT(B45),0) | Q45: =IF(AND(P45>0,C45=Report!$C$5),P45*10000+ROW(),"") | R45: =IF(AND(Q45<>"",ISNUMBER(D45)),Q45,"") | S45: =IF(AND(Q45<>"",ISNUMBER(E45)),Q45,"") | T45: =IF(AND(Q45<>"",ISNUMBER(F45)),Q45,"") | U45: =IF(AND(Q45<>"",ISNUMBER(G45)),Q45,"") | V45: =IF(AND(Q45<>"",ISNUMBER(H45)),Q45,"") | W45: =IF(AND(Q45<>"",ISNUMBER(I45)),Q45,"") | X45: =IF(AND(Q45<>"",ISNUMBER(J45)),Q45,"") | Y45: =IF(AND(Q45<>"",ISNUMBER(K45)),Q45,"") | Z45: =IF(AND(Q45<>"",ISNUMBER(L45)),Q45,"") | AA45: =IF(AND(Q45<>"",ISNUMBER(M45)),Q45,"") | AB45: =IF(AND(Q45<>"",ISNUMBER(K45)),K45,"") | AC45: =IF(AND(Q45<>"",ISNUMBER(L45)),L45,"") | AD45: =IF(AND(Q45<>"",ISNUMBER(M45)),M45,"")
B46: 46227 | C46: Tom Walsh | D46: 77.6 | E46: 19.4 | F46: 83.4 | K46: 85.9 | L46: 29 | M46: 4.5 | O46: =IF(AND(B46="",C46=""),"",IF(NOT(ISNUMBER(B46)),"Needs a date",IF(C46="","Needs a client",IF(COUNTIF(Clients!$B$6:$B$105,C46)=0,"Not on Clients",IF(COUNT(D46:M46)=0,"Nothing measured",""))))) | P46: =IF(AND(O46="",ISNUMBER(B46)),INT(B46),0) | Q46: =IF(AND(P46>0,C46=Report!$C$5),P46*10000+ROW(),"") | R46: =IF(AND(Q46<>"",ISNUMBER(D46)),Q46,"") | S46: =IF(AND(Q46<>"",ISNUMBER(E46)),Q46,"") | T46: =IF(AND(Q46<>"",ISNUMBER(F46)),Q46,"") | U46: =IF(AND(Q46<>"",ISNUMBER(G46)),Q46,"") | V46: =IF(AND(Q46<>"",ISNUMBER(H46)),Q46,"") | W46: =IF(AND(Q46<>"",ISNUMBER(I46)),Q46,"") | X46: =IF(AND(Q46<>"",ISNUMBER(J46)),Q46,"") | Y46: =IF(AND(Q46<>"",ISNUMBER(K46)),Q46,"") | Z46: =IF(AND(Q46<>"",ISNUMBER(L46)),Q46,"") | AA46: =IF(AND(Q46<>"",ISNUMBER(M46)),Q46,"") | AB46: =IF(AND(Q46<>"",ISNUMBER(K46)),K46,"") | AC46: =IF(AND(Q46<>"",ISNUMBER(L46)),L46,"") | AD46: =IF(AND(Q46<>"",ISNUMBER(M46)),M46,"")
B47: 46229 | C47: Leah Fischer | D47: 71.3 | E47: 29.2 | F47: 78.7 | G47: 101.2 | H47: 93.6 | I47: 30 | J47: 58.6 | K47: 50.4 | L47: 10 | M47: 5.5 | O47: =IF(AND(B47="",C47=""),"",IF(NOT(ISNUMBER(B47)),"Needs a date",IF(C47="","Needs a client",IF(COUNTIF(Clients!$B$6:$B$105,C47)=0,"Not on Clients",IF(COUNT(D47:M47)=0,"Nothing measured",""))))) | P47: =IF(AND(O47="",ISNUMBER(B47)),INT(B47),0) | Q47: =IF(AND(P47>0,C47=Report!$C$5),P47*10000+ROW(),"") | R47: =IF(AND(Q47<>"",ISNUMBER(D47)),Q47,"") | S47: =IF(AND(Q47<>"",ISNUMBER(E47)),Q47,"") | T47: =IF(AND(Q47<>"",ISNUMBER(F47)),Q47,"") | U47: =IF(AND(Q47<>"",ISNUMBER(G47)),Q47,"") | V47: =IF(AND(Q47<>"",ISNUMBER(H47)),Q47,"") | W47: =IF(AND(Q47<>"",ISNUMBER(I47)),Q47,"") | X47: =IF(AND(Q47<>"",ISNUMBER(J47)),Q47,"") | Y47: =IF(AND(Q47<>"",ISNUMBER(K47)),Q47,"") | Z47: =IF(AND(Q47<>"",ISNUMBER(L47)),Q47,"") | AA47: =IF(AND(Q47<>"",ISNUMBER(M47)),Q47,"") | AB47: =IF(AND(Q47<>"",ISNUMBER(K47)),K47,"") | AC47: =IF(AND(Q47<>"",ISNUMBER(L47)),L47,"") | AD47: =IF(AND(Q47<>"",ISNUMBER(M47)),M47,"")
B48: 46233 | C48: Ben Carter | D48: 90.4 | E48: 26.6 | F48: 96.1 | K48: 81.8 | L48: 19 | M48: 5 | O48: =IF(AND(B48="",C48=""),"",IF(NOT(ISNUMBER(B48)),"Needs a date",IF(C48="","Needs a client",IF(COUNTIF(Clients!$B$6:$B$105,C48)=0,"Not on Clients",IF(COUNT(D48:M48)=0,"Nothing measured",""))))) | P48: =IF(AND(O48="",ISNUMBER(B48)),INT(B48),0) | Q48: =IF(AND(P48>0,C48=Report!$C$5),P48*10000+ROW(),"") | R48: =IF(AND(Q48<>"",ISNUMBER(D48)),Q48,"") | S48: =IF(AND(Q48<>"",ISNUMBER(E48)),Q48,"") | T48: =IF(AND(Q48<>"",ISNUMBER(F48)),Q48,"") | U48: =IF(AND(Q48<>"",ISNUMBER(G48)),Q48,"") | V48: =IF(AND(Q48<>"",ISNUMBER(H48)),Q48,"") | W48: =IF(AND(Q48<>"",ISNUMBER(I48)),Q48,"") | X48: =IF(AND(Q48<>"",ISNUMBER(J48)),Q48,"") | Y48: =IF(AND(Q48<>"",ISNUMBER(K48)),Q48,"") | Z48: =IF(AND(Q48<>"",ISNUMBER(L48)),Q48,"") | AA48: =IF(AND(Q48<>"",ISNUMBER(M48)),Q48,"") | AB48: =IF(AND(Q48<>"",ISNUMBER(K48)),K48,"") | AC48: =IF(AND(Q48<>"",ISNUMBER(L48)),L48,"") | AD48: =IF(AND(Q48<>"",ISNUMBER(M48)),M48,"")
B49: 46233 | C49: Luis Moreno | D49: 69.9 | E49: 15 | F49: 78 | G49: 94 | H49: 95.9 | I49: 31 | J49: 55 | K49: 85.2 | L49: 28 | M49: 4.8 | N49: First check-in | O49: =IF(AND(B49="",C49=""),"",IF(NOT(ISNUMBER(B49)),"Needs a date",IF(C49="","Needs a client",IF(COUNTIF(Clients!$B$6:$B$105,C49)=0,"Not on Clients",IF(COUNT(D49:M49)=0,"Nothing measured",""))))) | P49: =IF(AND(O49="",ISNUMBER(B49)),INT(B49),0) | Q49: =IF(AND(P49>0,C49=Report!$C$5),P49*10000+ROW(),"") | R49: =IF(AND(Q49<>"",ISNUMBER(D49)),Q49,"") | S49: =IF(AND(Q49<>"",ISNUMBER(E49)),Q49,"") | T49: =IF(AND(Q49<>"",ISNUMBER(F49)),Q49,"") | U49: =IF(AND(Q49<>"",ISNUMBER(G49)),Q49,"") | V49: =IF(AND(Q49<>"",ISNUMBER(H49)),Q49,"") | W49: =IF(AND(Q49<>"",ISNUMBER(I49)),Q49,"") | X49: =IF(AND(Q49<>"",ISNUMBER(J49)),Q49,"") | Y49: =IF(AND(Q49<>"",ISNUMBER(K49)),Q49,"") | Z49: =IF(AND(Q49<>"",ISNUMBER(L49)),Q49,"") | AA49: =IF(AND(Q49<>"",ISNUMBER(M49)),Q49,"") | AB49: =IF(AND(Q49<>"",ISNUMBER(K49)),K49,"") | AC49: =IF(AND(Q49<>"",ISNUMBER(L49)),L49,"") | AD49: =IF(AND(Q49<>"",ISNUMBER(M49)),M49,"")
B50: 46235 | C50: Maya Ortiz | D50: 66 | E50: 24.9 | F50: 72.8 | K50: 68 | L50: 18 | M50: 4.6 | O50: =IF(AND(B50="",C50=""),"",IF(NOT(ISNUMBER(B50)),"Needs a date",IF(C50="","Needs a client",IF(COUNTIF(Clients!$B$6:$B$105,C50)=0,"Not on Clients",IF(COUNT(D50:M50)=0,"Nothing measured",""))))) | P50: =IF(AND(O50="",ISNUMBER(B50)),INT(B50),0) | Q50: =IF(AND(P50>0,C50=Report!$C$5),P50*10000+ROW(),"") | R50: =IF(AND(Q50<>"",ISNUMBER(D50)),Q50,"") | S50: =IF(AND(Q50<>"",ISNUMBER(E50)),Q50,"") | T50: =IF(AND(Q50<>"",ISNUMBER(F50)),Q50,"") | U50: =IF(AND(Q50<>"",ISNUMBER(G50)),Q50,"") | V50: =IF(AND(Q50<>"",ISNUMBER(H50)),Q50,"") | W50: =IF(AND(Q50<>"",ISNUMBER(I50)),Q50,"") | X50: =IF(AND(Q50<>"",ISNUMBER(J50)),Q50,"") | Y50: =IF(AND(Q50<>"",ISNUMBER(K50)),Q50,"") | Z50: =IF(AND(Q50<>"",ISNUMBER(L50)),Q50,"") | AA50: =IF(AND(Q50<>"",ISNUMBER(M50)),Q50,"") | AB50: =IF(AND(Q50<>"",ISNUMBER(K50)),K50,"") | AC50: =IF(AND(Q50<>"",ISNUMBER(L50)),L50,"") | AD50: =IF(AND(Q50<>"",ISNUMBER(M50)),M50,"")
B51: 46249 | C51: Maya Ortiz | D51: 65.8 | E51: 24.8 | F51: 72.6 | G51: 95.7 | H51: 92 | I51: 29.8 | J51: 55.6 | K51: 69.7 | L51: 19 | M51: 4.5 | O51: =IF(AND(B51="",C51=""),"",IF(NOT(ISNUMBER(B51)),"Needs a date",IF(C51="","Needs a client",IF(COUNTIF(Clients!$B$6:$B$105,C51)=0,"Not on Clients",IF(COUNT(D51:M51)=0,"Nothing measured",""))))) | P51: =IF(AND(O51="",ISNUMBER(B51)),INT(B51),0) | Q51: =IF(AND(P51>0,C51=Report!$C$5),P51*10000+ROW(),"") | R51: =IF(AND(Q51<>"",ISNUMBER(D51)),Q51,"") | S51: =IF(AND(Q51<>"",ISNUMBER(E51)),Q51,"") | T51: =IF(AND(Q51<>"",ISNUMBER(F51)),Q51,"") | U51: =IF(AND(Q51<>"",ISNUMBER(G51)),Q51,"") | V51: =IF(AND(Q51<>"",ISNUMBER(H51)),Q51,"") | W51: =IF(AND(Q51<>"",ISNUMBER(I51)),Q51,"") | X51: =IF(AND(Q51<>"",ISNUMBER(J51)),Q51,"") | Y51: =IF(AND(Q51<>"",ISNUMBER(K51)),Q51,"") | Z51: =IF(AND(Q51<>"",ISNUMBER(L51)),Q51,"") | AA51: =IF(AND(Q51<>"",ISNUMBER(M51)),Q51,"") | AB51: =IF(AND(Q51<>"",ISNUMBER(K51)),K51,"") | AC51: =IF(AND(Q51<>"",ISNUMBER(L51)),L51,"") | AD51: =IF(AND(Q51<>"",ISNUMBER(M51)),M51,"")
B52: 46249 | C52: Omar Haddad | D52: 84 | E52: 17.8 | F52: 86 | G52: 99 | H52: 104.4 | I52: 34.3 | J52: 58.2 | K52: 104.7 | L52: 32 | M52: 4.2 | O52: =IF(AND(B52="",C52=""),"",IF(NOT(ISNUMBER(B52)),"Needs a date",IF(C52="","Needs a client",IF(COUNTIF(Clients!$B$6:$B$105,C52)=0,"Not on Clients",IF(COUNT(D52:M52)=0,"Nothing measured",""))))) | P52: =IF(AND(O52="",ISNUMBER(B52)),INT(B52),0) | Q52: =IF(AND(P52>0,C52=Report!$C$5),P52*10000+ROW(),"") | R52: =IF(AND(Q52<>"",ISNUMBER(D52)),Q52,"") | S52: =IF(AND(Q52<>"",ISNUMBER(E52)),Q52,"") | T52: =IF(AND(Q52<>"",ISNUMBER(F52)),Q52,"") | U52: =IF(AND(Q52<>"",ISNUMBER(G52)),Q52,"") | V52: =IF(AND(Q52<>"",ISNUMBER(H52)),Q52,"") | W52: =IF(AND(Q52<>"",ISNUMBER(I52)),Q52,"") | X52: =IF(AND(Q52<>"",ISNUMBER(J52)),Q52,"") | Y52: =IF(AND(Q52<>"",ISNUMBER(K52)),Q52,"") | Z52: =IF(AND(Q52<>"",ISNUMBER(L52)),Q52,"") | AA52: =IF(AND(Q52<>"",ISNUMBER(M52)),Q52,"") | AB52: =IF(AND(Q52<>"",ISNUMBER(K52)),K52,"") | AC52: =IF(AND(Q52<>"",ISNUMBER(L52)),L52,"") | AD52: =IF(AND(Q52<>"",ISNUMBER(M52)),M52,"")
B53: 46253 | C53: Priya Nair | D53: 61 | E53: 24 | F53: 69 | K53: 46.9 | L53: 9 | M53: 5.2 | O53: =IF(AND(B53="",C53=""),"",IF(NOT(ISNUMBER(B53)),"Needs a date",IF(C53="","Needs a client",IF(COUNTIF(Clients!$B$6:$B$105,C53)=0,"Not on Clients",IF(COUNT(D53:M53)=0,"Nothing measured",""))))) | P53: =IF(AND(O53="",ISNUMBER(B53)),INT(B53),0) | Q53: =IF(AND(P53>0,C53=Report!$C$5),P53*10000+ROW(),"") | R53: =IF(AND(Q53<>"",ISNUMBER(D53)),Q53,"") | S53: =IF(AND(Q53<>"",ISNUMBER(E53)),Q53,"") | T53: =IF(AND(Q53<>"",ISNUMBER(F53)),Q53,"") | U53: =IF(AND(Q53<>"",ISNUMBER(G53)),Q53,"") | V53: =IF(AND(Q53<>"",ISNUMBER(H53)),Q53,"") | W53: =IF(AND(Q53<>"",ISNUMBER(I53)),Q53,"") | X53: =IF(AND(Q53<>"",ISNUMBER(J53)),Q53,"") | Y53: =IF(AND(Q53<>"",ISNUMBER(K53)),Q53,"") | Z53: =IF(AND(Q53<>"",ISNUMBER(L53)),Q53,"") | AA53: =IF(AND(Q53<>"",ISNUMBER(M53)),Q53,"") | AB53: =IF(AND(Q53<>"",ISNUMBER(K53)),K53,"") | AC53: =IF(AND(Q53<>"",ISNUMBER(L53)),L53,"") | AD53: =IF(AND(Q53<>"",ISNUMBER(M53)),M53,"")
B54: 46255 | C54: Tom Walsh | D54: 77.6 | E54: 19.2 | F54: 83.2 | G54: 97 | H54: 100.8 | I54: 32.5 | J54: 56 | K54: 88 | L54: 31 | M54: 4.5 | O54: =IF(AND(B54="",C54=""),"",IF(NOT(ISNUMBER(B54)),"Needs a date",IF(C54="","Needs a client",IF(COUNTIF(Clients!$B$6:$B$105,C54)=0,"Not on Clients",IF(COUNT(D54:M54)=0,"Nothing measured",""))))) | P54: =IF(AND(O54="",ISNUMBER(B54)),INT(B54),0) | Q54: =IF(AND(P54>0,C54=Report!$C$5),P54*10000+ROW(),"") | R54: =IF(AND(Q54<>"",ISNUMBER(D54)),Q54,"") | S54: =IF(AND(Q54<>"",ISNUMBER(E54)),Q54,"") | T54: =IF(AND(Q54<>"",ISNUMBER(F54)),Q54,"") | U54: =IF(AND(Q54<>"",ISNUMBER(G54)),Q54,"") | V54: =IF(AND(Q54<>"",ISNUMBER(H54)),Q54,"") | W54: =IF(AND(Q54<>"",ISNUMBER(I54)),Q54,"") | X54: =IF(AND(Q54<>"",ISNUMBER(J54)),Q54,"") | Y54: =IF(AND(Q54<>"",ISNUMBER(K54)),Q54,"") | Z54: =IF(AND(Q54<>"",ISNUMBER(L54)),Q54,"") | AA54: =IF(AND(Q54<>"",ISNUMBER(M54)),Q54,"") | AB54: =IF(AND(Q54<>"",ISNUMBER(K54)),K54,"") | AC54: =IF(AND(Q54<>"",ISNUMBER(L54)),L54,"") | AD54: =IF(AND(Q54<>"",ISNUMBER(M54)),M54,"")
B55: 46257 | C55: Leah Fischer | D55: 70.7 | E55: 28.8 | F55: 78.2 | K55: 53.3 | L55: 11 | M55: 5.4 | O55: =IF(AND(B55="",C55=""),"",IF(NOT(ISNUMBER(B55)),"Needs a date",IF(C55="","Needs a client",IF(COUNTIF(Clients!$B$6:$B$105,C55)=0,"Not on Clients",IF(COUNT(D55:M55)=0,"Nothing measured",""))))) | P55: =IF(AND(O55="",ISNUMBER(B55)),INT(B55),0) | Q55: =IF(AND(P55>0,C55=Report!$C$5),P55*10000+ROW(),"") | R55: =IF(AND(Q55<>"",ISNUMBER(D55)),Q55,"") | S55: =IF(AND(Q55<>"",ISNUMBER(E55)),Q55,"") | T55: =IF(AND(Q55<>"",ISNUMBER(F55)),Q55,"") | U55: =IF(AND(Q55<>"",ISNUMBER(G55)),Q55,"") | V55: =IF(AND(Q55<>"",ISNUMBER(H55)),Q55,"") | W55: =IF(AND(Q55<>"",ISNUMBER(I55)),Q55,"") | X55: =IF(AND(Q55<>"",ISNUMBER(J55)),Q55,"") | Y55: =IF(AND(Q55<>"",ISNUMBER(K55)),Q55,"") | Z55: =IF(AND(Q55<>"",ISNUMBER(L55)),Q55,"") | AA55: =IF(AND(Q55<>"",ISNUMBER(M55)),Q55,"") | AB55: =IF(AND(Q55<>"",ISNUMBER(K55)),K55,"") | AC55: =IF(AND(Q55<>"",ISNUMBER(L55)),L55,"") | AD55: =IF(AND(Q55<>"",ISNUMBER(M55)),M55,"")
B56: 46261 | C56: Ben Carter | D56: 89.3 | E56: 26.1 | F56: 94.9 | G56: 104.4 | H56: 107.6 | I56: 35 | J56: 59.7 | K56: 84.4 | L56: 20 | M56: 4.9 | O56: =IF(AND(B56="",C56=""),"",IF(NOT(ISNUMBER(B56)),"Needs a date",IF(C56="","Needs a client",IF(COUNTIF(Clients!$B$6:$B$105,C56)=0,"Not on Clients",IF(COUNT(D56:M56)=0,"Nothing measured",""))))) | P56: =IF(AND(O56="",ISNUMBER(B56)),INT(B56),0) | Q56: =IF(AND(P56>0,C56=Report!$C$5),P56*10000+ROW(),"") | R56: =IF(AND(Q56<>"",ISNUMBER(D56)),Q56,"") | S56: =IF(AND(Q56<>"",ISNUMBER(E56)),Q56,"") | T56: =IF(AND(Q56<>"",ISNUMBER(F56)),Q56,"") | U56: =IF(AND(Q56<>"",ISNUMBER(G56)),Q56,"") | V56: =IF(AND(Q56<>"",ISNUMBER(H56)),Q56,"") | W56: =IF(AND(Q56<>"",ISNUMBER(I56)),Q56,"") | X56: =IF(AND(Q56<>"",ISNUMBER(J56)),Q56,"") | Y56: =IF(AND(Q56<>"",ISNUMBER(K56)),Q56,"") | Z56: =IF(AND(Q56<>"",ISNUMBER(L56)),Q56,"") | AA56: =IF(AND(Q56<>"",ISNUMBER(M56)),Q56,"") | AB56: =IF(AND(Q56<>"",ISNUMBER(K56)),K56,"") | AC56: =IF(AND(Q56<>"",ISNUMBER(L56)),L56,"") | AD56: =IF(AND(Q56<>"",ISNUMBER(M56)),M56,"")
B57: 46261 | C57: Luis Moreno | D57: 70.4 | E57: 15 | F57: 78.1 | K57: 89.3 | L57: 29 | M57: 4.8 | O57: =IF(AND(B57="",C57=""),"",IF(NOT(ISNUMBER(B57)),"Needs a date",IF(C57="","Needs a client",IF(COUNTIF(Clients!$B$6:$B$105,C57)=0,"Not on Clients",IF(COUNT(D57:M57)=0,"Nothing measured",""))))) | P57: =IF(AND(O57="",ISNUMBER(B57)),INT(B57),0) | Q57: =IF(AND(P57>0,C57=Report!$C$5),P57*10000+ROW(),"") | R57: =IF(AND(Q57<>"",ISNUMBER(D57)),Q57,"") | S57: =IF(AND(Q57<>"",ISNUMBER(E57)),Q57,"") | T57: =IF(AND(Q57<>"",ISNUMBER(F57)),Q57,"") | U57: =IF(AND(Q57<>"",ISNUMBER(G57)),Q57,"") | V57: =IF(AND(Q57<>"",ISNUMBER(H57)),Q57,"") | W57: =IF(AND(Q57<>"",ISNUMBER(I57)),Q57,"") | X57: =IF(AND(Q57<>"",ISNUMBER(J57)),Q57,"") | Y57: =IF(AND(Q57<>"",ISNUMBER(K57)),Q57,"") | Z57: =IF(AND(Q57<>"",ISNUMBER(L57)),Q57,"") | AA57: =IF(AND(Q57<>"",ISNUMBER(M57)),Q57,"") | AB57: =IF(AND(Q57<>"",ISNUMBER(K57)),K57,"") | AC57: =IF(AND(Q57<>"",ISNUMBER(L57)),L57,"") | AD57: =IF(AND(Q57<>"",ISNUMBER(M57)),M57,"")
B58: 46263 | C58: Maya Ortiz | D58: 65.6 | E58: 24.6 | F58: 72.5 | K58: 71 | L58: 20 | M58: 4.5 | O58: =IF(AND(B58="",C58=""),"",IF(NOT(ISNUMBER(B58)),"Needs a date",IF(C58="","Needs a client",IF(COUNTIF(Clients!$B$6:$B$105,C58)=0,"Not on Clients",IF(COUNT(D58:M58)=0,"Nothing measured",""))))) | P58: =IF(AND(O58="",ISNUMBER(B58)),INT(B58),0) | Q58: =IF(AND(P58>0,C58=Report!$C$5),P58*10000+ROW(),"") | R58: =IF(AND(Q58<>"",ISNUMBER(D58)),Q58,"") | S58: =IF(AND(Q58<>"",ISNUMBER(E58)),Q58,"") | T58: =IF(AND(Q58<>"",ISNUMBER(F58)),Q58,"") | U58: =IF(AND(Q58<>"",ISNUMBER(G58)),Q58,"") | V58: =IF(AND(Q58<>"",ISNUMBER(H58)),Q58,"") | W58: =IF(AND(Q58<>"",ISNUMBER(I58)),Q58,"") | X58: =IF(AND(Q58<>"",ISNUMBER(J58)),Q58,"") | Y58: =IF(AND(Q58<>"",ISNUMBER(K58)),Q58,"") | Z58: =IF(AND(Q58<>"",ISNUMBER(L58)),Q58,"") | AA58: =IF(AND(Q58<>"",ISNUMBER(M58)),Q58,"") | AB58: =IF(AND(Q58<>"",ISNUMBER(K58)),K58,"") | AC58: =IF(AND(Q58<>"",ISNUMBER(L58)),L58,"") | AD58: =IF(AND(Q58<>"",ISNUMBER(M58)),M58,"")
B59: 46263 | C59: Sam Taylor | D59: 87.9 | E59: 26 | F59: 94 | G59: 104 | H59: 106 | I59: 33 | J59: 60 | K59: 55.2 | L59: 10 | M59: 5.5 | N59: First check-in | O59: =IF(AND(B59="",C59=""),"",IF(NOT(ISNUMBER(B59)),"Needs a date",IF(C59="","Needs a client",IF(COUNTIF(Clients!$B$6:$B$105,C59)=0,"Not on Clients",IF(COUNT(D59:M59)=0,"Nothing measured",""))))) | P59: =IF(AND(O59="",ISNUMBER(B59)),INT(B59),0) | Q59: =IF(AND(P59>0,C59=Report!$C$5),P59*10000+ROW(),"") | R59: =IF(AND(Q59<>"",ISNUMBER(D59)),Q59,"") | S59: =IF(AND(Q59<>"",ISNUMBER(E59)),Q59,"") | T59: =IF(AND(Q59<>"",ISNUMBER(F59)),Q59,"") | U59: =IF(AND(Q59<>"",ISNUMBER(G59)),Q59,"") | V59: =IF(AND(Q59<>"",ISNUMBER(H59)),Q59,"") | W59: =IF(AND(Q59<>"",ISNUMBER(I59)),Q59,"") | X59: =IF(AND(Q59<>"",ISNUMBER(J59)),Q59,"") | Y59: =IF(AND(Q59<>"",ISNUMBER(K59)),Q59,"") | Z59: =IF(AND(Q59<>"",ISNUMBER(L59)),Q59,"") | AA59: =IF(AND(Q59<>"",ISNUMBER(M59)),Q59,"") | AB59: =IF(AND(Q59<>"",ISNUMBER(K59)),K59,"") | AC59: =IF(AND(Q59<>"",ISNUMBER(L59)),L59,"") | AD59: =IF(AND(Q59<>"",ISNUMBER(M59)),M59,"")
B60: 46277 | C60: Maya Ortiz | D60: 65.5 | E60: 24.4 | F60: 72.1 | G60: 95.5 | H60: 92 | I60: 30 | J60: 55.4 | K60: 72.2 | L60: 20 | M60: 4.5 | N60: Squat and row up again. | O60: =IF(AND(B60="",C60=""),"",IF(NOT(ISNUMBER(B60)),"Needs a date",IF(C60="","Needs a client",IF(COUNTIF(Clients!$B$6:$B$105,C60)=0,"Not on Clients",IF(COUNT(D60:M60)=0,"Nothing measured",""))))) | P60: =IF(AND(O60="",ISNUMBER(B60)),INT(B60),0) | Q60: =IF(AND(P60>0,C60=Report!$C$5),P60*10000+ROW(),"") | R60: =IF(AND(Q60<>"",ISNUMBER(D60)),Q60,"") | S60: =IF(AND(Q60<>"",ISNUMBER(E60)),Q60,"") | T60: =IF(AND(Q60<>"",ISNUMBER(F60)),Q60,"") | U60: =IF(AND(Q60<>"",ISNUMBER(G60)),Q60,"") | V60: =IF(AND(Q60<>"",ISNUMBER(H60)),Q60,"") | W60: =IF(AND(Q60<>"",ISNUMBER(I60)),Q60,"") | X60: =IF(AND(Q60<>"",ISNUMBER(J60)),Q60,"") | Y60: =IF(AND(Q60<>"",ISNUMBER(K60)),Q60,"") | Z60: =IF(AND(Q60<>"",ISNUMBER(L60)),Q60,"") | AA60: =IF(AND(Q60<>"",ISNUMBER(M60)),Q60,"") | AB60: =IF(AND(Q60<>"",ISNUMBER(K60)),K60,"") | AC60: =IF(AND(Q60<>"",ISNUMBER(L60)),L60,"") | AD60: =IF(AND(Q60<>"",ISNUMBER(M60)),M60,"")
B61: 46277 | C61: Omar Haddad | D61: 84 | E61: 17.7 | F61: 86 | K61: 107.4 | L61: 33 | M61: 4.2 | O61: =IF(AND(B61="",C61=""),"",IF(NOT(ISNUMBER(B61)),"Needs a date",IF(C61="","Needs a client",IF(COUNTIF(Clients!$B$6:$B$105,C61)=0,"Not on Clients",IF(COUNT(D61:M61)=0,"Nothing measured",""))))) | P61: =IF(AND(O61="",ISNUMBER(B61)),INT(B61),0) | Q61: =IF(AND(P61>0,C61=Report!$C$5),P61*10000+ROW(),"") | R61: =IF(AND(Q61<>"",ISNUMBER(D61)),Q61,"") | S61: =IF(AND(Q61<>"",ISNUMBER(E61)),Q61,"") | T61: =IF(AND(Q61<>"",ISNUMBER(F61)),Q61,"") | U61: =IF(AND(Q61<>"",ISNUMBER(G61)),Q61,"") | V61: =IF(AND(Q61<>"",ISNUMBER(H61)),Q61,"") | W61: =IF(AND(Q61<>"",ISNUMBER(I61)),Q61,"") | X61: =IF(AND(Q61<>"",ISNUMBER(J61)),Q61,"") | Y61: =IF(AND(Q61<>"",ISNUMBER(K61)),Q61,"") | Z61: =IF(AND(Q61<>"",ISNUMBER(L61)),Q61,"") | AA61: =IF(AND(Q61<>"",ISNUMBER(M61)),Q61,"") | AB61: =IF(AND(Q61<>"",ISNUMBER(K61)),K61,"") | AC61: =IF(AND(Q61<>"",ISNUMBER(L61)),L61,"") | AD61: =IF(AND(Q61<>"",ISNUMBER(M61)),M61,"")
B62: 46281 | C62: Priya Nair | D62: 61 | E62: 23.8 | F62: 68.8 | G62: 95 | H62: 88 | I62: 27.7 | J62: 54 | K62: 49.3 | L62: 10 | M62: 5.2 | O62: =IF(AND(B62="",C62=""),"",IF(NOT(ISNUMBER(B62)),"Needs a date",IF(C62="","Needs a client",IF(COUNTIF(Clients!$B$6:$B$105,C62)=0,"Not on Clients",IF(COUNT(D62:M62)=0,"Nothing measured",""))))) | P62: =IF(AND(O62="",ISNUMBER(B62)),INT(B62),0) | Q62: =IF(AND(P62>0,C62=Report!$C$5),P62*10000+ROW(),"") | R62: =IF(AND(Q62<>"",ISNUMBER(D62)),Q62,"") | S62: =IF(AND(Q62<>"",ISNUMBER(E62)),Q62,"") | T62: =IF(AND(Q62<>"",ISNUMBER(F62)),Q62,"") | U62: =IF(AND(Q62<>"",ISNUMBER(G62)),Q62,"") | V62: =IF(AND(Q62<>"",ISNUMBER(H62)),Q62,"") | W62: =IF(AND(Q62<>"",ISNUMBER(I62)),Q62,"") | X62: =IF(AND(Q62<>"",ISNUMBER(J62)),Q62,"") | Y62: =IF(AND(Q62<>"",ISNUMBER(K62)),Q62,"") | Z62: =IF(AND(Q62<>"",ISNUMBER(L62)),Q62,"") | AA62: =IF(AND(Q62<>"",ISNUMBER(M62)),Q62,"") | AB62: =IF(AND(Q62<>"",ISNUMBER(K62)),K62,"") | AC62: =IF(AND(Q62<>"",ISNUMBER(L62)),L62,"") | AD62: =IF(AND(Q62<>"",ISNUMBER(M62)),M62,"")
B63: 46283 | C63: Tom Walsh | D63: 77.4 | E63: 19 | F63: 83 | K63: 90 | L63: 32 | M63: 4.5 | O63: =IF(AND(B63="",C63=""),"",IF(NOT(ISNUMBER(B63)),"Needs a date",IF(C63="","Needs a client",IF(COUNTIF(Clients!$B$6:$B$105,C63)=0,"Not on Clients",IF(COUNT(D63:M63)=0,"Nothing measured",""))))) | P63: =IF(AND(O63="",ISNUMBER(B63)),INT(B63),0) | Q63: =IF(AND(P63>0,C63=Report!$C$5),P63*10000+ROW(),"") | R63: =IF(AND(Q63<>"",ISNUMBER(D63)),Q63,"") | S63: =IF(AND(Q63<>"",ISNUMBER(E63)),Q63,"") | T63: =IF(AND(Q63<>"",ISNUMBER(F63)),Q63,"") | U63: =IF(AND(Q63<>"",ISNUMBER(G63)),Q63,"") | V63: =IF(AND(Q63<>"",ISNUMBER(H63)),Q63,"") | W63: =IF(AND(Q63<>"",ISNUMBER(I63)),Q63,"") | X63: =IF(AND(Q63<>"",ISNUMBER(J63)),Q63,"") | Y63: =IF(AND(Q63<>"",ISNUMBER(K63)),Q63,"") | Z63: =IF(AND(Q63<>"",ISNUMBER(L63)),Q63,"") | AA63: =IF(AND(Q63<>"",ISNUMBER(M63)),Q63,"") | AB63: =IF(AND(Q63<>"",ISNUMBER(K63)),K63,"") | AC63: =IF(AND(Q63<>"",ISNUMBER(L63)),L63,"") | AD63: =IF(AND(Q63<>"",ISNUMBER(M63)),M63,"")
B64: 46285 | C64: Leah Fischer | D64: 70.4 | E64: 28.5 | F64: 77.6 | G64: 100.4 | H64: 93.2 | I64: 30 | J64: 58.2 | K64: 56.1 | L64: 12 | M64: 5.4 | O64: =IF(AND(B64="",C64=""),"",IF(NOT(ISNUMBER(B64)),"Needs a date",IF(C64="","Needs a client",IF(COUNTIF(Clients!$B$6:$B$105,C64)=0,"Not on Clients",IF(COUNT(D64:M64)=0,"Nothing measured",""))))) | P64: =IF(AND(O64="",ISNUMBER(B64)),INT(B64),0) | Q64: =IF(AND(P64>0,C64=Report!$C$5),P64*10000+ROW(),"") | R64: =IF(AND(Q64<>"",ISNUMBER(D64)),Q64,"") | S64: =IF(AND(Q64<>"",ISNUMBER(E64)),Q64,"") | T64: =IF(AND(Q64<>"",ISNUMBER(F64)),Q64,"") | U64: =IF(AND(Q64<>"",ISNUMBER(G64)),Q64,"") | V64: =IF(AND(Q64<>"",ISNUMBER(H64)),Q64,"") | W64: =IF(AND(Q64<>"",ISNUMBER(I64)),Q64,"") | X64: =IF(AND(Q64<>"",ISNUMBER(J64)),Q64,"") | Y64: =IF(AND(Q64<>"",ISNUMBER(K64)),Q64,"") | Z64: =IF(AND(Q64<>"",ISNUMBER(L64)),Q64,"") | AA64: =IF(AND(Q64<>"",ISNUMBER(M64)),Q64,"") | AB64: =IF(AND(Q64<>"",ISNUMBER(K64)),K64,"") | AC64: =IF(AND(Q64<>"",ISNUMBER(L64)),L64,"") | AD64: =IF(AND(Q64<>"",ISNUMBER(M64)),M64,"")
O65: =IF(AND(B65="",C65=""),"",IF(NOT(ISNUMBER(B65)),"Needs a date",IF(C65="","Needs a client",IF(COUNTIF(Clients!$B$6:$B$105,C65)=0,"Not on Clients",IF(COUNT(D65:M65)=0,"Nothing measured",""))))) | P65: =IF(AND(O65="",ISNUMBER(B65)),INT(B65),0) | Q65: =IF(AND(P65>0,C65=Report!$C$5),P65*10000+ROW(),"") | R65: =IF(AND(Q65<>"",ISNUMBER(D65)),Q65,"") | S65: =IF(AND(Q65<>"",ISNUMBER(E65)),Q65,"") | T65: =IF(AND(Q65<>"",ISNUMBER(F65)),Q65,"") | U65: =IF(AND(Q65<>"",ISNUMBER(G65)),Q65,"") | V65: =IF(AND(Q65<>"",ISNUMBER(H65)),Q65,"") | W65: =IF(AND(Q65<>"",ISNUMBER(I65)),Q65,"") | X65: =IF(AND(Q65<>"",ISNUMBER(J65)),Q65,"") | Y65: =IF(AND(Q65<>"",ISNUMBER(K65)),Q65,"") | Z65: =IF(AND(Q65<>"",ISNUMBER(L65)),Q65,"") | AA65: =IF(AND(Q65<>"",ISNUMBER(M65)),Q65,"") | AB65: =IF(AND(Q65<>"",ISNUMBER(K65)),K65,"") | AC65: =IF(AND(Q65<>"",ISNUMBER(L65)),L65,"") | AD65: =IF(AND(Q65<>"",ISNUMBER(M65)),M65,"")
O66: =IF(AND(B66="",C66=""),"",IF(NOT(ISNUMBER(B66)),"Needs a date",IF(C66="","Needs a client",IF(COUNTIF(Clients!$B$6:$B$105,C66)=0,"Not on Clients",IF(COUNT(D66:M66)=0,"Nothing measured",""))))) | P66: =IF(AND(O66="",ISNUMBER(B66)),INT(B66),0) | Q66: =IF(AND(P66>0,C66=Report!$C$5),P66*10000+ROW(),"") | R66: =IF(AND(Q66<>"",ISNUMBER(D66)),Q66,"") | S66: =IF(AND(Q66<>"",ISNUMBER(E66)),Q66,"") | T66: =IF(AND(Q66<>"",ISNUMBER(F66)),Q66,"") | U66: =IF(AND(Q66<>"",ISNUMBER(G66)),Q66,"") | V66: =IF(AND(Q66<>"",ISNUMBER(H66)),Q66,"") | W66: =IF(AND(Q66<>"",ISNUMBER(I66)),Q66,"") | X66: =IF(AND(Q66<>"",ISNUMBER(J66)),Q66,"") | Y66: =IF(AND(Q66<>"",ISNUMBER(K66)),Q66,"") | Z66: =IF(AND(Q66<>"",ISNUMBER(L66)),Q66,"") | AA66: =IF(AND(Q66<>"",ISNUMBER(M66)),Q66,"") | AB66: =IF(AND(Q66<>"",ISNUMBER(K66)),K66,"") | AC66: =IF(AND(Q66<>"",ISNUMBER(L66)),L66,"") | AD66: =IF(AND(Q66<>"",ISNUMBER(M66)),M66,"")
O67: =IF(AND(B67="",C67=""),"",IF(NOT(ISNUMBER(B67)),"Needs a date",IF(C67="","Needs a client",IF(COUNTIF(Clients!$B$6:$B$105,C67)=0,"Not on Clients",IF(COUNT(D67:M67)=0,"Nothing measured",""))))) | P67: =IF(AND(O67="",ISNUMBER(B67)),INT(B67),0) | Q67: =IF(AND(P67>0,C67=Report!$C$5),P67*10000+ROW(),"") | R67: =IF(AND(Q67<>"",ISNUMBER(D67)),Q67,"") | S67: =IF(AND(Q67<>"",ISNUMBER(E67)),Q67,"") | T67: =IF(AND(Q67<>"",ISNUMBER(F67)),Q67,"") | U67: =IF(AND(Q67<>"",ISNUMBER(G67)),Q67,"") | V67: =IF(AND(Q67<>"",ISNUMBER(H67)),Q67,"") | W67: =IF(AND(Q67<>"",ISNUMBER(I67)),Q67,"") | X67: =IF(AND(Q67<>"",ISNUMBER(J67)),Q67,"") | Y67: =IF(AND(Q67<>"",ISNUMBER(K67)),Q67,"") | Z67: =IF(AND(Q67<>"",ISNUMBER(L67)),Q67,"") | AA67: =IF(AND(Q67<>"",ISNUMBER(M67)),Q67,"") | AB67: =IF(AND(Q67<>"",ISNUMBER(K67)),K67,"") | AC67: =IF(AND(Q67<>"",ISNUMBER(L67)),L67,"") | AD67: =IF(AND(Q67<>"",ISNUMBER(M67)),M67,"")
O68: =IF(AND(B68="",C68=""),"",IF(NOT(ISNUMBER(B68)),"Needs a date",IF(C68="","Needs a client",IF(COUNTIF(Clients!$B$6:$B$105,C68)=0,"Not on Clients",IF(COUNT(D68:M68)=0,"Nothing measured",""))))) | P68: =IF(AND(O68="",ISNUMBER(B68)),INT(B68),0) | Q68: =IF(AND(P68>0,C68=Report!$C$5),P68*10000+ROW(),"") | R68: =IF(AND(Q68<>"",ISNUMBER(D68)),Q68,"") | S68: =IF(AND(Q68<>"",ISNUMBER(E68)),Q68,"") | T68: =IF(AND(Q68<>"",ISNUMBER(F68)),Q68,"") | U68: =IF(AND(Q68<>"",ISNUMBER(G68)),Q68,"") | V68: =IF(AND(Q68<>"",ISNUMBER(H68)),Q68,"") | W68: =IF(AND(Q68<>"",ISNUMBER(I68)),Q68,"") | X68: =IF(AND(Q68<>"",ISNUMBER(J68)),Q68,"") | Y68: =IF(AND(Q68<>"",ISNUMBER(K68)),Q68,"") | Z68: =IF(AND(Q68<>"",ISNUMBER(L68)),Q68,"") | AA68: =IF(AND(Q68<>"",ISNUMBER(M68)),Q68,"") | AB68: =IF(AND(Q68<>"",ISNUMBER(K68)),K68,"") | AC68: =IF(AND(Q68<>"",ISNUMBER(L68)),L68,"") | AD68: =IF(AND(Q68<>"",ISNUMBER(M68)),M68,"")
O69: =IF(AND(B69="",C69=""),"",IF(NOT(ISNUMBER(B69)),"Needs a date",IF(C69="","Needs a client",IF(COUNTIF(Clients!$B$6:$B$105,C69)=0,"Not on Clients",IF(COUNT(D69:M69)=0,"Nothing measured",""))))) | P69: =IF(AND(O69="",ISNUMBER(B69)),INT(B69),0) | Q69: =IF(AND(P69>0,C69=Report!$C$5),P69*10000+ROW(),"") | R69: =IF(AND(Q69<>"",ISNUMBER(D69)),Q69,"") | S69: =IF(AND(Q69<>"",ISNUMBER(E69)),Q69,"") | T69: =IF(AND(Q69<>"",ISNUMBER(F69)),Q69,"") | U69: =IF(AND(Q69<>"",ISNUMBER(G69)),Q69,"") | V69: =IF(AND(Q69<>"",ISNUMBER(H69)),Q69,"") | W69: =IF(AND(Q69<>"",ISNUMBER(I69)),Q69,"") | X69: =IF(AND(Q69<>"",ISNUMBER(J69)),Q69,"") | Y69: =IF(AND(Q69<>"",ISNUMBER(K69)),Q69,"") | Z69: =IF(AND(Q69<>"",ISNUMBER(L69)),Q69,"") | AA69: =IF(AND(Q69<>"",ISNUMBER(M69)),Q69,"") | AB69: =IF(AND(Q69<>"",ISNUMBER(K69)),K69,"") | AC69: =IF(AND(Q69<>"",ISNUMBER(L69)),L69,"") | AD69: =IF(AND(Q69<>"",ISNUMBER(M69)),M69,"")
O70: =IF(AND(B70="",C70=""),"",IF(NOT(ISNUMBER(B70)),"Needs a date",IF(C70="","Needs a client",IF(COUNTIF(Clients!$B$6:$B$105,C70)=0,"Not on Clients",IF(COUNT(D70:M70)=0,"Nothing measured",""))))) | P70: =IF(AND(O70="",ISNUMBER(B70)),INT(B70),0) | Q70: =IF(AND(P70>0,C70=Report!$C$5),P70*10000+ROW(),"") | R70: =IF(AND(Q70<>"",ISNUMBER(D70)),Q70,"") | S70: =IF(AND(Q70<>"",ISNUMBER(E70)),Q70,"") | T70: =IF(AND(Q70<>"",ISNUMBER(F70)),Q70,"") | U70: =IF(AND(Q70<>"",ISNUMBER(G70)),Q70,"") | V70: =IF(AND(Q70<>"",ISNUMBER(H70)),Q70,"") | W70: =IF(AND(Q70<>"",ISNUMBER(I70)),Q70,"") | X70: =IF(AND(Q70<>"",ISNUMBER(J70)),Q70,"") | Y70: =IF(AND(Q70<>"",ISNUMBER(K70)),Q70,"") | Z70: =IF(AND(Q70<>"",ISNUMBER(L70)),Q70,"") | AA70: =IF(AND(Q70<>"",ISNUMBER(M70)),Q70,"") | AB70: =IF(AND(Q70<>"",ISNUMBER(K70)),K70,"") | AC70: =IF(AND(Q70<>"",ISNUMBER(L70)),L70,"") | AD70: =IF(AND(Q70<>"",ISNUMBER(M70)),M70,"")
O71: =IF(AND(B71="",C71=""),"",IF(NOT(ISNUMBER(B71)),"Needs a date",IF(C71="","Needs a client",IF(COUNTIF(Clients!$B$6:$B$105,C71)=0,"Not on Clients",IF(COUNT(D71:M71)=0,"Nothing measured",""))))) | P71: =IF(AND(O71="",ISNUMBER(B71)),INT(B71),0) | Q71: =IF(AND(P71>0,C71=Report!$C$5),P71*10000+ROW(),"") | R71: =IF(AND(Q71<>"",ISNUMBER(D71)),Q71,"") | S71: =IF(AND(Q71<>"",ISNUMBER(E71)),Q71,"") | T71: =IF(AND(Q71<>"",ISNUMBER(F71)),Q71,"") | U71: =IF(AND(Q71<>"",ISNUMBER(G71)),Q71,"") | V71: =IF(AND(Q71<>"",ISNUMBER(H71)),Q71,"") | W71: =IF(AND(Q71<>"",ISNUMBER(I71)),Q71,"") | X71: =IF(AND(Q71<>"",ISNUMBER(J71)),Q71,"") | Y71: =IF(AND(Q71<>"",ISNUMBER(K71)),Q71,"") | Z71: =IF(AND(Q71<>"",ISNUMBER(L71)),Q71,"") | AA71: =IF(AND(Q71<>"",ISNUMBER(M71)),Q71,"") | AB71: =IF(AND(Q71<>"",ISNUMBER(K71)),K71,"") | AC71: =IF(AND(Q71<>"",ISNUMBER(L71)),L71,"") | AD71: =IF(AND(Q71<>"",ISNUMBER(M71)),M71,"")
O72: =IF(AND(B72="",C72=""),"",IF(NOT(ISNUMBER(B72)),"Needs a date",IF(C72="","Needs a client",IF(COUNTIF(Clients!$B$6:$B$105,C72)=0,"Not on Clients",IF(COUNT(D72:M72)=0,"Nothing measured",""))))) | P72: =IF(AND(O72="",ISNUMBER(B72)),INT(B72),0) | Q72: =IF(AND(P72>0,C72=Report!$C$5),P72*10000+ROW(),"") | R72: =IF(AND(Q72<>"",ISNUMBER(D72)),Q72,"") | S72: =IF(AND(Q72<>"",ISNUMBER(E72)),Q72,"") | T72: =IF(AND(Q72<>"",ISNUMBER(F72)),Q72,"") | U72: =IF(AND(Q72<>"",ISNUMBER(G72)),Q72,"") | V72: =IF(AND(Q72<>"",ISNUMBER(H72)),Q72,"") | W72: =IF(AND(Q72<>"",ISNUMBER(I72)),Q72,"") | X72: =IF(AND(Q72<>"",ISNUMBER(J72)),Q72,"") | Y72: =IF(AND(Q72<>"",ISNUMBER(K72)),Q72,"") | Z72: =IF(AND(Q72<>"",ISNUMBER(L72)),Q72,"") | AA72: =IF(AND(Q72<>"",ISNUMBER(M72)),Q72,"") | AB72: =IF(AND(Q72<>"",ISNUMBER(K72)),K72,"") | AC72: =IF(AND(Q72<>"",ISNUMBER(L72)),L72,"") | AD72: =IF(AND(Q72<>"",ISNUMBER(M72)),M72,"")
O73: =IF(AND(B73="",C73=""),"",IF(NOT(ISNUMBER(B73)),"Needs a date",IF(C73="","Needs a client",IF(COUNTIF(Clients!$B$6:$B$105,C73)=0,"Not on Clients",IF(COUNT(D73:M73)=0,"Nothing measured",""))))) | P73: =IF(AND(O73="",ISNUMBER(B73)),INT(B73),0) | Q73: =IF(AND(P73>0,C73=Report!$C$5),P73*10000+ROW(),"") | R73: =IF(AND(Q73<>"",ISNUMBER(D73)),Q73,"") | S73: =IF(AND(Q73<>"",ISNUMBER(E73)),Q73,"") | T73: =IF(AND(Q73<>"",ISNUMBER(F73)),Q73,"") | U73: =IF(AND(Q73<>"",ISNUMBER(G73)),Q73,"") | V73: =IF(AND(Q73<>"",ISNUMBER(H73)),Q73,"") | W73: =IF(AND(Q73<>"",ISNUMBER(I73)),Q73,"") | X73: =IF(AND(Q73<>"",ISNUMBER(J73)),Q73,"") | Y73: =IF(AND(Q73<>"",ISNUMBER(K73)),Q73,"") | Z73: =IF(AND(Q73<>"",ISNUMBER(L73)),Q73,"") | AA73: =IF(AND(Q73<>"",ISNUMBER(M73)),Q73,"") | AB73: =IF(AND(Q73<>"",ISNUMBER(K73)),K73,"") | AC73: =IF(AND(Q73<>"",ISNUMBER(L73)),L73,"") | AD73: =IF(AND(Q73<>"",ISNUMBER(M73)),M73,"")
O74: =IF(AND(B74="",C74=""),"",IF(NOT(ISNUMBER(B74)),"Needs a date",IF(C74="","Needs a client",IF(COUNTIF(Clients!$B$6:$B$105,C74)=0,"Not on Clients",IF(COUNT(D74:M74)=0,"Nothing measured",""))))) | P74: =IF(AND(O74="",ISNUMBER(B74)),INT(B74),0) | Q74: =IF(AND(P74>0,C74=Report!$C$5),P74*10000+ROW(),"") | R74: =IF(AND(Q74<>"",ISNUMBER(D74)),Q74,"") | S74: =IF(AND(Q74<>"",ISNUMBER(E74)),Q74,"") | T74: =IF(AND(Q74<>"",ISNUMBER(F74)),Q74,"") | U74: =IF(AND(Q74<>"",ISNUMBER(G74)),Q74,"") | V74: =IF(AND(Q74<>"",ISNUMBER(H74)),Q74,"") | W74: =IF(AND(Q74<>"",ISNUMBER(I74)),Q74,"") | X74: =IF(AND(Q74<>"",ISNUMBER(J74)),Q74,"") | Y74: =IF(AND(Q74<>"",ISNUMBER(K74)),Q74,"") | Z74: =IF(AND(Q74<>"",ISNUMBER(L74)),Q74,"") | AA74: =IF(AND(Q74<>"",ISNUMBER(M74)),Q74,"") | AB74: =IF(AND(Q74<>"",ISNUMBER(K74)),K74,"") | AC74: =IF(AND(Q74<>"",ISNUMBER(L74)),L74,"") | AD74: =IF(AND(Q74<>"",ISNUMBER(M74)),M74,"")
O75: =IF(AND(B75="",C75=""),"",IF(NOT(ISNUMBER(B75)),"Needs a date",IF(C75="","Needs a client",IF(COUNTIF(Clients!$B$6:$B$105,C75)=0,"Not on Clients",IF(COUNT(D75:M75)=0,"Nothing measured",""))))) | P75: =IF(AND(O75="",ISNUMBER(B75)),INT(B75),0) | Q75: =IF(AND(P75>0,C75=Report!$C$5),P75*10000+ROW(),"") | R75: =IF(AND(Q75<>"",ISNUMBER(D75)),Q75,"") | S75: =IF(AND(Q75<>"",ISNUMBER(E75)),Q75,"") | T75: =IF(AND(Q75<>"",ISNUMBER(F75)),Q75,"") | U75: =IF(AND(Q75<>"",ISNUMBER(G75)),Q75,"") | V75: =IF(AND(Q75<>"",ISNUMBER(H75)),Q75,"") | W75: =IF(AND(Q75<>"",ISNUMBER(I75)),Q75,"") | X75: =IF(AND(Q75<>"",ISNUMBER(J75)),Q75,"") | Y75: =IF(AND(Q75<>"",ISNUMBER(K75)),Q75,"") | Z75: =IF(AND(Q75<>"",ISNUMBER(L75)),Q75,"") | AA75: =IF(AND(Q75<>"",ISNUMBER(M75)),Q75,"") | AB75: =IF(AND(Q75<>"",ISNUMBER(K75)),K75,"") | AC75: =IF(AND(Q75<>"",ISNUMBER(L75)),L75,"") | AD75: =IF(AND(Q75<>"",ISNUMBER(M75)),M75,"")
O76: =IF(AND(B76="",C76=""),"",IF(NOT(ISNUMBER(B76)),"Needs a date",IF(C76="","Needs a client",IF(COUNTIF(Clients!$B$6:$B$105,C76)=0,"Not on Clients",IF(COUNT(D76:M76)=0,"Nothing measured",""))))) | P76: =IF(AND(O76="",ISNUMBER(B76)),INT(B76),0) | Q76: =IF(AND(P76>0,C76=Report!$C$5),P76*10000+ROW(),"") | R76: =IF(AND(Q76<>"",ISNUMBER(D76)),Q76,"") | S76: =IF(AND(Q76<>"",ISNUMBER(E76)),Q76,"") | T76: =IF(AND(Q76<>"",ISNUMBER(F76)),Q76,"") | U76: =IF(AND(Q76<>"",ISNUMBER(G76)),Q76,"") | V76: =IF(AND(Q76<>"",ISNUMBER(H76)),Q76,"") | W76: =IF(AND(Q76<>"",ISNUMBER(I76)),Q76,"") | X76: =IF(AND(Q76<>"",ISNUMBER(J76)),Q76,"") | Y76: =IF(AND(Q76<>"",ISNUMBER(K76)),Q76,"") | Z76: =IF(AND(Q76<>"",ISNUMBER(L76)),Q76,"") | AA76: =IF(AND(Q76<>"",ISNUMBER(M76)),Q76,"") | AB76: =IF(AND(Q76<>"",ISNUMBER(K76)),K76,"") | AC76: =IF(AND(Q76<>"",ISNUMBER(L76)),L76,"") | AD76: =IF(AND(Q76<>"",ISNUMBER(M76)),M76,"")
... O1505: =IF(AND(B1505="",C1505=""),"",IF(NOT(ISNUMBER(B1505)),"Needs a date",IF(C1505="","Needs a client",IF(COUNTIF(Clients!$B$6:$B$105,C1505)=0,"Not on Clients",IF(COUNT(D1505:M1505)=0,"Nothing measured",""))))) | P1505: =IF(AND(O1505="",ISNUMBER(B1505)),INT(B1505),0) | Q1505: =IF(AND(P1505>0,C1505=Report!$C$5),P1505*10000+ROW(),"") | R1505: =IF(AND(Q1505<>"",ISNUMBER(D1505)),Q1505,"") | S1505: =IF(AND(Q1505<>"",ISNUMBER(E1505)),Q1505,"") | T1505: =IF(AND(Q1505<>"",ISNUMBER(F1505)),Q1505,"") | U1505: =IF(AND(Q1505<>"",ISNUMBER(G1505)),Q1505,"") | V1505: =IF(AND(Q1505<>"",ISNUMBER(H1505)),Q1505,"") | W1505: =IF(AND(Q1505<>"",ISNUMBER(I1505)),Q1505,"") | X1505: =IF(AND(Q1505<>"",ISNUMBER(J1505)),Q1505,"") | Y1505: =IF(AND(Q1505<>"",ISNUMBER(K1505)),Q1505,"") | Z1505: =IF(AND(Q1505<>"",ISNUMBER(L1505)),Q1505,"") | AA1505: =IF(AND(Q1505<>"",ISNUMBER(M1505)),Q1505,"") | AB1505: =IF(AND(Q1505<>"",ISNUMBER(K1505)),K1505,"") | AC1505: =IF(AND(Q1505<>"",ISNUMBER(L1505)),L1505,"") | AD1505: =IF(AND(Q1505<>"",ISNUMBER(M1505)),M1505,"")

Sheet Report
B2: =IF(Settings!$C$4="","Progress report",Settings!$C$4)
B3: ="Progress report, "&DAY(TODAY())&" "&CHOOSE(MONTH(TODAY()),"Jan","Feb","Mar","Apr","May","Jun","Jul","Aug","Sep","Oct","Nov","Dec")&" "&YEAR(TODAY())
B5: Client | C5: Maya Ortiz
B7: Goal | C7: =IFERROR(IF(INDEX(Clients!$E$6:$E$105,MATCH($C$5,Clients!$B$6:$B$105,0))="","",INDEX(Clients!$E$6:$E$105,MATCH($C$5,Clients!$B$6:$B$105,0))),"")
B8: Started | C8: =IFERROR(IF(INDEX(Clients!$D$6:$D$105,MATCH($C$5,Clients!$B$6:$B$105,0))="","",INDEX(Clients!$D$6:$D$105,MATCH($C$5,Clients!$B$6:$B$105,0))),"")
B9: Sessions attended | C9: =IFERROR(INDEX(Clients!$G$6:$G$105,MATCH($C$5,Clients!$B$6:$B$105,0)),"")
B10: Attendance | C10: =IFERROR(IF(INDEX(Clients!$G$6:$G$105,MATCH($C$5,Clients!$B$6:$B$105,0))+INDEX(Clients!$I$6:$I$105,MATCH($C$5,Clients!$B$6:$B$105,0))=0,"",INDEX(Clients!$G$6:$G$105,MATCH($C$5,Clients!$B$6:$B$105,0))/(INDEX(Clients!$G$6:$G$105,MATCH($C$5,Clients!$B$6:$B$105,0))+INDEX(Clients!$I$6:$I$105,MATCH($C$5,Clients!$B$6:$B$105,0)))),"")
B11: Sessions left | C11: =IFERROR(IF(INDEX(Clients!$J$6:$J$105,MATCH($C$5,Clients!$B$6:$B$105,0))=0,"",INDEX(Clients!$L$6:$L$105,MATCH($C$5,Clients!$B$6:$B$105,0))),"")
B12: Check-ins | C12: =IF(COUNT('Check-ins'!$Q$6:$Q$1505)=0,"None yet",IF(COUNT('Check-ins'!$Q$6:$Q$1505)=1,"1, on "&DAY(INT(SMALL('Check-ins'!$Q$6:$Q$1505,1)/10000))&" "&CHOOSE(MONTH(INT(SMALL('Check-ins'!$Q$6:$Q$1505,1)/10000)),"Jan","Feb","Mar","Apr","May","Jun","Jul","Aug","Sep","Oct","Nov","Dec")&" "&YEAR(INT(SMALL('Check-ins'!$Q$6:$Q$1505,1)/10000)),COUNT('Check-ins'!$Q$6:$Q$1505)&", from "&DAY(INT(SMALL('Check-ins'!$Q$6:$Q$1505,1)/10000))&" "&CHOOSE(MONTH(INT(SMALL('Check-ins'!$Q$6:$Q$1505,1)/10000)),"Jan","Feb","Mar","Apr","May","Jun","Jul","Aug","Sep","Oct","Nov","Dec")&" "&YEAR(INT(SMALL('Check-ins'!$Q$6:$Q$1505,1)/10000))&" to "&DAY(INT(LARGE('Check-ins'!$Q$6:$Q$1505,1)/10000))&" "&CHOOSE(MONTH(INT(LARGE('Check-ins'!$Q$6:$Q$1505,1)/10000)),"Jan","Feb","Mar","Apr","May","Jun","Jul","Aug","Sep","Oct","Nov","Dec")&" "&YEAR(INT(LARGE('Check-ins'!$Q$6:$Q$1505,1)/10000))))
B14: Measure | C14: First | D14: Latest | E14: Change
B15: ='Check-ins'!D5 | C15: =IF(COUNT('Check-ins'!$R$6:$R$1505)=0,"",INDEX('Check-ins'!$D$1:$D$1505,MOD(SMALL('Check-ins'!$R$6:$R$1505,1),10000))) | D15: =IF(COUNT('Check-ins'!$R$6:$R$1505)=0,"",INDEX('Check-ins'!$D$1:$D$1505,MOD(LARGE('Check-ins'!$R$6:$R$1505,1),10000))) | E15: =IF(COUNT('Check-ins'!$R$6:$R$1505)<2,"",D15-C15)
B16: ='Check-ins'!E5 | C16: =IF(COUNT('Check-ins'!$S$6:$S$1505)=0,"",INDEX('Check-ins'!$E$1:$E$1505,MOD(SMALL('Check-ins'!$S$6:$S$1505,1),10000))) | D16: =IF(COUNT('Check-ins'!$S$6:$S$1505)=0,"",INDEX('Check-ins'!$E$1:$E$1505,MOD(LARGE('Check-ins'!$S$6:$S$1505,1),10000))) | E16: =IF(COUNT('Check-ins'!$S$6:$S$1505)<2,"",D16-C16)
B17: ='Check-ins'!F5 | C17: =IF(COUNT('Check-ins'!$T$6:$T$1505)=0,"",INDEX('Check-ins'!$F$1:$F$1505,MOD(SMALL('Check-ins'!$T$6:$T$1505,1),10000))) | D17: =IF(COUNT('Check-ins'!$T$6:$T$1505)=0,"",INDEX('Check-ins'!$F$1:$F$1505,MOD(LARGE('Check-ins'!$T$6:$T$1505,1),10000))) | E17: =IF(COUNT('Check-ins'!$T$6:$T$1505)<2,"",D17-C17)
B18: ='Check-ins'!G5 | C18: =IF(COUNT('Check-ins'!$U$6:$U$1505)=0,"",INDEX('Check-ins'!$G$1:$G$1505,MOD(SMALL('Check-ins'!$U$6:$U$1505,1),10000))) | D18: =IF(COUNT('Check-ins'!$U$6:$U$1505)=0,"",INDEX('Check-ins'!$G$1:$G$1505,MOD(LARGE('Check-ins'!$U$6:$U$1505,1),10000))) | E18: =IF(COUNT('Check-ins'!$U$6:$U$1505)<2,"",D18-C18)
B19: ='Check-ins'!H5 | C19: =IF(COUNT('Check-ins'!$V$6:$V$1505)=0,"",INDEX('Check-ins'!$H$1:$H$1505,MOD(SMALL('Check-ins'!$V$6:$V$1505,1),10000))) | D19: =IF(COUNT('Check-ins'!$V$6:$V$1505)=0,"",INDEX('Check-ins'!$H$1:$H$1505,MOD(LARGE('Check-ins'!$V$6:$V$1505,1),10000))) | E19: =IF(COUNT('Check-ins'!$V$6:$V$1505)<2,"",D19-C19)
B20: ='Check-ins'!I5 | C20: =IF(COUNT('Check-ins'!$W$6:$W$1505)=0,"",INDEX('Check-ins'!$I$1:$I$1505,MOD(SMALL('Check-ins'!$W$6:$W$1505,1),10000))) | D20: =IF(COUNT('Check-ins'!$W$6:$W$1505)=0,"",INDEX('Check-ins'!$I$1:$I$1505,MOD(LARGE('Check-ins'!$W$6:$W$1505,1),10000))) | E20: =IF(COUNT('Check-ins'!$W$6:$W$1505)<2,"",D20-C20)
B21: ='Check-ins'!J5 | C21: =IF(COUNT('Check-ins'!$X$6:$X$1505)=0,"",INDEX('Check-ins'!$J$1:$J$1505,MOD(SMALL('Check-ins'!$X$6:$X$1505,1),10000))) | D21: =IF(COUNT('Check-ins'!$X$6:$X$1505)=0,"",INDEX('Check-ins'!$J$1:$J$1505,MOD(LARGE('Check-ins'!$X$6:$X$1505,1),10000))) | E21: =IF(COUNT('Check-ins'!$X$6:$X$1505)<2,"",D21-C21)
B23: Mark | C23: First | D23: Best | E23: Latest
B24: ='Check-ins'!K5 | C24: =IF(COUNT('Check-ins'!$Y$6:$Y$1505)=0,"",INDEX('Check-ins'!$K$1:$K$1505,MOD(SMALL('Check-ins'!$Y$6:$Y$1505,1),10000))) | D24: =IF(COUNT('Check-ins'!$AB$6:$AB$1505)=0,"",IF(Settings!$D$12="Lower",MIN('Check-ins'!$AB$6:$AB$1505),MAX('Check-ins'!$AB$6:$AB$1505))) | E24: =IF(COUNT('Check-ins'!$Y$6:$Y$1505)=0,"",INDEX('Check-ins'!$K$1:$K$1505,MOD(LARGE('Check-ins'!$Y$6:$Y$1505,1),10000)))
B25: ='Check-ins'!L5 | C25: =IF(COUNT('Check-ins'!$Z$6:$Z$1505)=0,"",INDEX('Check-ins'!$L$1:$L$1505,MOD(SMALL('Check-ins'!$Z$6:$Z$1505,1),10000))) | D25: =IF(COUNT('Check-ins'!$AC$6:$AC$1505)=0,"",IF(Settings!$D$13="Lower",MIN('Check-ins'!$AC$6:$AC$1505),MAX('Check-ins'!$AC$6:$AC$1505))) | E25: =IF(COUNT('Check-ins'!$Z$6:$Z$1505)=0,"",INDEX('Check-ins'!$L$1:$L$1505,MOD(LARGE('Check-ins'!$Z$6:$Z$1505,1),10000)))
B26: ='Check-ins'!M5 | C26: =IF(COUNT('Check-ins'!$AA$6:$AA$1505)=0,"",INDEX('Check-ins'!$M$1:$M$1505,MOD(SMALL('Check-ins'!$AA$6:$AA$1505,1),10000))) | D26: =IF(COUNT('Check-ins'!$AD$6:$AD$1505)=0,"",IF(Settings!$D$14="Lower",MIN('Check-ins'!$AD$6:$AD$1505),MAX('Check-ins'!$AD$6:$AD$1505))) | E26: =IF(COUNT('Check-ins'!$AA$6:$AA$1505)=0,"",INDEX('Check-ins'!$M$1:$M$1505,MOD(LARGE('Check-ins'!$AA$6:$AA$1505,1),10000)))
B28: =IF(COUNT('Check-ins'!$R$6:$R$1505)<2,"","Weight at each check-in")
B30: =IF((MAX(0,COUNT('Check-ins'!$R$6:$R$1505)-12)+1)>COUNT('Check-ins'!$R$6:$R$1505),"",DAY(INT(SMALL('Check-ins'!$R$6:$R$1505,(MAX(0,COUNT('Check-ins'!$R$6:$R$1505)-12)+1))/10000))&" "&CHOOSE(MONTH(INT(SMALL('Check-ins'!$R$6:$R$1505,(MAX(0,COUNT('Check-ins'!$R$6:$R$1505)-12)+1))/10000)),"Jan","Feb","Mar","Apr","May","Jun","Jul","Aug","Sep","Oct","Nov","Dec")) | C30: =IF((MAX(0,COUNT('Check-ins'!$R$6:$R$1505)-12)+1)>COUNT('Check-ins'!$R$6:$R$1505),NA(),INDEX('Check-ins'!$D$1:$D$1505,MOD(SMALL('Check-ins'!$R$6:$R$1505,(MAX(0,COUNT('Check-ins'!$R$6:$R$1505)-12)+1)),10000)))
B31: =IF((MAX(0,COUNT('Check-ins'!$R$6:$R$1505)-12)+2)>COUNT('Check-ins'!$R$6:$R$1505),"",DAY(INT(SMALL('Check-ins'!$R$6:$R$1505,(MAX(0,COUNT('Check-ins'!$R$6:$R$1505)-12)+2))/10000))&" "&CHOOSE(MONTH(INT(SMALL('Check-ins'!$R$6:$R$1505,(MAX(0,COUNT('Check-ins'!$R$6:$R$1505)-12)+2))/10000)),"Jan","Feb","Mar","Apr","May","Jun","Jul","Aug","Sep","Oct","Nov","Dec")) | C31: =IF((MAX(0,COUNT('Check-ins'!$R$6:$R$1505)-12)+2)>COUNT('Check-ins'!$R$6:$R$1505),NA(),INDEX('Check-ins'!$D$1:$D$1505,MOD(SMALL('Check-ins'!$R$6:$R$1505,(MAX(0,COUNT('Check-ins'!$R$6:$R$1505)-12)+2)),10000)))
B32: =IF((MAX(0,COUNT('Check-ins'!$R$6:$R$1505)-12)+3)>COUNT('Check-ins'!$R$6:$R$1505),"",DAY(INT(SMALL('Check-ins'!$R$6:$R$1505,(MAX(0,COUNT('Check-ins'!$R$6:$R$1505)-12)+3))/10000))&" "&CHOOSE(MONTH(INT(SMALL('Check-ins'!$R$6:$R$1505,(MAX(0,COUNT('Check-ins'!$R$6:$R$1505)-12)+3))/10000)),"Jan","Feb","Mar","Apr","May","Jun","Jul","Aug","Sep","Oct","Nov","Dec")) | C32: =IF((MAX(0,COUNT('Check-ins'!$R$6:$R$1505)-12)+3)>COUNT('Check-ins'!$R$6:$R$1505),NA(),INDEX('Check-ins'!$D$1:$D$1505,MOD(SMALL('Check-ins'!$R$6:$R$1505,(MAX(0,COUNT('Check-ins'!$R$6:$R$1505)-12)+3)),10000)))
B33: =IF((MAX(0,COUNT('Check-ins'!$R$6:$R$1505)-12)+4)>COUNT('Check-ins'!$R$6:$R$1505),"",DAY(INT(SMALL('Check-ins'!$R$6:$R$1505,(MAX(0,COUNT('Check-ins'!$R$6:$R$1505)-12)+4))/10000))&" "&CHOOSE(MONTH(INT(SMALL('Check-ins'!$R$6:$R$1505,(MAX(0,COUNT('Check-ins'!$R$6:$R$1505)-12)+4))/10000)),"Jan","Feb","Mar","Apr","May","Jun","Jul","Aug","Sep","Oct","Nov","Dec")) | C33: =IF((MAX(0,COUNT('Check-ins'!$R$6:$R$1505)-12)+4)>COUNT('Check-ins'!$R$6:$R$1505),NA(),INDEX('Check-ins'!$D$1:$D$1505,MOD(SMALL('Check-ins'!$R$6:$R$1505,(MAX(0,COUNT('Check-ins'!$R$6:$R$1505)-12)+4)),10000)))
B34: =IF((MAX(0,COUNT('Check-ins'!$R$6:$R$1505)-12)+5)>COUNT('Check-ins'!$R$6:$R$1505),"",DAY(INT(SMALL('Check-ins'!$R$6:$R$1505,(MAX(0,COUNT('Check-ins'!$R$6:$R$1505)-12)+5))/10000))&" "&CHOOSE(MONTH(INT(SMALL('Check-ins'!$R$6:$R$1505,(MAX(0,COUNT('Check-ins'!$R$6:$R$1505)-12)+5))/10000)),"Jan","Feb","Mar","Apr","May","Jun","Jul","Aug","Sep","Oct","Nov","Dec")) | C34: =IF((MAX(0,COUNT('Check-ins'!$R$6:$R$1505)-12)+5)>COUNT('Check-ins'!$R$6:$R$1505),NA(),INDEX('Check-ins'!$D$1:$D$1505,MOD(SMALL('Check-ins'!$R$6:$R$1505,(MAX(0,COUNT('Check-ins'!$R$6:$R$1505)-12)+5)),10000)))
B35: =IF((MAX(0,COUNT('Check-ins'!$R$6:$R$1505)-12)+6)>COUNT('Check-ins'!$R$6:$R$1505),"",DAY(INT(SMALL('Check-ins'!$R$6:$R$1505,(MAX(0,COUNT('Check-ins'!$R$6:$R$1505)-12)+6))/10000))&" "&CHOOSE(MONTH(INT(SMALL('Check-ins'!$R$6:$R$1505,(MAX(0,COUNT('Check-ins'!$R$6:$R$1505)-12)+6))/10000)),"Jan","Feb","Mar","Apr","May","Jun","Jul","Aug","Sep","Oct","Nov","Dec")) | C35: =IF((MAX(0,COUNT('Check-ins'!$R$6:$R$1505)-12)+6)>COUNT('Check-ins'!$R$6:$R$1505),NA(),INDEX('Check-ins'!$D$1:$D$1505,MOD(SMALL('Check-ins'!$R$6:$R$1505,(MAX(0,COUNT('Check-ins'!$R$6:$R$1505)-12)+6)),10000)))
B36: =IF((MAX(0,COUNT('Check-ins'!$R$6:$R$1505)-12)+7)>COUNT('Check-ins'!$R$6:$R$1505),"",DAY(INT(SMALL('Check-ins'!$R$6:$R$1505,(MAX(0,COUNT('Check-ins'!$R$6:$R$1505)-12)+7))/10000))&" "&CHOOSE(MONTH(INT(SMALL('Check-ins'!$R$6:$R$1505,(MAX(0,COUNT('Check-ins'!$R$6:$R$1505)-12)+7))/10000)),"Jan","Feb","Mar","Apr","May","Jun","Jul","Aug","Sep","Oct","Nov","Dec")) | C36: =IF((MAX(0,COUNT('Check-ins'!$R$6:$R$1505)-12)+7)>COUNT('Check-ins'!$R$6:$R$1505),NA(),INDEX('Check-ins'!$D$1:$D$1505,MOD(SMALL('Check-ins'!$R$6:$R$1505,(MAX(0,COUNT('Check-ins'!$R$6:$R$1505)-12)+7)),10000)))
B37: =IF((MAX(0,COUNT('Check-ins'!$R$6:$R$1505)-12)+8)>COUNT('Check-ins'!$R$6:$R$1505),"",DAY(INT(SMALL('Check-ins'!$R$6:$R$1505,(MAX(0,COUNT('Check-ins'!$R$6:$R$1505)-12)+8))/10000))&" "&CHOOSE(MONTH(INT(SMALL('Check-ins'!$R$6:$R$1505,(MAX(0,COUNT('Check-ins'!$R$6:$R$1505)-12)+8))/10000)),"Jan","Feb","Mar","Apr","May","Jun","Jul","Aug","Sep","Oct","Nov","Dec")) | C37: =IF((MAX(0,COUNT('Check-ins'!$R$6:$R$1505)-12)+8)>COUNT('Check-ins'!$R$6:$R$1505),NA(),INDEX('Check-ins'!$D$1:$D$1505,MOD(SMALL('Check-ins'!$R$6:$R$1505,(MAX(0,COUNT('Check-ins'!$R$6:$R$1505)-12)+8)),10000)))
B38: =IF((MAX(0,COUNT('Check-ins'!$R$6:$R$1505)-12)+9)>COUNT('Check-ins'!$R$6:$R$1505),"",DAY(INT(SMALL('Check-ins'!$R$6:$R$1505,(MAX(0,COUNT('Check-ins'!$R$6:$R$1505)-12)+9))/10000))&" "&CHOOSE(MONTH(INT(SMALL('Check-ins'!$R$6:$R$1505,(MAX(0,COUNT('Check-ins'!$R$6:$R$1505)-12)+9))/10000)),"Jan","Feb","Mar","Apr","May","Jun","Jul","Aug","Sep","Oct","Nov","Dec")) | C38: =IF((MAX(0,COUNT('Check-ins'!$R$6:$R$1505)-12)+9)>COUNT('Check-ins'!$R$6:$R$1505),NA(),INDEX('Check-ins'!$D$1:$D$1505,MOD(SMALL('Check-ins'!$R$6:$R$1505,(MAX(0,COUNT('Check-ins'!$R$6:$R$1505)-12)+9)),10000)))
B39: =IF((MAX(0,COUNT('Check-ins'!$R$6:$R$1505)-12)+10)>COUNT('Check-ins'!$R$6:$R$1505),"",DAY(INT(SMALL('Check-ins'!$R$6:$R$1505,(MAX(0,COUNT('Check-ins'!$R$6:$R$1505)-12)+10))/10000))&" "&CHOOSE(MONTH(INT(SMALL('Check-ins'!$R$6:$R$1505,(MAX(0,COUNT('Check-ins'!$R$6:$R$1505)-12)+10))/10000)),"Jan","Feb","Mar","Apr","May","Jun","Jul","Aug","Sep","Oct","Nov","Dec")) | C39: =IF((MAX(0,COUNT('Check-ins'!$R$6:$R$1505)-12)+10)>COUNT('Check-ins'!$R$6:$R$1505),NA(),INDEX('Check-ins'!$D$1:$D$1505,MOD(SMALL('Check-ins'!$R$6:$R$1505,(MAX(0,COUNT('Check-ins'!$R$6:$R$1505)-12)+10)),10000)))
B40: =IF((MAX(0,COUNT('Check-ins'!$R$6:$R$1505)-12)+11)>COUNT('Check-ins'!$R$6:$R$1505),"",DAY(INT(SMALL('Check-ins'!$R$6:$R$1505,(MAX(0,COUNT('Check-ins'!$R$6:$R$1505)-12)+11))/10000))&" "&CHOOSE(MONTH(INT(SMALL('Check-ins'!$R$6:$R$1505,(MAX(0,COUNT('Check-ins'!$R$6:$R$1505)-12)+11))/10000)),"Jan","Feb","Mar","Apr","May","Jun","Jul","Aug","Sep","Oct","Nov","Dec")) | C40: =IF((MAX(0,COUNT('Check-ins'!$R$6:$R$1505)-12)+11)>COUNT('Check-ins'!$R$6:$R$1505),NA(),INDEX('Check-ins'!$D$1:$D$1505,MOD(SMALL('Check-ins'!$R$6:$R$1505,(MAX(0,COUNT('Check-ins'!$R$6:$R$1505)-12)+11)),10000)))
B41: =IF((MAX(0,COUNT('Check-ins'!$R$6:$R$1505)-12)+12)>COUNT('Check-ins'!$R$6:$R$1505),"",DAY(INT(SMALL('Check-ins'!$R$6:$R$1505,(MAX(0,COUNT('Check-ins'!$R$6:$R$1505)-12)+12))/10000))&" "&CHOOSE(MONTH(INT(SMALL('Check-ins'!$R$6:$R$1505,(MAX(0,COUNT('Check-ins'!$R$6:$R$1505)-12)+12))/10000)),"Jan","Feb","Mar","Apr","May","Jun","Jul","Aug","Sep","Oct","Nov","Dec")) | C41: =IF((MAX(0,COUNT('Check-ins'!$R$6:$R$1505)-12)+12)>COUNT('Check-ins'!$R$6:$R$1505),NA(),INDEX('Check-ins'!$D$1:$D$1505,MOD(SMALL('Check-ins'!$R$6:$R$1505,(MAX(0,COUNT('Check-ins'!$R$6:$R$1505)-12)+12)),10000)))
B43: Latest note
B44: =IF(COUNT('Check-ins'!$Q$6:$Q$1505)=0,"",IF(INDEX('Check-ins'!$N$1:$N$1505,MOD(LARGE('Check-ins'!$Q$6:$Q$1505,1),10000))="","",INDEX('Check-ins'!$N$1:$N$1505,MOD(LARGE('Check-ins'!$Q$6:$Q$1505,1),10000))))
B48: These are the numbers recorded at each check-in. They are not medical advice.

Sheet Settings
B2: Settings
B3: Your business name for the report, the units, and when a client needs attention.
B4: Business name | C4: Northside Strength | E4: At the top of the progress report.
B5: Weight unit | C5: kg | E5: Only a label: type the numbers in this unit.
B6: Length unit | C6: cm | E6: For waist, hips, chest, arm and thigh.
B7: Few sessions left, at most | C7: 2 | E7: A client shows Few sessions left from this number down.
B8: Check-in every (weeks) | C8: 4 | E8: When the next check-in is due.
B9: A late cancel uses a session | C9: Yes | E9: Yes or No. A no-show always uses one.
B11: Performance marks | C11: Name | D11: Better when
B12: Mark 1 | C12: Squat (kg) | D12: Higher | E12: Any three tests you repeat, such as a lift, a count or a time.
B13: Mark 2 | C13: Push-ups | D13: Higher
B14: Mark 3 | C14: 1 km row (min) | D14: Lower

Sheet Start Here
B2: Start here
B3: Type only in the yellow cells.
B5: 1 | C5: Settings: your business name, your units, and your three performance marks.
B7: 2 | C7: Clients: each client once, with the day they started and their goal.
B9: 3 | C9: Packages: each block of sessions a client buys, with what they have paid.
B11: 4 | C11: Sessions: book them ahead, then pick Attended, No-show, Late cancel or Cancelled.
B13: 5 | C13: Check-ins and Report: record the measurements, then print the report for the client.
C16: The example studio and its clients are made up. To remove them, select the yellow cells and press Delete, rather than deleting whole rows.
C18: The file records numbers. It gives no health or training advice.
C20: Works in Google Sheets and Microsoft Excel, in any currency and any unit.
