Workbook

Sheet Dashboard
B2: Pet care
B3: What is due for your pets, the food to buy, the next vet visits and what they cost.
B4: Remind me | C4: 30 | E4: Buy food | G4: 5
B6: Pets | C6: Overdue | D6: Due soon | E6: Food to buy | G6: Spent this year | H6: This month
B7: =COUNTIF(Pets!$B$6:$B$25,"?*") | C7: =COUNTIF(Health!$G$6:$G$65,"Overdue*") | D7: =COUNTIF(Health!$G$6:$G$65,"Due*") | E7: =COUNTIF(Food!$K$6:$K$25,"Now") | G7: =SUMIFS(Spending!$F$6:$F$1005,Spending!$B$6:$B$1005,">="&DATE(YEAR(TODAY()),1,1))+SUMIFS('Vet visits'!$G$6:$G$305,'Vet visits'!$B$6:$B$305,">="&DATE(YEAR(TODAY()),1,1),'Vet visits'!$B$6:$B$305,"<="&TODAY()) | H7: =SUMIFS(Spending!$F$6:$F$1005,Spending!$B$6:$B$1005,">="&DATE(YEAR(TODAY()),MONTH(TODAY()),1))+SUMIFS('Vet visits'!$G$6:$G$305,'Vet visits'!$B$6:$B$305,">="&DATE(YEAR(TODAY()),MONTH(TODAY()),1),'Vet visits'!$B$6:$B$305,"<="&TODAY())
B9: Health | D9: Due | E9: Status | G9: Food | I9: Days left | J9: Buy by
B10: =IF(M10="","Nothing due soon",INDEX(Health!$B$6:$B$65,MATCH(M10,Health!$J$6:$J$65,0))) | C10: =IF(M10="","",INDEX(Health!$C$6:$C$65,MATCH(M10,Health!$J$6:$J$65,0))) | D10: =IF(M10="","",INT(M10)) | E10: =IF(M10="","",INDEX(Health!$G$6:$G$65,MATCH(M10,Health!$J$6:$J$65,0))) | G10: =IF(N10="","",INDEX(Food!$B$6:$B$25,MATCH(N10,Food!$O$6:$O$25,0))) | H10: =IF(N10="","",INDEX(Food!$C$6:$C$25,MATCH(N10,Food!$O$6:$O$25,0))) | I10: =IF(N10="","",INDEX(Food!$J$6:$J$25,MATCH(N10,Food!$O$6:$O$25,0))) | J10: =IF(N10="","",INDEX(Food!$K$6:$K$25,MATCH(N10,Food!$O$6:$O$25,0))) | M10: =IFERROR(SMALL(Health!$J$6:$J$65,1),"") | N10: =IFERROR(SMALL(Food!$O$6:$O$25,1),"")
B11: =IF(M11="","",INDEX(Health!$B$6:$B$65,MATCH(M11,Health!$J$6:$J$65,0))) | C11: =IF(M11="","",INDEX(Health!$C$6:$C$65,MATCH(M11,Health!$J$6:$J$65,0))) | D11: =IF(M11="","",INT(M11)) | E11: =IF(M11="","",INDEX(Health!$G$6:$G$65,MATCH(M11,Health!$J$6:$J$65,0))) | G11: =IF(N11="","",INDEX(Food!$B$6:$B$25,MATCH(N11,Food!$O$6:$O$25,0))) | H11: =IF(N11="","",INDEX(Food!$C$6:$C$25,MATCH(N11,Food!$O$6:$O$25,0))) | I11: =IF(N11="","",INDEX(Food!$J$6:$J$25,MATCH(N11,Food!$O$6:$O$25,0))) | J11: =IF(N11="","",INDEX(Food!$K$6:$K$25,MATCH(N11,Food!$O$6:$O$25,0))) | M11: =IFERROR(SMALL(Health!$J$6:$J$65,2),"") | N11: =IFERROR(SMALL(Food!$O$6:$O$25,2),"")
B12: =IF(M12="","",INDEX(Health!$B$6:$B$65,MATCH(M12,Health!$J$6:$J$65,0))) | C12: =IF(M12="","",INDEX(Health!$C$6:$C$65,MATCH(M12,Health!$J$6:$J$65,0))) | D12: =IF(M12="","",INT(M12)) | E12: =IF(M12="","",INDEX(Health!$G$6:$G$65,MATCH(M12,Health!$J$6:$J$65,0))) | G12: =IF(N12="","",INDEX(Food!$B$6:$B$25,MATCH(N12,Food!$O$6:$O$25,0))) | H12: =IF(N12="","",INDEX(Food!$C$6:$C$25,MATCH(N12,Food!$O$6:$O$25,0))) | I12: =IF(N12="","",INDEX(Food!$J$6:$J$25,MATCH(N12,Food!$O$6:$O$25,0))) | J12: =IF(N12="","",INDEX(Food!$K$6:$K$25,MATCH(N12,Food!$O$6:$O$25,0))) | M12: =IFERROR(SMALL(Health!$J$6:$J$65,3),"") | N12: =IFERROR(SMALL(Food!$O$6:$O$25,3),"")
B13: =IF(M13="","",INDEX(Health!$B$6:$B$65,MATCH(M13,Health!$J$6:$J$65,0))) | C13: =IF(M13="","",INDEX(Health!$C$6:$C$65,MATCH(M13,Health!$J$6:$J$65,0))) | D13: =IF(M13="","",INT(M13)) | E13: =IF(M13="","",INDEX(Health!$G$6:$G$65,MATCH(M13,Health!$J$6:$J$65,0))) | G13: =IF(N13="","",INDEX(Food!$B$6:$B$25,MATCH(N13,Food!$O$6:$O$25,0))) | H13: =IF(N13="","",INDEX(Food!$C$6:$C$25,MATCH(N13,Food!$O$6:$O$25,0))) | I13: =IF(N13="","",INDEX(Food!$J$6:$J$25,MATCH(N13,Food!$O$6:$O$25,0))) | J13: =IF(N13="","",INDEX(Food!$K$6:$K$25,MATCH(N13,Food!$O$6:$O$25,0))) | M13: =IFERROR(SMALL(Health!$J$6:$J$65,4),"") | N13: =IFERROR(SMALL(Food!$O$6:$O$25,4),"")
B14: =IF(M14="","",INDEX(Health!$B$6:$B$65,MATCH(M14,Health!$J$6:$J$65,0))) | C14: =IF(M14="","",INDEX(Health!$C$6:$C$65,MATCH(M14,Health!$J$6:$J$65,0))) | D14: =IF(M14="","",INT(M14)) | E14: =IF(M14="","",INDEX(Health!$G$6:$G$65,MATCH(M14,Health!$J$6:$J$65,0))) | G14: =IF(N14="","",INDEX(Food!$B$6:$B$25,MATCH(N14,Food!$O$6:$O$25,0))) | H14: =IF(N14="","",INDEX(Food!$C$6:$C$25,MATCH(N14,Food!$O$6:$O$25,0))) | I14: =IF(N14="","",INDEX(Food!$J$6:$J$25,MATCH(N14,Food!$O$6:$O$25,0))) | J14: =IF(N14="","",INDEX(Food!$K$6:$K$25,MATCH(N14,Food!$O$6:$O$25,0))) | M14: =IFERROR(SMALL(Health!$J$6:$J$65,5),"") | N14: =IFERROR(SMALL(Food!$O$6:$O$25,5),"")
B15: =IF(M15="","",INDEX(Health!$B$6:$B$65,MATCH(M15,Health!$J$6:$J$65,0))) | C15: =IF(M15="","",INDEX(Health!$C$6:$C$65,MATCH(M15,Health!$J$6:$J$65,0))) | D15: =IF(M15="","",INT(M15)) | E15: =IF(M15="","",INDEX(Health!$G$6:$G$65,MATCH(M15,Health!$J$6:$J$65,0))) | G15: =IF(N15="","",INDEX(Food!$B$6:$B$25,MATCH(N15,Food!$O$6:$O$25,0))) | H15: =IF(N15="","",INDEX(Food!$C$6:$C$25,MATCH(N15,Food!$O$6:$O$25,0))) | I15: =IF(N15="","",INDEX(Food!$J$6:$J$25,MATCH(N15,Food!$O$6:$O$25,0))) | J15: =IF(N15="","",INDEX(Food!$K$6:$K$25,MATCH(N15,Food!$O$6:$O$25,0))) | M15: =IFERROR(SMALL(Health!$J$6:$J$65,6),"") | N15: =IFERROR(SMALL(Food!$O$6:$O$25,6),"")
B16: =IF(M16="","",INDEX(Health!$B$6:$B$65,MATCH(M16,Health!$J$6:$J$65,0))) | C16: =IF(M16="","",INDEX(Health!$C$6:$C$65,MATCH(M16,Health!$J$6:$J$65,0))) | D16: =IF(M16="","",INT(M16)) | E16: =IF(M16="","",INDEX(Health!$G$6:$G$65,MATCH(M16,Health!$J$6:$J$65,0))) | G16: =IF(N16="","",INDEX(Food!$B$6:$B$25,MATCH(N16,Food!$O$6:$O$25,0))) | H16: =IF(N16="","",INDEX(Food!$C$6:$C$25,MATCH(N16,Food!$O$6:$O$25,0))) | I16: =IF(N16="","",INDEX(Food!$J$6:$J$25,MATCH(N16,Food!$O$6:$O$25,0))) | J16: =IF(N16="","",INDEX(Food!$K$6:$K$25,MATCH(N16,Food!$O$6:$O$25,0))) | M16: =IFERROR(SMALL(Health!$J$6:$J$65,7),"") | N16: =IFERROR(SMALL(Food!$O$6:$O$25,7),"")
B17: =IF(M17="","",INDEX(Health!$B$6:$B$65,MATCH(M17,Health!$J$6:$J$65,0))) | C17: =IF(M17="","",INDEX(Health!$C$6:$C$65,MATCH(M17,Health!$J$6:$J$65,0))) | D17: =IF(M17="","",INT(M17)) | E17: =IF(M17="","",INDEX(Health!$G$6:$G$65,MATCH(M17,Health!$J$6:$J$65,0))) | G17: =IF(N17="","",INDEX(Food!$B$6:$B$25,MATCH(N17,Food!$O$6:$O$25,0))) | H17: =IF(N17="","",INDEX(Food!$C$6:$C$25,MATCH(N17,Food!$O$6:$O$25,0))) | I17: =IF(N17="","",INDEX(Food!$J$6:$J$25,MATCH(N17,Food!$O$6:$O$25,0))) | J17: =IF(N17="","",INDEX(Food!$K$6:$K$25,MATCH(N17,Food!$O$6:$O$25,0))) | M17: =IFERROR(SMALL(Health!$J$6:$J$65,8),"") | N17: =IFERROR(SMALL(Food!$O$6:$O$25,8),"")
B20: Vet visits booked | D20: Date | E20: Why | G20: This year | I20: Spent
B21: =IF(O21="","No visit booked",INDEX('Vet visits'!$C$6:$C$305,MATCH(O21,'Vet visits'!$I$6:$I$305,0))) | C21: =IF(O21="","",INDEX('Vet visits'!$E$6:$E$305,MATCH(O21,'Vet visits'!$I$6:$I$305,0))) | D21: =IF(O21="","",INT(O21)) | E21: =IF(O21="","",INDEX('Vet visits'!$D$6:$D$305,MATCH(O21,'Vet visits'!$I$6:$I$305,0))) | G21: Food | I21: =SUMIFS(Spending!$F$6:$F$1005,Spending!$D$6:$D$1005,G21,Spending!$B$6:$B$1005,">="&DATE(YEAR(TODAY()),1,1)) | O21: =IFERROR(SMALL('Vet visits'!$I$6:$I$305,1),"")
B22: =IF(O22="","",INDEX('Vet visits'!$C$6:$C$305,MATCH(O22,'Vet visits'!$I$6:$I$305,0))) | C22: =IF(O22="","",INDEX('Vet visits'!$E$6:$E$305,MATCH(O22,'Vet visits'!$I$6:$I$305,0))) | D22: =IF(O22="","",INT(O22)) | E22: =IF(O22="","",INDEX('Vet visits'!$D$6:$D$305,MATCH(O22,'Vet visits'!$I$6:$I$305,0))) | G22: Vet | I22: =SUMIFS(Spending!$F$6:$F$1005,Spending!$D$6:$D$1005,G22,Spending!$B$6:$B$1005,">="&DATE(YEAR(TODAY()),1,1))+SUMIFS('Vet visits'!$G$6:$G$305,'Vet visits'!$B$6:$B$305,">="&DATE(YEAR(TODAY()),1,1),'Vet visits'!$B$6:$B$305,"<="&TODAY()) | O22: =IFERROR(SMALL('Vet visits'!$I$6:$I$305,2),"")
B23: =IF(O23="","",INDEX('Vet visits'!$C$6:$C$305,MATCH(O23,'Vet visits'!$I$6:$I$305,0))) | C23: =IF(O23="","",INDEX('Vet visits'!$E$6:$E$305,MATCH(O23,'Vet visits'!$I$6:$I$305,0))) | D23: =IF(O23="","",INT(O23)) | E23: =IF(O23="","",INDEX('Vet visits'!$D$6:$D$305,MATCH(O23,'Vet visits'!$I$6:$I$305,0))) | G23: Medicine | I23: =SUMIFS(Spending!$F$6:$F$1005,Spending!$D$6:$D$1005,G23,Spending!$B$6:$B$1005,">="&DATE(YEAR(TODAY()),1,1)) | O23: =IFERROR(SMALL('Vet visits'!$I$6:$I$305,3),"")
B24: =IF(O24="","",INDEX('Vet visits'!$C$6:$C$305,MATCH(O24,'Vet visits'!$I$6:$I$305,0))) | C24: =IF(O24="","",INDEX('Vet visits'!$E$6:$E$305,MATCH(O24,'Vet visits'!$I$6:$I$305,0))) | D24: =IF(O24="","",INT(O24)) | E24: =IF(O24="","",INDEX('Vet visits'!$D$6:$D$305,MATCH(O24,'Vet visits'!$I$6:$I$305,0))) | G24: Insurance | I24: =SUMIFS(Spending!$F$6:$F$1005,Spending!$D$6:$D$1005,G24,Spending!$B$6:$B$1005,">="&DATE(YEAR(TODAY()),1,1)) | O24: =IFERROR(SMALL('Vet visits'!$I$6:$I$305,4),"")
B25: =IF(O25="","",INDEX('Vet visits'!$C$6:$C$305,MATCH(O25,'Vet visits'!$I$6:$I$305,0))) | C25: =IF(O25="","",INDEX('Vet visits'!$E$6:$E$305,MATCH(O25,'Vet visits'!$I$6:$I$305,0))) | D25: =IF(O25="","",INT(O25)) | E25: =IF(O25="","",INDEX('Vet visits'!$D$6:$D$305,MATCH(O25,'Vet visits'!$I$6:$I$305,0))) | G25: Grooming | I25: =SUMIFS(Spending!$F$6:$F$1005,Spending!$D$6:$D$1005,G25,Spending!$B$6:$B$1005,">="&DATE(YEAR(TODAY()),1,1)) | O25: =IFERROR(SMALL('Vet visits'!$I$6:$I$305,5),"")
G26: Toys | I26: =SUMIFS(Spending!$F$6:$F$1005,Spending!$D$6:$D$1005,G26,Spending!$B$6:$B$1005,">="&DATE(YEAR(TODAY()),1,1))
G27: Supplies | I27: =SUMIFS(Spending!$F$6:$F$1005,Spending!$D$6:$D$1005,G27,Spending!$B$6:$B$1005,">="&DATE(YEAR(TODAY()),1,1))
G28: Boarding | I28: =SUMIFS(Spending!$F$6:$F$1005,Spending!$D$6:$D$1005,G28,Spending!$B$6:$B$1005,">="&DATE(YEAR(TODAY()),1,1))
G29: Other | I29: =SUMIFS(Spending!$F$6:$F$1005,Spending!$D$6:$D$1005,G29,Spending!$B$6:$B$1005,">="&DATE(YEAR(TODAY()),1,1))
B31: Each pet this year | D31: Spent | E31: Of which vet
B32: =IF(Pets!B6="","",Pets!B6) | D32: =IF(B32="","",SUMIFS(Spending!$F$6:$F$1005,Spending!$C$6:$C$1005,B32,Spending!$B$6:$B$1005,">="&DATE(YEAR(TODAY()),1,1))+SUMIFS('Vet visits'!$G$6:$G$305,'Vet visits'!$C$6:$C$305,B32,'Vet visits'!$B$6:$B$305,">="&DATE(YEAR(TODAY()),1,1),'Vet visits'!$B$6:$B$305,"<="&TODAY())) | E32: =IF(B32="","",SUMIFS('Vet visits'!$G$6:$G$305,'Vet visits'!$C$6:$C$305,B32,'Vet visits'!$B$6:$B$305,">="&DATE(YEAR(TODAY()),1,1),'Vet visits'!$B$6:$B$305,"<="&TODAY()))
B33: =IF(Pets!B7="","",Pets!B7) | D33: =IF(B33="","",SUMIFS(Spending!$F$6:$F$1005,Spending!$C$6:$C$1005,B33,Spending!$B$6:$B$1005,">="&DATE(YEAR(TODAY()),1,1))+SUMIFS('Vet visits'!$G$6:$G$305,'Vet visits'!$C$6:$C$305,B33,'Vet visits'!$B$6:$B$305,">="&DATE(YEAR(TODAY()),1,1),'Vet visits'!$B$6:$B$305,"<="&TODAY())) | E33: =IF(B33="","",SUMIFS('Vet visits'!$G$6:$G$305,'Vet visits'!$C$6:$C$305,B33,'Vet visits'!$B$6:$B$305,">="&DATE(YEAR(TODAY()),1,1),'Vet visits'!$B$6:$B$305,"<="&TODAY()))
B34: =IF(Pets!B8="","",Pets!B8) | D34: =IF(B34="","",SUMIFS(Spending!$F$6:$F$1005,Spending!$C$6:$C$1005,B34,Spending!$B$6:$B$1005,">="&DATE(YEAR(TODAY()),1,1))+SUMIFS('Vet visits'!$G$6:$G$305,'Vet visits'!$C$6:$C$305,B34,'Vet visits'!$B$6:$B$305,">="&DATE(YEAR(TODAY()),1,1),'Vet visits'!$B$6:$B$305,"<="&TODAY())) | E34: =IF(B34="","",SUMIFS('Vet visits'!$G$6:$G$305,'Vet visits'!$C$6:$C$305,B34,'Vet visits'!$B$6:$B$305,">="&DATE(YEAR(TODAY()),1,1),'Vet visits'!$B$6:$B$305,"<="&TODAY()))
B35: =IF(Pets!B9="","",Pets!B9) | D35: =IF(B35="","",SUMIFS(Spending!$F$6:$F$1005,Spending!$C$6:$C$1005,B35,Spending!$B$6:$B$1005,">="&DATE(YEAR(TODAY()),1,1))+SUMIFS('Vet visits'!$G$6:$G$305,'Vet visits'!$C$6:$C$305,B35,'Vet visits'!$B$6:$B$305,">="&DATE(YEAR(TODAY()),1,1),'Vet visits'!$B$6:$B$305,"<="&TODAY())) | E35: =IF(B35="","",SUMIFS('Vet visits'!$G$6:$G$305,'Vet visits'!$C$6:$C$305,B35,'Vet visits'!$B$6:$B$305,">="&DATE(YEAR(TODAY()),1,1),'Vet visits'!$B$6:$B$305,"<="&TODAY()))
B36: =IF(Pets!B10="","",Pets!B10) | D36: =IF(B36="","",SUMIFS(Spending!$F$6:$F$1005,Spending!$C$6:$C$1005,B36,Spending!$B$6:$B$1005,">="&DATE(YEAR(TODAY()),1,1))+SUMIFS('Vet visits'!$G$6:$G$305,'Vet visits'!$C$6:$C$305,B36,'Vet visits'!$B$6:$B$305,">="&DATE(YEAR(TODAY()),1,1),'Vet visits'!$B$6:$B$305,"<="&TODAY())) | E36: =IF(B36="","",SUMIFS('Vet visits'!$G$6:$G$305,'Vet visits'!$C$6:$C$305,B36,'Vet visits'!$B$6:$B$305,">="&DATE(YEAR(TODAY()),1,1),'Vet visits'!$B$6:$B$305,"<="&TODAY()))
B37: =IF(Pets!B11="","",Pets!B11) | D37: =IF(B37="","",SUMIFS(Spending!$F$6:$F$1005,Spending!$C$6:$C$1005,B37,Spending!$B$6:$B$1005,">="&DATE(YEAR(TODAY()),1,1))+SUMIFS('Vet visits'!$G$6:$G$305,'Vet visits'!$C$6:$C$305,B37,'Vet visits'!$B$6:$B$305,">="&DATE(YEAR(TODAY()),1,1),'Vet visits'!$B$6:$B$305,"<="&TODAY())) | E37: =IF(B37="","",SUMIFS('Vet visits'!$G$6:$G$305,'Vet visits'!$C$6:$C$305,B37,'Vet visits'!$B$6:$B$305,">="&DATE(YEAR(TODAY()),1,1),'Vet visits'!$B$6:$B$305,"<="&TODAY()))
B38: =IF(Pets!B12="","",Pets!B12) | D38: =IF(B38="","",SUMIFS(Spending!$F$6:$F$1005,Spending!$C$6:$C$1005,B38,Spending!$B$6:$B$1005,">="&DATE(YEAR(TODAY()),1,1))+SUMIFS('Vet visits'!$G$6:$G$305,'Vet visits'!$C$6:$C$305,B38,'Vet visits'!$B$6:$B$305,">="&DATE(YEAR(TODAY()),1,1),'Vet visits'!$B$6:$B$305,"<="&TODAY())) | E38: =IF(B38="","",SUMIFS('Vet visits'!$G$6:$G$305,'Vet visits'!$C$6:$C$305,B38,'Vet visits'!$B$6:$B$305,">="&DATE(YEAR(TODAY()),1,1),'Vet visits'!$B$6:$B$305,"<="&TODAY()))
B39: =IF(Pets!B13="","",Pets!B13) | D39: =IF(B39="","",SUMIFS(Spending!$F$6:$F$1005,Spending!$C$6:$C$1005,B39,Spending!$B$6:$B$1005,">="&DATE(YEAR(TODAY()),1,1))+SUMIFS('Vet visits'!$G$6:$G$305,'Vet visits'!$C$6:$C$305,B39,'Vet visits'!$B$6:$B$305,">="&DATE(YEAR(TODAY()),1,1),'Vet visits'!$B$6:$B$305,"<="&TODAY())) | E39: =IF(B39="","",SUMIFS('Vet visits'!$G$6:$G$305,'Vet visits'!$C$6:$C$305,B39,'Vet visits'!$B$6:$B$305,">="&DATE(YEAR(TODAY()),1,1),'Vet visits'!$B$6:$B$305,"<="&TODAY()))
B40: Shared (All) | D40: =SUMIFS(Spending!$F$6:$F$1005,Spending!$C$6:$C$1005,"All",Spending!$B$6:$B$1005,">="&DATE(YEAR(TODAY()),1,1))

Sheet Pets
B2: Pets
B3: Each pet once, with its papers. Age and the latest weight fill in by themselves.
B5: Name | C5: Species | D5: Breed | E5: Birthday | F5: Age | G5: Sex | H5: Neutered | I5: Microchip | J5: Insurance | K5: Vet | L5: Weight | M5: Change | N5: Notes
B6: Biscuit | C6: Dog | D6: Labrador | E6: 44731 | F6: =IF(E6="","",IF(DATEDIF(E6,TODAY(),"y")=0,"",DATEDIF(E6,TODAY(),"y")&"y ")&DATEDIF(E6,TODAY(),"ym")&"m") | G6: Male | H6: Yes | I6: 981000000000101 | J6: PetShield, policy 44-1021 | K6: Riverside Vets | L6: =IF(OR(B6="",COUNTIFS(Weight!$C$6:$C$505,$B6,Weight!$F$6:$F$505,0)=0),"",SUMIFS(Weight!$D$6:$D$505,Weight!$C$6:$C$505,$B6,Weight!$F$6:$F$505,0)) | M6: =IF(OR(L6="",COUNTIFS(Weight!$C$6:$C$505,$B6,Weight!$F$6:$F$505,1)=0),"",L6-SUMIFS(Weight!$D$6:$D$505,Weight!$C$6:$C$505,$B6,Weight!$F$6:$F$505,1)) | N6: Loves the lake, hates the hoover
B7: Miso | C7: Cat | D7: Tabby | E7: 43685 | F7: =IF(E7="","",IF(DATEDIF(E7,TODAY(),"y")=0,"",DATEDIF(E7,TODAY(),"y")&"y ")&DATEDIF(E7,TODAY(),"ym")&"m") | G7: Female | H7: Yes | I7: 981000000000102 | K7: Riverside Vets | L7: =IF(OR(B7="",COUNTIFS(Weight!$C$6:$C$505,$B7,Weight!$F$6:$F$505,0)=0),"",SUMIFS(Weight!$D$6:$D$505,Weight!$C$6:$C$505,$B7,Weight!$F$6:$F$505,0)) | M7: =IF(OR(L7="",COUNTIFS(Weight!$C$6:$C$505,$B7,Weight!$F$6:$F$505,1)=0),"",L7-SUMIFS(Weight!$D$6:$D$505,Weight!$C$6:$C$505,$B7,Weight!$F$6:$F$505,1)) | N7: Indoor cat
B8: Clover | C8: Rabbit | D8: Mini lop | E8: 45408 | F8: =IF(E8="","",IF(DATEDIF(E8,TODAY(),"y")=0,"",DATEDIF(E8,TODAY(),"y")&"y ")&DATEDIF(E8,TODAY(),"ym")&"m") | G8: Female | H8: Yes | K8: Burrow Exotic Vets | L8: =IF(OR(B8="",COUNTIFS(Weight!$C$6:$C$505,$B8,Weight!$F$6:$F$505,0)=0),"",SUMIFS(Weight!$D$6:$D$505,Weight!$C$6:$C$505,$B8,Weight!$F$6:$F$505,0)) | M8: =IF(OR(L8="",COUNTIFS(Weight!$C$6:$C$505,$B8,Weight!$F$6:$F$505,1)=0),"",L8-SUMIFS(Weight!$D$6:$D$505,Weight!$C$6:$C$505,$B8,Weight!$F$6:$F$505,1)) | N8: Free roam in the kitchen
F9: =IF(E9="","",IF(DATEDIF(E9,TODAY(),"y")=0,"",DATEDIF(E9,TODAY(),"y")&"y ")&DATEDIF(E9,TODAY(),"ym")&"m") | L9: =IF(OR(B9="",COUNTIFS(Weight!$C$6:$C$505,$B9,Weight!$F$6:$F$505,0)=0),"",SUMIFS(Weight!$D$6:$D$505,Weight!$C$6:$C$505,$B9,Weight!$F$6:$F$505,0)) | M9: =IF(OR(L9="",COUNTIFS(Weight!$C$6:$C$505,$B9,Weight!$F$6:$F$505,1)=0),"",L9-SUMIFS(Weight!$D$6:$D$505,Weight!$C$6:$C$505,$B9,Weight!$F$6:$F$505,1))
F10: =IF(E10="","",IF(DATEDIF(E10,TODAY(),"y")=0,"",DATEDIF(E10,TODAY(),"y")&"y ")&DATEDIF(E10,TODAY(),"ym")&"m") | L10: =IF(OR(B10="",COUNTIFS(Weight!$C$6:$C$505,$B10,Weight!$F$6:$F$505,0)=0),"",SUMIFS(Weight!$D$6:$D$505,Weight!$C$6:$C$505,$B10,Weight!$F$6:$F$505,0)) | M10: =IF(OR(L10="",COUNTIFS(Weight!$C$6:$C$505,$B10,Weight!$F$6:$F$505,1)=0),"",L10-SUMIFS(Weight!$D$6:$D$505,Weight!$C$6:$C$505,$B10,Weight!$F$6:$F$505,1))
F11: =IF(E11="","",IF(DATEDIF(E11,TODAY(),"y")=0,"",DATEDIF(E11,TODAY(),"y")&"y ")&DATEDIF(E11,TODAY(),"ym")&"m") | L11: =IF(OR(B11="",COUNTIFS(Weight!$C$6:$C$505,$B11,Weight!$F$6:$F$505,0)=0),"",SUMIFS(Weight!$D$6:$D$505,Weight!$C$6:$C$505,$B11,Weight!$F$6:$F$505,0)) | M11: =IF(OR(L11="",COUNTIFS(Weight!$C$6:$C$505,$B11,Weight!$F$6:$F$505,1)=0),"",L11-SUMIFS(Weight!$D$6:$D$505,Weight!$C$6:$C$505,$B11,Weight!$F$6:$F$505,1))
F12: =IF(E12="","",IF(DATEDIF(E12,TODAY(),"y")=0,"",DATEDIF(E12,TODAY(),"y")&"y ")&DATEDIF(E12,TODAY(),"ym")&"m") | L12: =IF(OR(B12="",COUNTIFS(Weight!$C$6:$C$505,$B12,Weight!$F$6:$F$505,0)=0),"",SUMIFS(Weight!$D$6:$D$505,Weight!$C$6:$C$505,$B12,Weight!$F$6:$F$505,0)) | M12: =IF(OR(L12="",COUNTIFS(Weight!$C$6:$C$505,$B12,Weight!$F$6:$F$505,1)=0),"",L12-SUMIFS(Weight!$D$6:$D$505,Weight!$C$6:$C$505,$B12,Weight!$F$6:$F$505,1))
F13: =IF(E13="","",IF(DATEDIF(E13,TODAY(),"y")=0,"",DATEDIF(E13,TODAY(),"y")&"y ")&DATEDIF(E13,TODAY(),"ym")&"m") | L13: =IF(OR(B13="",COUNTIFS(Weight!$C$6:$C$505,$B13,Weight!$F$6:$F$505,0)=0),"",SUMIFS(Weight!$D$6:$D$505,Weight!$C$6:$C$505,$B13,Weight!$F$6:$F$505,0)) | M13: =IF(OR(L13="",COUNTIFS(Weight!$C$6:$C$505,$B13,Weight!$F$6:$F$505,1)=0),"",L13-SUMIFS(Weight!$D$6:$D$505,Weight!$C$6:$C$505,$B13,Weight!$F$6:$F$505,1))
F14: =IF(E14="","",IF(DATEDIF(E14,TODAY(),"y")=0,"",DATEDIF(E14,TODAY(),"y")&"y ")&DATEDIF(E14,TODAY(),"ym")&"m") | L14: =IF(OR(B14="",COUNTIFS(Weight!$C$6:$C$505,$B14,Weight!$F$6:$F$505,0)=0),"",SUMIFS(Weight!$D$6:$D$505,Weight!$C$6:$C$505,$B14,Weight!$F$6:$F$505,0)) | M14: =IF(OR(L14="",COUNTIFS(Weight!$C$6:$C$505,$B14,Weight!$F$6:$F$505,1)=0),"",L14-SUMIFS(Weight!$D$6:$D$505,Weight!$C$6:$C$505,$B14,Weight!$F$6:$F$505,1))
F15: =IF(E15="","",IF(DATEDIF(E15,TODAY(),"y")=0,"",DATEDIF(E15,TODAY(),"y")&"y ")&DATEDIF(E15,TODAY(),"ym")&"m") | L15: =IF(OR(B15="",COUNTIFS(Weight!$C$6:$C$505,$B15,Weight!$F$6:$F$505,0)=0),"",SUMIFS(Weight!$D$6:$D$505,Weight!$C$6:$C$505,$B15,Weight!$F$6:$F$505,0)) | M15: =IF(OR(L15="",COUNTIFS(Weight!$C$6:$C$505,$B15,Weight!$F$6:$F$505,1)=0),"",L15-SUMIFS(Weight!$D$6:$D$505,Weight!$C$6:$C$505,$B15,Weight!$F$6:$F$505,1))
F16: =IF(E16="","",IF(DATEDIF(E16,TODAY(),"y")=0,"",DATEDIF(E16,TODAY(),"y")&"y ")&DATEDIF(E16,TODAY(),"ym")&"m") | L16: =IF(OR(B16="",COUNTIFS(Weight!$C$6:$C$505,$B16,Weight!$F$6:$F$505,0)=0),"",SUMIFS(Weight!$D$6:$D$505,Weight!$C$6:$C$505,$B16,Weight!$F$6:$F$505,0)) | M16: =IF(OR(L16="",COUNTIFS(Weight!$C$6:$C$505,$B16,Weight!$F$6:$F$505,1)=0),"",L16-SUMIFS(Weight!$D$6:$D$505,Weight!$C$6:$C$505,$B16,Weight!$F$6:$F$505,1))
F17: =IF(E17="","",IF(DATEDIF(E17,TODAY(),"y")=0,"",DATEDIF(E17,TODAY(),"y")&"y ")&DATEDIF(E17,TODAY(),"ym")&"m") | L17: =IF(OR(B17="",COUNTIFS(Weight!$C$6:$C$505,$B17,Weight!$F$6:$F$505,0)=0),"",SUMIFS(Weight!$D$6:$D$505,Weight!$C$6:$C$505,$B17,Weight!$F$6:$F$505,0)) | M17: =IF(OR(L17="",COUNTIFS(Weight!$C$6:$C$505,$B17,Weight!$F$6:$F$505,1)=0),"",L17-SUMIFS(Weight!$D$6:$D$505,Weight!$C$6:$C$505,$B17,Weight!$F$6:$F$505,1))
F18: =IF(E18="","",IF(DATEDIF(E18,TODAY(),"y")=0,"",DATEDIF(E18,TODAY(),"y")&"y ")&DATEDIF(E18,TODAY(),"ym")&"m") | L18: =IF(OR(B18="",COUNTIFS(Weight!$C$6:$C$505,$B18,Weight!$F$6:$F$505,0)=0),"",SUMIFS(Weight!$D$6:$D$505,Weight!$C$6:$C$505,$B18,Weight!$F$6:$F$505,0)) | M18: =IF(OR(L18="",COUNTIFS(Weight!$C$6:$C$505,$B18,Weight!$F$6:$F$505,1)=0),"",L18-SUMIFS(Weight!$D$6:$D$505,Weight!$C$6:$C$505,$B18,Weight!$F$6:$F$505,1))
F19: =IF(E19="","",IF(DATEDIF(E19,TODAY(),"y")=0,"",DATEDIF(E19,TODAY(),"y")&"y ")&DATEDIF(E19,TODAY(),"ym")&"m") | L19: =IF(OR(B19="",COUNTIFS(Weight!$C$6:$C$505,$B19,Weight!$F$6:$F$505,0)=0),"",SUMIFS(Weight!$D$6:$D$505,Weight!$C$6:$C$505,$B19,Weight!$F$6:$F$505,0)) | M19: =IF(OR(L19="",COUNTIFS(Weight!$C$6:$C$505,$B19,Weight!$F$6:$F$505,1)=0),"",L19-SUMIFS(Weight!$D$6:$D$505,Weight!$C$6:$C$505,$B19,Weight!$F$6:$F$505,1))
F20: =IF(E20="","",IF(DATEDIF(E20,TODAY(),"y")=0,"",DATEDIF(E20,TODAY(),"y")&"y ")&DATEDIF(E20,TODAY(),"ym")&"m") | L20: =IF(OR(B20="",COUNTIFS(Weight!$C$6:$C$505,$B20,Weight!$F$6:$F$505,0)=0),"",SUMIFS(Weight!$D$6:$D$505,Weight!$C$6:$C$505,$B20,Weight!$F$6:$F$505,0)) | M20: =IF(OR(L20="",COUNTIFS(Weight!$C$6:$C$505,$B20,Weight!$F$6:$F$505,1)=0),"",L20-SUMIFS(Weight!$D$6:$D$505,Weight!$C$6:$C$505,$B20,Weight!$F$6:$F$505,1))
... F25: =IF(E25="","",IF(DATEDIF(E25,TODAY(),"y")=0,"",DATEDIF(E25,TODAY(),"y")&"y ")&DATEDIF(E25,TODAY(),"ym")&"m") | L25: =IF(OR(B25="",COUNTIFS(Weight!$C$6:$C$505,$B25,Weight!$F$6:$F$505,0)=0),"",SUMIFS(Weight!$D$6:$D$505,Weight!$C$6:$C$505,$B25,Weight!$F$6:$F$505,0)) | M25: =IF(OR(L25="",COUNTIFS(Weight!$C$6:$C$505,$B25,Weight!$F$6:$F$505,1)=0),"",L25-SUMIFS(Weight!$D$6:$D$505,Weight!$C$6:$C$505,$B25,Weight!$F$6:$F$505,1))

Sheet Health
B2: Health
B3: Vaccines, flea and worm treatments, check-ups: how often, and when it was last done. The next date and the reminder follow.
B5: Pet | C5: What | D5: Every (months) | E5: Last done | F5: Next due | G5: Status | H5: Notes
B6: Biscuit | C6: Yearly vaccine | D6: 12 | E6: 45978 | F6: =IF(OR(C6="",E6="",N(D6)=0),"",EDATE(E6,D6)) | G6: =IF(F6="","",IF(F6<TODAY(),"Overdue "&(TODAY()-F6)&IF((TODAY()-F6)=1," day"," days"),IF(F6=TODAY(),"Due today",IF(F6-TODAY()<=N(Dashboard!$C$4),"Due in "&(F6-TODAY())&IF((F6-TODAY())=1," day"," days"),"OK")))) | J6: =IF(G6="","",IF(G6="OK","",F6+ROW()/10000000))
B7: Biscuit | C7: Rabies vaccine | D7: 36 | E7: 45866 | F7: =IF(OR(C7="",E7="",N(D7)=0),"",EDATE(E7,D7)) | G7: =IF(F7="","",IF(F7<TODAY(),"Overdue "&(TODAY()-F7)&IF((TODAY()-F7)=1," day"," days"),IF(F7=TODAY(),"Due today",IF(F7-TODAY()<=N(Dashboard!$C$4),"Due in "&(F7-TODAY())&IF((F7-TODAY())=1," day"," days"),"OK")))) | J7: =IF(G7="","",IF(G7="OK","",F7+ROW()/10000000))
B8: Biscuit | C8: Flea and tick | D8: 1 | E8: 46256 | F8: =IF(OR(C8="",E8="",N(D8)=0),"",EDATE(E8,D8)) | G8: =IF(F8="","",IF(F8<TODAY(),"Overdue "&(TODAY()-F8)&IF((TODAY()-F8)=1," day"," days"),IF(F8=TODAY(),"Due today",IF(F8-TODAY()<=N(Dashboard!$C$4),"Due in "&(F8-TODAY())&IF((F8-TODAY())=1," day"," days"),"OK")))) | J8: =IF(G8="","",IF(G8="OK","",F8+ROW()/10000000))
B9: Biscuit | C9: Worming | D9: 3 | E9: 46217 | F9: =IF(OR(C9="",E9="",N(D9)=0),"",EDATE(E9,D9)) | G9: =IF(F9="","",IF(F9<TODAY(),"Overdue "&(TODAY()-F9)&IF((TODAY()-F9)=1," day"," days"),IF(F9=TODAY(),"Due today",IF(F9-TODAY()<=N(Dashboard!$C$4),"Due in "&(F9-TODAY())&IF((F9-TODAY())=1," day"," days"),"OK")))) | J9: =IF(G9="","",IF(G9="OK","",F9+ROW()/10000000))
B10: Biscuit | C10: Teeth check | D10: 12 | E10: 46140 | F10: =IF(OR(C10="",E10="",N(D10)=0),"",EDATE(E10,D10)) | G10: =IF(F10="","",IF(F10<TODAY(),"Overdue "&(TODAY()-F10)&IF((TODAY()-F10)=1," day"," days"),IF(F10=TODAY(),"Due today",IF(F10-TODAY()<=N(Dashboard!$C$4),"Due in "&(F10-TODAY())&IF((F10-TODAY())=1," day"," days"),"OK")))) | J10: =IF(G10="","",IF(G10="OK","",F10+ROW()/10000000))
B11: Miso | C11: Cat flu vaccine | D11: 12 | E11: 45918 | F11: =IF(OR(C11="",E11="",N(D11)=0),"",EDATE(E11,D11)) | G11: =IF(F11="","",IF(F11<TODAY(),"Overdue "&(TODAY()-F11)&IF((TODAY()-F11)=1," day"," days"),IF(F11=TODAY(),"Due today",IF(F11-TODAY()<=N(Dashboard!$C$4),"Due in "&(F11-TODAY())&IF((F11-TODAY())=1," day"," days"),"OK")))) | J11: =IF(G11="","",IF(G11="OK","",F11+ROW()/10000000))
B12: Miso | C12: Flea treatment | D12: 1 | E12: 46273 | F12: =IF(OR(C12="",E12="",N(D12)=0),"",EDATE(E12,D12)) | G12: =IF(F12="","",IF(F12<TODAY(),"Overdue "&(TODAY()-F12)&IF((TODAY()-F12)=1," day"," days"),IF(F12=TODAY(),"Due today",IF(F12-TODAY()<=N(Dashboard!$C$4),"Due in "&(F12-TODAY())&IF((F12-TODAY())=1," day"," days"),"OK")))) | J12: =IF(G12="","",IF(G12="OK","",F12+ROW()/10000000))
B13: Miso | C13: Worming | D13: 3 | E13: 46259 | F13: =IF(OR(C13="",E13="",N(D13)=0),"",EDATE(E13,D13)) | G13: =IF(F13="","",IF(F13<TODAY(),"Overdue "&(TODAY()-F13)&IF((TODAY()-F13)=1," day"," days"),IF(F13=TODAY(),"Due today",IF(F13-TODAY()<=N(Dashboard!$C$4),"Due in "&(F13-TODAY())&IF((F13-TODAY())=1," day"," days"),"OK")))) | J13: =IF(G13="","",IF(G13="OK","",F13+ROW()/10000000))
B14: Clover | C14: Myxo and RHD vaccine | D14: 12 | E14: 45974 | F14: =IF(OR(C14="",E14="",N(D14)=0),"",EDATE(E14,D14)) | G14: =IF(F14="","",IF(F14<TODAY(),"Overdue "&(TODAY()-F14)&IF((TODAY()-F14)=1," day"," days"),IF(F14=TODAY(),"Due today",IF(F14-TODAY()<=N(Dashboard!$C$4),"Due in "&(F14-TODAY())&IF((F14-TODAY())=1," day"," days"),"OK")))) | J14: =IF(G14="","",IF(G14="OK","",F14+ROW()/10000000))
B15: Clover | C15: Nail trim | D15: 2 | E15: 46235 | F15: =IF(OR(C15="",E15="",N(D15)=0),"",EDATE(E15,D15)) | G15: =IF(F15="","",IF(F15<TODAY(),"Overdue "&(TODAY()-F15)&IF((TODAY()-F15)=1," day"," days"),IF(F15=TODAY(),"Due today",IF(F15-TODAY()<=N(Dashboard!$C$4),"Due in "&(F15-TODAY())&IF((F15-TODAY())=1," day"," days"),"OK")))) | J15: =IF(G15="","",IF(G15="OK","",F15+ROW()/10000000))
F16: =IF(OR(C16="",E16="",N(D16)=0),"",EDATE(E16,D16)) | G16: =IF(F16="","",IF(F16<TODAY(),"Overdue "&(TODAY()-F16)&IF((TODAY()-F16)=1," day"," days"),IF(F16=TODAY(),"Due today",IF(F16-TODAY()<=N(Dashboard!$C$4),"Due in "&(F16-TODAY())&IF((F16-TODAY())=1," day"," days"),"OK")))) | J16: =IF(G16="","",IF(G16="OK","",F16+ROW()/10000000))
F17: =IF(OR(C17="",E17="",N(D17)=0),"",EDATE(E17,D17)) | G17: =IF(F17="","",IF(F17<TODAY(),"Overdue "&(TODAY()-F17)&IF((TODAY()-F17)=1," day"," days"),IF(F17=TODAY(),"Due today",IF(F17-TODAY()<=N(Dashboard!$C$4),"Due in "&(F17-TODAY())&IF((F17-TODAY())=1," day"," days"),"OK")))) | J17: =IF(G17="","",IF(G17="OK","",F17+ROW()/10000000))
F18: =IF(OR(C18="",E18="",N(D18)=0),"",EDATE(E18,D18)) | G18: =IF(F18="","",IF(F18<TODAY(),"Overdue "&(TODAY()-F18)&IF((TODAY()-F18)=1," day"," days"),IF(F18=TODAY(),"Due today",IF(F18-TODAY()<=N(Dashboard!$C$4),"Due in "&(F18-TODAY())&IF((F18-TODAY())=1," day"," days"),"OK")))) | J18: =IF(G18="","",IF(G18="OK","",F18+ROW()/10000000))
F19: =IF(OR(C19="",E19="",N(D19)=0),"",EDATE(E19,D19)) | G19: =IF(F19="","",IF(F19<TODAY(),"Overdue "&(TODAY()-F19)&IF((TODAY()-F19)=1," day"," days"),IF(F19=TODAY(),"Due today",IF(F19-TODAY()<=N(Dashboard!$C$4),"Due in "&(F19-TODAY())&IF((F19-TODAY())=1," day"," days"),"OK")))) | J19: =IF(G19="","",IF(G19="OK","",F19+ROW()/10000000))
F20: =IF(OR(C20="",E20="",N(D20)=0),"",EDATE(E20,D20)) | G20: =IF(F20="","",IF(F20<TODAY(),"Overdue "&(TODAY()-F20)&IF((TODAY()-F20)=1," day"," days"),IF(F20=TODAY(),"Due today",IF(F20-TODAY()<=N(Dashboard!$C$4),"Due in "&(F20-TODAY())&IF((F20-TODAY())=1," day"," days"),"OK")))) | J20: =IF(G20="","",IF(G20="OK","",F20+ROW()/10000000))
F21: =IF(OR(C21="",E21="",N(D21)=0),"",EDATE(E21,D21)) | G21: =IF(F21="","",IF(F21<TODAY(),"Overdue "&(TODAY()-F21)&IF((TODAY()-F21)=1," day"," days"),IF(F21=TODAY(),"Due today",IF(F21-TODAY()<=N(Dashboard!$C$4),"Due in "&(F21-TODAY())&IF((F21-TODAY())=1," day"," days"),"OK")))) | J21: =IF(G21="","",IF(G21="OK","",F21+ROW()/10000000))
F22: =IF(OR(C22="",E22="",N(D22)=0),"",EDATE(E22,D22)) | G22: =IF(F22="","",IF(F22<TODAY(),"Overdue "&(TODAY()-F22)&IF((TODAY()-F22)=1," day"," days"),IF(F22=TODAY(),"Due today",IF(F22-TODAY()<=N(Dashboard!$C$4),"Due in "&(F22-TODAY())&IF((F22-TODAY())=1," day"," days"),"OK")))) | J22: =IF(G22="","",IF(G22="OK","",F22+ROW()/10000000))
F23: =IF(OR(C23="",E23="",N(D23)=0),"",EDATE(E23,D23)) | G23: =IF(F23="","",IF(F23<TODAY(),"Overdue "&(TODAY()-F23)&IF((TODAY()-F23)=1," day"," days"),IF(F23=TODAY(),"Due today",IF(F23-TODAY()<=N(Dashboard!$C$4),"Due in "&(F23-TODAY())&IF((F23-TODAY())=1," day"," days"),"OK")))) | J23: =IF(G23="","",IF(G23="OK","",F23+ROW()/10000000))
F24: =IF(OR(C24="",E24="",N(D24)=0),"",EDATE(E24,D24)) | G24: =IF(F24="","",IF(F24<TODAY(),"Overdue "&(TODAY()-F24)&IF((TODAY()-F24)=1," day"," days"),IF(F24=TODAY(),"Due today",IF(F24-TODAY()<=N(Dashboard!$C$4),"Due in "&(F24-TODAY())&IF((F24-TODAY())=1," day"," days"),"OK")))) | J24: =IF(G24="","",IF(G24="OK","",F24+ROW()/10000000))
F25: =IF(OR(C25="",E25="",N(D25)=0),"",EDATE(E25,D25)) | G25: =IF(F25="","",IF(F25<TODAY(),"Overdue "&(TODAY()-F25)&IF((TODAY()-F25)=1," day"," days"),IF(F25=TODAY(),"Due today",IF(F25-TODAY()<=N(Dashboard!$C$4),"Due in "&(F25-TODAY())&IF((F25-TODAY())=1," day"," days"),"OK")))) | J25: =IF(G25="","",IF(G25="OK","",F25+ROW()/10000000))
F26: =IF(OR(C26="",E26="",N(D26)=0),"",EDATE(E26,D26)) | G26: =IF(F26="","",IF(F26<TODAY(),"Overdue "&(TODAY()-F26)&IF((TODAY()-F26)=1," day"," days"),IF(F26=TODAY(),"Due today",IF(F26-TODAY()<=N(Dashboard!$C$4),"Due in "&(F26-TODAY())&IF((F26-TODAY())=1," day"," days"),"OK")))) | J26: =IF(G26="","",IF(G26="OK","",F26+ROW()/10000000))
F27: =IF(OR(C27="",E27="",N(D27)=0),"",EDATE(E27,D27)) | G27: =IF(F27="","",IF(F27<TODAY(),"Overdue "&(TODAY()-F27)&IF((TODAY()-F27)=1," day"," days"),IF(F27=TODAY(),"Due today",IF(F27-TODAY()<=N(Dashboard!$C$4),"Due in "&(F27-TODAY())&IF((F27-TODAY())=1," day"," days"),"OK")))) | J27: =IF(G27="","",IF(G27="OK","",F27+ROW()/10000000))
... F65: =IF(OR(C65="",E65="",N(D65)=0),"",EDATE(E65,D65)) | G65: =IF(F65="","",IF(F65<TODAY(),"Overdue "&(TODAY()-F65)&IF((TODAY()-F65)=1," day"," days"),IF(F65=TODAY(),"Due today",IF(F65-TODAY()<=N(Dashboard!$C$4),"Due in "&(F65-TODAY())&IF((F65-TODAY())=1," day"," days"),"OK")))) | J65: =IF(G65="","",IF(G65="OK","",F65+ROW()/10000000))
B66: When it is done, change Last done to that day.

Sheet Vet visits
B2: Vet visits
B3: Every visit, past or booked: why, what the vet said and what it cost. The cost counts under Vet in the spending.
B5: Date | C5: Pet | D5: Why | E5: Vet | F5: What the vet said | G5: Cost
B6: 46047 | C6: Miso | D6: Yearly check and vaccine | E6: Riverside Vets | F6: Healthy, a bit overweight | G6: 68 | I6: =IF(AND(B6<>"",C6<>"",B6>=TODAY()),B6+ROW()/10000000,"")
B7: 46097 | C7: Biscuit | D7: Limping after a walk | E7: Riverside Vets | F7: Sprain, rest for a week | G7: 92.5 | I7: =IF(AND(B7<>"",C7<>"",B7>=TODAY()),B7+ROW()/10000000,"")
B8: 46140 | C8: Biscuit | D8: Teeth check | E8: Riverside Vets | F8: Teeth fine | G8: 45 | I8: =IF(AND(B8<>"",C8<>"",B8>=TODAY()),B8+ROW()/10000000,"")
B9: 46183 | C9: Clover | D9: Not eating | E9: Burrow Exotic Vets | F9: Gut slowdown, gave medicine | G9: 118 | I9: =IF(AND(B9<>"",C9<>"",B9>=TODAY()),B9+ROW()/10000000,"")
B10: 46257 | C10: Miso | D10: Ear scratching | E10: Riverside Vets | F10: Ear mites, drops for 2 weeks | G10: 54 | I10: =IF(AND(B10<>"",C10<>"",B10>=TODAY()),B10+ROW()/10000000,"")
B11: 46302 | C11: Biscuit | D11: Yearly vaccine | E11: Riverside Vets | F11: Booked at 10:30 | I11: =IF(AND(B11<>"",C11<>"",B11>=TODAY()),B11+ROW()/10000000,"")
B12: 46316 | C12: Miso | D12: Yearly check | E12: Riverside Vets | F12: Booked at 17:15 | I12: =IF(AND(B12<>"",C12<>"",B12>=TODAY()),B12+ROW()/10000000,"")
I13: =IF(AND(B13<>"",C13<>"",B13>=TODAY()),B13+ROW()/10000000,"")
I14: =IF(AND(B14<>"",C14<>"",B14>=TODAY()),B14+ROW()/10000000,"")
I15: =IF(AND(B15<>"",C15<>"",B15>=TODAY()),B15+ROW()/10000000,"")
I16: =IF(AND(B16<>"",C16<>"",B16>=TODAY()),B16+ROW()/10000000,"")
I17: =IF(AND(B17<>"",C17<>"",B17>=TODAY()),B17+ROW()/10000000,"")
I18: =IF(AND(B18<>"",C18<>"",B18>=TODAY()),B18+ROW()/10000000,"")
I19: =IF(AND(B19<>"",C19<>"",B19>=TODAY()),B19+ROW()/10000000,"")
I20: =IF(AND(B20<>"",C20<>"",B20>=TODAY()),B20+ROW()/10000000,"")
I21: =IF(AND(B21<>"",C21<>"",B21>=TODAY()),B21+ROW()/10000000,"")
I22: =IF(AND(B22<>"",C22<>"",B22>=TODAY()),B22+ROW()/10000000,"")
I23: =IF(AND(B23<>"",C23<>"",B23>=TODAY()),B23+ROW()/10000000,"")
I24: =IF(AND(B24<>"",C24<>"",B24>=TODAY()),B24+ROW()/10000000,"")
... I305: =IF(AND(B305<>"",C305<>"",B305>=TODAY()),B305+ROW()/10000000,"")

Sheet Weight
B2: Weight
B3: Weigh each pet now and then, in the unit you like. The Pets tab shows the latest weight and the change since the time before.
B5: Date | C5: Pet | D5: Weight | E5: Notes
B6: 46048 | C6: Biscuit | D6: 33.2 | F6: =IF(G6="","",COUNTIFS(Weight!$C$6:$C$505,C6,Weight!$G$6:$G$505,">"&G6)) | G6: =IF(OR(B6="",C6="",D6=""),"",B6+ROW()/10000000)
B7: 46048 | C7: Clover | D7: 1.72 | F7: =IF(G7="","",COUNTIFS(Weight!$C$6:$C$505,C7,Weight!$G$6:$G$505,">"&G7)) | G7: =IF(OR(B7="",C7="",D7=""),"",B7+ROW()/10000000)
B8: 46048 | C8: Miso | D8: 5.6 | F8: =IF(G8="","",COUNTIFS(Weight!$C$6:$C$505,C8,Weight!$G$6:$G$505,">"&G8)) | G8: =IF(OR(B8="",C8="",D8=""),"",B8+ROW()/10000000)
B9: 46079 | C9: Biscuit | D9: 33.3 | F9: =IF(G9="","",COUNTIFS(Weight!$C$6:$C$505,C9,Weight!$G$6:$G$505,">"&G9)) | G9: =IF(OR(B9="",C9="",D9=""),"",B9+ROW()/10000000)
B10: 46079 | C10: Clover | D10: 1.73 | F10: =IF(G10="","",COUNTIFS(Weight!$C$6:$C$505,C10,Weight!$G$6:$G$505,">"&G10)) | G10: =IF(OR(B10="",C10="",D10=""),"",B10+ROW()/10000000)
B11: 46079 | C11: Miso | D11: 5.5 | F11: =IF(G11="","",COUNTIFS(Weight!$C$6:$C$505,C11,Weight!$G$6:$G$505,">"&G11)) | G11: =IF(OR(B11="",C11="",D11=""),"",B11+ROW()/10000000)
B12: 46107 | C12: Biscuit | D12: 33.5 | F12: =IF(G12="","",COUNTIFS(Weight!$C$6:$C$505,C12,Weight!$G$6:$G$505,">"&G12)) | G12: =IF(OR(B12="",C12="",D12=""),"",B12+ROW()/10000000)
B13: 46107 | C13: Clover | D13: 1.75 | F13: =IF(G13="","",COUNTIFS(Weight!$C$6:$C$505,C13,Weight!$G$6:$G$505,">"&G13)) | G13: =IF(OR(B13="",C13="",D13=""),"",B13+ROW()/10000000)
B14: 46107 | C14: Miso | D14: 5.5 | F14: =IF(G14="","",COUNTIFS(Weight!$C$6:$C$505,C14,Weight!$G$6:$G$505,">"&G14)) | G14: =IF(OR(B14="",C14="",D14=""),"",B14+ROW()/10000000)
B15: 46138 | C15: Biscuit | D15: 33.7 | F15: =IF(G15="","",COUNTIFS(Weight!$C$6:$C$505,C15,Weight!$G$6:$G$505,">"&G15)) | G15: =IF(OR(B15="",C15="",D15=""),"",B15+ROW()/10000000)
B16: 46138 | C16: Clover | D16: 1.77 | F16: =IF(G16="","",COUNTIFS(Weight!$C$6:$C$505,C16,Weight!$G$6:$G$505,">"&G16)) | G16: =IF(OR(B16="",C16="",D16=""),"",B16+ROW()/10000000)
B17: 46138 | C17: Miso | D17: 5.5 | F17: =IF(G17="","",COUNTIFS(Weight!$C$6:$C$505,C17,Weight!$G$6:$G$505,">"&G17)) | G17: =IF(OR(B17="",C17="",D17=""),"",B17+ROW()/10000000)
... B32: 46291 | C32: Miso | D32: 5.3 | F32: =IF(G32="","",COUNTIFS(Weight!$C$6:$C$505,C32,Weight!$G$6:$G$505,">"&G32)) | G32: =IF(OR(B32="",C32="",D32=""),"",B32+ROW()/10000000)
F33: =IF(G33="","",COUNTIFS(Weight!$C$6:$C$505,C33,Weight!$G$6:$G$505,">"&G33)) | G33: =IF(OR(B33="",C33="",D33=""),"",B33+ROW()/10000000)
F34: =IF(G34="","",COUNTIFS(Weight!$C$6:$C$505,C34,Weight!$G$6:$G$505,">"&G34)) | G34: =IF(OR(B34="",C34="",D34=""),"",B34+ROW()/10000000)
F35: =IF(G35="","",COUNTIFS(Weight!$C$6:$C$505,C35,Weight!$G$6:$G$505,">"&G35)) | G35: =IF(OR(B35="",C35="",D35=""),"",B35+ROW()/10000000)
F36: =IF(G36="","",COUNTIFS(Weight!$C$6:$C$505,C36,Weight!$G$6:$G$505,">"&G36)) | G36: =IF(OR(B36="",C36="",D36=""),"",B36+ROW()/10000000)
F37: =IF(G37="","",COUNTIFS(Weight!$C$6:$C$505,C37,Weight!$G$6:$G$505,">"&G37)) | G37: =IF(OR(B37="",C37="",D37=""),"",B37+ROW()/10000000)
F38: =IF(G38="","",COUNTIFS(Weight!$C$6:$C$505,C38,Weight!$G$6:$G$505,">"&G38)) | G38: =IF(OR(B38="",C38="",D38=""),"",B38+ROW()/10000000)
F39: =IF(G39="","",COUNTIFS(Weight!$C$6:$C$505,C39,Weight!$G$6:$G$505,">"&G39)) | G39: =IF(OR(B39="",C39="",D39=""),"",B39+ROW()/10000000)
F40: =IF(G40="","",COUNTIFS(Weight!$C$6:$C$505,C40,Weight!$G$6:$G$505,">"&G40)) | G40: =IF(OR(B40="",C40="",D40=""),"",B40+ROW()/10000000)
F41: =IF(G41="","",COUNTIFS(Weight!$C$6:$C$505,C41,Weight!$G$6:$G$505,">"&G41)) | G41: =IF(OR(B41="",C41="",D41=""),"",B41+ROW()/10000000)
F42: =IF(G42="","",COUNTIFS(Weight!$C$6:$C$505,C42,Weight!$G$6:$G$505,">"&G42)) | G42: =IF(OR(B42="",C42="",D42=""),"",B42+ROW()/10000000)
F43: =IF(G43="","",COUNTIFS(Weight!$C$6:$C$505,C43,Weight!$G$6:$G$505,">"&G43)) | G43: =IF(OR(B43="",C43="",D43=""),"",B43+ROW()/10000000)
F44: =IF(G44="","",COUNTIFS(Weight!$C$6:$C$505,C44,Weight!$G$6:$G$505,">"&G44)) | G44: =IF(OR(B44="",C44="",D44=""),"",B44+ROW()/10000000)
... F505: =IF(G505="","",COUNTIFS(Weight!$C$6:$C$505,C505,Weight!$G$6:$G$505,">"&G505)) | G505: =IF(OR(B505="",C505="",D505=""),"",B505+ROW()/10000000)

Sheet Food
B2: Food
B3: Each bag or box in use: its size, how much the pet eats a day, and the day you opened it. Use the same unit for both, like grams or pouches.
B5: Pet | C5: Food | D5: Bag size | E5: A day | F5: Opened on | G5: Price | H5: Lasts (days) | I5: Runs out | J5: Days left | K5: Buy by | L5: A month | M5: Where
B6: Biscuit | C6: Adult dry food | D6: 12000 | E6: 300 | F6: 46262 | G6: 54.99 | H6: =IF(OR(N(D6)=0,N(E6)=0),"",INT(D6/E6)) | I6: =IF(OR(H6="",F6=""),"",F6+H6) | J6: =IF(I6="","",I6-TODAY()) | K6: =IF(I6="","",IF(I6-N(Dashboard!$G$4)<=TODAY(),"Now",I6-N(Dashboard!$G$4))) | L6: =IF(OR(N(D6)=0,N(E6)=0,G6=""),"",G6/D6*E6*30.4) | M6: Pet shop | O6: =IF(I6="","",I6+ROW()/10000000)
B7: Miso | C7: Indoor cat biscuits | D7: 4000 | E7: 60 | F7: 46241 | G7: 22.5 | H7: =IF(OR(N(D7)=0,N(E7)=0),"",INT(D7/E7)) | I7: =IF(OR(H7="",F7=""),"",F7+H7) | J7: =IF(I7="","",I7-TODAY()) | K7: =IF(I7="","",IF(I7-N(Dashboard!$G$4)<=TODAY(),"Now",I7-N(Dashboard!$G$4))) | L7: =IF(OR(N(D7)=0,N(E7)=0,G7=""),"",G7/D7*E7*30.4) | M7: Online | O7: =IF(I7="","",I7+ROW()/10000000)
B8: Miso | C8: Wet food pouches | D8: 48 | E8: 2 | F8: 46281 | G8: 19.2 | H8: =IF(OR(N(D8)=0,N(E8)=0),"",INT(D8/E8)) | I8: =IF(OR(H8="",F8=""),"",F8+H8) | J8: =IF(I8="","",I8-TODAY()) | K8: =IF(I8="","",IF(I8-N(Dashboard!$G$4)<=TODAY(),"Now",I8-N(Dashboard!$G$4))) | L8: =IF(OR(N(D8)=0,N(E8)=0,G8=""),"",G8/D8*E8*30.4) | M8: Supermarket | O8: =IF(I8="","",I8+ROW()/10000000)
B9: Clover | C9: Hay | D9: 2500 | E9: 120 | F9: 46275 | G9: 9.8 | H9: =IF(OR(N(D9)=0,N(E9)=0),"",INT(D9/E9)) | I9: =IF(OR(H9="",F9=""),"",F9+H9) | J9: =IF(I9="","",I9-TODAY()) | K9: =IF(I9="","",IF(I9-N(Dashboard!$G$4)<=TODAY(),"Now",I9-N(Dashboard!$G$4))) | L9: =IF(OR(N(D9)=0,N(E9)=0,G9=""),"",G9/D9*E9*30.4) | M9: Pet shop | O9: =IF(I9="","",I9+ROW()/10000000)
B10: Clover | C10: Rabbit pellets | D10: 2000 | E10: 25 | F10: 46253 | G10: 11.5 | H10: =IF(OR(N(D10)=0,N(E10)=0),"",INT(D10/E10)) | I10: =IF(OR(H10="",F10=""),"",F10+H10) | J10: =IF(I10="","",I10-TODAY()) | K10: =IF(I10="","",IF(I10-N(Dashboard!$G$4)<=TODAY(),"Now",I10-N(Dashboard!$G$4))) | L10: =IF(OR(N(D10)=0,N(E10)=0,G10=""),"",G10/D10*E10*30.4) | M10: Pet shop | O10: =IF(I10="","",I10+ROW()/10000000)
H11: =IF(OR(N(D11)=0,N(E11)=0),"",INT(D11/E11)) | I11: =IF(OR(H11="",F11=""),"",F11+H11) | J11: =IF(I11="","",I11-TODAY()) | K11: =IF(I11="","",IF(I11-N(Dashboard!$G$4)<=TODAY(),"Now",I11-N(Dashboard!$G$4))) | L11: =IF(OR(N(D11)=0,N(E11)=0,G11=""),"",G11/D11*E11*30.4) | O11: =IF(I11="","",I11+ROW()/10000000)
H12: =IF(OR(N(D12)=0,N(E12)=0),"",INT(D12/E12)) | I12: =IF(OR(H12="",F12=""),"",F12+H12) | J12: =IF(I12="","",I12-TODAY()) | K12: =IF(I12="","",IF(I12-N(Dashboard!$G$4)<=TODAY(),"Now",I12-N(Dashboard!$G$4))) | L12: =IF(OR(N(D12)=0,N(E12)=0,G12=""),"",G12/D12*E12*30.4) | O12: =IF(I12="","",I12+ROW()/10000000)
H13: =IF(OR(N(D13)=0,N(E13)=0),"",INT(D13/E13)) | I13: =IF(OR(H13="",F13=""),"",F13+H13) | J13: =IF(I13="","",I13-TODAY()) | K13: =IF(I13="","",IF(I13-N(Dashboard!$G$4)<=TODAY(),"Now",I13-N(Dashboard!$G$4))) | L13: =IF(OR(N(D13)=0,N(E13)=0,G13=""),"",G13/D13*E13*30.4) | O13: =IF(I13="","",I13+ROW()/10000000)
H14: =IF(OR(N(D14)=0,N(E14)=0),"",INT(D14/E14)) | I14: =IF(OR(H14="",F14=""),"",F14+H14) | J14: =IF(I14="","",I14-TODAY()) | K14: =IF(I14="","",IF(I14-N(Dashboard!$G$4)<=TODAY(),"Now",I14-N(Dashboard!$G$4))) | L14: =IF(OR(N(D14)=0,N(E14)=0,G14=""),"",G14/D14*E14*30.4) | O14: =IF(I14="","",I14+ROW()/10000000)
H15: =IF(OR(N(D15)=0,N(E15)=0),"",INT(D15/E15)) | I15: =IF(OR(H15="",F15=""),"",F15+H15) | J15: =IF(I15="","",I15-TODAY()) | K15: =IF(I15="","",IF(I15-N(Dashboard!$G$4)<=TODAY(),"Now",I15-N(Dashboard!$G$4))) | L15: =IF(OR(N(D15)=0,N(E15)=0,G15=""),"",G15/D15*E15*30.4) | O15: =IF(I15="","",I15+ROW()/10000000)
H16: =IF(OR(N(D16)=0,N(E16)=0),"",INT(D16/E16)) | I16: =IF(OR(H16="",F16=""),"",F16+H16) | J16: =IF(I16="","",I16-TODAY()) | K16: =IF(I16="","",IF(I16-N(Dashboard!$G$4)<=TODAY(),"Now",I16-N(Dashboard!$G$4))) | L16: =IF(OR(N(D16)=0,N(E16)=0,G16=""),"",G16/D16*E16*30.4) | O16: =IF(I16="","",I16+ROW()/10000000)
H17: =IF(OR(N(D17)=0,N(E17)=0),"",INT(D17/E17)) | I17: =IF(OR(H17="",F17=""),"",F17+H17) | J17: =IF(I17="","",I17-TODAY()) | K17: =IF(I17="","",IF(I17-N(Dashboard!$G$4)<=TODAY(),"Now",I17-N(Dashboard!$G$4))) | L17: =IF(OR(N(D17)=0,N(E17)=0,G17=""),"",G17/D17*E17*30.4) | O17: =IF(I17="","",I17+ROW()/10000000)
H18: =IF(OR(N(D18)=0,N(E18)=0),"",INT(D18/E18)) | I18: =IF(OR(H18="",F18=""),"",F18+H18) | J18: =IF(I18="","",I18-TODAY()) | K18: =IF(I18="","",IF(I18-N(Dashboard!$G$4)<=TODAY(),"Now",I18-N(Dashboard!$G$4))) | L18: =IF(OR(N(D18)=0,N(E18)=0,G18=""),"",G18/D18*E18*30.4) | O18: =IF(I18="","",I18+ROW()/10000000)
H19: =IF(OR(N(D19)=0,N(E19)=0),"",INT(D19/E19)) | I19: =IF(OR(H19="",F19=""),"",F19+H19) | J19: =IF(I19="","",I19-TODAY()) | K19: =IF(I19="","",IF(I19-N(Dashboard!$G$4)<=TODAY(),"Now",I19-N(Dashboard!$G$4))) | L19: =IF(OR(N(D19)=0,N(E19)=0,G19=""),"",G19/D19*E19*30.4) | O19: =IF(I19="","",I19+ROW()/10000000)
H20: =IF(OR(N(D20)=0,N(E20)=0),"",INT(D20/E20)) | I20: =IF(OR(H20="",F20=""),"",F20+H20) | J20: =IF(I20="","",I20-TODAY()) | K20: =IF(I20="","",IF(I20-N(Dashboard!$G$4)<=TODAY(),"Now",I20-N(Dashboard!$G$4))) | L20: =IF(OR(N(D20)=0,N(E20)=0,G20=""),"",G20/D20*E20*30.4) | O20: =IF(I20="","",I20+ROW()/10000000)
H21: =IF(OR(N(D21)=0,N(E21)=0),"",INT(D21/E21)) | I21: =IF(OR(H21="",F21=""),"",F21+H21) | J21: =IF(I21="","",I21-TODAY()) | K21: =IF(I21="","",IF(I21-N(Dashboard!$G$4)<=TODAY(),"Now",I21-N(Dashboard!$G$4))) | L21: =IF(OR(N(D21)=0,N(E21)=0,G21=""),"",G21/D21*E21*30.4) | O21: =IF(I21="","",I21+ROW()/10000000)
H22: =IF(OR(N(D22)=0,N(E22)=0),"",INT(D22/E22)) | I22: =IF(OR(H22="",F22=""),"",F22+H22) | J22: =IF(I22="","",I22-TODAY()) | K22: =IF(I22="","",IF(I22-N(Dashboard!$G$4)<=TODAY(),"Now",I22-N(Dashboard!$G$4))) | L22: =IF(OR(N(D22)=0,N(E22)=0,G22=""),"",G22/D22*E22*30.4) | O22: =IF(I22="","",I22+ROW()/10000000)
... H25: =IF(OR(N(D25)=0,N(E25)=0),"",INT(D25/E25)) | I25: =IF(OR(H25="",F25=""),"",F25+H25) | J25: =IF(I25="","",I25-TODAY()) | K25: =IF(I25="","",IF(I25-N(Dashboard!$G$4)<=TODAY(),"Now",I25-N(Dashboard!$G$4))) | L25: =IF(OR(N(D25)=0,N(E25)=0,G25=""),"",G25/D25*E25*30.4) | O25: =IF(I25="","",I25+ROW()/10000000)
B26: When you open a new bag, change Opened on to that day.

Sheet Spending
B2: Spending
B3: Everything you buy for your pets. Vet visits count from their own tab, so leave them out here. Use All for things they share.
B5: Date | C5: Pet | D5: Category | E5: What | F5: Amount
B6: 46025 | C6: All | D6: Medicine | E6: Flea and worming | F6: 18.6
B7: 46025 | C7: Biscuit | D7: Insurance | E7: Monthly premium | F7: 24.9
B8: 46030 | C8: Clover | D8: Food | E8: Hay and pellets | F8: 21.3
B9: 46035 | C9: Biscuit | D9: Food | E9: Adult dry food, 12 kg | F9: 54.99
B10: 46042 | C10: Miso | D10: Food | E10: Wet food, 48 pouches | F10: 19.2
B11: 46048 | C11: Miso | D11: Food | E11: Cat biscuits, 4 kg | F11: 22.5
B12: 46056 | C12: Biscuit | D12: Insurance | E12: Monthly premium | F12: 24.9
B13: 46058 | C13: Clover | D13: Food | E13: Hay and pellets | F13: 21.3
B14: 46063 | C14: All | D14: Medicine | E14: Flea and worming | F14: 18.6
B15: 46066 | C15: Miso | D15: Food | E15: Wet food, 48 pouches | F15: 19.2
B16: 46071 | C16: Biscuit | D16: Food | E16: Adult dry food, 12 kg | F16: 54.99
B17: 46084 | C17: Biscuit | D17: Insurance | E17: Monthly premium | F17: 24.9
... B60: 46285 | C60: Miso | D60: Food | E60: Cat biscuits, 4 kg | F60: 22.5

Sheet Start Here
B2: Start here
B3: Type only in the yellow cells. Everything else is calculated.
B5: 1 | C5: Pets: each pet once, with its birthday, chip, insurance and vet.
B7: 2 | C7: Health: vaccines and treatments, how many months apart, and when each was last done.
B9: 3 | C9: Vet visits and Weight: a line for each visit, booked or past, and each time you weigh a pet.
B11: 4 | C11: Food: each bag in use, how much a day, and the day you opened it. It says when to buy the next one.
B13: 5 | C13: Spending: what you buy for them. The Dashboard shows what is due, the food to buy and the costs.
C16: How often a vaccine or treatment is needed depends on your pet and your country: ask your vet.
C18: The example pets, vets and shops are made up. Delete them and add your own.
C20: Works in Google Sheets and Microsoft Excel, in any currency and any unit.
