Workbook

Sheet Today
B2: Plant care
B3: What your plants need today and in the days ahead.
B4: ="Today, "&DAY(TODAY())&" "&CHOOSE(MONTH(TODAY()),"Jan","Feb","Mar","Apr","May","Jun","Jul","Aug","Sep","Oct","Nov","Dec")&": "&IF(Settings!$C$7=1,"growing season","resting season")
B6: Plants | C6: Water today | D6: Late | F6: Feed this week | I6: Repot soon
B7: =COUNTIF(Plants!$B$6:$B$65,"?*") | C7: =COUNTIFS(Plants!$L$6:$L$65,"<="&TODAY()) | D7: =COUNTIFS(Plants!$L$6:$L$65,"<"&TODAY()) | F7: =COUNTIFS(Plants!$W$6:$W$65,"<"&TODAY()+7) | I7: =COUNTIFS(Plants!$X$6:$X$65,"<"&EDATE(TODAY(),2))
B9: Water | C9: Spot | D9: When | F9: Feed | G9: When | I9: Repot | J9: When
B10: =IF(T10="","Nothing to water this week",INDEX(Plants!$B$6:$B$65,MATCH(T10,Plants!$V$6:$V$65,0))) | C10: =IF(T10="","",INDEX(Plants!$D$6:$D$65,MATCH(T10,Plants!$V$6:$V$65,0))) | D10: =IF(T10="","",IF(INT(T10)<TODAY(),"Late "&(TODAY()-INT(T10))&IF((TODAY()-INT(T10))=1," day"," days"),IF(INT(T10)=TODAY(),"Today",CHOOSE(WEEKDAY(INT(T10),2),"Mon","Tue","Wed","Thu","Fri","Sat","Sun")&" "&DAY(INT(T10))&" "&CHOOSE(MONTH(INT(T10)),"Jan","Feb","Mar","Apr","May","Jun","Jul","Aug","Sep","Oct","Nov","Dec")))) | F10: =IF(U10="","No feeds this week",INDEX(Plants!$B$6:$B$65,MATCH(U10,Plants!$W$6:$W$65,0))) | G10: =IF(U10="","",IF(INT(U10)<=TODAY(),"Today",CHOOSE(WEEKDAY(INT(U10),2),"Mon","Tue","Wed","Thu","Fri","Sat","Sun")&" "&DAY(INT(U10))&" "&CHOOSE(MONTH(INT(U10)),"Jan","Feb","Mar","Apr","May","Jun","Jul","Aug","Sep","Oct","Nov","Dec"))) | I10: =IF(V10="","No repots in the next two months",INDEX(Plants!$B$6:$B$65,MATCH(V10,Plants!$X$6:$X$65,0))) | J10: =IF(V10="","",IF(INT(V10)<=TODAY(),"Now",CHOOSE(MONTH(INT(V10)),"Jan","Feb","Mar","Apr","May","Jun","Jul","Aug","Sep","Oct","Nov","Dec")&" "&YEAR(INT(V10)))) | T10: =IFERROR(IF(SMALL(Plants!$V$6:$V$65,1)<TODAY()+7,SMALL(Plants!$V$6:$V$65,1),""),"") | U10: =IFERROR(IF(SMALL(Plants!$W$6:$W$65,1)<TODAY()+7,SMALL(Plants!$W$6:$W$65,1),""),"") | V10: =IFERROR(IF(SMALL(Plants!$X$6:$X$65,1)<EDATE(TODAY(),2),SMALL(Plants!$X$6:$X$65,1),""),"")
B11: =IF(T11="","",INDEX(Plants!$B$6:$B$65,MATCH(T11,Plants!$V$6:$V$65,0))) | C11: =IF(T11="","",INDEX(Plants!$D$6:$D$65,MATCH(T11,Plants!$V$6:$V$65,0))) | D11: =IF(T11="","",IF(INT(T11)<TODAY(),"Late "&(TODAY()-INT(T11))&IF((TODAY()-INT(T11))=1," day"," days"),IF(INT(T11)=TODAY(),"Today",CHOOSE(WEEKDAY(INT(T11),2),"Mon","Tue","Wed","Thu","Fri","Sat","Sun")&" "&DAY(INT(T11))&" "&CHOOSE(MONTH(INT(T11)),"Jan","Feb","Mar","Apr","May","Jun","Jul","Aug","Sep","Oct","Nov","Dec")))) | F11: =IF(U11="","",INDEX(Plants!$B$6:$B$65,MATCH(U11,Plants!$W$6:$W$65,0))) | G11: =IF(U11="","",IF(INT(U11)<=TODAY(),"Today",CHOOSE(WEEKDAY(INT(U11),2),"Mon","Tue","Wed","Thu","Fri","Sat","Sun")&" "&DAY(INT(U11))&" "&CHOOSE(MONTH(INT(U11)),"Jan","Feb","Mar","Apr","May","Jun","Jul","Aug","Sep","Oct","Nov","Dec"))) | I11: =IF(V11="","",INDEX(Plants!$B$6:$B$65,MATCH(V11,Plants!$X$6:$X$65,0))) | J11: =IF(V11="","",IF(INT(V11)<=TODAY(),"Now",CHOOSE(MONTH(INT(V11)),"Jan","Feb","Mar","Apr","May","Jun","Jul","Aug","Sep","Oct","Nov","Dec")&" "&YEAR(INT(V11)))) | T11: =IFERROR(IF(SMALL(Plants!$V$6:$V$65,2)<TODAY()+7,SMALL(Plants!$V$6:$V$65,2),""),"") | U11: =IFERROR(IF(SMALL(Plants!$W$6:$W$65,2)<TODAY()+7,SMALL(Plants!$W$6:$W$65,2),""),"") | V11: =IFERROR(IF(SMALL(Plants!$X$6:$X$65,2)<EDATE(TODAY(),2),SMALL(Plants!$X$6:$X$65,2),""),"")
B12: =IF(T12="","",INDEX(Plants!$B$6:$B$65,MATCH(T12,Plants!$V$6:$V$65,0))) | C12: =IF(T12="","",INDEX(Plants!$D$6:$D$65,MATCH(T12,Plants!$V$6:$V$65,0))) | D12: =IF(T12="","",IF(INT(T12)<TODAY(),"Late "&(TODAY()-INT(T12))&IF((TODAY()-INT(T12))=1," day"," days"),IF(INT(T12)=TODAY(),"Today",CHOOSE(WEEKDAY(INT(T12),2),"Mon","Tue","Wed","Thu","Fri","Sat","Sun")&" "&DAY(INT(T12))&" "&CHOOSE(MONTH(INT(T12)),"Jan","Feb","Mar","Apr","May","Jun","Jul","Aug","Sep","Oct","Nov","Dec")))) | F12: =IF(U12="","",INDEX(Plants!$B$6:$B$65,MATCH(U12,Plants!$W$6:$W$65,0))) | G12: =IF(U12="","",IF(INT(U12)<=TODAY(),"Today",CHOOSE(WEEKDAY(INT(U12),2),"Mon","Tue","Wed","Thu","Fri","Sat","Sun")&" "&DAY(INT(U12))&" "&CHOOSE(MONTH(INT(U12)),"Jan","Feb","Mar","Apr","May","Jun","Jul","Aug","Sep","Oct","Nov","Dec"))) | I12: =IF(V12="","",INDEX(Plants!$B$6:$B$65,MATCH(V12,Plants!$X$6:$X$65,0))) | J12: =IF(V12="","",IF(INT(V12)<=TODAY(),"Now",CHOOSE(MONTH(INT(V12)),"Jan","Feb","Mar","Apr","May","Jun","Jul","Aug","Sep","Oct","Nov","Dec")&" "&YEAR(INT(V12)))) | T12: =IFERROR(IF(SMALL(Plants!$V$6:$V$65,3)<TODAY()+7,SMALL(Plants!$V$6:$V$65,3),""),"") | U12: =IFERROR(IF(SMALL(Plants!$W$6:$W$65,3)<TODAY()+7,SMALL(Plants!$W$6:$W$65,3),""),"") | V12: =IFERROR(IF(SMALL(Plants!$X$6:$X$65,3)<EDATE(TODAY(),2),SMALL(Plants!$X$6:$X$65,3),""),"")
B13: =IF(T13="","",INDEX(Plants!$B$6:$B$65,MATCH(T13,Plants!$V$6:$V$65,0))) | C13: =IF(T13="","",INDEX(Plants!$D$6:$D$65,MATCH(T13,Plants!$V$6:$V$65,0))) | D13: =IF(T13="","",IF(INT(T13)<TODAY(),"Late "&(TODAY()-INT(T13))&IF((TODAY()-INT(T13))=1," day"," days"),IF(INT(T13)=TODAY(),"Today",CHOOSE(WEEKDAY(INT(T13),2),"Mon","Tue","Wed","Thu","Fri","Sat","Sun")&" "&DAY(INT(T13))&" "&CHOOSE(MONTH(INT(T13)),"Jan","Feb","Mar","Apr","May","Jun","Jul","Aug","Sep","Oct","Nov","Dec")))) | F13: =IF(U13="","",INDEX(Plants!$B$6:$B$65,MATCH(U13,Plants!$W$6:$W$65,0))) | G13: =IF(U13="","",IF(INT(U13)<=TODAY(),"Today",CHOOSE(WEEKDAY(INT(U13),2),"Mon","Tue","Wed","Thu","Fri","Sat","Sun")&" "&DAY(INT(U13))&" "&CHOOSE(MONTH(INT(U13)),"Jan","Feb","Mar","Apr","May","Jun","Jul","Aug","Sep","Oct","Nov","Dec"))) | I13: =IF(V13="","",INDEX(Plants!$B$6:$B$65,MATCH(V13,Plants!$X$6:$X$65,0))) | J13: =IF(V13="","",IF(INT(V13)<=TODAY(),"Now",CHOOSE(MONTH(INT(V13)),"Jan","Feb","Mar","Apr","May","Jun","Jul","Aug","Sep","Oct","Nov","Dec")&" "&YEAR(INT(V13)))) | T13: =IFERROR(IF(SMALL(Plants!$V$6:$V$65,4)<TODAY()+7,SMALL(Plants!$V$6:$V$65,4),""),"") | U13: =IFERROR(IF(SMALL(Plants!$W$6:$W$65,4)<TODAY()+7,SMALL(Plants!$W$6:$W$65,4),""),"") | V13: =IFERROR(IF(SMALL(Plants!$X$6:$X$65,4)<EDATE(TODAY(),2),SMALL(Plants!$X$6:$X$65,4),""),"")
B14: =IF(T14="","",INDEX(Plants!$B$6:$B$65,MATCH(T14,Plants!$V$6:$V$65,0))) | C14: =IF(T14="","",INDEX(Plants!$D$6:$D$65,MATCH(T14,Plants!$V$6:$V$65,0))) | D14: =IF(T14="","",IF(INT(T14)<TODAY(),"Late "&(TODAY()-INT(T14))&IF((TODAY()-INT(T14))=1," day"," days"),IF(INT(T14)=TODAY(),"Today",CHOOSE(WEEKDAY(INT(T14),2),"Mon","Tue","Wed","Thu","Fri","Sat","Sun")&" "&DAY(INT(T14))&" "&CHOOSE(MONTH(INT(T14)),"Jan","Feb","Mar","Apr","May","Jun","Jul","Aug","Sep","Oct","Nov","Dec")))) | F14: =IF(U14="","",INDEX(Plants!$B$6:$B$65,MATCH(U14,Plants!$W$6:$W$65,0))) | G14: =IF(U14="","",IF(INT(U14)<=TODAY(),"Today",CHOOSE(WEEKDAY(INT(U14),2),"Mon","Tue","Wed","Thu","Fri","Sat","Sun")&" "&DAY(INT(U14))&" "&CHOOSE(MONTH(INT(U14)),"Jan","Feb","Mar","Apr","May","Jun","Jul","Aug","Sep","Oct","Nov","Dec"))) | I14: =IF(V14="","",INDEX(Plants!$B$6:$B$65,MATCH(V14,Plants!$X$6:$X$65,0))) | J14: =IF(V14="","",IF(INT(V14)<=TODAY(),"Now",CHOOSE(MONTH(INT(V14)),"Jan","Feb","Mar","Apr","May","Jun","Jul","Aug","Sep","Oct","Nov","Dec")&" "&YEAR(INT(V14)))) | T14: =IFERROR(IF(SMALL(Plants!$V$6:$V$65,5)<TODAY()+7,SMALL(Plants!$V$6:$V$65,5),""),"") | U14: =IFERROR(IF(SMALL(Plants!$W$6:$W$65,5)<TODAY()+7,SMALL(Plants!$W$6:$W$65,5),""),"") | V14: =IFERROR(IF(SMALL(Plants!$X$6:$X$65,5)<EDATE(TODAY(),2),SMALL(Plants!$X$6:$X$65,5),""),"")
B15: =IF(T15="","",INDEX(Plants!$B$6:$B$65,MATCH(T15,Plants!$V$6:$V$65,0))) | C15: =IF(T15="","",INDEX(Plants!$D$6:$D$65,MATCH(T15,Plants!$V$6:$V$65,0))) | D15: =IF(T15="","",IF(INT(T15)<TODAY(),"Late "&(TODAY()-INT(T15))&IF((TODAY()-INT(T15))=1," day"," days"),IF(INT(T15)=TODAY(),"Today",CHOOSE(WEEKDAY(INT(T15),2),"Mon","Tue","Wed","Thu","Fri","Sat","Sun")&" "&DAY(INT(T15))&" "&CHOOSE(MONTH(INT(T15)),"Jan","Feb","Mar","Apr","May","Jun","Jul","Aug","Sep","Oct","Nov","Dec")))) | F15: =IF(U15="","",INDEX(Plants!$B$6:$B$65,MATCH(U15,Plants!$W$6:$W$65,0))) | G15: =IF(U15="","",IF(INT(U15)<=TODAY(),"Today",CHOOSE(WEEKDAY(INT(U15),2),"Mon","Tue","Wed","Thu","Fri","Sat","Sun")&" "&DAY(INT(U15))&" "&CHOOSE(MONTH(INT(U15)),"Jan","Feb","Mar","Apr","May","Jun","Jul","Aug","Sep","Oct","Nov","Dec"))) | I15: =IF(V15="","",INDEX(Plants!$B$6:$B$65,MATCH(V15,Plants!$X$6:$X$65,0))) | J15: =IF(V15="","",IF(INT(V15)<=TODAY(),"Now",CHOOSE(MONTH(INT(V15)),"Jan","Feb","Mar","Apr","May","Jun","Jul","Aug","Sep","Oct","Nov","Dec")&" "&YEAR(INT(V15)))) | T15: =IFERROR(IF(SMALL(Plants!$V$6:$V$65,6)<TODAY()+7,SMALL(Plants!$V$6:$V$65,6),""),"") | U15: =IFERROR(IF(SMALL(Plants!$W$6:$W$65,6)<TODAY()+7,SMALL(Plants!$W$6:$W$65,6),""),"") | V15: =IFERROR(IF(SMALL(Plants!$X$6:$X$65,6)<EDATE(TODAY(),2),SMALL(Plants!$X$6:$X$65,6),""),"")
B16: =IF(T16="","",INDEX(Plants!$B$6:$B$65,MATCH(T16,Plants!$V$6:$V$65,0))) | C16: =IF(T16="","",INDEX(Plants!$D$6:$D$65,MATCH(T16,Plants!$V$6:$V$65,0))) | D16: =IF(T16="","",IF(INT(T16)<TODAY(),"Late "&(TODAY()-INT(T16))&IF((TODAY()-INT(T16))=1," day"," days"),IF(INT(T16)=TODAY(),"Today",CHOOSE(WEEKDAY(INT(T16),2),"Mon","Tue","Wed","Thu","Fri","Sat","Sun")&" "&DAY(INT(T16))&" "&CHOOSE(MONTH(INT(T16)),"Jan","Feb","Mar","Apr","May","Jun","Jul","Aug","Sep","Oct","Nov","Dec")))) | F16: =IF(U16="","",INDEX(Plants!$B$6:$B$65,MATCH(U16,Plants!$W$6:$W$65,0))) | G16: =IF(U16="","",IF(INT(U16)<=TODAY(),"Today",CHOOSE(WEEKDAY(INT(U16),2),"Mon","Tue","Wed","Thu","Fri","Sat","Sun")&" "&DAY(INT(U16))&" "&CHOOSE(MONTH(INT(U16)),"Jan","Feb","Mar","Apr","May","Jun","Jul","Aug","Sep","Oct","Nov","Dec"))) | I16: =IF(V16="","",INDEX(Plants!$B$6:$B$65,MATCH(V16,Plants!$X$6:$X$65,0))) | J16: =IF(V16="","",IF(INT(V16)<=TODAY(),"Now",CHOOSE(MONTH(INT(V16)),"Jan","Feb","Mar","Apr","May","Jun","Jul","Aug","Sep","Oct","Nov","Dec")&" "&YEAR(INT(V16)))) | T16: =IFERROR(IF(SMALL(Plants!$V$6:$V$65,7)<TODAY()+7,SMALL(Plants!$V$6:$V$65,7),""),"") | U16: =IFERROR(IF(SMALL(Plants!$W$6:$W$65,7)<TODAY()+7,SMALL(Plants!$W$6:$W$65,7),""),"") | V16: =IFERROR(IF(SMALL(Plants!$X$6:$X$65,7)<EDATE(TODAY(),2),SMALL(Plants!$X$6:$X$65,7),""),"")
B17: =IF(T17="","",INDEX(Plants!$B$6:$B$65,MATCH(T17,Plants!$V$6:$V$65,0))) | C17: =IF(T17="","",INDEX(Plants!$D$6:$D$65,MATCH(T17,Plants!$V$6:$V$65,0))) | D17: =IF(T17="","",IF(INT(T17)<TODAY(),"Late "&(TODAY()-INT(T17))&IF((TODAY()-INT(T17))=1," day"," days"),IF(INT(T17)=TODAY(),"Today",CHOOSE(WEEKDAY(INT(T17),2),"Mon","Tue","Wed","Thu","Fri","Sat","Sun")&" "&DAY(INT(T17))&" "&CHOOSE(MONTH(INT(T17)),"Jan","Feb","Mar","Apr","May","Jun","Jul","Aug","Sep","Oct","Nov","Dec")))) | F17: =IF(U17="","",INDEX(Plants!$B$6:$B$65,MATCH(U17,Plants!$W$6:$W$65,0))) | G17: =IF(U17="","",IF(INT(U17)<=TODAY(),"Today",CHOOSE(WEEKDAY(INT(U17),2),"Mon","Tue","Wed","Thu","Fri","Sat","Sun")&" "&DAY(INT(U17))&" "&CHOOSE(MONTH(INT(U17)),"Jan","Feb","Mar","Apr","May","Jun","Jul","Aug","Sep","Oct","Nov","Dec"))) | I17: =IF(V17="","",INDEX(Plants!$B$6:$B$65,MATCH(V17,Plants!$X$6:$X$65,0))) | J17: =IF(V17="","",IF(INT(V17)<=TODAY(),"Now",CHOOSE(MONTH(INT(V17)),"Jan","Feb","Mar","Apr","May","Jun","Jul","Aug","Sep","Oct","Nov","Dec")&" "&YEAR(INT(V17)))) | T17: =IFERROR(IF(SMALL(Plants!$V$6:$V$65,8)<TODAY()+7,SMALL(Plants!$V$6:$V$65,8),""),"") | U17: =IFERROR(IF(SMALL(Plants!$W$6:$W$65,8)<TODAY()+7,SMALL(Plants!$W$6:$W$65,8),""),"") | V17: =IFERROR(IF(SMALL(Plants!$X$6:$X$65,8)<EDATE(TODAY(),2),SMALL(Plants!$X$6:$X$65,8),""),"")
B18: =IF(T18="","",INDEX(Plants!$B$6:$B$65,MATCH(T18,Plants!$V$6:$V$65,0))) | C18: =IF(T18="","",INDEX(Plants!$D$6:$D$65,MATCH(T18,Plants!$V$6:$V$65,0))) | D18: =IF(T18="","",IF(INT(T18)<TODAY(),"Late "&(TODAY()-INT(T18))&IF((TODAY()-INT(T18))=1," day"," days"),IF(INT(T18)=TODAY(),"Today",CHOOSE(WEEKDAY(INT(T18),2),"Mon","Tue","Wed","Thu","Fri","Sat","Sun")&" "&DAY(INT(T18))&" "&CHOOSE(MONTH(INT(T18)),"Jan","Feb","Mar","Apr","May","Jun","Jul","Aug","Sep","Oct","Nov","Dec")))) | F18: =IF(U18="","",INDEX(Plants!$B$6:$B$65,MATCH(U18,Plants!$W$6:$W$65,0))) | G18: =IF(U18="","",IF(INT(U18)<=TODAY(),"Today",CHOOSE(WEEKDAY(INT(U18),2),"Mon","Tue","Wed","Thu","Fri","Sat","Sun")&" "&DAY(INT(U18))&" "&CHOOSE(MONTH(INT(U18)),"Jan","Feb","Mar","Apr","May","Jun","Jul","Aug","Sep","Oct","Nov","Dec"))) | I18: =IF(V18="","",INDEX(Plants!$B$6:$B$65,MATCH(V18,Plants!$X$6:$X$65,0))) | J18: =IF(V18="","",IF(INT(V18)<=TODAY(),"Now",CHOOSE(MONTH(INT(V18)),"Jan","Feb","Mar","Apr","May","Jun","Jul","Aug","Sep","Oct","Nov","Dec")&" "&YEAR(INT(V18)))) | T18: =IFERROR(IF(SMALL(Plants!$V$6:$V$65,9)<TODAY()+7,SMALL(Plants!$V$6:$V$65,9),""),"") | U18: =IFERROR(IF(SMALL(Plants!$W$6:$W$65,9)<TODAY()+7,SMALL(Plants!$W$6:$W$65,9),""),"") | V18: =IFERROR(IF(SMALL(Plants!$X$6:$X$65,9)<EDATE(TODAY(),2),SMALL(Plants!$X$6:$X$65,9),""),"")
B19: =IF(T19="","",INDEX(Plants!$B$6:$B$65,MATCH(T19,Plants!$V$6:$V$65,0))) | C19: =IF(T19="","",INDEX(Plants!$D$6:$D$65,MATCH(T19,Plants!$V$6:$V$65,0))) | D19: =IF(T19="","",IF(INT(T19)<TODAY(),"Late "&(TODAY()-INT(T19))&IF((TODAY()-INT(T19))=1," day"," days"),IF(INT(T19)=TODAY(),"Today",CHOOSE(WEEKDAY(INT(T19),2),"Mon","Tue","Wed","Thu","Fri","Sat","Sun")&" "&DAY(INT(T19))&" "&CHOOSE(MONTH(INT(T19)),"Jan","Feb","Mar","Apr","May","Jun","Jul","Aug","Sep","Oct","Nov","Dec")))) | F19: =IF(U19="","",INDEX(Plants!$B$6:$B$65,MATCH(U19,Plants!$W$6:$W$65,0))) | G19: =IF(U19="","",IF(INT(U19)<=TODAY(),"Today",CHOOSE(WEEKDAY(INT(U19),2),"Mon","Tue","Wed","Thu","Fri","Sat","Sun")&" "&DAY(INT(U19))&" "&CHOOSE(MONTH(INT(U19)),"Jan","Feb","Mar","Apr","May","Jun","Jul","Aug","Sep","Oct","Nov","Dec"))) | I19: =IF(V19="","",INDEX(Plants!$B$6:$B$65,MATCH(V19,Plants!$X$6:$X$65,0))) | J19: =IF(V19="","",IF(INT(V19)<=TODAY(),"Now",CHOOSE(MONTH(INT(V19)),"Jan","Feb","Mar","Apr","May","Jun","Jul","Aug","Sep","Oct","Nov","Dec")&" "&YEAR(INT(V19)))) | T19: =IFERROR(IF(SMALL(Plants!$V$6:$V$65,10)<TODAY()+7,SMALL(Plants!$V$6:$V$65,10),""),"") | U19: =IFERROR(IF(SMALL(Plants!$W$6:$W$65,10)<TODAY()+7,SMALL(Plants!$W$6:$W$65,10),""),"") | V19: =IFERROR(IF(SMALL(Plants!$X$6:$X$65,10)<EDATE(TODAY(),2),SMALL(Plants!$X$6:$X$65,10),""),"")
B20: =IF(T20="","",INDEX(Plants!$B$6:$B$65,MATCH(T20,Plants!$V$6:$V$65,0))) | C20: =IF(T20="","",INDEX(Plants!$D$6:$D$65,MATCH(T20,Plants!$V$6:$V$65,0))) | D20: =IF(T20="","",IF(INT(T20)<TODAY(),"Late "&(TODAY()-INT(T20))&IF((TODAY()-INT(T20))=1," day"," days"),IF(INT(T20)=TODAY(),"Today",CHOOSE(WEEKDAY(INT(T20),2),"Mon","Tue","Wed","Thu","Fri","Sat","Sun")&" "&DAY(INT(T20))&" "&CHOOSE(MONTH(INT(T20)),"Jan","Feb","Mar","Apr","May","Jun","Jul","Aug","Sep","Oct","Nov","Dec")))) | F20: =IF(U20="","",INDEX(Plants!$B$6:$B$65,MATCH(U20,Plants!$W$6:$W$65,0))) | G20: =IF(U20="","",IF(INT(U20)<=TODAY(),"Today",CHOOSE(WEEKDAY(INT(U20),2),"Mon","Tue","Wed","Thu","Fri","Sat","Sun")&" "&DAY(INT(U20))&" "&CHOOSE(MONTH(INT(U20)),"Jan","Feb","Mar","Apr","May","Jun","Jul","Aug","Sep","Oct","Nov","Dec"))) | I20: =IF(V20="","",INDEX(Plants!$B$6:$B$65,MATCH(V20,Plants!$X$6:$X$65,0))) | J20: =IF(V20="","",IF(INT(V20)<=TODAY(),"Now",CHOOSE(MONTH(INT(V20)),"Jan","Feb","Mar","Apr","May","Jun","Jul","Aug","Sep","Oct","Nov","Dec")&" "&YEAR(INT(V20)))) | T20: =IFERROR(IF(SMALL(Plants!$V$6:$V$65,11)<TODAY()+7,SMALL(Plants!$V$6:$V$65,11),""),"") | U20: =IFERROR(IF(SMALL(Plants!$W$6:$W$65,11)<TODAY()+7,SMALL(Plants!$W$6:$W$65,11),""),"") | V20: =IFERROR(IF(SMALL(Plants!$X$6:$X$65,11)<EDATE(TODAY(),2),SMALL(Plants!$X$6:$X$65,11),""),"")
B21: =IF(T21="","",INDEX(Plants!$B$6:$B$65,MATCH(T21,Plants!$V$6:$V$65,0))) | C21: =IF(T21="","",INDEX(Plants!$D$6:$D$65,MATCH(T21,Plants!$V$6:$V$65,0))) | D21: =IF(T21="","",IF(INT(T21)<TODAY(),"Late "&(TODAY()-INT(T21))&IF((TODAY()-INT(T21))=1," day"," days"),IF(INT(T21)=TODAY(),"Today",CHOOSE(WEEKDAY(INT(T21),2),"Mon","Tue","Wed","Thu","Fri","Sat","Sun")&" "&DAY(INT(T21))&" "&CHOOSE(MONTH(INT(T21)),"Jan","Feb","Mar","Apr","May","Jun","Jul","Aug","Sep","Oct","Nov","Dec")))) | F21: =IF(U21="","",INDEX(Plants!$B$6:$B$65,MATCH(U21,Plants!$W$6:$W$65,0))) | G21: =IF(U21="","",IF(INT(U21)<=TODAY(),"Today",CHOOSE(WEEKDAY(INT(U21),2),"Mon","Tue","Wed","Thu","Fri","Sat","Sun")&" "&DAY(INT(U21))&" "&CHOOSE(MONTH(INT(U21)),"Jan","Feb","Mar","Apr","May","Jun","Jul","Aug","Sep","Oct","Nov","Dec"))) | I21: =IF(V21="","",INDEX(Plants!$B$6:$B$65,MATCH(V21,Plants!$X$6:$X$65,0))) | J21: =IF(V21="","",IF(INT(V21)<=TODAY(),"Now",CHOOSE(MONTH(INT(V21)),"Jan","Feb","Mar","Apr","May","Jun","Jul","Aug","Sep","Oct","Nov","Dec")&" "&YEAR(INT(V21)))) | T21: =IFERROR(IF(SMALL(Plants!$V$6:$V$65,12)<TODAY()+7,SMALL(Plants!$V$6:$V$65,12),""),"") | U21: =IFERROR(IF(SMALL(Plants!$W$6:$W$65,12)<TODAY()+7,SMALL(Plants!$W$6:$W$65,12),""),"") | V21: =IFERROR(IF(SMALL(Plants!$X$6:$X$65,12)<EDATE(TODAY(),2),SMALL(Plants!$X$6:$X$65,12),""),"")
B23: Water: the plants due in the next seven days, the late ones first. Feeds stop while plants rest. Repot: the next two months.

Sheet This week
B2: This week
B3: What each plant needs over the next seven days, from what the care log says.
B5: Plant | C5: Spot | D5: =CHOOSE(WEEKDAY(TODAY()+0,2),"Mon","Tue","Wed","Thu","Fri","Sat","Sun")&" "&DAY((TODAY()+0))&" "&CHOOSE(MONTH((TODAY()+0)),"Jan","Feb","Mar","Apr","May","Jun","Jul","Aug","Sep","Oct","Nov","Dec") | E5: =CHOOSE(WEEKDAY(TODAY()+1,2),"Mon","Tue","Wed","Thu","Fri","Sat","Sun")&" "&DAY((TODAY()+1))&" "&CHOOSE(MONTH((TODAY()+1)),"Jan","Feb","Mar","Apr","May","Jun","Jul","Aug","Sep","Oct","Nov","Dec") | F5: =CHOOSE(WEEKDAY(TODAY()+2,2),"Mon","Tue","Wed","Thu","Fri","Sat","Sun")&" "&DAY((TODAY()+2))&" "&CHOOSE(MONTH((TODAY()+2)),"Jan","Feb","Mar","Apr","May","Jun","Jul","Aug","Sep","Oct","Nov","Dec") | G5: =CHOOSE(WEEKDAY(TODAY()+3,2),"Mon","Tue","Wed","Thu","Fri","Sat","Sun")&" "&DAY((TODAY()+3))&" "&CHOOSE(MONTH((TODAY()+3)),"Jan","Feb","Mar","Apr","May","Jun","Jul","Aug","Sep","Oct","Nov","Dec") | H5: =CHOOSE(WEEKDAY(TODAY()+4,2),"Mon","Tue","Wed","Thu","Fri","Sat","Sun")&" "&DAY((TODAY()+4))&" "&CHOOSE(MONTH((TODAY()+4)),"Jan","Feb","Mar","Apr","May","Jun","Jul","Aug","Sep","Oct","Nov","Dec") | I5: =CHOOSE(WEEKDAY(TODAY()+5,2),"Mon","Tue","Wed","Thu","Fri","Sat","Sun")&" "&DAY((TODAY()+5))&" "&CHOOSE(MONTH((TODAY()+5)),"Jan","Feb","Mar","Apr","May","Jun","Jul","Aug","Sep","Oct","Nov","Dec") | J5: =CHOOSE(WEEKDAY(TODAY()+6,2),"Mon","Tue","Wed","Thu","Fri","Sat","Sun")&" "&DAY((TODAY()+6))&" "&CHOOSE(MONTH((TODAY()+6)),"Jan","Feb","Mar","Apr","May","Jun","Jul","Aug","Sep","Oct","Nov","Dec")
B6: =IF(Plants!B6="","",Plants!B6) | C6: =IF(Plants!B6="","",Plants!D6) | D6: =IF(AND(ISNUMBER(Plants!L6),N(Plants!S6)>0,(TODAY()+0)>=MAX(Plants!L6,TODAY()),MOD((TODAY()+0)-MAX(Plants!L6,TODAY()),MAX(1,N(Plants!S6)))=0),IF(AND(ISNUMBER(Plants!N6),N(Plants!H6)>0,(TODAY()+0)>=MAX(Plants!N6,TODAY()),MOD((TODAY()+0)-MAX(Plants!N6,TODAY()),MAX(1,N(Plants!H6)))=0),"Water, feed","Water"),IF(AND(ISNUMBER(Plants!N6),N(Plants!H6)>0,(TODAY()+0)>=MAX(Plants!N6,TODAY()),MOD((TODAY()+0)-MAX(Plants!N6,TODAY()),MAX(1,N(Plants!H6)))=0),"Feed","")) | E6: =IF(AND(ISNUMBER(Plants!L6),N(Plants!S6)>0,(TODAY()+1)>=MAX(Plants!L6,TODAY()),MOD((TODAY()+1)-MAX(Plants!L6,TODAY()),MAX(1,N(Plants!S6)))=0),IF(AND(ISNUMBER(Plants!N6),N(Plants!H6)>0,(TODAY()+1)>=MAX(Plants!N6,TODAY()),MOD((TODAY()+1)-MAX(Plants!N6,TODAY()),MAX(1,N(Plants!H6)))=0),"Water, feed","Water"),IF(AND(ISNUMBER(Plants!N6),N(Plants!H6)>0,(TODAY()+1)>=MAX(Plants!N6,TODAY()),MOD((TODAY()+1)-MAX(Plants!N6,TODAY()),MAX(1,N(Plants!H6)))=0),"Feed","")) | F6: =IF(AND(ISNUMBER(Plants!L6),N(Plants!S6)>0,(TODAY()+2)>=MAX(Plants!L6,TODAY()),MOD((TODAY()+2)-MAX(Plants!L6,TODAY()),MAX(1,N(Plants!S6)))=0),IF(AND(ISNUMBER(Plants!N6),N(Plants!H6)>0,(TODAY()+2)>=MAX(Plants!N6,TODAY()),MOD((TODAY()+2)-MAX(Plants!N6,TODAY()),MAX(1,N(Plants!H6)))=0),"Water, feed","Water"),IF(AND(ISNUMBER(Plants!N6),N(Plants!H6)>0,(TODAY()+2)>=MAX(Plants!N6,TODAY()),MOD((TODAY()+2)-MAX(Plants!N6,TODAY()),MAX(1,N(Plants!H6)))=0),"Feed","")) | G6: =IF(AND(ISNUMBER(Plants!L6),N(Plants!S6)>0,(TODAY()+3)>=MAX(Plants!L6,TODAY()),MOD((TODAY()+3)-MAX(Plants!L6,TODAY()),MAX(1,N(Plants!S6)))=0),IF(AND(ISNUMBER(Plants!N6),N(Plants!H6)>0,(TODAY()+3)>=MAX(Plants!N6,TODAY()),MOD((TODAY()+3)-MAX(Plants!N6,TODAY()),MAX(1,N(Plants!H6)))=0),"Water, feed","Water"),IF(AND(ISNUMBER(Plants!N6),N(Plants!H6)>0,(TODAY()+3)>=MAX(Plants!N6,TODAY()),MOD((TODAY()+3)-MAX(Plants!N6,TODAY()),MAX(1,N(Plants!H6)))=0),"Feed","")) | H6: =IF(AND(ISNUMBER(Plants!L6),N(Plants!S6)>0,(TODAY()+4)>=MAX(Plants!L6,TODAY()),MOD((TODAY()+4)-MAX(Plants!L6,TODAY()),MAX(1,N(Plants!S6)))=0),IF(AND(ISNUMBER(Plants!N6),N(Plants!H6)>0,(TODAY()+4)>=MAX(Plants!N6,TODAY()),MOD((TODAY()+4)-MAX(Plants!N6,TODAY()),MAX(1,N(Plants!H6)))=0),"Water, feed","Water"),IF(AND(ISNUMBER(Plants!N6),N(Plants!H6)>0,(TODAY()+4)>=MAX(Plants!N6,TODAY()),MOD((TODAY()+4)-MAX(Plants!N6,TODAY()),MAX(1,N(Plants!H6)))=0),"Feed","")) | I6: =IF(AND(ISNUMBER(Plants!L6),N(Plants!S6)>0,(TODAY()+5)>=MAX(Plants!L6,TODAY()),MOD((TODAY()+5)-MAX(Plants!L6,TODAY()),MAX(1,N(Plants!S6)))=0),IF(AND(ISNUMBER(Plants!N6),N(Plants!H6)>0,(TODAY()+5)>=MAX(Plants!N6,TODAY()),MOD((TODAY()+5)-MAX(Plants!N6,TODAY()),MAX(1,N(Plants!H6)))=0),"Water, feed","Water"),IF(AND(ISNUMBER(Plants!N6),N(Plants!H6)>0,(TODAY()+5)>=MAX(Plants!N6,TODAY()),MOD((TODAY()+5)-MAX(Plants!N6,TODAY()),MAX(1,N(Plants!H6)))=0),"Feed","")) | J6: =IF(AND(ISNUMBER(Plants!L6),N(Plants!S6)>0,(TODAY()+6)>=MAX(Plants!L6,TODAY()),MOD((TODAY()+6)-MAX(Plants!L6,TODAY()),MAX(1,N(Plants!S6)))=0),IF(AND(ISNUMBER(Plants!N6),N(Plants!H6)>0,(TODAY()+6)>=MAX(Plants!N6,TODAY()),MOD((TODAY()+6)-MAX(Plants!N6,TODAY()),MAX(1,N(Plants!H6)))=0),"Water, feed","Water"),IF(AND(ISNUMBER(Plants!N6),N(Plants!H6)>0,(TODAY()+6)>=MAX(Plants!N6,TODAY()),MOD((TODAY()+6)-MAX(Plants!N6,TODAY()),MAX(1,N(Plants!H6)))=0),"Feed",""))
B7: =IF(Plants!B7="","",Plants!B7) | C7: =IF(Plants!B7="","",Plants!D7) | D7: =IF(AND(ISNUMBER(Plants!L7),N(Plants!S7)>0,(TODAY()+0)>=MAX(Plants!L7,TODAY()),MOD((TODAY()+0)-MAX(Plants!L7,TODAY()),MAX(1,N(Plants!S7)))=0),IF(AND(ISNUMBER(Plants!N7),N(Plants!H7)>0,(TODAY()+0)>=MAX(Plants!N7,TODAY()),MOD((TODAY()+0)-MAX(Plants!N7,TODAY()),MAX(1,N(Plants!H7)))=0),"Water, feed","Water"),IF(AND(ISNUMBER(Plants!N7),N(Plants!H7)>0,(TODAY()+0)>=MAX(Plants!N7,TODAY()),MOD((TODAY()+0)-MAX(Plants!N7,TODAY()),MAX(1,N(Plants!H7)))=0),"Feed","")) | E7: =IF(AND(ISNUMBER(Plants!L7),N(Plants!S7)>0,(TODAY()+1)>=MAX(Plants!L7,TODAY()),MOD((TODAY()+1)-MAX(Plants!L7,TODAY()),MAX(1,N(Plants!S7)))=0),IF(AND(ISNUMBER(Plants!N7),N(Plants!H7)>0,(TODAY()+1)>=MAX(Plants!N7,TODAY()),MOD((TODAY()+1)-MAX(Plants!N7,TODAY()),MAX(1,N(Plants!H7)))=0),"Water, feed","Water"),IF(AND(ISNUMBER(Plants!N7),N(Plants!H7)>0,(TODAY()+1)>=MAX(Plants!N7,TODAY()),MOD((TODAY()+1)-MAX(Plants!N7,TODAY()),MAX(1,N(Plants!H7)))=0),"Feed","")) | F7: =IF(AND(ISNUMBER(Plants!L7),N(Plants!S7)>0,(TODAY()+2)>=MAX(Plants!L7,TODAY()),MOD((TODAY()+2)-MAX(Plants!L7,TODAY()),MAX(1,N(Plants!S7)))=0),IF(AND(ISNUMBER(Plants!N7),N(Plants!H7)>0,(TODAY()+2)>=MAX(Plants!N7,TODAY()),MOD((TODAY()+2)-MAX(Plants!N7,TODAY()),MAX(1,N(Plants!H7)))=0),"Water, feed","Water"),IF(AND(ISNUMBER(Plants!N7),N(Plants!H7)>0,(TODAY()+2)>=MAX(Plants!N7,TODAY()),MOD((TODAY()+2)-MAX(Plants!N7,TODAY()),MAX(1,N(Plants!H7)))=0),"Feed","")) | G7: =IF(AND(ISNUMBER(Plants!L7),N(Plants!S7)>0,(TODAY()+3)>=MAX(Plants!L7,TODAY()),MOD((TODAY()+3)-MAX(Plants!L7,TODAY()),MAX(1,N(Plants!S7)))=0),IF(AND(ISNUMBER(Plants!N7),N(Plants!H7)>0,(TODAY()+3)>=MAX(Plants!N7,TODAY()),MOD((TODAY()+3)-MAX(Plants!N7,TODAY()),MAX(1,N(Plants!H7)))=0),"Water, feed","Water"),IF(AND(ISNUMBER(Plants!N7),N(Plants!H7)>0,(TODAY()+3)>=MAX(Plants!N7,TODAY()),MOD((TODAY()+3)-MAX(Plants!N7,TODAY()),MAX(1,N(Plants!H7)))=0),"Feed","")) | H7: =IF(AND(ISNUMBER(Plants!L7),N(Plants!S7)>0,(TODAY()+4)>=MAX(Plants!L7,TODAY()),MOD((TODAY()+4)-MAX(Plants!L7,TODAY()),MAX(1,N(Plants!S7)))=0),IF(AND(ISNUMBER(Plants!N7),N(Plants!H7)>0,(TODAY()+4)>=MAX(Plants!N7,TODAY()),MOD((TODAY()+4)-MAX(Plants!N7,TODAY()),MAX(1,N(Plants!H7)))=0),"Water, feed","Water"),IF(AND(ISNUMBER(Plants!N7),N(Plants!H7)>0,(TODAY()+4)>=MAX(Plants!N7,TODAY()),MOD((TODAY()+4)-MAX(Plants!N7,TODAY()),MAX(1,N(Plants!H7)))=0),"Feed","")) | I7: =IF(AND(ISNUMBER(Plants!L7),N(Plants!S7)>0,(TODAY()+5)>=MAX(Plants!L7,TODAY()),MOD((TODAY()+5)-MAX(Plants!L7,TODAY()),MAX(1,N(Plants!S7)))=0),IF(AND(ISNUMBER(Plants!N7),N(Plants!H7)>0,(TODAY()+5)>=MAX(Plants!N7,TODAY()),MOD((TODAY()+5)-MAX(Plants!N7,TODAY()),MAX(1,N(Plants!H7)))=0),"Water, feed","Water"),IF(AND(ISNUMBER(Plants!N7),N(Plants!H7)>0,(TODAY()+5)>=MAX(Plants!N7,TODAY()),MOD((TODAY()+5)-MAX(Plants!N7,TODAY()),MAX(1,N(Plants!H7)))=0),"Feed","")) | J7: =IF(AND(ISNUMBER(Plants!L7),N(Plants!S7)>0,(TODAY()+6)>=MAX(Plants!L7,TODAY()),MOD((TODAY()+6)-MAX(Plants!L7,TODAY()),MAX(1,N(Plants!S7)))=0),IF(AND(ISNUMBER(Plants!N7),N(Plants!H7)>0,(TODAY()+6)>=MAX(Plants!N7,TODAY()),MOD((TODAY()+6)-MAX(Plants!N7,TODAY()),MAX(1,N(Plants!H7)))=0),"Water, feed","Water"),IF(AND(ISNUMBER(Plants!N7),N(Plants!H7)>0,(TODAY()+6)>=MAX(Plants!N7,TODAY()),MOD((TODAY()+6)-MAX(Plants!N7,TODAY()),MAX(1,N(Plants!H7)))=0),"Feed",""))
B8: =IF(Plants!B8="","",Plants!B8) | C8: =IF(Plants!B8="","",Plants!D8) | D8: =IF(AND(ISNUMBER(Plants!L8),N(Plants!S8)>0,(TODAY()+0)>=MAX(Plants!L8,TODAY()),MOD((TODAY()+0)-MAX(Plants!L8,TODAY()),MAX(1,N(Plants!S8)))=0),IF(AND(ISNUMBER(Plants!N8),N(Plants!H8)>0,(TODAY()+0)>=MAX(Plants!N8,TODAY()),MOD((TODAY()+0)-MAX(Plants!N8,TODAY()),MAX(1,N(Plants!H8)))=0),"Water, feed","Water"),IF(AND(ISNUMBER(Plants!N8),N(Plants!H8)>0,(TODAY()+0)>=MAX(Plants!N8,TODAY()),MOD((TODAY()+0)-MAX(Plants!N8,TODAY()),MAX(1,N(Plants!H8)))=0),"Feed","")) | E8: =IF(AND(ISNUMBER(Plants!L8),N(Plants!S8)>0,(TODAY()+1)>=MAX(Plants!L8,TODAY()),MOD((TODAY()+1)-MAX(Plants!L8,TODAY()),MAX(1,N(Plants!S8)))=0),IF(AND(ISNUMBER(Plants!N8),N(Plants!H8)>0,(TODAY()+1)>=MAX(Plants!N8,TODAY()),MOD((TODAY()+1)-MAX(Plants!N8,TODAY()),MAX(1,N(Plants!H8)))=0),"Water, feed","Water"),IF(AND(ISNUMBER(Plants!N8),N(Plants!H8)>0,(TODAY()+1)>=MAX(Plants!N8,TODAY()),MOD((TODAY()+1)-MAX(Plants!N8,TODAY()),MAX(1,N(Plants!H8)))=0),"Feed","")) | F8: =IF(AND(ISNUMBER(Plants!L8),N(Plants!S8)>0,(TODAY()+2)>=MAX(Plants!L8,TODAY()),MOD((TODAY()+2)-MAX(Plants!L8,TODAY()),MAX(1,N(Plants!S8)))=0),IF(AND(ISNUMBER(Plants!N8),N(Plants!H8)>0,(TODAY()+2)>=MAX(Plants!N8,TODAY()),MOD((TODAY()+2)-MAX(Plants!N8,TODAY()),MAX(1,N(Plants!H8)))=0),"Water, feed","Water"),IF(AND(ISNUMBER(Plants!N8),N(Plants!H8)>0,(TODAY()+2)>=MAX(Plants!N8,TODAY()),MOD((TODAY()+2)-MAX(Plants!N8,TODAY()),MAX(1,N(Plants!H8)))=0),"Feed","")) | G8: =IF(AND(ISNUMBER(Plants!L8),N(Plants!S8)>0,(TODAY()+3)>=MAX(Plants!L8,TODAY()),MOD((TODAY()+3)-MAX(Plants!L8,TODAY()),MAX(1,N(Plants!S8)))=0),IF(AND(ISNUMBER(Plants!N8),N(Plants!H8)>0,(TODAY()+3)>=MAX(Plants!N8,TODAY()),MOD((TODAY()+3)-MAX(Plants!N8,TODAY()),MAX(1,N(Plants!H8)))=0),"Water, feed","Water"),IF(AND(ISNUMBER(Plants!N8),N(Plants!H8)>0,(TODAY()+3)>=MAX(Plants!N8,TODAY()),MOD((TODAY()+3)-MAX(Plants!N8,TODAY()),MAX(1,N(Plants!H8)))=0),"Feed","")) | H8: =IF(AND(ISNUMBER(Plants!L8),N(Plants!S8)>0,(TODAY()+4)>=MAX(Plants!L8,TODAY()),MOD((TODAY()+4)-MAX(Plants!L8,TODAY()),MAX(1,N(Plants!S8)))=0),IF(AND(ISNUMBER(Plants!N8),N(Plants!H8)>0,(TODAY()+4)>=MAX(Plants!N8,TODAY()),MOD((TODAY()+4)-MAX(Plants!N8,TODAY()),MAX(1,N(Plants!H8)))=0),"Water, feed","Water"),IF(AND(ISNUMBER(Plants!N8),N(Plants!H8)>0,(TODAY()+4)>=MAX(Plants!N8,TODAY()),MOD((TODAY()+4)-MAX(Plants!N8,TODAY()),MAX(1,N(Plants!H8)))=0),"Feed","")) | I8: =IF(AND(ISNUMBER(Plants!L8),N(Plants!S8)>0,(TODAY()+5)>=MAX(Plants!L8,TODAY()),MOD((TODAY()+5)-MAX(Plants!L8,TODAY()),MAX(1,N(Plants!S8)))=0),IF(AND(ISNUMBER(Plants!N8),N(Plants!H8)>0,(TODAY()+5)>=MAX(Plants!N8,TODAY()),MOD((TODAY()+5)-MAX(Plants!N8,TODAY()),MAX(1,N(Plants!H8)))=0),"Water, feed","Water"),IF(AND(ISNUMBER(Plants!N8),N(Plants!H8)>0,(TODAY()+5)>=MAX(Plants!N8,TODAY()),MOD((TODAY()+5)-MAX(Plants!N8,TODAY()),MAX(1,N(Plants!H8)))=0),"Feed","")) | J8: =IF(AND(ISNUMBER(Plants!L8),N(Plants!S8)>0,(TODAY()+6)>=MAX(Plants!L8,TODAY()),MOD((TODAY()+6)-MAX(Plants!L8,TODAY()),MAX(1,N(Plants!S8)))=0),IF(AND(ISNUMBER(Plants!N8),N(Plants!H8)>0,(TODAY()+6)>=MAX(Plants!N8,TODAY()),MOD((TODAY()+6)-MAX(Plants!N8,TODAY()),MAX(1,N(Plants!H8)))=0),"Water, feed","Water"),IF(AND(ISNUMBER(Plants!N8),N(Plants!H8)>0,(TODAY()+6)>=MAX(Plants!N8,TODAY()),MOD((TODAY()+6)-MAX(Plants!N8,TODAY()),MAX(1,N(Plants!H8)))=0),"Feed",""))
B9: =IF(Plants!B9="","",Plants!B9) | C9: =IF(Plants!B9="","",Plants!D9) | D9: =IF(AND(ISNUMBER(Plants!L9),N(Plants!S9)>0,(TODAY()+0)>=MAX(Plants!L9,TODAY()),MOD((TODAY()+0)-MAX(Plants!L9,TODAY()),MAX(1,N(Plants!S9)))=0),IF(AND(ISNUMBER(Plants!N9),N(Plants!H9)>0,(TODAY()+0)>=MAX(Plants!N9,TODAY()),MOD((TODAY()+0)-MAX(Plants!N9,TODAY()),MAX(1,N(Plants!H9)))=0),"Water, feed","Water"),IF(AND(ISNUMBER(Plants!N9),N(Plants!H9)>0,(TODAY()+0)>=MAX(Plants!N9,TODAY()),MOD((TODAY()+0)-MAX(Plants!N9,TODAY()),MAX(1,N(Plants!H9)))=0),"Feed","")) | E9: =IF(AND(ISNUMBER(Plants!L9),N(Plants!S9)>0,(TODAY()+1)>=MAX(Plants!L9,TODAY()),MOD((TODAY()+1)-MAX(Plants!L9,TODAY()),MAX(1,N(Plants!S9)))=0),IF(AND(ISNUMBER(Plants!N9),N(Plants!H9)>0,(TODAY()+1)>=MAX(Plants!N9,TODAY()),MOD((TODAY()+1)-MAX(Plants!N9,TODAY()),MAX(1,N(Plants!H9)))=0),"Water, feed","Water"),IF(AND(ISNUMBER(Plants!N9),N(Plants!H9)>0,(TODAY()+1)>=MAX(Plants!N9,TODAY()),MOD((TODAY()+1)-MAX(Plants!N9,TODAY()),MAX(1,N(Plants!H9)))=0),"Feed","")) | F9: =IF(AND(ISNUMBER(Plants!L9),N(Plants!S9)>0,(TODAY()+2)>=MAX(Plants!L9,TODAY()),MOD((TODAY()+2)-MAX(Plants!L9,TODAY()),MAX(1,N(Plants!S9)))=0),IF(AND(ISNUMBER(Plants!N9),N(Plants!H9)>0,(TODAY()+2)>=MAX(Plants!N9,TODAY()),MOD((TODAY()+2)-MAX(Plants!N9,TODAY()),MAX(1,N(Plants!H9)))=0),"Water, feed","Water"),IF(AND(ISNUMBER(Plants!N9),N(Plants!H9)>0,(TODAY()+2)>=MAX(Plants!N9,TODAY()),MOD((TODAY()+2)-MAX(Plants!N9,TODAY()),MAX(1,N(Plants!H9)))=0),"Feed","")) | G9: =IF(AND(ISNUMBER(Plants!L9),N(Plants!S9)>0,(TODAY()+3)>=MAX(Plants!L9,TODAY()),MOD((TODAY()+3)-MAX(Plants!L9,TODAY()),MAX(1,N(Plants!S9)))=0),IF(AND(ISNUMBER(Plants!N9),N(Plants!H9)>0,(TODAY()+3)>=MAX(Plants!N9,TODAY()),MOD((TODAY()+3)-MAX(Plants!N9,TODAY()),MAX(1,N(Plants!H9)))=0),"Water, feed","Water"),IF(AND(ISNUMBER(Plants!N9),N(Plants!H9)>0,(TODAY()+3)>=MAX(Plants!N9,TODAY()),MOD((TODAY()+3)-MAX(Plants!N9,TODAY()),MAX(1,N(Plants!H9)))=0),"Feed","")) | H9: =IF(AND(ISNUMBER(Plants!L9),N(Plants!S9)>0,(TODAY()+4)>=MAX(Plants!L9,TODAY()),MOD((TODAY()+4)-MAX(Plants!L9,TODAY()),MAX(1,N(Plants!S9)))=0),IF(AND(ISNUMBER(Plants!N9),N(Plants!H9)>0,(TODAY()+4)>=MAX(Plants!N9,TODAY()),MOD((TODAY()+4)-MAX(Plants!N9,TODAY()),MAX(1,N(Plants!H9)))=0),"Water, feed","Water"),IF(AND(ISNUMBER(Plants!N9),N(Plants!H9)>0,(TODAY()+4)>=MAX(Plants!N9,TODAY()),MOD((TODAY()+4)-MAX(Plants!N9,TODAY()),MAX(1,N(Plants!H9)))=0),"Feed","")) | I9: =IF(AND(ISNUMBER(Plants!L9),N(Plants!S9)>0,(TODAY()+5)>=MAX(Plants!L9,TODAY()),MOD((TODAY()+5)-MAX(Plants!L9,TODAY()),MAX(1,N(Plants!S9)))=0),IF(AND(ISNUMBER(Plants!N9),N(Plants!H9)>0,(TODAY()+5)>=MAX(Plants!N9,TODAY()),MOD((TODAY()+5)-MAX(Plants!N9,TODAY()),MAX(1,N(Plants!H9)))=0),"Water, feed","Water"),IF(AND(ISNUMBER(Plants!N9),N(Plants!H9)>0,(TODAY()+5)>=MAX(Plants!N9,TODAY()),MOD((TODAY()+5)-MAX(Plants!N9,TODAY()),MAX(1,N(Plants!H9)))=0),"Feed","")) | J9: =IF(AND(ISNUMBER(Plants!L9),N(Plants!S9)>0,(TODAY()+6)>=MAX(Plants!L9,TODAY()),MOD((TODAY()+6)-MAX(Plants!L9,TODAY()),MAX(1,N(Plants!S9)))=0),IF(AND(ISNUMBER(Plants!N9),N(Plants!H9)>0,(TODAY()+6)>=MAX(Plants!N9,TODAY()),MOD((TODAY()+6)-MAX(Plants!N9,TODAY()),MAX(1,N(Plants!H9)))=0),"Water, feed","Water"),IF(AND(ISNUMBER(Plants!N9),N(Plants!H9)>0,(TODAY()+6)>=MAX(Plants!N9,TODAY()),MOD((TODAY()+6)-MAX(Plants!N9,TODAY()),MAX(1,N(Plants!H9)))=0),"Feed",""))
B10: =IF(Plants!B10="","",Plants!B10) | C10: =IF(Plants!B10="","",Plants!D10) | D10: =IF(AND(ISNUMBER(Plants!L10),N(Plants!S10)>0,(TODAY()+0)>=MAX(Plants!L10,TODAY()),MOD((TODAY()+0)-MAX(Plants!L10,TODAY()),MAX(1,N(Plants!S10)))=0),IF(AND(ISNUMBER(Plants!N10),N(Plants!H10)>0,(TODAY()+0)>=MAX(Plants!N10,TODAY()),MOD((TODAY()+0)-MAX(Plants!N10,TODAY()),MAX(1,N(Plants!H10)))=0),"Water, feed","Water"),IF(AND(ISNUMBER(Plants!N10),N(Plants!H10)>0,(TODAY()+0)>=MAX(Plants!N10,TODAY()),MOD((TODAY()+0)-MAX(Plants!N10,TODAY()),MAX(1,N(Plants!H10)))=0),"Feed","")) | E10: =IF(AND(ISNUMBER(Plants!L10),N(Plants!S10)>0,(TODAY()+1)>=MAX(Plants!L10,TODAY()),MOD((TODAY()+1)-MAX(Plants!L10,TODAY()),MAX(1,N(Plants!S10)))=0),IF(AND(ISNUMBER(Plants!N10),N(Plants!H10)>0,(TODAY()+1)>=MAX(Plants!N10,TODAY()),MOD((TODAY()+1)-MAX(Plants!N10,TODAY()),MAX(1,N(Plants!H10)))=0),"Water, feed","Water"),IF(AND(ISNUMBER(Plants!N10),N(Plants!H10)>0,(TODAY()+1)>=MAX(Plants!N10,TODAY()),MOD((TODAY()+1)-MAX(Plants!N10,TODAY()),MAX(1,N(Plants!H10)))=0),"Feed","")) | F10: =IF(AND(ISNUMBER(Plants!L10),N(Plants!S10)>0,(TODAY()+2)>=MAX(Plants!L10,TODAY()),MOD((TODAY()+2)-MAX(Plants!L10,TODAY()),MAX(1,N(Plants!S10)))=0),IF(AND(ISNUMBER(Plants!N10),N(Plants!H10)>0,(TODAY()+2)>=MAX(Plants!N10,TODAY()),MOD((TODAY()+2)-MAX(Plants!N10,TODAY()),MAX(1,N(Plants!H10)))=0),"Water, feed","Water"),IF(AND(ISNUMBER(Plants!N10),N(Plants!H10)>0,(TODAY()+2)>=MAX(Plants!N10,TODAY()),MOD((TODAY()+2)-MAX(Plants!N10,TODAY()),MAX(1,N(Plants!H10)))=0),"Feed","")) | G10: =IF(AND(ISNUMBER(Plants!L10),N(Plants!S10)>0,(TODAY()+3)>=MAX(Plants!L10,TODAY()),MOD((TODAY()+3)-MAX(Plants!L10,TODAY()),MAX(1,N(Plants!S10)))=0),IF(AND(ISNUMBER(Plants!N10),N(Plants!H10)>0,(TODAY()+3)>=MAX(Plants!N10,TODAY()),MOD((TODAY()+3)-MAX(Plants!N10,TODAY()),MAX(1,N(Plants!H10)))=0),"Water, feed","Water"),IF(AND(ISNUMBER(Plants!N10),N(Plants!H10)>0,(TODAY()+3)>=MAX(Plants!N10,TODAY()),MOD((TODAY()+3)-MAX(Plants!N10,TODAY()),MAX(1,N(Plants!H10)))=0),"Feed","")) | H10: =IF(AND(ISNUMBER(Plants!L10),N(Plants!S10)>0,(TODAY()+4)>=MAX(Plants!L10,TODAY()),MOD((TODAY()+4)-MAX(Plants!L10,TODAY()),MAX(1,N(Plants!S10)))=0),IF(AND(ISNUMBER(Plants!N10),N(Plants!H10)>0,(TODAY()+4)>=MAX(Plants!N10,TODAY()),MOD((TODAY()+4)-MAX(Plants!N10,TODAY()),MAX(1,N(Plants!H10)))=0),"Water, feed","Water"),IF(AND(ISNUMBER(Plants!N10),N(Plants!H10)>0,(TODAY()+4)>=MAX(Plants!N10,TODAY()),MOD((TODAY()+4)-MAX(Plants!N10,TODAY()),MAX(1,N(Plants!H10)))=0),"Feed","")) | I10: =IF(AND(ISNUMBER(Plants!L10),N(Plants!S10)>0,(TODAY()+5)>=MAX(Plants!L10,TODAY()),MOD((TODAY()+5)-MAX(Plants!L10,TODAY()),MAX(1,N(Plants!S10)))=0),IF(AND(ISNUMBER(Plants!N10),N(Plants!H10)>0,(TODAY()+5)>=MAX(Plants!N10,TODAY()),MOD((TODAY()+5)-MAX(Plants!N10,TODAY()),MAX(1,N(Plants!H10)))=0),"Water, feed","Water"),IF(AND(ISNUMBER(Plants!N10),N(Plants!H10)>0,(TODAY()+5)>=MAX(Plants!N10,TODAY()),MOD((TODAY()+5)-MAX(Plants!N10,TODAY()),MAX(1,N(Plants!H10)))=0),"Feed","")) | J10: =IF(AND(ISNUMBER(Plants!L10),N(Plants!S10)>0,(TODAY()+6)>=MAX(Plants!L10,TODAY()),MOD((TODAY()+6)-MAX(Plants!L10,TODAY()),MAX(1,N(Plants!S10)))=0),IF(AND(ISNUMBER(Plants!N10),N(Plants!H10)>0,(TODAY()+6)>=MAX(Plants!N10,TODAY()),MOD((TODAY()+6)-MAX(Plants!N10,TODAY()),MAX(1,N(Plants!H10)))=0),"Water, feed","Water"),IF(AND(ISNUMBER(Plants!N10),N(Plants!H10)>0,(TODAY()+6)>=MAX(Plants!N10,TODAY()),MOD((TODAY()+6)-MAX(Plants!N10,TODAY()),MAX(1,N(Plants!H10)))=0),"Feed",""))
B11: =IF(Plants!B11="","",Plants!B11) | C11: =IF(Plants!B11="","",Plants!D11) | D11: =IF(AND(ISNUMBER(Plants!L11),N(Plants!S11)>0,(TODAY()+0)>=MAX(Plants!L11,TODAY()),MOD((TODAY()+0)-MAX(Plants!L11,TODAY()),MAX(1,N(Plants!S11)))=0),IF(AND(ISNUMBER(Plants!N11),N(Plants!H11)>0,(TODAY()+0)>=MAX(Plants!N11,TODAY()),MOD((TODAY()+0)-MAX(Plants!N11,TODAY()),MAX(1,N(Plants!H11)))=0),"Water, feed","Water"),IF(AND(ISNUMBER(Plants!N11),N(Plants!H11)>0,(TODAY()+0)>=MAX(Plants!N11,TODAY()),MOD((TODAY()+0)-MAX(Plants!N11,TODAY()),MAX(1,N(Plants!H11)))=0),"Feed","")) | E11: =IF(AND(ISNUMBER(Plants!L11),N(Plants!S11)>0,(TODAY()+1)>=MAX(Plants!L11,TODAY()),MOD((TODAY()+1)-MAX(Plants!L11,TODAY()),MAX(1,N(Plants!S11)))=0),IF(AND(ISNUMBER(Plants!N11),N(Plants!H11)>0,(TODAY()+1)>=MAX(Plants!N11,TODAY()),MOD((TODAY()+1)-MAX(Plants!N11,TODAY()),MAX(1,N(Plants!H11)))=0),"Water, feed","Water"),IF(AND(ISNUMBER(Plants!N11),N(Plants!H11)>0,(TODAY()+1)>=MAX(Plants!N11,TODAY()),MOD((TODAY()+1)-MAX(Plants!N11,TODAY()),MAX(1,N(Plants!H11)))=0),"Feed","")) | F11: =IF(AND(ISNUMBER(Plants!L11),N(Plants!S11)>0,(TODAY()+2)>=MAX(Plants!L11,TODAY()),MOD((TODAY()+2)-MAX(Plants!L11,TODAY()),MAX(1,N(Plants!S11)))=0),IF(AND(ISNUMBER(Plants!N11),N(Plants!H11)>0,(TODAY()+2)>=MAX(Plants!N11,TODAY()),MOD((TODAY()+2)-MAX(Plants!N11,TODAY()),MAX(1,N(Plants!H11)))=0),"Water, feed","Water"),IF(AND(ISNUMBER(Plants!N11),N(Plants!H11)>0,(TODAY()+2)>=MAX(Plants!N11,TODAY()),MOD((TODAY()+2)-MAX(Plants!N11,TODAY()),MAX(1,N(Plants!H11)))=0),"Feed","")) | G11: =IF(AND(ISNUMBER(Plants!L11),N(Plants!S11)>0,(TODAY()+3)>=MAX(Plants!L11,TODAY()),MOD((TODAY()+3)-MAX(Plants!L11,TODAY()),MAX(1,N(Plants!S11)))=0),IF(AND(ISNUMBER(Plants!N11),N(Plants!H11)>0,(TODAY()+3)>=MAX(Plants!N11,TODAY()),MOD((TODAY()+3)-MAX(Plants!N11,TODAY()),MAX(1,N(Plants!H11)))=0),"Water, feed","Water"),IF(AND(ISNUMBER(Plants!N11),N(Plants!H11)>0,(TODAY()+3)>=MAX(Plants!N11,TODAY()),MOD((TODAY()+3)-MAX(Plants!N11,TODAY()),MAX(1,N(Plants!H11)))=0),"Feed","")) | H11: =IF(AND(ISNUMBER(Plants!L11),N(Plants!S11)>0,(TODAY()+4)>=MAX(Plants!L11,TODAY()),MOD((TODAY()+4)-MAX(Plants!L11,TODAY()),MAX(1,N(Plants!S11)))=0),IF(AND(ISNUMBER(Plants!N11),N(Plants!H11)>0,(TODAY()+4)>=MAX(Plants!N11,TODAY()),MOD((TODAY()+4)-MAX(Plants!N11,TODAY()),MAX(1,N(Plants!H11)))=0),"Water, feed","Water"),IF(AND(ISNUMBER(Plants!N11),N(Plants!H11)>0,(TODAY()+4)>=MAX(Plants!N11,TODAY()),MOD((TODAY()+4)-MAX(Plants!N11,TODAY()),MAX(1,N(Plants!H11)))=0),"Feed","")) | I11: =IF(AND(ISNUMBER(Plants!L11),N(Plants!S11)>0,(TODAY()+5)>=MAX(Plants!L11,TODAY()),MOD((TODAY()+5)-MAX(Plants!L11,TODAY()),MAX(1,N(Plants!S11)))=0),IF(AND(ISNUMBER(Plants!N11),N(Plants!H11)>0,(TODAY()+5)>=MAX(Plants!N11,TODAY()),MOD((TODAY()+5)-MAX(Plants!N11,TODAY()),MAX(1,N(Plants!H11)))=0),"Water, feed","Water"),IF(AND(ISNUMBER(Plants!N11),N(Plants!H11)>0,(TODAY()+5)>=MAX(Plants!N11,TODAY()),MOD((TODAY()+5)-MAX(Plants!N11,TODAY()),MAX(1,N(Plants!H11)))=0),"Feed","")) | J11: =IF(AND(ISNUMBER(Plants!L11),N(Plants!S11)>0,(TODAY()+6)>=MAX(Plants!L11,TODAY()),MOD((TODAY()+6)-MAX(Plants!L11,TODAY()),MAX(1,N(Plants!S11)))=0),IF(AND(ISNUMBER(Plants!N11),N(Plants!H11)>0,(TODAY()+6)>=MAX(Plants!N11,TODAY()),MOD((TODAY()+6)-MAX(Plants!N11,TODAY()),MAX(1,N(Plants!H11)))=0),"Water, feed","Water"),IF(AND(ISNUMBER(Plants!N11),N(Plants!H11)>0,(TODAY()+6)>=MAX(Plants!N11,TODAY()),MOD((TODAY()+6)-MAX(Plants!N11,TODAY()),MAX(1,N(Plants!H11)))=0),"Feed",""))
B12: =IF(Plants!B12="","",Plants!B12) | C12: =IF(Plants!B12="","",Plants!D12) | D12: =IF(AND(ISNUMBER(Plants!L12),N(Plants!S12)>0,(TODAY()+0)>=MAX(Plants!L12,TODAY()),MOD((TODAY()+0)-MAX(Plants!L12,TODAY()),MAX(1,N(Plants!S12)))=0),IF(AND(ISNUMBER(Plants!N12),N(Plants!H12)>0,(TODAY()+0)>=MAX(Plants!N12,TODAY()),MOD((TODAY()+0)-MAX(Plants!N12,TODAY()),MAX(1,N(Plants!H12)))=0),"Water, feed","Water"),IF(AND(ISNUMBER(Plants!N12),N(Plants!H12)>0,(TODAY()+0)>=MAX(Plants!N12,TODAY()),MOD((TODAY()+0)-MAX(Plants!N12,TODAY()),MAX(1,N(Plants!H12)))=0),"Feed","")) | E12: =IF(AND(ISNUMBER(Plants!L12),N(Plants!S12)>0,(TODAY()+1)>=MAX(Plants!L12,TODAY()),MOD((TODAY()+1)-MAX(Plants!L12,TODAY()),MAX(1,N(Plants!S12)))=0),IF(AND(ISNUMBER(Plants!N12),N(Plants!H12)>0,(TODAY()+1)>=MAX(Plants!N12,TODAY()),MOD((TODAY()+1)-MAX(Plants!N12,TODAY()),MAX(1,N(Plants!H12)))=0),"Water, feed","Water"),IF(AND(ISNUMBER(Plants!N12),N(Plants!H12)>0,(TODAY()+1)>=MAX(Plants!N12,TODAY()),MOD((TODAY()+1)-MAX(Plants!N12,TODAY()),MAX(1,N(Plants!H12)))=0),"Feed","")) | F12: =IF(AND(ISNUMBER(Plants!L12),N(Plants!S12)>0,(TODAY()+2)>=MAX(Plants!L12,TODAY()),MOD((TODAY()+2)-MAX(Plants!L12,TODAY()),MAX(1,N(Plants!S12)))=0),IF(AND(ISNUMBER(Plants!N12),N(Plants!H12)>0,(TODAY()+2)>=MAX(Plants!N12,TODAY()),MOD((TODAY()+2)-MAX(Plants!N12,TODAY()),MAX(1,N(Plants!H12)))=0),"Water, feed","Water"),IF(AND(ISNUMBER(Plants!N12),N(Plants!H12)>0,(TODAY()+2)>=MAX(Plants!N12,TODAY()),MOD((TODAY()+2)-MAX(Plants!N12,TODAY()),MAX(1,N(Plants!H12)))=0),"Feed","")) | G12: =IF(AND(ISNUMBER(Plants!L12),N(Plants!S12)>0,(TODAY()+3)>=MAX(Plants!L12,TODAY()),MOD((TODAY()+3)-MAX(Plants!L12,TODAY()),MAX(1,N(Plants!S12)))=0),IF(AND(ISNUMBER(Plants!N12),N(Plants!H12)>0,(TODAY()+3)>=MAX(Plants!N12,TODAY()),MOD((TODAY()+3)-MAX(Plants!N12,TODAY()),MAX(1,N(Plants!H12)))=0),"Water, feed","Water"),IF(AND(ISNUMBER(Plants!N12),N(Plants!H12)>0,(TODAY()+3)>=MAX(Plants!N12,TODAY()),MOD((TODAY()+3)-MAX(Plants!N12,TODAY()),MAX(1,N(Plants!H12)))=0),"Feed","")) | H12: =IF(AND(ISNUMBER(Plants!L12),N(Plants!S12)>0,(TODAY()+4)>=MAX(Plants!L12,TODAY()),MOD((TODAY()+4)-MAX(Plants!L12,TODAY()),MAX(1,N(Plants!S12)))=0),IF(AND(ISNUMBER(Plants!N12),N(Plants!H12)>0,(TODAY()+4)>=MAX(Plants!N12,TODAY()),MOD((TODAY()+4)-MAX(Plants!N12,TODAY()),MAX(1,N(Plants!H12)))=0),"Water, feed","Water"),IF(AND(ISNUMBER(Plants!N12),N(Plants!H12)>0,(TODAY()+4)>=MAX(Plants!N12,TODAY()),MOD((TODAY()+4)-MAX(Plants!N12,TODAY()),MAX(1,N(Plants!H12)))=0),"Feed","")) | I12: =IF(AND(ISNUMBER(Plants!L12),N(Plants!S12)>0,(TODAY()+5)>=MAX(Plants!L12,TODAY()),MOD((TODAY()+5)-MAX(Plants!L12,TODAY()),MAX(1,N(Plants!S12)))=0),IF(AND(ISNUMBER(Plants!N12),N(Plants!H12)>0,(TODAY()+5)>=MAX(Plants!N12,TODAY()),MOD((TODAY()+5)-MAX(Plants!N12,TODAY()),MAX(1,N(Plants!H12)))=0),"Water, feed","Water"),IF(AND(ISNUMBER(Plants!N12),N(Plants!H12)>0,(TODAY()+5)>=MAX(Plants!N12,TODAY()),MOD((TODAY()+5)-MAX(Plants!N12,TODAY()),MAX(1,N(Plants!H12)))=0),"Feed","")) | J12: =IF(AND(ISNUMBER(Plants!L12),N(Plants!S12)>0,(TODAY()+6)>=MAX(Plants!L12,TODAY()),MOD((TODAY()+6)-MAX(Plants!L12,TODAY()),MAX(1,N(Plants!S12)))=0),IF(AND(ISNUMBER(Plants!N12),N(Plants!H12)>0,(TODAY()+6)>=MAX(Plants!N12,TODAY()),MOD((TODAY()+6)-MAX(Plants!N12,TODAY()),MAX(1,N(Plants!H12)))=0),"Water, feed","Water"),IF(AND(ISNUMBER(Plants!N12),N(Plants!H12)>0,(TODAY()+6)>=MAX(Plants!N12,TODAY()),MOD((TODAY()+6)-MAX(Plants!N12,TODAY()),MAX(1,N(Plants!H12)))=0),"Feed",""))
B13: =IF(Plants!B13="","",Plants!B13) | C13: =IF(Plants!B13="","",Plants!D13) | D13: =IF(AND(ISNUMBER(Plants!L13),N(Plants!S13)>0,(TODAY()+0)>=MAX(Plants!L13,TODAY()),MOD((TODAY()+0)-MAX(Plants!L13,TODAY()),MAX(1,N(Plants!S13)))=0),IF(AND(ISNUMBER(Plants!N13),N(Plants!H13)>0,(TODAY()+0)>=MAX(Plants!N13,TODAY()),MOD((TODAY()+0)-MAX(Plants!N13,TODAY()),MAX(1,N(Plants!H13)))=0),"Water, feed","Water"),IF(AND(ISNUMBER(Plants!N13),N(Plants!H13)>0,(TODAY()+0)>=MAX(Plants!N13,TODAY()),MOD((TODAY()+0)-MAX(Plants!N13,TODAY()),MAX(1,N(Plants!H13)))=0),"Feed","")) | E13: =IF(AND(ISNUMBER(Plants!L13),N(Plants!S13)>0,(TODAY()+1)>=MAX(Plants!L13,TODAY()),MOD((TODAY()+1)-MAX(Plants!L13,TODAY()),MAX(1,N(Plants!S13)))=0),IF(AND(ISNUMBER(Plants!N13),N(Plants!H13)>0,(TODAY()+1)>=MAX(Plants!N13,TODAY()),MOD((TODAY()+1)-MAX(Plants!N13,TODAY()),MAX(1,N(Plants!H13)))=0),"Water, feed","Water"),IF(AND(ISNUMBER(Plants!N13),N(Plants!H13)>0,(TODAY()+1)>=MAX(Plants!N13,TODAY()),MOD((TODAY()+1)-MAX(Plants!N13,TODAY()),MAX(1,N(Plants!H13)))=0),"Feed","")) | F13: =IF(AND(ISNUMBER(Plants!L13),N(Plants!S13)>0,(TODAY()+2)>=MAX(Plants!L13,TODAY()),MOD((TODAY()+2)-MAX(Plants!L13,TODAY()),MAX(1,N(Plants!S13)))=0),IF(AND(ISNUMBER(Plants!N13),N(Plants!H13)>0,(TODAY()+2)>=MAX(Plants!N13,TODAY()),MOD((TODAY()+2)-MAX(Plants!N13,TODAY()),MAX(1,N(Plants!H13)))=0),"Water, feed","Water"),IF(AND(ISNUMBER(Plants!N13),N(Plants!H13)>0,(TODAY()+2)>=MAX(Plants!N13,TODAY()),MOD((TODAY()+2)-MAX(Plants!N13,TODAY()),MAX(1,N(Plants!H13)))=0),"Feed","")) | G13: =IF(AND(ISNUMBER(Plants!L13),N(Plants!S13)>0,(TODAY()+3)>=MAX(Plants!L13,TODAY()),MOD((TODAY()+3)-MAX(Plants!L13,TODAY()),MAX(1,N(Plants!S13)))=0),IF(AND(ISNUMBER(Plants!N13),N(Plants!H13)>0,(TODAY()+3)>=MAX(Plants!N13,TODAY()),MOD((TODAY()+3)-MAX(Plants!N13,TODAY()),MAX(1,N(Plants!H13)))=0),"Water, feed","Water"),IF(AND(ISNUMBER(Plants!N13),N(Plants!H13)>0,(TODAY()+3)>=MAX(Plants!N13,TODAY()),MOD((TODAY()+3)-MAX(Plants!N13,TODAY()),MAX(1,N(Plants!H13)))=0),"Feed","")) | H13: =IF(AND(ISNUMBER(Plants!L13),N(Plants!S13)>0,(TODAY()+4)>=MAX(Plants!L13,TODAY()),MOD((TODAY()+4)-MAX(Plants!L13,TODAY()),MAX(1,N(Plants!S13)))=0),IF(AND(ISNUMBER(Plants!N13),N(Plants!H13)>0,(TODAY()+4)>=MAX(Plants!N13,TODAY()),MOD((TODAY()+4)-MAX(Plants!N13,TODAY()),MAX(1,N(Plants!H13)))=0),"Water, feed","Water"),IF(AND(ISNUMBER(Plants!N13),N(Plants!H13)>0,(TODAY()+4)>=MAX(Plants!N13,TODAY()),MOD((TODAY()+4)-MAX(Plants!N13,TODAY()),MAX(1,N(Plants!H13)))=0),"Feed","")) | I13: =IF(AND(ISNUMBER(Plants!L13),N(Plants!S13)>0,(TODAY()+5)>=MAX(Plants!L13,TODAY()),MOD((TODAY()+5)-MAX(Plants!L13,TODAY()),MAX(1,N(Plants!S13)))=0),IF(AND(ISNUMBER(Plants!N13),N(Plants!H13)>0,(TODAY()+5)>=MAX(Plants!N13,TODAY()),MOD((TODAY()+5)-MAX(Plants!N13,TODAY()),MAX(1,N(Plants!H13)))=0),"Water, feed","Water"),IF(AND(ISNUMBER(Plants!N13),N(Plants!H13)>0,(TODAY()+5)>=MAX(Plants!N13,TODAY()),MOD((TODAY()+5)-MAX(Plants!N13,TODAY()),MAX(1,N(Plants!H13)))=0),"Feed","")) | J13: =IF(AND(ISNUMBER(Plants!L13),N(Plants!S13)>0,(TODAY()+6)>=MAX(Plants!L13,TODAY()),MOD((TODAY()+6)-MAX(Plants!L13,TODAY()),MAX(1,N(Plants!S13)))=0),IF(AND(ISNUMBER(Plants!N13),N(Plants!H13)>0,(TODAY()+6)>=MAX(Plants!N13,TODAY()),MOD((TODAY()+6)-MAX(Plants!N13,TODAY()),MAX(1,N(Plants!H13)))=0),"Water, feed","Water"),IF(AND(ISNUMBER(Plants!N13),N(Plants!H13)>0,(TODAY()+6)>=MAX(Plants!N13,TODAY()),MOD((TODAY()+6)-MAX(Plants!N13,TODAY()),MAX(1,N(Plants!H13)))=0),"Feed",""))
B14: =IF(Plants!B14="","",Plants!B14) | C14: =IF(Plants!B14="","",Plants!D14) | D14: =IF(AND(ISNUMBER(Plants!L14),N(Plants!S14)>0,(TODAY()+0)>=MAX(Plants!L14,TODAY()),MOD((TODAY()+0)-MAX(Plants!L14,TODAY()),MAX(1,N(Plants!S14)))=0),IF(AND(ISNUMBER(Plants!N14),N(Plants!H14)>0,(TODAY()+0)>=MAX(Plants!N14,TODAY()),MOD((TODAY()+0)-MAX(Plants!N14,TODAY()),MAX(1,N(Plants!H14)))=0),"Water, feed","Water"),IF(AND(ISNUMBER(Plants!N14),N(Plants!H14)>0,(TODAY()+0)>=MAX(Plants!N14,TODAY()),MOD((TODAY()+0)-MAX(Plants!N14,TODAY()),MAX(1,N(Plants!H14)))=0),"Feed","")) | E14: =IF(AND(ISNUMBER(Plants!L14),N(Plants!S14)>0,(TODAY()+1)>=MAX(Plants!L14,TODAY()),MOD((TODAY()+1)-MAX(Plants!L14,TODAY()),MAX(1,N(Plants!S14)))=0),IF(AND(ISNUMBER(Plants!N14),N(Plants!H14)>0,(TODAY()+1)>=MAX(Plants!N14,TODAY()),MOD((TODAY()+1)-MAX(Plants!N14,TODAY()),MAX(1,N(Plants!H14)))=0),"Water, feed","Water"),IF(AND(ISNUMBER(Plants!N14),N(Plants!H14)>0,(TODAY()+1)>=MAX(Plants!N14,TODAY()),MOD((TODAY()+1)-MAX(Plants!N14,TODAY()),MAX(1,N(Plants!H14)))=0),"Feed","")) | F14: =IF(AND(ISNUMBER(Plants!L14),N(Plants!S14)>0,(TODAY()+2)>=MAX(Plants!L14,TODAY()),MOD((TODAY()+2)-MAX(Plants!L14,TODAY()),MAX(1,N(Plants!S14)))=0),IF(AND(ISNUMBER(Plants!N14),N(Plants!H14)>0,(TODAY()+2)>=MAX(Plants!N14,TODAY()),MOD((TODAY()+2)-MAX(Plants!N14,TODAY()),MAX(1,N(Plants!H14)))=0),"Water, feed","Water"),IF(AND(ISNUMBER(Plants!N14),N(Plants!H14)>0,(TODAY()+2)>=MAX(Plants!N14,TODAY()),MOD((TODAY()+2)-MAX(Plants!N14,TODAY()),MAX(1,N(Plants!H14)))=0),"Feed","")) | G14: =IF(AND(ISNUMBER(Plants!L14),N(Plants!S14)>0,(TODAY()+3)>=MAX(Plants!L14,TODAY()),MOD((TODAY()+3)-MAX(Plants!L14,TODAY()),MAX(1,N(Plants!S14)))=0),IF(AND(ISNUMBER(Plants!N14),N(Plants!H14)>0,(TODAY()+3)>=MAX(Plants!N14,TODAY()),MOD((TODAY()+3)-MAX(Plants!N14,TODAY()),MAX(1,N(Plants!H14)))=0),"Water, feed","Water"),IF(AND(ISNUMBER(Plants!N14),N(Plants!H14)>0,(TODAY()+3)>=MAX(Plants!N14,TODAY()),MOD((TODAY()+3)-MAX(Plants!N14,TODAY()),MAX(1,N(Plants!H14)))=0),"Feed","")) | H14: =IF(AND(ISNUMBER(Plants!L14),N(Plants!S14)>0,(TODAY()+4)>=MAX(Plants!L14,TODAY()),MOD((TODAY()+4)-MAX(Plants!L14,TODAY()),MAX(1,N(Plants!S14)))=0),IF(AND(ISNUMBER(Plants!N14),N(Plants!H14)>0,(TODAY()+4)>=MAX(Plants!N14,TODAY()),MOD((TODAY()+4)-MAX(Plants!N14,TODAY()),MAX(1,N(Plants!H14)))=0),"Water, feed","Water"),IF(AND(ISNUMBER(Plants!N14),N(Plants!H14)>0,(TODAY()+4)>=MAX(Plants!N14,TODAY()),MOD((TODAY()+4)-MAX(Plants!N14,TODAY()),MAX(1,N(Plants!H14)))=0),"Feed","")) | I14: =IF(AND(ISNUMBER(Plants!L14),N(Plants!S14)>0,(TODAY()+5)>=MAX(Plants!L14,TODAY()),MOD((TODAY()+5)-MAX(Plants!L14,TODAY()),MAX(1,N(Plants!S14)))=0),IF(AND(ISNUMBER(Plants!N14),N(Plants!H14)>0,(TODAY()+5)>=MAX(Plants!N14,TODAY()),MOD((TODAY()+5)-MAX(Plants!N14,TODAY()),MAX(1,N(Plants!H14)))=0),"Water, feed","Water"),IF(AND(ISNUMBER(Plants!N14),N(Plants!H14)>0,(TODAY()+5)>=MAX(Plants!N14,TODAY()),MOD((TODAY()+5)-MAX(Plants!N14,TODAY()),MAX(1,N(Plants!H14)))=0),"Feed","")) | J14: =IF(AND(ISNUMBER(Plants!L14),N(Plants!S14)>0,(TODAY()+6)>=MAX(Plants!L14,TODAY()),MOD((TODAY()+6)-MAX(Plants!L14,TODAY()),MAX(1,N(Plants!S14)))=0),IF(AND(ISNUMBER(Plants!N14),N(Plants!H14)>0,(TODAY()+6)>=MAX(Plants!N14,TODAY()),MOD((TODAY()+6)-MAX(Plants!N14,TODAY()),MAX(1,N(Plants!H14)))=0),"Water, feed","Water"),IF(AND(ISNUMBER(Plants!N14),N(Plants!H14)>0,(TODAY()+6)>=MAX(Plants!N14,TODAY()),MOD((TODAY()+6)-MAX(Plants!N14,TODAY()),MAX(1,N(Plants!H14)))=0),"Feed",""))
B15: =IF(Plants!B15="","",Plants!B15) | C15: =IF(Plants!B15="","",Plants!D15) | D15: =IF(AND(ISNUMBER(Plants!L15),N(Plants!S15)>0,(TODAY()+0)>=MAX(Plants!L15,TODAY()),MOD((TODAY()+0)-MAX(Plants!L15,TODAY()),MAX(1,N(Plants!S15)))=0),IF(AND(ISNUMBER(Plants!N15),N(Plants!H15)>0,(TODAY()+0)>=MAX(Plants!N15,TODAY()),MOD((TODAY()+0)-MAX(Plants!N15,TODAY()),MAX(1,N(Plants!H15)))=0),"Water, feed","Water"),IF(AND(ISNUMBER(Plants!N15),N(Plants!H15)>0,(TODAY()+0)>=MAX(Plants!N15,TODAY()),MOD((TODAY()+0)-MAX(Plants!N15,TODAY()),MAX(1,N(Plants!H15)))=0),"Feed","")) | E15: =IF(AND(ISNUMBER(Plants!L15),N(Plants!S15)>0,(TODAY()+1)>=MAX(Plants!L15,TODAY()),MOD((TODAY()+1)-MAX(Plants!L15,TODAY()),MAX(1,N(Plants!S15)))=0),IF(AND(ISNUMBER(Plants!N15),N(Plants!H15)>0,(TODAY()+1)>=MAX(Plants!N15,TODAY()),MOD((TODAY()+1)-MAX(Plants!N15,TODAY()),MAX(1,N(Plants!H15)))=0),"Water, feed","Water"),IF(AND(ISNUMBER(Plants!N15),N(Plants!H15)>0,(TODAY()+1)>=MAX(Plants!N15,TODAY()),MOD((TODAY()+1)-MAX(Plants!N15,TODAY()),MAX(1,N(Plants!H15)))=0),"Feed","")) | F15: =IF(AND(ISNUMBER(Plants!L15),N(Plants!S15)>0,(TODAY()+2)>=MAX(Plants!L15,TODAY()),MOD((TODAY()+2)-MAX(Plants!L15,TODAY()),MAX(1,N(Plants!S15)))=0),IF(AND(ISNUMBER(Plants!N15),N(Plants!H15)>0,(TODAY()+2)>=MAX(Plants!N15,TODAY()),MOD((TODAY()+2)-MAX(Plants!N15,TODAY()),MAX(1,N(Plants!H15)))=0),"Water, feed","Water"),IF(AND(ISNUMBER(Plants!N15),N(Plants!H15)>0,(TODAY()+2)>=MAX(Plants!N15,TODAY()),MOD((TODAY()+2)-MAX(Plants!N15,TODAY()),MAX(1,N(Plants!H15)))=0),"Feed","")) | G15: =IF(AND(ISNUMBER(Plants!L15),N(Plants!S15)>0,(TODAY()+3)>=MAX(Plants!L15,TODAY()),MOD((TODAY()+3)-MAX(Plants!L15,TODAY()),MAX(1,N(Plants!S15)))=0),IF(AND(ISNUMBER(Plants!N15),N(Plants!H15)>0,(TODAY()+3)>=MAX(Plants!N15,TODAY()),MOD((TODAY()+3)-MAX(Plants!N15,TODAY()),MAX(1,N(Plants!H15)))=0),"Water, feed","Water"),IF(AND(ISNUMBER(Plants!N15),N(Plants!H15)>0,(TODAY()+3)>=MAX(Plants!N15,TODAY()),MOD((TODAY()+3)-MAX(Plants!N15,TODAY()),MAX(1,N(Plants!H15)))=0),"Feed","")) | H15: =IF(AND(ISNUMBER(Plants!L15),N(Plants!S15)>0,(TODAY()+4)>=MAX(Plants!L15,TODAY()),MOD((TODAY()+4)-MAX(Plants!L15,TODAY()),MAX(1,N(Plants!S15)))=0),IF(AND(ISNUMBER(Plants!N15),N(Plants!H15)>0,(TODAY()+4)>=MAX(Plants!N15,TODAY()),MOD((TODAY()+4)-MAX(Plants!N15,TODAY()),MAX(1,N(Plants!H15)))=0),"Water, feed","Water"),IF(AND(ISNUMBER(Plants!N15),N(Plants!H15)>0,(TODAY()+4)>=MAX(Plants!N15,TODAY()),MOD((TODAY()+4)-MAX(Plants!N15,TODAY()),MAX(1,N(Plants!H15)))=0),"Feed","")) | I15: =IF(AND(ISNUMBER(Plants!L15),N(Plants!S15)>0,(TODAY()+5)>=MAX(Plants!L15,TODAY()),MOD((TODAY()+5)-MAX(Plants!L15,TODAY()),MAX(1,N(Plants!S15)))=0),IF(AND(ISNUMBER(Plants!N15),N(Plants!H15)>0,(TODAY()+5)>=MAX(Plants!N15,TODAY()),MOD((TODAY()+5)-MAX(Plants!N15,TODAY()),MAX(1,N(Plants!H15)))=0),"Water, feed","Water"),IF(AND(ISNUMBER(Plants!N15),N(Plants!H15)>0,(TODAY()+5)>=MAX(Plants!N15,TODAY()),MOD((TODAY()+5)-MAX(Plants!N15,TODAY()),MAX(1,N(Plants!H15)))=0),"Feed","")) | J15: =IF(AND(ISNUMBER(Plants!L15),N(Plants!S15)>0,(TODAY()+6)>=MAX(Plants!L15,TODAY()),MOD((TODAY()+6)-MAX(Plants!L15,TODAY()),MAX(1,N(Plants!S15)))=0),IF(AND(ISNUMBER(Plants!N15),N(Plants!H15)>0,(TODAY()+6)>=MAX(Plants!N15,TODAY()),MOD((TODAY()+6)-MAX(Plants!N15,TODAY()),MAX(1,N(Plants!H15)))=0),"Water, feed","Water"),IF(AND(ISNUMBER(Plants!N15),N(Plants!H15)>0,(TODAY()+6)>=MAX(Plants!N15,TODAY()),MOD((TODAY()+6)-MAX(Plants!N15,TODAY()),MAX(1,N(Plants!H15)))=0),"Feed",""))
B16: =IF(Plants!B16="","",Plants!B16) | C16: =IF(Plants!B16="","",Plants!D16) | D16: =IF(AND(ISNUMBER(Plants!L16),N(Plants!S16)>0,(TODAY()+0)>=MAX(Plants!L16,TODAY()),MOD((TODAY()+0)-MAX(Plants!L16,TODAY()),MAX(1,N(Plants!S16)))=0),IF(AND(ISNUMBER(Plants!N16),N(Plants!H16)>0,(TODAY()+0)>=MAX(Plants!N16,TODAY()),MOD((TODAY()+0)-MAX(Plants!N16,TODAY()),MAX(1,N(Plants!H16)))=0),"Water, feed","Water"),IF(AND(ISNUMBER(Plants!N16),N(Plants!H16)>0,(TODAY()+0)>=MAX(Plants!N16,TODAY()),MOD((TODAY()+0)-MAX(Plants!N16,TODAY()),MAX(1,N(Plants!H16)))=0),"Feed","")) | E16: =IF(AND(ISNUMBER(Plants!L16),N(Plants!S16)>0,(TODAY()+1)>=MAX(Plants!L16,TODAY()),MOD((TODAY()+1)-MAX(Plants!L16,TODAY()),MAX(1,N(Plants!S16)))=0),IF(AND(ISNUMBER(Plants!N16),N(Plants!H16)>0,(TODAY()+1)>=MAX(Plants!N16,TODAY()),MOD((TODAY()+1)-MAX(Plants!N16,TODAY()),MAX(1,N(Plants!H16)))=0),"Water, feed","Water"),IF(AND(ISNUMBER(Plants!N16),N(Plants!H16)>0,(TODAY()+1)>=MAX(Plants!N16,TODAY()),MOD((TODAY()+1)-MAX(Plants!N16,TODAY()),MAX(1,N(Plants!H16)))=0),"Feed","")) | F16: =IF(AND(ISNUMBER(Plants!L16),N(Plants!S16)>0,(TODAY()+2)>=MAX(Plants!L16,TODAY()),MOD((TODAY()+2)-MAX(Plants!L16,TODAY()),MAX(1,N(Plants!S16)))=0),IF(AND(ISNUMBER(Plants!N16),N(Plants!H16)>0,(TODAY()+2)>=MAX(Plants!N16,TODAY()),MOD((TODAY()+2)-MAX(Plants!N16,TODAY()),MAX(1,N(Plants!H16)))=0),"Water, feed","Water"),IF(AND(ISNUMBER(Plants!N16),N(Plants!H16)>0,(TODAY()+2)>=MAX(Plants!N16,TODAY()),MOD((TODAY()+2)-MAX(Plants!N16,TODAY()),MAX(1,N(Plants!H16)))=0),"Feed","")) | G16: =IF(AND(ISNUMBER(Plants!L16),N(Plants!S16)>0,(TODAY()+3)>=MAX(Plants!L16,TODAY()),MOD((TODAY()+3)-MAX(Plants!L16,TODAY()),MAX(1,N(Plants!S16)))=0),IF(AND(ISNUMBER(Plants!N16),N(Plants!H16)>0,(TODAY()+3)>=MAX(Plants!N16,TODAY()),MOD((TODAY()+3)-MAX(Plants!N16,TODAY()),MAX(1,N(Plants!H16)))=0),"Water, feed","Water"),IF(AND(ISNUMBER(Plants!N16),N(Plants!H16)>0,(TODAY()+3)>=MAX(Plants!N16,TODAY()),MOD((TODAY()+3)-MAX(Plants!N16,TODAY()),MAX(1,N(Plants!H16)))=0),"Feed","")) | H16: =IF(AND(ISNUMBER(Plants!L16),N(Plants!S16)>0,(TODAY()+4)>=MAX(Plants!L16,TODAY()),MOD((TODAY()+4)-MAX(Plants!L16,TODAY()),MAX(1,N(Plants!S16)))=0),IF(AND(ISNUMBER(Plants!N16),N(Plants!H16)>0,(TODAY()+4)>=MAX(Plants!N16,TODAY()),MOD((TODAY()+4)-MAX(Plants!N16,TODAY()),MAX(1,N(Plants!H16)))=0),"Water, feed","Water"),IF(AND(ISNUMBER(Plants!N16),N(Plants!H16)>0,(TODAY()+4)>=MAX(Plants!N16,TODAY()),MOD((TODAY()+4)-MAX(Plants!N16,TODAY()),MAX(1,N(Plants!H16)))=0),"Feed","")) | I16: =IF(AND(ISNUMBER(Plants!L16),N(Plants!S16)>0,(TODAY()+5)>=MAX(Plants!L16,TODAY()),MOD((TODAY()+5)-MAX(Plants!L16,TODAY()),MAX(1,N(Plants!S16)))=0),IF(AND(ISNUMBER(Plants!N16),N(Plants!H16)>0,(TODAY()+5)>=MAX(Plants!N16,TODAY()),MOD((TODAY()+5)-MAX(Plants!N16,TODAY()),MAX(1,N(Plants!H16)))=0),"Water, feed","Water"),IF(AND(ISNUMBER(Plants!N16),N(Plants!H16)>0,(TODAY()+5)>=MAX(Plants!N16,TODAY()),MOD((TODAY()+5)-MAX(Plants!N16,TODAY()),MAX(1,N(Plants!H16)))=0),"Feed","")) | J16: =IF(AND(ISNUMBER(Plants!L16),N(Plants!S16)>0,(TODAY()+6)>=MAX(Plants!L16,TODAY()),MOD((TODAY()+6)-MAX(Plants!L16,TODAY()),MAX(1,N(Plants!S16)))=0),IF(AND(ISNUMBER(Plants!N16),N(Plants!H16)>0,(TODAY()+6)>=MAX(Plants!N16,TODAY()),MOD((TODAY()+6)-MAX(Plants!N16,TODAY()),MAX(1,N(Plants!H16)))=0),"Water, feed","Water"),IF(AND(ISNUMBER(Plants!N16),N(Plants!H16)>0,(TODAY()+6)>=MAX(Plants!N16,TODAY()),MOD((TODAY()+6)-MAX(Plants!N16,TODAY()),MAX(1,N(Plants!H16)))=0),"Feed",""))
B17: =IF(Plants!B17="","",Plants!B17) | C17: =IF(Plants!B17="","",Plants!D17) | D17: =IF(AND(ISNUMBER(Plants!L17),N(Plants!S17)>0,(TODAY()+0)>=MAX(Plants!L17,TODAY()),MOD((TODAY()+0)-MAX(Plants!L17,TODAY()),MAX(1,N(Plants!S17)))=0),IF(AND(ISNUMBER(Plants!N17),N(Plants!H17)>0,(TODAY()+0)>=MAX(Plants!N17,TODAY()),MOD((TODAY()+0)-MAX(Plants!N17,TODAY()),MAX(1,N(Plants!H17)))=0),"Water, feed","Water"),IF(AND(ISNUMBER(Plants!N17),N(Plants!H17)>0,(TODAY()+0)>=MAX(Plants!N17,TODAY()),MOD((TODAY()+0)-MAX(Plants!N17,TODAY()),MAX(1,N(Plants!H17)))=0),"Feed","")) | E17: =IF(AND(ISNUMBER(Plants!L17),N(Plants!S17)>0,(TODAY()+1)>=MAX(Plants!L17,TODAY()),MOD((TODAY()+1)-MAX(Plants!L17,TODAY()),MAX(1,N(Plants!S17)))=0),IF(AND(ISNUMBER(Plants!N17),N(Plants!H17)>0,(TODAY()+1)>=MAX(Plants!N17,TODAY()),MOD((TODAY()+1)-MAX(Plants!N17,TODAY()),MAX(1,N(Plants!H17)))=0),"Water, feed","Water"),IF(AND(ISNUMBER(Plants!N17),N(Plants!H17)>0,(TODAY()+1)>=MAX(Plants!N17,TODAY()),MOD((TODAY()+1)-MAX(Plants!N17,TODAY()),MAX(1,N(Plants!H17)))=0),"Feed","")) | F17: =IF(AND(ISNUMBER(Plants!L17),N(Plants!S17)>0,(TODAY()+2)>=MAX(Plants!L17,TODAY()),MOD((TODAY()+2)-MAX(Plants!L17,TODAY()),MAX(1,N(Plants!S17)))=0),IF(AND(ISNUMBER(Plants!N17),N(Plants!H17)>0,(TODAY()+2)>=MAX(Plants!N17,TODAY()),MOD((TODAY()+2)-MAX(Plants!N17,TODAY()),MAX(1,N(Plants!H17)))=0),"Water, feed","Water"),IF(AND(ISNUMBER(Plants!N17),N(Plants!H17)>0,(TODAY()+2)>=MAX(Plants!N17,TODAY()),MOD((TODAY()+2)-MAX(Plants!N17,TODAY()),MAX(1,N(Plants!H17)))=0),"Feed","")) | G17: =IF(AND(ISNUMBER(Plants!L17),N(Plants!S17)>0,(TODAY()+3)>=MAX(Plants!L17,TODAY()),MOD((TODAY()+3)-MAX(Plants!L17,TODAY()),MAX(1,N(Plants!S17)))=0),IF(AND(ISNUMBER(Plants!N17),N(Plants!H17)>0,(TODAY()+3)>=MAX(Plants!N17,TODAY()),MOD((TODAY()+3)-MAX(Plants!N17,TODAY()),MAX(1,N(Plants!H17)))=0),"Water, feed","Water"),IF(AND(ISNUMBER(Plants!N17),N(Plants!H17)>0,(TODAY()+3)>=MAX(Plants!N17,TODAY()),MOD((TODAY()+3)-MAX(Plants!N17,TODAY()),MAX(1,N(Plants!H17)))=0),"Feed","")) | H17: =IF(AND(ISNUMBER(Plants!L17),N(Plants!S17)>0,(TODAY()+4)>=MAX(Plants!L17,TODAY()),MOD((TODAY()+4)-MAX(Plants!L17,TODAY()),MAX(1,N(Plants!S17)))=0),IF(AND(ISNUMBER(Plants!N17),N(Plants!H17)>0,(TODAY()+4)>=MAX(Plants!N17,TODAY()),MOD((TODAY()+4)-MAX(Plants!N17,TODAY()),MAX(1,N(Plants!H17)))=0),"Water, feed","Water"),IF(AND(ISNUMBER(Plants!N17),N(Plants!H17)>0,(TODAY()+4)>=MAX(Plants!N17,TODAY()),MOD((TODAY()+4)-MAX(Plants!N17,TODAY()),MAX(1,N(Plants!H17)))=0),"Feed","")) | I17: =IF(AND(ISNUMBER(Plants!L17),N(Plants!S17)>0,(TODAY()+5)>=MAX(Plants!L17,TODAY()),MOD((TODAY()+5)-MAX(Plants!L17,TODAY()),MAX(1,N(Plants!S17)))=0),IF(AND(ISNUMBER(Plants!N17),N(Plants!H17)>0,(TODAY()+5)>=MAX(Plants!N17,TODAY()),MOD((TODAY()+5)-MAX(Plants!N17,TODAY()),MAX(1,N(Plants!H17)))=0),"Water, feed","Water"),IF(AND(ISNUMBER(Plants!N17),N(Plants!H17)>0,(TODAY()+5)>=MAX(Plants!N17,TODAY()),MOD((TODAY()+5)-MAX(Plants!N17,TODAY()),MAX(1,N(Plants!H17)))=0),"Feed","")) | J17: =IF(AND(ISNUMBER(Plants!L17),N(Plants!S17)>0,(TODAY()+6)>=MAX(Plants!L17,TODAY()),MOD((TODAY()+6)-MAX(Plants!L17,TODAY()),MAX(1,N(Plants!S17)))=0),IF(AND(ISNUMBER(Plants!N17),N(Plants!H17)>0,(TODAY()+6)>=MAX(Plants!N17,TODAY()),MOD((TODAY()+6)-MAX(Plants!N17,TODAY()),MAX(1,N(Plants!H17)))=0),"Water, feed","Water"),IF(AND(ISNUMBER(Plants!N17),N(Plants!H17)>0,(TODAY()+6)>=MAX(Plants!N17,TODAY()),MOD((TODAY()+6)-MAX(Plants!N17,TODAY()),MAX(1,N(Plants!H17)))=0),"Feed",""))
... B65: =IF(Plants!B65="","",Plants!B65) | C65: =IF(Plants!B65="","",Plants!D65) | D65: =IF(AND(ISNUMBER(Plants!L65),N(Plants!S65)>0,(TODAY()+0)>=MAX(Plants!L65,TODAY()),MOD((TODAY()+0)-MAX(Plants!L65,TODAY()),MAX(1,N(Plants!S65)))=0),IF(AND(ISNUMBER(Plants!N65),N(Plants!H65)>0,(TODAY()+0)>=MAX(Plants!N65,TODAY()),MOD((TODAY()+0)-MAX(Plants!N65,TODAY()),MAX(1,N(Plants!H65)))=0),"Water, feed","Water"),IF(AND(ISNUMBER(Plants!N65),N(Plants!H65)>0,(TODAY()+0)>=MAX(Plants!N65,TODAY()),MOD((TODAY()+0)-MAX(Plants!N65,TODAY()),MAX(1,N(Plants!H65)))=0),"Feed","")) | E65: =IF(AND(ISNUMBER(Plants!L65),N(Plants!S65)>0,(TODAY()+1)>=MAX(Plants!L65,TODAY()),MOD((TODAY()+1)-MAX(Plants!L65,TODAY()),MAX(1,N(Plants!S65)))=0),IF(AND(ISNUMBER(Plants!N65),N(Plants!H65)>0,(TODAY()+1)>=MAX(Plants!N65,TODAY()),MOD((TODAY()+1)-MAX(Plants!N65,TODAY()),MAX(1,N(Plants!H65)))=0),"Water, feed","Water"),IF(AND(ISNUMBER(Plants!N65),N(Plants!H65)>0,(TODAY()+1)>=MAX(Plants!N65,TODAY()),MOD((TODAY()+1)-MAX(Plants!N65,TODAY()),MAX(1,N(Plants!H65)))=0),"Feed","")) | F65: =IF(AND(ISNUMBER(Plants!L65),N(Plants!S65)>0,(TODAY()+2)>=MAX(Plants!L65,TODAY()),MOD((TODAY()+2)-MAX(Plants!L65,TODAY()),MAX(1,N(Plants!S65)))=0),IF(AND(ISNUMBER(Plants!N65),N(Plants!H65)>0,(TODAY()+2)>=MAX(Plants!N65,TODAY()),MOD((TODAY()+2)-MAX(Plants!N65,TODAY()),MAX(1,N(Plants!H65)))=0),"Water, feed","Water"),IF(AND(ISNUMBER(Plants!N65),N(Plants!H65)>0,(TODAY()+2)>=MAX(Plants!N65,TODAY()),MOD((TODAY()+2)-MAX(Plants!N65,TODAY()),MAX(1,N(Plants!H65)))=0),"Feed","")) | G65: =IF(AND(ISNUMBER(Plants!L65),N(Plants!S65)>0,(TODAY()+3)>=MAX(Plants!L65,TODAY()),MOD((TODAY()+3)-MAX(Plants!L65,TODAY()),MAX(1,N(Plants!S65)))=0),IF(AND(ISNUMBER(Plants!N65),N(Plants!H65)>0,(TODAY()+3)>=MAX(Plants!N65,TODAY()),MOD((TODAY()+3)-MAX(Plants!N65,TODAY()),MAX(1,N(Plants!H65)))=0),"Water, feed","Water"),IF(AND(ISNUMBER(Plants!N65),N(Plants!H65)>0,(TODAY()+3)>=MAX(Plants!N65,TODAY()),MOD((TODAY()+3)-MAX(Plants!N65,TODAY()),MAX(1,N(Plants!H65)))=0),"Feed","")) | H65: =IF(AND(ISNUMBER(Plants!L65),N(Plants!S65)>0,(TODAY()+4)>=MAX(Plants!L65,TODAY()),MOD((TODAY()+4)-MAX(Plants!L65,TODAY()),MAX(1,N(Plants!S65)))=0),IF(AND(ISNUMBER(Plants!N65),N(Plants!H65)>0,(TODAY()+4)>=MAX(Plants!N65,TODAY()),MOD((TODAY()+4)-MAX(Plants!N65,TODAY()),MAX(1,N(Plants!H65)))=0),"Water, feed","Water"),IF(AND(ISNUMBER(Plants!N65),N(Plants!H65)>0,(TODAY()+4)>=MAX(Plants!N65,TODAY()),MOD((TODAY()+4)-MAX(Plants!N65,TODAY()),MAX(1,N(Plants!H65)))=0),"Feed","")) | I65: =IF(AND(ISNUMBER(Plants!L65),N(Plants!S65)>0,(TODAY()+5)>=MAX(Plants!L65,TODAY()),MOD((TODAY()+5)-MAX(Plants!L65,TODAY()),MAX(1,N(Plants!S65)))=0),IF(AND(ISNUMBER(Plants!N65),N(Plants!H65)>0,(TODAY()+5)>=MAX(Plants!N65,TODAY()),MOD((TODAY()+5)-MAX(Plants!N65,TODAY()),MAX(1,N(Plants!H65)))=0),"Water, feed","Water"),IF(AND(ISNUMBER(Plants!N65),N(Plants!H65)>0,(TODAY()+5)>=MAX(Plants!N65,TODAY()),MOD((TODAY()+5)-MAX(Plants!N65,TODAY()),MAX(1,N(Plants!H65)))=0),"Feed","")) | J65: =IF(AND(ISNUMBER(Plants!L65),N(Plants!S65)>0,(TODAY()+6)>=MAX(Plants!L65,TODAY()),MOD((TODAY()+6)-MAX(Plants!L65,TODAY()),MAX(1,N(Plants!S65)))=0),IF(AND(ISNUMBER(Plants!N65),N(Plants!H65)>0,(TODAY()+6)>=MAX(Plants!N65,TODAY()),MOD((TODAY()+6)-MAX(Plants!N65,TODAY()),MAX(1,N(Plants!H65)))=0),"Water, feed","Water"),IF(AND(ISNUMBER(Plants!N65),N(Plants!H65)>0,(TODAY()+6)>=MAX(Plants!N65,TODAY()),MOD((TODAY()+6)-MAX(Plants!N65,TODAY()),MAX(1,N(Plants!H65)))=0),"Feed",""))

Sheet Plants
B2: Plants
B3: Every plant once. Water every: days between waterings, in the growing season and in the resting one. Leave the resting one empty to keep the same.
B5: Plant | C5: Kind | D5: Spot | E5: Light | F5: Water every | G5: Resting | H5: Feed every | I5: Repot (months) | J5: Potted on | K5: Last watered | L5: Next water | M5: Water | N5: Next feed | O5: Next repot | P5: Notes
B6: Monty | C6: Monstera deliciosa | D6: Living room | E6: Bright indirect | F6: 7 | G6: 12 | H6: 30 | I6: 24 | J6: 45603 | K6: =IF(B6="","",IF(SUMIFS('Care log'!$B$6:$B$1505,'Care log'!$C$6:$C$1505,$B6,'Care log'!$D$6:$D$1505,"Water",'Care log'!$H$6:$H$1505,1)=0,"",SUMIFS('Care log'!$B$6:$B$1505,'Care log'!$C$6:$C$1505,$B6,'Care log'!$D$6:$D$1505,"Water",'Care log'!$H$6:$H$1505,1))) | L6: =IF(OR(K6="",N(S6)=0),"",K6+S6) | M6: =IF(B6="","",IF(L6="",IF(N(S6)=0,"","Not logged yet"),IF(L6<TODAY(),"Late "&(TODAY()-L6)&IF((TODAY()-L6)=1," day"," days"),IF(L6=TODAY(),"Today","In "&(L6-TODAY())&IF((L6-TODAY())=1," day"," days"))))) | N6: =IF(OR(B6="",N(H6)=0),"",IF(Settings!$C$7=0,"Resting",IF(T6=0,TODAY(),T6+H6))) | O6: =IF(OR(B6="",N(I6)=0,N(U6)=0),"",EDATE(U6,I6)) | P6: New leaf coming | S6: =IF(B6="",0,IF(Settings!$C$7=1,N(F6),IF(G6="",N(F6),N(G6)))) | T6: =IF(B6="",0,SUMIFS('Care log'!$B$6:$B$1505,'Care log'!$C$6:$C$1505,$B6,'Care log'!$D$6:$D$1505,"Feed",'Care log'!$H$6:$H$1505,1)) | U6: =IF(B6="",0,MAX(N(J6),SUMIFS('Care log'!$B$6:$B$1505,'Care log'!$C$6:$C$1505,$B6,'Care log'!$D$6:$D$1505,"Repot",'Care log'!$H$6:$H$1505,1))) | V6: =IF(L6="","",L6+ROW()/10000000) | W6: =IF(ISNUMBER(N6),N6+ROW()/10000000,"") | X6: =IF(O6="","",O6+ROW()/10000000)
B7: Sansa | C7: Snake plant | D7: Bedroom | E7: Low | F7: 14 | G7: 28 | H7: 60 | I7: 36 | J7: 45893 | K7: =IF(B7="","",IF(SUMIFS('Care log'!$B$6:$B$1505,'Care log'!$C$6:$C$1505,$B7,'Care log'!$D$6:$D$1505,"Water",'Care log'!$H$6:$H$1505,1)=0,"",SUMIFS('Care log'!$B$6:$B$1505,'Care log'!$C$6:$C$1505,$B7,'Care log'!$D$6:$D$1505,"Water",'Care log'!$H$6:$H$1505,1))) | L7: =IF(OR(K7="",N(S7)=0),"",K7+S7) | M7: =IF(B7="","",IF(L7="",IF(N(S7)=0,"","Not logged yet"),IF(L7<TODAY(),"Late "&(TODAY()-L7)&IF((TODAY()-L7)=1," day"," days"),IF(L7=TODAY(),"Today","In "&(L7-TODAY())&IF((L7-TODAY())=1," day"," days"))))) | N7: =IF(OR(B7="",N(H7)=0),"",IF(Settings!$C$7=0,"Resting",IF(T7=0,TODAY(),T7+H7))) | O7: =IF(OR(B7="",N(I7)=0,N(U7)=0),"",EDATE(U7,I7)) | S7: =IF(B7="",0,IF(Settings!$C$7=1,N(F7),IF(G7="",N(F7),N(G7)))) | T7: =IF(B7="",0,SUMIFS('Care log'!$B$6:$B$1505,'Care log'!$C$6:$C$1505,$B7,'Care log'!$D$6:$D$1505,"Feed",'Care log'!$H$6:$H$1505,1)) | U7: =IF(B7="",0,MAX(N(J7),SUMIFS('Care log'!$B$6:$B$1505,'Care log'!$C$6:$C$1505,$B7,'Care log'!$D$6:$D$1505,"Repot",'Care log'!$H$6:$H$1505,1))) | V7: =IF(L7="","",L7+ROW()/10000000) | W7: =IF(ISNUMBER(N7),N7+ROW()/10000000,"") | X7: =IF(O7="","",O7+ROW()/10000000)
B8: Goldie | C8: Golden pothos | D8: Kitchen shelf | E8: Medium | F8: 7 | G8: 10 | H8: 30 | I8: 24 | J8: 45993 | K8: =IF(B8="","",IF(SUMIFS('Care log'!$B$6:$B$1505,'Care log'!$C$6:$C$1505,$B8,'Care log'!$D$6:$D$1505,"Water",'Care log'!$H$6:$H$1505,1)=0,"",SUMIFS('Care log'!$B$6:$B$1505,'Care log'!$C$6:$C$1505,$B8,'Care log'!$D$6:$D$1505,"Water",'Care log'!$H$6:$H$1505,1))) | L8: =IF(OR(K8="",N(S8)=0),"",K8+S8) | M8: =IF(B8="","",IF(L8="",IF(N(S8)=0,"","Not logged yet"),IF(L8<TODAY(),"Late "&(TODAY()-L8)&IF((TODAY()-L8)=1," day"," days"),IF(L8=TODAY(),"Today","In "&(L8-TODAY())&IF((L8-TODAY())=1," day"," days"))))) | N8: =IF(OR(B8="",N(H8)=0),"",IF(Settings!$C$7=0,"Resting",IF(T8=0,TODAY(),T8+H8))) | O8: =IF(OR(B8="",N(I8)=0,N(U8)=0),"",EDATE(U8,I8)) | P8: Trim the long vines | S8: =IF(B8="",0,IF(Settings!$C$7=1,N(F8),IF(G8="",N(F8),N(G8)))) | T8: =IF(B8="",0,SUMIFS('Care log'!$B$6:$B$1505,'Care log'!$C$6:$C$1505,$B8,'Care log'!$D$6:$D$1505,"Feed",'Care log'!$H$6:$H$1505,1)) | U8: =IF(B8="",0,MAX(N(J8),SUMIFS('Care log'!$B$6:$B$1505,'Care log'!$C$6:$C$1505,$B8,'Care log'!$D$6:$D$1505,"Repot",'Care log'!$H$6:$H$1505,1))) | V8: =IF(L8="","",L8+ROW()/10000000) | W8: =IF(ISNUMBER(N8),N8+ROW()/10000000,"") | X8: =IF(O8="","",O8+ROW()/10000000)
B9: Fig | C9: Fiddle leaf fig | D9: Living room | E9: Bright indirect | F9: 7 | G9: 10 | H9: 30 | I9: 18 | J9: 45683 | K9: =IF(B9="","",IF(SUMIFS('Care log'!$B$6:$B$1505,'Care log'!$C$6:$C$1505,$B9,'Care log'!$D$6:$D$1505,"Water",'Care log'!$H$6:$H$1505,1)=0,"",SUMIFS('Care log'!$B$6:$B$1505,'Care log'!$C$6:$C$1505,$B9,'Care log'!$D$6:$D$1505,"Water",'Care log'!$H$6:$H$1505,1))) | L9: =IF(OR(K9="",N(S9)=0),"",K9+S9) | M9: =IF(B9="","",IF(L9="",IF(N(S9)=0,"","Not logged yet"),IF(L9<TODAY(),"Late "&(TODAY()-L9)&IF((TODAY()-L9)=1," day"," days"),IF(L9=TODAY(),"Today","In "&(L9-TODAY())&IF((L9-TODAY())=1," day"," days"))))) | N9: =IF(OR(B9="",N(H9)=0),"",IF(Settings!$C$7=0,"Resting",IF(T9=0,TODAY(),T9+H9))) | O9: =IF(OR(B9="",N(I9)=0,N(U9)=0),"",EDATE(U9,I9)) | P9: Turn it each week | S9: =IF(B9="",0,IF(Settings!$C$7=1,N(F9),IF(G9="",N(F9),N(G9)))) | T9: =IF(B9="",0,SUMIFS('Care log'!$B$6:$B$1505,'Care log'!$C$6:$C$1505,$B9,'Care log'!$D$6:$D$1505,"Feed",'Care log'!$H$6:$H$1505,1)) | U9: =IF(B9="",0,MAX(N(J9),SUMIFS('Care log'!$B$6:$B$1505,'Care log'!$C$6:$C$1505,$B9,'Care log'!$D$6:$D$1505,"Repot",'Care log'!$H$6:$H$1505,1))) | V9: =IF(L9="","",L9+ROW()/10000000) | W9: =IF(ISNUMBER(N9),N9+ROW()/10000000,"") | X9: =IF(O9="","",O9+ROW()/10000000)
B10: Zed | C10: ZZ plant | D10: Hallway | E10: Low | F10: 14 | G10: 28 | H10: 60 | I10: 36 | J10: 46093 | K10: =IF(B10="","",IF(SUMIFS('Care log'!$B$6:$B$1505,'Care log'!$C$6:$C$1505,$B10,'Care log'!$D$6:$D$1505,"Water",'Care log'!$H$6:$H$1505,1)=0,"",SUMIFS('Care log'!$B$6:$B$1505,'Care log'!$C$6:$C$1505,$B10,'Care log'!$D$6:$D$1505,"Water",'Care log'!$H$6:$H$1505,1))) | L10: =IF(OR(K10="",N(S10)=0),"",K10+S10) | M10: =IF(B10="","",IF(L10="",IF(N(S10)=0,"","Not logged yet"),IF(L10<TODAY(),"Late "&(TODAY()-L10)&IF((TODAY()-L10)=1," day"," days"),IF(L10=TODAY(),"Today","In "&(L10-TODAY())&IF((L10-TODAY())=1," day"," days"))))) | N10: =IF(OR(B10="",N(H10)=0),"",IF(Settings!$C$7=0,"Resting",IF(T10=0,TODAY(),T10+H10))) | O10: =IF(OR(B10="",N(I10)=0,N(U10)=0),"",EDATE(U10,I10)) | S10: =IF(B10="",0,IF(Settings!$C$7=1,N(F10),IF(G10="",N(F10),N(G10)))) | T10: =IF(B10="",0,SUMIFS('Care log'!$B$6:$B$1505,'Care log'!$C$6:$C$1505,$B10,'Care log'!$D$6:$D$1505,"Feed",'Care log'!$H$6:$H$1505,1)) | U10: =IF(B10="",0,MAX(N(J10),SUMIFS('Care log'!$B$6:$B$1505,'Care log'!$C$6:$C$1505,$B10,'Care log'!$D$6:$D$1505,"Repot",'Care log'!$H$6:$H$1505,1))) | V10: =IF(L10="","",L10+ROW()/10000000) | W10: =IF(ISNUMBER(N10),N10+ROW()/10000000,"") | X10: =IF(O10="","",O10+ROW()/10000000)
B11: Lily | C11: Peace lily | D11: Bathroom | E11: Low | F11: 5 | G11: 8 | H11: 30 | I11: 24 | J11: 46043 | K11: =IF(B11="","",IF(SUMIFS('Care log'!$B$6:$B$1505,'Care log'!$C$6:$C$1505,$B11,'Care log'!$D$6:$D$1505,"Water",'Care log'!$H$6:$H$1505,1)=0,"",SUMIFS('Care log'!$B$6:$B$1505,'Care log'!$C$6:$C$1505,$B11,'Care log'!$D$6:$D$1505,"Water",'Care log'!$H$6:$H$1505,1))) | L11: =IF(OR(K11="",N(S11)=0),"",K11+S11) | M11: =IF(B11="","",IF(L11="",IF(N(S11)=0,"","Not logged yet"),IF(L11<TODAY(),"Late "&(TODAY()-L11)&IF((TODAY()-L11)=1," day"," days"),IF(L11=TODAY(),"Today","In "&(L11-TODAY())&IF((L11-TODAY())=1," day"," days"))))) | N11: =IF(OR(B11="",N(H11)=0),"",IF(Settings!$C$7=0,"Resting",IF(T11=0,TODAY(),T11+H11))) | O11: =IF(OR(B11="",N(I11)=0,N(U11)=0),"",EDATE(U11,I11)) | P11: Droops when thirsty | S11: =IF(B11="",0,IF(Settings!$C$7=1,N(F11),IF(G11="",N(F11),N(G11)))) | T11: =IF(B11="",0,SUMIFS('Care log'!$B$6:$B$1505,'Care log'!$C$6:$C$1505,$B11,'Care log'!$D$6:$D$1505,"Feed",'Care log'!$H$6:$H$1505,1)) | U11: =IF(B11="",0,MAX(N(J11),SUMIFS('Care log'!$B$6:$B$1505,'Care log'!$C$6:$C$1505,$B11,'Care log'!$D$6:$D$1505,"Repot",'Care log'!$H$6:$H$1505,1))) | V11: =IF(L11="","",L11+ROW()/10000000) | W11: =IF(ISNUMBER(N11),N11+ROW()/10000000,"") | X11: =IF(O11="","",O11+ROW()/10000000)
B12: Cleo | C12: Calathea orbifolia | D12: Bedroom | E12: Medium | F12: 5 | G12: 7 | H12: 30 | I12: 24 | J12: 46143 | K12: =IF(B12="","",IF(SUMIFS('Care log'!$B$6:$B$1505,'Care log'!$C$6:$C$1505,$B12,'Care log'!$D$6:$D$1505,"Water",'Care log'!$H$6:$H$1505,1)=0,"",SUMIFS('Care log'!$B$6:$B$1505,'Care log'!$C$6:$C$1505,$B12,'Care log'!$D$6:$D$1505,"Water",'Care log'!$H$6:$H$1505,1))) | L12: =IF(OR(K12="",N(S12)=0),"",K12+S12) | M12: =IF(B12="","",IF(L12="",IF(N(S12)=0,"","Not logged yet"),IF(L12<TODAY(),"Late "&(TODAY()-L12)&IF((TODAY()-L12)=1," day"," days"),IF(L12=TODAY(),"Today","In "&(L12-TODAY())&IF((L12-TODAY())=1," day"," days"))))) | N12: =IF(OR(B12="",N(H12)=0),"",IF(Settings!$C$7=0,"Resting",IF(T12=0,TODAY(),T12+H12))) | O12: =IF(OR(B12="",N(I12)=0,N(U12)=0),"",EDATE(U12,I12)) | P12: Filtered water only | S12: =IF(B12="",0,IF(Settings!$C$7=1,N(F12),IF(G12="",N(F12),N(G12)))) | T12: =IF(B12="",0,SUMIFS('Care log'!$B$6:$B$1505,'Care log'!$C$6:$C$1505,$B12,'Care log'!$D$6:$D$1505,"Feed",'Care log'!$H$6:$H$1505,1)) | U12: =IF(B12="",0,MAX(N(J12),SUMIFS('Care log'!$B$6:$B$1505,'Care log'!$C$6:$C$1505,$B12,'Care log'!$D$6:$D$1505,"Repot",'Care log'!$H$6:$H$1505,1))) | V12: =IF(L12="","",L12+ROW()/10000000) | W12: =IF(ISNUMBER(N12),N12+ROW()/10000000,"") | X12: =IF(O12="","",O12+ROW()/10000000)
B13: Pearl | C13: String of pearls | D13: Office window | E13: Bright indirect | F13: 10 | G13: 21 | H13: 30 | I13: 24 | J13: 45963 | K13: =IF(B13="","",IF(SUMIFS('Care log'!$B$6:$B$1505,'Care log'!$C$6:$C$1505,$B13,'Care log'!$D$6:$D$1505,"Water",'Care log'!$H$6:$H$1505,1)=0,"",SUMIFS('Care log'!$B$6:$B$1505,'Care log'!$C$6:$C$1505,$B13,'Care log'!$D$6:$D$1505,"Water",'Care log'!$H$6:$H$1505,1))) | L13: =IF(OR(K13="",N(S13)=0),"",K13+S13) | M13: =IF(B13="","",IF(L13="",IF(N(S13)=0,"","Not logged yet"),IF(L13<TODAY(),"Late "&(TODAY()-L13)&IF((TODAY()-L13)=1," day"," days"),IF(L13=TODAY(),"Today","In "&(L13-TODAY())&IF((L13-TODAY())=1," day"," days"))))) | N13: =IF(OR(B13="",N(H13)=0),"",IF(Settings!$C$7=0,"Resting",IF(T13=0,TODAY(),T13+H13))) | O13: =IF(OR(B13="",N(I13)=0,N(U13)=0),"",EDATE(U13,I13)) | S13: =IF(B13="",0,IF(Settings!$C$7=1,N(F13),IF(G13="",N(F13),N(G13)))) | T13: =IF(B13="",0,SUMIFS('Care log'!$B$6:$B$1505,'Care log'!$C$6:$C$1505,$B13,'Care log'!$D$6:$D$1505,"Feed",'Care log'!$H$6:$H$1505,1)) | U13: =IF(B13="",0,MAX(N(J13),SUMIFS('Care log'!$B$6:$B$1505,'Care log'!$C$6:$C$1505,$B13,'Care log'!$D$6:$D$1505,"Repot",'Care log'!$H$6:$H$1505,1))) | V13: =IF(L13="","",L13+ROW()/10000000) | W13: =IF(ISNUMBER(N13),N13+ROW()/10000000,"") | X13: =IF(O13="","",O13+ROW()/10000000)
B14: Vera | C14: Aloe vera | D14: Kitchen window | E14: Direct sun | F14: 14 | G14: 28 | H14: 60 | I14: 24 | J14: 45913 | K14: =IF(B14="","",IF(SUMIFS('Care log'!$B$6:$B$1505,'Care log'!$C$6:$C$1505,$B14,'Care log'!$D$6:$D$1505,"Water",'Care log'!$H$6:$H$1505,1)=0,"",SUMIFS('Care log'!$B$6:$B$1505,'Care log'!$C$6:$C$1505,$B14,'Care log'!$D$6:$D$1505,"Water",'Care log'!$H$6:$H$1505,1))) | L14: =IF(OR(K14="",N(S14)=0),"",K14+S14) | M14: =IF(B14="","",IF(L14="",IF(N(S14)=0,"","Not logged yet"),IF(L14<TODAY(),"Late "&(TODAY()-L14)&IF((TODAY()-L14)=1," day"," days"),IF(L14=TODAY(),"Today","In "&(L14-TODAY())&IF((L14-TODAY())=1," day"," days"))))) | N14: =IF(OR(B14="",N(H14)=0),"",IF(Settings!$C$7=0,"Resting",IF(T14=0,TODAY(),T14+H14))) | O14: =IF(OR(B14="",N(I14)=0,N(U14)=0),"",EDATE(U14,I14)) | S14: =IF(B14="",0,IF(Settings!$C$7=1,N(F14),IF(G14="",N(F14),N(G14)))) | T14: =IF(B14="",0,SUMIFS('Care log'!$B$6:$B$1505,'Care log'!$C$6:$C$1505,$B14,'Care log'!$D$6:$D$1505,"Feed",'Care log'!$H$6:$H$1505,1)) | U14: =IF(B14="",0,MAX(N(J14),SUMIFS('Care log'!$B$6:$B$1505,'Care log'!$C$6:$C$1505,$B14,'Care log'!$D$6:$D$1505,"Repot",'Care log'!$H$6:$H$1505,1))) | V14: =IF(L14="","",L14+ROW()/10000000) | W14: =IF(ISNUMBER(N14),N14+ROW()/10000000,"") | X14: =IF(O14="","",O14+ROW()/10000000)
B15: Fern | C15: Boston fern | D15: Bathroom | E15: Medium | F15: 3 | G15: 5 | H15: 30 | I15: 24 | J15: 46113 | K15: =IF(B15="","",IF(SUMIFS('Care log'!$B$6:$B$1505,'Care log'!$C$6:$C$1505,$B15,'Care log'!$D$6:$D$1505,"Water",'Care log'!$H$6:$H$1505,1)=0,"",SUMIFS('Care log'!$B$6:$B$1505,'Care log'!$C$6:$C$1505,$B15,'Care log'!$D$6:$D$1505,"Water",'Care log'!$H$6:$H$1505,1))) | L15: =IF(OR(K15="",N(S15)=0),"",K15+S15) | M15: =IF(B15="","",IF(L15="",IF(N(S15)=0,"","Not logged yet"),IF(L15<TODAY(),"Late "&(TODAY()-L15)&IF((TODAY()-L15)=1," day"," days"),IF(L15=TODAY(),"Today","In "&(L15-TODAY())&IF((L15-TODAY())=1," day"," days"))))) | N15: =IF(OR(B15="",N(H15)=0),"",IF(Settings!$C$7=0,"Resting",IF(T15=0,TODAY(),T15+H15))) | O15: =IF(OR(B15="",N(I15)=0,N(U15)=0),"",EDATE(U15,I15)) | P15: Likes the steam | S15: =IF(B15="",0,IF(Settings!$C$7=1,N(F15),IF(G15="",N(F15),N(G15)))) | T15: =IF(B15="",0,SUMIFS('Care log'!$B$6:$B$1505,'Care log'!$C$6:$C$1505,$B15,'Care log'!$D$6:$D$1505,"Feed",'Care log'!$H$6:$H$1505,1)) | U15: =IF(B15="",0,MAX(N(J15),SUMIFS('Care log'!$B$6:$B$1505,'Care log'!$C$6:$C$1505,$B15,'Care log'!$D$6:$D$1505,"Repot",'Care log'!$H$6:$H$1505,1))) | V15: =IF(L15="","",L15+ROW()/10000000) | W15: =IF(ISNUMBER(N15),N15+ROW()/10000000,"") | X15: =IF(O15="","",O15+ROW()/10000000)
B16: Ruby | C16: Rubber plant | D16: Office | E16: Bright indirect | F16: 8 | G16: 12 | H16: 30 | I16: 24 | J16: 45793 | K16: =IF(B16="","",IF(SUMIFS('Care log'!$B$6:$B$1505,'Care log'!$C$6:$C$1505,$B16,'Care log'!$D$6:$D$1505,"Water",'Care log'!$H$6:$H$1505,1)=0,"",SUMIFS('Care log'!$B$6:$B$1505,'Care log'!$C$6:$C$1505,$B16,'Care log'!$D$6:$D$1505,"Water",'Care log'!$H$6:$H$1505,1))) | L16: =IF(OR(K16="",N(S16)=0),"",K16+S16) | M16: =IF(B16="","",IF(L16="",IF(N(S16)=0,"","Not logged yet"),IF(L16<TODAY(),"Late "&(TODAY()-L16)&IF((TODAY()-L16)=1," day"," days"),IF(L16=TODAY(),"Today","In "&(L16-TODAY())&IF((L16-TODAY())=1," day"," days"))))) | N16: =IF(OR(B16="",N(H16)=0),"",IF(Settings!$C$7=0,"Resting",IF(T16=0,TODAY(),T16+H16))) | O16: =IF(OR(B16="",N(I16)=0,N(U16)=0),"",EDATE(U16,I16)) | S16: =IF(B16="",0,IF(Settings!$C$7=1,N(F16),IF(G16="",N(F16),N(G16)))) | T16: =IF(B16="",0,SUMIFS('Care log'!$B$6:$B$1505,'Care log'!$C$6:$C$1505,$B16,'Care log'!$D$6:$D$1505,"Feed",'Care log'!$H$6:$H$1505,1)) | U16: =IF(B16="",0,MAX(N(J16),SUMIFS('Care log'!$B$6:$B$1505,'Care log'!$C$6:$C$1505,$B16,'Care log'!$D$6:$D$1505,"Repot",'Care log'!$H$6:$H$1505,1))) | V16: =IF(L16="","",L16+ROW()/10000000) | W16: =IF(ISNUMBER(N16),N16+ROW()/10000000,"") | X16: =IF(O16="","",O16+ROW()/10000000)
B17: Basil | C17: Sweet basil | D17: Kitchen window | E17: Direct sun | F17: 2 | G17: 3 | H17: 14 | K17: =IF(B17="","",IF(SUMIFS('Care log'!$B$6:$B$1505,'Care log'!$C$6:$C$1505,$B17,'Care log'!$D$6:$D$1505,"Water",'Care log'!$H$6:$H$1505,1)=0,"",SUMIFS('Care log'!$B$6:$B$1505,'Care log'!$C$6:$C$1505,$B17,'Care log'!$D$6:$D$1505,"Water",'Care log'!$H$6:$H$1505,1))) | L17: =IF(OR(K17="",N(S17)=0),"",K17+S17) | M17: =IF(B17="","",IF(L17="",IF(N(S17)=0,"","Not logged yet"),IF(L17<TODAY(),"Late "&(TODAY()-L17)&IF((TODAY()-L17)=1," day"," days"),IF(L17=TODAY(),"Today","In "&(L17-TODAY())&IF((L17-TODAY())=1," day"," days"))))) | N17: =IF(OR(B17="",N(H17)=0),"",IF(Settings!$C$7=0,"Resting",IF(T17=0,TODAY(),T17+H17))) | O17: =IF(OR(B17="",N(I17)=0,N(U17)=0),"",EDATE(U17,I17)) | P17: Pick the tips | S17: =IF(B17="",0,IF(Settings!$C$7=1,N(F17),IF(G17="",N(F17),N(G17)))) | T17: =IF(B17="",0,SUMIFS('Care log'!$B$6:$B$1505,'Care log'!$C$6:$C$1505,$B17,'Care log'!$D$6:$D$1505,"Feed",'Care log'!$H$6:$H$1505,1)) | U17: =IF(B17="",0,MAX(N(J17),SUMIFS('Care log'!$B$6:$B$1505,'Care log'!$C$6:$C$1505,$B17,'Care log'!$D$6:$D$1505,"Repot",'Care log'!$H$6:$H$1505,1))) | V17: =IF(L17="","",L17+ROW()/10000000) | W17: =IF(ISNUMBER(N17),N17+ROW()/10000000,"") | X17: =IF(O17="","",O17+ROW()/10000000)
B18: Spidey | C18: Spider plant | D18: Living room | E18: Medium | F18: 6 | G18: 10 | H18: 30 | I18: 24 | J18: 46173 | K18: =IF(B18="","",IF(SUMIFS('Care log'!$B$6:$B$1505,'Care log'!$C$6:$C$1505,$B18,'Care log'!$D$6:$D$1505,"Water",'Care log'!$H$6:$H$1505,1)=0,"",SUMIFS('Care log'!$B$6:$B$1505,'Care log'!$C$6:$C$1505,$B18,'Care log'!$D$6:$D$1505,"Water",'Care log'!$H$6:$H$1505,1))) | L18: =IF(OR(K18="",N(S18)=0),"",K18+S18) | M18: =IF(B18="","",IF(L18="",IF(N(S18)=0,"","Not logged yet"),IF(L18<TODAY(),"Late "&(TODAY()-L18)&IF((TODAY()-L18)=1," day"," days"),IF(L18=TODAY(),"Today","In "&(L18-TODAY())&IF((L18-TODAY())=1," day"," days"))))) | N18: =IF(OR(B18="",N(H18)=0),"",IF(Settings!$C$7=0,"Resting",IF(T18=0,TODAY(),T18+H18))) | O18: =IF(OR(B18="",N(I18)=0,N(U18)=0),"",EDATE(U18,I18)) | P18: Babies to pot up | S18: =IF(B18="",0,IF(Settings!$C$7=1,N(F18),IF(G18="",N(F18),N(G18)))) | T18: =IF(B18="",0,SUMIFS('Care log'!$B$6:$B$1505,'Care log'!$C$6:$C$1505,$B18,'Care log'!$D$6:$D$1505,"Feed",'Care log'!$H$6:$H$1505,1)) | U18: =IF(B18="",0,MAX(N(J18),SUMIFS('Care log'!$B$6:$B$1505,'Care log'!$C$6:$C$1505,$B18,'Care log'!$D$6:$D$1505,"Repot",'Care log'!$H$6:$H$1505,1))) | V18: =IF(L18="","",L18+ROW()/10000000) | W18: =IF(ISNUMBER(N18),N18+ROW()/10000000,"") | X18: =IF(O18="","",O18+ROW()/10000000)
B19: Echo | C19: Echeveria | D19: Office window | E19: Direct sun | F19: 12 | G19: 25 | H19: 60 | I19: 36 | J19: 46203 | K19: =IF(B19="","",IF(SUMIFS('Care log'!$B$6:$B$1505,'Care log'!$C$6:$C$1505,$B19,'Care log'!$D$6:$D$1505,"Water",'Care log'!$H$6:$H$1505,1)=0,"",SUMIFS('Care log'!$B$6:$B$1505,'Care log'!$C$6:$C$1505,$B19,'Care log'!$D$6:$D$1505,"Water",'Care log'!$H$6:$H$1505,1))) | L19: =IF(OR(K19="",N(S19)=0),"",K19+S19) | M19: =IF(B19="","",IF(L19="",IF(N(S19)=0,"","Not logged yet"),IF(L19<TODAY(),"Late "&(TODAY()-L19)&IF((TODAY()-L19)=1," day"," days"),IF(L19=TODAY(),"Today","In "&(L19-TODAY())&IF((L19-TODAY())=1," day"," days"))))) | N19: =IF(OR(B19="",N(H19)=0),"",IF(Settings!$C$7=0,"Resting",IF(T19=0,TODAY(),T19+H19))) | O19: =IF(OR(B19="",N(I19)=0,N(U19)=0),"",EDATE(U19,I19)) | S19: =IF(B19="",0,IF(Settings!$C$7=1,N(F19),IF(G19="",N(F19),N(G19)))) | T19: =IF(B19="",0,SUMIFS('Care log'!$B$6:$B$1505,'Care log'!$C$6:$C$1505,$B19,'Care log'!$D$6:$D$1505,"Feed",'Care log'!$H$6:$H$1505,1)) | U19: =IF(B19="",0,MAX(N(J19),SUMIFS('Care log'!$B$6:$B$1505,'Care log'!$C$6:$C$1505,$B19,'Care log'!$D$6:$D$1505,"Repot",'Care log'!$H$6:$H$1505,1))) | V19: =IF(L19="","",L19+ROW()/10000000) | W19: =IF(ISNUMBER(N19),N19+ROW()/10000000,"") | X19: =IF(O19="","",O19+ROW()/10000000)
K20: =IF(B20="","",IF(SUMIFS('Care log'!$B$6:$B$1505,'Care log'!$C$6:$C$1505,$B20,'Care log'!$D$6:$D$1505,"Water",'Care log'!$H$6:$H$1505,1)=0,"",SUMIFS('Care log'!$B$6:$B$1505,'Care log'!$C$6:$C$1505,$B20,'Care log'!$D$6:$D$1505,"Water",'Care log'!$H$6:$H$1505,1))) | L20: =IF(OR(K20="",N(S20)=0),"",K20+S20) | M20: =IF(B20="","",IF(L20="",IF(N(S20)=0,"","Not logged yet"),IF(L20<TODAY(),"Late "&(TODAY()-L20)&IF((TODAY()-L20)=1," day"," days"),IF(L20=TODAY(),"Today","In "&(L20-TODAY())&IF((L20-TODAY())=1," day"," days"))))) | N20: =IF(OR(B20="",N(H20)=0),"",IF(Settings!$C$7=0,"Resting",IF(T20=0,TODAY(),T20+H20))) | O20: =IF(OR(B20="",N(I20)=0,N(U20)=0),"",EDATE(U20,I20)) | S20: =IF(B20="",0,IF(Settings!$C$7=1,N(F20),IF(G20="",N(F20),N(G20)))) | T20: =IF(B20="",0,SUMIFS('Care log'!$B$6:$B$1505,'Care log'!$C$6:$C$1505,$B20,'Care log'!$D$6:$D$1505,"Feed",'Care log'!$H$6:$H$1505,1)) | U20: =IF(B20="",0,MAX(N(J20),SUMIFS('Care log'!$B$6:$B$1505,'Care log'!$C$6:$C$1505,$B20,'Care log'!$D$6:$D$1505,"Repot",'Care log'!$H$6:$H$1505,1))) | V20: =IF(L20="","",L20+ROW()/10000000) | W20: =IF(ISNUMBER(N20),N20+ROW()/10000000,"") | X20: =IF(O20="","",O20+ROW()/10000000)
K21: =IF(B21="","",IF(SUMIFS('Care log'!$B$6:$B$1505,'Care log'!$C$6:$C$1505,$B21,'Care log'!$D$6:$D$1505,"Water",'Care log'!$H$6:$H$1505,1)=0,"",SUMIFS('Care log'!$B$6:$B$1505,'Care log'!$C$6:$C$1505,$B21,'Care log'!$D$6:$D$1505,"Water",'Care log'!$H$6:$H$1505,1))) | L21: =IF(OR(K21="",N(S21)=0),"",K21+S21) | M21: =IF(B21="","",IF(L21="",IF(N(S21)=0,"","Not logged yet"),IF(L21<TODAY(),"Late "&(TODAY()-L21)&IF((TODAY()-L21)=1," day"," days"),IF(L21=TODAY(),"Today","In "&(L21-TODAY())&IF((L21-TODAY())=1," day"," days"))))) | N21: =IF(OR(B21="",N(H21)=0),"",IF(Settings!$C$7=0,"Resting",IF(T21=0,TODAY(),T21+H21))) | O21: =IF(OR(B21="",N(I21)=0,N(U21)=0),"",EDATE(U21,I21)) | S21: =IF(B21="",0,IF(Settings!$C$7=1,N(F21),IF(G21="",N(F21),N(G21)))) | T21: =IF(B21="",0,SUMIFS('Care log'!$B$6:$B$1505,'Care log'!$C$6:$C$1505,$B21,'Care log'!$D$6:$D$1505,"Feed",'Care log'!$H$6:$H$1505,1)) | U21: =IF(B21="",0,MAX(N(J21),SUMIFS('Care log'!$B$6:$B$1505,'Care log'!$C$6:$C$1505,$B21,'Care log'!$D$6:$D$1505,"Repot",'Care log'!$H$6:$H$1505,1))) | V21: =IF(L21="","",L21+ROW()/10000000) | W21: =IF(ISNUMBER(N21),N21+ROW()/10000000,"") | X21: =IF(O21="","",O21+ROW()/10000000)
K22: =IF(B22="","",IF(SUMIFS('Care log'!$B$6:$B$1505,'Care log'!$C$6:$C$1505,$B22,'Care log'!$D$6:$D$1505,"Water",'Care log'!$H$6:$H$1505,1)=0,"",SUMIFS('Care log'!$B$6:$B$1505,'Care log'!$C$6:$C$1505,$B22,'Care log'!$D$6:$D$1505,"Water",'Care log'!$H$6:$H$1505,1))) | L22: =IF(OR(K22="",N(S22)=0),"",K22+S22) | M22: =IF(B22="","",IF(L22="",IF(N(S22)=0,"","Not logged yet"),IF(L22<TODAY(),"Late "&(TODAY()-L22)&IF((TODAY()-L22)=1," day"," days"),IF(L22=TODAY(),"Today","In "&(L22-TODAY())&IF((L22-TODAY())=1," day"," days"))))) | N22: =IF(OR(B22="",N(H22)=0),"",IF(Settings!$C$7=0,"Resting",IF(T22=0,TODAY(),T22+H22))) | O22: =IF(OR(B22="",N(I22)=0,N(U22)=0),"",EDATE(U22,I22)) | S22: =IF(B22="",0,IF(Settings!$C$7=1,N(F22),IF(G22="",N(F22),N(G22)))) | T22: =IF(B22="",0,SUMIFS('Care log'!$B$6:$B$1505,'Care log'!$C$6:$C$1505,$B22,'Care log'!$D$6:$D$1505,"Feed",'Care log'!$H$6:$H$1505,1)) | U22: =IF(B22="",0,MAX(N(J22),SUMIFS('Care log'!$B$6:$B$1505,'Care log'!$C$6:$C$1505,$B22,'Care log'!$D$6:$D$1505,"Repot",'Care log'!$H$6:$H$1505,1))) | V22: =IF(L22="","",L22+ROW()/10000000) | W22: =IF(ISNUMBER(N22),N22+ROW()/10000000,"") | X22: =IF(O22="","",O22+ROW()/10000000)
K23: =IF(B23="","",IF(SUMIFS('Care log'!$B$6:$B$1505,'Care log'!$C$6:$C$1505,$B23,'Care log'!$D$6:$D$1505,"Water",'Care log'!$H$6:$H$1505,1)=0,"",SUMIFS('Care log'!$B$6:$B$1505,'Care log'!$C$6:$C$1505,$B23,'Care log'!$D$6:$D$1505,"Water",'Care log'!$H$6:$H$1505,1))) | L23: =IF(OR(K23="",N(S23)=0),"",K23+S23) | M23: =IF(B23="","",IF(L23="",IF(N(S23)=0,"","Not logged yet"),IF(L23<TODAY(),"Late "&(TODAY()-L23)&IF((TODAY()-L23)=1," day"," days"),IF(L23=TODAY(),"Today","In "&(L23-TODAY())&IF((L23-TODAY())=1," day"," days"))))) | N23: =IF(OR(B23="",N(H23)=0),"",IF(Settings!$C$7=0,"Resting",IF(T23=0,TODAY(),T23+H23))) | O23: =IF(OR(B23="",N(I23)=0,N(U23)=0),"",EDATE(U23,I23)) | S23: =IF(B23="",0,IF(Settings!$C$7=1,N(F23),IF(G23="",N(F23),N(G23)))) | T23: =IF(B23="",0,SUMIFS('Care log'!$B$6:$B$1505,'Care log'!$C$6:$C$1505,$B23,'Care log'!$D$6:$D$1505,"Feed",'Care log'!$H$6:$H$1505,1)) | U23: =IF(B23="",0,MAX(N(J23),SUMIFS('Care log'!$B$6:$B$1505,'Care log'!$C$6:$C$1505,$B23,'Care log'!$D$6:$D$1505,"Repot",'Care log'!$H$6:$H$1505,1))) | V23: =IF(L23="","",L23+ROW()/10000000) | W23: =IF(ISNUMBER(N23),N23+ROW()/10000000,"") | X23: =IF(O23="","",O23+ROW()/10000000)
K24: =IF(B24="","",IF(SUMIFS('Care log'!$B$6:$B$1505,'Care log'!$C$6:$C$1505,$B24,'Care log'!$D$6:$D$1505,"Water",'Care log'!$H$6:$H$1505,1)=0,"",SUMIFS('Care log'!$B$6:$B$1505,'Care log'!$C$6:$C$1505,$B24,'Care log'!$D$6:$D$1505,"Water",'Care log'!$H$6:$H$1505,1))) | L24: =IF(OR(K24="",N(S24)=0),"",K24+S24) | M24: =IF(B24="","",IF(L24="",IF(N(S24)=0,"","Not logged yet"),IF(L24<TODAY(),"Late "&(TODAY()-L24)&IF((TODAY()-L24)=1," day"," days"),IF(L24=TODAY(),"Today","In "&(L24-TODAY())&IF((L24-TODAY())=1," day"," days"))))) | N24: =IF(OR(B24="",N(H24)=0),"",IF(Settings!$C$7=0,"Resting",IF(T24=0,TODAY(),T24+H24))) | O24: =IF(OR(B24="",N(I24)=0,N(U24)=0),"",EDATE(U24,I24)) | S24: =IF(B24="",0,IF(Settings!$C$7=1,N(F24),IF(G24="",N(F24),N(G24)))) | T24: =IF(B24="",0,SUMIFS('Care log'!$B$6:$B$1505,'Care log'!$C$6:$C$1505,$B24,'Care log'!$D$6:$D$1505,"Feed",'Care log'!$H$6:$H$1505,1)) | U24: =IF(B24="",0,MAX(N(J24),SUMIFS('Care log'!$B$6:$B$1505,'Care log'!$C$6:$C$1505,$B24,'Care log'!$D$6:$D$1505,"Repot",'Care log'!$H$6:$H$1505,1))) | V24: =IF(L24="","",L24+ROW()/10000000) | W24: =IF(ISNUMBER(N24),N24+ROW()/10000000,"") | X24: =IF(O24="","",O24+ROW()/10000000)
K25: =IF(B25="","",IF(SUMIFS('Care log'!$B$6:$B$1505,'Care log'!$C$6:$C$1505,$B25,'Care log'!$D$6:$D$1505,"Water",'Care log'!$H$6:$H$1505,1)=0,"",SUMIFS('Care log'!$B$6:$B$1505,'Care log'!$C$6:$C$1505,$B25,'Care log'!$D$6:$D$1505,"Water",'Care log'!$H$6:$H$1505,1))) | L25: =IF(OR(K25="",N(S25)=0),"",K25+S25) | M25: =IF(B25="","",IF(L25="",IF(N(S25)=0,"","Not logged yet"),IF(L25<TODAY(),"Late "&(TODAY()-L25)&IF((TODAY()-L25)=1," day"," days"),IF(L25=TODAY(),"Today","In "&(L25-TODAY())&IF((L25-TODAY())=1," day"," days"))))) | N25: =IF(OR(B25="",N(H25)=0),"",IF(Settings!$C$7=0,"Resting",IF(T25=0,TODAY(),T25+H25))) | O25: =IF(OR(B25="",N(I25)=0,N(U25)=0),"",EDATE(U25,I25)) | S25: =IF(B25="",0,IF(Settings!$C$7=1,N(F25),IF(G25="",N(F25),N(G25)))) | T25: =IF(B25="",0,SUMIFS('Care log'!$B$6:$B$1505,'Care log'!$C$6:$C$1505,$B25,'Care log'!$D$6:$D$1505,"Feed",'Care log'!$H$6:$H$1505,1)) | U25: =IF(B25="",0,MAX(N(J25),SUMIFS('Care log'!$B$6:$B$1505,'Care log'!$C$6:$C$1505,$B25,'Care log'!$D$6:$D$1505,"Repot",'Care log'!$H$6:$H$1505,1))) | V25: =IF(L25="","",L25+ROW()/10000000) | W25: =IF(ISNUMBER(N25),N25+ROW()/10000000,"") | X25: =IF(O25="","",O25+ROW()/10000000)
K26: =IF(B26="","",IF(SUMIFS('Care log'!$B$6:$B$1505,'Care log'!$C$6:$C$1505,$B26,'Care log'!$D$6:$D$1505,"Water",'Care log'!$H$6:$H$1505,1)=0,"",SUMIFS('Care log'!$B$6:$B$1505,'Care log'!$C$6:$C$1505,$B26,'Care log'!$D$6:$D$1505,"Water",'Care log'!$H$6:$H$1505,1))) | L26: =IF(OR(K26="",N(S26)=0),"",K26+S26) | M26: =IF(B26="","",IF(L26="",IF(N(S26)=0,"","Not logged yet"),IF(L26<TODAY(),"Late "&(TODAY()-L26)&IF((TODAY()-L26)=1," day"," days"),IF(L26=TODAY(),"Today","In "&(L26-TODAY())&IF((L26-TODAY())=1," day"," days"))))) | N26: =IF(OR(B26="",N(H26)=0),"",IF(Settings!$C$7=0,"Resting",IF(T26=0,TODAY(),T26+H26))) | O26: =IF(OR(B26="",N(I26)=0,N(U26)=0),"",EDATE(U26,I26)) | S26: =IF(B26="",0,IF(Settings!$C$7=1,N(F26),IF(G26="",N(F26),N(G26)))) | T26: =IF(B26="",0,SUMIFS('Care log'!$B$6:$B$1505,'Care log'!$C$6:$C$1505,$B26,'Care log'!$D$6:$D$1505,"Feed",'Care log'!$H$6:$H$1505,1)) | U26: =IF(B26="",0,MAX(N(J26),SUMIFS('Care log'!$B$6:$B$1505,'Care log'!$C$6:$C$1505,$B26,'Care log'!$D$6:$D$1505,"Repot",'Care log'!$H$6:$H$1505,1))) | V26: =IF(L26="","",L26+ROW()/10000000) | W26: =IF(ISNUMBER(N26),N26+ROW()/10000000,"") | X26: =IF(O26="","",O26+ROW()/10000000)
K27: =IF(B27="","",IF(SUMIFS('Care log'!$B$6:$B$1505,'Care log'!$C$6:$C$1505,$B27,'Care log'!$D$6:$D$1505,"Water",'Care log'!$H$6:$H$1505,1)=0,"",SUMIFS('Care log'!$B$6:$B$1505,'Care log'!$C$6:$C$1505,$B27,'Care log'!$D$6:$D$1505,"Water",'Care log'!$H$6:$H$1505,1))) | L27: =IF(OR(K27="",N(S27)=0),"",K27+S27) | M27: =IF(B27="","",IF(L27="",IF(N(S27)=0,"","Not logged yet"),IF(L27<TODAY(),"Late "&(TODAY()-L27)&IF((TODAY()-L27)=1," day"," days"),IF(L27=TODAY(),"Today","In "&(L27-TODAY())&IF((L27-TODAY())=1," day"," days"))))) | N27: =IF(OR(B27="",N(H27)=0),"",IF(Settings!$C$7=0,"Resting",IF(T27=0,TODAY(),T27+H27))) | O27: =IF(OR(B27="",N(I27)=0,N(U27)=0),"",EDATE(U27,I27)) | S27: =IF(B27="",0,IF(Settings!$C$7=1,N(F27),IF(G27="",N(F27),N(G27)))) | T27: =IF(B27="",0,SUMIFS('Care log'!$B$6:$B$1505,'Care log'!$C$6:$C$1505,$B27,'Care log'!$D$6:$D$1505,"Feed",'Care log'!$H$6:$H$1505,1)) | U27: =IF(B27="",0,MAX(N(J27),SUMIFS('Care log'!$B$6:$B$1505,'Care log'!$C$6:$C$1505,$B27,'Care log'!$D$6:$D$1505,"Repot",'Care log'!$H$6:$H$1505,1))) | V27: =IF(L27="","",L27+ROW()/10000000) | W27: =IF(ISNUMBER(N27),N27+ROW()/10000000,"") | X27: =IF(O27="","",O27+ROW()/10000000)
K28: =IF(B28="","",IF(SUMIFS('Care log'!$B$6:$B$1505,'Care log'!$C$6:$C$1505,$B28,'Care log'!$D$6:$D$1505,"Water",'Care log'!$H$6:$H$1505,1)=0,"",SUMIFS('Care log'!$B$6:$B$1505,'Care log'!$C$6:$C$1505,$B28,'Care log'!$D$6:$D$1505,"Water",'Care log'!$H$6:$H$1505,1))) | L28: =IF(OR(K28="",N(S28)=0),"",K28+S28) | M28: =IF(B28="","",IF(L28="",IF(N(S28)=0,"","Not logged yet"),IF(L28<TODAY(),"Late "&(TODAY()-L28)&IF((TODAY()-L28)=1," day"," days"),IF(L28=TODAY(),"Today","In "&(L28-TODAY())&IF((L28-TODAY())=1," day"," days"))))) | N28: =IF(OR(B28="",N(H28)=0),"",IF(Settings!$C$7=0,"Resting",IF(T28=0,TODAY(),T28+H28))) | O28: =IF(OR(B28="",N(I28)=0,N(U28)=0),"",EDATE(U28,I28)) | S28: =IF(B28="",0,IF(Settings!$C$7=1,N(F28),IF(G28="",N(F28),N(G28)))) | T28: =IF(B28="",0,SUMIFS('Care log'!$B$6:$B$1505,'Care log'!$C$6:$C$1505,$B28,'Care log'!$D$6:$D$1505,"Feed",'Care log'!$H$6:$H$1505,1)) | U28: =IF(B28="",0,MAX(N(J28),SUMIFS('Care log'!$B$6:$B$1505,'Care log'!$C$6:$C$1505,$B28,'Care log'!$D$6:$D$1505,"Repot",'Care log'!$H$6:$H$1505,1))) | V28: =IF(L28="","",L28+ROW()/10000000) | W28: =IF(ISNUMBER(N28),N28+ROW()/10000000,"") | X28: =IF(O28="","",O28+ROW()/10000000)
K29: =IF(B29="","",IF(SUMIFS('Care log'!$B$6:$B$1505,'Care log'!$C$6:$C$1505,$B29,'Care log'!$D$6:$D$1505,"Water",'Care log'!$H$6:$H$1505,1)=0,"",SUMIFS('Care log'!$B$6:$B$1505,'Care log'!$C$6:$C$1505,$B29,'Care log'!$D$6:$D$1505,"Water",'Care log'!$H$6:$H$1505,1))) | L29: =IF(OR(K29="",N(S29)=0),"",K29+S29) | M29: =IF(B29="","",IF(L29="",IF(N(S29)=0,"","Not logged yet"),IF(L29<TODAY(),"Late "&(TODAY()-L29)&IF((TODAY()-L29)=1," day"," days"),IF(L29=TODAY(),"Today","In "&(L29-TODAY())&IF((L29-TODAY())=1," day"," days"))))) | N29: =IF(OR(B29="",N(H29)=0),"",IF(Settings!$C$7=0,"Resting",IF(T29=0,TODAY(),T29+H29))) | O29: =IF(OR(B29="",N(I29)=0,N(U29)=0),"",EDATE(U29,I29)) | S29: =IF(B29="",0,IF(Settings!$C$7=1,N(F29),IF(G29="",N(F29),N(G29)))) | T29: =IF(B29="",0,SUMIFS('Care log'!$B$6:$B$1505,'Care log'!$C$6:$C$1505,$B29,'Care log'!$D$6:$D$1505,"Feed",'Care log'!$H$6:$H$1505,1)) | U29: =IF(B29="",0,MAX(N(J29),SUMIFS('Care log'!$B$6:$B$1505,'Care log'!$C$6:$C$1505,$B29,'Care log'!$D$6:$D$1505,"Repot",'Care log'!$H$6:$H$1505,1))) | V29: =IF(L29="","",L29+ROW()/10000000) | W29: =IF(ISNUMBER(N29),N29+ROW()/10000000,"") | X29: =IF(O29="","",O29+ROW()/10000000)
K30: =IF(B30="","",IF(SUMIFS('Care log'!$B$6:$B$1505,'Care log'!$C$6:$C$1505,$B30,'Care log'!$D$6:$D$1505,"Water",'Care log'!$H$6:$H$1505,1)=0,"",SUMIFS('Care log'!$B$6:$B$1505,'Care log'!$C$6:$C$1505,$B30,'Care log'!$D$6:$D$1505,"Water",'Care log'!$H$6:$H$1505,1))) | L30: =IF(OR(K30="",N(S30)=0),"",K30+S30) | M30: =IF(B30="","",IF(L30="",IF(N(S30)=0,"","Not logged yet"),IF(L30<TODAY(),"Late "&(TODAY()-L30)&IF((TODAY()-L30)=1," day"," days"),IF(L30=TODAY(),"Today","In "&(L30-TODAY())&IF((L30-TODAY())=1," day"," days"))))) | N30: =IF(OR(B30="",N(H30)=0),"",IF(Settings!$C$7=0,"Resting",IF(T30=0,TODAY(),T30+H30))) | O30: =IF(OR(B30="",N(I30)=0,N(U30)=0),"",EDATE(U30,I30)) | S30: =IF(B30="",0,IF(Settings!$C$7=1,N(F30),IF(G30="",N(F30),N(G30)))) | T30: =IF(B30="",0,SUMIFS('Care log'!$B$6:$B$1505,'Care log'!$C$6:$C$1505,$B30,'Care log'!$D$6:$D$1505,"Feed",'Care log'!$H$6:$H$1505,1)) | U30: =IF(B30="",0,MAX(N(J30),SUMIFS('Care log'!$B$6:$B$1505,'Care log'!$C$6:$C$1505,$B30,'Care log'!$D$6:$D$1505,"Repot",'Care log'!$H$6:$H$1505,1))) | V30: =IF(L30="","",L30+ROW()/10000000) | W30: =IF(ISNUMBER(N30),N30+ROW()/10000000,"") | X30: =IF(O30="","",O30+ROW()/10000000)
K31: =IF(B31="","",IF(SUMIFS('Care log'!$B$6:$B$1505,'Care log'!$C$6:$C$1505,$B31,'Care log'!$D$6:$D$1505,"Water",'Care log'!$H$6:$H$1505,1)=0,"",SUMIFS('Care log'!$B$6:$B$1505,'Care log'!$C$6:$C$1505,$B31,'Care log'!$D$6:$D$1505,"Water",'Care log'!$H$6:$H$1505,1))) | L31: =IF(OR(K31="",N(S31)=0),"",K31+S31) | M31: =IF(B31="","",IF(L31="",IF(N(S31)=0,"","Not logged yet"),IF(L31<TODAY(),"Late "&(TODAY()-L31)&IF((TODAY()-L31)=1," day"," days"),IF(L31=TODAY(),"Today","In "&(L31-TODAY())&IF((L31-TODAY())=1," day"," days"))))) | N31: =IF(OR(B31="",N(H31)=0),"",IF(Settings!$C$7=0,"Resting",IF(T31=0,TODAY(),T31+H31))) | O31: =IF(OR(B31="",N(I31)=0,N(U31)=0),"",EDATE(U31,I31)) | S31: =IF(B31="",0,IF(Settings!$C$7=1,N(F31),IF(G31="",N(F31),N(G31)))) | T31: =IF(B31="",0,SUMIFS('Care log'!$B$6:$B$1505,'Care log'!$C$6:$C$1505,$B31,'Care log'!$D$6:$D$1505,"Feed",'Care log'!$H$6:$H$1505,1)) | U31: =IF(B31="",0,MAX(N(J31),SUMIFS('Care log'!$B$6:$B$1505,'Care log'!$C$6:$C$1505,$B31,'Care log'!$D$6:$D$1505,"Repot",'Care log'!$H$6:$H$1505,1))) | V31: =IF(L31="","",L31+ROW()/10000000) | W31: =IF(ISNUMBER(N31),N31+ROW()/10000000,"") | X31: =IF(O31="","",O31+ROW()/10000000)
... K65: =IF(B65="","",IF(SUMIFS('Care log'!$B$6:$B$1505,'Care log'!$C$6:$C$1505,$B65,'Care log'!$D$6:$D$1505,"Water",'Care log'!$H$6:$H$1505,1)=0,"",SUMIFS('Care log'!$B$6:$B$1505,'Care log'!$C$6:$C$1505,$B65,'Care log'!$D$6:$D$1505,"Water",'Care log'!$H$6:$H$1505,1))) | L65: =IF(OR(K65="",N(S65)=0),"",K65+S65) | M65: =IF(B65="","",IF(L65="",IF(N(S65)=0,"","Not logged yet"),IF(L65<TODAY(),"Late "&(TODAY()-L65)&IF((TODAY()-L65)=1," day"," days"),IF(L65=TODAY(),"Today","In "&(L65-TODAY())&IF((L65-TODAY())=1," day"," days"))))) | N65: =IF(OR(B65="",N(H65)=0),"",IF(Settings!$C$7=0,"Resting",IF(T65=0,TODAY(),T65+H65))) | O65: =IF(OR(B65="",N(I65)=0,N(U65)=0),"",EDATE(U65,I65)) | S65: =IF(B65="",0,IF(Settings!$C$7=1,N(F65),IF(G65="",N(F65),N(G65)))) | T65: =IF(B65="",0,SUMIFS('Care log'!$B$6:$B$1505,'Care log'!$C$6:$C$1505,$B65,'Care log'!$D$6:$D$1505,"Feed",'Care log'!$H$6:$H$1505,1)) | U65: =IF(B65="",0,MAX(N(J65),SUMIFS('Care log'!$B$6:$B$1505,'Care log'!$C$6:$C$1505,$B65,'Care log'!$D$6:$D$1505,"Repot",'Care log'!$H$6:$H$1505,1))) | V65: =IF(L65="","",L65+ROW()/10000000) | W65: =IF(ISNUMBER(N65),N65+ROW()/10000000,"") | X65: =IF(O65="","",O65+ROW()/10000000)

Sheet Care log
B2: Care log
B3: One line each time you water, feed, mist or repot a plant. The newest line of each kind sets the next date.
B5: Date | C5: Plant | D5: What | E5: Notes
B6: 46183 | C6: Basil | D6: Water | G6: =IF(OR(B6="",C6="",D6=""),"",B6+ROW()/10000000) | H6: =IF(G6="","",IF(COUNTIFS('Care log'!$C$6:$C$1505,C6,'Care log'!$D$6:$D$1505,D6,'Care log'!$G$6:$G$1505,">"&G6)=0,1,0))
B7: 46183 | C7: Fern | D7: Water | G7: =IF(OR(B7="",C7="",D7=""),"",B7+ROW()/10000000) | H7: =IF(G7="","",IF(COUNTIFS('Care log'!$C$6:$C$1505,C7,'Care log'!$D$6:$D$1505,D7,'Care log'!$G$6:$G$1505,">"&G7)=0,1,0))
B8: 46183 | C8: Lily | D8: Water | G8: =IF(OR(B8="",C8="",D8=""),"",B8+ROW()/10000000) | H8: =IF(G8="","",IF(COUNTIFS('Care log'!$C$6:$C$1505,C8,'Care log'!$D$6:$D$1505,D8,'Care log'!$G$6:$G$1505,">"&G8)=0,1,0))
B9: 46183 | C9: Monty | D9: Feed | E9: Half strength | G9: =IF(OR(B9="",C9="",D9=""),"",B9+ROW()/10000000) | H9: =IF(G9="","",IF(COUNTIFS('Care log'!$C$6:$C$1505,C9,'Care log'!$D$6:$D$1505,D9,'Care log'!$G$6:$G$1505,">"&G9)=0,1,0))
B10: 46183 | C10: Spidey | D10: Water | G10: =IF(OR(B10="",C10="",D10=""),"",B10+ROW()/10000000) | H10: =IF(G10="","",IF(COUNTIFS('Care log'!$C$6:$C$1505,C10,'Care log'!$D$6:$D$1505,D10,'Care log'!$G$6:$G$1505,">"&G10)=0,1,0))
B11: 46183 | C11: Vera | D11: Feed | G11: =IF(OR(B11="",C11="",D11=""),"",B11+ROW()/10000000) | H11: =IF(G11="","",IF(COUNTIFS('Care log'!$C$6:$C$1505,C11,'Care log'!$D$6:$D$1505,D11,'Care log'!$G$6:$G$1505,">"&G11)=0,1,0))
B12: 46184 | C12: Cleo | D12: Water | G12: =IF(OR(B12="",C12="",D12=""),"",B12+ROW()/10000000) | H12: =IF(G12="","",IF(COUNTIFS('Care log'!$C$6:$C$1505,C12,'Care log'!$D$6:$D$1505,D12,'Care log'!$G$6:$G$1505,">"&G12)=0,1,0))
B13: 46184 | C13: Ruby | D13: Water | G13: =IF(OR(B13="",C13="",D13=""),"",B13+ROW()/10000000) | H13: =IF(G13="","",IF(COUNTIFS('Care log'!$C$6:$C$1505,C13,'Care log'!$D$6:$D$1505,D13,'Care log'!$G$6:$G$1505,">"&G13)=0,1,0))
B14: 46185 | C14: Basil | D14: Water | G14: =IF(OR(B14="",C14="",D14=""),"",B14+ROW()/10000000) | H14: =IF(G14="","",IF(COUNTIFS('Care log'!$C$6:$C$1505,C14,'Care log'!$D$6:$D$1505,D14,'Care log'!$G$6:$G$1505,">"&G14)=0,1,0))
B15: 46185 | C15: Fern | D15: Water | G15: =IF(OR(B15="",C15="",D15=""),"",B15+ROW()/10000000) | H15: =IF(G15="","",IF(COUNTIFS('Care log'!$C$6:$C$1505,C15,'Care log'!$D$6:$D$1505,D15,'Care log'!$G$6:$G$1505,">"&G15)=0,1,0))
B16: 46185 | C16: Fig | D16: Water | G16: =IF(OR(B16="",C16="",D16=""),"",B16+ROW()/10000000) | H16: =IF(G16="","",IF(COUNTIFS('Care log'!$C$6:$C$1505,C16,'Care log'!$D$6:$D$1505,D16,'Care log'!$G$6:$G$1505,">"&G16)=0,1,0))
B17: 46186 | C17: Monty | D17: Water | G17: =IF(OR(B17="",C17="",D17=""),"",B17+ROW()/10000000) | H17: =IF(G17="","",IF(COUNTIFS('Care log'!$C$6:$C$1505,C17,'Care log'!$D$6:$D$1505,D17,'Care log'!$G$6:$G$1505,">"&G17)=0,1,0))
B18: 46187 | C18: Goldie | D18: Water | G18: =IF(OR(B18="",C18="",D18=""),"",B18+ROW()/10000000) | H18: =IF(G18="","",IF(COUNTIFS('Care log'!$C$6:$C$1505,C18,'Care log'!$D$6:$D$1505,D18,'Care log'!$G$6:$G$1505,">"&G18)=0,1,0))
B19: 46187 | C19: Lily | D19: Water | G19: =IF(OR(B19="",C19="",D19=""),"",B19+ROW()/10000000) | H19: =IF(G19="","",IF(COUNTIFS('Care log'!$C$6:$C$1505,C19,'Care log'!$D$6:$D$1505,D19,'Care log'!$G$6:$G$1505,">"&G19)=0,1,0))
B20: 46187 | C20: Lily | D20: Feed | E20: Half strength | G20: =IF(OR(B20="",C20="",D20=""),"",B20+ROW()/10000000) | H20: =IF(G20="","",IF(COUNTIFS('Care log'!$C$6:$C$1505,C20,'Care log'!$D$6:$D$1505,D20,'Care log'!$G$6:$G$1505,">"&G20)=0,1,0))
B21: 46187 | C21: Zed | D21: Water | G21: =IF(OR(B21="",C21="",D21=""),"",B21+ROW()/10000000) | H21: =IF(G21="","",IF(COUNTIFS('Care log'!$C$6:$C$1505,C21,'Care log'!$D$6:$D$1505,D21,'Care log'!$G$6:$G$1505,">"&G21)=0,1,0))
B22: 46188 | C22: Basil | D22: Water | G22: =IF(OR(B22="",C22="",D22=""),"",B22+ROW()/10000000) | H22: =IF(G22="","",IF(COUNTIFS('Care log'!$C$6:$C$1505,C22,'Care log'!$D$6:$D$1505,D22,'Care log'!$G$6:$G$1505,">"&G22)=0,1,0))
B23: 46188 | C23: Fern | D23: Water | G23: =IF(OR(B23="",C23="",D23=""),"",B23+ROW()/10000000) | H23: =IF(G23="","",IF(COUNTIFS('Care log'!$C$6:$C$1505,C23,'Care log'!$D$6:$D$1505,D23,'Care log'!$G$6:$G$1505,">"&G23)=0,1,0))
B24: 46188 | C24: Spidey | D24: Water | G24: =IF(OR(B24="",C24="",D24=""),"",B24+ROW()/10000000) | H24: =IF(G24="","",IF(COUNTIFS('Care log'!$C$6:$C$1505,C24,'Care log'!$D$6:$D$1505,D24,'Care log'!$G$6:$G$1505,">"&G24)=0,1,0))
B25: 46188 | C25: Zed | D25: Feed | G25: =IF(OR(B25="",C25="",D25=""),"",B25+ROW()/10000000) | H25: =IF(G25="","",IF(COUNTIFS('Care log'!$C$6:$C$1505,C25,'Care log'!$D$6:$D$1505,D25,'Care log'!$G$6:$G$1505,">"&G25)=0,1,0))
B26: 46189 | C26: Basil | D26: Water | G26: =IF(OR(B26="",C26="",D26=""),"",B26+ROW()/10000000) | H26: =IF(G26="","",IF(COUNTIFS('Care log'!$C$6:$C$1505,C26,'Care log'!$D$6:$D$1505,D26,'Care log'!$G$6:$G$1505,">"&G26)=0,1,0))
B27: 46189 | C27: Cleo | D27: Water | G27: =IF(OR(B27="",C27="",D27=""),"",B27+ROW()/10000000) | H27: =IF(G27="","",IF(COUNTIFS('Care log'!$C$6:$C$1505,C27,'Care log'!$D$6:$D$1505,D27,'Care log'!$G$6:$G$1505,">"&G27)=0,1,0))
B28: 46190 | C28: Basil | D28: Water | G28: =IF(OR(B28="",C28="",D28=""),"",B28+ROW()/10000000) | H28: =IF(G28="","",IF(COUNTIFS('Care log'!$C$6:$C$1505,C28,'Care log'!$D$6:$D$1505,D28,'Care log'!$G$6:$G$1505,">"&G28)=0,1,0))
B29: 46190 | C29: Sansa | D29: Water | G29: =IF(OR(B29="",C29="",D29=""),"",B29+ROW()/10000000) | H29: =IF(G29="","",IF(COUNTIFS('Care log'!$C$6:$C$1505,C29,'Care log'!$D$6:$D$1505,D29,'Care log'!$G$6:$G$1505,">"&G29)=0,1,0))
B30: 46191 | C30: Basil | D30: Water | G30: =IF(OR(B30="",C30="",D30=""),"",B30+ROW()/10000000) | H30: =IF(G30="","",IF(COUNTIFS('Care log'!$C$6:$C$1505,C30,'Care log'!$D$6:$D$1505,D30,'Care log'!$G$6:$G$1505,">"&G30)=0,1,0))
B31: 46191 | C31: Fern | D31: Water | G31: =IF(OR(B31="",C31="",D31=""),"",B31+ROW()/10000000) | H31: =IF(G31="","",IF(COUNTIFS('Care log'!$C$6:$C$1505,C31,'Care log'!$D$6:$D$1505,D31,'Care log'!$G$6:$G$1505,">"&G31)=0,1,0))
B32: 46191 | C32: Fig | D32: Feed | E32: Half strength | G32: =IF(OR(B32="",C32="",D32=""),"",B32+ROW()/10000000) | H32: =IF(G32="","",IF(COUNTIFS('Care log'!$C$6:$C$1505,C32,'Care log'!$D$6:$D$1505,D32,'Care log'!$G$6:$G$1505,">"&G32)=0,1,0))
B33: 46191 | C33: Pearl | D33: Water | G33: =IF(OR(B33="",C33="",D33=""),"",B33+ROW()/10000000) | H33: =IF(G33="","",IF(COUNTIFS('Care log'!$C$6:$C$1505,C33,'Care log'!$D$6:$D$1505,D33,'Care log'!$G$6:$G$1505,">"&G33)=0,1,0))
B34: 46192 | C34: Basil | D34: Water | G34: =IF(OR(B34="",C34="",D34=""),"",B34+ROW()/10000000) | H34: =IF(G34="","",IF(COUNTIFS('Care log'!$C$6:$C$1505,C34,'Care log'!$D$6:$D$1505,D34,'Care log'!$G$6:$G$1505,">"&G34)=0,1,0))
B35: 46192 | C35: Echo | D35: Water | G35: =IF(OR(B35="",C35="",D35=""),"",B35+ROW()/10000000) | H35: =IF(G35="","",IF(COUNTIFS('Care log'!$C$6:$C$1505,C35,'Care log'!$D$6:$D$1505,D35,'Care log'!$G$6:$G$1505,">"&G35)=0,1,0))
B36: 46192 | C36: Fig | D36: Water | G36: =IF(OR(B36="",C36="",D36=""),"",B36+ROW()/10000000) | H36: =IF(G36="","",IF(COUNTIFS('Care log'!$C$6:$C$1505,C36,'Care log'!$D$6:$D$1505,D36,'Care log'!$G$6:$G$1505,">"&G36)=0,1,0))
B37: 46192 | C37: Lily | D37: Water | G37: =IF(OR(B37="",C37="",D37=""),"",B37+ROW()/10000000) | H37: =IF(G37="","",IF(COUNTIFS('Care log'!$C$6:$C$1505,C37,'Care log'!$D$6:$D$1505,D37,'Care log'!$G$6:$G$1505,">"&G37)=0,1,0))
B38: 46192 | C38: Vera | D38: Water | G38: =IF(OR(B38="",C38="",D38=""),"",B38+ROW()/10000000) | H38: =IF(G38="","",IF(COUNTIFS('Care log'!$C$6:$C$1505,C38,'Care log'!$D$6:$D$1505,D38,'Care log'!$G$6:$G$1505,">"&G38)=0,1,0))
B39: 46193 | C39: Cleo | D39: Water | G39: =IF(OR(B39="",C39="",D39=""),"",B39+ROW()/10000000) | H39: =IF(G39="","",IF(COUNTIFS('Care log'!$C$6:$C$1505,C39,'Care log'!$D$6:$D$1505,D39,'Care log'!$G$6:$G$1505,">"&G39)=0,1,0))
B40: 46193 | C40: Cleo | D40: Feed | E40: Half strength | G40: =IF(OR(B40="",C40="",D40=""),"",B40+ROW()/10000000) | H40: =IF(G40="","",IF(COUNTIFS('Care log'!$C$6:$C$1505,C40,'Care log'!$D$6:$D$1505,D40,'Care log'!$G$6:$G$1505,">"&G40)=0,1,0))
B41: 46193 | C41: Fern | D41: Water | G41: =IF(OR(B41="",C41="",D41=""),"",B41+ROW()/10000000) | H41: =IF(G41="","",IF(COUNTIFS('Care log'!$C$6:$C$1505,C41,'Care log'!$D$6:$D$1505,D41,'Care log'!$G$6:$G$1505,">"&G41)=0,1,0))
B42: 46193 | C42: Monty | D42: Water | G42: =IF(OR(B42="",C42="",D42=""),"",B42+ROW()/10000000) | H42: =IF(G42="","",IF(COUNTIFS('Care log'!$C$6:$C$1505,C42,'Care log'!$D$6:$D$1505,D42,'Care log'!$G$6:$G$1505,">"&G42)=0,1,0))
B43: 46193 | C43: Ruby | D43: Water | G43: =IF(OR(B43="",C43="",D43=""),"",B43+ROW()/10000000) | H43: =IF(G43="","",IF(COUNTIFS('Care log'!$C$6:$C$1505,C43,'Care log'!$D$6:$D$1505,D43,'Care log'!$G$6:$G$1505,">"&G43)=0,1,0))
B44: 46193 | C44: Sansa | D44: Feed | G44: =IF(OR(B44="",C44="",D44=""),"",B44+ROW()/10000000) | H44: =IF(G44="","",IF(COUNTIFS('Care log'!$C$6:$C$1505,C44,'Care log'!$D$6:$D$1505,D44,'Care log'!$G$6:$G$1505,">"&G44)=0,1,0))
B45: 46194 | C45: Basil | D45: Feed | E45: Half strength | G45: =IF(OR(B45="",C45="",D45=""),"",B45+ROW()/10000000) | H45: =IF(G45="","",IF(COUNTIFS('Care log'!$C$6:$C$1505,C45,'Care log'!$D$6:$D$1505,D45,'Care log'!$G$6:$G$1505,">"&G45)=0,1,0))
B46: 46195 | C46: Basil | D46: Water | G46: =IF(OR(B46="",C46="",D46=""),"",B46+ROW()/10000000) | H46: =IF(G46="","",IF(COUNTIFS('Care log'!$C$6:$C$1505,C46,'Care log'!$D$6:$D$1505,D46,'Care log'!$G$6:$G$1505,">"&G46)=0,1,0))
B47: 46195 | C47: Goldie | D47: Water | G47: =IF(OR(B47="",C47="",D47=""),"",B47+ROW()/10000000) | H47: =IF(G47="","",IF(COUNTIFS('Care log'!$C$6:$C$1505,C47,'Care log'!$D$6:$D$1505,D47,'Care log'!$G$6:$G$1505,">"&G47)=0,1,0))
B48: 46195 | C48: Spidey | D48: Water | G48: =IF(OR(B48="",C48="",D48=""),"",B48+ROW()/10000000) | H48: =IF(G48="","",IF(COUNTIFS('Care log'!$C$6:$C$1505,C48,'Care log'!$D$6:$D$1505,D48,'Care log'!$G$6:$G$1505,">"&G48)=0,1,0))
B49: 46196 | C49: Fern | D49: Water | G49: =IF(OR(B49="",C49="",D49=""),"",B49+ROW()/10000000) | H49: =IF(G49="","",IF(COUNTIFS('Care log'!$C$6:$C$1505,C49,'Care log'!$D$6:$D$1505,D49,'Care log'!$G$6:$G$1505,">"&G49)=0,1,0))
B50: 46197 | C50: Basil | D50: Water | G50: =IF(OR(B50="",C50="",D50=""),"",B50+ROW()/10000000) | H50: =IF(G50="","",IF(COUNTIFS('Care log'!$C$6:$C$1505,C50,'Care log'!$D$6:$D$1505,D50,'Care log'!$G$6:$G$1505,">"&G50)=0,1,0))
B51: 46197 | C51: Cleo | D51: Water | G51: =IF(OR(B51="",C51="",D51=""),"",B51+ROW()/10000000) | H51: =IF(G51="","",IF(COUNTIFS('Care log'!$C$6:$C$1505,C51,'Care log'!$D$6:$D$1505,D51,'Care log'!$G$6:$G$1505,">"&G51)=0,1,0))
B52: 46198 | C52: Lily | D52: Water | G52: =IF(OR(B52="",C52="",D52=""),"",B52+ROW()/10000000) | H52: =IF(G52="","",IF(COUNTIFS('Care log'!$C$6:$C$1505,C52,'Care log'!$D$6:$D$1505,D52,'Care log'!$G$6:$G$1505,">"&G52)=0,1,0))
B53: 46198 | C53: Ruby | D53: Feed | E53: Half strength | G53: =IF(OR(B53="",C53="",D53=""),"",B53+ROW()/10000000) | H53: =IF(G53="","",IF(COUNTIFS('Care log'!$C$6:$C$1505,C53,'Care log'!$D$6:$D$1505,D53,'Care log'!$G$6:$G$1505,">"&G53)=0,1,0))
B54: 46199 | C54: Basil | D54: Water | G54: =IF(OR(B54="",C54="",D54=""),"",B54+ROW()/10000000) | H54: =IF(G54="","",IF(COUNTIFS('Care log'!$C$6:$C$1505,C54,'Care log'!$D$6:$D$1505,D54,'Care log'!$G$6:$G$1505,">"&G54)=0,1,0))
B55: 46199 | C55: Fern | D55: Water | G55: =IF(OR(B55="",C55="",D55=""),"",B55+ROW()/10000000) | H55: =IF(G55="","",IF(COUNTIFS('Care log'!$C$6:$C$1505,C55,'Care log'!$D$6:$D$1505,D55,'Care log'!$G$6:$G$1505,">"&G55)=0,1,0))
B56: 46200 | C56: Basil | D56: Water | G56: =IF(OR(B56="",C56="",D56=""),"",B56+ROW()/10000000) | H56: =IF(G56="","",IF(COUNTIFS('Care log'!$C$6:$C$1505,C56,'Care log'!$D$6:$D$1505,D56,'Care log'!$G$6:$G$1505,">"&G56)=0,1,0))
B57: 46200 | C57: Fig | D57: Water | G57: =IF(OR(B57="",C57="",D57=""),"",B57+ROW()/10000000) | H57: =IF(G57="","",IF(COUNTIFS('Care log'!$C$6:$C$1505,C57,'Care log'!$D$6:$D$1505,D57,'Care log'!$G$6:$G$1505,">"&G57)=0,1,0))
B58: 46200 | C58: Monty | D58: Water | G58: =IF(OR(B58="",C58="",D58=""),"",B58+ROW()/10000000) | H58: =IF(G58="","",IF(COUNTIFS('Care log'!$C$6:$C$1505,C58,'Care log'!$D$6:$D$1505,D58,'Care log'!$G$6:$G$1505,">"&G58)=0,1,0))
B59: 46200 | C59: Pearl | D59: Water | G59: =IF(OR(B59="",C59="",D59=""),"",B59+ROW()/10000000) | H59: =IF(G59="","",IF(COUNTIFS('Care log'!$C$6:$C$1505,C59,'Care log'!$D$6:$D$1505,D59,'Care log'!$G$6:$G$1505,">"&G59)=0,1,0))
B60: 46200 | C60: Spidey | D60: Water | G60: =IF(OR(B60="",C60="",D60=""),"",B60+ROW()/10000000) | H60: =IF(G60="","",IF(COUNTIFS('Care log'!$C$6:$C$1505,C60,'Care log'!$D$6:$D$1505,D60,'Care log'!$G$6:$G$1505,">"&G60)=0,1,0))
B61: 46201 | C61: Fern | D61: Water | G61: =IF(OR(B61="",C61="",D61=""),"",B61+ROW()/10000000) | H61: =IF(G61="","",IF(COUNTIFS('Care log'!$C$6:$C$1505,C61,'Care log'!$D$6:$D$1505,D61,'Care log'!$G$6:$G$1505,">"&G61)=0,1,0))
B62: 46201 | C62: Ruby | D62: Water | G62: =IF(OR(B62="",C62="",D62=""),"",B62+ROW()/10000000) | H62: =IF(G62="","",IF(COUNTIFS('Care log'!$C$6:$C$1505,C62,'Care log'!$D$6:$D$1505,D62,'Care log'!$G$6:$G$1505,">"&G62)=0,1,0))
B63: 46201 | C63: Zed | D63: Water | G63: =IF(OR(B63="",C63="",D63=""),"",B63+ROW()/10000000) | H63: =IF(G63="","",IF(COUNTIFS('Care log'!$C$6:$C$1505,C63,'Care log'!$D$6:$D$1505,D63,'Care log'!$G$6:$G$1505,">"&G63)=0,1,0))
B64: 46202 | C64: Basil | D64: Water | G64: =IF(OR(B64="",C64="",D64=""),"",B64+ROW()/10000000) | H64: =IF(G64="","",IF(COUNTIFS('Care log'!$C$6:$C$1505,C64,'Care log'!$D$6:$D$1505,D64,'Care log'!$G$6:$G$1505,">"&G64)=0,1,0))
B65: 46202 | C65: Cleo | D65: Water | G65: =IF(OR(B65="",C65="",D65=""),"",B65+ROW()/10000000) | H65: =IF(G65="","",IF(COUNTIFS('Care log'!$C$6:$C$1505,C65,'Care log'!$D$6:$D$1505,D65,'Care log'!$G$6:$G$1505,">"&G65)=0,1,0))
B66: 46202 | C66: Fern | D66: Feed | E66: Half strength | G66: =IF(OR(B66="",C66="",D66=""),"",B66+ROW()/10000000) | H66: =IF(G66="","",IF(COUNTIFS('Care log'!$C$6:$C$1505,C66,'Care log'!$D$6:$D$1505,D66,'Care log'!$G$6:$G$1505,">"&G66)=0,1,0))
B67: 46203 | C67: Goldie | D67: Water | G67: =IF(OR(B67="",C67="",D67=""),"",B67+ROW()/10000000) | H67: =IF(G67="","",IF(COUNTIFS('Care log'!$C$6:$C$1505,C67,'Care log'!$D$6:$D$1505,D67,'Care log'!$G$6:$G$1505,">"&G67)=0,1,0))
B68: 46203 | C68: Lily | D68: Water | G68: =IF(OR(B68="",C68="",D68=""),"",B68+ROW()/10000000) | H68: =IF(G68="","",IF(COUNTIFS('Care log'!$C$6:$C$1505,C68,'Care log'!$D$6:$D$1505,D68,'Care log'!$G$6:$G$1505,">"&G68)=0,1,0))
B69: 46204 | C69: Goldie | D69: Feed | E69: Half strength | G69: =IF(OR(B69="",C69="",D69=""),"",B69+ROW()/10000000) | H69: =IF(G69="","",IF(COUNTIFS('Care log'!$C$6:$C$1505,C69,'Care log'!$D$6:$D$1505,D69,'Care log'!$G$6:$G$1505,">"&G69)=0,1,0))
B70: 46204 | C70: Sansa | D70: Water | G70: =IF(OR(B70="",C70="",D70=""),"",B70+ROW()/10000000) | H70: =IF(G70="","",IF(COUNTIFS('Care log'!$C$6:$C$1505,C70,'Care log'!$D$6:$D$1505,D70,'Care log'!$G$6:$G$1505,">"&G70)=0,1,0))
B71: 46205 | C71: Basil | D71: Water | G71: =IF(OR(B71="",C71="",D71=""),"",B71+ROW()/10000000) | H71: =IF(G71="","",IF(COUNTIFS('Care log'!$C$6:$C$1505,C71,'Care log'!$D$6:$D$1505,D71,'Care log'!$G$6:$G$1505,">"&G71)=0,1,0))
B72: 46205 | C72: Echo | D72: Water | G72: =IF(OR(B72="",C72="",D72=""),"",B72+ROW()/10000000) | H72: =IF(G72="","",IF(COUNTIFS('Care log'!$C$6:$C$1505,C72,'Care log'!$D$6:$D$1505,D72,'Care log'!$G$6:$G$1505,">"&G72)=0,1,0))
B73: 46205 | C73: Fern | D73: Water | G73: =IF(OR(B73="",C73="",D73=""),"",B73+ROW()/10000000) | H73: =IF(G73="","",IF(COUNTIFS('Care log'!$C$6:$C$1505,C73,'Care log'!$D$6:$D$1505,D73,'Care log'!$G$6:$G$1505,">"&G73)=0,1,0))
B74: 46206 | C74: Vera | D74: Water | G74: =IF(OR(B74="",C74="",D74=""),"",B74+ROW()/10000000) | H74: =IF(G74="","",IF(COUNTIFS('Care log'!$C$6:$C$1505,C74,'Care log'!$D$6:$D$1505,D74,'Care log'!$G$6:$G$1505,">"&G74)=0,1,0))
B75: 46207 | C75: Cleo | D75: Water | G75: =IF(OR(B75="",C75="",D75=""),"",B75+ROW()/10000000) | H75: =IF(G75="","",IF(COUNTIFS('Care log'!$C$6:$C$1505,C75,'Care log'!$D$6:$D$1505,D75,'Care log'!$G$6:$G$1505,">"&G75)=0,1,0))
B76: 46207 | C76: Fig | D76: Water | G76: =IF(OR(B76="",C76="",D76=""),"",B76+ROW()/10000000) | H76: =IF(G76="","",IF(COUNTIFS('Care log'!$C$6:$C$1505,C76,'Care log'!$D$6:$D$1505,D76,'Care log'!$G$6:$G$1505,">"&G76)=0,1,0))
B77: 46207 | C77: Lily | D77: Water | G77: =IF(OR(B77="",C77="",D77=""),"",B77+ROW()/10000000) | H77: =IF(G77="","",IF(COUNTIFS('Care log'!$C$6:$C$1505,C77,'Care log'!$D$6:$D$1505,D77,'Care log'!$G$6:$G$1505,">"&G77)=0,1,0))
B78: 46207 | C78: Monty | D78: Water | G78: =IF(OR(B78="",C78="",D78=""),"",B78+ROW()/10000000) | H78: =IF(G78="","",IF(COUNTIFS('Care log'!$C$6:$C$1505,C78,'Care log'!$D$6:$D$1505,D78,'Care log'!$G$6:$G$1505,">"&G78)=0,1,0))
B79: 46207 | C79: Spidey | D79: Water | G79: =IF(OR(B79="",C79="",D79=""),"",B79+ROW()/10000000) | H79: =IF(G79="","",IF(COUNTIFS('Care log'!$C$6:$C$1505,C79,'Care log'!$D$6:$D$1505,D79,'Care log'!$G$6:$G$1505,">"&G79)=0,1,0))
B80: 46208 | C80: Basil | D80: Water | G80: =IF(OR(B80="",C80="",D80=""),"",B80+ROW()/10000000) | H80: =IF(G80="","",IF(COUNTIFS('Care log'!$C$6:$C$1505,C80,'Care log'!$D$6:$D$1505,D80,'Care log'!$G$6:$G$1505,">"&G80)=0,1,0))
B81: 46208 | C81: Basil | D81: Feed | E81: Half strength | G81: =IF(OR(B81="",C81="",D81=""),"",B81+ROW()/10000000) | H81: =IF(G81="","",IF(COUNTIFS('Care log'!$C$6:$C$1505,C81,'Care log'!$D$6:$D$1505,D81,'Care log'!$G$6:$G$1505,">"&G81)=0,1,0))
B82: 46208 | C82: Fern | D82: Water | G82: =IF(OR(B82="",C82="",D82=""),"",B82+ROW()/10000000) | H82: =IF(G82="","",IF(COUNTIFS('Care log'!$C$6:$C$1505,C82,'Care log'!$D$6:$D$1505,D82,'Care log'!$G$6:$G$1505,">"&G82)=0,1,0))
B83: 46208 | C83: Pearl | D83: Feed | E83: Half strength | G83: =IF(OR(B83="",C83="",D83=""),"",B83+ROW()/10000000) | H83: =IF(G83="","",IF(COUNTIFS('Care log'!$C$6:$C$1505,C83,'Care log'!$D$6:$D$1505,D83,'Care log'!$G$6:$G$1505,">"&G83)=0,1,0))
B84: 46209 | C84: Pearl | D84: Water | G84: =IF(OR(B84="",C84="",D84=""),"",B84+ROW()/10000000) | H84: =IF(G84="","",IF(COUNTIFS('Care log'!$C$6:$C$1505,C84,'Care log'!$D$6:$D$1505,D84,'Care log'!$G$6:$G$1505,">"&G84)=0,1,0))
B85: 46210 | C85: Basil | D85: Water | G85: =IF(OR(B85="",C85="",D85=""),"",B85+ROW()/10000000) | H85: =IF(G85="","",IF(COUNTIFS('Care log'!$C$6:$C$1505,C85,'Care log'!$D$6:$D$1505,D85,'Care log'!$G$6:$G$1505,">"&G85)=0,1,0))
B86: 46210 | C86: Fern | D86: Water | G86: =IF(OR(B86="",C86="",D86=""),"",B86+ROW()/10000000) | H86: =IF(G86="","",IF(COUNTIFS('Care log'!$C$6:$C$1505,C86,'Care log'!$D$6:$D$1505,D86,'Care log'!$G$6:$G$1505,">"&G86)=0,1,0))
B87: 46210 | C87: Ruby | D87: Water | G87: =IF(OR(B87="",C87="",D87=""),"",B87+ROW()/10000000) | H87: =IF(G87="","",IF(COUNTIFS('Care log'!$C$6:$C$1505,C87,'Care log'!$D$6:$D$1505,D87,'Care log'!$G$6:$G$1505,">"&G87)=0,1,0))
B88: 46211 | C88: Goldie | D88: Water | G88: =IF(OR(B88="",C88="",D88=""),"",B88+ROW()/10000000) | H88: =IF(G88="","",IF(COUNTIFS('Care log'!$C$6:$C$1505,C88,'Care log'!$D$6:$D$1505,D88,'Care log'!$G$6:$G$1505,">"&G88)=0,1,0))
B89: 46211 | C89: Spidey | D89: Feed | E89: Half strength | G89: =IF(OR(B89="",C89="",D89=""),"",B89+ROW()/10000000) | H89: =IF(G89="","",IF(COUNTIFS('Care log'!$C$6:$C$1505,C89,'Care log'!$D$6:$D$1505,D89,'Care log'!$G$6:$G$1505,">"&G89)=0,1,0))
B90: 46212 | C90: Basil | D90: Water | G90: =IF(OR(B90="",C90="",D90=""),"",B90+ROW()/10000000) | H90: =IF(G90="","",IF(COUNTIFS('Care log'!$C$6:$C$1505,C90,'Care log'!$D$6:$D$1505,D90,'Care log'!$G$6:$G$1505,">"&G90)=0,1,0))
B91: 46212 | C91: Cleo | D91: Water | G91: =IF(OR(B91="",C91="",D91=""),"",B91+ROW()/10000000) | H91: =IF(G91="","",IF(COUNTIFS('Care log'!$C$6:$C$1505,C91,'Care log'!$D$6:$D$1505,D91,'Care log'!$G$6:$G$1505,">"&G91)=0,1,0))
B92: 46212 | C92: Fern | D92: Water | G92: =IF(OR(B92="",C92="",D92=""),"",B92+ROW()/10000000) | H92: =IF(G92="","",IF(COUNTIFS('Care log'!$C$6:$C$1505,C92,'Care log'!$D$6:$D$1505,D92,'Care log'!$G$6:$G$1505,">"&G92)=0,1,0))
B93: 46212 | C93: Lily | D93: Water | G93: =IF(OR(B93="",C93="",D93=""),"",B93+ROW()/10000000) | H93: =IF(G93="","",IF(COUNTIFS('Care log'!$C$6:$C$1505,C93,'Care log'!$D$6:$D$1505,D93,'Care log'!$G$6:$G$1505,">"&G93)=0,1,0))
B94: 46213 | C94: Monty | D94: Water | G94: =IF(OR(B94="",C94="",D94=""),"",B94+ROW()/10000000) | H94: =IF(G94="","",IF(COUNTIFS('Care log'!$C$6:$C$1505,C94,'Care log'!$D$6:$D$1505,D94,'Care log'!$G$6:$G$1505,">"&G94)=0,1,0))
B95: 46213 | C95: Monty | D95: Feed | E95: Half strength | G95: =IF(OR(B95="",C95="",D95=""),"",B95+ROW()/10000000) | H95: =IF(G95="","",IF(COUNTIFS('Care log'!$C$6:$C$1505,C95,'Care log'!$D$6:$D$1505,D95,'Care log'!$G$6:$G$1505,">"&G95)=0,1,0))
B96: 46213 | C96: Spidey | D96: Water | G96: =IF(OR(B96="",C96="",D96=""),"",B96+ROW()/10000000) | H96: =IF(G96="","",IF(COUNTIFS('Care log'!$C$6:$C$1505,C96,'Care log'!$D$6:$D$1505,D96,'Care log'!$G$6:$G$1505,">"&G96)=0,1,0))
B97: 46214 | C97: Basil | D97: Water | G97: =IF(OR(B97="",C97="",D97=""),"",B97+ROW()/10000000) | H97: =IF(G97="","",IF(COUNTIFS('Care log'!$C$6:$C$1505,C97,'Care log'!$D$6:$D$1505,D97,'Care log'!$G$6:$G$1505,">"&G97)=0,1,0))
B98: 46215 | C98: Fern | D98: Water | G98: =IF(OR(B98="",C98="",D98=""),"",B98+ROW()/10000000) | H98: =IF(G98="","",IF(COUNTIFS('Care log'!$C$6:$C$1505,C98,'Care log'!$D$6:$D$1505,D98,'Care log'!$G$6:$G$1505,">"&G98)=0,1,0))
B99: 46215 | C99: Fig | D99: Water | G99: =IF(OR(B99="",C99="",D99=""),"",B99+ROW()/10000000) | H99: =IF(G99="","",IF(COUNTIFS('Care log'!$C$6:$C$1505,C99,'Care log'!$D$6:$D$1505,D99,'Care log'!$G$6:$G$1505,">"&G99)=0,1,0))
B100: 46215 | C100: Zed | D100: Water | G100: =IF(OR(B100="",C100="",D100=""),"",B100+ROW()/10000000) | H100: =IF(G100="","",IF(COUNTIFS('Care log'!$C$6:$C$1505,C100,'Care log'!$D$6:$D$1505,D100,'Care log'!$G$6:$G$1505,">"&G100)=0,1,0))
B101: 46216 | C101: Basil | D101: Water | G101: =IF(OR(B101="",C101="",D101=""),"",B101+ROW()/10000000) | H101: =IF(G101="","",IF(COUNTIFS('Care log'!$C$6:$C$1505,C101,'Care log'!$D$6:$D$1505,D101,'Care log'!$G$6:$G$1505,">"&G101)=0,1,0))
B102: 46216 | C102: Echo | D102: Water | G102: =IF(OR(B102="",C102="",D102=""),"",B102+ROW()/10000000) | H102: =IF(G102="","",IF(COUNTIFS('Care log'!$C$6:$C$1505,C102,'Care log'!$D$6:$D$1505,D102,'Care log'!$G$6:$G$1505,">"&G102)=0,1,0))
...

Sheet Settings
B2: Settings
B3: The months your plants grow. Outside them they rest: less water and no feeding.
B4: Growing season from | C4: March | E4: North of the equator, most houseplants grow from March to September.
B5: to the end of | C5: September | E5: South of it, pick September to March: the season can run over the new year.
E6: Watering follows the season of today, and feeds stop while plants rest.
B7: Today it is | C7: =IF(MATCH($C$4,{"January","February","March","April","May","June","July","August","September","October","November","December"},0)<=MATCH($C$5,{"January","February","March","April","May","June","July","August","September","October","November","December"},0),IF(AND(MONTH(TODAY())>=MATCH($C$4,{"January","February","March","April","May","June","July","August","September","October","November","December"},0),MONTH(TODAY())<=MATCH($C$5,{"January","February","March","April","May","June","July","August","September","October","November","December"},0)),1,0),IF(OR(MONTH(TODAY())>=MATCH($C$4,{"January","February","March","April","May","June","July","August","September","October","November","December"},0),MONTH(TODAY())<=MATCH($C$5,{"January","February","March","April","May","June","July","August","September","October","November","December"},0)),1,0))

Sheet Start Here
B2: Start here
B3: Type only in the yellow cells. Everything else is calculated.
B5: 1 | C5: Settings: the months your plants grow. North of the equator that is often March to September.
B7: 2 | C7: Plants: each plant once, with how many days between waterings in the growing and resting seasons.
B9: 3 | C9: Care log: one line each time you water, feed, mist or repot. Pick the plant from the list.
B11: 4 | C11: Today: what to water now, what is late, the feeds of the week and the repots coming up.
B13: 5 | C13: This week: the next seven days in a grid, for each plant.
C16: The days between waterings are a starting point. Check the soil and change them to suit your home.
C18: The example plants and their nicknames are made up. Delete them and add your own.
C20: Works in Google Sheets and Microsoft Excel.
