Workbook

Sheet Dashboard
B2: Wedding dashboard
B3: Set the date below. Everything else fills itself in.
B4: Wedding date | C4: 46503
B6: Total budget | C6: Committed | D6: Paid so far | E6: Still to pay | F6: Unallocated | H6: Days to go
B7: =Budget!$C$4 | C7: =SUM(Vendors!$D$6:$D$105) | D7: =SUM(Vendors!$E$6:$E$105) | E7: =SUM(Vendors!$G$6:$G$105) | F7: =B7-C7 | H7: =IF($C$4="","",MAX(0,$C$4-TODAY()))
B9: Guests | C9: Invited | D9: Yes | E9: Pending | F9: No | H9: Heads-up
B10: People (incl. plus ones) | C10: =COUNTIFS(Guests!$B$6:$B$305,"<>")+COUNTIFS(Guests!$B$6:$B$305,"<>",Guests!$E$6:$E$305,"Yes") | D10: =COUNTIFS(Guests!$D$6:$D$305,"Yes")+COUNTIFS(Guests!$D$6:$D$305,"Yes",Guests!$E$6:$E$305,"Yes") | E10: =COUNTIFS(Guests!$D$6:$D$305,"Pending")+COUNTIFS(Guests!$D$6:$D$305,"Pending",Guests!$E$6:$E$305,"Yes") | F10: =COUNTIFS(Guests!$D$6:$D$305,"No")+COUNTIFS(Guests!$D$6:$D$305,"No",Guests!$E$6:$E$305,"Yes") | H10: =IF(COUNTIFS(Vendors!$H$6:$H$105,"Overdue*")=0,"No overdue payments",IF(COUNTIFS(Vendors!$H$6:$H$105,"Overdue*")=1,"1 payment is overdue",COUNTIFS(Vendors!$H$6:$H$105,"Overdue*")&" payments are overdue"))
B11: Meals (guests who said yes) | C11: ="Meat: "&COUNTIFS(Guests!$D$6:$D$305,"Yes",Guests!$F$6:$F$305,"Meat") | D11: ="Fish: "&COUNTIFS(Guests!$D$6:$D$305,"Yes",Guests!$F$6:$F$305,"Fish") | E11: ="Veggie: "&COUNTIFS(Guests!$D$6:$D$305,"Yes",Guests!$F$6:$F$305,"Veggie") | F11: ="Kids: "&COUNTIFS(Guests!$D$6:$D$305,"Yes",Guests!$F$6:$F$305,"Kids") | H11: =IF((COUNTIFS(Vendors!$H$6:$H$105,"Due in*")+COUNTIFS(Vendors!$H$6:$H$105,"Due today"))=0,"Nothing due in the next 14 days",IF((COUNTIFS(Vendors!$H$6:$H$105,"Due in*")+COUNTIFS(Vendors!$H$6:$H$105,"Due today"))=1,"1 payment",(COUNTIFS(Vendors!$H$6:$H$105,"Due in*")+COUNTIFS(Vendors!$H$6:$H$105,"Due today"))&" payments")&" due in the next 14 days: "&FIXED((SUMIFS(Vendors!$G$6:$G$105,Vendors!$H$6:$H$105,"Due in*")+SUMIFS(Vendors!$G$6:$G$105,Vendors!$H$6:$H$105,"Due today")),2))
H12: =IF(COUNTIFS(Guests!$D$6:$D$305,"Pending")=0,"Every guest has answered",IF(COUNTIFS(Guests!$D$6:$D$305,"Pending")=1,"1 guest has not answered yet",COUNTIFS(Guests!$D$6:$D$305,"Pending")&" guests have not answered yet"))
H13: =IF(C7>B7,"Over budget by "&FIXED(C7-B7,2),"Within budget")
B14: Category | C14: Planned | D14: Committed | E14: Used
B15: =Budget!B6 | C15: =Budget!D6 | D15: =Budget!E6 | E15: =IF(C15=0,"",REPT("█",MIN(15,MAX(0,ROUND((D15/C15)*15,0))))&REPT("░",15-MIN(15,MAX(0,ROUND((D15/C15)*15,0))))&" "&TEXT(D15/C15,"0%"))
B16: =Budget!B7 | C16: =Budget!D7 | D16: =Budget!E7 | E16: =IF(C16=0,"",REPT("█",MIN(15,MAX(0,ROUND((D16/C16)*15,0))))&REPT("░",15-MIN(15,MAX(0,ROUND((D16/C16)*15,0))))&" "&TEXT(D16/C16,"0%"))
B17: =Budget!B8 | C17: =Budget!D8 | D17: =Budget!E8 | E17: =IF(C17=0,"",REPT("█",MIN(15,MAX(0,ROUND((D17/C17)*15,0))))&REPT("░",15-MIN(15,MAX(0,ROUND((D17/C17)*15,0))))&" "&TEXT(D17/C17,"0%"))
B18: =Budget!B9 | C18: =Budget!D9 | D18: =Budget!E9 | E18: =IF(C18=0,"",REPT("█",MIN(15,MAX(0,ROUND((D18/C18)*15,0))))&REPT("░",15-MIN(15,MAX(0,ROUND((D18/C18)*15,0))))&" "&TEXT(D18/C18,"0%"))
B19: =Budget!B10 | C19: =Budget!D10 | D19: =Budget!E10 | E19: =IF(C19=0,"",REPT("█",MIN(15,MAX(0,ROUND((D19/C19)*15,0))))&REPT("░",15-MIN(15,MAX(0,ROUND((D19/C19)*15,0))))&" "&TEXT(D19/C19,"0%"))
B20: =Budget!B11 | C20: =Budget!D11 | D20: =Budget!E11 | E20: =IF(C20=0,"",REPT("█",MIN(15,MAX(0,ROUND((D20/C20)*15,0))))&REPT("░",15-MIN(15,MAX(0,ROUND((D20/C20)*15,0))))&" "&TEXT(D20/C20,"0%"))
B21: =Budget!B12 | C21: =Budget!D12 | D21: =Budget!E12 | E21: =IF(C21=0,"",REPT("█",MIN(15,MAX(0,ROUND((D21/C21)*15,0))))&REPT("░",15-MIN(15,MAX(0,ROUND((D21/C21)*15,0))))&" "&TEXT(D21/C21,"0%"))
B22: =Budget!B13 | C22: =Budget!D13 | D22: =Budget!E13 | E22: =IF(C22=0,"",REPT("█",MIN(15,MAX(0,ROUND((D22/C22)*15,0))))&REPT("░",15-MIN(15,MAX(0,ROUND((D22/C22)*15,0))))&" "&TEXT(D22/C22,"0%"))
B23: =Budget!B14 | C23: =Budget!D14 | D23: =Budget!E14 | E23: =IF(C23=0,"",REPT("█",MIN(15,MAX(0,ROUND((D23/C23)*15,0))))&REPT("░",15-MIN(15,MAX(0,ROUND((D23/C23)*15,0))))&" "&TEXT(D23/C23,"0%"))
B24: =Budget!B15 | C24: =Budget!D15 | D24: =Budget!E15 | E24: =IF(C24=0,"",REPT("█",MIN(15,MAX(0,ROUND((D24/C24)*15,0))))&REPT("░",15-MIN(15,MAX(0,ROUND((D24/C24)*15,0))))&" "&TEXT(D24/C24,"0%"))
B25: =Budget!B16 | C25: =Budget!D16 | D25: =Budget!E16 | E25: =IF(C25=0,"",REPT("█",MIN(15,MAX(0,ROUND((D25/C25)*15,0))))&REPT("░",15-MIN(15,MAX(0,ROUND((D25/C25)*15,0))))&" "&TEXT(D25/C25,"0%"))

Sheet Budget
B2: Budget
B3: Total budget and how it is split. Percentages are a common starting point: change them.
B4: Total budget | C4: 25000
B5: Category | C5: Share % | D5: Planned | E5: Committed | F5: Paid | G5: Left to pay
B6: Venue | C6: 26 | D6: =$C$4*C6/100 | E6: =SUMIFS(Vendors!$D$6:$D$105,Vendors!$C$6:$C$105,B6) | F6: =SUMIFS(Vendors!$E$6:$E$105,Vendors!$C$6:$C$105,B6) | G6: =E6-F6 | H6: =IF(D6=0,"",REPT("█",MIN(15,MAX(0,ROUND((E6/D6)*15,0))))&REPT("░",15-MIN(15,MAX(0,ROUND((E6/D6)*15,0))))&" "&TEXT(E6/D6,"0%"))
B7: Catering | C7: 24 | D7: =$C$4*C7/100 | E7: =SUMIFS(Vendors!$D$6:$D$105,Vendors!$C$6:$C$105,B7) | F7: =SUMIFS(Vendors!$E$6:$E$105,Vendors!$C$6:$C$105,B7) | G7: =E7-F7 | H7: =IF(D7=0,"",REPT("█",MIN(15,MAX(0,ROUND((E7/D7)*15,0))))&REPT("░",15-MIN(15,MAX(0,ROUND((E7/D7)*15,0))))&" "&TEXT(E7/D7,"0%"))
B8: Photo & video | C8: 11 | D8: =$C$4*C8/100 | E8: =SUMIFS(Vendors!$D$6:$D$105,Vendors!$C$6:$C$105,B8) | F8: =SUMIFS(Vendors!$E$6:$E$105,Vendors!$C$6:$C$105,B8) | G8: =E8-F8 | H8: =IF(D8=0,"",REPT("█",MIN(15,MAX(0,ROUND((E8/D8)*15,0))))&REPT("░",15-MIN(15,MAX(0,ROUND((E8/D8)*15,0))))&" "&TEXT(E8/D8,"0%"))
B9: Attire & beauty | C9: 8 | D9: =$C$4*C9/100 | E9: =SUMIFS(Vendors!$D$6:$D$105,Vendors!$C$6:$C$105,B9) | F9: =SUMIFS(Vendors!$E$6:$E$105,Vendors!$C$6:$C$105,B9) | G9: =E9-F9 | H9: =IF(D9=0,"",REPT("█",MIN(15,MAX(0,ROUND((E9/D9)*15,0))))&REPT("░",15-MIN(15,MAX(0,ROUND((E9/D9)*15,0))))&" "&TEXT(E9/D9,"0%"))
B10: Flowers & decor | C10: 8 | D10: =$C$4*C10/100 | E10: =SUMIFS(Vendors!$D$6:$D$105,Vendors!$C$6:$C$105,B10) | F10: =SUMIFS(Vendors!$E$6:$E$105,Vendors!$C$6:$C$105,B10) | G10: =E10-F10 | H10: =IF(D10=0,"",REPT("█",MIN(15,MAX(0,ROUND((E10/D10)*15,0))))&REPT("░",15-MIN(15,MAX(0,ROUND((E10/D10)*15,0))))&" "&TEXT(E10/D10,"0%"))
B11: Music & entertainment | C11: 6 | D11: =$C$4*C11/100 | E11: =SUMIFS(Vendors!$D$6:$D$105,Vendors!$C$6:$C$105,B11) | F11: =SUMIFS(Vendors!$E$6:$E$105,Vendors!$C$6:$C$105,B11) | G11: =E11-F11 | H11: =IF(D11=0,"",REPT("█",MIN(15,MAX(0,ROUND((E11/D11)*15,0))))&REPT("░",15-MIN(15,MAX(0,ROUND((E11/D11)*15,0))))&" "&TEXT(E11/D11,"0%"))
B12: Rings | C12: 5 | D12: =$C$4*C12/100 | E12: =SUMIFS(Vendors!$D$6:$D$105,Vendors!$C$6:$C$105,B12) | F12: =SUMIFS(Vendors!$E$6:$E$105,Vendors!$C$6:$C$105,B12) | G12: =E12-F12 | H12: =IF(D12=0,"",REPT("█",MIN(15,MAX(0,ROUND((E12/D12)*15,0))))&REPT("░",15-MIN(15,MAX(0,ROUND((E12/D12)*15,0))))&" "&TEXT(E12/D12,"0%"))
B13: Stationery | C13: 2 | D13: =$C$4*C13/100 | E13: =SUMIFS(Vendors!$D$6:$D$105,Vendors!$C$6:$C$105,B13) | F13: =SUMIFS(Vendors!$E$6:$E$105,Vendors!$C$6:$C$105,B13) | G13: =E13-F13 | H13: =IF(D13=0,"",REPT("█",MIN(15,MAX(0,ROUND((E13/D13)*15,0))))&REPT("░",15-MIN(15,MAX(0,ROUND((E13/D13)*15,0))))&" "&TEXT(E13/D13,"0%"))
B14: Transport | C14: 2 | D14: =$C$4*C14/100 | E14: =SUMIFS(Vendors!$D$6:$D$105,Vendors!$C$6:$C$105,B14) | F14: =SUMIFS(Vendors!$E$6:$E$105,Vendors!$C$6:$C$105,B14) | G14: =E14-F14 | H14: =IF(D14=0,"",REPT("█",MIN(15,MAX(0,ROUND((E14/D14)*15,0))))&REPT("░",15-MIN(15,MAX(0,ROUND((E14/D14)*15,0))))&" "&TEXT(E14/D14,"0%"))
B15: Favors & gifts | C15: 2 | D15: =$C$4*C15/100 | E15: =SUMIFS(Vendors!$D$6:$D$105,Vendors!$C$6:$C$105,B15) | F15: =SUMIFS(Vendors!$E$6:$E$105,Vendors!$C$6:$C$105,B15) | G15: =E15-F15 | H15: =IF(D15=0,"",REPT("█",MIN(15,MAX(0,ROUND((E15/D15)*15,0))))&REPT("░",15-MIN(15,MAX(0,ROUND((E15/D15)*15,0))))&" "&TEXT(E15/D15,"0%"))
B16: Other & buffer | C16: 6 | D16: =$C$4*C16/100 | E16: =SUMIFS(Vendors!$D$6:$D$105,Vendors!$C$6:$C$105,B16) | F16: =SUMIFS(Vendors!$E$6:$E$105,Vendors!$C$6:$C$105,B16) | G16: =E16-F16 | H16: =IF(D16=0,"",REPT("█",MIN(15,MAX(0,ROUND((E16/D16)*15,0))))&REPT("░",15-MIN(15,MAX(0,ROUND((E16/D16)*15,0))))&" "&TEXT(E16/D16,"0%"))
B17: Total | C17: =SUM(C6:C16) | D17: =SUM(D6:D16) | E17: =SUM(E6:E16) | F17: =SUM(F6:F16) | G17: =SUM(G6:G16)
B18: Shares should add up to 100 (the total turns red if not). Committed turns red above plan.

Sheet Vendors
B2: Vendors & payments
B3: One line per vendor: what they quoted, what you paid, when the rest is due.
B5: Vendor | C5: Category | D5: Quoted | E5: Paid so far | F5: Next payment due | G5: Left | H5: Status
B6: Château venue | C6: Venue | D6: 6200 | E6: 2000 | F6: 46305 | G6: =IF(B6="","",D6-E6) | H6: =IF(B6="","",IF(G6<=0,"Paid in full",IF(F6="","Balance due, no date set",IF(F6<TODAY(),"Overdue by "&TODAY()-F6&IF(TODAY()-F6=1," day"," days"),IF(F6=TODAY(),"Due today",IF(F6-TODAY()<=14,"Due in "&F6-TODAY()&IF(F6-TODAY()=1," day"," days"),"Next payment in "&F6-TODAY()&" days"))))))
B7: Chef & Co | C7: Catering | D7: 5900 | E7: 1500 | F7: 46338 | G7: =IF(B7="","",D7-E7) | H7: =IF(B7="","",IF(G7<=0,"Paid in full",IF(F7="","Balance due, no date set",IF(F7<TODAY(),"Overdue by "&TODAY()-F7&IF(TODAY()-F7=1," day"," days"),IF(F7=TODAY(),"Due today",IF(F7-TODAY()<=14,"Due in "&F7-TODAY()&IF(F7-TODAY()=1," day"," days"),"Next payment in "&F7-TODAY()&" days"))))))
B8: Lens & Light | C8: Photo & video | D8: 2600 | E8: 800 | F8: 46295 | G8: =IF(B8="","",D8-E8) | H8: =IF(B8="","",IF(G8<=0,"Paid in full",IF(F8="","Balance due, no date set",IF(F8<TODAY(),"Overdue by "&TODAY()-F8&IF(TODAY()-F8=1," day"," days"),IF(F8=TODAY(),"Due today",IF(F8-TODAY()<=14,"Due in "&F8-TODAY()&IF(F8-TODAY()=1," day"," days"),"Next payment in "&F8-TODAY()&" days"))))))
B9: Atelier Rose | C9: Attire & beauty | D9: 1800 | E9: 1800 | G9: =IF(B9="","",D9-E9) | H9: =IF(B9="","",IF(G9<=0,"Paid in full",IF(F9="","Balance due, no date set",IF(F9<TODAY(),"Overdue by "&TODAY()-F9&IF(TODAY()-F9=1," day"," days"),IF(F9=TODAY(),"Due today",IF(F9-TODAY()<=14,"Due in "&F9-TODAY()&IF(F9-TODAY()=1," day"," days"),"Next payment in "&F9-TODAY()&" days"))))))
B10: Bloom Studio | C10: Flowers & decor | D10: 1700 | E10: 300 | F10: 46290 | G10: =IF(B10="","",D10-E10) | H10: =IF(B10="","",IF(G10<=0,"Paid in full",IF(F10="","Balance due, no date set",IF(F10<TODAY(),"Overdue by "&TODAY()-F10&IF(TODAY()-F10=1," day"," days"),IF(F10=TODAY(),"Due today",IF(F10-TODAY()<=14,"Due in "&F10-TODAY()&IF(F10-TODAY()=1," day"," days"),"Next payment in "&F10-TODAY()&" days"))))))
B11: DJ Nova | C11: Music & entertainment | D11: 1100 | E11: 300 | F11: 46373 | G11: =IF(B11="","",D11-E11) | H11: =IF(B11="","",IF(G11<=0,"Paid in full",IF(F11="","Balance due, no date set",IF(F11<TODAY(),"Overdue by "&TODAY()-F11&IF(TODAY()-F11=1," day"," days"),IF(F11=TODAY(),"Due today",IF(F11-TODAY()<=14,"Due in "&F11-TODAY()&IF(F11-TODAY()=1," day"," days"),"Next payment in "&F11-TODAY()&" days"))))))
B12: Maison Or | C12: Rings | D12: 1300 | E12: 1300 | G12: =IF(B12="","",D12-E12) | H12: =IF(B12="","",IF(G12<=0,"Paid in full",IF(F12="","Balance due, no date set",IF(F12<TODAY(),"Overdue by "&TODAY()-F12&IF(TODAY()-F12=1," day"," days"),IF(F12=TODAY(),"Due today",IF(F12-TODAY()<=14,"Due in "&F12-TODAY()&IF(F12-TODAY()=1," day"," days"),"Next payment in "&F12-TODAY()&" days"))))))
B13: Paper & Ink | C13: Stationery | D13: 420 | E13: 200 | F13: 46313 | G13: =IF(B13="","",D13-E13) | H13: =IF(B13="","",IF(G13<=0,"Paid in full",IF(F13="","Balance due, no date set",IF(F13<TODAY(),"Overdue by "&TODAY()-F13&IF(TODAY()-F13=1," day"," days"),IF(F13=TODAY(),"Due today",IF(F13-TODAY()<=14,"Due in "&F13-TODAY()&IF(F13-TODAY()=1," day"," days"),"Next payment in "&F13-TODAY()&" days"))))))
G14: =IF(B14="","",D14-E14) | H14: =IF(B14="","",IF(G14<=0,"Paid in full",IF(F14="","Balance due, no date set",IF(F14<TODAY(),"Overdue by "&TODAY()-F14&IF(TODAY()-F14=1," day"," days"),IF(F14=TODAY(),"Due today",IF(F14-TODAY()<=14,"Due in "&F14-TODAY()&IF(F14-TODAY()=1," day"," days"),"Next payment in "&F14-TODAY()&" days"))))))
G15: =IF(B15="","",D15-E15) | H15: =IF(B15="","",IF(G15<=0,"Paid in full",IF(F15="","Balance due, no date set",IF(F15<TODAY(),"Overdue by "&TODAY()-F15&IF(TODAY()-F15=1," day"," days"),IF(F15=TODAY(),"Due today",IF(F15-TODAY()<=14,"Due in "&F15-TODAY()&IF(F15-TODAY()=1," day"," days"),"Next payment in "&F15-TODAY()&" days"))))))
G16: =IF(B16="","",D16-E16) | H16: =IF(B16="","",IF(G16<=0,"Paid in full",IF(F16="","Balance due, no date set",IF(F16<TODAY(),"Overdue by "&TODAY()-F16&IF(TODAY()-F16=1," day"," days"),IF(F16=TODAY(),"Due today",IF(F16-TODAY()<=14,"Due in "&F16-TODAY()&IF(F16-TODAY()=1," day"," days"),"Next payment in "&F16-TODAY()&" days"))))))
G17: =IF(B17="","",D17-E17) | H17: =IF(B17="","",IF(G17<=0,"Paid in full",IF(F17="","Balance due, no date set",IF(F17<TODAY(),"Overdue by "&TODAY()-F17&IF(TODAY()-F17=1," day"," days"),IF(F17=TODAY(),"Due today",IF(F17-TODAY()<=14,"Due in "&F17-TODAY()&IF(F17-TODAY()=1," day"," days"),"Next payment in "&F17-TODAY()&" days"))))))
G18: =IF(B18="","",D18-E18) | H18: =IF(B18="","",IF(G18<=0,"Paid in full",IF(F18="","Balance due, no date set",IF(F18<TODAY(),"Overdue by "&TODAY()-F18&IF(TODAY()-F18=1," day"," days"),IF(F18=TODAY(),"Due today",IF(F18-TODAY()<=14,"Due in "&F18-TODAY()&IF(F18-TODAY()=1," day"," days"),"Next payment in "&F18-TODAY()&" days"))))))
G19: =IF(B19="","",D19-E19) | H19: =IF(B19="","",IF(G19<=0,"Paid in full",IF(F19="","Balance due, no date set",IF(F19<TODAY(),"Overdue by "&TODAY()-F19&IF(TODAY()-F19=1," day"," days"),IF(F19=TODAY(),"Due today",IF(F19-TODAY()<=14,"Due in "&F19-TODAY()&IF(F19-TODAY()=1," day"," days"),"Next payment in "&F19-TODAY()&" days"))))))
G20: =IF(B20="","",D20-E20) | H20: =IF(B20="","",IF(G20<=0,"Paid in full",IF(F20="","Balance due, no date set",IF(F20<TODAY(),"Overdue by "&TODAY()-F20&IF(TODAY()-F20=1," day"," days"),IF(F20=TODAY(),"Due today",IF(F20-TODAY()<=14,"Due in "&F20-TODAY()&IF(F20-TODAY()=1," day"," days"),"Next payment in "&F20-TODAY()&" days"))))))
G21: =IF(B21="","",D21-E21) | H21: =IF(B21="","",IF(G21<=0,"Paid in full",IF(F21="","Balance due, no date set",IF(F21<TODAY(),"Overdue by "&TODAY()-F21&IF(TODAY()-F21=1," day"," days"),IF(F21=TODAY(),"Due today",IF(F21-TODAY()<=14,"Due in "&F21-TODAY()&IF(F21-TODAY()=1," day"," days"),"Next payment in "&F21-TODAY()&" days"))))))
G22: =IF(B22="","",D22-E22) | H22: =IF(B22="","",IF(G22<=0,"Paid in full",IF(F22="","Balance due, no date set",IF(F22<TODAY(),"Overdue by "&TODAY()-F22&IF(TODAY()-F22=1," day"," days"),IF(F22=TODAY(),"Due today",IF(F22-TODAY()<=14,"Due in "&F22-TODAY()&IF(F22-TODAY()=1," day"," days"),"Next payment in "&F22-TODAY()&" days"))))))
G23: =IF(B23="","",D23-E23) | H23: =IF(B23="","",IF(G23<=0,"Paid in full",IF(F23="","Balance due, no date set",IF(F23<TODAY(),"Overdue by "&TODAY()-F23&IF(TODAY()-F23=1," day"," days"),IF(F23=TODAY(),"Due today",IF(F23-TODAY()<=14,"Due in "&F23-TODAY()&IF(F23-TODAY()=1," day"," days"),"Next payment in "&F23-TODAY()&" days"))))))
G24: =IF(B24="","",D24-E24) | H24: =IF(B24="","",IF(G24<=0,"Paid in full",IF(F24="","Balance due, no date set",IF(F24<TODAY(),"Overdue by "&TODAY()-F24&IF(TODAY()-F24=1," day"," days"),IF(F24=TODAY(),"Due today",IF(F24-TODAY()<=14,"Due in "&F24-TODAY()&IF(F24-TODAY()=1," day"," days"),"Next payment in "&F24-TODAY()&" days"))))))
G25: =IF(B25="","",D25-E25) | H25: =IF(B25="","",IF(G25<=0,"Paid in full",IF(F25="","Balance due, no date set",IF(F25<TODAY(),"Overdue by "&TODAY()-F25&IF(TODAY()-F25=1," day"," days"),IF(F25=TODAY(),"Due today",IF(F25-TODAY()<=14,"Due in "&F25-TODAY()&IF(F25-TODAY()=1," day"," days"),"Next payment in "&F25-TODAY()&" days"))))))
... G105: =IF(B105="","",D105-E105) | H105: =IF(B105="","",IF(G105<=0,"Paid in full",IF(F105="","Balance due, no date set",IF(F105<TODAY(),"Overdue by "&TODAY()-F105&IF(TODAY()-F105=1," day"," days"),IF(F105=TODAY(),"Due today",IF(F105-TODAY()<=14,"Due in "&F105-TODAY()&IF(F105-TODAY()=1," day"," days"),"Next payment in "&F105-TODAY()&" days"))))))

Sheet Guests
B2: Guest list
B3: One line per guest. RSVP and meal choices add up on the Dashboard.
B5: Guest | C5: Side | D5: RSVP | E5: Plus one | F5: Meal | G5: Table | H5: Note
B6: Ana & Luca | C6: Both | D6: Yes | E6: Yes | F6: Fish | G6: 1
B7: Chloé Martin | C7: Partner A | D7: Yes | E7: No | F7: Veggie | G7: 1
B8: Tom Becker | C8: Partner B | D8: Pending | E8: No
B9: Inès Dupont | C9: Both | D9: Yes | E9: No | F9: Meat | G9: 1
B10: Rafael Costa | C10: Partner A | D10: No | E10: Yes
B11: Mia Laurent | C11: Partner B | D11: Yes | E11: No | F11: Meat | G11: 2
B12: Hugo Bernard | C12: Both | D12: Pending | E12: No
B13: Sara Klein | C13: Partner A | D13: Yes | E13: No | F13: Fish | G13: 2
B14: Noah Petit | C14: Partner B | D14: Yes | E14: Yes | F14: Meat | G14: 3
B15: Lea Moreau | C15: Both | D15: Pending | E15: No
B16: Jonas Weber | C16: Partner A | D16: Yes | E16: No | F16: Veggie | G16: 3
B17: Emma Roux | C17: Partner B | D17: Yes | E17: No | F17: Meat | G17: 3

Sheet Start Here
B2: Start here
B3: Type only in the yellow cells. Everything else is calculated.
B5: 1 | C5: Dashboard: type your wedding date and the countdown starts.
B7: 2 | C7: Budget: type your total. Change the percentages if your priorities differ (they add up to 100).
B9: 3 | C9: Vendors: add each vendor once you have a quote, with the amount, what you paid and the next due date.
B11: 4 | C11: Guests: one line per guest. Update the RSVP and meal as answers come in.
B13: 5 | C13: The Dashboard then shows what is booked, paid and still to pay, and your guest numbers.
C17: The example vendors and guests show how it works. Delete them and add your own.
C19: Works in Google Sheets and Microsoft Excel, in any currency.
