Workbook

Sheet Dashboard
B2: =IF(Settings!$C$4="","Vegetable garden",Settings!$C$4)
B3: =Settings!$C$5&": the harvest at shop prices, what the garden cost, and what to do in "&CHOOSE(MONTH(TODAY()),"January","February","March","April","May","June","July","August","September","October","November","December")&"."
B4: Harvest value | C4: Spent | D4: Value less costs | E4: Crops picked | G4: Plantings | H4: In the ground | I4: Beds to water
B5: =SUMIFS(Harvest!$H$6:$H$1505,Harvest!$J$6:$J$1505,Settings!$C$5) | C5: =SUMIFS(Costs!$E$6:$E$505,Costs!$G$6:$G$505,Settings!$C$5) | D5: =B5-C5 | E5: =COUNTIF(Crops!$O$6:$O$65,">0") | G5: =SUMIFS(Plantings!$S$6:$S$505,Plantings!$N$6:$N$505,Settings!$C$5) | H5: =SUM(Plantings!$Q$6:$Q$505) | I5: =COUNTIF(Beds!$J$6:$J$35,"Water")
B7: Harvest this year | C7: Picked | D7: Unit | E7: Value | G7: Sow now | H7: Plant out now | I7: Harvest now
B8: =IF(L8="","",INDEX(Crops!$B$1:$B$65,1000-MOD(L8,1000))) | C8: =IF(L8="","",INDEX(Crops!$O$1:$O$65,1000-MOD(L8,1000))) | D8: =IF(L8="","",IF(INDEX(Crops!$D$1:$D$65,1000-MOD(L8,1000))="","",INDEX(Crops!$D$1:$D$65,1000-MOD(L8,1000)))) | E8: =IF(L8="","",INDEX(Crops!$P$1:$P$65,1000-MOD(L8,1000))) | G8: =IF(M8="","",INDEX(Crops!$B$1:$B$65,M8)) | H8: =IF(N8="","",INDEX(Crops!$B$1:$B$65,N8)) | I8: =IF(O8="","",INDEX(Crops!$B$1:$B$65,O8)) | L8: =IFERROR(LARGE(Crops!$AA$6:$AA$65,1),"") | M8: =IFERROR(SMALL(Crops!$X$6:$X$65,1),"") | N8: =IFERROR(SMALL(Crops!$Y$6:$Y$65,1),"") | O8: =IFERROR(SMALL(Crops!$Z$6:$Z$65,1),"")
B9: =IF(L9="","",INDEX(Crops!$B$1:$B$65,1000-MOD(L9,1000))) | C9: =IF(L9="","",INDEX(Crops!$O$1:$O$65,1000-MOD(L9,1000))) | D9: =IF(L9="","",IF(INDEX(Crops!$D$1:$D$65,1000-MOD(L9,1000))="","",INDEX(Crops!$D$1:$D$65,1000-MOD(L9,1000)))) | E9: =IF(L9="","",INDEX(Crops!$P$1:$P$65,1000-MOD(L9,1000))) | G9: =IF(M9="","",INDEX(Crops!$B$1:$B$65,M9)) | H9: =IF(N9="","",INDEX(Crops!$B$1:$B$65,N9)) | I9: =IF(O9="","",INDEX(Crops!$B$1:$B$65,O9)) | L9: =IFERROR(LARGE(Crops!$AA$6:$AA$65,2),"") | M9: =IFERROR(SMALL(Crops!$X$6:$X$65,2),"") | N9: =IFERROR(SMALL(Crops!$Y$6:$Y$65,2),"") | O9: =IFERROR(SMALL(Crops!$Z$6:$Z$65,2),"")
B10: =IF(L10="","",INDEX(Crops!$B$1:$B$65,1000-MOD(L10,1000))) | C10: =IF(L10="","",INDEX(Crops!$O$1:$O$65,1000-MOD(L10,1000))) | D10: =IF(L10="","",IF(INDEX(Crops!$D$1:$D$65,1000-MOD(L10,1000))="","",INDEX(Crops!$D$1:$D$65,1000-MOD(L10,1000)))) | E10: =IF(L10="","",INDEX(Crops!$P$1:$P$65,1000-MOD(L10,1000))) | G10: =IF(M10="","",INDEX(Crops!$B$1:$B$65,M10)) | H10: =IF(N10="","",INDEX(Crops!$B$1:$B$65,N10)) | I10: =IF(O10="","",INDEX(Crops!$B$1:$B$65,O10)) | L10: =IFERROR(LARGE(Crops!$AA$6:$AA$65,3),"") | M10: =IFERROR(SMALL(Crops!$X$6:$X$65,3),"") | N10: =IFERROR(SMALL(Crops!$Y$6:$Y$65,3),"") | O10: =IFERROR(SMALL(Crops!$Z$6:$Z$65,3),"")
B11: =IF(L11="","",INDEX(Crops!$B$1:$B$65,1000-MOD(L11,1000))) | C11: =IF(L11="","",INDEX(Crops!$O$1:$O$65,1000-MOD(L11,1000))) | D11: =IF(L11="","",IF(INDEX(Crops!$D$1:$D$65,1000-MOD(L11,1000))="","",INDEX(Crops!$D$1:$D$65,1000-MOD(L11,1000)))) | E11: =IF(L11="","",INDEX(Crops!$P$1:$P$65,1000-MOD(L11,1000))) | G11: =IF(M11="","",INDEX(Crops!$B$1:$B$65,M11)) | H11: =IF(N11="","",INDEX(Crops!$B$1:$B$65,N11)) | I11: =IF(O11="","",INDEX(Crops!$B$1:$B$65,O11)) | L11: =IFERROR(LARGE(Crops!$AA$6:$AA$65,4),"") | M11: =IFERROR(SMALL(Crops!$X$6:$X$65,4),"") | N11: =IFERROR(SMALL(Crops!$Y$6:$Y$65,4),"") | O11: =IFERROR(SMALL(Crops!$Z$6:$Z$65,4),"")
B12: =IF(L12="","",INDEX(Crops!$B$1:$B$65,1000-MOD(L12,1000))) | C12: =IF(L12="","",INDEX(Crops!$O$1:$O$65,1000-MOD(L12,1000))) | D12: =IF(L12="","",IF(INDEX(Crops!$D$1:$D$65,1000-MOD(L12,1000))="","",INDEX(Crops!$D$1:$D$65,1000-MOD(L12,1000)))) | E12: =IF(L12="","",INDEX(Crops!$P$1:$P$65,1000-MOD(L12,1000))) | G12: =IF(M12="","",INDEX(Crops!$B$1:$B$65,M12)) | H12: =IF(N12="","",INDEX(Crops!$B$1:$B$65,N12)) | I12: =IF(O12="","",INDEX(Crops!$B$1:$B$65,O12)) | L12: =IFERROR(LARGE(Crops!$AA$6:$AA$65,5),"") | M12: =IFERROR(SMALL(Crops!$X$6:$X$65,5),"") | N12: =IFERROR(SMALL(Crops!$Y$6:$Y$65,5),"") | O12: =IFERROR(SMALL(Crops!$Z$6:$Z$65,5),"")
B13: =IF(L13="","",INDEX(Crops!$B$1:$B$65,1000-MOD(L13,1000))) | C13: =IF(L13="","",INDEX(Crops!$O$1:$O$65,1000-MOD(L13,1000))) | D13: =IF(L13="","",IF(INDEX(Crops!$D$1:$D$65,1000-MOD(L13,1000))="","",INDEX(Crops!$D$1:$D$65,1000-MOD(L13,1000)))) | E13: =IF(L13="","",INDEX(Crops!$P$1:$P$65,1000-MOD(L13,1000))) | G13: =IF(M13="","",INDEX(Crops!$B$1:$B$65,M13)) | H13: =IF(N13="","",INDEX(Crops!$B$1:$B$65,N13)) | I13: =IF(O13="","",INDEX(Crops!$B$1:$B$65,O13)) | L13: =IFERROR(LARGE(Crops!$AA$6:$AA$65,6),"") | M13: =IFERROR(SMALL(Crops!$X$6:$X$65,6),"") | N13: =IFERROR(SMALL(Crops!$Y$6:$Y$65,6),"") | O13: =IFERROR(SMALL(Crops!$Z$6:$Z$65,6),"")
B14: =IF(L14="","",INDEX(Crops!$B$1:$B$65,1000-MOD(L14,1000))) | C14: =IF(L14="","",INDEX(Crops!$O$1:$O$65,1000-MOD(L14,1000))) | D14: =IF(L14="","",IF(INDEX(Crops!$D$1:$D$65,1000-MOD(L14,1000))="","",INDEX(Crops!$D$1:$D$65,1000-MOD(L14,1000)))) | E14: =IF(L14="","",INDEX(Crops!$P$1:$P$65,1000-MOD(L14,1000))) | G14: =IF(M14="","",INDEX(Crops!$B$1:$B$65,M14)) | H14: =IF(N14="","",INDEX(Crops!$B$1:$B$65,N14)) | I14: =IF(O14="","",INDEX(Crops!$B$1:$B$65,O14)) | L14: =IFERROR(LARGE(Crops!$AA$6:$AA$65,7),"") | M14: =IFERROR(SMALL(Crops!$X$6:$X$65,7),"") | N14: =IFERROR(SMALL(Crops!$Y$6:$Y$65,7),"") | O14: =IFERROR(SMALL(Crops!$Z$6:$Z$65,7),"")
B15: =IF(L15="","",INDEX(Crops!$B$1:$B$65,1000-MOD(L15,1000))) | C15: =IF(L15="","",INDEX(Crops!$O$1:$O$65,1000-MOD(L15,1000))) | D15: =IF(L15="","",IF(INDEX(Crops!$D$1:$D$65,1000-MOD(L15,1000))="","",INDEX(Crops!$D$1:$D$65,1000-MOD(L15,1000)))) | E15: =IF(L15="","",INDEX(Crops!$P$1:$P$65,1000-MOD(L15,1000))) | G15: =IF(M15="","",INDEX(Crops!$B$1:$B$65,M15)) | H15: =IF(N15="","",INDEX(Crops!$B$1:$B$65,N15)) | I15: =IF(O15="","",INDEX(Crops!$B$1:$B$65,O15)) | L15: =IFERROR(LARGE(Crops!$AA$6:$AA$65,8),"") | M15: =IFERROR(SMALL(Crops!$X$6:$X$65,8),"") | N15: =IFERROR(SMALL(Crops!$Y$6:$Y$65,8),"") | O15: =IFERROR(SMALL(Crops!$Z$6:$Z$65,8),"")
B16: =IF(L16="","",INDEX(Crops!$B$1:$B$65,1000-MOD(L16,1000))) | C16: =IF(L16="","",INDEX(Crops!$O$1:$O$65,1000-MOD(L16,1000))) | D16: =IF(L16="","",IF(INDEX(Crops!$D$1:$D$65,1000-MOD(L16,1000))="","",INDEX(Crops!$D$1:$D$65,1000-MOD(L16,1000)))) | E16: =IF(L16="","",INDEX(Crops!$P$1:$P$65,1000-MOD(L16,1000))) | G16: =IF(M16="","",INDEX(Crops!$B$1:$B$65,M16)) | H16: =IF(N16="","",INDEX(Crops!$B$1:$B$65,N16)) | I16: =IF(O16="","",INDEX(Crops!$B$1:$B$65,O16)) | L16: =IFERROR(LARGE(Crops!$AA$6:$AA$65,9),"") | M16: =IFERROR(SMALL(Crops!$X$6:$X$65,9),"") | N16: =IFERROR(SMALL(Crops!$Y$6:$Y$65,9),"") | O16: =IFERROR(SMALL(Crops!$Z$6:$Z$65,9),"")
B17: =IF(L17="","",INDEX(Crops!$B$1:$B$65,1000-MOD(L17,1000))) | C17: =IF(L17="","",INDEX(Crops!$O$1:$O$65,1000-MOD(L17,1000))) | D17: =IF(L17="","",IF(INDEX(Crops!$D$1:$D$65,1000-MOD(L17,1000))="","",INDEX(Crops!$D$1:$D$65,1000-MOD(L17,1000)))) | E17: =IF(L17="","",INDEX(Crops!$P$1:$P$65,1000-MOD(L17,1000))) | G17: =IF(M17="","",INDEX(Crops!$B$1:$B$65,M17)) | H17: =IF(N17="","",INDEX(Crops!$B$1:$B$65,N17)) | I17: =IF(O17="","",INDEX(Crops!$B$1:$B$65,O17)) | L17: =IFERROR(LARGE(Crops!$AA$6:$AA$65,10),"") | M17: =IFERROR(SMALL(Crops!$X$6:$X$65,10),"") | N17: =IFERROR(SMALL(Crops!$Y$6:$Y$65,10),"") | O17: =IFERROR(SMALL(Crops!$Z$6:$Z$65,10),"")
G18: =IF(COUNT(Crops!$Z$6:$Z$65)>10,"And "&(COUNT(Crops!$Z$6:$Z$65)-10)&" more to harvest","")
B20: Bed | C20: Growing | D20: Last watered | E20: Status | G20: Month | H20: Harvest value | I20: Spent
B21: =IF(INDEX(Beds!$B$6:$B$35,1)="","",INDEX(Beds!$B$6:$B$35,1)) | C21: =IF(B21="","",INDEX(Beds!$F$6:$F$35,1)) | D21: =IF(B21="","",IF(INDEX(Beds!$H$6:$H$35,1)="","",INDEX(Beds!$H$6:$H$35,1))) | E21: =IF(B21="","",INDEX(Beds!$J$6:$J$35,1)) | G21: Jan | H21: =SUMIFS(Harvest!$H$6:$H$1505,Harvest!$K$6:$K$1505,(Settings!$C$5*100+1)) | I21: =SUMIFS(Costs!$E$6:$E$505,Costs!$H$6:$H$505,(Settings!$C$5*100+1))
B22: =IF(INDEX(Beds!$B$6:$B$35,2)="","",INDEX(Beds!$B$6:$B$35,2)) | C22: =IF(B22="","",INDEX(Beds!$F$6:$F$35,2)) | D22: =IF(B22="","",IF(INDEX(Beds!$H$6:$H$35,2)="","",INDEX(Beds!$H$6:$H$35,2))) | E22: =IF(B22="","",INDEX(Beds!$J$6:$J$35,2)) | G22: Feb | H22: =SUMIFS(Harvest!$H$6:$H$1505,Harvest!$K$6:$K$1505,(Settings!$C$5*100+2)) | I22: =SUMIFS(Costs!$E$6:$E$505,Costs!$H$6:$H$505,(Settings!$C$5*100+2))
B23: =IF(INDEX(Beds!$B$6:$B$35,3)="","",INDEX(Beds!$B$6:$B$35,3)) | C23: =IF(B23="","",INDEX(Beds!$F$6:$F$35,3)) | D23: =IF(B23="","",IF(INDEX(Beds!$H$6:$H$35,3)="","",INDEX(Beds!$H$6:$H$35,3))) | E23: =IF(B23="","",INDEX(Beds!$J$6:$J$35,3)) | G23: Mar | H23: =SUMIFS(Harvest!$H$6:$H$1505,Harvest!$K$6:$K$1505,(Settings!$C$5*100+3)) | I23: =SUMIFS(Costs!$E$6:$E$505,Costs!$H$6:$H$505,(Settings!$C$5*100+3))
B24: =IF(INDEX(Beds!$B$6:$B$35,4)="","",INDEX(Beds!$B$6:$B$35,4)) | C24: =IF(B24="","",INDEX(Beds!$F$6:$F$35,4)) | D24: =IF(B24="","",IF(INDEX(Beds!$H$6:$H$35,4)="","",INDEX(Beds!$H$6:$H$35,4))) | E24: =IF(B24="","",INDEX(Beds!$J$6:$J$35,4)) | G24: Apr | H24: =SUMIFS(Harvest!$H$6:$H$1505,Harvest!$K$6:$K$1505,(Settings!$C$5*100+4)) | I24: =SUMIFS(Costs!$E$6:$E$505,Costs!$H$6:$H$505,(Settings!$C$5*100+4))
B25: =IF(INDEX(Beds!$B$6:$B$35,5)="","",INDEX(Beds!$B$6:$B$35,5)) | C25: =IF(B25="","",INDEX(Beds!$F$6:$F$35,5)) | D25: =IF(B25="","",IF(INDEX(Beds!$H$6:$H$35,5)="","",INDEX(Beds!$H$6:$H$35,5))) | E25: =IF(B25="","",INDEX(Beds!$J$6:$J$35,5)) | G25: May | H25: =SUMIFS(Harvest!$H$6:$H$1505,Harvest!$K$6:$K$1505,(Settings!$C$5*100+5)) | I25: =SUMIFS(Costs!$E$6:$E$505,Costs!$H$6:$H$505,(Settings!$C$5*100+5))
B26: =IF(INDEX(Beds!$B$6:$B$35,6)="","",INDEX(Beds!$B$6:$B$35,6)) | C26: =IF(B26="","",INDEX(Beds!$F$6:$F$35,6)) | D26: =IF(B26="","",IF(INDEX(Beds!$H$6:$H$35,6)="","",INDEX(Beds!$H$6:$H$35,6))) | E26: =IF(B26="","",INDEX(Beds!$J$6:$J$35,6)) | G26: Jun | H26: =SUMIFS(Harvest!$H$6:$H$1505,Harvest!$K$6:$K$1505,(Settings!$C$5*100+6)) | I26: =SUMIFS(Costs!$E$6:$E$505,Costs!$H$6:$H$505,(Settings!$C$5*100+6))
B27: =IF(INDEX(Beds!$B$6:$B$35,7)="","",INDEX(Beds!$B$6:$B$35,7)) | C27: =IF(B27="","",INDEX(Beds!$F$6:$F$35,7)) | D27: =IF(B27="","",IF(INDEX(Beds!$H$6:$H$35,7)="","",INDEX(Beds!$H$6:$H$35,7))) | E27: =IF(B27="","",INDEX(Beds!$J$6:$J$35,7)) | G27: Jul | H27: =SUMIFS(Harvest!$H$6:$H$1505,Harvest!$K$6:$K$1505,(Settings!$C$5*100+7)) | I27: =SUMIFS(Costs!$E$6:$E$505,Costs!$H$6:$H$505,(Settings!$C$5*100+7))
B28: =IF(INDEX(Beds!$B$6:$B$35,8)="","",INDEX(Beds!$B$6:$B$35,8)) | C28: =IF(B28="","",INDEX(Beds!$F$6:$F$35,8)) | D28: =IF(B28="","",IF(INDEX(Beds!$H$6:$H$35,8)="","",INDEX(Beds!$H$6:$H$35,8))) | E28: =IF(B28="","",INDEX(Beds!$J$6:$J$35,8)) | G28: Aug | H28: =SUMIFS(Harvest!$H$6:$H$1505,Harvest!$K$6:$K$1505,(Settings!$C$5*100+8)) | I28: =SUMIFS(Costs!$E$6:$E$505,Costs!$H$6:$H$505,(Settings!$C$5*100+8))
G29: Sep | H29: =SUMIFS(Harvest!$H$6:$H$1505,Harvest!$K$6:$K$1505,(Settings!$C$5*100+9)) | I29: =SUMIFS(Costs!$E$6:$E$505,Costs!$H$6:$H$505,(Settings!$C$5*100+9))
G30: Oct | H30: =SUMIFS(Harvest!$H$6:$H$1505,Harvest!$K$6:$K$1505,(Settings!$C$5*100+10)) | I30: =SUMIFS(Costs!$E$6:$E$505,Costs!$H$6:$H$505,(Settings!$C$5*100+10))
G31: Nov | H31: =SUMIFS(Harvest!$H$6:$H$1505,Harvest!$K$6:$K$1505,(Settings!$C$5*100+11)) | I31: =SUMIFS(Costs!$E$6:$E$505,Costs!$H$6:$H$505,(Settings!$C$5*100+11))
G32: Dec | H32: =SUMIFS(Harvest!$H$6:$H$1505,Harvest!$K$6:$K$1505,(Settings!$C$5*100+12)) | I32: =SUMIFS(Costs!$E$6:$E$505,Costs!$H$6:$H$505,(Settings!$C$5*100+12))

Sheet Plantings
B2: Plantings
B3: Each time you sow or plant something, with the bed. A date under Cleared once it is finished.
B5: Date | C5: Crop | D5: Bed | E5: How | F5: How many | G5: Cleared | H5: Note | I5: Ready about | J5: Status | K5: Days | L5: Check | M5: Rotation
B6: 45736 | C6: Potatoes | D6: Bed 2 | E6: Sown outside | F6: 20 | G6: 45889 | H6: Seed potatoes | I6: =IF(NOT(AND(C6<>"",ISNUMBER(B6))),"",IF(N(IFERROR(INDEX(Crops!$F$6:$F$65,MATCH(C6,Crops!$B$6:$B$65,0)),0))>0,INT(B6)+N(IFERROR(INDEX(Crops!$F$6:$F$65,MATCH(C6,Crops!$B$6:$B$65,0)),0)),"")) | J6: =IF(NOT(AND(C6<>"",ISNUMBER(B6))),"",IF(ISNUMBER(G6),"Done",IF(INT(B6)>TODAY(),"Planned",IF(COUNTIFS(Harvest!$C$6:$C$1505,C6,Harvest!$D$6:$D$1505,D6&"",Harvest!$L$6:$L$1505,">="&INT(B6))>0,"Picking","Growing")))) | K6: =IF(OR(NOT(AND(C6<>"",ISNUMBER(B6))),J6="Planned"),"",IF(ISNUMBER(G6),INT(G6),TODAY())-INT(B6)) | L6: =IF(AND(B6="",C6="",D6=""),"",IF(NOT(ISNUMBER(B6)),"Needs a date",IF(C6="","Needs a crop",IF(COUNTIF(Crops!$B$6:$B$65,C6)=0,"Not on Crops",IF(AND(D6<>"",COUNTIF(Beds!$B$6:$B$35,D6)=0),"Not on Beds",IF(AND(ISNUMBER(G6),G6<B6),"Cleared before it was planted","")))))) | M6: =IF(OR(L6<>"",D6="",O6=""),"",IF(COUNTIFS(Plantings!$D$6:$D$505,D6,Plantings!$O$6:$O$505,O6,Plantings!$N$6:$N$505,N6-1)>0,"Same family here last year","")) | N6: =IF(ISNUMBER(B6),YEAR(B6),"") | O6: =IF(C6="","",IFERROR(INDEX(Crops!$C$6:$C$65,MATCH(C6,Crops!$B$6:$B$65,0))&"","")) | P6: =IF(ISNUMBER(B6),INT(B6),0) | Q6: =IF(AND(L6="",OR(J6="Growing",J6="Picking")),1,0) | R6: =IF(AND(Q6=1,D6<>""),P6*1000+ROW(),0) | S6: =IF(AND(AND(C6<>"",ISNUMBER(B6)),L6=""),1,0)
B7: 45749 | C7: Onions | D7: Bed 4 | E7: Sown outside | F7: 60 | G7: 45897 | H7: Sets | I7: =IF(NOT(AND(C7<>"",ISNUMBER(B7))),"",IF(N(IFERROR(INDEX(Crops!$F$6:$F$65,MATCH(C7,Crops!$B$6:$B$65,0)),0))>0,INT(B7)+N(IFERROR(INDEX(Crops!$F$6:$F$65,MATCH(C7,Crops!$B$6:$B$65,0)),0)),"")) | J7: =IF(NOT(AND(C7<>"",ISNUMBER(B7))),"",IF(ISNUMBER(G7),"Done",IF(INT(B7)>TODAY(),"Planned",IF(COUNTIFS(Harvest!$C$6:$C$1505,C7,Harvest!$D$6:$D$1505,D7&"",Harvest!$L$6:$L$1505,">="&INT(B7))>0,"Picking","Growing")))) | K7: =IF(OR(NOT(AND(C7<>"",ISNUMBER(B7))),J7="Planned"),"",IF(ISNUMBER(G7),INT(G7),TODAY())-INT(B7)) | L7: =IF(AND(B7="",C7="",D7=""),"",IF(NOT(ISNUMBER(B7)),"Needs a date",IF(C7="","Needs a crop",IF(COUNTIF(Crops!$B$6:$B$65,C7)=0,"Not on Crops",IF(AND(D7<>"",COUNTIF(Beds!$B$6:$B$35,D7)=0),"Not on Beds",IF(AND(ISNUMBER(G7),G7<B7),"Cleared before it was planted","")))))) | M7: =IF(OR(L7<>"",D7="",O7=""),"",IF(COUNTIFS(Plantings!$D$6:$D$505,D7,Plantings!$O$6:$O$505,O7,Plantings!$N$6:$N$505,N7-1)>0,"Same family here last year","")) | N7: =IF(ISNUMBER(B7),YEAR(B7),"") | O7: =IF(C7="","",IFERROR(INDEX(Crops!$C$6:$C$65,MATCH(C7,Crops!$B$6:$B$65,0))&"","")) | P7: =IF(ISNUMBER(B7),INT(B7),0) | Q7: =IF(AND(L7="",OR(J7="Growing",J7="Picking")),1,0) | R7: =IF(AND(Q7=1,D7<>""),P7*1000+ROW(),0) | S7: =IF(AND(AND(C7<>"",ISNUMBER(B7)),L7=""),1,0)
B8: 45772 | C8: Carrots | D8: Bed 3 | E8: Sown outside | F8: 1 | G8: 45971 | H8: One row | I8: =IF(NOT(AND(C8<>"",ISNUMBER(B8))),"",IF(N(IFERROR(INDEX(Crops!$F$6:$F$65,MATCH(C8,Crops!$B$6:$B$65,0)),0))>0,INT(B8)+N(IFERROR(INDEX(Crops!$F$6:$F$65,MATCH(C8,Crops!$B$6:$B$65,0)),0)),"")) | J8: =IF(NOT(AND(C8<>"",ISNUMBER(B8))),"",IF(ISNUMBER(G8),"Done",IF(INT(B8)>TODAY(),"Planned",IF(COUNTIFS(Harvest!$C$6:$C$1505,C8,Harvest!$D$6:$D$1505,D8&"",Harvest!$L$6:$L$1505,">="&INT(B8))>0,"Picking","Growing")))) | K8: =IF(OR(NOT(AND(C8<>"",ISNUMBER(B8))),J8="Planned"),"",IF(ISNUMBER(G8),INT(G8),TODAY())-INT(B8)) | L8: =IF(AND(B8="",C8="",D8=""),"",IF(NOT(ISNUMBER(B8)),"Needs a date",IF(C8="","Needs a crop",IF(COUNTIF(Crops!$B$6:$B$65,C8)=0,"Not on Crops",IF(AND(D8<>"",COUNTIF(Beds!$B$6:$B$35,D8)=0),"Not on Beds",IF(AND(ISNUMBER(G8),G8<B8),"Cleared before it was planted","")))))) | M8: =IF(OR(L8<>"",D8="",O8=""),"",IF(COUNTIFS(Plantings!$D$6:$D$505,D8,Plantings!$O$6:$O$505,O8,Plantings!$N$6:$N$505,N8-1)>0,"Same family here last year","")) | N8: =IF(ISNUMBER(B8),YEAR(B8),"") | O8: =IF(C8="","",IFERROR(INDEX(Crops!$C$6:$C$65,MATCH(C8,Crops!$B$6:$B$65,0))&"","")) | P8: =IF(ISNUMBER(B8),INT(B8),0) | Q8: =IF(AND(L8="",OR(J8="Growing",J8="Picking")),1,0) | R8: =IF(AND(Q8=1,D8<>""),P8*1000+ROW(),0) | S8: =IF(AND(AND(C8<>"",ISNUMBER(B8)),L8=""),1,0)
B9: 45797 | C9: Tomatoes | D9: Bed 1 | E9: Planted out | F9: 8 | G9: 45945 | I9: =IF(NOT(AND(C9<>"",ISNUMBER(B9))),"",IF(N(IFERROR(INDEX(Crops!$F$6:$F$65,MATCH(C9,Crops!$B$6:$B$65,0)),0))>0,INT(B9)+N(IFERROR(INDEX(Crops!$F$6:$F$65,MATCH(C9,Crops!$B$6:$B$65,0)),0)),"")) | J9: =IF(NOT(AND(C9<>"",ISNUMBER(B9))),"",IF(ISNUMBER(G9),"Done",IF(INT(B9)>TODAY(),"Planned",IF(COUNTIFS(Harvest!$C$6:$C$1505,C9,Harvest!$D$6:$D$1505,D9&"",Harvest!$L$6:$L$1505,">="&INT(B9))>0,"Picking","Growing")))) | K9: =IF(OR(NOT(AND(C9<>"",ISNUMBER(B9))),J9="Planned"),"",IF(ISNUMBER(G9),INT(G9),TODAY())-INT(B9)) | L9: =IF(AND(B9="",C9="",D9=""),"",IF(NOT(ISNUMBER(B9)),"Needs a date",IF(C9="","Needs a crop",IF(COUNTIF(Crops!$B$6:$B$65,C9)=0,"Not on Crops",IF(AND(D9<>"",COUNTIF(Beds!$B$6:$B$35,D9)=0),"Not on Beds",IF(AND(ISNUMBER(G9),G9<B9),"Cleared before it was planted","")))))) | M9: =IF(OR(L9<>"",D9="",O9=""),"",IF(COUNTIFS(Plantings!$D$6:$D$505,D9,Plantings!$O$6:$O$505,O9,Plantings!$N$6:$N$505,N9-1)>0,"Same family here last year","")) | N9: =IF(ISNUMBER(B9),YEAR(B9),"") | O9: =IF(C9="","",IFERROR(INDEX(Crops!$C$6:$C$65,MATCH(C9,Crops!$B$6:$B$65,0))&"","")) | P9: =IF(ISNUMBER(B9),INT(B9),0) | Q9: =IF(AND(L9="",OR(J9="Growing",J9="Picking")),1,0) | R9: =IF(AND(Q9=1,D9<>""),P9*1000+ROW(),0) | S9: =IF(AND(AND(C9<>"",ISNUMBER(B9)),L9=""),1,0)
B10: 45809 | C10: Runner beans | D10: Bed 3 | E10: Planted out | F10: 12 | G10: 45950 | I10: =IF(NOT(AND(C10<>"",ISNUMBER(B10))),"",IF(N(IFERROR(INDEX(Crops!$F$6:$F$65,MATCH(C10,Crops!$B$6:$B$65,0)),0))>0,INT(B10)+N(IFERROR(INDEX(Crops!$F$6:$F$65,MATCH(C10,Crops!$B$6:$B$65,0)),0)),"")) | J10: =IF(NOT(AND(C10<>"",ISNUMBER(B10))),"",IF(ISNUMBER(G10),"Done",IF(INT(B10)>TODAY(),"Planned",IF(COUNTIFS(Harvest!$C$6:$C$1505,C10,Harvest!$D$6:$D$1505,D10&"",Harvest!$L$6:$L$1505,">="&INT(B10))>0,"Picking","Growing")))) | K10: =IF(OR(NOT(AND(C10<>"",ISNUMBER(B10))),J10="Planned"),"",IF(ISNUMBER(G10),INT(G10),TODAY())-INT(B10)) | L10: =IF(AND(B10="",C10="",D10=""),"",IF(NOT(ISNUMBER(B10)),"Needs a date",IF(C10="","Needs a crop",IF(COUNTIF(Crops!$B$6:$B$65,C10)=0,"Not on Crops",IF(AND(D10<>"",COUNTIF(Beds!$B$6:$B$35,D10)=0),"Not on Beds",IF(AND(ISNUMBER(G10),G10<B10),"Cleared before it was planted","")))))) | M10: =IF(OR(L10<>"",D10="",O10=""),"",IF(COUNTIFS(Plantings!$D$6:$D$505,D10,Plantings!$O$6:$O$505,O10,Plantings!$N$6:$N$505,N10-1)>0,"Same family here last year","")) | N10: =IF(ISNUMBER(B10),YEAR(B10),"") | O10: =IF(C10="","",IFERROR(INDEX(Crops!$C$6:$C$65,MATCH(C10,Crops!$B$6:$B$65,0))&"","")) | P10: =IF(ISNUMBER(B10),INT(B10),0) | Q10: =IF(AND(L10="",OR(J10="Growing",J10="Picking")),1,0) | R10: =IF(AND(Q10=1,D10<>""),P10*1000+ROW(),0) | S10: =IF(AND(AND(C10<>"",ISNUMBER(B10)),L10=""),1,0)
B11: 45950 | C11: Garlic | D11: Bed 3 | E11: Sown outside | F11: 24 | G11: 46208 | I11: =IF(NOT(AND(C11<>"",ISNUMBER(B11))),"",IF(N(IFERROR(INDEX(Crops!$F$6:$F$65,MATCH(C11,Crops!$B$6:$B$65,0)),0))>0,INT(B11)+N(IFERROR(INDEX(Crops!$F$6:$F$65,MATCH(C11,Crops!$B$6:$B$65,0)),0)),"")) | J11: =IF(NOT(AND(C11<>"",ISNUMBER(B11))),"",IF(ISNUMBER(G11),"Done",IF(INT(B11)>TODAY(),"Planned",IF(COUNTIFS(Harvest!$C$6:$C$1505,C11,Harvest!$D$6:$D$1505,D11&"",Harvest!$L$6:$L$1505,">="&INT(B11))>0,"Picking","Growing")))) | K11: =IF(OR(NOT(AND(C11<>"",ISNUMBER(B11))),J11="Planned"),"",IF(ISNUMBER(G11),INT(G11),TODAY())-INT(B11)) | L11: =IF(AND(B11="",C11="",D11=""),"",IF(NOT(ISNUMBER(B11)),"Needs a date",IF(C11="","Needs a crop",IF(COUNTIF(Crops!$B$6:$B$65,C11)=0,"Not on Crops",IF(AND(D11<>"",COUNTIF(Beds!$B$6:$B$35,D11)=0),"Not on Beds",IF(AND(ISNUMBER(G11),G11<B11),"Cleared before it was planted","")))))) | M11: =IF(OR(L11<>"",D11="",O11=""),"",IF(COUNTIFS(Plantings!$D$6:$D$505,D11,Plantings!$O$6:$O$505,O11,Plantings!$N$6:$N$505,N11-1)>0,"Same family here last year","")) | N11: =IF(ISNUMBER(B11),YEAR(B11),"") | O11: =IF(C11="","",IFERROR(INDEX(Crops!$C$6:$C$65,MATCH(C11,Crops!$B$6:$B$65,0))&"","")) | P11: =IF(ISNUMBER(B11),INT(B11),0) | Q11: =IF(AND(L11="",OR(J11="Growing",J11="Picking")),1,0) | R11: =IF(AND(Q11=1,D11<>""),P11*1000+ROW(),0) | S11: =IF(AND(AND(C11<>"",ISNUMBER(B11)),L11=""),1,0)
B12: 46096 | C12: Tomatoes | D12: Greenhouse | E12: Sown inside | F12: 12 | G12: 46160 | H12: Seed trays, planted out in May | I12: =IF(NOT(AND(C12<>"",ISNUMBER(B12))),"",IF(N(IFERROR(INDEX(Crops!$F$6:$F$65,MATCH(C12,Crops!$B$6:$B$65,0)),0))>0,INT(B12)+N(IFERROR(INDEX(Crops!$F$6:$F$65,MATCH(C12,Crops!$B$6:$B$65,0)),0)),"")) | J12: =IF(NOT(AND(C12<>"",ISNUMBER(B12))),"",IF(ISNUMBER(G12),"Done",IF(INT(B12)>TODAY(),"Planned",IF(COUNTIFS(Harvest!$C$6:$C$1505,C12,Harvest!$D$6:$D$1505,D12&"",Harvest!$L$6:$L$1505,">="&INT(B12))>0,"Picking","Growing")))) | K12: =IF(OR(NOT(AND(C12<>"",ISNUMBER(B12))),J12="Planned"),"",IF(ISNUMBER(G12),INT(G12),TODAY())-INT(B12)) | L12: =IF(AND(B12="",C12="",D12=""),"",IF(NOT(ISNUMBER(B12)),"Needs a date",IF(C12="","Needs a crop",IF(COUNTIF(Crops!$B$6:$B$65,C12)=0,"Not on Crops",IF(AND(D12<>"",COUNTIF(Beds!$B$6:$B$35,D12)=0),"Not on Beds",IF(AND(ISNUMBER(G12),G12<B12),"Cleared before it was planted","")))))) | M12: =IF(OR(L12<>"",D12="",O12=""),"",IF(COUNTIFS(Plantings!$D$6:$D$505,D12,Plantings!$O$6:$O$505,O12,Plantings!$N$6:$N$505,N12-1)>0,"Same family here last year","")) | N12: =IF(ISNUMBER(B12),YEAR(B12),"") | O12: =IF(C12="","",IFERROR(INDEX(Crops!$C$6:$C$65,MATCH(C12,Crops!$B$6:$B$65,0))&"","")) | P12: =IF(ISNUMBER(B12),INT(B12),0) | Q12: =IF(AND(L12="",OR(J12="Growing",J12="Picking")),1,0) | R12: =IF(AND(Q12=1,D12<>""),P12*1000+ROW(),0) | S12: =IF(AND(AND(C12<>"",ISNUMBER(B12)),L12=""),1,0)
B13: 46103 | C13: Peas | D13: Bed 1 | E13: Sown outside | F13: 2 | G13: 46228 | H13: Two rows | I13: =IF(NOT(AND(C13<>"",ISNUMBER(B13))),"",IF(N(IFERROR(INDEX(Crops!$F$6:$F$65,MATCH(C13,Crops!$B$6:$B$65,0)),0))>0,INT(B13)+N(IFERROR(INDEX(Crops!$F$6:$F$65,MATCH(C13,Crops!$B$6:$B$65,0)),0)),"")) | J13: =IF(NOT(AND(C13<>"",ISNUMBER(B13))),"",IF(ISNUMBER(G13),"Done",IF(INT(B13)>TODAY(),"Planned",IF(COUNTIFS(Harvest!$C$6:$C$1505,C13,Harvest!$D$6:$D$1505,D13&"",Harvest!$L$6:$L$1505,">="&INT(B13))>0,"Picking","Growing")))) | K13: =IF(OR(NOT(AND(C13<>"",ISNUMBER(B13))),J13="Planned"),"",IF(ISNUMBER(G13),INT(G13),TODAY())-INT(B13)) | L13: =IF(AND(B13="",C13="",D13=""),"",IF(NOT(ISNUMBER(B13)),"Needs a date",IF(C13="","Needs a crop",IF(COUNTIF(Crops!$B$6:$B$65,C13)=0,"Not on Crops",IF(AND(D13<>"",COUNTIF(Beds!$B$6:$B$35,D13)=0),"Not on Beds",IF(AND(ISNUMBER(G13),G13<B13),"Cleared before it was planted","")))))) | M13: =IF(OR(L13<>"",D13="",O13=""),"",IF(COUNTIFS(Plantings!$D$6:$D$505,D13,Plantings!$O$6:$O$505,O13,Plantings!$N$6:$N$505,N13-1)>0,"Same family here last year","")) | N13: =IF(ISNUMBER(B13),YEAR(B13),"") | O13: =IF(C13="","",IFERROR(INDEX(Crops!$C$6:$C$65,MATCH(C13,Crops!$B$6:$B$65,0))&"","")) | P13: =IF(ISNUMBER(B13),INT(B13),0) | Q13: =IF(AND(L13="",OR(J13="Growing",J13="Picking")),1,0) | R13: =IF(AND(Q13=1,D13<>""),P13*1000+ROW(),0) | S13: =IF(AND(AND(C13<>"",ISNUMBER(B13)),L13=""),1,0)
B14: 46117 | C14: Potatoes | D14: Bed 4 | E14: Sown outside | F14: 20 | G14: 46264 | H14: Seed potatoes | I14: =IF(NOT(AND(C14<>"",ISNUMBER(B14))),"",IF(N(IFERROR(INDEX(Crops!$F$6:$F$65,MATCH(C14,Crops!$B$6:$B$65,0)),0))>0,INT(B14)+N(IFERROR(INDEX(Crops!$F$6:$F$65,MATCH(C14,Crops!$B$6:$B$65,0)),0)),"")) | J14: =IF(NOT(AND(C14<>"",ISNUMBER(B14))),"",IF(ISNUMBER(G14),"Done",IF(INT(B14)>TODAY(),"Planned",IF(COUNTIFS(Harvest!$C$6:$C$1505,C14,Harvest!$D$6:$D$1505,D14&"",Harvest!$L$6:$L$1505,">="&INT(B14))>0,"Picking","Growing")))) | K14: =IF(OR(NOT(AND(C14<>"",ISNUMBER(B14))),J14="Planned"),"",IF(ISNUMBER(G14),INT(G14),TODAY())-INT(B14)) | L14: =IF(AND(B14="",C14="",D14=""),"",IF(NOT(ISNUMBER(B14)),"Needs a date",IF(C14="","Needs a crop",IF(COUNTIF(Crops!$B$6:$B$65,C14)=0,"Not on Crops",IF(AND(D14<>"",COUNTIF(Beds!$B$6:$B$35,D14)=0),"Not on Beds",IF(AND(ISNUMBER(G14),G14<B14),"Cleared before it was planted","")))))) | M14: =IF(OR(L14<>"",D14="",O14=""),"",IF(COUNTIFS(Plantings!$D$6:$D$505,D14,Plantings!$O$6:$O$505,O14,Plantings!$N$6:$N$505,N14-1)>0,"Same family here last year","")) | N14: =IF(ISNUMBER(B14),YEAR(B14),"") | O14: =IF(C14="","",IFERROR(INDEX(Crops!$C$6:$C$65,MATCH(C14,Crops!$B$6:$B$65,0))&"","")) | P14: =IF(ISNUMBER(B14),INT(B14),0) | Q14: =IF(AND(L14="",OR(J14="Growing",J14="Picking")),1,0) | R14: =IF(AND(Q14=1,D14<>""),P14*1000+ROW(),0) | S14: =IF(AND(AND(C14<>"",ISNUMBER(B14)),L14=""),1,0)
B15: 46124 | C15: Onions | D15: Bed 2 | E15: Sown outside | F15: 60 | G15: 46270 | H15: Sets | I15: =IF(NOT(AND(C15<>"",ISNUMBER(B15))),"",IF(N(IFERROR(INDEX(Crops!$F$6:$F$65,MATCH(C15,Crops!$B$6:$B$65,0)),0))>0,INT(B15)+N(IFERROR(INDEX(Crops!$F$6:$F$65,MATCH(C15,Crops!$B$6:$B$65,0)),0)),"")) | J15: =IF(NOT(AND(C15<>"",ISNUMBER(B15))),"",IF(ISNUMBER(G15),"Done",IF(INT(B15)>TODAY(),"Planned",IF(COUNTIFS(Harvest!$C$6:$C$1505,C15,Harvest!$D$6:$D$1505,D15&"",Harvest!$L$6:$L$1505,">="&INT(B15))>0,"Picking","Growing")))) | K15: =IF(OR(NOT(AND(C15<>"",ISNUMBER(B15))),J15="Planned"),"",IF(ISNUMBER(G15),INT(G15),TODAY())-INT(B15)) | L15: =IF(AND(B15="",C15="",D15=""),"",IF(NOT(ISNUMBER(B15)),"Needs a date",IF(C15="","Needs a crop",IF(COUNTIF(Crops!$B$6:$B$65,C15)=0,"Not on Crops",IF(AND(D15<>"",COUNTIF(Beds!$B$6:$B$35,D15)=0),"Not on Beds",IF(AND(ISNUMBER(G15),G15<B15),"Cleared before it was planted","")))))) | M15: =IF(OR(L15<>"",D15="",O15=""),"",IF(COUNTIFS(Plantings!$D$6:$D$505,D15,Plantings!$O$6:$O$505,O15,Plantings!$N$6:$N$505,N15-1)>0,"Same family here last year","")) | N15: =IF(ISNUMBER(B15),YEAR(B15),"") | O15: =IF(C15="","",IFERROR(INDEX(Crops!$C$6:$C$65,MATCH(C15,Crops!$B$6:$B$65,0))&"","")) | P15: =IF(ISNUMBER(B15),INT(B15),0) | Q15: =IF(AND(L15="",OR(J15="Growing",J15="Picking")),1,0) | R15: =IF(AND(Q15=1,D15<>""),P15*1000+ROW(),0) | S15: =IF(AND(AND(C15<>"",ISNUMBER(B15)),L15=""),1,0)
B16: 46132 | C16: Carrots | D16: Bed 2 | E16: Sown outside | F16: 1 | H16: One row | I16: =IF(NOT(AND(C16<>"",ISNUMBER(B16))),"",IF(N(IFERROR(INDEX(Crops!$F$6:$F$65,MATCH(C16,Crops!$B$6:$B$65,0)),0))>0,INT(B16)+N(IFERROR(INDEX(Crops!$F$6:$F$65,MATCH(C16,Crops!$B$6:$B$65,0)),0)),"")) | J16: =IF(NOT(AND(C16<>"",ISNUMBER(B16))),"",IF(ISNUMBER(G16),"Done",IF(INT(B16)>TODAY(),"Planned",IF(COUNTIFS(Harvest!$C$6:$C$1505,C16,Harvest!$D$6:$D$1505,D16&"",Harvest!$L$6:$L$1505,">="&INT(B16))>0,"Picking","Growing")))) | K16: =IF(OR(NOT(AND(C16<>"",ISNUMBER(B16))),J16="Planned"),"",IF(ISNUMBER(G16),INT(G16),TODAY())-INT(B16)) | L16: =IF(AND(B16="",C16="",D16=""),"",IF(NOT(ISNUMBER(B16)),"Needs a date",IF(C16="","Needs a crop",IF(COUNTIF(Crops!$B$6:$B$65,C16)=0,"Not on Crops",IF(AND(D16<>"",COUNTIF(Beds!$B$6:$B$35,D16)=0),"Not on Beds",IF(AND(ISNUMBER(G16),G16<B16),"Cleared before it was planted","")))))) | M16: =IF(OR(L16<>"",D16="",O16=""),"",IF(COUNTIFS(Plantings!$D$6:$D$505,D16,Plantings!$O$6:$O$505,O16,Plantings!$N$6:$N$505,N16-1)>0,"Same family here last year","")) | N16: =IF(ISNUMBER(B16),YEAR(B16),"") | O16: =IF(C16="","",IFERROR(INDEX(Crops!$C$6:$C$65,MATCH(C16,Crops!$B$6:$B$65,0))&"","")) | P16: =IF(ISNUMBER(B16),INT(B16),0) | Q16: =IF(AND(L16="",OR(J16="Growing",J16="Picking")),1,0) | R16: =IF(AND(Q16=1,D16<>""),P16*1000+ROW(),0) | S16: =IF(AND(AND(C16<>"",ISNUMBER(B16)),L16=""),1,0)
B17: 46138 | C17: Lettuce | D17: Herb bed | E17: Sown outside | F17: 1 | G17: 46213 | I17: =IF(NOT(AND(C17<>"",ISNUMBER(B17))),"",IF(N(IFERROR(INDEX(Crops!$F$6:$F$65,MATCH(C17,Crops!$B$6:$B$65,0)),0))>0,INT(B17)+N(IFERROR(INDEX(Crops!$F$6:$F$65,MATCH(C17,Crops!$B$6:$B$65,0)),0)),"")) | J17: =IF(NOT(AND(C17<>"",ISNUMBER(B17))),"",IF(ISNUMBER(G17),"Done",IF(INT(B17)>TODAY(),"Planned",IF(COUNTIFS(Harvest!$C$6:$C$1505,C17,Harvest!$D$6:$D$1505,D17&"",Harvest!$L$6:$L$1505,">="&INT(B17))>0,"Picking","Growing")))) | K17: =IF(OR(NOT(AND(C17<>"",ISNUMBER(B17))),J17="Planned"),"",IF(ISNUMBER(G17),INT(G17),TODAY())-INT(B17)) | L17: =IF(AND(B17="",C17="",D17=""),"",IF(NOT(ISNUMBER(B17)),"Needs a date",IF(C17="","Needs a crop",IF(COUNTIF(Crops!$B$6:$B$65,C17)=0,"Not on Crops",IF(AND(D17<>"",COUNTIF(Beds!$B$6:$B$35,D17)=0),"Not on Beds",IF(AND(ISNUMBER(G17),G17<B17),"Cleared before it was planted","")))))) | M17: =IF(OR(L17<>"",D17="",O17=""),"",IF(COUNTIFS(Plantings!$D$6:$D$505,D17,Plantings!$O$6:$O$505,O17,Plantings!$N$6:$N$505,N17-1)>0,"Same family here last year","")) | N17: =IF(ISNUMBER(B17),YEAR(B17),"") | O17: =IF(C17="","",IFERROR(INDEX(Crops!$C$6:$C$65,MATCH(C17,Crops!$B$6:$B$65,0))&"","")) | P17: =IF(ISNUMBER(B17),INT(B17),0) | Q17: =IF(AND(L17="",OR(J17="Growing",J17="Picking")),1,0) | R17: =IF(AND(Q17=1,D17<>""),P17*1000+ROW(),0) | S17: =IF(AND(AND(C17<>"",ISNUMBER(B17)),L17=""),1,0)
B18: 46142 | C18: Strawberries | D18: Patio pots | E18: Bought plants | F18: 6 | I18: =IF(NOT(AND(C18<>"",ISNUMBER(B18))),"",IF(N(IFERROR(INDEX(Crops!$F$6:$F$65,MATCH(C18,Crops!$B$6:$B$65,0)),0))>0,INT(B18)+N(IFERROR(INDEX(Crops!$F$6:$F$65,MATCH(C18,Crops!$B$6:$B$65,0)),0)),"")) | J18: =IF(NOT(AND(C18<>"",ISNUMBER(B18))),"",IF(ISNUMBER(G18),"Done",IF(INT(B18)>TODAY(),"Planned",IF(COUNTIFS(Harvest!$C$6:$C$1505,C18,Harvest!$D$6:$D$1505,D18&"",Harvest!$L$6:$L$1505,">="&INT(B18))>0,"Picking","Growing")))) | K18: =IF(OR(NOT(AND(C18<>"",ISNUMBER(B18))),J18="Planned"),"",IF(ISNUMBER(G18),INT(G18),TODAY())-INT(B18)) | L18: =IF(AND(B18="",C18="",D18=""),"",IF(NOT(ISNUMBER(B18)),"Needs a date",IF(C18="","Needs a crop",IF(COUNTIF(Crops!$B$6:$B$65,C18)=0,"Not on Crops",IF(AND(D18<>"",COUNTIF(Beds!$B$6:$B$35,D18)=0),"Not on Beds",IF(AND(ISNUMBER(G18),G18<B18),"Cleared before it was planted","")))))) | M18: =IF(OR(L18<>"",D18="",O18=""),"",IF(COUNTIFS(Plantings!$D$6:$D$505,D18,Plantings!$O$6:$O$505,O18,Plantings!$N$6:$N$505,N18-1)>0,"Same family here last year","")) | N18: =IF(ISNUMBER(B18),YEAR(B18),"") | O18: =IF(C18="","",IFERROR(INDEX(Crops!$C$6:$C$65,MATCH(C18,Crops!$B$6:$B$65,0))&"","")) | P18: =IF(ISNUMBER(B18),INT(B18),0) | Q18: =IF(AND(L18="",OR(J18="Growing",J18="Picking")),1,0) | R18: =IF(AND(Q18=1,D18<>""),P18*1000+ROW(),0) | S18: =IF(AND(AND(C18<>"",ISNUMBER(B18)),L18=""),1,0)
B19: 46152 | C19: Peppers | D19: Bed 2 | E19: Planted out | F19: 6 | I19: =IF(NOT(AND(C19<>"",ISNUMBER(B19))),"",IF(N(IFERROR(INDEX(Crops!$F$6:$F$65,MATCH(C19,Crops!$B$6:$B$65,0)),0))>0,INT(B19)+N(IFERROR(INDEX(Crops!$F$6:$F$65,MATCH(C19,Crops!$B$6:$B$65,0)),0)),"")) | J19: =IF(NOT(AND(C19<>"",ISNUMBER(B19))),"",IF(ISNUMBER(G19),"Done",IF(INT(B19)>TODAY(),"Planned",IF(COUNTIFS(Harvest!$C$6:$C$1505,C19,Harvest!$D$6:$D$1505,D19&"",Harvest!$L$6:$L$1505,">="&INT(B19))>0,"Picking","Growing")))) | K19: =IF(OR(NOT(AND(C19<>"",ISNUMBER(B19))),J19="Planned"),"",IF(ISNUMBER(G19),INT(G19),TODAY())-INT(B19)) | L19: =IF(AND(B19="",C19="",D19=""),"",IF(NOT(ISNUMBER(B19)),"Needs a date",IF(C19="","Needs a crop",IF(COUNTIF(Crops!$B$6:$B$65,C19)=0,"Not on Crops",IF(AND(D19<>"",COUNTIF(Beds!$B$6:$B$35,D19)=0),"Not on Beds",IF(AND(ISNUMBER(G19),G19<B19),"Cleared before it was planted","")))))) | M19: =IF(OR(L19<>"",D19="",O19=""),"",IF(COUNTIFS(Plantings!$D$6:$D$505,D19,Plantings!$O$6:$O$505,O19,Plantings!$N$6:$N$505,N19-1)>0,"Same family here last year","")) | N19: =IF(ISNUMBER(B19),YEAR(B19),"") | O19: =IF(C19="","",IFERROR(INDEX(Crops!$C$6:$C$65,MATCH(C19,Crops!$B$6:$B$65,0))&"","")) | P19: =IF(ISNUMBER(B19),INT(B19),0) | Q19: =IF(AND(L19="",OR(J19="Growing",J19="Picking")),1,0) | R19: =IF(AND(Q19=1,D19<>""),P19*1000+ROW(),0) | S19: =IF(AND(AND(C19<>"",ISNUMBER(B19)),L19=""),1,0)
B20: 46160 | C20: Tomatoes | D20: Greenhouse | E20: Planted out | F20: 8 | I20: =IF(NOT(AND(C20<>"",ISNUMBER(B20))),"",IF(N(IFERROR(INDEX(Crops!$F$6:$F$65,MATCH(C20,Crops!$B$6:$B$65,0)),0))>0,INT(B20)+N(IFERROR(INDEX(Crops!$F$6:$F$65,MATCH(C20,Crops!$B$6:$B$65,0)),0)),"")) | J20: =IF(NOT(AND(C20<>"",ISNUMBER(B20))),"",IF(ISNUMBER(G20),"Done",IF(INT(B20)>TODAY(),"Planned",IF(COUNTIFS(Harvest!$C$6:$C$1505,C20,Harvest!$D$6:$D$1505,D20&"",Harvest!$L$6:$L$1505,">="&INT(B20))>0,"Picking","Growing")))) | K20: =IF(OR(NOT(AND(C20<>"",ISNUMBER(B20))),J20="Planned"),"",IF(ISNUMBER(G20),INT(G20),TODAY())-INT(B20)) | L20: =IF(AND(B20="",C20="",D20=""),"",IF(NOT(ISNUMBER(B20)),"Needs a date",IF(C20="","Needs a crop",IF(COUNTIF(Crops!$B$6:$B$65,C20)=0,"Not on Crops",IF(AND(D20<>"",COUNTIF(Beds!$B$6:$B$35,D20)=0),"Not on Beds",IF(AND(ISNUMBER(G20),G20<B20),"Cleared before it was planted","")))))) | M20: =IF(OR(L20<>"",D20="",O20=""),"",IF(COUNTIFS(Plantings!$D$6:$D$505,D20,Plantings!$O$6:$O$505,O20,Plantings!$N$6:$N$505,N20-1)>0,"Same family here last year","")) | N20: =IF(ISNUMBER(B20),YEAR(B20),"") | O20: =IF(C20="","",IFERROR(INDEX(Crops!$C$6:$C$65,MATCH(C20,Crops!$B$6:$B$65,0))&"","")) | P20: =IF(ISNUMBER(B20),INT(B20),0) | Q20: =IF(AND(L20="",OR(J20="Growing",J20="Picking")),1,0) | R20: =IF(AND(Q20=1,D20<>""),P20*1000+ROW(),0) | S20: =IF(AND(AND(C20<>"",ISNUMBER(B20)),L20=""),1,0)
B21: 46166 | C21: Zucchini | D21: Bed 3 | E21: Planted out | F21: 3 | I21: =IF(NOT(AND(C21<>"",ISNUMBER(B21))),"",IF(N(IFERROR(INDEX(Crops!$F$6:$F$65,MATCH(C21,Crops!$B$6:$B$65,0)),0))>0,INT(B21)+N(IFERROR(INDEX(Crops!$F$6:$F$65,MATCH(C21,Crops!$B$6:$B$65,0)),0)),"")) | J21: =IF(NOT(AND(C21<>"",ISNUMBER(B21))),"",IF(ISNUMBER(G21),"Done",IF(INT(B21)>TODAY(),"Planned",IF(COUNTIFS(Harvest!$C$6:$C$1505,C21,Harvest!$D$6:$D$1505,D21&"",Harvest!$L$6:$L$1505,">="&INT(B21))>0,"Picking","Growing")))) | K21: =IF(OR(NOT(AND(C21<>"",ISNUMBER(B21))),J21="Planned"),"",IF(ISNUMBER(G21),INT(G21),TODAY())-INT(B21)) | L21: =IF(AND(B21="",C21="",D21=""),"",IF(NOT(ISNUMBER(B21)),"Needs a date",IF(C21="","Needs a crop",IF(COUNTIF(Crops!$B$6:$B$65,C21)=0,"Not on Crops",IF(AND(D21<>"",COUNTIF(Beds!$B$6:$B$35,D21)=0),"Not on Beds",IF(AND(ISNUMBER(G21),G21<B21),"Cleared before it was planted","")))))) | M21: =IF(OR(L21<>"",D21="",O21=""),"",IF(COUNTIFS(Plantings!$D$6:$D$505,D21,Plantings!$O$6:$O$505,O21,Plantings!$N$6:$N$505,N21-1)>0,"Same family here last year","")) | N21: =IF(ISNUMBER(B21),YEAR(B21),"") | O21: =IF(C21="","",IFERROR(INDEX(Crops!$C$6:$C$65,MATCH(C21,Crops!$B$6:$B$65,0))&"","")) | P21: =IF(ISNUMBER(B21),INT(B21),0) | Q21: =IF(AND(L21="",OR(J21="Growing",J21="Picking")),1,0) | R21: =IF(AND(Q21=1,D21<>""),P21*1000+ROW(),0) | S21: =IF(AND(AND(C21<>"",ISNUMBER(B21)),L21=""),1,0)
B22: 46166 | C22: Cucumbers | D22: Greenhouse | E22: Planted out | F22: 4 | I22: =IF(NOT(AND(C22<>"",ISNUMBER(B22))),"",IF(N(IFERROR(INDEX(Crops!$F$6:$F$65,MATCH(C22,Crops!$B$6:$B$65,0)),0))>0,INT(B22)+N(IFERROR(INDEX(Crops!$F$6:$F$65,MATCH(C22,Crops!$B$6:$B$65,0)),0)),"")) | J22: =IF(NOT(AND(C22<>"",ISNUMBER(B22))),"",IF(ISNUMBER(G22),"Done",IF(INT(B22)>TODAY(),"Planned",IF(COUNTIFS(Harvest!$C$6:$C$1505,C22,Harvest!$D$6:$D$1505,D22&"",Harvest!$L$6:$L$1505,">="&INT(B22))>0,"Picking","Growing")))) | K22: =IF(OR(NOT(AND(C22<>"",ISNUMBER(B22))),J22="Planned"),"",IF(ISNUMBER(G22),INT(G22),TODAY())-INT(B22)) | L22: =IF(AND(B22="",C22="",D22=""),"",IF(NOT(ISNUMBER(B22)),"Needs a date",IF(C22="","Needs a crop",IF(COUNTIF(Crops!$B$6:$B$65,C22)=0,"Not on Crops",IF(AND(D22<>"",COUNTIF(Beds!$B$6:$B$35,D22)=0),"Not on Beds",IF(AND(ISNUMBER(G22),G22<B22),"Cleared before it was planted","")))))) | M22: =IF(OR(L22<>"",D22="",O22=""),"",IF(COUNTIFS(Plantings!$D$6:$D$505,D22,Plantings!$O$6:$O$505,O22,Plantings!$N$6:$N$505,N22-1)>0,"Same family here last year","")) | N22: =IF(ISNUMBER(B22),YEAR(B22),"") | O22: =IF(C22="","",IFERROR(INDEX(Crops!$C$6:$C$65,MATCH(C22,Crops!$B$6:$B$65,0))&"","")) | P22: =IF(ISNUMBER(B22),INT(B22),0) | Q22: =IF(AND(L22="",OR(J22="Growing",J22="Picking")),1,0) | R22: =IF(AND(Q22=1,D22<>""),P22*1000+ROW(),0) | S22: =IF(AND(AND(C22<>"",ISNUMBER(B22)),L22=""),1,0)
B23: 46172 | C23: Basil | D23: Patio pots | E23: Planted out | F23: 6 | I23: =IF(NOT(AND(C23<>"",ISNUMBER(B23))),"",IF(N(IFERROR(INDEX(Crops!$F$6:$F$65,MATCH(C23,Crops!$B$6:$B$65,0)),0))>0,INT(B23)+N(IFERROR(INDEX(Crops!$F$6:$F$65,MATCH(C23,Crops!$B$6:$B$65,0)),0)),"")) | J23: =IF(NOT(AND(C23<>"",ISNUMBER(B23))),"",IF(ISNUMBER(G23),"Done",IF(INT(B23)>TODAY(),"Planned",IF(COUNTIFS(Harvest!$C$6:$C$1505,C23,Harvest!$D$6:$D$1505,D23&"",Harvest!$L$6:$L$1505,">="&INT(B23))>0,"Picking","Growing")))) | K23: =IF(OR(NOT(AND(C23<>"",ISNUMBER(B23))),J23="Planned"),"",IF(ISNUMBER(G23),INT(G23),TODAY())-INT(B23)) | L23: =IF(AND(B23="",C23="",D23=""),"",IF(NOT(ISNUMBER(B23)),"Needs a date",IF(C23="","Needs a crop",IF(COUNTIF(Crops!$B$6:$B$65,C23)=0,"Not on Crops",IF(AND(D23<>"",COUNTIF(Beds!$B$6:$B$35,D23)=0),"Not on Beds",IF(AND(ISNUMBER(G23),G23<B23),"Cleared before it was planted","")))))) | M23: =IF(OR(L23<>"",D23="",O23=""),"",IF(COUNTIFS(Plantings!$D$6:$D$505,D23,Plantings!$O$6:$O$505,O23,Plantings!$N$6:$N$505,N23-1)>0,"Same family here last year","")) | N23: =IF(ISNUMBER(B23),YEAR(B23),"") | O23: =IF(C23="","",IFERROR(INDEX(Crops!$C$6:$C$65,MATCH(C23,Crops!$B$6:$B$65,0))&"","")) | P23: =IF(ISNUMBER(B23),INT(B23),0) | Q23: =IF(AND(L23="",OR(J23="Growing",J23="Picking")),1,0) | R23: =IF(AND(Q23=1,D23<>""),P23*1000+ROW(),0) | S23: =IF(AND(AND(C23<>"",ISNUMBER(B23)),L23=""),1,0)
B24: 46175 | C24: Runner beans | D24: Bed 1 | E24: Planted out | F24: 12 | I24: =IF(NOT(AND(C24<>"",ISNUMBER(B24))),"",IF(N(IFERROR(INDEX(Crops!$F$6:$F$65,MATCH(C24,Crops!$B$6:$B$65,0)),0))>0,INT(B24)+N(IFERROR(INDEX(Crops!$F$6:$F$65,MATCH(C24,Crops!$B$6:$B$65,0)),0)),"")) | J24: =IF(NOT(AND(C24<>"",ISNUMBER(B24))),"",IF(ISNUMBER(G24),"Done",IF(INT(B24)>TODAY(),"Planned",IF(COUNTIFS(Harvest!$C$6:$C$1505,C24,Harvest!$D$6:$D$1505,D24&"",Harvest!$L$6:$L$1505,">="&INT(B24))>0,"Picking","Growing")))) | K24: =IF(OR(NOT(AND(C24<>"",ISNUMBER(B24))),J24="Planned"),"",IF(ISNUMBER(G24),INT(G24),TODAY())-INT(B24)) | L24: =IF(AND(B24="",C24="",D24=""),"",IF(NOT(ISNUMBER(B24)),"Needs a date",IF(C24="","Needs a crop",IF(COUNTIF(Crops!$B$6:$B$65,C24)=0,"Not on Crops",IF(AND(D24<>"",COUNTIF(Beds!$B$6:$B$35,D24)=0),"Not on Beds",IF(AND(ISNUMBER(G24),G24<B24),"Cleared before it was planted","")))))) | M24: =IF(OR(L24<>"",D24="",O24=""),"",IF(COUNTIFS(Plantings!$D$6:$D$505,D24,Plantings!$O$6:$O$505,O24,Plantings!$N$6:$N$505,N24-1)>0,"Same family here last year","")) | N24: =IF(ISNUMBER(B24),YEAR(B24),"") | O24: =IF(C24="","",IFERROR(INDEX(Crops!$C$6:$C$65,MATCH(C24,Crops!$B$6:$B$65,0))&"","")) | P24: =IF(ISNUMBER(B24),INT(B24),0) | Q24: =IF(AND(L24="",OR(J24="Growing",J24="Picking")),1,0) | R24: =IF(AND(Q24=1,D24<>""),P24*1000+ROW(),0) | S24: =IF(AND(AND(C24<>"",ISNUMBER(B24)),L24=""),1,0)
B25: 46187 | C25: Beetroot | D25: Bed 4 | E25: Sown outside | F25: 1 | H25: After the potatoes come out | I25: =IF(NOT(AND(C25<>"",ISNUMBER(B25))),"",IF(N(IFERROR(INDEX(Crops!$F$6:$F$65,MATCH(C25,Crops!$B$6:$B$65,0)),0))>0,INT(B25)+N(IFERROR(INDEX(Crops!$F$6:$F$65,MATCH(C25,Crops!$B$6:$B$65,0)),0)),"")) | J25: =IF(NOT(AND(C25<>"",ISNUMBER(B25))),"",IF(ISNUMBER(G25),"Done",IF(INT(B25)>TODAY(),"Planned",IF(COUNTIFS(Harvest!$C$6:$C$1505,C25,Harvest!$D$6:$D$1505,D25&"",Harvest!$L$6:$L$1505,">="&INT(B25))>0,"Picking","Growing")))) | K25: =IF(OR(NOT(AND(C25<>"",ISNUMBER(B25))),J25="Planned"),"",IF(ISNUMBER(G25),INT(G25),TODAY())-INT(B25)) | L25: =IF(AND(B25="",C25="",D25=""),"",IF(NOT(ISNUMBER(B25)),"Needs a date",IF(C25="","Needs a crop",IF(COUNTIF(Crops!$B$6:$B$65,C25)=0,"Not on Crops",IF(AND(D25<>"",COUNTIF(Beds!$B$6:$B$35,D25)=0),"Not on Beds",IF(AND(ISNUMBER(G25),G25<B25),"Cleared before it was planted","")))))) | M25: =IF(OR(L25<>"",D25="",O25=""),"",IF(COUNTIFS(Plantings!$D$6:$D$505,D25,Plantings!$O$6:$O$505,O25,Plantings!$N$6:$N$505,N25-1)>0,"Same family here last year","")) | N25: =IF(ISNUMBER(B25),YEAR(B25),"") | O25: =IF(C25="","",IFERROR(INDEX(Crops!$C$6:$C$65,MATCH(C25,Crops!$B$6:$B$65,0))&"","")) | P25: =IF(ISNUMBER(B25),INT(B25),0) | Q25: =IF(AND(L25="",OR(J25="Growing",J25="Picking")),1,0) | R25: =IF(AND(Q25=1,D25<>""),P25*1000+ROW(),0) | S25: =IF(AND(AND(C25<>"",ISNUMBER(B25)),L25=""),1,0)
B26: 46193 | C26: Kale | D26: Bed 3 | E26: Planted out | F26: 6 | I26: =IF(NOT(AND(C26<>"",ISNUMBER(B26))),"",IF(N(IFERROR(INDEX(Crops!$F$6:$F$65,MATCH(C26,Crops!$B$6:$B$65,0)),0))>0,INT(B26)+N(IFERROR(INDEX(Crops!$F$6:$F$65,MATCH(C26,Crops!$B$6:$B$65,0)),0)),"")) | J26: =IF(NOT(AND(C26<>"",ISNUMBER(B26))),"",IF(ISNUMBER(G26),"Done",IF(INT(B26)>TODAY(),"Planned",IF(COUNTIFS(Harvest!$C$6:$C$1505,C26,Harvest!$D$6:$D$1505,D26&"",Harvest!$L$6:$L$1505,">="&INT(B26))>0,"Picking","Growing")))) | K26: =IF(OR(NOT(AND(C26<>"",ISNUMBER(B26))),J26="Planned"),"",IF(ISNUMBER(G26),INT(G26),TODAY())-INT(B26)) | L26: =IF(AND(B26="",C26="",D26=""),"",IF(NOT(ISNUMBER(B26)),"Needs a date",IF(C26="","Needs a crop",IF(COUNTIF(Crops!$B$6:$B$65,C26)=0,"Not on Crops",IF(AND(D26<>"",COUNTIF(Beds!$B$6:$B$35,D26)=0),"Not on Beds",IF(AND(ISNUMBER(G26),G26<B26),"Cleared before it was planted","")))))) | M26: =IF(OR(L26<>"",D26="",O26=""),"",IF(COUNTIFS(Plantings!$D$6:$D$505,D26,Plantings!$O$6:$O$505,O26,Plantings!$N$6:$N$505,N26-1)>0,"Same family here last year","")) | N26: =IF(ISNUMBER(B26),YEAR(B26),"") | O26: =IF(C26="","",IFERROR(INDEX(Crops!$C$6:$C$65,MATCH(C26,Crops!$B$6:$B$65,0))&"","")) | P26: =IF(ISNUMBER(B26),INT(B26),0) | Q26: =IF(AND(L26="",OR(J26="Growing",J26="Picking")),1,0) | R26: =IF(AND(Q26=1,D26<>""),P26*1000+ROW(),0) | S26: =IF(AND(AND(C26<>"",ISNUMBER(B26)),L26=""),1,0)
B27: 46244 | C27: Lettuce | D27: Herb bed | E27: Sown outside | F27: 1 | H27: Second sowing | I27: =IF(NOT(AND(C27<>"",ISNUMBER(B27))),"",IF(N(IFERROR(INDEX(Crops!$F$6:$F$65,MATCH(C27,Crops!$B$6:$B$65,0)),0))>0,INT(B27)+N(IFERROR(INDEX(Crops!$F$6:$F$65,MATCH(C27,Crops!$B$6:$B$65,0)),0)),"")) | J27: =IF(NOT(AND(C27<>"",ISNUMBER(B27))),"",IF(ISNUMBER(G27),"Done",IF(INT(B27)>TODAY(),"Planned",IF(COUNTIFS(Harvest!$C$6:$C$1505,C27,Harvest!$D$6:$D$1505,D27&"",Harvest!$L$6:$L$1505,">="&INT(B27))>0,"Picking","Growing")))) | K27: =IF(OR(NOT(AND(C27<>"",ISNUMBER(B27))),J27="Planned"),"",IF(ISNUMBER(G27),INT(G27),TODAY())-INT(B27)) | L27: =IF(AND(B27="",C27="",D27=""),"",IF(NOT(ISNUMBER(B27)),"Needs a date",IF(C27="","Needs a crop",IF(COUNTIF(Crops!$B$6:$B$65,C27)=0,"Not on Crops",IF(AND(D27<>"",COUNTIF(Beds!$B$6:$B$35,D27)=0),"Not on Beds",IF(AND(ISNUMBER(G27),G27<B27),"Cleared before it was planted","")))))) | M27: =IF(OR(L27<>"",D27="",O27=""),"",IF(COUNTIFS(Plantings!$D$6:$D$505,D27,Plantings!$O$6:$O$505,O27,Plantings!$N$6:$N$505,N27-1)>0,"Same family here last year","")) | N27: =IF(ISNUMBER(B27),YEAR(B27),"") | O27: =IF(C27="","",IFERROR(INDEX(Crops!$C$6:$C$65,MATCH(C27,Crops!$B$6:$B$65,0))&"","")) | P27: =IF(ISNUMBER(B27),INT(B27),0) | Q27: =IF(AND(L27="",OR(J27="Growing",J27="Picking")),1,0) | R27: =IF(AND(Q27=1,D27<>""),P27*1000+ROW(),0) | S27: =IF(AND(AND(C27<>"",ISNUMBER(B27)),L27=""),1,0)
B28: 46277 | C28: Spinach | D28: Bed 1 | E28: Sown outside | F28: 1 | H28: Under the beans | I28: =IF(NOT(AND(C28<>"",ISNUMBER(B28))),"",IF(N(IFERROR(INDEX(Crops!$F$6:$F$65,MATCH(C28,Crops!$B$6:$B$65,0)),0))>0,INT(B28)+N(IFERROR(INDEX(Crops!$F$6:$F$65,MATCH(C28,Crops!$B$6:$B$65,0)),0)),"")) | J28: =IF(NOT(AND(C28<>"",ISNUMBER(B28))),"",IF(ISNUMBER(G28),"Done",IF(INT(B28)>TODAY(),"Planned",IF(COUNTIFS(Harvest!$C$6:$C$1505,C28,Harvest!$D$6:$D$1505,D28&"",Harvest!$L$6:$L$1505,">="&INT(B28))>0,"Picking","Growing")))) | K28: =IF(OR(NOT(AND(C28<>"",ISNUMBER(B28))),J28="Planned"),"",IF(ISNUMBER(G28),INT(G28),TODAY())-INT(B28)) | L28: =IF(AND(B28="",C28="",D28=""),"",IF(NOT(ISNUMBER(B28)),"Needs a date",IF(C28="","Needs a crop",IF(COUNTIF(Crops!$B$6:$B$65,C28)=0,"Not on Crops",IF(AND(D28<>"",COUNTIF(Beds!$B$6:$B$35,D28)=0),"Not on Beds",IF(AND(ISNUMBER(G28),G28<B28),"Cleared before it was planted","")))))) | M28: =IF(OR(L28<>"",D28="",O28=""),"",IF(COUNTIFS(Plantings!$D$6:$D$505,D28,Plantings!$O$6:$O$505,O28,Plantings!$N$6:$N$505,N28-1)>0,"Same family here last year","")) | N28: =IF(ISNUMBER(B28),YEAR(B28),"") | O28: =IF(C28="","",IFERROR(INDEX(Crops!$C$6:$C$65,MATCH(C28,Crops!$B$6:$B$65,0))&"","")) | P28: =IF(ISNUMBER(B28),INT(B28),0) | Q28: =IF(AND(L28="",OR(J28="Growing",J28="Picking")),1,0) | R28: =IF(AND(Q28=1,D28<>""),P28*1000+ROW(),0) | S28: =IF(AND(AND(C28<>"",ISNUMBER(B28)),L28=""),1,0)
I29: =IF(NOT(AND(C29<>"",ISNUMBER(B29))),"",IF(N(IFERROR(INDEX(Crops!$F$6:$F$65,MATCH(C29,Crops!$B$6:$B$65,0)),0))>0,INT(B29)+N(IFERROR(INDEX(Crops!$F$6:$F$65,MATCH(C29,Crops!$B$6:$B$65,0)),0)),"")) | J29: =IF(NOT(AND(C29<>"",ISNUMBER(B29))),"",IF(ISNUMBER(G29),"Done",IF(INT(B29)>TODAY(),"Planned",IF(COUNTIFS(Harvest!$C$6:$C$1505,C29,Harvest!$D$6:$D$1505,D29&"",Harvest!$L$6:$L$1505,">="&INT(B29))>0,"Picking","Growing")))) | K29: =IF(OR(NOT(AND(C29<>"",ISNUMBER(B29))),J29="Planned"),"",IF(ISNUMBER(G29),INT(G29),TODAY())-INT(B29)) | L29: =IF(AND(B29="",C29="",D29=""),"",IF(NOT(ISNUMBER(B29)),"Needs a date",IF(C29="","Needs a crop",IF(COUNTIF(Crops!$B$6:$B$65,C29)=0,"Not on Crops",IF(AND(D29<>"",COUNTIF(Beds!$B$6:$B$35,D29)=0),"Not on Beds",IF(AND(ISNUMBER(G29),G29<B29),"Cleared before it was planted","")))))) | M29: =IF(OR(L29<>"",D29="",O29=""),"",IF(COUNTIFS(Plantings!$D$6:$D$505,D29,Plantings!$O$6:$O$505,O29,Plantings!$N$6:$N$505,N29-1)>0,"Same family here last year","")) | N29: =IF(ISNUMBER(B29),YEAR(B29),"") | O29: =IF(C29="","",IFERROR(INDEX(Crops!$C$6:$C$65,MATCH(C29,Crops!$B$6:$B$65,0))&"","")) | P29: =IF(ISNUMBER(B29),INT(B29),0) | Q29: =IF(AND(L29="",OR(J29="Growing",J29="Picking")),1,0) | R29: =IF(AND(Q29=1,D29<>""),P29*1000+ROW(),0) | S29: =IF(AND(AND(C29<>"",ISNUMBER(B29)),L29=""),1,0)
I30: =IF(NOT(AND(C30<>"",ISNUMBER(B30))),"",IF(N(IFERROR(INDEX(Crops!$F$6:$F$65,MATCH(C30,Crops!$B$6:$B$65,0)),0))>0,INT(B30)+N(IFERROR(INDEX(Crops!$F$6:$F$65,MATCH(C30,Crops!$B$6:$B$65,0)),0)),"")) | J30: =IF(NOT(AND(C30<>"",ISNUMBER(B30))),"",IF(ISNUMBER(G30),"Done",IF(INT(B30)>TODAY(),"Planned",IF(COUNTIFS(Harvest!$C$6:$C$1505,C30,Harvest!$D$6:$D$1505,D30&"",Harvest!$L$6:$L$1505,">="&INT(B30))>0,"Picking","Growing")))) | K30: =IF(OR(NOT(AND(C30<>"",ISNUMBER(B30))),J30="Planned"),"",IF(ISNUMBER(G30),INT(G30),TODAY())-INT(B30)) | L30: =IF(AND(B30="",C30="",D30=""),"",IF(NOT(ISNUMBER(B30)),"Needs a date",IF(C30="","Needs a crop",IF(COUNTIF(Crops!$B$6:$B$65,C30)=0,"Not on Crops",IF(AND(D30<>"",COUNTIF(Beds!$B$6:$B$35,D30)=0),"Not on Beds",IF(AND(ISNUMBER(G30),G30<B30),"Cleared before it was planted","")))))) | M30: =IF(OR(L30<>"",D30="",O30=""),"",IF(COUNTIFS(Plantings!$D$6:$D$505,D30,Plantings!$O$6:$O$505,O30,Plantings!$N$6:$N$505,N30-1)>0,"Same family here last year","")) | N30: =IF(ISNUMBER(B30),YEAR(B30),"") | O30: =IF(C30="","",IFERROR(INDEX(Crops!$C$6:$C$65,MATCH(C30,Crops!$B$6:$B$65,0))&"","")) | P30: =IF(ISNUMBER(B30),INT(B30),0) | Q30: =IF(AND(L30="",OR(J30="Growing",J30="Picking")),1,0) | R30: =IF(AND(Q30=1,D30<>""),P30*1000+ROW(),0) | S30: =IF(AND(AND(C30<>"",ISNUMBER(B30)),L30=""),1,0)
I31: =IF(NOT(AND(C31<>"",ISNUMBER(B31))),"",IF(N(IFERROR(INDEX(Crops!$F$6:$F$65,MATCH(C31,Crops!$B$6:$B$65,0)),0))>0,INT(B31)+N(IFERROR(INDEX(Crops!$F$6:$F$65,MATCH(C31,Crops!$B$6:$B$65,0)),0)),"")) | J31: =IF(NOT(AND(C31<>"",ISNUMBER(B31))),"",IF(ISNUMBER(G31),"Done",IF(INT(B31)>TODAY(),"Planned",IF(COUNTIFS(Harvest!$C$6:$C$1505,C31,Harvest!$D$6:$D$1505,D31&"",Harvest!$L$6:$L$1505,">="&INT(B31))>0,"Picking","Growing")))) | K31: =IF(OR(NOT(AND(C31<>"",ISNUMBER(B31))),J31="Planned"),"",IF(ISNUMBER(G31),INT(G31),TODAY())-INT(B31)) | L31: =IF(AND(B31="",C31="",D31=""),"",IF(NOT(ISNUMBER(B31)),"Needs a date",IF(C31="","Needs a crop",IF(COUNTIF(Crops!$B$6:$B$65,C31)=0,"Not on Crops",IF(AND(D31<>"",COUNTIF(Beds!$B$6:$B$35,D31)=0),"Not on Beds",IF(AND(ISNUMBER(G31),G31<B31),"Cleared before it was planted","")))))) | M31: =IF(OR(L31<>"",D31="",O31=""),"",IF(COUNTIFS(Plantings!$D$6:$D$505,D31,Plantings!$O$6:$O$505,O31,Plantings!$N$6:$N$505,N31-1)>0,"Same family here last year","")) | N31: =IF(ISNUMBER(B31),YEAR(B31),"") | O31: =IF(C31="","",IFERROR(INDEX(Crops!$C$6:$C$65,MATCH(C31,Crops!$B$6:$B$65,0))&"","")) | P31: =IF(ISNUMBER(B31),INT(B31),0) | Q31: =IF(AND(L31="",OR(J31="Growing",J31="Picking")),1,0) | R31: =IF(AND(Q31=1,D31<>""),P31*1000+ROW(),0) | S31: =IF(AND(AND(C31<>"",ISNUMBER(B31)),L31=""),1,0)
I32: =IF(NOT(AND(C32<>"",ISNUMBER(B32))),"",IF(N(IFERROR(INDEX(Crops!$F$6:$F$65,MATCH(C32,Crops!$B$6:$B$65,0)),0))>0,INT(B32)+N(IFERROR(INDEX(Crops!$F$6:$F$65,MATCH(C32,Crops!$B$6:$B$65,0)),0)),"")) | J32: =IF(NOT(AND(C32<>"",ISNUMBER(B32))),"",IF(ISNUMBER(G32),"Done",IF(INT(B32)>TODAY(),"Planned",IF(COUNTIFS(Harvest!$C$6:$C$1505,C32,Harvest!$D$6:$D$1505,D32&"",Harvest!$L$6:$L$1505,">="&INT(B32))>0,"Picking","Growing")))) | K32: =IF(OR(NOT(AND(C32<>"",ISNUMBER(B32))),J32="Planned"),"",IF(ISNUMBER(G32),INT(G32),TODAY())-INT(B32)) | L32: =IF(AND(B32="",C32="",D32=""),"",IF(NOT(ISNUMBER(B32)),"Needs a date",IF(C32="","Needs a crop",IF(COUNTIF(Crops!$B$6:$B$65,C32)=0,"Not on Crops",IF(AND(D32<>"",COUNTIF(Beds!$B$6:$B$35,D32)=0),"Not on Beds",IF(AND(ISNUMBER(G32),G32<B32),"Cleared before it was planted","")))))) | M32: =IF(OR(L32<>"",D32="",O32=""),"",IF(COUNTIFS(Plantings!$D$6:$D$505,D32,Plantings!$O$6:$O$505,O32,Plantings!$N$6:$N$505,N32-1)>0,"Same family here last year","")) | N32: =IF(ISNUMBER(B32),YEAR(B32),"") | O32: =IF(C32="","",IFERROR(INDEX(Crops!$C$6:$C$65,MATCH(C32,Crops!$B$6:$B$65,0))&"","")) | P32: =IF(ISNUMBER(B32),INT(B32),0) | Q32: =IF(AND(L32="",OR(J32="Growing",J32="Picking")),1,0) | R32: =IF(AND(Q32=1,D32<>""),P32*1000+ROW(),0) | S32: =IF(AND(AND(C32<>"",ISNUMBER(B32)),L32=""),1,0)
I33: =IF(NOT(AND(C33<>"",ISNUMBER(B33))),"",IF(N(IFERROR(INDEX(Crops!$F$6:$F$65,MATCH(C33,Crops!$B$6:$B$65,0)),0))>0,INT(B33)+N(IFERROR(INDEX(Crops!$F$6:$F$65,MATCH(C33,Crops!$B$6:$B$65,0)),0)),"")) | J33: =IF(NOT(AND(C33<>"",ISNUMBER(B33))),"",IF(ISNUMBER(G33),"Done",IF(INT(B33)>TODAY(),"Planned",IF(COUNTIFS(Harvest!$C$6:$C$1505,C33,Harvest!$D$6:$D$1505,D33&"",Harvest!$L$6:$L$1505,">="&INT(B33))>0,"Picking","Growing")))) | K33: =IF(OR(NOT(AND(C33<>"",ISNUMBER(B33))),J33="Planned"),"",IF(ISNUMBER(G33),INT(G33),TODAY())-INT(B33)) | L33: =IF(AND(B33="",C33="",D33=""),"",IF(NOT(ISNUMBER(B33)),"Needs a date",IF(C33="","Needs a crop",IF(COUNTIF(Crops!$B$6:$B$65,C33)=0,"Not on Crops",IF(AND(D33<>"",COUNTIF(Beds!$B$6:$B$35,D33)=0),"Not on Beds",IF(AND(ISNUMBER(G33),G33<B33),"Cleared before it was planted","")))))) | M33: =IF(OR(L33<>"",D33="",O33=""),"",IF(COUNTIFS(Plantings!$D$6:$D$505,D33,Plantings!$O$6:$O$505,O33,Plantings!$N$6:$N$505,N33-1)>0,"Same family here last year","")) | N33: =IF(ISNUMBER(B33),YEAR(B33),"") | O33: =IF(C33="","",IFERROR(INDEX(Crops!$C$6:$C$65,MATCH(C33,Crops!$B$6:$B$65,0))&"","")) | P33: =IF(ISNUMBER(B33),INT(B33),0) | Q33: =IF(AND(L33="",OR(J33="Growing",J33="Picking")),1,0) | R33: =IF(AND(Q33=1,D33<>""),P33*1000+ROW(),0) | S33: =IF(AND(AND(C33<>"",ISNUMBER(B33)),L33=""),1,0)
I34: =IF(NOT(AND(C34<>"",ISNUMBER(B34))),"",IF(N(IFERROR(INDEX(Crops!$F$6:$F$65,MATCH(C34,Crops!$B$6:$B$65,0)),0))>0,INT(B34)+N(IFERROR(INDEX(Crops!$F$6:$F$65,MATCH(C34,Crops!$B$6:$B$65,0)),0)),"")) | J34: =IF(NOT(AND(C34<>"",ISNUMBER(B34))),"",IF(ISNUMBER(G34),"Done",IF(INT(B34)>TODAY(),"Planned",IF(COUNTIFS(Harvest!$C$6:$C$1505,C34,Harvest!$D$6:$D$1505,D34&"",Harvest!$L$6:$L$1505,">="&INT(B34))>0,"Picking","Growing")))) | K34: =IF(OR(NOT(AND(C34<>"",ISNUMBER(B34))),J34="Planned"),"",IF(ISNUMBER(G34),INT(G34),TODAY())-INT(B34)) | L34: =IF(AND(B34="",C34="",D34=""),"",IF(NOT(ISNUMBER(B34)),"Needs a date",IF(C34="","Needs a crop",IF(COUNTIF(Crops!$B$6:$B$65,C34)=0,"Not on Crops",IF(AND(D34<>"",COUNTIF(Beds!$B$6:$B$35,D34)=0),"Not on Beds",IF(AND(ISNUMBER(G34),G34<B34),"Cleared before it was planted","")))))) | M34: =IF(OR(L34<>"",D34="",O34=""),"",IF(COUNTIFS(Plantings!$D$6:$D$505,D34,Plantings!$O$6:$O$505,O34,Plantings!$N$6:$N$505,N34-1)>0,"Same family here last year","")) | N34: =IF(ISNUMBER(B34),YEAR(B34),"") | O34: =IF(C34="","",IFERROR(INDEX(Crops!$C$6:$C$65,MATCH(C34,Crops!$B$6:$B$65,0))&"","")) | P34: =IF(ISNUMBER(B34),INT(B34),0) | Q34: =IF(AND(L34="",OR(J34="Growing",J34="Picking")),1,0) | R34: =IF(AND(Q34=1,D34<>""),P34*1000+ROW(),0) | S34: =IF(AND(AND(C34<>"",ISNUMBER(B34)),L34=""),1,0)
I35: =IF(NOT(AND(C35<>"",ISNUMBER(B35))),"",IF(N(IFERROR(INDEX(Crops!$F$6:$F$65,MATCH(C35,Crops!$B$6:$B$65,0)),0))>0,INT(B35)+N(IFERROR(INDEX(Crops!$F$6:$F$65,MATCH(C35,Crops!$B$6:$B$65,0)),0)),"")) | J35: =IF(NOT(AND(C35<>"",ISNUMBER(B35))),"",IF(ISNUMBER(G35),"Done",IF(INT(B35)>TODAY(),"Planned",IF(COUNTIFS(Harvest!$C$6:$C$1505,C35,Harvest!$D$6:$D$1505,D35&"",Harvest!$L$6:$L$1505,">="&INT(B35))>0,"Picking","Growing")))) | K35: =IF(OR(NOT(AND(C35<>"",ISNUMBER(B35))),J35="Planned"),"",IF(ISNUMBER(G35),INT(G35),TODAY())-INT(B35)) | L35: =IF(AND(B35="",C35="",D35=""),"",IF(NOT(ISNUMBER(B35)),"Needs a date",IF(C35="","Needs a crop",IF(COUNTIF(Crops!$B$6:$B$65,C35)=0,"Not on Crops",IF(AND(D35<>"",COUNTIF(Beds!$B$6:$B$35,D35)=0),"Not on Beds",IF(AND(ISNUMBER(G35),G35<B35),"Cleared before it was planted","")))))) | M35: =IF(OR(L35<>"",D35="",O35=""),"",IF(COUNTIFS(Plantings!$D$6:$D$505,D35,Plantings!$O$6:$O$505,O35,Plantings!$N$6:$N$505,N35-1)>0,"Same family here last year","")) | N35: =IF(ISNUMBER(B35),YEAR(B35),"") | O35: =IF(C35="","",IFERROR(INDEX(Crops!$C$6:$C$65,MATCH(C35,Crops!$B$6:$B$65,0))&"","")) | P35: =IF(ISNUMBER(B35),INT(B35),0) | Q35: =IF(AND(L35="",OR(J35="Growing",J35="Picking")),1,0) | R35: =IF(AND(Q35=1,D35<>""),P35*1000+ROW(),0) | S35: =IF(AND(AND(C35<>"",ISNUMBER(B35)),L35=""),1,0)
I36: =IF(NOT(AND(C36<>"",ISNUMBER(B36))),"",IF(N(IFERROR(INDEX(Crops!$F$6:$F$65,MATCH(C36,Crops!$B$6:$B$65,0)),0))>0,INT(B36)+N(IFERROR(INDEX(Crops!$F$6:$F$65,MATCH(C36,Crops!$B$6:$B$65,0)),0)),"")) | J36: =IF(NOT(AND(C36<>"",ISNUMBER(B36))),"",IF(ISNUMBER(G36),"Done",IF(INT(B36)>TODAY(),"Planned",IF(COUNTIFS(Harvest!$C$6:$C$1505,C36,Harvest!$D$6:$D$1505,D36&"",Harvest!$L$6:$L$1505,">="&INT(B36))>0,"Picking","Growing")))) | K36: =IF(OR(NOT(AND(C36<>"",ISNUMBER(B36))),J36="Planned"),"",IF(ISNUMBER(G36),INT(G36),TODAY())-INT(B36)) | L36: =IF(AND(B36="",C36="",D36=""),"",IF(NOT(ISNUMBER(B36)),"Needs a date",IF(C36="","Needs a crop",IF(COUNTIF(Crops!$B$6:$B$65,C36)=0,"Not on Crops",IF(AND(D36<>"",COUNTIF(Beds!$B$6:$B$35,D36)=0),"Not on Beds",IF(AND(ISNUMBER(G36),G36<B36),"Cleared before it was planted","")))))) | M36: =IF(OR(L36<>"",D36="",O36=""),"",IF(COUNTIFS(Plantings!$D$6:$D$505,D36,Plantings!$O$6:$O$505,O36,Plantings!$N$6:$N$505,N36-1)>0,"Same family here last year","")) | N36: =IF(ISNUMBER(B36),YEAR(B36),"") | O36: =IF(C36="","",IFERROR(INDEX(Crops!$C$6:$C$65,MATCH(C36,Crops!$B$6:$B$65,0))&"","")) | P36: =IF(ISNUMBER(B36),INT(B36),0) | Q36: =IF(AND(L36="",OR(J36="Growing",J36="Picking")),1,0) | R36: =IF(AND(Q36=1,D36<>""),P36*1000+ROW(),0) | S36: =IF(AND(AND(C36<>"",ISNUMBER(B36)),L36=""),1,0)
I37: =IF(NOT(AND(C37<>"",ISNUMBER(B37))),"",IF(N(IFERROR(INDEX(Crops!$F$6:$F$65,MATCH(C37,Crops!$B$6:$B$65,0)),0))>0,INT(B37)+N(IFERROR(INDEX(Crops!$F$6:$F$65,MATCH(C37,Crops!$B$6:$B$65,0)),0)),"")) | J37: =IF(NOT(AND(C37<>"",ISNUMBER(B37))),"",IF(ISNUMBER(G37),"Done",IF(INT(B37)>TODAY(),"Planned",IF(COUNTIFS(Harvest!$C$6:$C$1505,C37,Harvest!$D$6:$D$1505,D37&"",Harvest!$L$6:$L$1505,">="&INT(B37))>0,"Picking","Growing")))) | K37: =IF(OR(NOT(AND(C37<>"",ISNUMBER(B37))),J37="Planned"),"",IF(ISNUMBER(G37),INT(G37),TODAY())-INT(B37)) | L37: =IF(AND(B37="",C37="",D37=""),"",IF(NOT(ISNUMBER(B37)),"Needs a date",IF(C37="","Needs a crop",IF(COUNTIF(Crops!$B$6:$B$65,C37)=0,"Not on Crops",IF(AND(D37<>"",COUNTIF(Beds!$B$6:$B$35,D37)=0),"Not on Beds",IF(AND(ISNUMBER(G37),G37<B37),"Cleared before it was planted","")))))) | M37: =IF(OR(L37<>"",D37="",O37=""),"",IF(COUNTIFS(Plantings!$D$6:$D$505,D37,Plantings!$O$6:$O$505,O37,Plantings!$N$6:$N$505,N37-1)>0,"Same family here last year","")) | N37: =IF(ISNUMBER(B37),YEAR(B37),"") | O37: =IF(C37="","",IFERROR(INDEX(Crops!$C$6:$C$65,MATCH(C37,Crops!$B$6:$B$65,0))&"","")) | P37: =IF(ISNUMBER(B37),INT(B37),0) | Q37: =IF(AND(L37="",OR(J37="Growing",J37="Picking")),1,0) | R37: =IF(AND(Q37=1,D37<>""),P37*1000+ROW(),0) | S37: =IF(AND(AND(C37<>"",ISNUMBER(B37)),L37=""),1,0)
I38: =IF(NOT(AND(C38<>"",ISNUMBER(B38))),"",IF(N(IFERROR(INDEX(Crops!$F$6:$F$65,MATCH(C38,Crops!$B$6:$B$65,0)),0))>0,INT(B38)+N(IFERROR(INDEX(Crops!$F$6:$F$65,MATCH(C38,Crops!$B$6:$B$65,0)),0)),"")) | J38: =IF(NOT(AND(C38<>"",ISNUMBER(B38))),"",IF(ISNUMBER(G38),"Done",IF(INT(B38)>TODAY(),"Planned",IF(COUNTIFS(Harvest!$C$6:$C$1505,C38,Harvest!$D$6:$D$1505,D38&"",Harvest!$L$6:$L$1505,">="&INT(B38))>0,"Picking","Growing")))) | K38: =IF(OR(NOT(AND(C38<>"",ISNUMBER(B38))),J38="Planned"),"",IF(ISNUMBER(G38),INT(G38),TODAY())-INT(B38)) | L38: =IF(AND(B38="",C38="",D38=""),"",IF(NOT(ISNUMBER(B38)),"Needs a date",IF(C38="","Needs a crop",IF(COUNTIF(Crops!$B$6:$B$65,C38)=0,"Not on Crops",IF(AND(D38<>"",COUNTIF(Beds!$B$6:$B$35,D38)=0),"Not on Beds",IF(AND(ISNUMBER(G38),G38<B38),"Cleared before it was planted","")))))) | M38: =IF(OR(L38<>"",D38="",O38=""),"",IF(COUNTIFS(Plantings!$D$6:$D$505,D38,Plantings!$O$6:$O$505,O38,Plantings!$N$6:$N$505,N38-1)>0,"Same family here last year","")) | N38: =IF(ISNUMBER(B38),YEAR(B38),"") | O38: =IF(C38="","",IFERROR(INDEX(Crops!$C$6:$C$65,MATCH(C38,Crops!$B$6:$B$65,0))&"","")) | P38: =IF(ISNUMBER(B38),INT(B38),0) | Q38: =IF(AND(L38="",OR(J38="Growing",J38="Picking")),1,0) | R38: =IF(AND(Q38=1,D38<>""),P38*1000+ROW(),0) | S38: =IF(AND(AND(C38<>"",ISNUMBER(B38)),L38=""),1,0)
I39: =IF(NOT(AND(C39<>"",ISNUMBER(B39))),"",IF(N(IFERROR(INDEX(Crops!$F$6:$F$65,MATCH(C39,Crops!$B$6:$B$65,0)),0))>0,INT(B39)+N(IFERROR(INDEX(Crops!$F$6:$F$65,MATCH(C39,Crops!$B$6:$B$65,0)),0)),"")) | J39: =IF(NOT(AND(C39<>"",ISNUMBER(B39))),"",IF(ISNUMBER(G39),"Done",IF(INT(B39)>TODAY(),"Planned",IF(COUNTIFS(Harvest!$C$6:$C$1505,C39,Harvest!$D$6:$D$1505,D39&"",Harvest!$L$6:$L$1505,">="&INT(B39))>0,"Picking","Growing")))) | K39: =IF(OR(NOT(AND(C39<>"",ISNUMBER(B39))),J39="Planned"),"",IF(ISNUMBER(G39),INT(G39),TODAY())-INT(B39)) | L39: =IF(AND(B39="",C39="",D39=""),"",IF(NOT(ISNUMBER(B39)),"Needs a date",IF(C39="","Needs a crop",IF(COUNTIF(Crops!$B$6:$B$65,C39)=0,"Not on Crops",IF(AND(D39<>"",COUNTIF(Beds!$B$6:$B$35,D39)=0),"Not on Beds",IF(AND(ISNUMBER(G39),G39<B39),"Cleared before it was planted","")))))) | M39: =IF(OR(L39<>"",D39="",O39=""),"",IF(COUNTIFS(Plantings!$D$6:$D$505,D39,Plantings!$O$6:$O$505,O39,Plantings!$N$6:$N$505,N39-1)>0,"Same family here last year","")) | N39: =IF(ISNUMBER(B39),YEAR(B39),"") | O39: =IF(C39="","",IFERROR(INDEX(Crops!$C$6:$C$65,MATCH(C39,Crops!$B$6:$B$65,0))&"","")) | P39: =IF(ISNUMBER(B39),INT(B39),0) | Q39: =IF(AND(L39="",OR(J39="Growing",J39="Picking")),1,0) | R39: =IF(AND(Q39=1,D39<>""),P39*1000+ROW(),0) | S39: =IF(AND(AND(C39<>"",ISNUMBER(B39)),L39=""),1,0)
I40: =IF(NOT(AND(C40<>"",ISNUMBER(B40))),"",IF(N(IFERROR(INDEX(Crops!$F$6:$F$65,MATCH(C40,Crops!$B$6:$B$65,0)),0))>0,INT(B40)+N(IFERROR(INDEX(Crops!$F$6:$F$65,MATCH(C40,Crops!$B$6:$B$65,0)),0)),"")) | J40: =IF(NOT(AND(C40<>"",ISNUMBER(B40))),"",IF(ISNUMBER(G40),"Done",IF(INT(B40)>TODAY(),"Planned",IF(COUNTIFS(Harvest!$C$6:$C$1505,C40,Harvest!$D$6:$D$1505,D40&"",Harvest!$L$6:$L$1505,">="&INT(B40))>0,"Picking","Growing")))) | K40: =IF(OR(NOT(AND(C40<>"",ISNUMBER(B40))),J40="Planned"),"",IF(ISNUMBER(G40),INT(G40),TODAY())-INT(B40)) | L40: =IF(AND(B40="",C40="",D40=""),"",IF(NOT(ISNUMBER(B40)),"Needs a date",IF(C40="","Needs a crop",IF(COUNTIF(Crops!$B$6:$B$65,C40)=0,"Not on Crops",IF(AND(D40<>"",COUNTIF(Beds!$B$6:$B$35,D40)=0),"Not on Beds",IF(AND(ISNUMBER(G40),G40<B40),"Cleared before it was planted","")))))) | M40: =IF(OR(L40<>"",D40="",O40=""),"",IF(COUNTIFS(Plantings!$D$6:$D$505,D40,Plantings!$O$6:$O$505,O40,Plantings!$N$6:$N$505,N40-1)>0,"Same family here last year","")) | N40: =IF(ISNUMBER(B40),YEAR(B40),"") | O40: =IF(C40="","",IFERROR(INDEX(Crops!$C$6:$C$65,MATCH(C40,Crops!$B$6:$B$65,0))&"","")) | P40: =IF(ISNUMBER(B40),INT(B40),0) | Q40: =IF(AND(L40="",OR(J40="Growing",J40="Picking")),1,0) | R40: =IF(AND(Q40=1,D40<>""),P40*1000+ROW(),0) | S40: =IF(AND(AND(C40<>"",ISNUMBER(B40)),L40=""),1,0)
... I505: =IF(NOT(AND(C505<>"",ISNUMBER(B505))),"",IF(N(IFERROR(INDEX(Crops!$F$6:$F$65,MATCH(C505,Crops!$B$6:$B$65,0)),0))>0,INT(B505)+N(IFERROR(INDEX(Crops!$F$6:$F$65,MATCH(C505,Crops!$B$6:$B$65,0)),0)),"")) | J505: =IF(NOT(AND(C505<>"",ISNUMBER(B505))),"",IF(ISNUMBER(G505),"Done",IF(INT(B505)>TODAY(),"Planned",IF(COUNTIFS(Harvest!$C$6:$C$1505,C505,Harvest!$D$6:$D$1505,D505&"",Harvest!$L$6:$L$1505,">="&INT(B505))>0,"Picking","Growing")))) | K505: =IF(OR(NOT(AND(C505<>"",ISNUMBER(B505))),J505="Planned"),"",IF(ISNUMBER(G505),INT(G505),TODAY())-INT(B505)) | L505: =IF(AND(B505="",C505="",D505=""),"",IF(NOT(ISNUMBER(B505)),"Needs a date",IF(C505="","Needs a crop",IF(COUNTIF(Crops!$B$6:$B$65,C505)=0,"Not on Crops",IF(AND(D505<>"",COUNTIF(Beds!$B$6:$B$35,D505)=0),"Not on Beds",IF(AND(ISNUMBER(G505),G505<B505),"Cleared before it was planted","")))))) | M505: =IF(OR(L505<>"",D505="",O505=""),"",IF(COUNTIFS(Plantings!$D$6:$D$505,D505,Plantings!$O$6:$O$505,O505,Plantings!$N$6:$N$505,N505-1)>0,"Same family here last year","")) | N505: =IF(ISNUMBER(B505),YEAR(B505),"") | O505: =IF(C505="","",IFERROR(INDEX(Crops!$C$6:$C$65,MATCH(C505,Crops!$B$6:$B$65,0))&"","")) | P505: =IF(ISNUMBER(B505),INT(B505),0) | Q505: =IF(AND(L505="",OR(J505="Growing",J505="Picking")),1,0) | R505: =IF(AND(Q505=1,D505<>""),P505*1000+ROW(),0) | S505: =IF(AND(AND(C505<>"",ISNUMBER(B505)),L505=""),1,0)

Sheet Harvest
B2: Harvest
B3: Each time you pick something. It is valued at the shop price on the Crops tab.
B5: Date | C5: Crop | D5: Bed | E5: Amount | F5: Note | G5: Unit | H5: Value | I5: Check
B6: 45853 | C6: Potatoes | D6: Bed 2 | E6: 3.56 | G6: =IF(C6="","",IFERROR(INDEX(Crops!$D$6:$D$65,MATCH(C6,Crops!$B$6:$B$65,0))&"","")) | H6: =IF(OR(C6="",NOT(ISNUMBER(E6))),"",E6*N(IFERROR(INDEX(Crops!$E$6:$E$65,MATCH(C6,Crops!$B$6:$B$65,0)),0))) | I6: =IF(AND(C6="",E6=""),"",IF(NOT(ISNUMBER(B6)),"Needs a date",IF(C6="","Needs a crop",IF(COUNTIF(Crops!$B$6:$B$65,C6)=0,"Not on Crops",IF(NOT(ISNUMBER(E6)),"Needs the amount",IF(AND(D6<>"",COUNTIF(Beds!$B$6:$B$35,D6)=0),"Not on Beds","")))))) | J6: =IF(ISNUMBER(B6),YEAR(B6),"") | K6: =IF(ISNUMBER(B6),YEAR(B6)*100+MONTH(B6),"") | L6: =IF(ISNUMBER(B6),INT(B6),0)
B7: 45858 | C7: Tomatoes | D7: Bed 1 | E7: 0.65 | G7: =IF(C7="","",IFERROR(INDEX(Crops!$D$6:$D$65,MATCH(C7,Crops!$B$6:$B$65,0))&"","")) | H7: =IF(OR(C7="",NOT(ISNUMBER(E7))),"",E7*N(IFERROR(INDEX(Crops!$E$6:$E$65,MATCH(C7,Crops!$B$6:$B$65,0)),0))) | I7: =IF(AND(C7="",E7=""),"",IF(NOT(ISNUMBER(B7)),"Needs a date",IF(C7="","Needs a crop",IF(COUNTIF(Crops!$B$6:$B$65,C7)=0,"Not on Crops",IF(NOT(ISNUMBER(E7)),"Needs the amount",IF(AND(D7<>"",COUNTIF(Beds!$B$6:$B$35,D7)=0),"Not on Beds","")))))) | J7: =IF(ISNUMBER(B7),YEAR(B7),"") | K7: =IF(ISNUMBER(B7),YEAR(B7)*100+MONTH(B7),"") | L7: =IF(ISNUMBER(B7),INT(B7),0)
B8: 45858 | C8: Carrots | D8: Bed 3 | E8: 0.97 | G8: =IF(C8="","",IFERROR(INDEX(Crops!$D$6:$D$65,MATCH(C8,Crops!$B$6:$B$65,0))&"","")) | H8: =IF(OR(C8="",NOT(ISNUMBER(E8))),"",E8*N(IFERROR(INDEX(Crops!$E$6:$E$65,MATCH(C8,Crops!$B$6:$B$65,0)),0))) | I8: =IF(AND(C8="",E8=""),"",IF(NOT(ISNUMBER(B8)),"Needs a date",IF(C8="","Needs a crop",IF(COUNTIF(Crops!$B$6:$B$65,C8)=0,"Not on Crops",IF(NOT(ISNUMBER(E8)),"Needs the amount",IF(AND(D8<>"",COUNTIF(Beds!$B$6:$B$35,D8)=0),"Not on Beds","")))))) | J8: =IF(ISNUMBER(B8),YEAR(B8),"") | K8: =IF(ISNUMBER(B8),YEAR(B8)*100+MONTH(B8),"") | L8: =IF(ISNUMBER(B8),INT(B8),0)
B9: 45861 | C9: Potatoes | D9: Bed 2 | E9: 3.75 | G9: =IF(C9="","",IFERROR(INDEX(Crops!$D$6:$D$65,MATCH(C9,Crops!$B$6:$B$65,0))&"","")) | H9: =IF(OR(C9="",NOT(ISNUMBER(E9))),"",E9*N(IFERROR(INDEX(Crops!$E$6:$E$65,MATCH(C9,Crops!$B$6:$B$65,0)),0))) | I9: =IF(AND(C9="",E9=""),"",IF(NOT(ISNUMBER(B9)),"Needs a date",IF(C9="","Needs a crop",IF(COUNTIF(Crops!$B$6:$B$65,C9)=0,"Not on Crops",IF(NOT(ISNUMBER(E9)),"Needs the amount",IF(AND(D9<>"",COUNTIF(Beds!$B$6:$B$35,D9)=0),"Not on Beds","")))))) | J9: =IF(ISNUMBER(B9),YEAR(B9),"") | K9: =IF(ISNUMBER(B9),YEAR(B9)*100+MONTH(B9),"") | L9: =IF(ISNUMBER(B9),INT(B9),0)
B10: 45863 | C10: Runner beans | D10: Bed 3 | E10: 0.46 | G10: =IF(C10="","",IFERROR(INDEX(Crops!$D$6:$D$65,MATCH(C10,Crops!$B$6:$B$65,0))&"","")) | H10: =IF(OR(C10="",NOT(ISNUMBER(E10))),"",E10*N(IFERROR(INDEX(Crops!$E$6:$E$65,MATCH(C10,Crops!$B$6:$B$65,0)),0))) | I10: =IF(AND(C10="",E10=""),"",IF(NOT(ISNUMBER(B10)),"Needs a date",IF(C10="","Needs a crop",IF(COUNTIF(Crops!$B$6:$B$65,C10)=0,"Not on Crops",IF(NOT(ISNUMBER(E10)),"Needs the amount",IF(AND(D10<>"",COUNTIF(Beds!$B$6:$B$35,D10)=0),"Not on Beds","")))))) | J10: =IF(ISNUMBER(B10),YEAR(B10),"") | K10: =IF(ISNUMBER(B10),YEAR(B10)*100+MONTH(B10),"") | L10: =IF(ISNUMBER(B10),INT(B10),0)
B11: 45864 | C11: Tomatoes | D11: Bed 1 | E11: 1.52 | G11: =IF(C11="","",IFERROR(INDEX(Crops!$D$6:$D$65,MATCH(C11,Crops!$B$6:$B$65,0))&"","")) | H11: =IF(OR(C11="",NOT(ISNUMBER(E11))),"",E11*N(IFERROR(INDEX(Crops!$E$6:$E$65,MATCH(C11,Crops!$B$6:$B$65,0)),0))) | I11: =IF(AND(C11="",E11=""),"",IF(NOT(ISNUMBER(B11)),"Needs a date",IF(C11="","Needs a crop",IF(COUNTIF(Crops!$B$6:$B$65,C11)=0,"Not on Crops",IF(NOT(ISNUMBER(E11)),"Needs the amount",IF(AND(D11<>"",COUNTIF(Beds!$B$6:$B$35,D11)=0),"Not on Beds","")))))) | J11: =IF(ISNUMBER(B11),YEAR(B11),"") | K11: =IF(ISNUMBER(B11),YEAR(B11)*100+MONTH(B11),"") | L11: =IF(ISNUMBER(B11),INT(B11),0)
B12: 45868 | C12: Runner beans | D12: Bed 3 | E12: 0.53 | G12: =IF(C12="","",IFERROR(INDEX(Crops!$D$6:$D$65,MATCH(C12,Crops!$B$6:$B$65,0))&"","")) | H12: =IF(OR(C12="",NOT(ISNUMBER(E12))),"",E12*N(IFERROR(INDEX(Crops!$E$6:$E$65,MATCH(C12,Crops!$B$6:$B$65,0)),0))) | I12: =IF(AND(C12="",E12=""),"",IF(NOT(ISNUMBER(B12)),"Needs a date",IF(C12="","Needs a crop",IF(COUNTIF(Crops!$B$6:$B$65,C12)=0,"Not on Crops",IF(NOT(ISNUMBER(E12)),"Needs the amount",IF(AND(D12<>"",COUNTIF(Beds!$B$6:$B$35,D12)=0),"Not on Beds","")))))) | J12: =IF(ISNUMBER(B12),YEAR(B12),"") | K12: =IF(ISNUMBER(B12),YEAR(B12)*100+MONTH(B12),"") | L12: =IF(ISNUMBER(B12),INT(B12),0)
B13: 45869 | C13: Tomatoes | D13: Bed 1 | E13: 1.04 | G13: =IF(C13="","",IFERROR(INDEX(Crops!$D$6:$D$65,MATCH(C13,Crops!$B$6:$B$65,0))&"","")) | H13: =IF(OR(C13="",NOT(ISNUMBER(E13))),"",E13*N(IFERROR(INDEX(Crops!$E$6:$E$65,MATCH(C13,Crops!$B$6:$B$65,0)),0))) | I13: =IF(AND(C13="",E13=""),"",IF(NOT(ISNUMBER(B13)),"Needs a date",IF(C13="","Needs a crop",IF(COUNTIF(Crops!$B$6:$B$65,C13)=0,"Not on Crops",IF(NOT(ISNUMBER(E13)),"Needs the amount",IF(AND(D13<>"",COUNTIF(Beds!$B$6:$B$35,D13)=0),"Not on Beds","")))))) | J13: =IF(ISNUMBER(B13),YEAR(B13),"") | K13: =IF(ISNUMBER(B13),YEAR(B13)*100+MONTH(B13),"") | L13: =IF(ISNUMBER(B13),INT(B13),0)
B14: 45870 | C14: Potatoes | D14: Bed 2 | E14: 2.74 | G14: =IF(C14="","",IFERROR(INDEX(Crops!$D$6:$D$65,MATCH(C14,Crops!$B$6:$B$65,0))&"","")) | H14: =IF(OR(C14="",NOT(ISNUMBER(E14))),"",E14*N(IFERROR(INDEX(Crops!$E$6:$E$65,MATCH(C14,Crops!$B$6:$B$65,0)),0))) | I14: =IF(AND(C14="",E14=""),"",IF(NOT(ISNUMBER(B14)),"Needs a date",IF(C14="","Needs a crop",IF(COUNTIF(Crops!$B$6:$B$65,C14)=0,"Not on Crops",IF(NOT(ISNUMBER(E14)),"Needs the amount",IF(AND(D14<>"",COUNTIF(Beds!$B$6:$B$35,D14)=0),"Not on Beds","")))))) | J14: =IF(ISNUMBER(B14),YEAR(B14),"") | K14: =IF(ISNUMBER(B14),YEAR(B14)*100+MONTH(B14),"") | L14: =IF(ISNUMBER(B14),INT(B14),0)
B15: 45873 | C15: Runner beans | D15: Bed 3 | E15: 0.65 | G15: =IF(C15="","",IFERROR(INDEX(Crops!$D$6:$D$65,MATCH(C15,Crops!$B$6:$B$65,0))&"","")) | H15: =IF(OR(C15="",NOT(ISNUMBER(E15))),"",E15*N(IFERROR(INDEX(Crops!$E$6:$E$65,MATCH(C15,Crops!$B$6:$B$65,0)),0))) | I15: =IF(AND(C15="",E15=""),"",IF(NOT(ISNUMBER(B15)),"Needs a date",IF(C15="","Needs a crop",IF(COUNTIF(Crops!$B$6:$B$65,C15)=0,"Not on Crops",IF(NOT(ISNUMBER(E15)),"Needs the amount",IF(AND(D15<>"",COUNTIF(Beds!$B$6:$B$35,D15)=0),"Not on Beds","")))))) | J15: =IF(ISNUMBER(B15),YEAR(B15),"") | K15: =IF(ISNUMBER(B15),YEAR(B15)*100+MONTH(B15),"") | L15: =IF(ISNUMBER(B15),INT(B15),0)
B16: 45873 | C16: Carrots | D16: Bed 3 | E16: 0.66 | G16: =IF(C16="","",IFERROR(INDEX(Crops!$D$6:$D$65,MATCH(C16,Crops!$B$6:$B$65,0))&"","")) | H16: =IF(OR(C16="",NOT(ISNUMBER(E16))),"",E16*N(IFERROR(INDEX(Crops!$E$6:$E$65,MATCH(C16,Crops!$B$6:$B$65,0)),0))) | I16: =IF(AND(C16="",E16=""),"",IF(NOT(ISNUMBER(B16)),"Needs a date",IF(C16="","Needs a crop",IF(COUNTIF(Crops!$B$6:$B$65,C16)=0,"Not on Crops",IF(NOT(ISNUMBER(E16)),"Needs the amount",IF(AND(D16<>"",COUNTIF(Beds!$B$6:$B$35,D16)=0),"Not on Beds","")))))) | J16: =IF(ISNUMBER(B16),YEAR(B16),"") | K16: =IF(ISNUMBER(B16),YEAR(B16)*100+MONTH(B16),"") | L16: =IF(ISNUMBER(B16),INT(B16),0)
B17: 45875 | C17: Tomatoes | D17: Bed 1 | E17: 1.55 | G17: =IF(C17="","",IFERROR(INDEX(Crops!$D$6:$D$65,MATCH(C17,Crops!$B$6:$B$65,0))&"","")) | H17: =IF(OR(C17="",NOT(ISNUMBER(E17))),"",E17*N(IFERROR(INDEX(Crops!$E$6:$E$65,MATCH(C17,Crops!$B$6:$B$65,0)),0))) | I17: =IF(AND(C17="",E17=""),"",IF(NOT(ISNUMBER(B17)),"Needs a date",IF(C17="","Needs a crop",IF(COUNTIF(Crops!$B$6:$B$65,C17)=0,"Not on Crops",IF(NOT(ISNUMBER(E17)),"Needs the amount",IF(AND(D17<>"",COUNTIF(Beds!$B$6:$B$35,D17)=0),"Not on Beds","")))))) | J17: =IF(ISNUMBER(B17),YEAR(B17),"") | K17: =IF(ISNUMBER(B17),YEAR(B17)*100+MONTH(B17),"") | L17: =IF(ISNUMBER(B17),INT(B17),0)
... B59: 46200 | C59: Peas | D59: Bed 1 | E59: 0.25 | G59: =IF(C59="","",IFERROR(INDEX(Crops!$D$6:$D$65,MATCH(C59,Crops!$B$6:$B$65,0))&"","")) | H59: =IF(OR(C59="",NOT(ISNUMBER(E59))),"",E59*N(IFERROR(INDEX(Crops!$E$6:$E$65,MATCH(C59,Crops!$B$6:$B$65,0)),0))) | I59: =IF(AND(C59="",E59=""),"",IF(NOT(ISNUMBER(B59)),"Needs a date",IF(C59="","Needs a crop",IF(COUNTIF(Crops!$B$6:$B$65,C59)=0,"Not on Crops",IF(NOT(ISNUMBER(E59)),"Needs the amount",IF(AND(D59<>"",COUNTIF(Beds!$B$6:$B$35,D59)=0),"Not on Beds","")))))) | J59: =IF(ISNUMBER(B59),YEAR(B59),"") | K59: =IF(ISNUMBER(B59),YEAR(B59)*100+MONTH(B59),"") | L59: =IF(ISNUMBER(B59),INT(B59),0)
B60: 46201 | C60: Strawberries | D60: Patio pots | E60: 1.4 | F60: The first big pick | G60: =IF(C60="","",IFERROR(INDEX(Crops!$D$6:$D$65,MATCH(C60,Crops!$B$6:$B$65,0))&"","")) | H60: =IF(OR(C60="",NOT(ISNUMBER(E60))),"",E60*N(IFERROR(INDEX(Crops!$E$6:$E$65,MATCH(C60,Crops!$B$6:$B$65,0)),0))) | I60: =IF(AND(C60="",E60=""),"",IF(NOT(ISNUMBER(B60)),"Needs a date",IF(C60="","Needs a crop",IF(COUNTIF(Crops!$B$6:$B$65,C60)=0,"Not on Crops",IF(NOT(ISNUMBER(E60)),"Needs the amount",IF(AND(D60<>"",COUNTIF(Beds!$B$6:$B$35,D60)=0),"Not on Beds","")))))) | J60: =IF(ISNUMBER(B60),YEAR(B60),"") | K60: =IF(ISNUMBER(B60),YEAR(B60)*100+MONTH(B60),"") | L60: =IF(ISNUMBER(B60),INT(B60),0)
B61: 46204 | C61: Garlic | D61: Bed 3 | E61: 23 | G61: =IF(C61="","",IFERROR(INDEX(Crops!$D$6:$D$65,MATCH(C61,Crops!$B$6:$B$65,0))&"","")) | H61: =IF(OR(C61="",NOT(ISNUMBER(E61))),"",E61*N(IFERROR(INDEX(Crops!$E$6:$E$65,MATCH(C61,Crops!$B$6:$B$65,0)),0))) | I61: =IF(AND(C61="",E61=""),"",IF(NOT(ISNUMBER(B61)),"Needs a date",IF(C61="","Needs a crop",IF(COUNTIF(Crops!$B$6:$B$65,C61)=0,"Not on Crops",IF(NOT(ISNUMBER(E61)),"Needs the amount",IF(AND(D61<>"",COUNTIF(Beds!$B$6:$B$35,D61)=0),"Not on Beds","")))))) | J61: =IF(ISNUMBER(B61),YEAR(B61),"") | K61: =IF(ISNUMBER(B61),YEAR(B61)*100+MONTH(B61),"") | L61: =IF(ISNUMBER(B61),INT(B61),0)
B62: 46204 | C62: Lettuce | D62: Herb bed | E62: 2 | G62: =IF(C62="","",IFERROR(INDEX(Crops!$D$6:$D$65,MATCH(C62,Crops!$B$6:$B$65,0))&"","")) | H62: =IF(OR(C62="",NOT(ISNUMBER(E62))),"",E62*N(IFERROR(INDEX(Crops!$E$6:$E$65,MATCH(C62,Crops!$B$6:$B$65,0)),0))) | I62: =IF(AND(C62="",E62=""),"",IF(NOT(ISNUMBER(B62)),"Needs a date",IF(C62="","Needs a crop",IF(COUNTIF(Crops!$B$6:$B$65,C62)=0,"Not on Crops",IF(NOT(ISNUMBER(E62)),"Needs the amount",IF(AND(D62<>"",COUNTIF(Beds!$B$6:$B$35,D62)=0),"Not on Beds","")))))) | J62: =IF(ISNUMBER(B62),YEAR(B62),"") | K62: =IF(ISNUMBER(B62),YEAR(B62)*100+MONTH(B62),"") | L62: =IF(ISNUMBER(B62),INT(B62),0)
B63: 46206 | C63: Peas | D63: Bed 1 | E63: 0.4 | G63: =IF(C63="","",IFERROR(INDEX(Crops!$D$6:$D$65,MATCH(C63,Crops!$B$6:$B$65,0))&"","")) | H63: =IF(OR(C63="",NOT(ISNUMBER(E63))),"",E63*N(IFERROR(INDEX(Crops!$E$6:$E$65,MATCH(C63,Crops!$B$6:$B$65,0)),0))) | I63: =IF(AND(C63="",E63=""),"",IF(NOT(ISNUMBER(B63)),"Needs a date",IF(C63="","Needs a crop",IF(COUNTIF(Crops!$B$6:$B$65,C63)=0,"Not on Crops",IF(NOT(ISNUMBER(E63)),"Needs the amount",IF(AND(D63<>"",COUNTIF(Beds!$B$6:$B$35,D63)=0),"Not on Beds","")))))) | J63: =IF(ISNUMBER(B63),YEAR(B63),"") | K63: =IF(ISNUMBER(B63),YEAR(B63)*100+MONTH(B63),"") | L63: =IF(ISNUMBER(B63),INT(B63),0)
B64: 46206 | C64: Basil | D64: Patio pots | E64: 2 | G64: =IF(C64="","",IFERROR(INDEX(Crops!$D$6:$D$65,MATCH(C64,Crops!$B$6:$B$65,0))&"","")) | H64: =IF(OR(C64="",NOT(ISNUMBER(E64))),"",E64*N(IFERROR(INDEX(Crops!$E$6:$E$65,MATCH(C64,Crops!$B$6:$B$65,0)),0))) | I64: =IF(AND(C64="",E64=""),"",IF(NOT(ISNUMBER(B64)),"Needs a date",IF(C64="","Needs a crop",IF(COUNTIF(Crops!$B$6:$B$65,C64)=0,"Not on Crops",IF(NOT(ISNUMBER(E64)),"Needs the amount",IF(AND(D64<>"",COUNTIF(Beds!$B$6:$B$35,D64)=0),"Not on Beds","")))))) | J64: =IF(ISNUMBER(B64),YEAR(B64),"") | K64: =IF(ISNUMBER(B64),YEAR(B64)*100+MONTH(B64),"") | L64: =IF(ISNUMBER(B64),INT(B64),0)
B65: 46208 | C65: Garlic | D65: Bed 3 | E65: 24 | G65: =IF(C65="","",IFERROR(INDEX(Crops!$D$6:$D$65,MATCH(C65,Crops!$B$6:$B$65,0))&"","")) | H65: =IF(OR(C65="",NOT(ISNUMBER(E65))),"",E65*N(IFERROR(INDEX(Crops!$E$6:$E$65,MATCH(C65,Crops!$B$6:$B$65,0)),0))) | I65: =IF(AND(C65="",E65=""),"",IF(NOT(ISNUMBER(B65)),"Needs a date",IF(C65="","Needs a crop",IF(COUNTIF(Crops!$B$6:$B$65,C65)=0,"Not on Crops",IF(NOT(ISNUMBER(E65)),"Needs the amount",IF(AND(D65<>"",COUNTIF(Beds!$B$6:$B$35,D65)=0),"Not on Beds","")))))) | J65: =IF(ISNUMBER(B65),YEAR(B65),"") | K65: =IF(ISNUMBER(B65),YEAR(B65)*100+MONTH(B65),"") | L65: =IF(ISNUMBER(B65),INT(B65),0)
B66: 46210 | C66: Lettuce | D66: Herb bed | E66: 3 | G66: =IF(C66="","",IFERROR(INDEX(Crops!$D$6:$D$65,MATCH(C66,Crops!$B$6:$B$65,0))&"","")) | H66: =IF(OR(C66="",NOT(ISNUMBER(E66))),"",E66*N(IFERROR(INDEX(Crops!$E$6:$E$65,MATCH(C66,Crops!$B$6:$B$65,0)),0))) | I66: =IF(AND(C66="",E66=""),"",IF(NOT(ISNUMBER(B66)),"Needs a date",IF(C66="","Needs a crop",IF(COUNTIF(Crops!$B$6:$B$65,C66)=0,"Not on Crops",IF(NOT(ISNUMBER(E66)),"Needs the amount",IF(AND(D66<>"",COUNTIF(Beds!$B$6:$B$35,D66)=0),"Not on Beds","")))))) | J66: =IF(ISNUMBER(B66),YEAR(B66),"") | K66: =IF(ISNUMBER(B66),YEAR(B66)*100+MONTH(B66),"") | L66: =IF(ISNUMBER(B66),INT(B66),0)
B67: 46211 | C67: Zucchini | D67: Bed 3 | E67: 0.51 | G67: =IF(C67="","",IFERROR(INDEX(Crops!$D$6:$D$65,MATCH(C67,Crops!$B$6:$B$65,0))&"","")) | H67: =IF(OR(C67="",NOT(ISNUMBER(E67))),"",E67*N(IFERROR(INDEX(Crops!$E$6:$E$65,MATCH(C67,Crops!$B$6:$B$65,0)),0))) | I67: =IF(AND(C67="",E67=""),"",IF(NOT(ISNUMBER(B67)),"Needs a date",IF(C67="","Needs a crop",IF(COUNTIF(Crops!$B$6:$B$65,C67)=0,"Not on Crops",IF(NOT(ISNUMBER(E67)),"Needs the amount",IF(AND(D67<>"",COUNTIF(Beds!$B$6:$B$35,D67)=0),"Not on Beds","")))))) | J67: =IF(ISNUMBER(B67),YEAR(B67),"") | K67: =IF(ISNUMBER(B67),YEAR(B67)*100+MONTH(B67),"") | L67: =IF(ISNUMBER(B67),INT(B67),0)
B68: 46212 | C68: Peas | D68: Bed 1 | E68: 0.38 | G68: =IF(C68="","",IFERROR(INDEX(Crops!$D$6:$D$65,MATCH(C68,Crops!$B$6:$B$65,0))&"","")) | H68: =IF(OR(C68="",NOT(ISNUMBER(E68))),"",E68*N(IFERROR(INDEX(Crops!$E$6:$E$65,MATCH(C68,Crops!$B$6:$B$65,0)),0))) | I68: =IF(AND(C68="",E68=""),"",IF(NOT(ISNUMBER(B68)),"Needs a date",IF(C68="","Needs a crop",IF(COUNTIF(Crops!$B$6:$B$65,C68)=0,"Not on Crops",IF(NOT(ISNUMBER(E68)),"Needs the amount",IF(AND(D68<>"",COUNTIF(Beds!$B$6:$B$35,D68)=0),"Not on Beds","")))))) | J68: =IF(ISNUMBER(B68),YEAR(B68),"") | K68: =IF(ISNUMBER(B68),YEAR(B68)*100+MONTH(B68),"") | L68: =IF(ISNUMBER(B68),INT(B68),0)
B69: 46215 | C69: Tomatoes | D69: Greenhouse | E69: 1.9 | G69: =IF(C69="","",IFERROR(INDEX(Crops!$D$6:$D$65,MATCH(C69,Crops!$B$6:$B$65,0))&"","")) | H69: =IF(OR(C69="",NOT(ISNUMBER(E69))),"",E69*N(IFERROR(INDEX(Crops!$E$6:$E$65,MATCH(C69,Crops!$B$6:$B$65,0)),0))) | I69: =IF(AND(C69="",E69=""),"",IF(NOT(ISNUMBER(B69)),"Needs a date",IF(C69="","Needs a crop",IF(COUNTIF(Crops!$B$6:$B$65,C69)=0,"Not on Crops",IF(NOT(ISNUMBER(E69)),"Needs the amount",IF(AND(D69<>"",COUNTIF(Beds!$B$6:$B$35,D69)=0),"Not on Beds","")))))) | J69: =IF(ISNUMBER(B69),YEAR(B69),"") | K69: =IF(ISNUMBER(B69),YEAR(B69)*100+MONTH(B69),"") | L69: =IF(ISNUMBER(B69),INT(B69),0)
B70: 46215 | C70: Zucchini | D70: Bed 3 | E70: 1.24 | G70: =IF(C70="","",IFERROR(INDEX(Crops!$D$6:$D$65,MATCH(C70,Crops!$B$6:$B$65,0))&"","")) | H70: =IF(OR(C70="",NOT(ISNUMBER(E70))),"",E70*N(IFERROR(INDEX(Crops!$E$6:$E$65,MATCH(C70,Crops!$B$6:$B$65,0)),0))) | I70: =IF(AND(C70="",E70=""),"",IF(NOT(ISNUMBER(B70)),"Needs a date",IF(C70="","Needs a crop",IF(COUNTIF(Crops!$B$6:$B$65,C70)=0,"Not on Crops",IF(NOT(ISNUMBER(E70)),"Needs the amount",IF(AND(D70<>"",COUNTIF(Beds!$B$6:$B$35,D70)=0),"Not on Beds","")))))) | J70: =IF(ISNUMBER(B70),YEAR(B70),"") | K70: =IF(ISNUMBER(B70),YEAR(B70)*100+MONTH(B70),"") | L70: =IF(ISNUMBER(B70),INT(B70),0)
B71: 46216 | C71: Basil | D71: Patio pots | E71: 2 | G71: =IF(C71="","",IFERROR(INDEX(Crops!$D$6:$D$65,MATCH(C71,Crops!$B$6:$B$65,0))&"","")) | H71: =IF(OR(C71="",NOT(ISNUMBER(E71))),"",E71*N(IFERROR(INDEX(Crops!$E$6:$E$65,MATCH(C71,Crops!$B$6:$B$65,0)),0))) | I71: =IF(AND(C71="",E71=""),"",IF(NOT(ISNUMBER(B71)),"Needs a date",IF(C71="","Needs a crop",IF(COUNTIF(Crops!$B$6:$B$65,C71)=0,"Not on Crops",IF(NOT(ISNUMBER(E71)),"Needs the amount",IF(AND(D71<>"",COUNTIF(Beds!$B$6:$B$35,D71)=0),"Not on Beds","")))))) | J71: =IF(ISNUMBER(B71),YEAR(B71),"") | K71: =IF(ISNUMBER(B71),YEAR(B71)*100+MONTH(B71),"") | L71: =IF(ISNUMBER(B71),INT(B71),0)
B72: 46217 | C72: Peas | D72: Bed 1 | E72: 0.54 | G72: =IF(C72="","",IFERROR(INDEX(Crops!$D$6:$D$65,MATCH(C72,Crops!$B$6:$B$65,0))&"","")) | H72: =IF(OR(C72="",NOT(ISNUMBER(E72))),"",E72*N(IFERROR(INDEX(Crops!$E$6:$E$65,MATCH(C72,Crops!$B$6:$B$65,0)),0))) | I72: =IF(AND(C72="",E72=""),"",IF(NOT(ISNUMBER(B72)),"Needs a date",IF(C72="","Needs a crop",IF(COUNTIF(Crops!$B$6:$B$65,C72)=0,"Not on Crops",IF(NOT(ISNUMBER(E72)),"Needs the amount",IF(AND(D72<>"",COUNTIF(Beds!$B$6:$B$35,D72)=0),"Not on Beds","")))))) | J72: =IF(ISNUMBER(B72),YEAR(B72),"") | K72: =IF(ISNUMBER(B72),YEAR(B72)*100+MONTH(B72),"") | L72: =IF(ISNUMBER(B72),INT(B72),0)
... B171: 46290 | C171: Runner beans | D171: Bed 1 | E171: 0.7 | G171: =IF(C171="","",IFERROR(INDEX(Crops!$D$6:$D$65,MATCH(C171,Crops!$B$6:$B$65,0))&"","")) | H171: =IF(OR(C171="",NOT(ISNUMBER(E171))),"",E171*N(IFERROR(INDEX(Crops!$E$6:$E$65,MATCH(C171,Crops!$B$6:$B$65,0)),0))) | I171: =IF(AND(C171="",E171=""),"",IF(NOT(ISNUMBER(B171)),"Needs a date",IF(C171="","Needs a crop",IF(COUNTIF(Crops!$B$6:$B$65,C171)=0,"Not on Crops",IF(NOT(ISNUMBER(E171)),"Needs the amount",IF(AND(D171<>"",COUNTIF(Beds!$B$6:$B$35,D171)=0),"Not on Beds","")))))) | J171: =IF(ISNUMBER(B171),YEAR(B171),"") | K171: =IF(ISNUMBER(B171),YEAR(B171)*100+MONTH(B171),"") | L171: =IF(ISNUMBER(B171),INT(B171),0)
G172: =IF(C172="","",IFERROR(INDEX(Crops!$D$6:$D$65,MATCH(C172,Crops!$B$6:$B$65,0))&"","")) | H172: =IF(OR(C172="",NOT(ISNUMBER(E172))),"",E172*N(IFERROR(INDEX(Crops!$E$6:$E$65,MATCH(C172,Crops!$B$6:$B$65,0)),0))) | I172: =IF(AND(C172="",E172=""),"",IF(NOT(ISNUMBER(B172)),"Needs a date",IF(C172="","Needs a crop",IF(COUNTIF(Crops!$B$6:$B$65,C172)=0,"Not on Crops",IF(NOT(ISNUMBER(E172)),"Needs the amount",IF(AND(D172<>"",COUNTIF(Beds!$B$6:$B$35,D172)=0),"Not on Beds","")))))) | J172: =IF(ISNUMBER(B172),YEAR(B172),"") | K172: =IF(ISNUMBER(B172),YEAR(B172)*100+MONTH(B172),"") | L172: =IF(ISNUMBER(B172),INT(B172),0)
G173: =IF(C173="","",IFERROR(INDEX(Crops!$D$6:$D$65,MATCH(C173,Crops!$B$6:$B$65,0))&"","")) | H173: =IF(OR(C173="",NOT(ISNUMBER(E173))),"",E173*N(IFERROR(INDEX(Crops!$E$6:$E$65,MATCH(C173,Crops!$B$6:$B$65,0)),0))) | I173: =IF(AND(C173="",E173=""),"",IF(NOT(ISNUMBER(B173)),"Needs a date",IF(C173="","Needs a crop",IF(COUNTIF(Crops!$B$6:$B$65,C173)=0,"Not on Crops",IF(NOT(ISNUMBER(E173)),"Needs the amount",IF(AND(D173<>"",COUNTIF(Beds!$B$6:$B$35,D173)=0),"Not on Beds","")))))) | J173: =IF(ISNUMBER(B173),YEAR(B173),"") | K173: =IF(ISNUMBER(B173),YEAR(B173)*100+MONTH(B173),"") | L173: =IF(ISNUMBER(B173),INT(B173),0)
G174: =IF(C174="","",IFERROR(INDEX(Crops!$D$6:$D$65,MATCH(C174,Crops!$B$6:$B$65,0))&"","")) | H174: =IF(OR(C174="",NOT(ISNUMBER(E174))),"",E174*N(IFERROR(INDEX(Crops!$E$6:$E$65,MATCH(C174,Crops!$B$6:$B$65,0)),0))) | I174: =IF(AND(C174="",E174=""),"",IF(NOT(ISNUMBER(B174)),"Needs a date",IF(C174="","Needs a crop",IF(COUNTIF(Crops!$B$6:$B$65,C174)=0,"Not on Crops",IF(NOT(ISNUMBER(E174)),"Needs the amount",IF(AND(D174<>"",COUNTIF(Beds!$B$6:$B$35,D174)=0),"Not on Beds","")))))) | J174: =IF(ISNUMBER(B174),YEAR(B174),"") | K174: =IF(ISNUMBER(B174),YEAR(B174)*100+MONTH(B174),"") | L174: =IF(ISNUMBER(B174),INT(B174),0)
G175: =IF(C175="","",IFERROR(INDEX(Crops!$D$6:$D$65,MATCH(C175,Crops!$B$6:$B$65,0))&"","")) | H175: =IF(OR(C175="",NOT(ISNUMBER(E175))),"",E175*N(IFERROR(INDEX(Crops!$E$6:$E$65,MATCH(C175,Crops!$B$6:$B$65,0)),0))) | I175: =IF(AND(C175="",E175=""),"",IF(NOT(ISNUMBER(B175)),"Needs a date",IF(C175="","Needs a crop",IF(COUNTIF(Crops!$B$6:$B$65,C175)=0,"Not on Crops",IF(NOT(ISNUMBER(E175)),"Needs the amount",IF(AND(D175<>"",COUNTIF(Beds!$B$6:$B$35,D175)=0),"Not on Beds","")))))) | J175: =IF(ISNUMBER(B175),YEAR(B175),"") | K175: =IF(ISNUMBER(B175),YEAR(B175)*100+MONTH(B175),"") | L175: =IF(ISNUMBER(B175),INT(B175),0)
G176: =IF(C176="","",IFERROR(INDEX(Crops!$D$6:$D$65,MATCH(C176,Crops!$B$6:$B$65,0))&"","")) | H176: =IF(OR(C176="",NOT(ISNUMBER(E176))),"",E176*N(IFERROR(INDEX(Crops!$E$6:$E$65,MATCH(C176,Crops!$B$6:$B$65,0)),0))) | I176: =IF(AND(C176="",E176=""),"",IF(NOT(ISNUMBER(B176)),"Needs a date",IF(C176="","Needs a crop",IF(COUNTIF(Crops!$B$6:$B$65,C176)=0,"Not on Crops",IF(NOT(ISNUMBER(E176)),"Needs the amount",IF(AND(D176<>"",COUNTIF(Beds!$B$6:$B$35,D176)=0),"Not on Beds","")))))) | J176: =IF(ISNUMBER(B176),YEAR(B176),"") | K176: =IF(ISNUMBER(B176),YEAR(B176)*100+MONTH(B176),"") | L176: =IF(ISNUMBER(B176),INT(B176),0)
G177: =IF(C177="","",IFERROR(INDEX(Crops!$D$6:$D$65,MATCH(C177,Crops!$B$6:$B$65,0))&"","")) | H177: =IF(OR(C177="",NOT(ISNUMBER(E177))),"",E177*N(IFERROR(INDEX(Crops!$E$6:$E$65,MATCH(C177,Crops!$B$6:$B$65,0)),0))) | I177: =IF(AND(C177="",E177=""),"",IF(NOT(ISNUMBER(B177)),"Needs a date",IF(C177="","Needs a crop",IF(COUNTIF(Crops!$B$6:$B$65,C177)=0,"Not on Crops",IF(NOT(ISNUMBER(E177)),"Needs the amount",IF(AND(D177<>"",COUNTIF(Beds!$B$6:$B$35,D177)=0),"Not on Beds","")))))) | J177: =IF(ISNUMBER(B177),YEAR(B177),"") | K177: =IF(ISNUMBER(B177),YEAR(B177)*100+MONTH(B177),"") | L177: =IF(ISNUMBER(B177),INT(B177),0)
G178: =IF(C178="","",IFERROR(INDEX(Crops!$D$6:$D$65,MATCH(C178,Crops!$B$6:$B$65,0))&"","")) | H178: =IF(OR(C178="",NOT(ISNUMBER(E178))),"",E178*N(IFERROR(INDEX(Crops!$E$6:$E$65,MATCH(C178,Crops!$B$6:$B$65,0)),0))) | I178: =IF(AND(C178="",E178=""),"",IF(NOT(ISNUMBER(B178)),"Needs a date",IF(C178="","Needs a crop",IF(COUNTIF(Crops!$B$6:$B$65,C178)=0,"Not on Crops",IF(NOT(ISNUMBER(E178)),"Needs the amount",IF(AND(D178<>"",COUNTIF(Beds!$B$6:$B$35,D178)=0),"Not on Beds","")))))) | J178: =IF(ISNUMBER(B178),YEAR(B178),"") | K178: =IF(ISNUMBER(B178),YEAR(B178)*100+MONTH(B178),"") | L178: =IF(ISNUMBER(B178),INT(B178),0)
G179: =IF(C179="","",IFERROR(INDEX(Crops!$D$6:$D$65,MATCH(C179,Crops!$B$6:$B$65,0))&"","")) | H179: =IF(OR(C179="",NOT(ISNUMBER(E179))),"",E179*N(IFERROR(INDEX(Crops!$E$6:$E$65,MATCH(C179,Crops!$B$6:$B$65,0)),0))) | I179: =IF(AND(C179="",E179=""),"",IF(NOT(ISNUMBER(B179)),"Needs a date",IF(C179="","Needs a crop",IF(COUNTIF(Crops!$B$6:$B$65,C179)=0,"Not on Crops",IF(NOT(ISNUMBER(E179)),"Needs the amount",IF(AND(D179<>"",COUNTIF(Beds!$B$6:$B$35,D179)=0),"Not on Beds","")))))) | J179: =IF(ISNUMBER(B179),YEAR(B179),"") | K179: =IF(ISNUMBER(B179),YEAR(B179)*100+MONTH(B179),"") | L179: =IF(ISNUMBER(B179),INT(B179),0)
G180: =IF(C180="","",IFERROR(INDEX(Crops!$D$6:$D$65,MATCH(C180,Crops!$B$6:$B$65,0))&"","")) | H180: =IF(OR(C180="",NOT(ISNUMBER(E180))),"",E180*N(IFERROR(INDEX(Crops!$E$6:$E$65,MATCH(C180,Crops!$B$6:$B$65,0)),0))) | I180: =IF(AND(C180="",E180=""),"",IF(NOT(ISNUMBER(B180)),"Needs a date",IF(C180="","Needs a crop",IF(COUNTIF(Crops!$B$6:$B$65,C180)=0,"Not on Crops",IF(NOT(ISNUMBER(E180)),"Needs the amount",IF(AND(D180<>"",COUNTIF(Beds!$B$6:$B$35,D180)=0),"Not on Beds","")))))) | J180: =IF(ISNUMBER(B180),YEAR(B180),"") | K180: =IF(ISNUMBER(B180),YEAR(B180)*100+MONTH(B180),"") | L180: =IF(ISNUMBER(B180),INT(B180),0)
G181: =IF(C181="","",IFERROR(INDEX(Crops!$D$6:$D$65,MATCH(C181,Crops!$B$6:$B$65,0))&"","")) | H181: =IF(OR(C181="",NOT(ISNUMBER(E181))),"",E181*N(IFERROR(INDEX(Crops!$E$6:$E$65,MATCH(C181,Crops!$B$6:$B$65,0)),0))) | I181: =IF(AND(C181="",E181=""),"",IF(NOT(ISNUMBER(B181)),"Needs a date",IF(C181="","Needs a crop",IF(COUNTIF(Crops!$B$6:$B$65,C181)=0,"Not on Crops",IF(NOT(ISNUMBER(E181)),"Needs the amount",IF(AND(D181<>"",COUNTIF(Beds!$B$6:$B$35,D181)=0),"Not on Beds","")))))) | J181: =IF(ISNUMBER(B181),YEAR(B181),"") | K181: =IF(ISNUMBER(B181),YEAR(B181)*100+MONTH(B181),"") | L181: =IF(ISNUMBER(B181),INT(B181),0)
G182: =IF(C182="","",IFERROR(INDEX(Crops!$D$6:$D$65,MATCH(C182,Crops!$B$6:$B$65,0))&"","")) | H182: =IF(OR(C182="",NOT(ISNUMBER(E182))),"",E182*N(IFERROR(INDEX(Crops!$E$6:$E$65,MATCH(C182,Crops!$B$6:$B$65,0)),0))) | I182: =IF(AND(C182="",E182=""),"",IF(NOT(ISNUMBER(B182)),"Needs a date",IF(C182="","Needs a crop",IF(COUNTIF(Crops!$B$6:$B$65,C182)=0,"Not on Crops",IF(NOT(ISNUMBER(E182)),"Needs the amount",IF(AND(D182<>"",COUNTIF(Beds!$B$6:$B$35,D182)=0),"Not on Beds","")))))) | J182: =IF(ISNUMBER(B182),YEAR(B182),"") | K182: =IF(ISNUMBER(B182),YEAR(B182)*100+MONTH(B182),"") | L182: =IF(ISNUMBER(B182),INT(B182),0)
G183: =IF(C183="","",IFERROR(INDEX(Crops!$D$6:$D$65,MATCH(C183,Crops!$B$6:$B$65,0))&"","")) | H183: =IF(OR(C183="",NOT(ISNUMBER(E183))),"",E183*N(IFERROR(INDEX(Crops!$E$6:$E$65,MATCH(C183,Crops!$B$6:$B$65,0)),0))) | I183: =IF(AND(C183="",E183=""),"",IF(NOT(ISNUMBER(B183)),"Needs a date",IF(C183="","Needs a crop",IF(COUNTIF(Crops!$B$6:$B$65,C183)=0,"Not on Crops",IF(NOT(ISNUMBER(E183)),"Needs the amount",IF(AND(D183<>"",COUNTIF(Beds!$B$6:$B$35,D183)=0),"Not on Beds","")))))) | J183: =IF(ISNUMBER(B183),YEAR(B183),"") | K183: =IF(ISNUMBER(B183),YEAR(B183)*100+MONTH(B183),"") | L183: =IF(ISNUMBER(B183),INT(B183),0)
... G1505: =IF(C1505="","",IFERROR(INDEX(Crops!$D$6:$D$65,MATCH(C1505,Crops!$B$6:$B$65,0))&"","")) | H1505: =IF(OR(C1505="",NOT(ISNUMBER(E1505))),"",E1505*N(IFERROR(INDEX(Crops!$E$6:$E$65,MATCH(C1505,Crops!$B$6:$B$65,0)),0))) | I1505: =IF(AND(C1505="",E1505=""),"",IF(NOT(ISNUMBER(B1505)),"Needs a date",IF(C1505="","Needs a crop",IF(COUNTIF(Crops!$B$6:$B$65,C1505)=0,"Not on Crops",IF(NOT(ISNUMBER(E1505)),"Needs the amount",IF(AND(D1505<>"",COUNTIF(Beds!$B$6:$B$35,D1505)=0),"Not on Beds","")))))) | J1505: =IF(ISNUMBER(B1505),YEAR(B1505),"") | K1505: =IF(ISNUMBER(B1505),YEAR(B1505)*100+MONTH(B1505),"") | L1505: =IF(ISNUMBER(B1505),INT(B1505),0)

Sheet Jobs
B2: Jobs
B3: Watering and the other jobs, with the bed. All beds, or an empty bed, means the whole garden.
B5: Date | C5: Bed | D5: Job | E5: Note | F5: Check
B6: 45778 | C6: All beds | D6: Water | F6: =IF(AND(B6="",C6="",D6=""),"",IF(NOT(ISNUMBER(B6)),"Needs a date",IF(D6="","Needs the job",IF(AND(C6<>"",C6<>"All beds",COUNTIF(Beds!$B$6:$B$35,C6)=0),"Not on Beds","")))) | G6: =IF(ISNUMBER(B6),INT(B6),0) | H6: =IF(AND(G6>0,D6="Water",OR(C6="",C6="All beds")),G6,0)
B7: 45781 | C7: All beds | D7: Water | F7: =IF(AND(B7="",C7="",D7=""),"",IF(NOT(ISNUMBER(B7)),"Needs a date",IF(D7="","Needs the job",IF(AND(C7<>"",C7<>"All beds",COUNTIF(Beds!$B$6:$B$35,C7)=0),"Not on Beds","")))) | G7: =IF(ISNUMBER(B7),INT(B7),0) | H7: =IF(AND(G7>0,D7="Water",OR(C7="",C7="All beds")),G7,0)
B8: 45784 | C8: All beds | D8: Water | F8: =IF(AND(B8="",C8="",D8=""),"",IF(NOT(ISNUMBER(B8)),"Needs a date",IF(D8="","Needs the job",IF(AND(C8<>"",C8<>"All beds",COUNTIF(Beds!$B$6:$B$35,C8)=0),"Not on Beds","")))) | G8: =IF(ISNUMBER(B8),INT(B8),0) | H8: =IF(AND(G8>0,D8="Water",OR(C8="",C8="All beds")),G8,0)
B9: 45787 | C9: All beds | D9: Water | F9: =IF(AND(B9="",C9="",D9=""),"",IF(NOT(ISNUMBER(B9)),"Needs a date",IF(D9="","Needs the job",IF(AND(C9<>"",C9<>"All beds",COUNTIF(Beds!$B$6:$B$35,C9)=0),"Not on Beds","")))) | G9: =IF(ISNUMBER(B9),INT(B9),0) | H9: =IF(AND(G9>0,D9="Water",OR(C9="",C9="All beds")),G9,0)
B10: 45789 | C10: All beds | D10: Water | F10: =IF(AND(B10="",C10="",D10=""),"",IF(NOT(ISNUMBER(B10)),"Needs a date",IF(D10="","Needs the job",IF(AND(C10<>"",C10<>"All beds",COUNTIF(Beds!$B$6:$B$35,C10)=0),"Not on Beds","")))) | G10: =IF(ISNUMBER(B10),INT(B10),0) | H10: =IF(AND(G10>0,D10="Water",OR(C10="",C10="All beds")),G10,0)
B11: 45793 | C11: All beds | D11: Water | F11: =IF(AND(B11="",C11="",D11=""),"",IF(NOT(ISNUMBER(B11)),"Needs a date",IF(D11="","Needs the job",IF(AND(C11<>"",C11<>"All beds",COUNTIF(Beds!$B$6:$B$35,C11)=0),"Not on Beds","")))) | G11: =IF(ISNUMBER(B11),INT(B11),0) | H11: =IF(AND(G11>0,D11="Water",OR(C11="",C11="All beds")),G11,0)
B12: 45797 | C12: All beds | D12: Water | F12: =IF(AND(B12="",C12="",D12=""),"",IF(NOT(ISNUMBER(B12)),"Needs a date",IF(D12="","Needs the job",IF(AND(C12<>"",C12<>"All beds",COUNTIF(Beds!$B$6:$B$35,C12)=0),"Not on Beds","")))) | G12: =IF(ISNUMBER(B12),INT(B12),0) | H12: =IF(AND(G12>0,D12="Water",OR(C12="",C12="All beds")),G12,0)
B13: 45799 | C13: All beds | D13: Water | F13: =IF(AND(B13="",C13="",D13=""),"",IF(NOT(ISNUMBER(B13)),"Needs a date",IF(D13="","Needs the job",IF(AND(C13<>"",C13<>"All beds",COUNTIF(Beds!$B$6:$B$35,C13)=0),"Not on Beds","")))) | G13: =IF(ISNUMBER(B13),INT(B13),0) | H13: =IF(AND(G13>0,D13="Water",OR(C13="",C13="All beds")),G13,0)
B14: 45801 | C14: All beds | D14: Water | F14: =IF(AND(B14="",C14="",D14=""),"",IF(NOT(ISNUMBER(B14)),"Needs a date",IF(D14="","Needs the job",IF(AND(C14<>"",C14<>"All beds",COUNTIF(Beds!$B$6:$B$35,C14)=0),"Not on Beds","")))) | G14: =IF(ISNUMBER(B14),INT(B14),0) | H14: =IF(AND(G14>0,D14="Water",OR(C14="",C14="All beds")),G14,0)
B15: 45803 | C15: All beds | D15: Water | F15: =IF(AND(B15="",C15="",D15=""),"",IF(NOT(ISNUMBER(B15)),"Needs a date",IF(D15="","Needs the job",IF(AND(C15<>"",C15<>"All beds",COUNTIF(Beds!$B$6:$B$35,C15)=0),"Not on Beds","")))) | G15: =IF(ISNUMBER(B15),INT(B15),0) | H15: =IF(AND(G15>0,D15="Water",OR(C15="",C15="All beds")),G15,0)
B16: 45806 | C16: All beds | D16: Water | F16: =IF(AND(B16="",C16="",D16=""),"",IF(NOT(ISNUMBER(B16)),"Needs a date",IF(D16="","Needs the job",IF(AND(C16<>"",C16<>"All beds",COUNTIF(Beds!$B$6:$B$35,C16)=0),"Not on Beds","")))) | G16: =IF(ISNUMBER(B16),INT(B16),0) | H16: =IF(AND(G16>0,D16="Water",OR(C16="",C16="All beds")),G16,0)
B17: 45808 | C17: All beds | D17: Water | F17: =IF(AND(B17="",C17="",D17=""),"",IF(NOT(ISNUMBER(B17)),"Needs a date",IF(D17="","Needs the job",IF(AND(C17<>"",C17<>"All beds",COUNTIF(Beds!$B$6:$B$35,C17)=0),"Not on Beds","")))) | G17: =IF(ISNUMBER(B17),INT(B17),0) | H17: =IF(AND(G17>0,D17="Water",OR(C17="",C17="All beds")),G17,0)
... B20: 45817 | C20: All beds | D20: Water | F20: =IF(AND(B20="",C20="",D20=""),"",IF(NOT(ISNUMBER(B20)),"Needs a date",IF(D20="","Needs the job",IF(AND(C20<>"",C20<>"All beds",COUNTIF(Beds!$B$6:$B$35,C20)=0),"Not on Beds","")))) | G20: =IF(ISNUMBER(B20),INT(B20),0) | H20: =IF(AND(G20>0,D20="Water",OR(C20="",C20="All beds")),G20,0)
B21: 45818 | C21: Greenhouse | D21: Feed | E21: Tomato feed | F21: =IF(AND(B21="",C21="",D21=""),"",IF(NOT(ISNUMBER(B21)),"Needs a date",IF(D21="","Needs the job",IF(AND(C21<>"",C21<>"All beds",COUNTIF(Beds!$B$6:$B$35,C21)=0),"Not on Beds","")))) | G21: =IF(ISNUMBER(B21),INT(B21),0) | H21: =IF(AND(G21>0,D21="Water",OR(C21="",C21="All beds")),G21,0)
B22: 45819 | C22: All beds | D22: Water | F22: =IF(AND(B22="",C22="",D22=""),"",IF(NOT(ISNUMBER(B22)),"Needs a date",IF(D22="","Needs the job",IF(AND(C22<>"",C22<>"All beds",COUNTIF(Beds!$B$6:$B$35,C22)=0),"Not on Beds","")))) | G22: =IF(ISNUMBER(B22),INT(B22),0) | H22: =IF(AND(G22>0,D22="Water",OR(C22="",C22="All beds")),G22,0)
B23: 45823 | C23: All beds | D23: Water | F23: =IF(AND(B23="",C23="",D23=""),"",IF(NOT(ISNUMBER(B23)),"Needs a date",IF(D23="","Needs the job",IF(AND(C23<>"",C23<>"All beds",COUNTIF(Beds!$B$6:$B$35,C23)=0),"Not on Beds","")))) | G23: =IF(ISNUMBER(B23),INT(B23),0) | H23: =IF(AND(G23>0,D23="Water",OR(C23="",C23="All beds")),G23,0)
B24: 45825 | C24: All beds | D24: Water | F24: =IF(AND(B24="",C24="",D24=""),"",IF(NOT(ISNUMBER(B24)),"Needs a date",IF(D24="","Needs the job",IF(AND(C24<>"",C24<>"All beds",COUNTIF(Beds!$B$6:$B$35,C24)=0),"Not on Beds","")))) | G24: =IF(ISNUMBER(B24),INT(B24),0) | H24: =IF(AND(G24>0,D24="Water",OR(C24="",C24="All beds")),G24,0)
B25: 45825 | C25: Greenhouse | D25: Feed | E25: Tomato feed | F25: =IF(AND(B25="",C25="",D25=""),"",IF(NOT(ISNUMBER(B25)),"Needs a date",IF(D25="","Needs the job",IF(AND(C25<>"",C25<>"All beds",COUNTIF(Beds!$B$6:$B$35,C25)=0),"Not on Beds","")))) | G25: =IF(ISNUMBER(B25),INT(B25),0) | H25: =IF(AND(G25>0,D25="Water",OR(C25="",C25="All beds")),G25,0)
B26: 45827 | C26: All beds | D26: Water | F26: =IF(AND(B26="",C26="",D26=""),"",IF(NOT(ISNUMBER(B26)),"Needs a date",IF(D26="","Needs the job",IF(AND(C26<>"",C26<>"All beds",COUNTIF(Beds!$B$6:$B$35,C26)=0),"Not on Beds","")))) | G26: =IF(ISNUMBER(B26),INT(B26),0) | H26: =IF(AND(G26>0,D26="Water",OR(C26="",C26="All beds")),G26,0)
B27: 45829 | C27: All beds | D27: Water | F27: =IF(AND(B27="",C27="",D27=""),"",IF(NOT(ISNUMBER(B27)),"Needs a date",IF(D27="","Needs the job",IF(AND(C27<>"",C27<>"All beds",COUNTIF(Beds!$B$6:$B$35,C27)=0),"Not on Beds","")))) | G27: =IF(ISNUMBER(B27),INT(B27),0) | H27: =IF(AND(G27>0,D27="Water",OR(C27="",C27="All beds")),G27,0)
B28: 45832 | C28: All beds | D28: Water | F28: =IF(AND(B28="",C28="",D28=""),"",IF(NOT(ISNUMBER(B28)),"Needs a date",IF(D28="","Needs the job",IF(AND(C28<>"",C28<>"All beds",COUNTIF(Beds!$B$6:$B$35,C28)=0),"Not on Beds","")))) | G28: =IF(ISNUMBER(B28),INT(B28),0) | H28: =IF(AND(G28>0,D28="Water",OR(C28="",C28="All beds")),G28,0)
B29: 45832 | C29: Greenhouse | D29: Feed | E29: Tomato feed | F29: =IF(AND(B29="",C29="",D29=""),"",IF(NOT(ISNUMBER(B29)),"Needs a date",IF(D29="","Needs the job",IF(AND(C29<>"",C29<>"All beds",COUNTIF(Beds!$B$6:$B$35,C29)=0),"Not on Beds","")))) | G29: =IF(ISNUMBER(B29),INT(B29),0) | H29: =IF(AND(G29>0,D29="Water",OR(C29="",C29="All beds")),G29,0)
B30: 45834 | C30: All beds | D30: Water | F30: =IF(AND(B30="",C30="",D30=""),"",IF(NOT(ISNUMBER(B30)),"Needs a date",IF(D30="","Needs the job",IF(AND(C30<>"",C30<>"All beds",COUNTIF(Beds!$B$6:$B$35,C30)=0),"Not on Beds","")))) | G30: =IF(ISNUMBER(B30),INT(B30),0) | H30: =IF(AND(G30>0,D30="Water",OR(C30="",C30="All beds")),G30,0)
B31: 45836 | C31: All beds | D31: Water | F31: =IF(AND(B31="",C31="",D31=""),"",IF(NOT(ISNUMBER(B31)),"Needs a date",IF(D31="","Needs the job",IF(AND(C31<>"",C31<>"All beds",COUNTIF(Beds!$B$6:$B$35,C31)=0),"Not on Beds","")))) | G31: =IF(ISNUMBER(B31),INT(B31),0) | H31: =IF(AND(G31>0,D31="Water",OR(C31="",C31="All beds")),G31,0)
B32: 45839 | C32: All beds | D32: Water | F32: =IF(AND(B32="",C32="",D32=""),"",IF(NOT(ISNUMBER(B32)),"Needs a date",IF(D32="","Needs the job",IF(AND(C32<>"",C32<>"All beds",COUNTIF(Beds!$B$6:$B$35,C32)=0),"Not on Beds","")))) | G32: =IF(ISNUMBER(B32),INT(B32),0) | H32: =IF(AND(G32>0,D32="Water",OR(C32="",C32="All beds")),G32,0)
B33: 45839 | C33: Greenhouse | D33: Feed | E33: Tomato feed | F33: =IF(AND(B33="",C33="",D33=""),"",IF(NOT(ISNUMBER(B33)),"Needs a date",IF(D33="","Needs the job",IF(AND(C33<>"",C33<>"All beds",COUNTIF(Beds!$B$6:$B$35,C33)=0),"Not on Beds","")))) | G33: =IF(ISNUMBER(B33),INT(B33),0) | H33: =IF(AND(G33>0,D33="Water",OR(C33="",C33="All beds")),G33,0)
B34: 45842 | C34: All beds | D34: Water | F34: =IF(AND(B34="",C34="",D34=""),"",IF(NOT(ISNUMBER(B34)),"Needs a date",IF(D34="","Needs the job",IF(AND(C34<>"",C34<>"All beds",COUNTIF(Beds!$B$6:$B$35,C34)=0),"Not on Beds","")))) | G34: =IF(ISNUMBER(B34),INT(B34),0) | H34: =IF(AND(G34>0,D34="Water",OR(C34="",C34="All beds")),G34,0)
B35: 45845 | C35: All beds | D35: Water | F35: =IF(AND(B35="",C35="",D35=""),"",IF(NOT(ISNUMBER(B35)),"Needs a date",IF(D35="","Needs the job",IF(AND(C35<>"",C35<>"All beds",COUNTIF(Beds!$B$6:$B$35,C35)=0),"Not on Beds","")))) | G35: =IF(ISNUMBER(B35),INT(B35),0) | H35: =IF(AND(G35>0,D35="Water",OR(C35="",C35="All beds")),G35,0)
B36: 45846 | C36: Greenhouse | D36: Feed | E36: Tomato feed | F36: =IF(AND(B36="",C36="",D36=""),"",IF(NOT(ISNUMBER(B36)),"Needs a date",IF(D36="","Needs the job",IF(AND(C36<>"",C36<>"All beds",COUNTIF(Beds!$B$6:$B$35,C36)=0),"Not on Beds","")))) | G36: =IF(ISNUMBER(B36),INT(B36),0) | H36: =IF(AND(G36>0,D36="Water",OR(C36="",C36="All beds")),G36,0)
B37: 45849 | C37: All beds | D37: Water | F37: =IF(AND(B37="",C37="",D37=""),"",IF(NOT(ISNUMBER(B37)),"Needs a date",IF(D37="","Needs the job",IF(AND(C37<>"",C37<>"All beds",COUNTIF(Beds!$B$6:$B$35,C37)=0),"Not on Beds","")))) | G37: =IF(ISNUMBER(B37),INT(B37),0) | H37: =IF(AND(G37>0,D37="Water",OR(C37="",C37="All beds")),G37,0)
B38: 45852 | C38: All beds | D38: Water | F38: =IF(AND(B38="",C38="",D38=""),"",IF(NOT(ISNUMBER(B38)),"Needs a date",IF(D38="","Needs the job",IF(AND(C38<>"",C38<>"All beds",COUNTIF(Beds!$B$6:$B$35,C38)=0),"Not on Beds","")))) | G38: =IF(ISNUMBER(B38),INT(B38),0) | H38: =IF(AND(G38>0,D38="Water",OR(C38="",C38="All beds")),G38,0)
B39: 45853 | C39: Greenhouse | D39: Feed | E39: Tomato feed | F39: =IF(AND(B39="",C39="",D39=""),"",IF(NOT(ISNUMBER(B39)),"Needs a date",IF(D39="","Needs the job",IF(AND(C39<>"",C39<>"All beds",COUNTIF(Beds!$B$6:$B$35,C39)=0),"Not on Beds","")))) | G39: =IF(ISNUMBER(B39),INT(B39),0) | H39: =IF(AND(G39>0,D39="Water",OR(C39="",C39="All beds")),G39,0)
B40: 45855 | C40: All beds | D40: Water | F40: =IF(AND(B40="",C40="",D40=""),"",IF(NOT(ISNUMBER(B40)),"Needs a date",IF(D40="","Needs the job",IF(AND(C40<>"",C40<>"All beds",COUNTIF(Beds!$B$6:$B$35,C40)=0),"Not on Beds","")))) | G40: =IF(ISNUMBER(B40),INT(B40),0) | H40: =IF(AND(G40>0,D40="Water",OR(C40="",C40="All beds")),G40,0)
B41: 45858 | C41: All beds | D41: Water | F41: =IF(AND(B41="",C41="",D41=""),"",IF(NOT(ISNUMBER(B41)),"Needs a date",IF(D41="","Needs the job",IF(AND(C41<>"",C41<>"All beds",COUNTIF(Beds!$B$6:$B$35,C41)=0),"Not on Beds","")))) | G41: =IF(ISNUMBER(B41),INT(B41),0) | H41: =IF(AND(G41>0,D41="Water",OR(C41="",C41="All beds")),G41,0)
B42: 45860 | C42: Greenhouse | D42: Feed | E42: Tomato feed | F42: =IF(AND(B42="",C42="",D42=""),"",IF(NOT(ISNUMBER(B42)),"Needs a date",IF(D42="","Needs the job",IF(AND(C42<>"",C42<>"All beds",COUNTIF(Beds!$B$6:$B$35,C42)=0),"Not on Beds","")))) | G42: =IF(ISNUMBER(B42),INT(B42),0) | H42: =IF(AND(G42>0,D42="Water",OR(C42="",C42="All beds")),G42,0)
B43: 45862 | C43: All beds | D43: Water | F43: =IF(AND(B43="",C43="",D43=""),"",IF(NOT(ISNUMBER(B43)),"Needs a date",IF(D43="","Needs the job",IF(AND(C43<>"",C43<>"All beds",COUNTIF(Beds!$B$6:$B$35,C43)=0),"Not on Beds","")))) | G43: =IF(ISNUMBER(B43),INT(B43),0) | H43: =IF(AND(G43>0,D43="Water",OR(C43="",C43="All beds")),G43,0)
B44: 45866 | C44: All beds | D44: Water | F44: =IF(AND(B44="",C44="",D44=""),"",IF(NOT(ISNUMBER(B44)),"Needs a date",IF(D44="","Needs the job",IF(AND(C44<>"",C44<>"All beds",COUNTIF(Beds!$B$6:$B$35,C44)=0),"Not on Beds","")))) | G44: =IF(ISNUMBER(B44),INT(B44),0) | H44: =IF(AND(G44>0,D44="Water",OR(C44="",C44="All beds")),G44,0)
B45: 45867 | C45: Greenhouse | D45: Feed | E45: Tomato feed | F45: =IF(AND(B45="",C45="",D45=""),"",IF(NOT(ISNUMBER(B45)),"Needs a date",IF(D45="","Needs the job",IF(AND(C45<>"",C45<>"All beds",COUNTIF(Beds!$B$6:$B$35,C45)=0),"Not on Beds","")))) | G45: =IF(ISNUMBER(B45),INT(B45),0) | H45: =IF(AND(G45>0,D45="Water",OR(C45="",C45="All beds")),G45,0)
B46: 45870 | C46: All beds | D46: Water | F46: =IF(AND(B46="",C46="",D46=""),"",IF(NOT(ISNUMBER(B46)),"Needs a date",IF(D46="","Needs the job",IF(AND(C46<>"",C46<>"All beds",COUNTIF(Beds!$B$6:$B$35,C46)=0),"Not on Beds","")))) | G46: =IF(ISNUMBER(B46),INT(B46),0) | H46: =IF(AND(G46>0,D46="Water",OR(C46="",C46="All beds")),G46,0)
B47: 45873 | C47: All beds | D47: Water | F47: =IF(AND(B47="",C47="",D47=""),"",IF(NOT(ISNUMBER(B47)),"Needs a date",IF(D47="","Needs the job",IF(AND(C47<>"",C47<>"All beds",COUNTIF(Beds!$B$6:$B$35,C47)=0),"Not on Beds","")))) | G47: =IF(ISNUMBER(B47),INT(B47),0) | H47: =IF(AND(G47>0,D47="Water",OR(C47="",C47="All beds")),G47,0)
B48: 45874 | C48: Greenhouse | D48: Feed | E48: Tomato feed | F48: =IF(AND(B48="",C48="",D48=""),"",IF(NOT(ISNUMBER(B48)),"Needs a date",IF(D48="","Needs the job",IF(AND(C48<>"",C48<>"All beds",COUNTIF(Beds!$B$6:$B$35,C48)=0),"Not on Beds","")))) | G48: =IF(ISNUMBER(B48),INT(B48),0) | H48: =IF(AND(G48>0,D48="Water",OR(C48="",C48="All beds")),G48,0)
B49: 45877 | C49: All beds | D49: Water | F49: =IF(AND(B49="",C49="",D49=""),"",IF(NOT(ISNUMBER(B49)),"Needs a date",IF(D49="","Needs the job",IF(AND(C49<>"",C49<>"All beds",COUNTIF(Beds!$B$6:$B$35,C49)=0),"Not on Beds","")))) | G49: =IF(ISNUMBER(B49),INT(B49),0) | H49: =IF(AND(G49>0,D49="Water",OR(C49="",C49="All beds")),G49,0)
B50: 45880 | C50: All beds | D50: Water | F50: =IF(AND(B50="",C50="",D50=""),"",IF(NOT(ISNUMBER(B50)),"Needs a date",IF(D50="","Needs the job",IF(AND(C50<>"",C50<>"All beds",COUNTIF(Beds!$B$6:$B$35,C50)=0),"Not on Beds","")))) | G50: =IF(ISNUMBER(B50),INT(B50),0) | H50: =IF(AND(G50>0,D50="Water",OR(C50="",C50="All beds")),G50,0)
B51: 45881 | C51: Greenhouse | D51: Feed | E51: Tomato feed | F51: =IF(AND(B51="",C51="",D51=""),"",IF(NOT(ISNUMBER(B51)),"Needs a date",IF(D51="","Needs the job",IF(AND(C51<>"",C51<>"All beds",COUNTIF(Beds!$B$6:$B$35,C51)=0),"Not on Beds","")))) | G51: =IF(ISNUMBER(B51),INT(B51),0) | H51: =IF(AND(G51>0,D51="Water",OR(C51="",C51="All beds")),G51,0)
B52: 45883 | C52: All beds | D52: Water | F52: =IF(AND(B52="",C52="",D52=""),"",IF(NOT(ISNUMBER(B52)),"Needs a date",IF(D52="","Needs the job",IF(AND(C52<>"",C52<>"All beds",COUNTIF(Beds!$B$6:$B$35,C52)=0),"Not on Beds","")))) | G52: =IF(ISNUMBER(B52),INT(B52),0) | H52: =IF(AND(G52>0,D52="Water",OR(C52="",C52="All beds")),G52,0)
B53: 45887 | C53: All beds | D53: Water | F53: =IF(AND(B53="",C53="",D53=""),"",IF(NOT(ISNUMBER(B53)),"Needs a date",IF(D53="","Needs the job",IF(AND(C53<>"",C53<>"All beds",COUNTIF(Beds!$B$6:$B$35,C53)=0),"Not on Beds","")))) | G53: =IF(ISNUMBER(B53),INT(B53),0) | H53: =IF(AND(G53>0,D53="Water",OR(C53="",C53="All beds")),G53,0)
B54: 45888 | C54: Greenhouse | D54: Feed | E54: Tomato feed | F54: =IF(AND(B54="",C54="",D54=""),"",IF(NOT(ISNUMBER(B54)),"Needs a date",IF(D54="","Needs the job",IF(AND(C54<>"",C54<>"All beds",COUNTIF(Beds!$B$6:$B$35,C54)=0),"Not on Beds","")))) | G54: =IF(ISNUMBER(B54),INT(B54),0) | H54: =IF(AND(G54>0,D54="Water",OR(C54="",C54="All beds")),G54,0)
B55: 45891 | C55: All beds | D55: Water | F55: =IF(AND(B55="",C55="",D55=""),"",IF(NOT(ISNUMBER(B55)),"Needs a date",IF(D55="","Needs the job",IF(AND(C55<>"",C55<>"All beds",COUNTIF(Beds!$B$6:$B$35,C55)=0),"Not on Beds","")))) | G55: =IF(ISNUMBER(B55),INT(B55),0) | H55: =IF(AND(G55>0,D55="Water",OR(C55="",C55="All beds")),G55,0)
B56: 45895 | C56: All beds | D56: Water | F56: =IF(AND(B56="",C56="",D56=""),"",IF(NOT(ISNUMBER(B56)),"Needs a date",IF(D56="","Needs the job",IF(AND(C56<>"",C56<>"All beds",COUNTIF(Beds!$B$6:$B$35,C56)=0),"Not on Beds","")))) | G56: =IF(ISNUMBER(B56),INT(B56),0) | H56: =IF(AND(G56>0,D56="Water",OR(C56="",C56="All beds")),G56,0)
B57: 45895 | C57: Greenhouse | D57: Feed | E57: Tomato feed | F57: =IF(AND(B57="",C57="",D57=""),"",IF(NOT(ISNUMBER(B57)),"Needs a date",IF(D57="","Needs the job",IF(AND(C57<>"",C57<>"All beds",COUNTIF(Beds!$B$6:$B$35,C57)=0),"Not on Beds","")))) | G57: =IF(ISNUMBER(B57),INT(B57),0) | H57: =IF(AND(G57>0,D57="Water",OR(C57="",C57="All beds")),G57,0)
B58: 45897 | C58: All beds | D58: Water | F58: =IF(AND(B58="",C58="",D58=""),"",IF(NOT(ISNUMBER(B58)),"Needs a date",IF(D58="","Needs the job",IF(AND(C58<>"",C58<>"All beds",COUNTIF(Beds!$B$6:$B$35,C58)=0),"Not on Beds","")))) | G58: =IF(ISNUMBER(B58),INT(B58),0) | H58: =IF(AND(G58>0,D58="Water",OR(C58="",C58="All beds")),G58,0)
B59: 45900 | C59: All beds | D59: Water | F59: =IF(AND(B59="",C59="",D59=""),"",IF(NOT(ISNUMBER(B59)),"Needs a date",IF(D59="","Needs the job",IF(AND(C59<>"",C59<>"All beds",COUNTIF(Beds!$B$6:$B$35,C59)=0),"Not on Beds","")))) | G59: =IF(ISNUMBER(B59),INT(B59),0) | H59: =IF(AND(G59>0,D59="Water",OR(C59="",C59="All beds")),G59,0)
B60: 45902 | C60: Greenhouse | D60: Feed | E60: Tomato feed | F60: =IF(AND(B60="",C60="",D60=""),"",IF(NOT(ISNUMBER(B60)),"Needs a date",IF(D60="","Needs the job",IF(AND(C60<>"",C60<>"All beds",COUNTIF(Beds!$B$6:$B$35,C60)=0),"Not on Beds","")))) | G60: =IF(ISNUMBER(B60),INT(B60),0) | H60: =IF(AND(G60>0,D60="Water",OR(C60="",C60="All beds")),G60,0)
B61: 45904 | C61: All beds | D61: Water | F61: =IF(AND(B61="",C61="",D61=""),"",IF(NOT(ISNUMBER(B61)),"Needs a date",IF(D61="","Needs the job",IF(AND(C61<>"",C61<>"All beds",COUNTIF(Beds!$B$6:$B$35,C61)=0),"Not on Beds","")))) | G61: =IF(ISNUMBER(B61),INT(B61),0) | H61: =IF(AND(G61>0,D61="Water",OR(C61="",C61="All beds")),G61,0)
B62: 45906 | C62: All beds | D62: Water | F62: =IF(AND(B62="",C62="",D62=""),"",IF(NOT(ISNUMBER(B62)),"Needs a date",IF(D62="","Needs the job",IF(AND(C62<>"",C62<>"All beds",COUNTIF(Beds!$B$6:$B$35,C62)=0),"Not on Beds","")))) | G62: =IF(ISNUMBER(B62),INT(B62),0) | H62: =IF(AND(G62>0,D62="Water",OR(C62="",C62="All beds")),G62,0)
B63: 45909 | C63: All beds | D63: Water | F63: =IF(AND(B63="",C63="",D63=""),"",IF(NOT(ISNUMBER(B63)),"Needs a date",IF(D63="","Needs the job",IF(AND(C63<>"",C63<>"All beds",COUNTIF(Beds!$B$6:$B$35,C63)=0),"Not on Beds","")))) | G63: =IF(ISNUMBER(B63),INT(B63),0) | H63: =IF(AND(G63>0,D63="Water",OR(C63="",C63="All beds")),G63,0)
B64: 45909 | C64: Greenhouse | D64: Feed | E64: Tomato feed | F64: =IF(AND(B64="",C64="",D64=""),"",IF(NOT(ISNUMBER(B64)),"Needs a date",IF(D64="","Needs the job",IF(AND(C64<>"",C64<>"All beds",COUNTIF(Beds!$B$6:$B$35,C64)=0),"Not on Beds","")))) | G64: =IF(ISNUMBER(B64),INT(B64),0) | H64: =IF(AND(G64>0,D64="Water",OR(C64="",C64="All beds")),G64,0)
B65: 45911 | C65: All beds | D65: Water | F65: =IF(AND(B65="",C65="",D65=""),"",IF(NOT(ISNUMBER(B65)),"Needs a date",IF(D65="","Needs the job",IF(AND(C65<>"",C65<>"All beds",COUNTIF(Beds!$B$6:$B$35,C65)=0),"Not on Beds","")))) | G65: =IF(ISNUMBER(B65),INT(B65),0) | H65: =IF(AND(G65>0,D65="Water",OR(C65="",C65="All beds")),G65,0)
B66: 45913 | C66: All beds | D66: Water | F66: =IF(AND(B66="",C66="",D66=""),"",IF(NOT(ISNUMBER(B66)),"Needs a date",IF(D66="","Needs the job",IF(AND(C66<>"",C66<>"All beds",COUNTIF(Beds!$B$6:$B$35,C66)=0),"Not on Beds","")))) | G66: =IF(ISNUMBER(B66),INT(B66),0) | H66: =IF(AND(G66>0,D66="Water",OR(C66="",C66="All beds")),G66,0)
B67: 45916 | C67: Greenhouse | D67: Feed | E67: Tomato feed | F67: =IF(AND(B67="",C67="",D67=""),"",IF(NOT(ISNUMBER(B67)),"Needs a date",IF(D67="","Needs the job",IF(AND(C67<>"",C67<>"All beds",COUNTIF(Beds!$B$6:$B$35,C67)=0),"Not on Beds","")))) | G67: =IF(ISNUMBER(B67),INT(B67),0) | H67: =IF(AND(G67>0,D67="Water",OR(C67="",C67="All beds")),G67,0)
B68: 45917 | C68: All beds | D68: Water | F68: =IF(AND(B68="",C68="",D68=""),"",IF(NOT(ISNUMBER(B68)),"Needs a date",IF(D68="","Needs the job",IF(AND(C68<>"",C68<>"All beds",COUNTIF(Beds!$B$6:$B$35,C68)=0),"Not on Beds","")))) | G68: =IF(ISNUMBER(B68),INT(B68),0) | H68: =IF(AND(G68>0,D68="Water",OR(C68="",C68="All beds")),G68,0)
B69: 45919 | C69: All beds | D69: Water | F69: =IF(AND(B69="",C69="",D69=""),"",IF(NOT(ISNUMBER(B69)),"Needs a date",IF(D69="","Needs the job",IF(AND(C69<>"",C69<>"All beds",COUNTIF(Beds!$B$6:$B$35,C69)=0),"Not on Beds","")))) | G69: =IF(ISNUMBER(B69),INT(B69),0) | H69: =IF(AND(G69>0,D69="Water",OR(C69="",C69="All beds")),G69,0)
B70: 45923 | C70: All beds | D70: Water | F70: =IF(AND(B70="",C70="",D70=""),"",IF(NOT(ISNUMBER(B70)),"Needs a date",IF(D70="","Needs the job",IF(AND(C70<>"",C70<>"All beds",COUNTIF(Beds!$B$6:$B$35,C70)=0),"Not on Beds","")))) | G70: =IF(ISNUMBER(B70),INT(B70),0) | H70: =IF(AND(G70>0,D70="Water",OR(C70="",C70="All beds")),G70,0)
B71: 45925 | C71: All beds | D71: Water | F71: =IF(AND(B71="",C71="",D71=""),"",IF(NOT(ISNUMBER(B71)),"Needs a date",IF(D71="","Needs the job",IF(AND(C71<>"",C71<>"All beds",COUNTIF(Beds!$B$6:$B$35,C71)=0),"Not on Beds","")))) | G71: =IF(ISNUMBER(B71),INT(B71),0) | H71: =IF(AND(G71>0,D71="Water",OR(C71="",C71="All beds")),G71,0)
B72: 45927 | C72: All beds | D72: Water | F72: =IF(AND(B72="",C72="",D72=""),"",IF(NOT(ISNUMBER(B72)),"Needs a date",IF(D72="","Needs the job",IF(AND(C72<>"",C72<>"All beds",COUNTIF(Beds!$B$6:$B$35,C72)=0),"Not on Beds","")))) | G72: =IF(ISNUMBER(B72),INT(B72),0) | H72: =IF(AND(G72>0,D72="Water",OR(C72="",C72="All beds")),G72,0)
B73: 45929 | C73: All beds | D73: Water | F73: =IF(AND(B73="",C73="",D73=""),"",IF(NOT(ISNUMBER(B73)),"Needs a date",IF(D73="","Needs the job",IF(AND(C73<>"",C73<>"All beds",COUNTIF(Beds!$B$6:$B$35,C73)=0),"Not on Beds","")))) | G73: =IF(ISNUMBER(B73),INT(B73),0) | H73: =IF(AND(G73>0,D73="Water",OR(C73="",C73="All beds")),G73,0)
B74: 46089 | C74: Bed 1 | D74: Weed | F74: =IF(AND(B74="",C74="",D74=""),"",IF(NOT(ISNUMBER(B74)),"Needs a date",IF(D74="","Needs the job",IF(AND(C74<>"",C74<>"All beds",COUNTIF(Beds!$B$6:$B$35,C74)=0),"Not on Beds","")))) | G74: =IF(ISNUMBER(B74),INT(B74),0) | H74: =IF(AND(G74>0,D74="Water",OR(C74="",C74="All beds")),G74,0)
B75: 46090 | C75: Bed 2 | D75: Mulch | E75: Compost | F75: =IF(AND(B75="",C75="",D75=""),"",IF(NOT(ISNUMBER(B75)),"Needs a date",IF(D75="","Needs the job",IF(AND(C75<>"",C75<>"All beds",COUNTIF(Beds!$B$6:$B$35,C75)=0),"Not on Beds","")))) | G75: =IF(ISNUMBER(B75),INT(B75),0) | H75: =IF(AND(G75>0,D75="Water",OR(C75="",C75="All beds")),G75,0)
B76: 46130 | C76: Bed 4 | D76: Weed | F76: =IF(AND(B76="",C76="",D76=""),"",IF(NOT(ISNUMBER(B76)),"Needs a date",IF(D76="","Needs the job",IF(AND(C76<>"",C76<>"All beds",COUNTIF(Beds!$B$6:$B$35,C76)=0),"Not on Beds","")))) | G76: =IF(ISNUMBER(B76),INT(B76),0) | H76: =IF(AND(G76>0,D76="Water",OR(C76="",C76="All beds")),G76,0)
B77: 46143 | C77: All beds | D77: Water | F77: =IF(AND(B77="",C77="",D77=""),"",IF(NOT(ISNUMBER(B77)),"Needs a date",IF(D77="","Needs the job",IF(AND(C77<>"",C77<>"All beds",COUNTIF(Beds!$B$6:$B$35,C77)=0),"Not on Beds","")))) | G77: =IF(ISNUMBER(B77),INT(B77),0) | H77: =IF(AND(G77>0,D77="Water",OR(C77="",C77="All beds")),G77,0)
B78: 46147 | C78: All beds | D78: Water | F78: =IF(AND(B78="",C78="",D78=""),"",IF(NOT(ISNUMBER(B78)),"Needs a date",IF(D78="","Needs the job",IF(AND(C78<>"",C78<>"All beds",COUNTIF(Beds!$B$6:$B$35,C78)=0),"Not on Beds","")))) | G78: =IF(ISNUMBER(B78),INT(B78),0) | H78: =IF(AND(G78>0,D78="Water",OR(C78="",C78="All beds")),G78,0)
B79: 46150 | C79: All beds | D79: Water | F79: =IF(AND(B79="",C79="",D79=""),"",IF(NOT(ISNUMBER(B79)),"Needs a date",IF(D79="","Needs the job",IF(AND(C79<>"",C79<>"All beds",COUNTIF(Beds!$B$6:$B$35,C79)=0),"Not on Beds","")))) | G79: =IF(ISNUMBER(B79),INT(B79),0) | H79: =IF(AND(G79>0,D79="Water",OR(C79="",C79="All beds")),G79,0)
B80: 46154 | C80: All beds | D80: Water | F80: =IF(AND(B80="",C80="",D80=""),"",IF(NOT(ISNUMBER(B80)),"Needs a date",IF(D80="","Needs the job",IF(AND(C80<>"",C80<>"All beds",COUNTIF(Beds!$B$6:$B$35,C80)=0),"Not on Beds","")))) | G80: =IF(ISNUMBER(B80),INT(B80),0) | H80: =IF(AND(G80>0,D80="Water",OR(C80="",C80="All beds")),G80,0)
B81: 46156 | C81: All beds | D81: Water | F81: =IF(AND(B81="",C81="",D81=""),"",IF(NOT(ISNUMBER(B81)),"Needs a date",IF(D81="","Needs the job",IF(AND(C81<>"",C81<>"All beds",COUNTIF(Beds!$B$6:$B$35,C81)=0),"Not on Beds","")))) | G81: =IF(ISNUMBER(B81),INT(B81),0) | H81: =IF(AND(G81>0,D81="Water",OR(C81="",C81="All beds")),G81,0)
B82: 46159 | C82: All beds | D82: Water | F82: =IF(AND(B82="",C82="",D82=""),"",IF(NOT(ISNUMBER(B82)),"Needs a date",IF(D82="","Needs the job",IF(AND(C82<>"",C82<>"All beds",COUNTIF(Beds!$B$6:$B$35,C82)=0),"Not on Beds","")))) | G82: =IF(ISNUMBER(B82),INT(B82),0) | H82: =IF(AND(G82>0,D82="Water",OR(C82="",C82="All beds")),G82,0)
B83: 46162 | C83: All beds | D83: Water | F83: =IF(AND(B83="",C83="",D83=""),"",IF(NOT(ISNUMBER(B83)),"Needs a date",IF(D83="","Needs the job",IF(AND(C83<>"",C83<>"All beds",COUNTIF(Beds!$B$6:$B$35,C83)=0),"Not on Beds","")))) | G83: =IF(ISNUMBER(B83),INT(B83),0) | H83: =IF(AND(G83>0,D83="Water",OR(C83="",C83="All beds")),G83,0)
B84: 46165 | C84: All beds | D84: Water | F84: =IF(AND(B84="",C84="",D84=""),"",IF(NOT(ISNUMBER(B84)),"Needs a date",IF(D84="","Needs the job",IF(AND(C84<>"",C84<>"All beds",COUNTIF(Beds!$B$6:$B$35,C84)=0),"Not on Beds","")))) | G84: =IF(ISNUMBER(B84),INT(B84),0) | H84: =IF(AND(G84>0,D84="Water",OR(C84="",C84="All beds")),G84,0)
B85: 46167 | C85: All beds | D85: Water | F85: =IF(AND(B85="",C85="",D85=""),"",IF(NOT(ISNUMBER(B85)),"Needs a date",IF(D85="","Needs the job",IF(AND(C85<>"",C85<>"All beds",COUNTIF(Beds!$B$6:$B$35,C85)=0),"Not on Beds","")))) | G85: =IF(ISNUMBER(B85),INT(B85),0) | H85: =IF(AND(G85>0,D85="Water",OR(C85="",C85="All beds")),G85,0)
B86: 46171 | C86: All beds | D86: Water | F86: =IF(AND(B86="",C86="",D86=""),"",IF(NOT(ISNUMBER(B86)),"Needs a date",IF(D86="","Needs the job",IF(AND(C86<>"",C86<>"All beds",COUNTIF(Beds!$B$6:$B$35,C86)=0),"Not on Beds","")))) | G86: =IF(ISNUMBER(B86),INT(B86),0) | H86: =IF(AND(G86>0,D86="Water",OR(C86="",C86="All beds")),G86,0)
B87: 46173 | C87: All beds | D87: Water | F87: =IF(AND(B87="",C87="",D87=""),"",IF(NOT(ISNUMBER(B87)),"Needs a date",IF(D87="","Needs the job",IF(AND(C87<>"",C87<>"All beds",COUNTIF(Beds!$B$6:$B$35,C87)=0),"Not on Beds","")))) | G87: =IF(ISNUMBER(B87),INT(B87),0) | H87: =IF(AND(G87>0,D87="Water",OR(C87="",C87="All beds")),G87,0)
... B89: 46178 | C89: All beds | D89: Water | F89: =IF(AND(B89="",C89="",D89=""),"",IF(NOT(ISNUMBER(B89)),"Needs a date",IF(D89="","Needs the job",IF(AND(C89<>"",C89<>"All beds",COUNTIF(Beds!$B$6:$B$35,C89)=0),"Not on Beds","")))) | G89: =IF(ISNUMBER(B89),INT(B89),0) | H89: =IF(AND(G89>0,D89="Water",OR(C89="",C89="All beds")),G89,0)
B90: 46179 | C90: Bed 3 | D90: Pest check | E90: Slugs | F90: =IF(AND(B90="",C90="",D90=""),"",IF(NOT(ISNUMBER(B90)),"Needs a date",IF(D90="","Needs the job",IF(AND(C90<>"",C90<>"All beds",COUNTIF(Beds!$B$6:$B$35,C90)=0),"Not on Beds","")))) | G90: =IF(ISNUMBER(B90),INT(B90),0) | H90: =IF(AND(G90>0,D90="Water",OR(C90="",C90="All beds")),G90,0)
B91: 46180 | C91: All beds | D91: Water | F91: =IF(AND(B91="",C91="",D91=""),"",IF(NOT(ISNUMBER(B91)),"Needs a date",IF(D91="","Needs the job",IF(AND(C91<>"",C91<>"All beds",COUNTIF(Beds!$B$6:$B$35,C91)=0),"Not on Beds","")))) | G91: =IF(ISNUMBER(B91),INT(B91),0) | H91: =IF(AND(G91>0,D91="Water",OR(C91="",C91="All beds")),G91,0)
B92: 46182 | C92: All beds | D92: Water | F92: =IF(AND(B92="",C92="",D92=""),"",IF(NOT(ISNUMBER(B92)),"Needs a date",IF(D92="","Needs the job",IF(AND(C92<>"",C92<>"All beds",COUNTIF(Beds!$B$6:$B$35,C92)=0),"Not on Beds","")))) | G92: =IF(ISNUMBER(B92),INT(B92),0) | H92: =IF(AND(G92>0,D92="Water",OR(C92="",C92="All beds")),G92,0)
B93: 46183 | C93: Greenhouse | D93: Feed | E93: Tomato feed | F93: =IF(AND(B93="",C93="",D93=""),"",IF(NOT(ISNUMBER(B93)),"Needs a date",IF(D93="","Needs the job",IF(AND(C93<>"",C93<>"All beds",COUNTIF(Beds!$B$6:$B$35,C93)=0),"Not on Beds","")))) | G93: =IF(ISNUMBER(B93),INT(B93),0) | H93: =IF(AND(G93>0,D93="Water",OR(C93="",C93="All beds")),G93,0)
B94: 46186 | C94: All beds | D94: Water | F94: =IF(AND(B94="",C94="",D94=""),"",IF(NOT(ISNUMBER(B94)),"Needs a date",IF(D94="","Needs the job",IF(AND(C94<>"",C94<>"All beds",COUNTIF(Beds!$B$6:$B$35,C94)=0),"Not on Beds","")))) | G94: =IF(ISNUMBER(B94),INT(B94),0) | H94: =IF(AND(G94>0,D94="Water",OR(C94="",C94="All beds")),G94,0)
B95: 46188 | C95: All beds | D95: Water | F95: =IF(AND(B95="",C95="",D95=""),"",IF(NOT(ISNUMBER(B95)),"Needs a date",IF(D95="","Needs the job",IF(AND(C95<>"",C95<>"All beds",COUNTIF(Beds!$B$6:$B$35,C95)=0),"Not on Beds","")))) | G95: =IF(ISNUMBER(B95),INT(B95),0) | H95: =IF(AND(G95>0,D95="Water",OR(C95="",C95="All beds")),G95,0)
B96: 46190 | C96: All beds | D96: Water | F96: =IF(AND(B96="",C96="",D96=""),"",IF(NOT(ISNUMBER(B96)),"Needs a date",IF(D96="","Needs the job",IF(AND(C96<>"",C96<>"All beds",COUNTIF(Beds!$B$6:$B$35,C96)=0),"Not on Beds","")))) | G96: =IF(ISNUMBER(B96),INT(B96),0) | H96: =IF(AND(G96>0,D96="Water",OR(C96="",C96="All beds")),G96,0)
B97: 46190 | C97: Greenhouse | D97: Feed | E97: Tomato feed | F97: =IF(AND(B97="",C97="",D97=""),"",IF(NOT(ISNUMBER(B97)),"Needs a date",IF(D97="","Needs the job",IF(AND(C97<>"",C97<>"All beds",COUNTIF(Beds!$B$6:$B$35,C97)=0),"Not on Beds","")))) | G97: =IF(ISNUMBER(B97),INT(B97),0) | H97: =IF(AND(G97>0,D97="Water",OR(C97="",C97="All beds")),G97,0)
B98: 46193 | C98: All beds | D98: Water | F98: =IF(AND(B98="",C98="",D98=""),"",IF(NOT(ISNUMBER(B98)),"Needs a date",IF(D98="","Needs the job",IF(AND(C98<>"",C98<>"All beds",COUNTIF(Beds!$B$6:$B$35,C98)=0),"Not on Beds","")))) | G98: =IF(ISNUMBER(B98),INT(B98),0) | H98: =IF(AND(G98>0,D98="Water",OR(C98="",C98="All beds")),G98,0)
B99: 46195 | C99: All beds | D99: Water | F99: =IF(AND(B99="",C99="",D99=""),"",IF(NOT(ISNUMBER(B99)),"Needs a date",IF(D99="","Needs the job",IF(AND(C99<>"",C99<>"All beds",COUNTIF(Beds!$B$6:$B$35,C99)=0),"Not on Beds","")))) | G99: =IF(ISNUMBER(B99),INT(B99),0) | H99: =IF(AND(G99>0,D99="Water",OR(C99="",C99="All beds")),G99,0)
B100: 46197 | C100: Greenhouse | D100: Feed | E100: Tomato feed | F100: =IF(AND(B100="",C100="",D100=""),"",IF(NOT(ISNUMBER(B100)),"Needs a date",IF(D100="","Needs the job",IF(AND(C100<>"",C100<>"All beds",COUNTIF(Beds!$B$6:$B$35,C100)=0),"Not on Beds","")))) | G100: =IF(ISNUMBER(B100),INT(B100),0) | H100: =IF(AND(G100>0,D100="Water",OR(C100="",C100="All beds")),G100,0)
B101: 46199 | C101: All beds | D101: Water | F101: =IF(AND(B101="",C101="",D101=""),"",IF(NOT(ISNUMBER(B101)),"Needs a date",IF(D101="","Needs the job",IF(AND(C101<>"",C101<>"All beds",COUNTIF(Beds!$B$6:$B$35,C101)=0),"Not on Beds","")))) | G101: =IF(ISNUMBER(B101),INT(B101),0) | H101: =IF(AND(G101>0,D101="Water",OR(C101="",C101="All beds")),G101,0)
B102: 46201 | C102: All beds | D102: Water | F102: =IF(AND(B102="",C102="",D102=""),"",IF(NOT(ISNUMBER(B102)),"Needs a date",IF(D102="","Needs the job",IF(AND(C102<>"",C102<>"All beds",COUNTIF(Beds!$B$6:$B$35,C102)=0),"Not on Beds","")))) | G102: =IF(ISNUMBER(B102),INT(B102),0) | H102: =IF(AND(G102>0,D102="Water",OR(C102="",C102="All beds")),G102,0)
B103: 46204 | C103: All beds | D103: Water | F103: =IF(AND(B103="",C103="",D103=""),"",IF(NOT(ISNUMBER(B103)),"Needs a date",IF(D103="","Needs the job",IF(AND(C103<>"",C103<>"All beds",COUNTIF(Beds!$B$6:$B$35,C103)=0),"Not on Beds","")))) | G103: =IF(ISNUMBER(B103),INT(B103),0) | H103: =IF(AND(G103>0,D103="Water",OR(C103="",C103="All beds")),G103,0)
B104: 46204 | C104: Greenhouse | D104: Feed | E104: Tomato feed | F104: =IF(AND(B104="",C104="",D104=""),"",IF(NOT(ISNUMBER(B104)),"Needs a date",IF(D104="","Needs the job",IF(AND(C104<>"",C104<>"All beds",COUNTIF(Beds!$B$6:$B$35,C104)=0),"Not on Beds","")))) | G104: =IF(ISNUMBER(B104),INT(B104),0) | H104: =IF(AND(G104>0,D104="Water",OR(C104="",C104="All beds")),G104,0)
B105: 46205 | C105: Bed 1 | D105: Weed | F105: =IF(AND(B105="",C105="",D105=""),"",IF(NOT(ISNUMBER(B105)),"Needs a date",IF(D105="","Needs the job",IF(AND(C105<>"",C105<>"All beds",COUNTIF(Beds!$B$6:$B$35,C105)=0),"Not on Beds","")))) | G105: =IF(ISNUMBER(B105),INT(B105),0) | H105: =IF(AND(G105>0,D105="Water",OR(C105="",C105="All beds")),G105,0)
...

Sheet Crops
B2: Crops
B3: Each crop once, with the months you plan from your seed packets and your own experience.
B5: Crop | C5: Family | D5: Unit | E5: Shop price | F5: Days to harvest | G5: Sow from | H5: Sow to | I5: Plant out from | J5: Plant out to | K5: Harvest from | L5: Harvest to | M5: Seeds left | N5: Planted | O5: Picked | P5: Value | Q5: Check
B6: Tomatoes | C6: Nightshades | D6: kg | E6: 5.5 | F6: 75 | G6: Mar | H6: Apr | I6: May | J6: Jun | K6: Jul | L6: Oct | M6: Half a packet | N6: =IF(B6="","",SUMIFS(Plantings!$S$6:$S$505,Plantings!$C$6:$C$505,B6,Plantings!$N$6:$N$505,Settings!$C$5)) | O6: =IF(B6="","",SUMIFS(Harvest!$E$6:$E$1505,Harvest!$C$6:$C$1505,B6,Harvest!$J$6:$J$1505,Settings!$C$5)) | P6: =IF(B6="","",SUMIFS(Harvest!$H$6:$H$1505,Harvest!$C$6:$C$1505,B6,Harvest!$J$6:$J$1505,Settings!$C$5)) | Q6: =IF(B6="","",IF(COUNTIF(Crops!$B$6:$B$65,B6)>1,"Listed twice",IF(AND(E6<>"",NOT(ISNUMBER(E6))),"Price not a number",IF(AND(F6<>"",NOT(ISNUMBER(F6))),"Days not a number",IF(OR((G6="")<>(H6=""),(I6="")<>(J6=""),(K6="")<>(L6="")),"A month is missing",""))))) | R6: =IFERROR(MATCH(G6,Settings!$H$1:$H$12,0),0) | S6: =IFERROR(MATCH(H6,Settings!$H$1:$H$12,0),0) | T6: =IFERROR(MATCH(I6,Settings!$H$1:$H$12,0),0) | U6: =IFERROR(MATCH(J6,Settings!$H$1:$H$12,0),0) | V6: =IFERROR(MATCH(K6,Settings!$H$1:$H$12,0),0) | W6: =IFERROR(MATCH(L6,Settings!$H$1:$H$12,0),0) | X6: =IF(AND(B6<>"",IF(OR(R6=0,S6=0),0,IF(R6<=S6,IF(AND(MONTH(TODAY())>=R6,MONTH(TODAY())<=S6),1,0),IF(OR(MONTH(TODAY())>=R6,MONTH(TODAY())<=S6),1,0)))=1),ROW(),"") | Y6: =IF(AND(B6<>"",IF(OR(T6=0,U6=0),0,IF(T6<=U6,IF(AND(MONTH(TODAY())>=T6,MONTH(TODAY())<=U6),1,0),IF(OR(MONTH(TODAY())>=T6,MONTH(TODAY())<=U6),1,0)))=1),ROW(),"") | Z6: =IF(AND(B6<>"",IF(OR(V6=0,W6=0),0,IF(V6<=W6,IF(AND(MONTH(TODAY())>=V6,MONTH(TODAY())<=W6),1,0),IF(OR(MONTH(TODAY())>=V6,MONTH(TODAY())<=W6),1,0)))=1),ROW(),"") | AA6: =IF(OR(B6="",N(O6)<=0),"",ROUND(N(P6)*100,0)*1000+1000-ROW())
B7: Peppers | C7: Nightshades | D7: piece | E7: 1.2 | F7: 80 | G7: Feb | H7: Mar | I7: May | J7: Jun | K7: Aug | L7: Oct | M7: 1 packet | N7: =IF(B7="","",SUMIFS(Plantings!$S$6:$S$505,Plantings!$C$6:$C$505,B7,Plantings!$N$6:$N$505,Settings!$C$5)) | O7: =IF(B7="","",SUMIFS(Harvest!$E$6:$E$1505,Harvest!$C$6:$C$1505,B7,Harvest!$J$6:$J$1505,Settings!$C$5)) | P7: =IF(B7="","",SUMIFS(Harvest!$H$6:$H$1505,Harvest!$C$6:$C$1505,B7,Harvest!$J$6:$J$1505,Settings!$C$5)) | Q7: =IF(B7="","",IF(COUNTIF(Crops!$B$6:$B$65,B7)>1,"Listed twice",IF(AND(E7<>"",NOT(ISNUMBER(E7))),"Price not a number",IF(AND(F7<>"",NOT(ISNUMBER(F7))),"Days not a number",IF(OR((G7="")<>(H7=""),(I7="")<>(J7=""),(K7="")<>(L7="")),"A month is missing",""))))) | R7: =IFERROR(MATCH(G7,Settings!$H$1:$H$12,0),0) | S7: =IFERROR(MATCH(H7,Settings!$H$1:$H$12,0),0) | T7: =IFERROR(MATCH(I7,Settings!$H$1:$H$12,0),0) | U7: =IFERROR(MATCH(J7,Settings!$H$1:$H$12,0),0) | V7: =IFERROR(MATCH(K7,Settings!$H$1:$H$12,0),0) | W7: =IFERROR(MATCH(L7,Settings!$H$1:$H$12,0),0) | X7: =IF(AND(B7<>"",IF(OR(R7=0,S7=0),0,IF(R7<=S7,IF(AND(MONTH(TODAY())>=R7,MONTH(TODAY())<=S7),1,0),IF(OR(MONTH(TODAY())>=R7,MONTH(TODAY())<=S7),1,0)))=1),ROW(),"") | Y7: =IF(AND(B7<>"",IF(OR(T7=0,U7=0),0,IF(T7<=U7,IF(AND(MONTH(TODAY())>=T7,MONTH(TODAY())<=U7),1,0),IF(OR(MONTH(TODAY())>=T7,MONTH(TODAY())<=U7),1,0)))=1),ROW(),"") | Z7: =IF(AND(B7<>"",IF(OR(V7=0,W7=0),0,IF(V7<=W7,IF(AND(MONTH(TODAY())>=V7,MONTH(TODAY())<=W7),1,0),IF(OR(MONTH(TODAY())>=V7,MONTH(TODAY())<=W7),1,0)))=1),ROW(),"") | AA7: =IF(OR(B7="",N(O7)<=0),"",ROUND(N(P7)*100,0)*1000+1000-ROW())
B8: Potatoes | C8: Nightshades | D8: kg | E8: 1.8 | F8: 100 | G8: Mar | H8: Apr | K8: Jul | L8: Sep | N8: =IF(B8="","",SUMIFS(Plantings!$S$6:$S$505,Plantings!$C$6:$C$505,B8,Plantings!$N$6:$N$505,Settings!$C$5)) | O8: =IF(B8="","",SUMIFS(Harvest!$E$6:$E$1505,Harvest!$C$6:$C$1505,B8,Harvest!$J$6:$J$1505,Settings!$C$5)) | P8: =IF(B8="","",SUMIFS(Harvest!$H$6:$H$1505,Harvest!$C$6:$C$1505,B8,Harvest!$J$6:$J$1505,Settings!$C$5)) | Q8: =IF(B8="","",IF(COUNTIF(Crops!$B$6:$B$65,B8)>1,"Listed twice",IF(AND(E8<>"",NOT(ISNUMBER(E8))),"Price not a number",IF(AND(F8<>"",NOT(ISNUMBER(F8))),"Days not a number",IF(OR((G8="")<>(H8=""),(I8="")<>(J8=""),(K8="")<>(L8="")),"A month is missing",""))))) | R8: =IFERROR(MATCH(G8,Settings!$H$1:$H$12,0),0) | S8: =IFERROR(MATCH(H8,Settings!$H$1:$H$12,0),0) | T8: =IFERROR(MATCH(I8,Settings!$H$1:$H$12,0),0) | U8: =IFERROR(MATCH(J8,Settings!$H$1:$H$12,0),0) | V8: =IFERROR(MATCH(K8,Settings!$H$1:$H$12,0),0) | W8: =IFERROR(MATCH(L8,Settings!$H$1:$H$12,0),0) | X8: =IF(AND(B8<>"",IF(OR(R8=0,S8=0),0,IF(R8<=S8,IF(AND(MONTH(TODAY())>=R8,MONTH(TODAY())<=S8),1,0),IF(OR(MONTH(TODAY())>=R8,MONTH(TODAY())<=S8),1,0)))=1),ROW(),"") | Y8: =IF(AND(B8<>"",IF(OR(T8=0,U8=0),0,IF(T8<=U8,IF(AND(MONTH(TODAY())>=T8,MONTH(TODAY())<=U8),1,0),IF(OR(MONTH(TODAY())>=T8,MONTH(TODAY())<=U8),1,0)))=1),ROW(),"") | Z8: =IF(AND(B8<>"",IF(OR(V8=0,W8=0),0,IF(V8<=W8,IF(AND(MONTH(TODAY())>=V8,MONTH(TODAY())<=W8),1,0),IF(OR(MONTH(TODAY())>=V8,MONTH(TODAY())<=W8),1,0)))=1),ROW(),"") | AA8: =IF(OR(B8="",N(O8)<=0),"",ROUND(N(P8)*100,0)*1000+1000-ROW())
B9: Zucchini | C9: Cucurbits | D9: kg | E9: 3.5 | F9: 55 | G9: Apr | H9: May | I9: May | J9: Jun | K9: Jul | L9: Sep | M9: 6 seeds | N9: =IF(B9="","",SUMIFS(Plantings!$S$6:$S$505,Plantings!$C$6:$C$505,B9,Plantings!$N$6:$N$505,Settings!$C$5)) | O9: =IF(B9="","",SUMIFS(Harvest!$E$6:$E$1505,Harvest!$C$6:$C$1505,B9,Harvest!$J$6:$J$1505,Settings!$C$5)) | P9: =IF(B9="","",SUMIFS(Harvest!$H$6:$H$1505,Harvest!$C$6:$C$1505,B9,Harvest!$J$6:$J$1505,Settings!$C$5)) | Q9: =IF(B9="","",IF(COUNTIF(Crops!$B$6:$B$65,B9)>1,"Listed twice",IF(AND(E9<>"",NOT(ISNUMBER(E9))),"Price not a number",IF(AND(F9<>"",NOT(ISNUMBER(F9))),"Days not a number",IF(OR((G9="")<>(H9=""),(I9="")<>(J9=""),(K9="")<>(L9="")),"A month is missing",""))))) | R9: =IFERROR(MATCH(G9,Settings!$H$1:$H$12,0),0) | S9: =IFERROR(MATCH(H9,Settings!$H$1:$H$12,0),0) | T9: =IFERROR(MATCH(I9,Settings!$H$1:$H$12,0),0) | U9: =IFERROR(MATCH(J9,Settings!$H$1:$H$12,0),0) | V9: =IFERROR(MATCH(K9,Settings!$H$1:$H$12,0),0) | W9: =IFERROR(MATCH(L9,Settings!$H$1:$H$12,0),0) | X9: =IF(AND(B9<>"",IF(OR(R9=0,S9=0),0,IF(R9<=S9,IF(AND(MONTH(TODAY())>=R9,MONTH(TODAY())<=S9),1,0),IF(OR(MONTH(TODAY())>=R9,MONTH(TODAY())<=S9),1,0)))=1),ROW(),"") | Y9: =IF(AND(B9<>"",IF(OR(T9=0,U9=0),0,IF(T9<=U9,IF(AND(MONTH(TODAY())>=T9,MONTH(TODAY())<=U9),1,0),IF(OR(MONTH(TODAY())>=T9,MONTH(TODAY())<=U9),1,0)))=1),ROW(),"") | Z9: =IF(AND(B9<>"",IF(OR(V9=0,W9=0),0,IF(V9<=W9,IF(AND(MONTH(TODAY())>=V9,MONTH(TODAY())<=W9),1,0),IF(OR(MONTH(TODAY())>=V9,MONTH(TODAY())<=W9),1,0)))=1),ROW(),"") | AA9: =IF(OR(B9="",N(O9)<=0),"",ROUND(N(P9)*100,0)*1000+1000-ROW())
B10: Cucumbers | C10: Cucurbits | D10: piece | E10: 1 | F10: 60 | G10: Apr | H10: May | I10: May | J10: Jun | K10: Jul | L10: Sep | M10: 1 packet | N10: =IF(B10="","",SUMIFS(Plantings!$S$6:$S$505,Plantings!$C$6:$C$505,B10,Plantings!$N$6:$N$505,Settings!$C$5)) | O10: =IF(B10="","",SUMIFS(Harvest!$E$6:$E$1505,Harvest!$C$6:$C$1505,B10,Harvest!$J$6:$J$1505,Settings!$C$5)) | P10: =IF(B10="","",SUMIFS(Harvest!$H$6:$H$1505,Harvest!$C$6:$C$1505,B10,Harvest!$J$6:$J$1505,Settings!$C$5)) | Q10: =IF(B10="","",IF(COUNTIF(Crops!$B$6:$B$65,B10)>1,"Listed twice",IF(AND(E10<>"",NOT(ISNUMBER(E10))),"Price not a number",IF(AND(F10<>"",NOT(ISNUMBER(F10))),"Days not a number",IF(OR((G10="")<>(H10=""),(I10="")<>(J10=""),(K10="")<>(L10="")),"A month is missing",""))))) | R10: =IFERROR(MATCH(G10,Settings!$H$1:$H$12,0),0) | S10: =IFERROR(MATCH(H10,Settings!$H$1:$H$12,0),0) | T10: =IFERROR(MATCH(I10,Settings!$H$1:$H$12,0),0) | U10: =IFERROR(MATCH(J10,Settings!$H$1:$H$12,0),0) | V10: =IFERROR(MATCH(K10,Settings!$H$1:$H$12,0),0) | W10: =IFERROR(MATCH(L10,Settings!$H$1:$H$12,0),0) | X10: =IF(AND(B10<>"",IF(OR(R10=0,S10=0),0,IF(R10<=S10,IF(AND(MONTH(TODAY())>=R10,MONTH(TODAY())<=S10),1,0),IF(OR(MONTH(TODAY())>=R10,MONTH(TODAY())<=S10),1,0)))=1),ROW(),"") | Y10: =IF(AND(B10<>"",IF(OR(T10=0,U10=0),0,IF(T10<=U10,IF(AND(MONTH(TODAY())>=T10,MONTH(TODAY())<=U10),1,0),IF(OR(MONTH(TODAY())>=T10,MONTH(TODAY())<=U10),1,0)))=1),ROW(),"") | Z10: =IF(AND(B10<>"",IF(OR(V10=0,W10=0),0,IF(V10<=W10,IF(AND(MONTH(TODAY())>=V10,MONTH(TODAY())<=W10),1,0),IF(OR(MONTH(TODAY())>=V10,MONTH(TODAY())<=W10),1,0)))=1),ROW(),"") | AA10: =IF(OR(B10="",N(O10)<=0),"",ROUND(N(P10)*100,0)*1000+1000-ROW())
B11: Runner beans | C11: Legumes | D11: kg | E11: 6 | F11: 70 | G11: Apr | H11: May | I11: Jun | J11: Jun | K11: Jul | L11: Oct | M11: Half a packet | N11: =IF(B11="","",SUMIFS(Plantings!$S$6:$S$505,Plantings!$C$6:$C$505,B11,Plantings!$N$6:$N$505,Settings!$C$5)) | O11: =IF(B11="","",SUMIFS(Harvest!$E$6:$E$1505,Harvest!$C$6:$C$1505,B11,Harvest!$J$6:$J$1505,Settings!$C$5)) | P11: =IF(B11="","",SUMIFS(Harvest!$H$6:$H$1505,Harvest!$C$6:$C$1505,B11,Harvest!$J$6:$J$1505,Settings!$C$5)) | Q11: =IF(B11="","",IF(COUNTIF(Crops!$B$6:$B$65,B11)>1,"Listed twice",IF(AND(E11<>"",NOT(ISNUMBER(E11))),"Price not a number",IF(AND(F11<>"",NOT(ISNUMBER(F11))),"Days not a number",IF(OR((G11="")<>(H11=""),(I11="")<>(J11=""),(K11="")<>(L11="")),"A month is missing",""))))) | R11: =IFERROR(MATCH(G11,Settings!$H$1:$H$12,0),0) | S11: =IFERROR(MATCH(H11,Settings!$H$1:$H$12,0),0) | T11: =IFERROR(MATCH(I11,Settings!$H$1:$H$12,0),0) | U11: =IFERROR(MATCH(J11,Settings!$H$1:$H$12,0),0) | V11: =IFERROR(MATCH(K11,Settings!$H$1:$H$12,0),0) | W11: =IFERROR(MATCH(L11,Settings!$H$1:$H$12,0),0) | X11: =IF(AND(B11<>"",IF(OR(R11=0,S11=0),0,IF(R11<=S11,IF(AND(MONTH(TODAY())>=R11,MONTH(TODAY())<=S11),1,0),IF(OR(MONTH(TODAY())>=R11,MONTH(TODAY())<=S11),1,0)))=1),ROW(),"") | Y11: =IF(AND(B11<>"",IF(OR(T11=0,U11=0),0,IF(T11<=U11,IF(AND(MONTH(TODAY())>=T11,MONTH(TODAY())<=U11),1,0),IF(OR(MONTH(TODAY())>=T11,MONTH(TODAY())<=U11),1,0)))=1),ROW(),"") | Z11: =IF(AND(B11<>"",IF(OR(V11=0,W11=0),0,IF(V11<=W11,IF(AND(MONTH(TODAY())>=V11,MONTH(TODAY())<=W11),1,0),IF(OR(MONTH(TODAY())>=V11,MONTH(TODAY())<=W11),1,0)))=1),ROW(),"") | AA11: =IF(OR(B11="",N(O11)<=0),"",ROUND(N(P11)*100,0)*1000+1000-ROW())
B12: Peas | C12: Legumes | D12: kg | E12: 7 | F12: 65 | G12: Mar | H12: May | K12: Jun | L12: Jul | M12: None left | N12: =IF(B12="","",SUMIFS(Plantings!$S$6:$S$505,Plantings!$C$6:$C$505,B12,Plantings!$N$6:$N$505,Settings!$C$5)) | O12: =IF(B12="","",SUMIFS(Harvest!$E$6:$E$1505,Harvest!$C$6:$C$1505,B12,Harvest!$J$6:$J$1505,Settings!$C$5)) | P12: =IF(B12="","",SUMIFS(Harvest!$H$6:$H$1505,Harvest!$C$6:$C$1505,B12,Harvest!$J$6:$J$1505,Settings!$C$5)) | Q12: =IF(B12="","",IF(COUNTIF(Crops!$B$6:$B$65,B12)>1,"Listed twice",IF(AND(E12<>"",NOT(ISNUMBER(E12))),"Price not a number",IF(AND(F12<>"",NOT(ISNUMBER(F12))),"Days not a number",IF(OR((G12="")<>(H12=""),(I12="")<>(J12=""),(K12="")<>(L12="")),"A month is missing",""))))) | R12: =IFERROR(MATCH(G12,Settings!$H$1:$H$12,0),0) | S12: =IFERROR(MATCH(H12,Settings!$H$1:$H$12,0),0) | T12: =IFERROR(MATCH(I12,Settings!$H$1:$H$12,0),0) | U12: =IFERROR(MATCH(J12,Settings!$H$1:$H$12,0),0) | V12: =IFERROR(MATCH(K12,Settings!$H$1:$H$12,0),0) | W12: =IFERROR(MATCH(L12,Settings!$H$1:$H$12,0),0) | X12: =IF(AND(B12<>"",IF(OR(R12=0,S12=0),0,IF(R12<=S12,IF(AND(MONTH(TODAY())>=R12,MONTH(TODAY())<=S12),1,0),IF(OR(MONTH(TODAY())>=R12,MONTH(TODAY())<=S12),1,0)))=1),ROW(),"") | Y12: =IF(AND(B12<>"",IF(OR(T12=0,U12=0),0,IF(T12<=U12,IF(AND(MONTH(TODAY())>=T12,MONTH(TODAY())<=U12),1,0),IF(OR(MONTH(TODAY())>=T12,MONTH(TODAY())<=U12),1,0)))=1),ROW(),"") | Z12: =IF(AND(B12<>"",IF(OR(V12=0,W12=0),0,IF(V12<=W12,IF(AND(MONTH(TODAY())>=V12,MONTH(TODAY())<=W12),1,0),IF(OR(MONTH(TODAY())>=V12,MONTH(TODAY())<=W12),1,0)))=1),ROW(),"") | AA12: =IF(OR(B12="",N(O12)<=0),"",ROUND(N(P12)*100,0)*1000+1000-ROW())
B13: Lettuce | C13: Leafy greens | D13: head | E13: 1.5 | F13: 45 | G13: Mar | H13: Sep | I13: Apr | J13: Sep | K13: May | L13: Oct | M13: 2 packets | N13: =IF(B13="","",SUMIFS(Plantings!$S$6:$S$505,Plantings!$C$6:$C$505,B13,Plantings!$N$6:$N$505,Settings!$C$5)) | O13: =IF(B13="","",SUMIFS(Harvest!$E$6:$E$1505,Harvest!$C$6:$C$1505,B13,Harvest!$J$6:$J$1505,Settings!$C$5)) | P13: =IF(B13="","",SUMIFS(Harvest!$H$6:$H$1505,Harvest!$C$6:$C$1505,B13,Harvest!$J$6:$J$1505,Settings!$C$5)) | Q13: =IF(B13="","",IF(COUNTIF(Crops!$B$6:$B$65,B13)>1,"Listed twice",IF(AND(E13<>"",NOT(ISNUMBER(E13))),"Price not a number",IF(AND(F13<>"",NOT(ISNUMBER(F13))),"Days not a number",IF(OR((G13="")<>(H13=""),(I13="")<>(J13=""),(K13="")<>(L13="")),"A month is missing",""))))) | R13: =IFERROR(MATCH(G13,Settings!$H$1:$H$12,0),0) | S13: =IFERROR(MATCH(H13,Settings!$H$1:$H$12,0),0) | T13: =IFERROR(MATCH(I13,Settings!$H$1:$H$12,0),0) | U13: =IFERROR(MATCH(J13,Settings!$H$1:$H$12,0),0) | V13: =IFERROR(MATCH(K13,Settings!$H$1:$H$12,0),0) | W13: =IFERROR(MATCH(L13,Settings!$H$1:$H$12,0),0) | X13: =IF(AND(B13<>"",IF(OR(R13=0,S13=0),0,IF(R13<=S13,IF(AND(MONTH(TODAY())>=R13,MONTH(TODAY())<=S13),1,0),IF(OR(MONTH(TODAY())>=R13,MONTH(TODAY())<=S13),1,0)))=1),ROW(),"") | Y13: =IF(AND(B13<>"",IF(OR(T13=0,U13=0),0,IF(T13<=U13,IF(AND(MONTH(TODAY())>=T13,MONTH(TODAY())<=U13),1,0),IF(OR(MONTH(TODAY())>=T13,MONTH(TODAY())<=U13),1,0)))=1),ROW(),"") | Z13: =IF(AND(B13<>"",IF(OR(V13=0,W13=0),0,IF(V13<=W13,IF(AND(MONTH(TODAY())>=V13,MONTH(TODAY())<=W13),1,0),IF(OR(MONTH(TODAY())>=V13,MONTH(TODAY())<=W13),1,0)))=1),ROW(),"") | AA13: =IF(OR(B13="",N(O13)<=0),"",ROUND(N(P13)*100,0)*1000+1000-ROW())
B14: Spinach | C14: Leafy greens | D14: bunch | E14: 2 | F14: 40 | G14: Aug | H14: Apr | K14: Oct | L14: Jun | M14: 1 packet | N14: =IF(B14="","",SUMIFS(Plantings!$S$6:$S$505,Plantings!$C$6:$C$505,B14,Plantings!$N$6:$N$505,Settings!$C$5)) | O14: =IF(B14="","",SUMIFS(Harvest!$E$6:$E$1505,Harvest!$C$6:$C$1505,B14,Harvest!$J$6:$J$1505,Settings!$C$5)) | P14: =IF(B14="","",SUMIFS(Harvest!$H$6:$H$1505,Harvest!$C$6:$C$1505,B14,Harvest!$J$6:$J$1505,Settings!$C$5)) | Q14: =IF(B14="","",IF(COUNTIF(Crops!$B$6:$B$65,B14)>1,"Listed twice",IF(AND(E14<>"",NOT(ISNUMBER(E14))),"Price not a number",IF(AND(F14<>"",NOT(ISNUMBER(F14))),"Days not a number",IF(OR((G14="")<>(H14=""),(I14="")<>(J14=""),(K14="")<>(L14="")),"A month is missing",""))))) | R14: =IFERROR(MATCH(G14,Settings!$H$1:$H$12,0),0) | S14: =IFERROR(MATCH(H14,Settings!$H$1:$H$12,0),0) | T14: =IFERROR(MATCH(I14,Settings!$H$1:$H$12,0),0) | U14: =IFERROR(MATCH(J14,Settings!$H$1:$H$12,0),0) | V14: =IFERROR(MATCH(K14,Settings!$H$1:$H$12,0),0) | W14: =IFERROR(MATCH(L14,Settings!$H$1:$H$12,0),0) | X14: =IF(AND(B14<>"",IF(OR(R14=0,S14=0),0,IF(R14<=S14,IF(AND(MONTH(TODAY())>=R14,MONTH(TODAY())<=S14),1,0),IF(OR(MONTH(TODAY())>=R14,MONTH(TODAY())<=S14),1,0)))=1),ROW(),"") | Y14: =IF(AND(B14<>"",IF(OR(T14=0,U14=0),0,IF(T14<=U14,IF(AND(MONTH(TODAY())>=T14,MONTH(TODAY())<=U14),1,0),IF(OR(MONTH(TODAY())>=T14,MONTH(TODAY())<=U14),1,0)))=1),ROW(),"") | Z14: =IF(AND(B14<>"",IF(OR(V14=0,W14=0),0,IF(V14<=W14,IF(AND(MONTH(TODAY())>=V14,MONTH(TODAY())<=W14),1,0),IF(OR(MONTH(TODAY())>=V14,MONTH(TODAY())<=W14),1,0)))=1),ROW(),"") | AA14: =IF(OR(B14="",N(O14)<=0),"",ROUND(N(P14)*100,0)*1000+1000-ROW())
B15: Carrots | C15: Roots | D15: kg | E15: 2 | F15: 75 | G15: Apr | H15: Jun | K15: Jul | L15: Nov | M15: 1 packet | N15: =IF(B15="","",SUMIFS(Plantings!$S$6:$S$505,Plantings!$C$6:$C$505,B15,Plantings!$N$6:$N$505,Settings!$C$5)) | O15: =IF(B15="","",SUMIFS(Harvest!$E$6:$E$1505,Harvest!$C$6:$C$1505,B15,Harvest!$J$6:$J$1505,Settings!$C$5)) | P15: =IF(B15="","",SUMIFS(Harvest!$H$6:$H$1505,Harvest!$C$6:$C$1505,B15,Harvest!$J$6:$J$1505,Settings!$C$5)) | Q15: =IF(B15="","",IF(COUNTIF(Crops!$B$6:$B$65,B15)>1,"Listed twice",IF(AND(E15<>"",NOT(ISNUMBER(E15))),"Price not a number",IF(AND(F15<>"",NOT(ISNUMBER(F15))),"Days not a number",IF(OR((G15="")<>(H15=""),(I15="")<>(J15=""),(K15="")<>(L15="")),"A month is missing",""))))) | R15: =IFERROR(MATCH(G15,Settings!$H$1:$H$12,0),0) | S15: =IFERROR(MATCH(H15,Settings!$H$1:$H$12,0),0) | T15: =IFERROR(MATCH(I15,Settings!$H$1:$H$12,0),0) | U15: =IFERROR(MATCH(J15,Settings!$H$1:$H$12,0),0) | V15: =IFERROR(MATCH(K15,Settings!$H$1:$H$12,0),0) | W15: =IFERROR(MATCH(L15,Settings!$H$1:$H$12,0),0) | X15: =IF(AND(B15<>"",IF(OR(R15=0,S15=0),0,IF(R15<=S15,IF(AND(MONTH(TODAY())>=R15,MONTH(TODAY())<=S15),1,0),IF(OR(MONTH(TODAY())>=R15,MONTH(TODAY())<=S15),1,0)))=1),ROW(),"") | Y15: =IF(AND(B15<>"",IF(OR(T15=0,U15=0),0,IF(T15<=U15,IF(AND(MONTH(TODAY())>=T15,MONTH(TODAY())<=U15),1,0),IF(OR(MONTH(TODAY())>=T15,MONTH(TODAY())<=U15),1,0)))=1),ROW(),"") | Z15: =IF(AND(B15<>"",IF(OR(V15=0,W15=0),0,IF(V15<=W15,IF(AND(MONTH(TODAY())>=V15,MONTH(TODAY())<=W15),1,0),IF(OR(MONTH(TODAY())>=V15,MONTH(TODAY())<=W15),1,0)))=1),ROW(),"") | AA15: =IF(OR(B15="",N(O15)<=0),"",ROUND(N(P15)*100,0)*1000+1000-ROW())
B16: Beetroot | C16: Roots | D16: bunch | E16: 2.5 | F16: 60 | G16: Apr | H16: Jul | K16: Jun | L16: Oct | M16: Half a packet | N16: =IF(B16="","",SUMIFS(Plantings!$S$6:$S$505,Plantings!$C$6:$C$505,B16,Plantings!$N$6:$N$505,Settings!$C$5)) | O16: =IF(B16="","",SUMIFS(Harvest!$E$6:$E$1505,Harvest!$C$6:$C$1505,B16,Harvest!$J$6:$J$1505,Settings!$C$5)) | P16: =IF(B16="","",SUMIFS(Harvest!$H$6:$H$1505,Harvest!$C$6:$C$1505,B16,Harvest!$J$6:$J$1505,Settings!$C$5)) | Q16: =IF(B16="","",IF(COUNTIF(Crops!$B$6:$B$65,B16)>1,"Listed twice",IF(AND(E16<>"",NOT(ISNUMBER(E16))),"Price not a number",IF(AND(F16<>"",NOT(ISNUMBER(F16))),"Days not a number",IF(OR((G16="")<>(H16=""),(I16="")<>(J16=""),(K16="")<>(L16="")),"A month is missing",""))))) | R16: =IFERROR(MATCH(G16,Settings!$H$1:$H$12,0),0) | S16: =IFERROR(MATCH(H16,Settings!$H$1:$H$12,0),0) | T16: =IFERROR(MATCH(I16,Settings!$H$1:$H$12,0),0) | U16: =IFERROR(MATCH(J16,Settings!$H$1:$H$12,0),0) | V16: =IFERROR(MATCH(K16,Settings!$H$1:$H$12,0),0) | W16: =IFERROR(MATCH(L16,Settings!$H$1:$H$12,0),0) | X16: =IF(AND(B16<>"",IF(OR(R16=0,S16=0),0,IF(R16<=S16,IF(AND(MONTH(TODAY())>=R16,MONTH(TODAY())<=S16),1,0),IF(OR(MONTH(TODAY())>=R16,MONTH(TODAY())<=S16),1,0)))=1),ROW(),"") | Y16: =IF(AND(B16<>"",IF(OR(T16=0,U16=0),0,IF(T16<=U16,IF(AND(MONTH(TODAY())>=T16,MONTH(TODAY())<=U16),1,0),IF(OR(MONTH(TODAY())>=T16,MONTH(TODAY())<=U16),1,0)))=1),ROW(),"") | Z16: =IF(AND(B16<>"",IF(OR(V16=0,W16=0),0,IF(V16<=W16,IF(AND(MONTH(TODAY())>=V16,MONTH(TODAY())<=W16),1,0),IF(OR(MONTH(TODAY())>=V16,MONTH(TODAY())<=W16),1,0)))=1),ROW(),"") | AA16: =IF(OR(B16="",N(O16)<=0),"",ROUND(N(P16)*100,0)*1000+1000-ROW())
B17: Onions | C17: Alliums | D17: kg | E17: 2.2 | F17: 120 | G17: Mar | H17: Apr | K17: Aug | L17: Sep | N17: =IF(B17="","",SUMIFS(Plantings!$S$6:$S$505,Plantings!$C$6:$C$505,B17,Plantings!$N$6:$N$505,Settings!$C$5)) | O17: =IF(B17="","",SUMIFS(Harvest!$E$6:$E$1505,Harvest!$C$6:$C$1505,B17,Harvest!$J$6:$J$1505,Settings!$C$5)) | P17: =IF(B17="","",SUMIFS(Harvest!$H$6:$H$1505,Harvest!$C$6:$C$1505,B17,Harvest!$J$6:$J$1505,Settings!$C$5)) | Q17: =IF(B17="","",IF(COUNTIF(Crops!$B$6:$B$65,B17)>1,"Listed twice",IF(AND(E17<>"",NOT(ISNUMBER(E17))),"Price not a number",IF(AND(F17<>"",NOT(ISNUMBER(F17))),"Days not a number",IF(OR((G17="")<>(H17=""),(I17="")<>(J17=""),(K17="")<>(L17="")),"A month is missing",""))))) | R17: =IFERROR(MATCH(G17,Settings!$H$1:$H$12,0),0) | S17: =IFERROR(MATCH(H17,Settings!$H$1:$H$12,0),0) | T17: =IFERROR(MATCH(I17,Settings!$H$1:$H$12,0),0) | U17: =IFERROR(MATCH(J17,Settings!$H$1:$H$12,0),0) | V17: =IFERROR(MATCH(K17,Settings!$H$1:$H$12,0),0) | W17: =IFERROR(MATCH(L17,Settings!$H$1:$H$12,0),0) | X17: =IF(AND(B17<>"",IF(OR(R17=0,S17=0),0,IF(R17<=S17,IF(AND(MONTH(TODAY())>=R17,MONTH(TODAY())<=S17),1,0),IF(OR(MONTH(TODAY())>=R17,MONTH(TODAY())<=S17),1,0)))=1),ROW(),"") | Y17: =IF(AND(B17<>"",IF(OR(T17=0,U17=0),0,IF(T17<=U17,IF(AND(MONTH(TODAY())>=T17,MONTH(TODAY())<=U17),1,0),IF(OR(MONTH(TODAY())>=T17,MONTH(TODAY())<=U17),1,0)))=1),ROW(),"") | Z17: =IF(AND(B17<>"",IF(OR(V17=0,W17=0),0,IF(V17<=W17,IF(AND(MONTH(TODAY())>=V17,MONTH(TODAY())<=W17),1,0),IF(OR(MONTH(TODAY())>=V17,MONTH(TODAY())<=W17),1,0)))=1),ROW(),"") | AA17: =IF(OR(B17="",N(O17)<=0),"",ROUND(N(P17)*100,0)*1000+1000-ROW())
B18: Garlic | C18: Alliums | D18: head | E18: 0.8 | F18: 240 | G18: Oct | H18: Nov | K18: Jun | L18: Jul | M18: 2 bulbs | N18: =IF(B18="","",SUMIFS(Plantings!$S$6:$S$505,Plantings!$C$6:$C$505,B18,Plantings!$N$6:$N$505,Settings!$C$5)) | O18: =IF(B18="","",SUMIFS(Harvest!$E$6:$E$1505,Harvest!$C$6:$C$1505,B18,Harvest!$J$6:$J$1505,Settings!$C$5)) | P18: =IF(B18="","",SUMIFS(Harvest!$H$6:$H$1505,Harvest!$C$6:$C$1505,B18,Harvest!$J$6:$J$1505,Settings!$C$5)) | Q18: =IF(B18="","",IF(COUNTIF(Crops!$B$6:$B$65,B18)>1,"Listed twice",IF(AND(E18<>"",NOT(ISNUMBER(E18))),"Price not a number",IF(AND(F18<>"",NOT(ISNUMBER(F18))),"Days not a number",IF(OR((G18="")<>(H18=""),(I18="")<>(J18=""),(K18="")<>(L18="")),"A month is missing",""))))) | R18: =IFERROR(MATCH(G18,Settings!$H$1:$H$12,0),0) | S18: =IFERROR(MATCH(H18,Settings!$H$1:$H$12,0),0) | T18: =IFERROR(MATCH(I18,Settings!$H$1:$H$12,0),0) | U18: =IFERROR(MATCH(J18,Settings!$H$1:$H$12,0),0) | V18: =IFERROR(MATCH(K18,Settings!$H$1:$H$12,0),0) | W18: =IFERROR(MATCH(L18,Settings!$H$1:$H$12,0),0) | X18: =IF(AND(B18<>"",IF(OR(R18=0,S18=0),0,IF(R18<=S18,IF(AND(MONTH(TODAY())>=R18,MONTH(TODAY())<=S18),1,0),IF(OR(MONTH(TODAY())>=R18,MONTH(TODAY())<=S18),1,0)))=1),ROW(),"") | Y18: =IF(AND(B18<>"",IF(OR(T18=0,U18=0),0,IF(T18<=U18,IF(AND(MONTH(TODAY())>=T18,MONTH(TODAY())<=U18),1,0),IF(OR(MONTH(TODAY())>=T18,MONTH(TODAY())<=U18),1,0)))=1),ROW(),"") | Z18: =IF(AND(B18<>"",IF(OR(V18=0,W18=0),0,IF(V18<=W18,IF(AND(MONTH(TODAY())>=V18,MONTH(TODAY())<=W18),1,0),IF(OR(MONTH(TODAY())>=V18,MONTH(TODAY())<=W18),1,0)))=1),ROW(),"") | AA18: =IF(OR(B18="",N(O18)<=0),"",ROUND(N(P18)*100,0)*1000+1000-ROW())
B19: Kale | C19: Brassicas | D19: bunch | E19: 2.5 | F19: 60 | G19: Apr | H19: Jun | I19: May | J19: Jul | K19: Sep | L19: Feb | M19: 1 packet | N19: =IF(B19="","",SUMIFS(Plantings!$S$6:$S$505,Plantings!$C$6:$C$505,B19,Plantings!$N$6:$N$505,Settings!$C$5)) | O19: =IF(B19="","",SUMIFS(Harvest!$E$6:$E$1505,Harvest!$C$6:$C$1505,B19,Harvest!$J$6:$J$1505,Settings!$C$5)) | P19: =IF(B19="","",SUMIFS(Harvest!$H$6:$H$1505,Harvest!$C$6:$C$1505,B19,Harvest!$J$6:$J$1505,Settings!$C$5)) | Q19: =IF(B19="","",IF(COUNTIF(Crops!$B$6:$B$65,B19)>1,"Listed twice",IF(AND(E19<>"",NOT(ISNUMBER(E19))),"Price not a number",IF(AND(F19<>"",NOT(ISNUMBER(F19))),"Days not a number",IF(OR((G19="")<>(H19=""),(I19="")<>(J19=""),(K19="")<>(L19="")),"A month is missing",""))))) | R19: =IFERROR(MATCH(G19,Settings!$H$1:$H$12,0),0) | S19: =IFERROR(MATCH(H19,Settings!$H$1:$H$12,0),0) | T19: =IFERROR(MATCH(I19,Settings!$H$1:$H$12,0),0) | U19: =IFERROR(MATCH(J19,Settings!$H$1:$H$12,0),0) | V19: =IFERROR(MATCH(K19,Settings!$H$1:$H$12,0),0) | W19: =IFERROR(MATCH(L19,Settings!$H$1:$H$12,0),0) | X19: =IF(AND(B19<>"",IF(OR(R19=0,S19=0),0,IF(R19<=S19,IF(AND(MONTH(TODAY())>=R19,MONTH(TODAY())<=S19),1,0),IF(OR(MONTH(TODAY())>=R19,MONTH(TODAY())<=S19),1,0)))=1),ROW(),"") | Y19: =IF(AND(B19<>"",IF(OR(T19=0,U19=0),0,IF(T19<=U19,IF(AND(MONTH(TODAY())>=T19,MONTH(TODAY())<=U19),1,0),IF(OR(MONTH(TODAY())>=T19,MONTH(TODAY())<=U19),1,0)))=1),ROW(),"") | Z19: =IF(AND(B19<>"",IF(OR(V19=0,W19=0),0,IF(V19<=W19,IF(AND(MONTH(TODAY())>=V19,MONTH(TODAY())<=W19),1,0),IF(OR(MONTH(TODAY())>=V19,MONTH(TODAY())<=W19),1,0)))=1),ROW(),"") | AA19: =IF(OR(B19="",N(O19)<=0),"",ROUND(N(P19)*100,0)*1000+1000-ROW())
B20: Basil | C20: Herbs | D20: bunch | E20: 2 | F20: 30 | G20: Apr | H20: May | I20: May | J20: Jun | K20: Jun | L20: Sep | M20: Half a packet | N20: =IF(B20="","",SUMIFS(Plantings!$S$6:$S$505,Plantings!$C$6:$C$505,B20,Plantings!$N$6:$N$505,Settings!$C$5)) | O20: =IF(B20="","",SUMIFS(Harvest!$E$6:$E$1505,Harvest!$C$6:$C$1505,B20,Harvest!$J$6:$J$1505,Settings!$C$5)) | P20: =IF(B20="","",SUMIFS(Harvest!$H$6:$H$1505,Harvest!$C$6:$C$1505,B20,Harvest!$J$6:$J$1505,Settings!$C$5)) | Q20: =IF(B20="","",IF(COUNTIF(Crops!$B$6:$B$65,B20)>1,"Listed twice",IF(AND(E20<>"",NOT(ISNUMBER(E20))),"Price not a number",IF(AND(F20<>"",NOT(ISNUMBER(F20))),"Days not a number",IF(OR((G20="")<>(H20=""),(I20="")<>(J20=""),(K20="")<>(L20="")),"A month is missing",""))))) | R20: =IFERROR(MATCH(G20,Settings!$H$1:$H$12,0),0) | S20: =IFERROR(MATCH(H20,Settings!$H$1:$H$12,0),0) | T20: =IFERROR(MATCH(I20,Settings!$H$1:$H$12,0),0) | U20: =IFERROR(MATCH(J20,Settings!$H$1:$H$12,0),0) | V20: =IFERROR(MATCH(K20,Settings!$H$1:$H$12,0),0) | W20: =IFERROR(MATCH(L20,Settings!$H$1:$H$12,0),0) | X20: =IF(AND(B20<>"",IF(OR(R20=0,S20=0),0,IF(R20<=S20,IF(AND(MONTH(TODAY())>=R20,MONTH(TODAY())<=S20),1,0),IF(OR(MONTH(TODAY())>=R20,MONTH(TODAY())<=S20),1,0)))=1),ROW(),"") | Y20: =IF(AND(B20<>"",IF(OR(T20=0,U20=0),0,IF(T20<=U20,IF(AND(MONTH(TODAY())>=T20,MONTH(TODAY())<=U20),1,0),IF(OR(MONTH(TODAY())>=T20,MONTH(TODAY())<=U20),1,0)))=1),ROW(),"") | Z20: =IF(AND(B20<>"",IF(OR(V20=0,W20=0),0,IF(V20<=W20,IF(AND(MONTH(TODAY())>=V20,MONTH(TODAY())<=W20),1,0),IF(OR(MONTH(TODAY())>=V20,MONTH(TODAY())<=W20),1,0)))=1),ROW(),"") | AA20: =IF(OR(B20="",N(O20)<=0),"",ROUND(N(P20)*100,0)*1000+1000-ROW())
B21: Strawberries | C21: Fruit | D21: kg | E21: 9 | I21: Apr | J21: Apr | K21: Jun | L21: Jul | N21: =IF(B21="","",SUMIFS(Plantings!$S$6:$S$505,Plantings!$C$6:$C$505,B21,Plantings!$N$6:$N$505,Settings!$C$5)) | O21: =IF(B21="","",SUMIFS(Harvest!$E$6:$E$1505,Harvest!$C$6:$C$1505,B21,Harvest!$J$6:$J$1505,Settings!$C$5)) | P21: =IF(B21="","",SUMIFS(Harvest!$H$6:$H$1505,Harvest!$C$6:$C$1505,B21,Harvest!$J$6:$J$1505,Settings!$C$5)) | Q21: =IF(B21="","",IF(COUNTIF(Crops!$B$6:$B$65,B21)>1,"Listed twice",IF(AND(E21<>"",NOT(ISNUMBER(E21))),"Price not a number",IF(AND(F21<>"",NOT(ISNUMBER(F21))),"Days not a number",IF(OR((G21="")<>(H21=""),(I21="")<>(J21=""),(K21="")<>(L21="")),"A month is missing",""))))) | R21: =IFERROR(MATCH(G21,Settings!$H$1:$H$12,0),0) | S21: =IFERROR(MATCH(H21,Settings!$H$1:$H$12,0),0) | T21: =IFERROR(MATCH(I21,Settings!$H$1:$H$12,0),0) | U21: =IFERROR(MATCH(J21,Settings!$H$1:$H$12,0),0) | V21: =IFERROR(MATCH(K21,Settings!$H$1:$H$12,0),0) | W21: =IFERROR(MATCH(L21,Settings!$H$1:$H$12,0),0) | X21: =IF(AND(B21<>"",IF(OR(R21=0,S21=0),0,IF(R21<=S21,IF(AND(MONTH(TODAY())>=R21,MONTH(TODAY())<=S21),1,0),IF(OR(MONTH(TODAY())>=R21,MONTH(TODAY())<=S21),1,0)))=1),ROW(),"") | Y21: =IF(AND(B21<>"",IF(OR(T21=0,U21=0),0,IF(T21<=U21,IF(AND(MONTH(TODAY())>=T21,MONTH(TODAY())<=U21),1,0),IF(OR(MONTH(TODAY())>=T21,MONTH(TODAY())<=U21),1,0)))=1),ROW(),"") | Z21: =IF(AND(B21<>"",IF(OR(V21=0,W21=0),0,IF(V21<=W21,IF(AND(MONTH(TODAY())>=V21,MONTH(TODAY())<=W21),1,0),IF(OR(MONTH(TODAY())>=V21,MONTH(TODAY())<=W21),1,0)))=1),ROW(),"") | AA21: =IF(OR(B21="",N(O21)<=0),"",ROUND(N(P21)*100,0)*1000+1000-ROW())
N22: =IF(B22="","",SUMIFS(Plantings!$S$6:$S$505,Plantings!$C$6:$C$505,B22,Plantings!$N$6:$N$505,Settings!$C$5)) | O22: =IF(B22="","",SUMIFS(Harvest!$E$6:$E$1505,Harvest!$C$6:$C$1505,B22,Harvest!$J$6:$J$1505,Settings!$C$5)) | P22: =IF(B22="","",SUMIFS(Harvest!$H$6:$H$1505,Harvest!$C$6:$C$1505,B22,Harvest!$J$6:$J$1505,Settings!$C$5)) | Q22: =IF(B22="","",IF(COUNTIF(Crops!$B$6:$B$65,B22)>1,"Listed twice",IF(AND(E22<>"",NOT(ISNUMBER(E22))),"Price not a number",IF(AND(F22<>"",NOT(ISNUMBER(F22))),"Days not a number",IF(OR((G22="")<>(H22=""),(I22="")<>(J22=""),(K22="")<>(L22="")),"A month is missing",""))))) | R22: =IFERROR(MATCH(G22,Settings!$H$1:$H$12,0),0) | S22: =IFERROR(MATCH(H22,Settings!$H$1:$H$12,0),0) | T22: =IFERROR(MATCH(I22,Settings!$H$1:$H$12,0),0) | U22: =IFERROR(MATCH(J22,Settings!$H$1:$H$12,0),0) | V22: =IFERROR(MATCH(K22,Settings!$H$1:$H$12,0),0) | W22: =IFERROR(MATCH(L22,Settings!$H$1:$H$12,0),0) | X22: =IF(AND(B22<>"",IF(OR(R22=0,S22=0),0,IF(R22<=S22,IF(AND(MONTH(TODAY())>=R22,MONTH(TODAY())<=S22),1,0),IF(OR(MONTH(TODAY())>=R22,MONTH(TODAY())<=S22),1,0)))=1),ROW(),"") | Y22: =IF(AND(B22<>"",IF(OR(T22=0,U22=0),0,IF(T22<=U22,IF(AND(MONTH(TODAY())>=T22,MONTH(TODAY())<=U22),1,0),IF(OR(MONTH(TODAY())>=T22,MONTH(TODAY())<=U22),1,0)))=1),ROW(),"") | Z22: =IF(AND(B22<>"",IF(OR(V22=0,W22=0),0,IF(V22<=W22,IF(AND(MONTH(TODAY())>=V22,MONTH(TODAY())<=W22),1,0),IF(OR(MONTH(TODAY())>=V22,MONTH(TODAY())<=W22),1,0)))=1),ROW(),"") | AA22: =IF(OR(B22="",N(O22)<=0),"",ROUND(N(P22)*100,0)*1000+1000-ROW())
N23: =IF(B23="","",SUMIFS(Plantings!$S$6:$S$505,Plantings!$C$6:$C$505,B23,Plantings!$N$6:$N$505,Settings!$C$5)) | O23: =IF(B23="","",SUMIFS(Harvest!$E$6:$E$1505,Harvest!$C$6:$C$1505,B23,Harvest!$J$6:$J$1505,Settings!$C$5)) | P23: =IF(B23="","",SUMIFS(Harvest!$H$6:$H$1505,Harvest!$C$6:$C$1505,B23,Harvest!$J$6:$J$1505,Settings!$C$5)) | Q23: =IF(B23="","",IF(COUNTIF(Crops!$B$6:$B$65,B23)>1,"Listed twice",IF(AND(E23<>"",NOT(ISNUMBER(E23))),"Price not a number",IF(AND(F23<>"",NOT(ISNUMBER(F23))),"Days not a number",IF(OR((G23="")<>(H23=""),(I23="")<>(J23=""),(K23="")<>(L23="")),"A month is missing",""))))) | R23: =IFERROR(MATCH(G23,Settings!$H$1:$H$12,0),0) | S23: =IFERROR(MATCH(H23,Settings!$H$1:$H$12,0),0) | T23: =IFERROR(MATCH(I23,Settings!$H$1:$H$12,0),0) | U23: =IFERROR(MATCH(J23,Settings!$H$1:$H$12,0),0) | V23: =IFERROR(MATCH(K23,Settings!$H$1:$H$12,0),0) | W23: =IFERROR(MATCH(L23,Settings!$H$1:$H$12,0),0) | X23: =IF(AND(B23<>"",IF(OR(R23=0,S23=0),0,IF(R23<=S23,IF(AND(MONTH(TODAY())>=R23,MONTH(TODAY())<=S23),1,0),IF(OR(MONTH(TODAY())>=R23,MONTH(TODAY())<=S23),1,0)))=1),ROW(),"") | Y23: =IF(AND(B23<>"",IF(OR(T23=0,U23=0),0,IF(T23<=U23,IF(AND(MONTH(TODAY())>=T23,MONTH(TODAY())<=U23),1,0),IF(OR(MONTH(TODAY())>=T23,MONTH(TODAY())<=U23),1,0)))=1),ROW(),"") | Z23: =IF(AND(B23<>"",IF(OR(V23=0,W23=0),0,IF(V23<=W23,IF(AND(MONTH(TODAY())>=V23,MONTH(TODAY())<=W23),1,0),IF(OR(MONTH(TODAY())>=V23,MONTH(TODAY())<=W23),1,0)))=1),ROW(),"") | AA23: =IF(OR(B23="",N(O23)<=0),"",ROUND(N(P23)*100,0)*1000+1000-ROW())
N24: =IF(B24="","",SUMIFS(Plantings!$S$6:$S$505,Plantings!$C$6:$C$505,B24,Plantings!$N$6:$N$505,Settings!$C$5)) | O24: =IF(B24="","",SUMIFS(Harvest!$E$6:$E$1505,Harvest!$C$6:$C$1505,B24,Harvest!$J$6:$J$1505,Settings!$C$5)) | P24: =IF(B24="","",SUMIFS(Harvest!$H$6:$H$1505,Harvest!$C$6:$C$1505,B24,Harvest!$J$6:$J$1505,Settings!$C$5)) | Q24: =IF(B24="","",IF(COUNTIF(Crops!$B$6:$B$65,B24)>1,"Listed twice",IF(AND(E24<>"",NOT(ISNUMBER(E24))),"Price not a number",IF(AND(F24<>"",NOT(ISNUMBER(F24))),"Days not a number",IF(OR((G24="")<>(H24=""),(I24="")<>(J24=""),(K24="")<>(L24="")),"A month is missing",""))))) | R24: =IFERROR(MATCH(G24,Settings!$H$1:$H$12,0),0) | S24: =IFERROR(MATCH(H24,Settings!$H$1:$H$12,0),0) | T24: =IFERROR(MATCH(I24,Settings!$H$1:$H$12,0),0) | U24: =IFERROR(MATCH(J24,Settings!$H$1:$H$12,0),0) | V24: =IFERROR(MATCH(K24,Settings!$H$1:$H$12,0),0) | W24: =IFERROR(MATCH(L24,Settings!$H$1:$H$12,0),0) | X24: =IF(AND(B24<>"",IF(OR(R24=0,S24=0),0,IF(R24<=S24,IF(AND(MONTH(TODAY())>=R24,MONTH(TODAY())<=S24),1,0),IF(OR(MONTH(TODAY())>=R24,MONTH(TODAY())<=S24),1,0)))=1),ROW(),"") | Y24: =IF(AND(B24<>"",IF(OR(T24=0,U24=0),0,IF(T24<=U24,IF(AND(MONTH(TODAY())>=T24,MONTH(TODAY())<=U24),1,0),IF(OR(MONTH(TODAY())>=T24,MONTH(TODAY())<=U24),1,0)))=1),ROW(),"") | Z24: =IF(AND(B24<>"",IF(OR(V24=0,W24=0),0,IF(V24<=W24,IF(AND(MONTH(TODAY())>=V24,MONTH(TODAY())<=W24),1,0),IF(OR(MONTH(TODAY())>=V24,MONTH(TODAY())<=W24),1,0)))=1),ROW(),"") | AA24: =IF(OR(B24="",N(O24)<=0),"",ROUND(N(P24)*100,0)*1000+1000-ROW())
N25: =IF(B25="","",SUMIFS(Plantings!$S$6:$S$505,Plantings!$C$6:$C$505,B25,Plantings!$N$6:$N$505,Settings!$C$5)) | O25: =IF(B25="","",SUMIFS(Harvest!$E$6:$E$1505,Harvest!$C$6:$C$1505,B25,Harvest!$J$6:$J$1505,Settings!$C$5)) | P25: =IF(B25="","",SUMIFS(Harvest!$H$6:$H$1505,Harvest!$C$6:$C$1505,B25,Harvest!$J$6:$J$1505,Settings!$C$5)) | Q25: =IF(B25="","",IF(COUNTIF(Crops!$B$6:$B$65,B25)>1,"Listed twice",IF(AND(E25<>"",NOT(ISNUMBER(E25))),"Price not a number",IF(AND(F25<>"",NOT(ISNUMBER(F25))),"Days not a number",IF(OR((G25="")<>(H25=""),(I25="")<>(J25=""),(K25="")<>(L25="")),"A month is missing",""))))) | R25: =IFERROR(MATCH(G25,Settings!$H$1:$H$12,0),0) | S25: =IFERROR(MATCH(H25,Settings!$H$1:$H$12,0),0) | T25: =IFERROR(MATCH(I25,Settings!$H$1:$H$12,0),0) | U25: =IFERROR(MATCH(J25,Settings!$H$1:$H$12,0),0) | V25: =IFERROR(MATCH(K25,Settings!$H$1:$H$12,0),0) | W25: =IFERROR(MATCH(L25,Settings!$H$1:$H$12,0),0) | X25: =IF(AND(B25<>"",IF(OR(R25=0,S25=0),0,IF(R25<=S25,IF(AND(MONTH(TODAY())>=R25,MONTH(TODAY())<=S25),1,0),IF(OR(MONTH(TODAY())>=R25,MONTH(TODAY())<=S25),1,0)))=1),ROW(),"") | Y25: =IF(AND(B25<>"",IF(OR(T25=0,U25=0),0,IF(T25<=U25,IF(AND(MONTH(TODAY())>=T25,MONTH(TODAY())<=U25),1,0),IF(OR(MONTH(TODAY())>=T25,MONTH(TODAY())<=U25),1,0)))=1),ROW(),"") | Z25: =IF(AND(B25<>"",IF(OR(V25=0,W25=0),0,IF(V25<=W25,IF(AND(MONTH(TODAY())>=V25,MONTH(TODAY())<=W25),1,0),IF(OR(MONTH(TODAY())>=V25,MONTH(TODAY())<=W25),1,0)))=1),ROW(),"") | AA25: =IF(OR(B25="",N(O25)<=0),"",ROUND(N(P25)*100,0)*1000+1000-ROW())
N26: =IF(B26="","",SUMIFS(Plantings!$S$6:$S$505,Plantings!$C$6:$C$505,B26,Plantings!$N$6:$N$505,Settings!$C$5)) | O26: =IF(B26="","",SUMIFS(Harvest!$E$6:$E$1505,Harvest!$C$6:$C$1505,B26,Harvest!$J$6:$J$1505,Settings!$C$5)) | P26: =IF(B26="","",SUMIFS(Harvest!$H$6:$H$1505,Harvest!$C$6:$C$1505,B26,Harvest!$J$6:$J$1505,Settings!$C$5)) | Q26: =IF(B26="","",IF(COUNTIF(Crops!$B$6:$B$65,B26)>1,"Listed twice",IF(AND(E26<>"",NOT(ISNUMBER(E26))),"Price not a number",IF(AND(F26<>"",NOT(ISNUMBER(F26))),"Days not a number",IF(OR((G26="")<>(H26=""),(I26="")<>(J26=""),(K26="")<>(L26="")),"A month is missing",""))))) | R26: =IFERROR(MATCH(G26,Settings!$H$1:$H$12,0),0) | S26: =IFERROR(MATCH(H26,Settings!$H$1:$H$12,0),0) | T26: =IFERROR(MATCH(I26,Settings!$H$1:$H$12,0),0) | U26: =IFERROR(MATCH(J26,Settings!$H$1:$H$12,0),0) | V26: =IFERROR(MATCH(K26,Settings!$H$1:$H$12,0),0) | W26: =IFERROR(MATCH(L26,Settings!$H$1:$H$12,0),0) | X26: =IF(AND(B26<>"",IF(OR(R26=0,S26=0),0,IF(R26<=S26,IF(AND(MONTH(TODAY())>=R26,MONTH(TODAY())<=S26),1,0),IF(OR(MONTH(TODAY())>=R26,MONTH(TODAY())<=S26),1,0)))=1),ROW(),"") | Y26: =IF(AND(B26<>"",IF(OR(T26=0,U26=0),0,IF(T26<=U26,IF(AND(MONTH(TODAY())>=T26,MONTH(TODAY())<=U26),1,0),IF(OR(MONTH(TODAY())>=T26,MONTH(TODAY())<=U26),1,0)))=1),ROW(),"") | Z26: =IF(AND(B26<>"",IF(OR(V26=0,W26=0),0,IF(V26<=W26,IF(AND(MONTH(TODAY())>=V26,MONTH(TODAY())<=W26),1,0),IF(OR(MONTH(TODAY())>=V26,MONTH(TODAY())<=W26),1,0)))=1),ROW(),"") | AA26: =IF(OR(B26="",N(O26)<=0),"",ROUND(N(P26)*100,0)*1000+1000-ROW())
N27: =IF(B27="","",SUMIFS(Plantings!$S$6:$S$505,Plantings!$C$6:$C$505,B27,Plantings!$N$6:$N$505,Settings!$C$5)) | O27: =IF(B27="","",SUMIFS(Harvest!$E$6:$E$1505,Harvest!$C$6:$C$1505,B27,Harvest!$J$6:$J$1505,Settings!$C$5)) | P27: =IF(B27="","",SUMIFS(Harvest!$H$6:$H$1505,Harvest!$C$6:$C$1505,B27,Harvest!$J$6:$J$1505,Settings!$C$5)) | Q27: =IF(B27="","",IF(COUNTIF(Crops!$B$6:$B$65,B27)>1,"Listed twice",IF(AND(E27<>"",NOT(ISNUMBER(E27))),"Price not a number",IF(AND(F27<>"",NOT(ISNUMBER(F27))),"Days not a number",IF(OR((G27="")<>(H27=""),(I27="")<>(J27=""),(K27="")<>(L27="")),"A month is missing",""))))) | R27: =IFERROR(MATCH(G27,Settings!$H$1:$H$12,0),0) | S27: =IFERROR(MATCH(H27,Settings!$H$1:$H$12,0),0) | T27: =IFERROR(MATCH(I27,Settings!$H$1:$H$12,0),0) | U27: =IFERROR(MATCH(J27,Settings!$H$1:$H$12,0),0) | V27: =IFERROR(MATCH(K27,Settings!$H$1:$H$12,0),0) | W27: =IFERROR(MATCH(L27,Settings!$H$1:$H$12,0),0) | X27: =IF(AND(B27<>"",IF(OR(R27=0,S27=0),0,IF(R27<=S27,IF(AND(MONTH(TODAY())>=R27,MONTH(TODAY())<=S27),1,0),IF(OR(MONTH(TODAY())>=R27,MONTH(TODAY())<=S27),1,0)))=1),ROW(),"") | Y27: =IF(AND(B27<>"",IF(OR(T27=0,U27=0),0,IF(T27<=U27,IF(AND(MONTH(TODAY())>=T27,MONTH(TODAY())<=U27),1,0),IF(OR(MONTH(TODAY())>=T27,MONTH(TODAY())<=U27),1,0)))=1),ROW(),"") | Z27: =IF(AND(B27<>"",IF(OR(V27=0,W27=0),0,IF(V27<=W27,IF(AND(MONTH(TODAY())>=V27,MONTH(TODAY())<=W27),1,0),IF(OR(MONTH(TODAY())>=V27,MONTH(TODAY())<=W27),1,0)))=1),ROW(),"") | AA27: =IF(OR(B27="",N(O27)<=0),"",ROUND(N(P27)*100,0)*1000+1000-ROW())
N28: =IF(B28="","",SUMIFS(Plantings!$S$6:$S$505,Plantings!$C$6:$C$505,B28,Plantings!$N$6:$N$505,Settings!$C$5)) | O28: =IF(B28="","",SUMIFS(Harvest!$E$6:$E$1505,Harvest!$C$6:$C$1505,B28,Harvest!$J$6:$J$1505,Settings!$C$5)) | P28: =IF(B28="","",SUMIFS(Harvest!$H$6:$H$1505,Harvest!$C$6:$C$1505,B28,Harvest!$J$6:$J$1505,Settings!$C$5)) | Q28: =IF(B28="","",IF(COUNTIF(Crops!$B$6:$B$65,B28)>1,"Listed twice",IF(AND(E28<>"",NOT(ISNUMBER(E28))),"Price not a number",IF(AND(F28<>"",NOT(ISNUMBER(F28))),"Days not a number",IF(OR((G28="")<>(H28=""),(I28="")<>(J28=""),(K28="")<>(L28="")),"A month is missing",""))))) | R28: =IFERROR(MATCH(G28,Settings!$H$1:$H$12,0),0) | S28: =IFERROR(MATCH(H28,Settings!$H$1:$H$12,0),0) | T28: =IFERROR(MATCH(I28,Settings!$H$1:$H$12,0),0) | U28: =IFERROR(MATCH(J28,Settings!$H$1:$H$12,0),0) | V28: =IFERROR(MATCH(K28,Settings!$H$1:$H$12,0),0) | W28: =IFERROR(MATCH(L28,Settings!$H$1:$H$12,0),0) | X28: =IF(AND(B28<>"",IF(OR(R28=0,S28=0),0,IF(R28<=S28,IF(AND(MONTH(TODAY())>=R28,MONTH(TODAY())<=S28),1,0),IF(OR(MONTH(TODAY())>=R28,MONTH(TODAY())<=S28),1,0)))=1),ROW(),"") | Y28: =IF(AND(B28<>"",IF(OR(T28=0,U28=0),0,IF(T28<=U28,IF(AND(MONTH(TODAY())>=T28,MONTH(TODAY())<=U28),1,0),IF(OR(MONTH(TODAY())>=T28,MONTH(TODAY())<=U28),1,0)))=1),ROW(),"") | Z28: =IF(AND(B28<>"",IF(OR(V28=0,W28=0),0,IF(V28<=W28,IF(AND(MONTH(TODAY())>=V28,MONTH(TODAY())<=W28),1,0),IF(OR(MONTH(TODAY())>=V28,MONTH(TODAY())<=W28),1,0)))=1),ROW(),"") | AA28: =IF(OR(B28="",N(O28)<=0),"",ROUND(N(P28)*100,0)*1000+1000-ROW())
N29: =IF(B29="","",SUMIFS(Plantings!$S$6:$S$505,Plantings!$C$6:$C$505,B29,Plantings!$N$6:$N$505,Settings!$C$5)) | O29: =IF(B29="","",SUMIFS(Harvest!$E$6:$E$1505,Harvest!$C$6:$C$1505,B29,Harvest!$J$6:$J$1505,Settings!$C$5)) | P29: =IF(B29="","",SUMIFS(Harvest!$H$6:$H$1505,Harvest!$C$6:$C$1505,B29,Harvest!$J$6:$J$1505,Settings!$C$5)) | Q29: =IF(B29="","",IF(COUNTIF(Crops!$B$6:$B$65,B29)>1,"Listed twice",IF(AND(E29<>"",NOT(ISNUMBER(E29))),"Price not a number",IF(AND(F29<>"",NOT(ISNUMBER(F29))),"Days not a number",IF(OR((G29="")<>(H29=""),(I29="")<>(J29=""),(K29="")<>(L29="")),"A month is missing",""))))) | R29: =IFERROR(MATCH(G29,Settings!$H$1:$H$12,0),0) | S29: =IFERROR(MATCH(H29,Settings!$H$1:$H$12,0),0) | T29: =IFERROR(MATCH(I29,Settings!$H$1:$H$12,0),0) | U29: =IFERROR(MATCH(J29,Settings!$H$1:$H$12,0),0) | V29: =IFERROR(MATCH(K29,Settings!$H$1:$H$12,0),0) | W29: =IFERROR(MATCH(L29,Settings!$H$1:$H$12,0),0) | X29: =IF(AND(B29<>"",IF(OR(R29=0,S29=0),0,IF(R29<=S29,IF(AND(MONTH(TODAY())>=R29,MONTH(TODAY())<=S29),1,0),IF(OR(MONTH(TODAY())>=R29,MONTH(TODAY())<=S29),1,0)))=1),ROW(),"") | Y29: =IF(AND(B29<>"",IF(OR(T29=0,U29=0),0,IF(T29<=U29,IF(AND(MONTH(TODAY())>=T29,MONTH(TODAY())<=U29),1,0),IF(OR(MONTH(TODAY())>=T29,MONTH(TODAY())<=U29),1,0)))=1),ROW(),"") | Z29: =IF(AND(B29<>"",IF(OR(V29=0,W29=0),0,IF(V29<=W29,IF(AND(MONTH(TODAY())>=V29,MONTH(TODAY())<=W29),1,0),IF(OR(MONTH(TODAY())>=V29,MONTH(TODAY())<=W29),1,0)))=1),ROW(),"") | AA29: =IF(OR(B29="",N(O29)<=0),"",ROUND(N(P29)*100,0)*1000+1000-ROW())
N30: =IF(B30="","",SUMIFS(Plantings!$S$6:$S$505,Plantings!$C$6:$C$505,B30,Plantings!$N$6:$N$505,Settings!$C$5)) | O30: =IF(B30="","",SUMIFS(Harvest!$E$6:$E$1505,Harvest!$C$6:$C$1505,B30,Harvest!$J$6:$J$1505,Settings!$C$5)) | P30: =IF(B30="","",SUMIFS(Harvest!$H$6:$H$1505,Harvest!$C$6:$C$1505,B30,Harvest!$J$6:$J$1505,Settings!$C$5)) | Q30: =IF(B30="","",IF(COUNTIF(Crops!$B$6:$B$65,B30)>1,"Listed twice",IF(AND(E30<>"",NOT(ISNUMBER(E30))),"Price not a number",IF(AND(F30<>"",NOT(ISNUMBER(F30))),"Days not a number",IF(OR((G30="")<>(H30=""),(I30="")<>(J30=""),(K30="")<>(L30="")),"A month is missing",""))))) | R30: =IFERROR(MATCH(G30,Settings!$H$1:$H$12,0),0) | S30: =IFERROR(MATCH(H30,Settings!$H$1:$H$12,0),0) | T30: =IFERROR(MATCH(I30,Settings!$H$1:$H$12,0),0) | U30: =IFERROR(MATCH(J30,Settings!$H$1:$H$12,0),0) | V30: =IFERROR(MATCH(K30,Settings!$H$1:$H$12,0),0) | W30: =IFERROR(MATCH(L30,Settings!$H$1:$H$12,0),0) | X30: =IF(AND(B30<>"",IF(OR(R30=0,S30=0),0,IF(R30<=S30,IF(AND(MONTH(TODAY())>=R30,MONTH(TODAY())<=S30),1,0),IF(OR(MONTH(TODAY())>=R30,MONTH(TODAY())<=S30),1,0)))=1),ROW(),"") | Y30: =IF(AND(B30<>"",IF(OR(T30=0,U30=0),0,IF(T30<=U30,IF(AND(MONTH(TODAY())>=T30,MONTH(TODAY())<=U30),1,0),IF(OR(MONTH(TODAY())>=T30,MONTH(TODAY())<=U30),1,0)))=1),ROW(),"") | Z30: =IF(AND(B30<>"",IF(OR(V30=0,W30=0),0,IF(V30<=W30,IF(AND(MONTH(TODAY())>=V30,MONTH(TODAY())<=W30),1,0),IF(OR(MONTH(TODAY())>=V30,MONTH(TODAY())<=W30),1,0)))=1),ROW(),"") | AA30: =IF(OR(B30="",N(O30)<=0),"",ROUND(N(P30)*100,0)*1000+1000-ROW())
N31: =IF(B31="","",SUMIFS(Plantings!$S$6:$S$505,Plantings!$C$6:$C$505,B31,Plantings!$N$6:$N$505,Settings!$C$5)) | O31: =IF(B31="","",SUMIFS(Harvest!$E$6:$E$1505,Harvest!$C$6:$C$1505,B31,Harvest!$J$6:$J$1505,Settings!$C$5)) | P31: =IF(B31="","",SUMIFS(Harvest!$H$6:$H$1505,Harvest!$C$6:$C$1505,B31,Harvest!$J$6:$J$1505,Settings!$C$5)) | Q31: =IF(B31="","",IF(COUNTIF(Crops!$B$6:$B$65,B31)>1,"Listed twice",IF(AND(E31<>"",NOT(ISNUMBER(E31))),"Price not a number",IF(AND(F31<>"",NOT(ISNUMBER(F31))),"Days not a number",IF(OR((G31="")<>(H31=""),(I31="")<>(J31=""),(K31="")<>(L31="")),"A month is missing",""))))) | R31: =IFERROR(MATCH(G31,Settings!$H$1:$H$12,0),0) | S31: =IFERROR(MATCH(H31,Settings!$H$1:$H$12,0),0) | T31: =IFERROR(MATCH(I31,Settings!$H$1:$H$12,0),0) | U31: =IFERROR(MATCH(J31,Settings!$H$1:$H$12,0),0) | V31: =IFERROR(MATCH(K31,Settings!$H$1:$H$12,0),0) | W31: =IFERROR(MATCH(L31,Settings!$H$1:$H$12,0),0) | X31: =IF(AND(B31<>"",IF(OR(R31=0,S31=0),0,IF(R31<=S31,IF(AND(MONTH(TODAY())>=R31,MONTH(TODAY())<=S31),1,0),IF(OR(MONTH(TODAY())>=R31,MONTH(TODAY())<=S31),1,0)))=1),ROW(),"") | Y31: =IF(AND(B31<>"",IF(OR(T31=0,U31=0),0,IF(T31<=U31,IF(AND(MONTH(TODAY())>=T31,MONTH(TODAY())<=U31),1,0),IF(OR(MONTH(TODAY())>=T31,MONTH(TODAY())<=U31),1,0)))=1),ROW(),"") | Z31: =IF(AND(B31<>"",IF(OR(V31=0,W31=0),0,IF(V31<=W31,IF(AND(MONTH(TODAY())>=V31,MONTH(TODAY())<=W31),1,0),IF(OR(MONTH(TODAY())>=V31,MONTH(TODAY())<=W31),1,0)))=1),ROW(),"") | AA31: =IF(OR(B31="",N(O31)<=0),"",ROUND(N(P31)*100,0)*1000+1000-ROW())
N32: =IF(B32="","",SUMIFS(Plantings!$S$6:$S$505,Plantings!$C$6:$C$505,B32,Plantings!$N$6:$N$505,Settings!$C$5)) | O32: =IF(B32="","",SUMIFS(Harvest!$E$6:$E$1505,Harvest!$C$6:$C$1505,B32,Harvest!$J$6:$J$1505,Settings!$C$5)) | P32: =IF(B32="","",SUMIFS(Harvest!$H$6:$H$1505,Harvest!$C$6:$C$1505,B32,Harvest!$J$6:$J$1505,Settings!$C$5)) | Q32: =IF(B32="","",IF(COUNTIF(Crops!$B$6:$B$65,B32)>1,"Listed twice",IF(AND(E32<>"",NOT(ISNUMBER(E32))),"Price not a number",IF(AND(F32<>"",NOT(ISNUMBER(F32))),"Days not a number",IF(OR((G32="")<>(H32=""),(I32="")<>(J32=""),(K32="")<>(L32="")),"A month is missing",""))))) | R32: =IFERROR(MATCH(G32,Settings!$H$1:$H$12,0),0) | S32: =IFERROR(MATCH(H32,Settings!$H$1:$H$12,0),0) | T32: =IFERROR(MATCH(I32,Settings!$H$1:$H$12,0),0) | U32: =IFERROR(MATCH(J32,Settings!$H$1:$H$12,0),0) | V32: =IFERROR(MATCH(K32,Settings!$H$1:$H$12,0),0) | W32: =IFERROR(MATCH(L32,Settings!$H$1:$H$12,0),0) | X32: =IF(AND(B32<>"",IF(OR(R32=0,S32=0),0,IF(R32<=S32,IF(AND(MONTH(TODAY())>=R32,MONTH(TODAY())<=S32),1,0),IF(OR(MONTH(TODAY())>=R32,MONTH(TODAY())<=S32),1,0)))=1),ROW(),"") | Y32: =IF(AND(B32<>"",IF(OR(T32=0,U32=0),0,IF(T32<=U32,IF(AND(MONTH(TODAY())>=T32,MONTH(TODAY())<=U32),1,0),IF(OR(MONTH(TODAY())>=T32,MONTH(TODAY())<=U32),1,0)))=1),ROW(),"") | Z32: =IF(AND(B32<>"",IF(OR(V32=0,W32=0),0,IF(V32<=W32,IF(AND(MONTH(TODAY())>=V32,MONTH(TODAY())<=W32),1,0),IF(OR(MONTH(TODAY())>=V32,MONTH(TODAY())<=W32),1,0)))=1),ROW(),"") | AA32: =IF(OR(B32="",N(O32)<=0),"",ROUND(N(P32)*100,0)*1000+1000-ROW())
N33: =IF(B33="","",SUMIFS(Plantings!$S$6:$S$505,Plantings!$C$6:$C$505,B33,Plantings!$N$6:$N$505,Settings!$C$5)) | O33: =IF(B33="","",SUMIFS(Harvest!$E$6:$E$1505,Harvest!$C$6:$C$1505,B33,Harvest!$J$6:$J$1505,Settings!$C$5)) | P33: =IF(B33="","",SUMIFS(Harvest!$H$6:$H$1505,Harvest!$C$6:$C$1505,B33,Harvest!$J$6:$J$1505,Settings!$C$5)) | Q33: =IF(B33="","",IF(COUNTIF(Crops!$B$6:$B$65,B33)>1,"Listed twice",IF(AND(E33<>"",NOT(ISNUMBER(E33))),"Price not a number",IF(AND(F33<>"",NOT(ISNUMBER(F33))),"Days not a number",IF(OR((G33="")<>(H33=""),(I33="")<>(J33=""),(K33="")<>(L33="")),"A month is missing",""))))) | R33: =IFERROR(MATCH(G33,Settings!$H$1:$H$12,0),0) | S33: =IFERROR(MATCH(H33,Settings!$H$1:$H$12,0),0) | T33: =IFERROR(MATCH(I33,Settings!$H$1:$H$12,0),0) | U33: =IFERROR(MATCH(J33,Settings!$H$1:$H$12,0),0) | V33: =IFERROR(MATCH(K33,Settings!$H$1:$H$12,0),0) | W33: =IFERROR(MATCH(L33,Settings!$H$1:$H$12,0),0) | X33: =IF(AND(B33<>"",IF(OR(R33=0,S33=0),0,IF(R33<=S33,IF(AND(MONTH(TODAY())>=R33,MONTH(TODAY())<=S33),1,0),IF(OR(MONTH(TODAY())>=R33,MONTH(TODAY())<=S33),1,0)))=1),ROW(),"") | Y33: =IF(AND(B33<>"",IF(OR(T33=0,U33=0),0,IF(T33<=U33,IF(AND(MONTH(TODAY())>=T33,MONTH(TODAY())<=U33),1,0),IF(OR(MONTH(TODAY())>=T33,MONTH(TODAY())<=U33),1,0)))=1),ROW(),"") | Z33: =IF(AND(B33<>"",IF(OR(V33=0,W33=0),0,IF(V33<=W33,IF(AND(MONTH(TODAY())>=V33,MONTH(TODAY())<=W33),1,0),IF(OR(MONTH(TODAY())>=V33,MONTH(TODAY())<=W33),1,0)))=1),ROW(),"") | AA33: =IF(OR(B33="",N(O33)<=0),"",ROUND(N(P33)*100,0)*1000+1000-ROW())
... N65: =IF(B65="","",SUMIFS(Plantings!$S$6:$S$505,Plantings!$C$6:$C$505,B65,Plantings!$N$6:$N$505,Settings!$C$5)) | O65: =IF(B65="","",SUMIFS(Harvest!$E$6:$E$1505,Harvest!$C$6:$C$1505,B65,Harvest!$J$6:$J$1505,Settings!$C$5)) | P65: =IF(B65="","",SUMIFS(Harvest!$H$6:$H$1505,Harvest!$C$6:$C$1505,B65,Harvest!$J$6:$J$1505,Settings!$C$5)) | Q65: =IF(B65="","",IF(COUNTIF(Crops!$B$6:$B$65,B65)>1,"Listed twice",IF(AND(E65<>"",NOT(ISNUMBER(E65))),"Price not a number",IF(AND(F65<>"",NOT(ISNUMBER(F65))),"Days not a number",IF(OR((G65="")<>(H65=""),(I65="")<>(J65=""),(K65="")<>(L65="")),"A month is missing",""))))) | R65: =IFERROR(MATCH(G65,Settings!$H$1:$H$12,0),0) | S65: =IFERROR(MATCH(H65,Settings!$H$1:$H$12,0),0) | T65: =IFERROR(MATCH(I65,Settings!$H$1:$H$12,0),0) | U65: =IFERROR(MATCH(J65,Settings!$H$1:$H$12,0),0) | V65: =IFERROR(MATCH(K65,Settings!$H$1:$H$12,0),0) | W65: =IFERROR(MATCH(L65,Settings!$H$1:$H$12,0),0) | X65: =IF(AND(B65<>"",IF(OR(R65=0,S65=0),0,IF(R65<=S65,IF(AND(MONTH(TODAY())>=R65,MONTH(TODAY())<=S65),1,0),IF(OR(MONTH(TODAY())>=R65,MONTH(TODAY())<=S65),1,0)))=1),ROW(),"") | Y65: =IF(AND(B65<>"",IF(OR(T65=0,U65=0),0,IF(T65<=U65,IF(AND(MONTH(TODAY())>=T65,MONTH(TODAY())<=U65),1,0),IF(OR(MONTH(TODAY())>=T65,MONTH(TODAY())<=U65),1,0)))=1),ROW(),"") | Z65: =IF(AND(B65<>"",IF(OR(V65=0,W65=0),0,IF(V65<=W65,IF(AND(MONTH(TODAY())>=V65,MONTH(TODAY())<=W65),1,0),IF(OR(MONTH(TODAY())>=V65,MONTH(TODAY())<=W65),1,0)))=1),ROW(),"") | AA65: =IF(OR(B65="",N(O65)<=0),"",ROUND(N(P65)*100,0)*1000+1000-ROW())

Sheet Beds
B2: Beds
B3: Each bed, pot group or greenhouse once. What grows in it and the last watering come by themselves.
B5: Bed | C5: Size | D5: Sun | E5: Note | F5: Growing | G5: Latest planting | H5: Last watered | I5: Days | J5: Status | K5: Picked this year
B6: Bed 1 | C6: 1.2 x 2.4 m | D6: Full sun | F6: =IF(B6="","",SUMIFS(Plantings!$Q$6:$Q$505,Plantings!$D$6:$D$505,B6)) | G6: =IF(OR(B6="",N(F6)=0),"",INDEX(Plantings!$C$1:$C$505,MOD(SUMPRODUCT(MAX((Plantings!$D$6:$D$505=B6)*Plantings!$R$6:$R$505)),1000))) | H6: =IF(B6="","",IF(MAX(SUMPRODUCT(MAX((Jobs!$C$6:$C$2005=B6)*(Jobs!$D$6:$D$2005="Water")*Jobs!$G$6:$G$2005)),MAX(Jobs!$H$6:$H$2005))=0,"",MAX(SUMPRODUCT(MAX((Jobs!$C$6:$C$2005=B6)*(Jobs!$D$6:$D$2005="Water")*Jobs!$G$6:$G$2005)),MAX(Jobs!$H$6:$H$2005)))) | I6: =IF(OR(B6="",H6=""),"",TODAY()-H6) | J6: =IF(B6="","",IF(N(F6)=0,"Empty",IF(AND(N(Settings!$C$7)>0,OR(H6="",N(I6)>=N(Settings!$C$7))),"Water","OK"))) | K6: =IF(B6="","",SUMIFS(Harvest!$H$6:$H$1505,Harvest!$D$6:$D$1505,B6,Harvest!$J$6:$J$1505,Settings!$C$5))
B7: Bed 2 | C7: 1.2 x 2.4 m | D7: Full sun | F7: =IF(B7="","",SUMIFS(Plantings!$Q$6:$Q$505,Plantings!$D$6:$D$505,B7)) | G7: =IF(OR(B7="",N(F7)=0),"",INDEX(Plantings!$C$1:$C$505,MOD(SUMPRODUCT(MAX((Plantings!$D$6:$D$505=B7)*Plantings!$R$6:$R$505)),1000))) | H7: =IF(B7="","",IF(MAX(SUMPRODUCT(MAX((Jobs!$C$6:$C$2005=B7)*(Jobs!$D$6:$D$2005="Water")*Jobs!$G$6:$G$2005)),MAX(Jobs!$H$6:$H$2005))=0,"",MAX(SUMPRODUCT(MAX((Jobs!$C$6:$C$2005=B7)*(Jobs!$D$6:$D$2005="Water")*Jobs!$G$6:$G$2005)),MAX(Jobs!$H$6:$H$2005)))) | I7: =IF(OR(B7="",H7=""),"",TODAY()-H7) | J7: =IF(B7="","",IF(N(F7)=0,"Empty",IF(AND(N(Settings!$C$7)>0,OR(H7="",N(I7)>=N(Settings!$C$7))),"Water","OK"))) | K7: =IF(B7="","",SUMIFS(Harvest!$H$6:$H$1505,Harvest!$D$6:$D$1505,B7,Harvest!$J$6:$J$1505,Settings!$C$5))
B8: Bed 3 | C8: 1.2 x 2.4 m | D8: Full sun | E8: By the fence | F8: =IF(B8="","",SUMIFS(Plantings!$Q$6:$Q$505,Plantings!$D$6:$D$505,B8)) | G8: =IF(OR(B8="",N(F8)=0),"",INDEX(Plantings!$C$1:$C$505,MOD(SUMPRODUCT(MAX((Plantings!$D$6:$D$505=B8)*Plantings!$R$6:$R$505)),1000))) | H8: =IF(B8="","",IF(MAX(SUMPRODUCT(MAX((Jobs!$C$6:$C$2005=B8)*(Jobs!$D$6:$D$2005="Water")*Jobs!$G$6:$G$2005)),MAX(Jobs!$H$6:$H$2005))=0,"",MAX(SUMPRODUCT(MAX((Jobs!$C$6:$C$2005=B8)*(Jobs!$D$6:$D$2005="Water")*Jobs!$G$6:$G$2005)),MAX(Jobs!$H$6:$H$2005)))) | I8: =IF(OR(B8="",H8=""),"",TODAY()-H8) | J8: =IF(B8="","",IF(N(F8)=0,"Empty",IF(AND(N(Settings!$C$7)>0,OR(H8="",N(I8)>=N(Settings!$C$7))),"Water","OK"))) | K8: =IF(B8="","",SUMIFS(Harvest!$H$6:$H$1505,Harvest!$D$6:$D$1505,B8,Harvest!$J$6:$J$1505,Settings!$C$5))
B9: Bed 4 | C9: 1.2 x 2.4 m | D9: Part shade | F9: =IF(B9="","",SUMIFS(Plantings!$Q$6:$Q$505,Plantings!$D$6:$D$505,B9)) | G9: =IF(OR(B9="",N(F9)=0),"",INDEX(Plantings!$C$1:$C$505,MOD(SUMPRODUCT(MAX((Plantings!$D$6:$D$505=B9)*Plantings!$R$6:$R$505)),1000))) | H9: =IF(B9="","",IF(MAX(SUMPRODUCT(MAX((Jobs!$C$6:$C$2005=B9)*(Jobs!$D$6:$D$2005="Water")*Jobs!$G$6:$G$2005)),MAX(Jobs!$H$6:$H$2005))=0,"",MAX(SUMPRODUCT(MAX((Jobs!$C$6:$C$2005=B9)*(Jobs!$D$6:$D$2005="Water")*Jobs!$G$6:$G$2005)),MAX(Jobs!$H$6:$H$2005)))) | I9: =IF(OR(B9="",H9=""),"",TODAY()-H9) | J9: =IF(B9="","",IF(N(F9)=0,"Empty",IF(AND(N(Settings!$C$7)>0,OR(H9="",N(I9)>=N(Settings!$C$7))),"Water","OK"))) | K9: =IF(B9="","",SUMIFS(Harvest!$H$6:$H$1505,Harvest!$D$6:$D$1505,B9,Harvest!$J$6:$J$1505,Settings!$C$5))
B10: Greenhouse | C10: 2 x 3 m | D10: Full sun | F10: =IF(B10="","",SUMIFS(Plantings!$Q$6:$Q$505,Plantings!$D$6:$D$505,B10)) | G10: =IF(OR(B10="",N(F10)=0),"",INDEX(Plantings!$C$1:$C$505,MOD(SUMPRODUCT(MAX((Plantings!$D$6:$D$505=B10)*Plantings!$R$6:$R$505)),1000))) | H10: =IF(B10="","",IF(MAX(SUMPRODUCT(MAX((Jobs!$C$6:$C$2005=B10)*(Jobs!$D$6:$D$2005="Water")*Jobs!$G$6:$G$2005)),MAX(Jobs!$H$6:$H$2005))=0,"",MAX(SUMPRODUCT(MAX((Jobs!$C$6:$C$2005=B10)*(Jobs!$D$6:$D$2005="Water")*Jobs!$G$6:$G$2005)),MAX(Jobs!$H$6:$H$2005)))) | I10: =IF(OR(B10="",H10=""),"",TODAY()-H10) | J10: =IF(B10="","",IF(N(F10)=0,"Empty",IF(AND(N(Settings!$C$7)>0,OR(H10="",N(I10)>=N(Settings!$C$7))),"Water","OK"))) | K10: =IF(B10="","",SUMIFS(Harvest!$H$6:$H$1505,Harvest!$D$6:$D$1505,B10,Harvest!$J$6:$J$1505,Settings!$C$5))
B11: Patio pots | C11: 8 pots | D11: Full sun | F11: =IF(B11="","",SUMIFS(Plantings!$Q$6:$Q$505,Plantings!$D$6:$D$505,B11)) | G11: =IF(OR(B11="",N(F11)=0),"",INDEX(Plantings!$C$1:$C$505,MOD(SUMPRODUCT(MAX((Plantings!$D$6:$D$505=B11)*Plantings!$R$6:$R$505)),1000))) | H11: =IF(B11="","",IF(MAX(SUMPRODUCT(MAX((Jobs!$C$6:$C$2005=B11)*(Jobs!$D$6:$D$2005="Water")*Jobs!$G$6:$G$2005)),MAX(Jobs!$H$6:$H$2005))=0,"",MAX(SUMPRODUCT(MAX((Jobs!$C$6:$C$2005=B11)*(Jobs!$D$6:$D$2005="Water")*Jobs!$G$6:$G$2005)),MAX(Jobs!$H$6:$H$2005)))) | I11: =IF(OR(B11="",H11=""),"",TODAY()-H11) | J11: =IF(B11="","",IF(N(F11)=0,"Empty",IF(AND(N(Settings!$C$7)>0,OR(H11="",N(I11)>=N(Settings!$C$7))),"Water","OK"))) | K11: =IF(B11="","",SUMIFS(Harvest!$H$6:$H$1505,Harvest!$D$6:$D$1505,B11,Harvest!$J$6:$J$1505,Settings!$C$5))
B12: Herb bed | C12: 1 x 1 m | D12: Part shade | E12: By the back door | F12: =IF(B12="","",SUMIFS(Plantings!$Q$6:$Q$505,Plantings!$D$6:$D$505,B12)) | G12: =IF(OR(B12="",N(F12)=0),"",INDEX(Plantings!$C$1:$C$505,MOD(SUMPRODUCT(MAX((Plantings!$D$6:$D$505=B12)*Plantings!$R$6:$R$505)),1000))) | H12: =IF(B12="","",IF(MAX(SUMPRODUCT(MAX((Jobs!$C$6:$C$2005=B12)*(Jobs!$D$6:$D$2005="Water")*Jobs!$G$6:$G$2005)),MAX(Jobs!$H$6:$H$2005))=0,"",MAX(SUMPRODUCT(MAX((Jobs!$C$6:$C$2005=B12)*(Jobs!$D$6:$D$2005="Water")*Jobs!$G$6:$G$2005)),MAX(Jobs!$H$6:$H$2005)))) | I12: =IF(OR(B12="",H12=""),"",TODAY()-H12) | J12: =IF(B12="","",IF(N(F12)=0,"Empty",IF(AND(N(Settings!$C$7)>0,OR(H12="",N(I12)>=N(Settings!$C$7))),"Water","OK"))) | K12: =IF(B12="","",SUMIFS(Harvest!$H$6:$H$1505,Harvest!$D$6:$D$1505,B12,Harvest!$J$6:$J$1505,Settings!$C$5))
F13: =IF(B13="","",SUMIFS(Plantings!$Q$6:$Q$505,Plantings!$D$6:$D$505,B13)) | G13: =IF(OR(B13="",N(F13)=0),"",INDEX(Plantings!$C$1:$C$505,MOD(SUMPRODUCT(MAX((Plantings!$D$6:$D$505=B13)*Plantings!$R$6:$R$505)),1000))) | H13: =IF(B13="","",IF(MAX(SUMPRODUCT(MAX((Jobs!$C$6:$C$2005=B13)*(Jobs!$D$6:$D$2005="Water")*Jobs!$G$6:$G$2005)),MAX(Jobs!$H$6:$H$2005))=0,"",MAX(SUMPRODUCT(MAX((Jobs!$C$6:$C$2005=B13)*(Jobs!$D$6:$D$2005="Water")*Jobs!$G$6:$G$2005)),MAX(Jobs!$H$6:$H$2005)))) | I13: =IF(OR(B13="",H13=""),"",TODAY()-H13) | J13: =IF(B13="","",IF(N(F13)=0,"Empty",IF(AND(N(Settings!$C$7)>0,OR(H13="",N(I13)>=N(Settings!$C$7))),"Water","OK"))) | K13: =IF(B13="","",SUMIFS(Harvest!$H$6:$H$1505,Harvest!$D$6:$D$1505,B13,Harvest!$J$6:$J$1505,Settings!$C$5))
F14: =IF(B14="","",SUMIFS(Plantings!$Q$6:$Q$505,Plantings!$D$6:$D$505,B14)) | G14: =IF(OR(B14="",N(F14)=0),"",INDEX(Plantings!$C$1:$C$505,MOD(SUMPRODUCT(MAX((Plantings!$D$6:$D$505=B14)*Plantings!$R$6:$R$505)),1000))) | H14: =IF(B14="","",IF(MAX(SUMPRODUCT(MAX((Jobs!$C$6:$C$2005=B14)*(Jobs!$D$6:$D$2005="Water")*Jobs!$G$6:$G$2005)),MAX(Jobs!$H$6:$H$2005))=0,"",MAX(SUMPRODUCT(MAX((Jobs!$C$6:$C$2005=B14)*(Jobs!$D$6:$D$2005="Water")*Jobs!$G$6:$G$2005)),MAX(Jobs!$H$6:$H$2005)))) | I14: =IF(OR(B14="",H14=""),"",TODAY()-H14) | J14: =IF(B14="","",IF(N(F14)=0,"Empty",IF(AND(N(Settings!$C$7)>0,OR(H14="",N(I14)>=N(Settings!$C$7))),"Water","OK"))) | K14: =IF(B14="","",SUMIFS(Harvest!$H$6:$H$1505,Harvest!$D$6:$D$1505,B14,Harvest!$J$6:$J$1505,Settings!$C$5))
F15: =IF(B15="","",SUMIFS(Plantings!$Q$6:$Q$505,Plantings!$D$6:$D$505,B15)) | G15: =IF(OR(B15="",N(F15)=0),"",INDEX(Plantings!$C$1:$C$505,MOD(SUMPRODUCT(MAX((Plantings!$D$6:$D$505=B15)*Plantings!$R$6:$R$505)),1000))) | H15: =IF(B15="","",IF(MAX(SUMPRODUCT(MAX((Jobs!$C$6:$C$2005=B15)*(Jobs!$D$6:$D$2005="Water")*Jobs!$G$6:$G$2005)),MAX(Jobs!$H$6:$H$2005))=0,"",MAX(SUMPRODUCT(MAX((Jobs!$C$6:$C$2005=B15)*(Jobs!$D$6:$D$2005="Water")*Jobs!$G$6:$G$2005)),MAX(Jobs!$H$6:$H$2005)))) | I15: =IF(OR(B15="",H15=""),"",TODAY()-H15) | J15: =IF(B15="","",IF(N(F15)=0,"Empty",IF(AND(N(Settings!$C$7)>0,OR(H15="",N(I15)>=N(Settings!$C$7))),"Water","OK"))) | K15: =IF(B15="","",SUMIFS(Harvest!$H$6:$H$1505,Harvest!$D$6:$D$1505,B15,Harvest!$J$6:$J$1505,Settings!$C$5))
F16: =IF(B16="","",SUMIFS(Plantings!$Q$6:$Q$505,Plantings!$D$6:$D$505,B16)) | G16: =IF(OR(B16="",N(F16)=0),"",INDEX(Plantings!$C$1:$C$505,MOD(SUMPRODUCT(MAX((Plantings!$D$6:$D$505=B16)*Plantings!$R$6:$R$505)),1000))) | H16: =IF(B16="","",IF(MAX(SUMPRODUCT(MAX((Jobs!$C$6:$C$2005=B16)*(Jobs!$D$6:$D$2005="Water")*Jobs!$G$6:$G$2005)),MAX(Jobs!$H$6:$H$2005))=0,"",MAX(SUMPRODUCT(MAX((Jobs!$C$6:$C$2005=B16)*(Jobs!$D$6:$D$2005="Water")*Jobs!$G$6:$G$2005)),MAX(Jobs!$H$6:$H$2005)))) | I16: =IF(OR(B16="",H16=""),"",TODAY()-H16) | J16: =IF(B16="","",IF(N(F16)=0,"Empty",IF(AND(N(Settings!$C$7)>0,OR(H16="",N(I16)>=N(Settings!$C$7))),"Water","OK"))) | K16: =IF(B16="","",SUMIFS(Harvest!$H$6:$H$1505,Harvest!$D$6:$D$1505,B16,Harvest!$J$6:$J$1505,Settings!$C$5))
F17: =IF(B17="","",SUMIFS(Plantings!$Q$6:$Q$505,Plantings!$D$6:$D$505,B17)) | G17: =IF(OR(B17="",N(F17)=0),"",INDEX(Plantings!$C$1:$C$505,MOD(SUMPRODUCT(MAX((Plantings!$D$6:$D$505=B17)*Plantings!$R$6:$R$505)),1000))) | H17: =IF(B17="","",IF(MAX(SUMPRODUCT(MAX((Jobs!$C$6:$C$2005=B17)*(Jobs!$D$6:$D$2005="Water")*Jobs!$G$6:$G$2005)),MAX(Jobs!$H$6:$H$2005))=0,"",MAX(SUMPRODUCT(MAX((Jobs!$C$6:$C$2005=B17)*(Jobs!$D$6:$D$2005="Water")*Jobs!$G$6:$G$2005)),MAX(Jobs!$H$6:$H$2005)))) | I17: =IF(OR(B17="",H17=""),"",TODAY()-H17) | J17: =IF(B17="","",IF(N(F17)=0,"Empty",IF(AND(N(Settings!$C$7)>0,OR(H17="",N(I17)>=N(Settings!$C$7))),"Water","OK"))) | K17: =IF(B17="","",SUMIFS(Harvest!$H$6:$H$1505,Harvest!$D$6:$D$1505,B17,Harvest!$J$6:$J$1505,Settings!$C$5))
F18: =IF(B18="","",SUMIFS(Plantings!$Q$6:$Q$505,Plantings!$D$6:$D$505,B18)) | G18: =IF(OR(B18="",N(F18)=0),"",INDEX(Plantings!$C$1:$C$505,MOD(SUMPRODUCT(MAX((Plantings!$D$6:$D$505=B18)*Plantings!$R$6:$R$505)),1000))) | H18: =IF(B18="","",IF(MAX(SUMPRODUCT(MAX((Jobs!$C$6:$C$2005=B18)*(Jobs!$D$6:$D$2005="Water")*Jobs!$G$6:$G$2005)),MAX(Jobs!$H$6:$H$2005))=0,"",MAX(SUMPRODUCT(MAX((Jobs!$C$6:$C$2005=B18)*(Jobs!$D$6:$D$2005="Water")*Jobs!$G$6:$G$2005)),MAX(Jobs!$H$6:$H$2005)))) | I18: =IF(OR(B18="",H18=""),"",TODAY()-H18) | J18: =IF(B18="","",IF(N(F18)=0,"Empty",IF(AND(N(Settings!$C$7)>0,OR(H18="",N(I18)>=N(Settings!$C$7))),"Water","OK"))) | K18: =IF(B18="","",SUMIFS(Harvest!$H$6:$H$1505,Harvest!$D$6:$D$1505,B18,Harvest!$J$6:$J$1505,Settings!$C$5))
F19: =IF(B19="","",SUMIFS(Plantings!$Q$6:$Q$505,Plantings!$D$6:$D$505,B19)) | G19: =IF(OR(B19="",N(F19)=0),"",INDEX(Plantings!$C$1:$C$505,MOD(SUMPRODUCT(MAX((Plantings!$D$6:$D$505=B19)*Plantings!$R$6:$R$505)),1000))) | H19: =IF(B19="","",IF(MAX(SUMPRODUCT(MAX((Jobs!$C$6:$C$2005=B19)*(Jobs!$D$6:$D$2005="Water")*Jobs!$G$6:$G$2005)),MAX(Jobs!$H$6:$H$2005))=0,"",MAX(SUMPRODUCT(MAX((Jobs!$C$6:$C$2005=B19)*(Jobs!$D$6:$D$2005="Water")*Jobs!$G$6:$G$2005)),MAX(Jobs!$H$6:$H$2005)))) | I19: =IF(OR(B19="",H19=""),"",TODAY()-H19) | J19: =IF(B19="","",IF(N(F19)=0,"Empty",IF(AND(N(Settings!$C$7)>0,OR(H19="",N(I19)>=N(Settings!$C$7))),"Water","OK"))) | K19: =IF(B19="","",SUMIFS(Harvest!$H$6:$H$1505,Harvest!$D$6:$D$1505,B19,Harvest!$J$6:$J$1505,Settings!$C$5))
F20: =IF(B20="","",SUMIFS(Plantings!$Q$6:$Q$505,Plantings!$D$6:$D$505,B20)) | G20: =IF(OR(B20="",N(F20)=0),"",INDEX(Plantings!$C$1:$C$505,MOD(SUMPRODUCT(MAX((Plantings!$D$6:$D$505=B20)*Plantings!$R$6:$R$505)),1000))) | H20: =IF(B20="","",IF(MAX(SUMPRODUCT(MAX((Jobs!$C$6:$C$2005=B20)*(Jobs!$D$6:$D$2005="Water")*Jobs!$G$6:$G$2005)),MAX(Jobs!$H$6:$H$2005))=0,"",MAX(SUMPRODUCT(MAX((Jobs!$C$6:$C$2005=B20)*(Jobs!$D$6:$D$2005="Water")*Jobs!$G$6:$G$2005)),MAX(Jobs!$H$6:$H$2005)))) | I20: =IF(OR(B20="",H20=""),"",TODAY()-H20) | J20: =IF(B20="","",IF(N(F20)=0,"Empty",IF(AND(N(Settings!$C$7)>0,OR(H20="",N(I20)>=N(Settings!$C$7))),"Water","OK"))) | K20: =IF(B20="","",SUMIFS(Harvest!$H$6:$H$1505,Harvest!$D$6:$D$1505,B20,Harvest!$J$6:$J$1505,Settings!$C$5))
F21: =IF(B21="","",SUMIFS(Plantings!$Q$6:$Q$505,Plantings!$D$6:$D$505,B21)) | G21: =IF(OR(B21="",N(F21)=0),"",INDEX(Plantings!$C$1:$C$505,MOD(SUMPRODUCT(MAX((Plantings!$D$6:$D$505=B21)*Plantings!$R$6:$R$505)),1000))) | H21: =IF(B21="","",IF(MAX(SUMPRODUCT(MAX((Jobs!$C$6:$C$2005=B21)*(Jobs!$D$6:$D$2005="Water")*Jobs!$G$6:$G$2005)),MAX(Jobs!$H$6:$H$2005))=0,"",MAX(SUMPRODUCT(MAX((Jobs!$C$6:$C$2005=B21)*(Jobs!$D$6:$D$2005="Water")*Jobs!$G$6:$G$2005)),MAX(Jobs!$H$6:$H$2005)))) | I21: =IF(OR(B21="",H21=""),"",TODAY()-H21) | J21: =IF(B21="","",IF(N(F21)=0,"Empty",IF(AND(N(Settings!$C$7)>0,OR(H21="",N(I21)>=N(Settings!$C$7))),"Water","OK"))) | K21: =IF(B21="","",SUMIFS(Harvest!$H$6:$H$1505,Harvest!$D$6:$D$1505,B21,Harvest!$J$6:$J$1505,Settings!$C$5))
F22: =IF(B22="","",SUMIFS(Plantings!$Q$6:$Q$505,Plantings!$D$6:$D$505,B22)) | G22: =IF(OR(B22="",N(F22)=0),"",INDEX(Plantings!$C$1:$C$505,MOD(SUMPRODUCT(MAX((Plantings!$D$6:$D$505=B22)*Plantings!$R$6:$R$505)),1000))) | H22: =IF(B22="","",IF(MAX(SUMPRODUCT(MAX((Jobs!$C$6:$C$2005=B22)*(Jobs!$D$6:$D$2005="Water")*Jobs!$G$6:$G$2005)),MAX(Jobs!$H$6:$H$2005))=0,"",MAX(SUMPRODUCT(MAX((Jobs!$C$6:$C$2005=B22)*(Jobs!$D$6:$D$2005="Water")*Jobs!$G$6:$G$2005)),MAX(Jobs!$H$6:$H$2005)))) | I22: =IF(OR(B22="",H22=""),"",TODAY()-H22) | J22: =IF(B22="","",IF(N(F22)=0,"Empty",IF(AND(N(Settings!$C$7)>0,OR(H22="",N(I22)>=N(Settings!$C$7))),"Water","OK"))) | K22: =IF(B22="","",SUMIFS(Harvest!$H$6:$H$1505,Harvest!$D$6:$D$1505,B22,Harvest!$J$6:$J$1505,Settings!$C$5))
F23: =IF(B23="","",SUMIFS(Plantings!$Q$6:$Q$505,Plantings!$D$6:$D$505,B23)) | G23: =IF(OR(B23="",N(F23)=0),"",INDEX(Plantings!$C$1:$C$505,MOD(SUMPRODUCT(MAX((Plantings!$D$6:$D$505=B23)*Plantings!$R$6:$R$505)),1000))) | H23: =IF(B23="","",IF(MAX(SUMPRODUCT(MAX((Jobs!$C$6:$C$2005=B23)*(Jobs!$D$6:$D$2005="Water")*Jobs!$G$6:$G$2005)),MAX(Jobs!$H$6:$H$2005))=0,"",MAX(SUMPRODUCT(MAX((Jobs!$C$6:$C$2005=B23)*(Jobs!$D$6:$D$2005="Water")*Jobs!$G$6:$G$2005)),MAX(Jobs!$H$6:$H$2005)))) | I23: =IF(OR(B23="",H23=""),"",TODAY()-H23) | J23: =IF(B23="","",IF(N(F23)=0,"Empty",IF(AND(N(Settings!$C$7)>0,OR(H23="",N(I23)>=N(Settings!$C$7))),"Water","OK"))) | K23: =IF(B23="","",SUMIFS(Harvest!$H$6:$H$1505,Harvest!$D$6:$D$1505,B23,Harvest!$J$6:$J$1505,Settings!$C$5))
F24: =IF(B24="","",SUMIFS(Plantings!$Q$6:$Q$505,Plantings!$D$6:$D$505,B24)) | G24: =IF(OR(B24="",N(F24)=0),"",INDEX(Plantings!$C$1:$C$505,MOD(SUMPRODUCT(MAX((Plantings!$D$6:$D$505=B24)*Plantings!$R$6:$R$505)),1000))) | H24: =IF(B24="","",IF(MAX(SUMPRODUCT(MAX((Jobs!$C$6:$C$2005=B24)*(Jobs!$D$6:$D$2005="Water")*Jobs!$G$6:$G$2005)),MAX(Jobs!$H$6:$H$2005))=0,"",MAX(SUMPRODUCT(MAX((Jobs!$C$6:$C$2005=B24)*(Jobs!$D$6:$D$2005="Water")*Jobs!$G$6:$G$2005)),MAX(Jobs!$H$6:$H$2005)))) | I24: =IF(OR(B24="",H24=""),"",TODAY()-H24) | J24: =IF(B24="","",IF(N(F24)=0,"Empty",IF(AND(N(Settings!$C$7)>0,OR(H24="",N(I24)>=N(Settings!$C$7))),"Water","OK"))) | K24: =IF(B24="","",SUMIFS(Harvest!$H$6:$H$1505,Harvest!$D$6:$D$1505,B24,Harvest!$J$6:$J$1505,Settings!$C$5))
... F35: =IF(B35="","",SUMIFS(Plantings!$Q$6:$Q$505,Plantings!$D$6:$D$505,B35)) | G35: =IF(OR(B35="",N(F35)=0),"",INDEX(Plantings!$C$1:$C$505,MOD(SUMPRODUCT(MAX((Plantings!$D$6:$D$505=B35)*Plantings!$R$6:$R$505)),1000))) | H35: =IF(B35="","",IF(MAX(SUMPRODUCT(MAX((Jobs!$C$6:$C$2005=B35)*(Jobs!$D$6:$D$2005="Water")*Jobs!$G$6:$G$2005)),MAX(Jobs!$H$6:$H$2005))=0,"",MAX(SUMPRODUCT(MAX((Jobs!$C$6:$C$2005=B35)*(Jobs!$D$6:$D$2005="Water")*Jobs!$G$6:$G$2005)),MAX(Jobs!$H$6:$H$2005)))) | I35: =IF(OR(B35="",H35=""),"",TODAY()-H35) | J35: =IF(B35="","",IF(N(F35)=0,"Empty",IF(AND(N(Settings!$C$7)>0,OR(H35="",N(I35)>=N(Settings!$C$7))),"Water","OK"))) | K35: =IF(B35="","",SUMIFS(Harvest!$H$6:$H$1505,Harvest!$D$6:$D$1505,B35,Harvest!$J$6:$J$1505,Settings!$C$5))

Sheet Calendar
B2: =IF(Settings!$C$4="","Planting calendar",Settings!$C$4&": planting calendar")
B3: The months you typed on the Crops tab. S sow, P plant out, H harvest.
B5: Crop | C5: Jan | D5: Feb | E5: Mar | F5: Apr | G5: May | H5: Jun | I5: Jul | J5: Aug | K5: Sep | L5: Oct | M5: Nov | N5: Dec
B6: =IF(INDEX(Crops!$B$6:$B$65,1)="","",INDEX(Crops!$B$6:$B$65,1)) | C6: =IF(B6="","",TRIM(IF(IF(OR($P6=0,$Q6=0),0,IF($P6<=$Q6,IF(AND(1>=$P6,1<=$Q6),1,0),IF(OR(1>=$P6,1<=$Q6),1,0)))=1,"S ","")&IF(IF(OR($R6=0,$S6=0),0,IF($R6<=$S6,IF(AND(1>=$R6,1<=$S6),1,0),IF(OR(1>=$R6,1<=$S6),1,0)))=1,"P ","")&IF(IF(OR($T6=0,$U6=0),0,IF($T6<=$U6,IF(AND(1>=$T6,1<=$U6),1,0),IF(OR(1>=$T6,1<=$U6),1,0)))=1,"H",""))) | D6: =IF(B6="","",TRIM(IF(IF(OR($P6=0,$Q6=0),0,IF($P6<=$Q6,IF(AND(2>=$P6,2<=$Q6),1,0),IF(OR(2>=$P6,2<=$Q6),1,0)))=1,"S ","")&IF(IF(OR($R6=0,$S6=0),0,IF($R6<=$S6,IF(AND(2>=$R6,2<=$S6),1,0),IF(OR(2>=$R6,2<=$S6),1,0)))=1,"P ","")&IF(IF(OR($T6=0,$U6=0),0,IF($T6<=$U6,IF(AND(2>=$T6,2<=$U6),1,0),IF(OR(2>=$T6,2<=$U6),1,0)))=1,"H",""))) | E6: =IF(B6="","",TRIM(IF(IF(OR($P6=0,$Q6=0),0,IF($P6<=$Q6,IF(AND(3>=$P6,3<=$Q6),1,0),IF(OR(3>=$P6,3<=$Q6),1,0)))=1,"S ","")&IF(IF(OR($R6=0,$S6=0),0,IF($R6<=$S6,IF(AND(3>=$R6,3<=$S6),1,0),IF(OR(3>=$R6,3<=$S6),1,0)))=1,"P ","")&IF(IF(OR($T6=0,$U6=0),0,IF($T6<=$U6,IF(AND(3>=$T6,3<=$U6),1,0),IF(OR(3>=$T6,3<=$U6),1,0)))=1,"H",""))) | F6: =IF(B6="","",TRIM(IF(IF(OR($P6=0,$Q6=0),0,IF($P6<=$Q6,IF(AND(4>=$P6,4<=$Q6),1,0),IF(OR(4>=$P6,4<=$Q6),1,0)))=1,"S ","")&IF(IF(OR($R6=0,$S6=0),0,IF($R6<=$S6,IF(AND(4>=$R6,4<=$S6),1,0),IF(OR(4>=$R6,4<=$S6),1,0)))=1,"P ","")&IF(IF(OR($T6=0,$U6=0),0,IF($T6<=$U6,IF(AND(4>=$T6,4<=$U6),1,0),IF(OR(4>=$T6,4<=$U6),1,0)))=1,"H",""))) | G6: =IF(B6="","",TRIM(IF(IF(OR($P6=0,$Q6=0),0,IF($P6<=$Q6,IF(AND(5>=$P6,5<=$Q6),1,0),IF(OR(5>=$P6,5<=$Q6),1,0)))=1,"S ","")&IF(IF(OR($R6=0,$S6=0),0,IF($R6<=$S6,IF(AND(5>=$R6,5<=$S6),1,0),IF(OR(5>=$R6,5<=$S6),1,0)))=1,"P ","")&IF(IF(OR($T6=0,$U6=0),0,IF($T6<=$U6,IF(AND(5>=$T6,5<=$U6),1,0),IF(OR(5>=$T6,5<=$U6),1,0)))=1,"H",""))) | H6: =IF(B6="","",TRIM(IF(IF(OR($P6=0,$Q6=0),0,IF($P6<=$Q6,IF(AND(6>=$P6,6<=$Q6),1,0),IF(OR(6>=$P6,6<=$Q6),1,0)))=1,"S ","")&IF(IF(OR($R6=0,$S6=0),0,IF($R6<=$S6,IF(AND(6>=$R6,6<=$S6),1,0),IF(OR(6>=$R6,6<=$S6),1,0)))=1,"P ","")&IF(IF(OR($T6=0,$U6=0),0,IF($T6<=$U6,IF(AND(6>=$T6,6<=$U6),1,0),IF(OR(6>=$T6,6<=$U6),1,0)))=1,"H",""))) | I6: =IF(B6="","",TRIM(IF(IF(OR($P6=0,$Q6=0),0,IF($P6<=$Q6,IF(AND(7>=$P6,7<=$Q6),1,0),IF(OR(7>=$P6,7<=$Q6),1,0)))=1,"S ","")&IF(IF(OR($R6=0,$S6=0),0,IF($R6<=$S6,IF(AND(7>=$R6,7<=$S6),1,0),IF(OR(7>=$R6,7<=$S6),1,0)))=1,"P ","")&IF(IF(OR($T6=0,$U6=0),0,IF($T6<=$U6,IF(AND(7>=$T6,7<=$U6),1,0),IF(OR(7>=$T6,7<=$U6),1,0)))=1,"H",""))) | J6: =IF(B6="","",TRIM(IF(IF(OR($P6=0,$Q6=0),0,IF($P6<=$Q6,IF(AND(8>=$P6,8<=$Q6),1,0),IF(OR(8>=$P6,8<=$Q6),1,0)))=1,"S ","")&IF(IF(OR($R6=0,$S6=0),0,IF($R6<=$S6,IF(AND(8>=$R6,8<=$S6),1,0),IF(OR(8>=$R6,8<=$S6),1,0)))=1,"P ","")&IF(IF(OR($T6=0,$U6=0),0,IF($T6<=$U6,IF(AND(8>=$T6,8<=$U6),1,0),IF(OR(8>=$T6,8<=$U6),1,0)))=1,"H",""))) | K6: =IF(B6="","",TRIM(IF(IF(OR($P6=0,$Q6=0),0,IF($P6<=$Q6,IF(AND(9>=$P6,9<=$Q6),1,0),IF(OR(9>=$P6,9<=$Q6),1,0)))=1,"S ","")&IF(IF(OR($R6=0,$S6=0),0,IF($R6<=$S6,IF(AND(9>=$R6,9<=$S6),1,0),IF(OR(9>=$R6,9<=$S6),1,0)))=1,"P ","")&IF(IF(OR($T6=0,$U6=0),0,IF($T6<=$U6,IF(AND(9>=$T6,9<=$U6),1,0),IF(OR(9>=$T6,9<=$U6),1,0)))=1,"H",""))) | L6: =IF(B6="","",TRIM(IF(IF(OR($P6=0,$Q6=0),0,IF($P6<=$Q6,IF(AND(10>=$P6,10<=$Q6),1,0),IF(OR(10>=$P6,10<=$Q6),1,0)))=1,"S ","")&IF(IF(OR($R6=0,$S6=0),0,IF($R6<=$S6,IF(AND(10>=$R6,10<=$S6),1,0),IF(OR(10>=$R6,10<=$S6),1,0)))=1,"P ","")&IF(IF(OR($T6=0,$U6=0),0,IF($T6<=$U6,IF(AND(10>=$T6,10<=$U6),1,0),IF(OR(10>=$T6,10<=$U6),1,0)))=1,"H",""))) | M6: =IF(B6="","",TRIM(IF(IF(OR($P6=0,$Q6=0),0,IF($P6<=$Q6,IF(AND(11>=$P6,11<=$Q6),1,0),IF(OR(11>=$P6,11<=$Q6),1,0)))=1,"S ","")&IF(IF(OR($R6=0,$S6=0),0,IF($R6<=$S6,IF(AND(11>=$R6,11<=$S6),1,0),IF(OR(11>=$R6,11<=$S6),1,0)))=1,"P ","")&IF(IF(OR($T6=0,$U6=0),0,IF($T6<=$U6,IF(AND(11>=$T6,11<=$U6),1,0),IF(OR(11>=$T6,11<=$U6),1,0)))=1,"H",""))) | N6: =IF(B6="","",TRIM(IF(IF(OR($P6=0,$Q6=0),0,IF($P6<=$Q6,IF(AND(12>=$P6,12<=$Q6),1,0),IF(OR(12>=$P6,12<=$Q6),1,0)))=1,"S ","")&IF(IF(OR($R6=0,$S6=0),0,IF($R6<=$S6,IF(AND(12>=$R6,12<=$S6),1,0),IF(OR(12>=$R6,12<=$S6),1,0)))=1,"P ","")&IF(IF(OR($T6=0,$U6=0),0,IF($T6<=$U6,IF(AND(12>=$T6,12<=$U6),1,0),IF(OR(12>=$T6,12<=$U6),1,0)))=1,"H",""))) | P6: =N(INDEX(Crops!$R$6:$R$65,1)) | Q6: =N(INDEX(Crops!$S$6:$S$65,1)) | R6: =N(INDEX(Crops!$T$6:$T$65,1)) | S6: =N(INDEX(Crops!$U$6:$U$65,1)) | T6: =N(INDEX(Crops!$V$6:$V$65,1)) | U6: =N(INDEX(Crops!$W$6:$W$65,1))
B7: =IF(INDEX(Crops!$B$6:$B$65,2)="","",INDEX(Crops!$B$6:$B$65,2)) | C7: =IF(B7="","",TRIM(IF(IF(OR($P7=0,$Q7=0),0,IF($P7<=$Q7,IF(AND(1>=$P7,1<=$Q7),1,0),IF(OR(1>=$P7,1<=$Q7),1,0)))=1,"S ","")&IF(IF(OR($R7=0,$S7=0),0,IF($R7<=$S7,IF(AND(1>=$R7,1<=$S7),1,0),IF(OR(1>=$R7,1<=$S7),1,0)))=1,"P ","")&IF(IF(OR($T7=0,$U7=0),0,IF($T7<=$U7,IF(AND(1>=$T7,1<=$U7),1,0),IF(OR(1>=$T7,1<=$U7),1,0)))=1,"H",""))) | D7: =IF(B7="","",TRIM(IF(IF(OR($P7=0,$Q7=0),0,IF($P7<=$Q7,IF(AND(2>=$P7,2<=$Q7),1,0),IF(OR(2>=$P7,2<=$Q7),1,0)))=1,"S ","")&IF(IF(OR($R7=0,$S7=0),0,IF($R7<=$S7,IF(AND(2>=$R7,2<=$S7),1,0),IF(OR(2>=$R7,2<=$S7),1,0)))=1,"P ","")&IF(IF(OR($T7=0,$U7=0),0,IF($T7<=$U7,IF(AND(2>=$T7,2<=$U7),1,0),IF(OR(2>=$T7,2<=$U7),1,0)))=1,"H",""))) | E7: =IF(B7="","",TRIM(IF(IF(OR($P7=0,$Q7=0),0,IF($P7<=$Q7,IF(AND(3>=$P7,3<=$Q7),1,0),IF(OR(3>=$P7,3<=$Q7),1,0)))=1,"S ","")&IF(IF(OR($R7=0,$S7=0),0,IF($R7<=$S7,IF(AND(3>=$R7,3<=$S7),1,0),IF(OR(3>=$R7,3<=$S7),1,0)))=1,"P ","")&IF(IF(OR($T7=0,$U7=0),0,IF($T7<=$U7,IF(AND(3>=$T7,3<=$U7),1,0),IF(OR(3>=$T7,3<=$U7),1,0)))=1,"H",""))) | F7: =IF(B7="","",TRIM(IF(IF(OR($P7=0,$Q7=0),0,IF($P7<=$Q7,IF(AND(4>=$P7,4<=$Q7),1,0),IF(OR(4>=$P7,4<=$Q7),1,0)))=1,"S ","")&IF(IF(OR($R7=0,$S7=0),0,IF($R7<=$S7,IF(AND(4>=$R7,4<=$S7),1,0),IF(OR(4>=$R7,4<=$S7),1,0)))=1,"P ","")&IF(IF(OR($T7=0,$U7=0),0,IF($T7<=$U7,IF(AND(4>=$T7,4<=$U7),1,0),IF(OR(4>=$T7,4<=$U7),1,0)))=1,"H",""))) | G7: =IF(B7="","",TRIM(IF(IF(OR($P7=0,$Q7=0),0,IF($P7<=$Q7,IF(AND(5>=$P7,5<=$Q7),1,0),IF(OR(5>=$P7,5<=$Q7),1,0)))=1,"S ","")&IF(IF(OR($R7=0,$S7=0),0,IF($R7<=$S7,IF(AND(5>=$R7,5<=$S7),1,0),IF(OR(5>=$R7,5<=$S7),1,0)))=1,"P ","")&IF(IF(OR($T7=0,$U7=0),0,IF($T7<=$U7,IF(AND(5>=$T7,5<=$U7),1,0),IF(OR(5>=$T7,5<=$U7),1,0)))=1,"H",""))) | H7: =IF(B7="","",TRIM(IF(IF(OR($P7=0,$Q7=0),0,IF($P7<=$Q7,IF(AND(6>=$P7,6<=$Q7),1,0),IF(OR(6>=$P7,6<=$Q7),1,0)))=1,"S ","")&IF(IF(OR($R7=0,$S7=0),0,IF($R7<=$S7,IF(AND(6>=$R7,6<=$S7),1,0),IF(OR(6>=$R7,6<=$S7),1,0)))=1,"P ","")&IF(IF(OR($T7=0,$U7=0),0,IF($T7<=$U7,IF(AND(6>=$T7,6<=$U7),1,0),IF(OR(6>=$T7,6<=$U7),1,0)))=1,"H",""))) | I7: =IF(B7="","",TRIM(IF(IF(OR($P7=0,$Q7=0),0,IF($P7<=$Q7,IF(AND(7>=$P7,7<=$Q7),1,0),IF(OR(7>=$P7,7<=$Q7),1,0)))=1,"S ","")&IF(IF(OR($R7=0,$S7=0),0,IF($R7<=$S7,IF(AND(7>=$R7,7<=$S7),1,0),IF(OR(7>=$R7,7<=$S7),1,0)))=1,"P ","")&IF(IF(OR($T7=0,$U7=0),0,IF($T7<=$U7,IF(AND(7>=$T7,7<=$U7),1,0),IF(OR(7>=$T7,7<=$U7),1,0)))=1,"H",""))) | J7: =IF(B7="","",TRIM(IF(IF(OR($P7=0,$Q7=0),0,IF($P7<=$Q7,IF(AND(8>=$P7,8<=$Q7),1,0),IF(OR(8>=$P7,8<=$Q7),1,0)))=1,"S ","")&IF(IF(OR($R7=0,$S7=0),0,IF($R7<=$S7,IF(AND(8>=$R7,8<=$S7),1,0),IF(OR(8>=$R7,8<=$S7),1,0)))=1,"P ","")&IF(IF(OR($T7=0,$U7=0),0,IF($T7<=$U7,IF(AND(8>=$T7,8<=$U7),1,0),IF(OR(8>=$T7,8<=$U7),1,0)))=1,"H",""))) | K7: =IF(B7="","",TRIM(IF(IF(OR($P7=0,$Q7=0),0,IF($P7<=$Q7,IF(AND(9>=$P7,9<=$Q7),1,0),IF(OR(9>=$P7,9<=$Q7),1,0)))=1,"S ","")&IF(IF(OR($R7=0,$S7=0),0,IF($R7<=$S7,IF(AND(9>=$R7,9<=$S7),1,0),IF(OR(9>=$R7,9<=$S7),1,0)))=1,"P ","")&IF(IF(OR($T7=0,$U7=0),0,IF($T7<=$U7,IF(AND(9>=$T7,9<=$U7),1,0),IF(OR(9>=$T7,9<=$U7),1,0)))=1,"H",""))) | L7: =IF(B7="","",TRIM(IF(IF(OR($P7=0,$Q7=0),0,IF($P7<=$Q7,IF(AND(10>=$P7,10<=$Q7),1,0),IF(OR(10>=$P7,10<=$Q7),1,0)))=1,"S ","")&IF(IF(OR($R7=0,$S7=0),0,IF($R7<=$S7,IF(AND(10>=$R7,10<=$S7),1,0),IF(OR(10>=$R7,10<=$S7),1,0)))=1,"P ","")&IF(IF(OR($T7=0,$U7=0),0,IF($T7<=$U7,IF(AND(10>=$T7,10<=$U7),1,0),IF(OR(10>=$T7,10<=$U7),1,0)))=1,"H",""))) | M7: =IF(B7="","",TRIM(IF(IF(OR($P7=0,$Q7=0),0,IF($P7<=$Q7,IF(AND(11>=$P7,11<=$Q7),1,0),IF(OR(11>=$P7,11<=$Q7),1,0)))=1,"S ","")&IF(IF(OR($R7=0,$S7=0),0,IF($R7<=$S7,IF(AND(11>=$R7,11<=$S7),1,0),IF(OR(11>=$R7,11<=$S7),1,0)))=1,"P ","")&IF(IF(OR($T7=0,$U7=0),0,IF($T7<=$U7,IF(AND(11>=$T7,11<=$U7),1,0),IF(OR(11>=$T7,11<=$U7),1,0)))=1,"H",""))) | N7: =IF(B7="","",TRIM(IF(IF(OR($P7=0,$Q7=0),0,IF($P7<=$Q7,IF(AND(12>=$P7,12<=$Q7),1,0),IF(OR(12>=$P7,12<=$Q7),1,0)))=1,"S ","")&IF(IF(OR($R7=0,$S7=0),0,IF($R7<=$S7,IF(AND(12>=$R7,12<=$S7),1,0),IF(OR(12>=$R7,12<=$S7),1,0)))=1,"P ","")&IF(IF(OR($T7=0,$U7=0),0,IF($T7<=$U7,IF(AND(12>=$T7,12<=$U7),1,0),IF(OR(12>=$T7,12<=$U7),1,0)))=1,"H",""))) | P7: =N(INDEX(Crops!$R$6:$R$65,2)) | Q7: =N(INDEX(Crops!$S$6:$S$65,2)) | R7: =N(INDEX(Crops!$T$6:$T$65,2)) | S7: =N(INDEX(Crops!$U$6:$U$65,2)) | T7: =N(INDEX(Crops!$V$6:$V$65,2)) | U7: =N(INDEX(Crops!$W$6:$W$65,2))
B8: =IF(INDEX(Crops!$B$6:$B$65,3)="","",INDEX(Crops!$B$6:$B$65,3)) | C8: =IF(B8="","",TRIM(IF(IF(OR($P8=0,$Q8=0),0,IF($P8<=$Q8,IF(AND(1>=$P8,1<=$Q8),1,0),IF(OR(1>=$P8,1<=$Q8),1,0)))=1,"S ","")&IF(IF(OR($R8=0,$S8=0),0,IF($R8<=$S8,IF(AND(1>=$R8,1<=$S8),1,0),IF(OR(1>=$R8,1<=$S8),1,0)))=1,"P ","")&IF(IF(OR($T8=0,$U8=0),0,IF($T8<=$U8,IF(AND(1>=$T8,1<=$U8),1,0),IF(OR(1>=$T8,1<=$U8),1,0)))=1,"H",""))) | D8: =IF(B8="","",TRIM(IF(IF(OR($P8=0,$Q8=0),0,IF($P8<=$Q8,IF(AND(2>=$P8,2<=$Q8),1,0),IF(OR(2>=$P8,2<=$Q8),1,0)))=1,"S ","")&IF(IF(OR($R8=0,$S8=0),0,IF($R8<=$S8,IF(AND(2>=$R8,2<=$S8),1,0),IF(OR(2>=$R8,2<=$S8),1,0)))=1,"P ","")&IF(IF(OR($T8=0,$U8=0),0,IF($T8<=$U8,IF(AND(2>=$T8,2<=$U8),1,0),IF(OR(2>=$T8,2<=$U8),1,0)))=1,"H",""))) | E8: =IF(B8="","",TRIM(IF(IF(OR($P8=0,$Q8=0),0,IF($P8<=$Q8,IF(AND(3>=$P8,3<=$Q8),1,0),IF(OR(3>=$P8,3<=$Q8),1,0)))=1,"S ","")&IF(IF(OR($R8=0,$S8=0),0,IF($R8<=$S8,IF(AND(3>=$R8,3<=$S8),1,0),IF(OR(3>=$R8,3<=$S8),1,0)))=1,"P ","")&IF(IF(OR($T8=0,$U8=0),0,IF($T8<=$U8,IF(AND(3>=$T8,3<=$U8),1,0),IF(OR(3>=$T8,3<=$U8),1,0)))=1,"H",""))) | F8: =IF(B8="","",TRIM(IF(IF(OR($P8=0,$Q8=0),0,IF($P8<=$Q8,IF(AND(4>=$P8,4<=$Q8),1,0),IF(OR(4>=$P8,4<=$Q8),1,0)))=1,"S ","")&IF(IF(OR($R8=0,$S8=0),0,IF($R8<=$S8,IF(AND(4>=$R8,4<=$S8),1,0),IF(OR(4>=$R8,4<=$S8),1,0)))=1,"P ","")&IF(IF(OR($T8=0,$U8=0),0,IF($T8<=$U8,IF(AND(4>=$T8,4<=$U8),1,0),IF(OR(4>=$T8,4<=$U8),1,0)))=1,"H",""))) | G8: =IF(B8="","",TRIM(IF(IF(OR($P8=0,$Q8=0),0,IF($P8<=$Q8,IF(AND(5>=$P8,5<=$Q8),1,0),IF(OR(5>=$P8,5<=$Q8),1,0)))=1,"S ","")&IF(IF(OR($R8=0,$S8=0),0,IF($R8<=$S8,IF(AND(5>=$R8,5<=$S8),1,0),IF(OR(5>=$R8,5<=$S8),1,0)))=1,"P ","")&IF(IF(OR($T8=0,$U8=0),0,IF($T8<=$U8,IF(AND(5>=$T8,5<=$U8),1,0),IF(OR(5>=$T8,5<=$U8),1,0)))=1,"H",""))) | H8: =IF(B8="","",TRIM(IF(IF(OR($P8=0,$Q8=0),0,IF($P8<=$Q8,IF(AND(6>=$P8,6<=$Q8),1,0),IF(OR(6>=$P8,6<=$Q8),1,0)))=1,"S ","")&IF(IF(OR($R8=0,$S8=0),0,IF($R8<=$S8,IF(AND(6>=$R8,6<=$S8),1,0),IF(OR(6>=$R8,6<=$S8),1,0)))=1,"P ","")&IF(IF(OR($T8=0,$U8=0),0,IF($T8<=$U8,IF(AND(6>=$T8,6<=$U8),1,0),IF(OR(6>=$T8,6<=$U8),1,0)))=1,"H",""))) | I8: =IF(B8="","",TRIM(IF(IF(OR($P8=0,$Q8=0),0,IF($P8<=$Q8,IF(AND(7>=$P8,7<=$Q8),1,0),IF(OR(7>=$P8,7<=$Q8),1,0)))=1,"S ","")&IF(IF(OR($R8=0,$S8=0),0,IF($R8<=$S8,IF(AND(7>=$R8,7<=$S8),1,0),IF(OR(7>=$R8,7<=$S8),1,0)))=1,"P ","")&IF(IF(OR($T8=0,$U8=0),0,IF($T8<=$U8,IF(AND(7>=$T8,7<=$U8),1,0),IF(OR(7>=$T8,7<=$U8),1,0)))=1,"H",""))) | J8: =IF(B8="","",TRIM(IF(IF(OR($P8=0,$Q8=0),0,IF($P8<=$Q8,IF(AND(8>=$P8,8<=$Q8),1,0),IF(OR(8>=$P8,8<=$Q8),1,0)))=1,"S ","")&IF(IF(OR($R8=0,$S8=0),0,IF($R8<=$S8,IF(AND(8>=$R8,8<=$S8),1,0),IF(OR(8>=$R8,8<=$S8),1,0)))=1,"P ","")&IF(IF(OR($T8=0,$U8=0),0,IF($T8<=$U8,IF(AND(8>=$T8,8<=$U8),1,0),IF(OR(8>=$T8,8<=$U8),1,0)))=1,"H",""))) | K8: =IF(B8="","",TRIM(IF(IF(OR($P8=0,$Q8=0),0,IF($P8<=$Q8,IF(AND(9>=$P8,9<=$Q8),1,0),IF(OR(9>=$P8,9<=$Q8),1,0)))=1,"S ","")&IF(IF(OR($R8=0,$S8=0),0,IF($R8<=$S8,IF(AND(9>=$R8,9<=$S8),1,0),IF(OR(9>=$R8,9<=$S8),1,0)))=1,"P ","")&IF(IF(OR($T8=0,$U8=0),0,IF($T8<=$U8,IF(AND(9>=$T8,9<=$U8),1,0),IF(OR(9>=$T8,9<=$U8),1,0)))=1,"H",""))) | L8: =IF(B8="","",TRIM(IF(IF(OR($P8=0,$Q8=0),0,IF($P8<=$Q8,IF(AND(10>=$P8,10<=$Q8),1,0),IF(OR(10>=$P8,10<=$Q8),1,0)))=1,"S ","")&IF(IF(OR($R8=0,$S8=0),0,IF($R8<=$S8,IF(AND(10>=$R8,10<=$S8),1,0),IF(OR(10>=$R8,10<=$S8),1,0)))=1,"P ","")&IF(IF(OR($T8=0,$U8=0),0,IF($T8<=$U8,IF(AND(10>=$T8,10<=$U8),1,0),IF(OR(10>=$T8,10<=$U8),1,0)))=1,"H",""))) | M8: =IF(B8="","",TRIM(IF(IF(OR($P8=0,$Q8=0),0,IF($P8<=$Q8,IF(AND(11>=$P8,11<=$Q8),1,0),IF(OR(11>=$P8,11<=$Q8),1,0)))=1,"S ","")&IF(IF(OR($R8=0,$S8=0),0,IF($R8<=$S8,IF(AND(11>=$R8,11<=$S8),1,0),IF(OR(11>=$R8,11<=$S8),1,0)))=1,"P ","")&IF(IF(OR($T8=0,$U8=0),0,IF($T8<=$U8,IF(AND(11>=$T8,11<=$U8),1,0),IF(OR(11>=$T8,11<=$U8),1,0)))=1,"H",""))) | N8: =IF(B8="","",TRIM(IF(IF(OR($P8=0,$Q8=0),0,IF($P8<=$Q8,IF(AND(12>=$P8,12<=$Q8),1,0),IF(OR(12>=$P8,12<=$Q8),1,0)))=1,"S ","")&IF(IF(OR($R8=0,$S8=0),0,IF($R8<=$S8,IF(AND(12>=$R8,12<=$S8),1,0),IF(OR(12>=$R8,12<=$S8),1,0)))=1,"P ","")&IF(IF(OR($T8=0,$U8=0),0,IF($T8<=$U8,IF(AND(12>=$T8,12<=$U8),1,0),IF(OR(12>=$T8,12<=$U8),1,0)))=1,"H",""))) | P8: =N(INDEX(Crops!$R$6:$R$65,3)) | Q8: =N(INDEX(Crops!$S$6:$S$65,3)) | R8: =N(INDEX(Crops!$T$6:$T$65,3)) | S8: =N(INDEX(Crops!$U$6:$U$65,3)) | T8: =N(INDEX(Crops!$V$6:$V$65,3)) | U8: =N(INDEX(Crops!$W$6:$W$65,3))
B9: =IF(INDEX(Crops!$B$6:$B$65,4)="","",INDEX(Crops!$B$6:$B$65,4)) | C9: =IF(B9="","",TRIM(IF(IF(OR($P9=0,$Q9=0),0,IF($P9<=$Q9,IF(AND(1>=$P9,1<=$Q9),1,0),IF(OR(1>=$P9,1<=$Q9),1,0)))=1,"S ","")&IF(IF(OR($R9=0,$S9=0),0,IF($R9<=$S9,IF(AND(1>=$R9,1<=$S9),1,0),IF(OR(1>=$R9,1<=$S9),1,0)))=1,"P ","")&IF(IF(OR($T9=0,$U9=0),0,IF($T9<=$U9,IF(AND(1>=$T9,1<=$U9),1,0),IF(OR(1>=$T9,1<=$U9),1,0)))=1,"H",""))) | D9: =IF(B9="","",TRIM(IF(IF(OR($P9=0,$Q9=0),0,IF($P9<=$Q9,IF(AND(2>=$P9,2<=$Q9),1,0),IF(OR(2>=$P9,2<=$Q9),1,0)))=1,"S ","")&IF(IF(OR($R9=0,$S9=0),0,IF($R9<=$S9,IF(AND(2>=$R9,2<=$S9),1,0),IF(OR(2>=$R9,2<=$S9),1,0)))=1,"P ","")&IF(IF(OR($T9=0,$U9=0),0,IF($T9<=$U9,IF(AND(2>=$T9,2<=$U9),1,0),IF(OR(2>=$T9,2<=$U9),1,0)))=1,"H",""))) | E9: =IF(B9="","",TRIM(IF(IF(OR($P9=0,$Q9=0),0,IF($P9<=$Q9,IF(AND(3>=$P9,3<=$Q9),1,0),IF(OR(3>=$P9,3<=$Q9),1,0)))=1,"S ","")&IF(IF(OR($R9=0,$S9=0),0,IF($R9<=$S9,IF(AND(3>=$R9,3<=$S9),1,0),IF(OR(3>=$R9,3<=$S9),1,0)))=1,"P ","")&IF(IF(OR($T9=0,$U9=0),0,IF($T9<=$U9,IF(AND(3>=$T9,3<=$U9),1,0),IF(OR(3>=$T9,3<=$U9),1,0)))=1,"H",""))) | F9: =IF(B9="","",TRIM(IF(IF(OR($P9=0,$Q9=0),0,IF($P9<=$Q9,IF(AND(4>=$P9,4<=$Q9),1,0),IF(OR(4>=$P9,4<=$Q9),1,0)))=1,"S ","")&IF(IF(OR($R9=0,$S9=0),0,IF($R9<=$S9,IF(AND(4>=$R9,4<=$S9),1,0),IF(OR(4>=$R9,4<=$S9),1,0)))=1,"P ","")&IF(IF(OR($T9=0,$U9=0),0,IF($T9<=$U9,IF(AND(4>=$T9,4<=$U9),1,0),IF(OR(4>=$T9,4<=$U9),1,0)))=1,"H",""))) | G9: =IF(B9="","",TRIM(IF(IF(OR($P9=0,$Q9=0),0,IF($P9<=$Q9,IF(AND(5>=$P9,5<=$Q9),1,0),IF(OR(5>=$P9,5<=$Q9),1,0)))=1,"S ","")&IF(IF(OR($R9=0,$S9=0),0,IF($R9<=$S9,IF(AND(5>=$R9,5<=$S9),1,0),IF(OR(5>=$R9,5<=$S9),1,0)))=1,"P ","")&IF(IF(OR($T9=0,$U9=0),0,IF($T9<=$U9,IF(AND(5>=$T9,5<=$U9),1,0),IF(OR(5>=$T9,5<=$U9),1,0)))=1,"H",""))) | H9: =IF(B9="","",TRIM(IF(IF(OR($P9=0,$Q9=0),0,IF($P9<=$Q9,IF(AND(6>=$P9,6<=$Q9),1,0),IF(OR(6>=$P9,6<=$Q9),1,0)))=1,"S ","")&IF(IF(OR($R9=0,$S9=0),0,IF($R9<=$S9,IF(AND(6>=$R9,6<=$S9),1,0),IF(OR(6>=$R9,6<=$S9),1,0)))=1,"P ","")&IF(IF(OR($T9=0,$U9=0),0,IF($T9<=$U9,IF(AND(6>=$T9,6<=$U9),1,0),IF(OR(6>=$T9,6<=$U9),1,0)))=1,"H",""))) | I9: =IF(B9="","",TRIM(IF(IF(OR($P9=0,$Q9=0),0,IF($P9<=$Q9,IF(AND(7>=$P9,7<=$Q9),1,0),IF(OR(7>=$P9,7<=$Q9),1,0)))=1,"S ","")&IF(IF(OR($R9=0,$S9=0),0,IF($R9<=$S9,IF(AND(7>=$R9,7<=$S9),1,0),IF(OR(7>=$R9,7<=$S9),1,0)))=1,"P ","")&IF(IF(OR($T9=0,$U9=0),0,IF($T9<=$U9,IF(AND(7>=$T9,7<=$U9),1,0),IF(OR(7>=$T9,7<=$U9),1,0)))=1,"H",""))) | J9: =IF(B9="","",TRIM(IF(IF(OR($P9=0,$Q9=0),0,IF($P9<=$Q9,IF(AND(8>=$P9,8<=$Q9),1,0),IF(OR(8>=$P9,8<=$Q9),1,0)))=1,"S ","")&IF(IF(OR($R9=0,$S9=0),0,IF($R9<=$S9,IF(AND(8>=$R9,8<=$S9),1,0),IF(OR(8>=$R9,8<=$S9),1,0)))=1,"P ","")&IF(IF(OR($T9=0,$U9=0),0,IF($T9<=$U9,IF(AND(8>=$T9,8<=$U9),1,0),IF(OR(8>=$T9,8<=$U9),1,0)))=1,"H",""))) | K9: =IF(B9="","",TRIM(IF(IF(OR($P9=0,$Q9=0),0,IF($P9<=$Q9,IF(AND(9>=$P9,9<=$Q9),1,0),IF(OR(9>=$P9,9<=$Q9),1,0)))=1,"S ","")&IF(IF(OR($R9=0,$S9=0),0,IF($R9<=$S9,IF(AND(9>=$R9,9<=$S9),1,0),IF(OR(9>=$R9,9<=$S9),1,0)))=1,"P ","")&IF(IF(OR($T9=0,$U9=0),0,IF($T9<=$U9,IF(AND(9>=$T9,9<=$U9),1,0),IF(OR(9>=$T9,9<=$U9),1,0)))=1,"H",""))) | L9: =IF(B9="","",TRIM(IF(IF(OR($P9=0,$Q9=0),0,IF($P9<=$Q9,IF(AND(10>=$P9,10<=$Q9),1,0),IF(OR(10>=$P9,10<=$Q9),1,0)))=1,"S ","")&IF(IF(OR($R9=0,$S9=0),0,IF($R9<=$S9,IF(AND(10>=$R9,10<=$S9),1,0),IF(OR(10>=$R9,10<=$S9),1,0)))=1,"P ","")&IF(IF(OR($T9=0,$U9=0),0,IF($T9<=$U9,IF(AND(10>=$T9,10<=$U9),1,0),IF(OR(10>=$T9,10<=$U9),1,0)))=1,"H",""))) | M9: =IF(B9="","",TRIM(IF(IF(OR($P9=0,$Q9=0),0,IF($P9<=$Q9,IF(AND(11>=$P9,11<=$Q9),1,0),IF(OR(11>=$P9,11<=$Q9),1,0)))=1,"S ","")&IF(IF(OR($R9=0,$S9=0),0,IF($R9<=$S9,IF(AND(11>=$R9,11<=$S9),1,0),IF(OR(11>=$R9,11<=$S9),1,0)))=1,"P ","")&IF(IF(OR($T9=0,$U9=0),0,IF($T9<=$U9,IF(AND(11>=$T9,11<=$U9),1,0),IF(OR(11>=$T9,11<=$U9),1,0)))=1,"H",""))) | N9: =IF(B9="","",TRIM(IF(IF(OR($P9=0,$Q9=0),0,IF($P9<=$Q9,IF(AND(12>=$P9,12<=$Q9),1,0),IF(OR(12>=$P9,12<=$Q9),1,0)))=1,"S ","")&IF(IF(OR($R9=0,$S9=0),0,IF($R9<=$S9,IF(AND(12>=$R9,12<=$S9),1,0),IF(OR(12>=$R9,12<=$S9),1,0)))=1,"P ","")&IF(IF(OR($T9=0,$U9=0),0,IF($T9<=$U9,IF(AND(12>=$T9,12<=$U9),1,0),IF(OR(12>=$T9,12<=$U9),1,0)))=1,"H",""))) | P9: =N(INDEX(Crops!$R$6:$R$65,4)) | Q9: =N(INDEX(Crops!$S$6:$S$65,4)) | R9: =N(INDEX(Crops!$T$6:$T$65,4)) | S9: =N(INDEX(Crops!$U$6:$U$65,4)) | T9: =N(INDEX(Crops!$V$6:$V$65,4)) | U9: =N(INDEX(Crops!$W$6:$W$65,4))
