Workbook

Sheet Dashboard
B2: Training dashboard
B3: The last 7 days, the last 12 weeks, your new bests and your weight.
B4: Units | C4: lb | E4: Goal weight | F4: 178
B6: Workouts, 7 days | C6: Sets, 7 days | D6: Volume, 7 days | E6: New bests, 30 days | F6: Weight now | G6: Since start | I6: To goal
B7: =COUNTIFS(Log!$V$6:$V$1505,1,Log!$B$6:$B$1505,">"&TODAY()-7,Log!$B$6:$B$1505,"<="&TODAY()) | C7: =SUMIFS(Log!$O$6:$O$1505,Log!$B$6:$B$1505,">"&TODAY()-7,Log!$B$6:$B$1505,"<="&TODAY()) | D7: =SUMIFS(Log!$P$6:$P$1505,Log!$B$6:$B$1505,">"&TODAY()-7,Log!$B$6:$B$1505,"<="&TODAY()) | E7: =COUNTIFS(Log!$S$6:$S$1505,"New best",Log!$B$6:$B$1505,">"&TODAY()-30) | F7: =IFERROR(FIXED(INDEX(Body!$C$6:$C$405,MATCH(MAX(Body!$P$6:$P$405),Body!$P$6:$P$405,0)),1)&" "&$C$4,"") | G7: =IFERROR(FIXED(INDEX(Body!$C$6:$C$405,MATCH(MAX(Body!$P$6:$P$405),Body!$P$6:$P$405,0))-INDEX(Body!$C$6:$C$405,MATCH(MIN(Body!$P$6:$P$405),Body!$P$6:$P$405,0)),1)&" "&$C$4,"") | I7: =IFERROR(IF(N($F$4)=0,"",FIXED(INDEX(Body!$C$6:$C$405,MATCH(MAX(Body!$P$6:$P$405),Body!$P$6:$P$405,0))-$F$4,1)&" "&$C$4),"")
B9: Week of | C9: Workouts | D9: Sets | E9: Volume | I9: Muscle group | J9: Sets, 7 days | K9: Sets, week before
B10: =TODAY()-WEEKDAY(TODAY(),3)-77 | C10: =COUNTIFS(Log!$V$6:$V$1505,1,Log!$W$6:$W$1505,B10) | D10: =SUMIFS(Log!$O$6:$O$1505,Log!$W$6:$W$1505,B10) | E10: =SUMIFS(Log!$P$6:$P$1505,Log!$W$6:$W$1505,B10) | I10: Chest | J10: =SUMIFS(Log!$O$6:$O$1505,Log!$U$6:$U$1505,I10,Log!$B$6:$B$1505,">"&TODAY()-7,Log!$B$6:$B$1505,"<="&TODAY()) | K10: =SUMIFS(Log!$O$6:$O$1505,Log!$U$6:$U$1505,I10,Log!$B$6:$B$1505,">"&TODAY()-14,Log!$B$6:$B$1505,"<="&TODAY()-7) | L10: =IF(N(J10)=0,"",IF(J10<10,"Low",IF(J10>20,"High","")))
B11: =TODAY()-WEEKDAY(TODAY(),3)-70 | C11: =COUNTIFS(Log!$V$6:$V$1505,1,Log!$W$6:$W$1505,B11) | D11: =SUMIFS(Log!$O$6:$O$1505,Log!$W$6:$W$1505,B11) | E11: =SUMIFS(Log!$P$6:$P$1505,Log!$W$6:$W$1505,B11) | I11: Back | J11: =SUMIFS(Log!$O$6:$O$1505,Log!$U$6:$U$1505,I11,Log!$B$6:$B$1505,">"&TODAY()-7,Log!$B$6:$B$1505,"<="&TODAY()) | K11: =SUMIFS(Log!$O$6:$O$1505,Log!$U$6:$U$1505,I11,Log!$B$6:$B$1505,">"&TODAY()-14,Log!$B$6:$B$1505,"<="&TODAY()-7) | L11: =IF(N(J11)=0,"",IF(J11<10,"Low",IF(J11>20,"High","")))
B12: =TODAY()-WEEKDAY(TODAY(),3)-63 | C12: =COUNTIFS(Log!$V$6:$V$1505,1,Log!$W$6:$W$1505,B12) | D12: =SUMIFS(Log!$O$6:$O$1505,Log!$W$6:$W$1505,B12) | E12: =SUMIFS(Log!$P$6:$P$1505,Log!$W$6:$W$1505,B12) | I12: Shoulders | J12: =SUMIFS(Log!$O$6:$O$1505,Log!$U$6:$U$1505,I12,Log!$B$6:$B$1505,">"&TODAY()-7,Log!$B$6:$B$1505,"<="&TODAY()) | K12: =SUMIFS(Log!$O$6:$O$1505,Log!$U$6:$U$1505,I12,Log!$B$6:$B$1505,">"&TODAY()-14,Log!$B$6:$B$1505,"<="&TODAY()-7) | L12: =IF(N(J12)=0,"",IF(J12<10,"Low",IF(J12>20,"High","")))
B13: =TODAY()-WEEKDAY(TODAY(),3)-56 | C13: =COUNTIFS(Log!$V$6:$V$1505,1,Log!$W$6:$W$1505,B13) | D13: =SUMIFS(Log!$O$6:$O$1505,Log!$W$6:$W$1505,B13) | E13: =SUMIFS(Log!$P$6:$P$1505,Log!$W$6:$W$1505,B13) | I13: Arms | J13: =SUMIFS(Log!$O$6:$O$1505,Log!$U$6:$U$1505,I13,Log!$B$6:$B$1505,">"&TODAY()-7,Log!$B$6:$B$1505,"<="&TODAY()) | K13: =SUMIFS(Log!$O$6:$O$1505,Log!$U$6:$U$1505,I13,Log!$B$6:$B$1505,">"&TODAY()-14,Log!$B$6:$B$1505,"<="&TODAY()-7) | L13: =IF(N(J13)=0,"",IF(J13<10,"Low",IF(J13>20,"High","")))
B14: =TODAY()-WEEKDAY(TODAY(),3)-49 | C14: =COUNTIFS(Log!$V$6:$V$1505,1,Log!$W$6:$W$1505,B14) | D14: =SUMIFS(Log!$O$6:$O$1505,Log!$W$6:$W$1505,B14) | E14: =SUMIFS(Log!$P$6:$P$1505,Log!$W$6:$W$1505,B14) | I14: Legs | J14: =SUMIFS(Log!$O$6:$O$1505,Log!$U$6:$U$1505,I14,Log!$B$6:$B$1505,">"&TODAY()-7,Log!$B$6:$B$1505,"<="&TODAY()) | K14: =SUMIFS(Log!$O$6:$O$1505,Log!$U$6:$U$1505,I14,Log!$B$6:$B$1505,">"&TODAY()-14,Log!$B$6:$B$1505,"<="&TODAY()-7) | L14: =IF(N(J14)=0,"",IF(J14<10,"Low",IF(J14>20,"High","")))
B15: =TODAY()-WEEKDAY(TODAY(),3)-42 | C15: =COUNTIFS(Log!$V$6:$V$1505,1,Log!$W$6:$W$1505,B15) | D15: =SUMIFS(Log!$O$6:$O$1505,Log!$W$6:$W$1505,B15) | E15: =SUMIFS(Log!$P$6:$P$1505,Log!$W$6:$W$1505,B15) | I15: Glutes | J15: =SUMIFS(Log!$O$6:$O$1505,Log!$U$6:$U$1505,I15,Log!$B$6:$B$1505,">"&TODAY()-7,Log!$B$6:$B$1505,"<="&TODAY()) | K15: =SUMIFS(Log!$O$6:$O$1505,Log!$U$6:$U$1505,I15,Log!$B$6:$B$1505,">"&TODAY()-14,Log!$B$6:$B$1505,"<="&TODAY()-7) | L15: =IF(N(J15)=0,"",IF(J15<10,"Low",IF(J15>20,"High","")))
B16: =TODAY()-WEEKDAY(TODAY(),3)-35 | C16: =COUNTIFS(Log!$V$6:$V$1505,1,Log!$W$6:$W$1505,B16) | D16: =SUMIFS(Log!$O$6:$O$1505,Log!$W$6:$W$1505,B16) | E16: =SUMIFS(Log!$P$6:$P$1505,Log!$W$6:$W$1505,B16) | I16: Core | J16: =SUMIFS(Log!$O$6:$O$1505,Log!$U$6:$U$1505,I16,Log!$B$6:$B$1505,">"&TODAY()-7,Log!$B$6:$B$1505,"<="&TODAY()) | K16: =SUMIFS(Log!$O$6:$O$1505,Log!$U$6:$U$1505,I16,Log!$B$6:$B$1505,">"&TODAY()-14,Log!$B$6:$B$1505,"<="&TODAY()-7) | L16: =IF(N(J16)=0,"",IF(J16<10,"Low",IF(J16>20,"High","")))
B17: =TODAY()-WEEKDAY(TODAY(),3)-28 | C17: =COUNTIFS(Log!$V$6:$V$1505,1,Log!$W$6:$W$1505,B17) | D17: =SUMIFS(Log!$O$6:$O$1505,Log!$W$6:$W$1505,B17) | E17: =SUMIFS(Log!$P$6:$P$1505,Log!$W$6:$W$1505,B17) | I17: Many programs aim for 10 to 20 hard sets per muscle group each week.
B18: =TODAY()-WEEKDAY(TODAY(),3)-21 | C18: =COUNTIFS(Log!$V$6:$V$1505,1,Log!$W$6:$W$1505,B18) | D18: =SUMIFS(Log!$O$6:$O$1505,Log!$W$6:$W$1505,B18) | E18: =SUMIFS(Log!$P$6:$P$1505,Log!$W$6:$W$1505,B18)
B19: =TODAY()-WEEKDAY(TODAY(),3)-14 | C19: =COUNTIFS(Log!$V$6:$V$1505,1,Log!$W$6:$W$1505,B19) | D19: =SUMIFS(Log!$O$6:$O$1505,Log!$W$6:$W$1505,B19) | E19: =SUMIFS(Log!$P$6:$P$1505,Log!$W$6:$W$1505,B19) | I19: New bests | J19: Best set | K19: Est. max | L19: Date
B20: =TODAY()-WEEKDAY(TODAY(),3)-7 | C20: =COUNTIFS(Log!$V$6:$V$1505,1,Log!$W$6:$W$1505,B20) | D20: =SUMIFS(Log!$O$6:$O$1505,Log!$W$6:$W$1505,B20) | E20: =SUMIFS(Log!$P$6:$P$1505,Log!$W$6:$W$1505,B20) | I20: =IF(O20="","",INDEX(Log!$D$6:$D$1505,MATCH(O20,Log!$AC$6:$AC$1505,0))) | J20: =IF(O20="","",INDEX(Log!$Q$6:$Q$1505,MATCH(O20,Log!$AC$6:$AC$1505,0))) | K20: =IF(O20="","",INDEX(Log!$R$6:$R$1505,MATCH(O20,Log!$AC$6:$AC$1505,0))) | L20: =IF(O20="","",INT(O20)) | O20: =IFERROR(LARGE(Log!$AC$6:$AC$1505,1),"")
B21: =TODAY()-WEEKDAY(TODAY(),3)-0 | C21: =COUNTIFS(Log!$V$6:$V$1505,1,Log!$W$6:$W$1505,B21) | D21: =SUMIFS(Log!$O$6:$O$1505,Log!$W$6:$W$1505,B21) | E21: =SUMIFS(Log!$P$6:$P$1505,Log!$W$6:$W$1505,B21) | I21: =IF(O21="","",INDEX(Log!$D$6:$D$1505,MATCH(O21,Log!$AC$6:$AC$1505,0))) | J21: =IF(O21="","",INDEX(Log!$Q$6:$Q$1505,MATCH(O21,Log!$AC$6:$AC$1505,0))) | K21: =IF(O21="","",INDEX(Log!$R$6:$R$1505,MATCH(O21,Log!$AC$6:$AC$1505,0))) | L21: =IF(O21="","",INT(O21)) | O21: =IFERROR(LARGE(Log!$AC$6:$AC$1505,2),"")
I22: =IF(O22="","",INDEX(Log!$D$6:$D$1505,MATCH(O22,Log!$AC$6:$AC$1505,0))) | J22: =IF(O22="","",INDEX(Log!$Q$6:$Q$1505,MATCH(O22,Log!$AC$6:$AC$1505,0))) | K22: =IF(O22="","",INDEX(Log!$R$6:$R$1505,MATCH(O22,Log!$AC$6:$AC$1505,0))) | L22: =IF(O22="","",INT(O22)) | O22: =IFERROR(LARGE(Log!$AC$6:$AC$1505,3),"")
I23: =IF(O23="","",INDEX(Log!$D$6:$D$1505,MATCH(O23,Log!$AC$6:$AC$1505,0))) | J23: =IF(O23="","",INDEX(Log!$Q$6:$Q$1505,MATCH(O23,Log!$AC$6:$AC$1505,0))) | K23: =IF(O23="","",INDEX(Log!$R$6:$R$1505,MATCH(O23,Log!$AC$6:$AC$1505,0))) | L23: =IF(O23="","",INT(O23)) | O23: =IFERROR(LARGE(Log!$AC$6:$AC$1505,4),"")
I24: =IF(O24="","",INDEX(Log!$D$6:$D$1505,MATCH(O24,Log!$AC$6:$AC$1505,0))) | J24: =IF(O24="","",INDEX(Log!$Q$6:$Q$1505,MATCH(O24,Log!$AC$6:$AC$1505,0))) | K24: =IF(O24="","",INDEX(Log!$R$6:$R$1505,MATCH(O24,Log!$AC$6:$AC$1505,0))) | L24: =IF(O24="","",INT(O24)) | O24: =IFERROR(LARGE(Log!$AC$6:$AC$1505,5),"")
I25: =IF(O25="","",INDEX(Log!$D$6:$D$1505,MATCH(O25,Log!$AC$6:$AC$1505,0))) | J25: =IF(O25="","",INDEX(Log!$Q$6:$Q$1505,MATCH(O25,Log!$AC$6:$AC$1505,0))) | K25: =IF(O25="","",INDEX(Log!$R$6:$R$1505,MATCH(O25,Log!$AC$6:$AC$1505,0))) | L25: =IF(O25="","",INT(O25)) | O25: =IFERROR(LARGE(Log!$AC$6:$AC$1505,6),"")

Sheet Log
B2: Workout log
B3: One line per exercise, with up to five sets. For a bodyweight exercise leave the weight empty.
B5: Date | C5: Workout | D5: Exercise | E5: Set 1 | F5: Reps | G5: Set 2 | H5: Reps | I5: Set 3 | J5: Reps | K5: Set 4 | L5: Reps | M5: Set 5 | N5: Reps | O5: Sets | P5: Volume | Q5: Best set | R5: Est. max | S5: New best | T5: Note
B6: 46209 | C6: Push | D6: Bench press | E6: 135 | F6: 7 | G6: 135 | H6: 7 | I6: 135 | J6: 6 | K6: 135 | L6: 6 | O6: =IF(D6="","",COUNT(F6,H6,J6,L6,N6)) | P6: =IF(D6="","",N(E6)*N(F6)+N(G6)*N(H6)+N(I6)*N(J6)+N(K6)*N(L6)+N(M6)*N(N6)) | Q6: =IF(N(X6)=0,"",IF(IF(N(F6)=0,0,IF(N(E6)>0,E6*(1+F6/30),F6))=X6,IF(N(E6)>0,E6&" x "&F6,F6&" reps"),IF(IF(N(H6)=0,0,IF(N(G6)>0,G6*(1+H6/30),H6))=X6,IF(N(G6)>0,G6&" x "&H6,H6&" reps"),IF(IF(N(J6)=0,0,IF(N(I6)>0,I6*(1+J6/30),J6))=X6,IF(N(I6)>0,I6&" x "&J6,J6&" reps"),IF(IF(N(L6)=0,0,IF(N(K6)>0,K6*(1+L6/30),L6))=X6,IF(N(K6)>0,K6&" x "&L6,L6&" reps"),IF(IF(N(N6)=0,0,IF(N(M6)>0,M6*(1+N6/30),N6))=X6,IF(N(M6)>0,M6&" x "&N6,N6&" reps"),"")))))) | R6: =IF(N(X6)=0,"",ROUND(X6,1)) | S6: =IF(N(X6)=0,"",IF(AND(COUNTIFS(Log!$D$6:$D$1505,D6,Log!$B$6:$B$1505,"<"&B6)>0,COUNTIFS(Log!$D$6:$D$1505,D6,Log!$B$6:$B$1505,"<"&B6,Log!$X$6:$X$1505,">="&X6)=0),"New best","")) | U6: =IF(D6="","",IFERROR(INDEX(Exercises!$C$6:$C$105,MATCH(D6,Exercises!$B$6:$B$105,0)),"Other")) | V6: =IF(B6="","",IF(COUNTIF($B$6:B6,B6)=1,1,0)) | W6: =IF(B6="","",B6-WEEKDAY(B6,3)) | X6: =IF(D6="","",MAX(IF(N(F6)=0,0,IF(N(E6)>0,E6*(1+F6/30),F6)),IF(N(H6)=0,0,IF(N(G6)>0,G6*(1+H6/30),H6)),IF(N(J6)=0,0,IF(N(I6)>0,I6*(1+J6/30),J6)),IF(N(L6)=0,0,IF(N(K6)>0,K6*(1+L6/30),L6)),IF(N(N6)=0,0,IF(N(M6)>0,M6*(1+N6/30),N6)))) | Y6: =IF(N(X6)=0,"",X6+ROW()/1000000000) | Z6: =IF(Y6="","",IF(COUNTIFS(Log!$D$6:$D$1505,D6,Log!$Y$6:$Y$1505,">"&Y6)=0,1,0)) | AA6: =IF(OR(B6="",D6=""),"",B6+ROW()/10000000) | AB6: =IF(AA6="","",IF(COUNTIFS(Log!$D$6:$D$1505,D6,Log!$AA$6:$AA$1505,">"&AA6)=0,1,0)) | AC6: =IF(S6="New best",AA6,"") | AD6: =ROW()
B7: 46209 | C7: Push | D7: Overhead press | E7: 85 | F7: 10 | G7: 85 | H7: 9 | I7: 85 | J7: 8 | O7: =IF(D7="","",COUNT(F7,H7,J7,L7,N7)) | P7: =IF(D7="","",N(E7)*N(F7)+N(G7)*N(H7)+N(I7)*N(J7)+N(K7)*N(L7)+N(M7)*N(N7)) | Q7: =IF(N(X7)=0,"",IF(IF(N(F7)=0,0,IF(N(E7)>0,E7*(1+F7/30),F7))=X7,IF(N(E7)>0,E7&" x "&F7,F7&" reps"),IF(IF(N(H7)=0,0,IF(N(G7)>0,G7*(1+H7/30),H7))=X7,IF(N(G7)>0,G7&" x "&H7,H7&" reps"),IF(IF(N(J7)=0,0,IF(N(I7)>0,I7*(1+J7/30),J7))=X7,IF(N(I7)>0,I7&" x "&J7,J7&" reps"),IF(IF(N(L7)=0,0,IF(N(K7)>0,K7*(1+L7/30),L7))=X7,IF(N(K7)>0,K7&" x "&L7,L7&" reps"),IF(IF(N(N7)=0,0,IF(N(M7)>0,M7*(1+N7/30),N7))=X7,IF(N(M7)>0,M7&" x "&N7,N7&" reps"),"")))))) | R7: =IF(N(X7)=0,"",ROUND(X7,1)) | S7: =IF(N(X7)=0,"",IF(AND(COUNTIFS(Log!$D$6:$D$1505,D7,Log!$B$6:$B$1505,"<"&B7)>0,COUNTIFS(Log!$D$6:$D$1505,D7,Log!$B$6:$B$1505,"<"&B7,Log!$X$6:$X$1505,">="&X7)=0),"New best","")) | T7: Short on time | U7: =IF(D7="","",IFERROR(INDEX(Exercises!$C$6:$C$105,MATCH(D7,Exercises!$B$6:$B$105,0)),"Other")) | V7: =IF(B7="","",IF(COUNTIF($B$6:B7,B7)=1,1,0)) | W7: =IF(B7="","",B7-WEEKDAY(B7,3)) | X7: =IF(D7="","",MAX(IF(N(F7)=0,0,IF(N(E7)>0,E7*(1+F7/30),F7)),IF(N(H7)=0,0,IF(N(G7)>0,G7*(1+H7/30),H7)),IF(N(J7)=0,0,IF(N(I7)>0,I7*(1+J7/30),J7)),IF(N(L7)=0,0,IF(N(K7)>0,K7*(1+L7/30),L7)),IF(N(N7)=0,0,IF(N(M7)>0,M7*(1+N7/30),N7)))) | Y7: =IF(N(X7)=0,"",X7+ROW()/1000000000) | Z7: =IF(Y7="","",IF(COUNTIFS(Log!$D$6:$D$1505,D7,Log!$Y$6:$Y$1505,">"&Y7)=0,1,0)) | AA7: =IF(OR(B7="",D7=""),"",B7+ROW()/10000000) | AB7: =IF(AA7="","",IF(COUNTIFS(Log!$D$6:$D$1505,D7,Log!$AA$6:$AA$1505,">"&AA7)=0,1,0)) | AC7: =IF(S7="New best",AA7,"") | AD7: =ROW()
B8: 46209 | C8: Push | D8: Incline dumbbell press | E8: 45 | F8: 12 | G8: 45 | H8: 10 | I8: 45 | J8: 10 | O8: =IF(D8="","",COUNT(F8,H8,J8,L8,N8)) | P8: =IF(D8="","",N(E8)*N(F8)+N(G8)*N(H8)+N(I8)*N(J8)+N(K8)*N(L8)+N(M8)*N(N8)) | Q8: =IF(N(X8)=0,"",IF(IF(N(F8)=0,0,IF(N(E8)>0,E8*(1+F8/30),F8))=X8,IF(N(E8)>0,E8&" x "&F8,F8&" reps"),IF(IF(N(H8)=0,0,IF(N(G8)>0,G8*(1+H8/30),H8))=X8,IF(N(G8)>0,G8&" x "&H8,H8&" reps"),IF(IF(N(J8)=0,0,IF(N(I8)>0,I8*(1+J8/30),J8))=X8,IF(N(I8)>0,I8&" x "&J8,J8&" reps"),IF(IF(N(L8)=0,0,IF(N(K8)>0,K8*(1+L8/30),L8))=X8,IF(N(K8)>0,K8&" x "&L8,L8&" reps"),IF(IF(N(N8)=0,0,IF(N(M8)>0,M8*(1+N8/30),N8))=X8,IF(N(M8)>0,M8&" x "&N8,N8&" reps"),"")))))) | R8: =IF(N(X8)=0,"",ROUND(X8,1)) | S8: =IF(N(X8)=0,"",IF(AND(COUNTIFS(Log!$D$6:$D$1505,D8,Log!$B$6:$B$1505,"<"&B8)>0,COUNTIFS(Log!$D$6:$D$1505,D8,Log!$B$6:$B$1505,"<"&B8,Log!$X$6:$X$1505,">="&X8)=0),"New best","")) | U8: =IF(D8="","",IFERROR(INDEX(Exercises!$C$6:$C$105,MATCH(D8,Exercises!$B$6:$B$105,0)),"Other")) | V8: =IF(B8="","",IF(COUNTIF($B$6:B8,B8)=1,1,0)) | W8: =IF(B8="","",B8-WEEKDAY(B8,3)) | X8: =IF(D8="","",MAX(IF(N(F8)=0,0,IF(N(E8)>0,E8*(1+F8/30),F8)),IF(N(H8)=0,0,IF(N(G8)>0,G8*(1+H8/30),H8)),IF(N(J8)=0,0,IF(N(I8)>0,I8*(1+J8/30),J8)),IF(N(L8)=0,0,IF(N(K8)>0,K8*(1+L8/30),L8)),IF(N(N8)=0,0,IF(N(M8)>0,M8*(1+N8/30),N8)))) | Y8: =IF(N(X8)=0,"",X8+ROW()/1000000000) | Z8: =IF(Y8="","",IF(COUNTIFS(Log!$D$6:$D$1505,D8,Log!$Y$6:$Y$1505,">"&Y8)=0,1,0)) | AA8: =IF(OR(B8="",D8=""),"",B8+ROW()/10000000) | AB8: =IF(AA8="","",IF(COUNTIFS(Log!$D$6:$D$1505,D8,Log!$AA$6:$AA$1505,">"&AA8)=0,1,0)) | AC8: =IF(S8="New best",AA8,"") | AD8: =ROW()
B9: 46209 | C9: Push | D9: Lateral raise | E9: 15 | F9: 15 | G9: 15 | H9: 14 | I9: 15 | J9: 12 | O9: =IF(D9="","",COUNT(F9,H9,J9,L9,N9)) | P9: =IF(D9="","",N(E9)*N(F9)+N(G9)*N(H9)+N(I9)*N(J9)+N(K9)*N(L9)+N(M9)*N(N9)) | Q9: =IF(N(X9)=0,"",IF(IF(N(F9)=0,0,IF(N(E9)>0,E9*(1+F9/30),F9))=X9,IF(N(E9)>0,E9&" x "&F9,F9&" reps"),IF(IF(N(H9)=0,0,IF(N(G9)>0,G9*(1+H9/30),H9))=X9,IF(N(G9)>0,G9&" x "&H9,H9&" reps"),IF(IF(N(J9)=0,0,IF(N(I9)>0,I9*(1+J9/30),J9))=X9,IF(N(I9)>0,I9&" x "&J9,J9&" reps"),IF(IF(N(L9)=0,0,IF(N(K9)>0,K9*(1+L9/30),L9))=X9,IF(N(K9)>0,K9&" x "&L9,L9&" reps"),IF(IF(N(N9)=0,0,IF(N(M9)>0,M9*(1+N9/30),N9))=X9,IF(N(M9)>0,M9&" x "&N9,N9&" reps"),"")))))) | R9: =IF(N(X9)=0,"",ROUND(X9,1)) | S9: =IF(N(X9)=0,"",IF(AND(COUNTIFS(Log!$D$6:$D$1505,D9,Log!$B$6:$B$1505,"<"&B9)>0,COUNTIFS(Log!$D$6:$D$1505,D9,Log!$B$6:$B$1505,"<"&B9,Log!$X$6:$X$1505,">="&X9)=0),"New best","")) | U9: =IF(D9="","",IFERROR(INDEX(Exercises!$C$6:$C$105,MATCH(D9,Exercises!$B$6:$B$105,0)),"Other")) | V9: =IF(B9="","",IF(COUNTIF($B$6:B9,B9)=1,1,0)) | W9: =IF(B9="","",B9-WEEKDAY(B9,3)) | X9: =IF(D9="","",MAX(IF(N(F9)=0,0,IF(N(E9)>0,E9*(1+F9/30),F9)),IF(N(H9)=0,0,IF(N(G9)>0,G9*(1+H9/30),H9)),IF(N(J9)=0,0,IF(N(I9)>0,I9*(1+J9/30),J9)),IF(N(L9)=0,0,IF(N(K9)>0,K9*(1+L9/30),L9)),IF(N(N9)=0,0,IF(N(M9)>0,M9*(1+N9/30),N9)))) | Y9: =IF(N(X9)=0,"",X9+ROW()/1000000000) | Z9: =IF(Y9="","",IF(COUNTIFS(Log!$D$6:$D$1505,D9,Log!$Y$6:$Y$1505,">"&Y9)=0,1,0)) | AA9: =IF(OR(B9="",D9=""),"",B9+ROW()/10000000) | AB9: =IF(AA9="","",IF(COUNTIFS(Log!$D$6:$D$1505,D9,Log!$AA$6:$AA$1505,">"&AA9)=0,1,0)) | AC9: =IF(S9="New best",AA9,"") | AD9: =ROW()
B10: 46209 | C10: Push | D10: Triceps pushdown | E10: 40 | F10: 12 | G10: 40 | H10: 10 | I10: 40 | J10: 10 | O10: =IF(D10="","",COUNT(F10,H10,J10,L10,N10)) | P10: =IF(D10="","",N(E10)*N(F10)+N(G10)*N(H10)+N(I10)*N(J10)+N(K10)*N(L10)+N(M10)*N(N10)) | Q10: =IF(N(X10)=0,"",IF(IF(N(F10)=0,0,IF(N(E10)>0,E10*(1+F10/30),F10))=X10,IF(N(E10)>0,E10&" x "&F10,F10&" reps"),IF(IF(N(H10)=0,0,IF(N(G10)>0,G10*(1+H10/30),H10))=X10,IF(N(G10)>0,G10&" x "&H10,H10&" reps"),IF(IF(N(J10)=0,0,IF(N(I10)>0,I10*(1+J10/30),J10))=X10,IF(N(I10)>0,I10&" x "&J10,J10&" reps"),IF(IF(N(L10)=0,0,IF(N(K10)>0,K10*(1+L10/30),L10))=X10,IF(N(K10)>0,K10&" x "&L10,L10&" reps"),IF(IF(N(N10)=0,0,IF(N(M10)>0,M10*(1+N10/30),N10))=X10,IF(N(M10)>0,M10&" x "&N10,N10&" reps"),"")))))) | R10: =IF(N(X10)=0,"",ROUND(X10,1)) | S10: =IF(N(X10)=0,"",IF(AND(COUNTIFS(Log!$D$6:$D$1505,D10,Log!$B$6:$B$1505,"<"&B10)>0,COUNTIFS(Log!$D$6:$D$1505,D10,Log!$B$6:$B$1505,"<"&B10,Log!$X$6:$X$1505,">="&X10)=0),"New best","")) | U10: =IF(D10="","",IFERROR(INDEX(Exercises!$C$6:$C$105,MATCH(D10,Exercises!$B$6:$B$105,0)),"Other")) | V10: =IF(B10="","",IF(COUNTIF($B$6:B10,B10)=1,1,0)) | W10: =IF(B10="","",B10-WEEKDAY(B10,3)) | X10: =IF(D10="","",MAX(IF(N(F10)=0,0,IF(N(E10)>0,E10*(1+F10/30),F10)),IF(N(H10)=0,0,IF(N(G10)>0,G10*(1+H10/30),H10)),IF(N(J10)=0,0,IF(N(I10)>0,I10*(1+J10/30),J10)),IF(N(L10)=0,0,IF(N(K10)>0,K10*(1+L10/30),L10)),IF(N(N10)=0,0,IF(N(M10)>0,M10*(1+N10/30),N10)))) | Y10: =IF(N(X10)=0,"",X10+ROW()/1000000000) | Z10: =IF(Y10="","",IF(COUNTIFS(Log!$D$6:$D$1505,D10,Log!$Y$6:$Y$1505,">"&Y10)=0,1,0)) | AA10: =IF(OR(B10="",D10=""),"",B10+ROW()/10000000) | AB10: =IF(AA10="","",IF(COUNTIFS(Log!$D$6:$D$1505,D10,Log!$AA$6:$AA$1505,">"&AA10)=0,1,0)) | AC10: =IF(S10="New best",AA10,"") | AD10: =ROW()
B11: 46210 | C11: Pull | D11: Deadlift | E11: 225 | F11: 5 | G11: 225 | H11: 5 | I11: 225 | J11: 5 | O11: =IF(D11="","",COUNT(F11,H11,J11,L11,N11)) | P11: =IF(D11="","",N(E11)*N(F11)+N(G11)*N(H11)+N(I11)*N(J11)+N(K11)*N(L11)+N(M11)*N(N11)) | Q11: =IF(N(X11)=0,"",IF(IF(N(F11)=0,0,IF(N(E11)>0,E11*(1+F11/30),F11))=X11,IF(N(E11)>0,E11&" x "&F11,F11&" reps"),IF(IF(N(H11)=0,0,IF(N(G11)>0,G11*(1+H11/30),H11))=X11,IF(N(G11)>0,G11&" x "&H11,H11&" reps"),IF(IF(N(J11)=0,0,IF(N(I11)>0,I11*(1+J11/30),J11))=X11,IF(N(I11)>0,I11&" x "&J11,J11&" reps"),IF(IF(N(L11)=0,0,IF(N(K11)>0,K11*(1+L11/30),L11))=X11,IF(N(K11)>0,K11&" x "&L11,L11&" reps"),IF(IF(N(N11)=0,0,IF(N(M11)>0,M11*(1+N11/30),N11))=X11,IF(N(M11)>0,M11&" x "&N11,N11&" reps"),"")))))) | R11: =IF(N(X11)=0,"",ROUND(X11,1)) | S11: =IF(N(X11)=0,"",IF(AND(COUNTIFS(Log!$D$6:$D$1505,D11,Log!$B$6:$B$1505,"<"&B11)>0,COUNTIFS(Log!$D$6:$D$1505,D11,Log!$B$6:$B$1505,"<"&B11,Log!$X$6:$X$1505,">="&X11)=0),"New best","")) | U11: =IF(D11="","",IFERROR(INDEX(Exercises!$C$6:$C$105,MATCH(D11,Exercises!$B$6:$B$105,0)),"Other")) | V11: =IF(B11="","",IF(COUNTIF($B$6:B11,B11)=1,1,0)) | W11: =IF(B11="","",B11-WEEKDAY(B11,3)) | X11: =IF(D11="","",MAX(IF(N(F11)=0,0,IF(N(E11)>0,E11*(1+F11/30),F11)),IF(N(H11)=0,0,IF(N(G11)>0,G11*(1+H11/30),H11)),IF(N(J11)=0,0,IF(N(I11)>0,I11*(1+J11/30),J11)),IF(N(L11)=0,0,IF(N(K11)>0,K11*(1+L11/30),L11)),IF(N(N11)=0,0,IF(N(M11)>0,M11*(1+N11/30),N11)))) | Y11: =IF(N(X11)=0,"",X11+ROW()/1000000000) | Z11: =IF(Y11="","",IF(COUNTIFS(Log!$D$6:$D$1505,D11,Log!$Y$6:$Y$1505,">"&Y11)=0,1,0)) | AA11: =IF(OR(B11="",D11=""),"",B11+ROW()/10000000) | AB11: =IF(AA11="","",IF(COUNTIFS(Log!$D$6:$D$1505,D11,Log!$AA$6:$AA$1505,">"&AA11)=0,1,0)) | AC11: =IF(S11="New best",AA11,"") | AD11: =ROW()
B12: 46210 | C12: Pull | D12: Pull-up | F12: 6 | H12: 5 | J12: 4 | O12: =IF(D12="","",COUNT(F12,H12,J12,L12,N12)) | P12: =IF(D12="","",N(E12)*N(F12)+N(G12)*N(H12)+N(I12)*N(J12)+N(K12)*N(L12)+N(M12)*N(N12)) | Q12: =IF(N(X12)=0,"",IF(IF(N(F12)=0,0,IF(N(E12)>0,E12*(1+F12/30),F12))=X12,IF(N(E12)>0,E12&" x "&F12,F12&" reps"),IF(IF(N(H12)=0,0,IF(N(G12)>0,G12*(1+H12/30),H12))=X12,IF(N(G12)>0,G12&" x "&H12,H12&" reps"),IF(IF(N(J12)=0,0,IF(N(I12)>0,I12*(1+J12/30),J12))=X12,IF(N(I12)>0,I12&" x "&J12,J12&" reps"),IF(IF(N(L12)=0,0,IF(N(K12)>0,K12*(1+L12/30),L12))=X12,IF(N(K12)>0,K12&" x "&L12,L12&" reps"),IF(IF(N(N12)=0,0,IF(N(M12)>0,M12*(1+N12/30),N12))=X12,IF(N(M12)>0,M12&" x "&N12,N12&" reps"),"")))))) | R12: =IF(N(X12)=0,"",ROUND(X12,1)) | S12: =IF(N(X12)=0,"",IF(AND(COUNTIFS(Log!$D$6:$D$1505,D12,Log!$B$6:$B$1505,"<"&B12)>0,COUNTIFS(Log!$D$6:$D$1505,D12,Log!$B$6:$B$1505,"<"&B12,Log!$X$6:$X$1505,">="&X12)=0),"New best","")) | U12: =IF(D12="","",IFERROR(INDEX(Exercises!$C$6:$C$105,MATCH(D12,Exercises!$B$6:$B$105,0)),"Other")) | V12: =IF(B12="","",IF(COUNTIF($B$6:B12,B12)=1,1,0)) | W12: =IF(B12="","",B12-WEEKDAY(B12,3)) | X12: =IF(D12="","",MAX(IF(N(F12)=0,0,IF(N(E12)>0,E12*(1+F12/30),F12)),IF(N(H12)=0,0,IF(N(G12)>0,G12*(1+H12/30),H12)),IF(N(J12)=0,0,IF(N(I12)>0,I12*(1+J12/30),J12)),IF(N(L12)=0,0,IF(N(K12)>0,K12*(1+L12/30),L12)),IF(N(N12)=0,0,IF(N(M12)>0,M12*(1+N12/30),N12)))) | Y12: =IF(N(X12)=0,"",X12+ROW()/1000000000) | Z12: =IF(Y12="","",IF(COUNTIFS(Log!$D$6:$D$1505,D12,Log!$Y$6:$Y$1505,">"&Y12)=0,1,0)) | AA12: =IF(OR(B12="",D12=""),"",B12+ROW()/10000000) | AB12: =IF(AA12="","",IF(COUNTIFS(Log!$D$6:$D$1505,D12,Log!$AA$6:$AA$1505,">"&AA12)=0,1,0)) | AC12: =IF(S12="New best",AA12,"") | AD12: =ROW()
B13: 46210 | C13: Pull | D13: Barbell row | E13: 115 | F13: 10 | G13: 115 | H13: 8 | I13: 115 | J13: 8 | O13: =IF(D13="","",COUNT(F13,H13,J13,L13,N13)) | P13: =IF(D13="","",N(E13)*N(F13)+N(G13)*N(H13)+N(I13)*N(J13)+N(K13)*N(L13)+N(M13)*N(N13)) | Q13: =IF(N(X13)=0,"",IF(IF(N(F13)=0,0,IF(N(E13)>0,E13*(1+F13/30),F13))=X13,IF(N(E13)>0,E13&" x "&F13,F13&" reps"),IF(IF(N(H13)=0,0,IF(N(G13)>0,G13*(1+H13/30),H13))=X13,IF(N(G13)>0,G13&" x "&H13,H13&" reps"),IF(IF(N(J13)=0,0,IF(N(I13)>0,I13*(1+J13/30),J13))=X13,IF(N(I13)>0,I13&" x "&J13,J13&" reps"),IF(IF(N(L13)=0,0,IF(N(K13)>0,K13*(1+L13/30),L13))=X13,IF(N(K13)>0,K13&" x "&L13,L13&" reps"),IF(IF(N(N13)=0,0,IF(N(M13)>0,M13*(1+N13/30),N13))=X13,IF(N(M13)>0,M13&" x "&N13,N13&" reps"),"")))))) | R13: =IF(N(X13)=0,"",ROUND(X13,1)) | S13: =IF(N(X13)=0,"",IF(AND(COUNTIFS(Log!$D$6:$D$1505,D13,Log!$B$6:$B$1505,"<"&B13)>0,COUNTIFS(Log!$D$6:$D$1505,D13,Log!$B$6:$B$1505,"<"&B13,Log!$X$6:$X$1505,">="&X13)=0),"New best","")) | U13: =IF(D13="","",IFERROR(INDEX(Exercises!$C$6:$C$105,MATCH(D13,Exercises!$B$6:$B$105,0)),"Other")) | V13: =IF(B13="","",IF(COUNTIF($B$6:B13,B13)=1,1,0)) | W13: =IF(B13="","",B13-WEEKDAY(B13,3)) | X13: =IF(D13="","",MAX(IF(N(F13)=0,0,IF(N(E13)>0,E13*(1+F13/30),F13)),IF(N(H13)=0,0,IF(N(G13)>0,G13*(1+H13/30),H13)),IF(N(J13)=0,0,IF(N(I13)>0,I13*(1+J13/30),J13)),IF(N(L13)=0,0,IF(N(K13)>0,K13*(1+L13/30),L13)),IF(N(N13)=0,0,IF(N(M13)>0,M13*(1+N13/30),N13)))) | Y13: =IF(N(X13)=0,"",X13+ROW()/1000000000) | Z13: =IF(Y13="","",IF(COUNTIFS(Log!$D$6:$D$1505,D13,Log!$Y$6:$Y$1505,">"&Y13)=0,1,0)) | AA13: =IF(OR(B13="",D13=""),"",B13+ROW()/10000000) | AB13: =IF(AA13="","",IF(COUNTIFS(Log!$D$6:$D$1505,D13,Log!$AA$6:$AA$1505,">"&AA13)=0,1,0)) | AC13: =IF(S13="New best",AA13,"") | AD13: =ROW()
B14: 46210 | C14: Pull | D14: Lat pulldown | E14: 100 | F14: 12 | G14: 100 | H14: 11 | I14: 100 | J14: 10 | O14: =IF(D14="","",COUNT(F14,H14,J14,L14,N14)) | P14: =IF(D14="","",N(E14)*N(F14)+N(G14)*N(H14)+N(I14)*N(J14)+N(K14)*N(L14)+N(M14)*N(N14)) | Q14: =IF(N(X14)=0,"",IF(IF(N(F14)=0,0,IF(N(E14)>0,E14*(1+F14/30),F14))=X14,IF(N(E14)>0,E14&" x "&F14,F14&" reps"),IF(IF(N(H14)=0,0,IF(N(G14)>0,G14*(1+H14/30),H14))=X14,IF(N(G14)>0,G14&" x "&H14,H14&" reps"),IF(IF(N(J14)=0,0,IF(N(I14)>0,I14*(1+J14/30),J14))=X14,IF(N(I14)>0,I14&" x "&J14,J14&" reps"),IF(IF(N(L14)=0,0,IF(N(K14)>0,K14*(1+L14/30),L14))=X14,IF(N(K14)>0,K14&" x "&L14,L14&" reps"),IF(IF(N(N14)=0,0,IF(N(M14)>0,M14*(1+N14/30),N14))=X14,IF(N(M14)>0,M14&" x "&N14,N14&" reps"),"")))))) | R14: =IF(N(X14)=0,"",ROUND(X14,1)) | S14: =IF(N(X14)=0,"",IF(AND(COUNTIFS(Log!$D$6:$D$1505,D14,Log!$B$6:$B$1505,"<"&B14)>0,COUNTIFS(Log!$D$6:$D$1505,D14,Log!$B$6:$B$1505,"<"&B14,Log!$X$6:$X$1505,">="&X14)=0),"New best","")) | U14: =IF(D14="","",IFERROR(INDEX(Exercises!$C$6:$C$105,MATCH(D14,Exercises!$B$6:$B$105,0)),"Other")) | V14: =IF(B14="","",IF(COUNTIF($B$6:B14,B14)=1,1,0)) | W14: =IF(B14="","",B14-WEEKDAY(B14,3)) | X14: =IF(D14="","",MAX(IF(N(F14)=0,0,IF(N(E14)>0,E14*(1+F14/30),F14)),IF(N(H14)=0,0,IF(N(G14)>0,G14*(1+H14/30),H14)),IF(N(J14)=0,0,IF(N(I14)>0,I14*(1+J14/30),J14)),IF(N(L14)=0,0,IF(N(K14)>0,K14*(1+L14/30),L14)),IF(N(N14)=0,0,IF(N(M14)>0,M14*(1+N14/30),N14)))) | Y14: =IF(N(X14)=0,"",X14+ROW()/1000000000) | Z14: =IF(Y14="","",IF(COUNTIFS(Log!$D$6:$D$1505,D14,Log!$Y$6:$Y$1505,">"&Y14)=0,1,0)) | AA14: =IF(OR(B14="",D14=""),"",B14+ROW()/10000000) | AB14: =IF(AA14="","",IF(COUNTIFS(Log!$D$6:$D$1505,D14,Log!$AA$6:$AA$1505,">"&AA14)=0,1,0)) | AC14: =IF(S14="New best",AA14,"") | AD14: =ROW()
B15: 46210 | C15: Pull | D15: Biceps curl | E15: 25 | F15: 11 | G15: 25 | H15: 11 | I15: 25 | J15: 10 | O15: =IF(D15="","",COUNT(F15,H15,J15,L15,N15)) | P15: =IF(D15="","",N(E15)*N(F15)+N(G15)*N(H15)+N(I15)*N(J15)+N(K15)*N(L15)+N(M15)*N(N15)) | Q15: =IF(N(X15)=0,"",IF(IF(N(F15)=0,0,IF(N(E15)>0,E15*(1+F15/30),F15))=X15,IF(N(E15)>0,E15&" x "&F15,F15&" reps"),IF(IF(N(H15)=0,0,IF(N(G15)>0,G15*(1+H15/30),H15))=X15,IF(N(G15)>0,G15&" x "&H15,H15&" reps"),IF(IF(N(J15)=0,0,IF(N(I15)>0,I15*(1+J15/30),J15))=X15,IF(N(I15)>0,I15&" x "&J15,J15&" reps"),IF(IF(N(L15)=0,0,IF(N(K15)>0,K15*(1+L15/30),L15))=X15,IF(N(K15)>0,K15&" x "&L15,L15&" reps"),IF(IF(N(N15)=0,0,IF(N(M15)>0,M15*(1+N15/30),N15))=X15,IF(N(M15)>0,M15&" x "&N15,N15&" reps"),"")))))) | R15: =IF(N(X15)=0,"",ROUND(X15,1)) | S15: =IF(N(X15)=0,"",IF(AND(COUNTIFS(Log!$D$6:$D$1505,D15,Log!$B$6:$B$1505,"<"&B15)>0,COUNTIFS(Log!$D$6:$D$1505,D15,Log!$B$6:$B$1505,"<"&B15,Log!$X$6:$X$1505,">="&X15)=0),"New best","")) | U15: =IF(D15="","",IFERROR(INDEX(Exercises!$C$6:$C$105,MATCH(D15,Exercises!$B$6:$B$105,0)),"Other")) | V15: =IF(B15="","",IF(COUNTIF($B$6:B15,B15)=1,1,0)) | W15: =IF(B15="","",B15-WEEKDAY(B15,3)) | X15: =IF(D15="","",MAX(IF(N(F15)=0,0,IF(N(E15)>0,E15*(1+F15/30),F15)),IF(N(H15)=0,0,IF(N(G15)>0,G15*(1+H15/30),H15)),IF(N(J15)=0,0,IF(N(I15)>0,I15*(1+J15/30),J15)),IF(N(L15)=0,0,IF(N(K15)>0,K15*(1+L15/30),L15)),IF(N(N15)=0,0,IF(N(M15)>0,M15*(1+N15/30),N15)))) | Y15: =IF(N(X15)=0,"",X15+ROW()/1000000000) | Z15: =IF(Y15="","",IF(COUNTIFS(Log!$D$6:$D$1505,D15,Log!$Y$6:$Y$1505,">"&Y15)=0,1,0)) | AA15: =IF(OR(B15="",D15=""),"",B15+ROW()/10000000) | AB15: =IF(AA15="","",IF(COUNTIFS(Log!$D$6:$D$1505,D15,Log!$AA$6:$AA$1505,">"&AA15)=0,1,0)) | AC15: =IF(S15="New best",AA15,"") | AD15: =ROW()
B16: 46211 | C16: Legs | D16: Squat | E16: 185 | F16: 6 | G16: 185 | H16: 5 | I16: 185 | J16: 5 | K16: 185 | L16: 5 | O16: =IF(D16="","",COUNT(F16,H16,J16,L16,N16)) | P16: =IF(D16="","",N(E16)*N(F16)+N(G16)*N(H16)+N(I16)*N(J16)+N(K16)*N(L16)+N(M16)*N(N16)) | Q16: =IF(N(X16)=0,"",IF(IF(N(F16)=0,0,IF(N(E16)>0,E16*(1+F16/30),F16))=X16,IF(N(E16)>0,E16&" x "&F16,F16&" reps"),IF(IF(N(H16)=0,0,IF(N(G16)>0,G16*(1+H16/30),H16))=X16,IF(N(G16)>0,G16&" x "&H16,H16&" reps"),IF(IF(N(J16)=0,0,IF(N(I16)>0,I16*(1+J16/30),J16))=X16,IF(N(I16)>0,I16&" x "&J16,J16&" reps"),IF(IF(N(L16)=0,0,IF(N(K16)>0,K16*(1+L16/30),L16))=X16,IF(N(K16)>0,K16&" x "&L16,L16&" reps"),IF(IF(N(N16)=0,0,IF(N(M16)>0,M16*(1+N16/30),N16))=X16,IF(N(M16)>0,M16&" x "&N16,N16&" reps"),"")))))) | R16: =IF(N(X16)=0,"",ROUND(X16,1)) | S16: =IF(N(X16)=0,"",IF(AND(COUNTIFS(Log!$D$6:$D$1505,D16,Log!$B$6:$B$1505,"<"&B16)>0,COUNTIFS(Log!$D$6:$D$1505,D16,Log!$B$6:$B$1505,"<"&B16,Log!$X$6:$X$1505,">="&X16)=0),"New best","")) | U16: =IF(D16="","",IFERROR(INDEX(Exercises!$C$6:$C$105,MATCH(D16,Exercises!$B$6:$B$105,0)),"Other")) | V16: =IF(B16="","",IF(COUNTIF($B$6:B16,B16)=1,1,0)) | W16: =IF(B16="","",B16-WEEKDAY(B16,3)) | X16: =IF(D16="","",MAX(IF(N(F16)=0,0,IF(N(E16)>0,E16*(1+F16/30),F16)),IF(N(H16)=0,0,IF(N(G16)>0,G16*(1+H16/30),H16)),IF(N(J16)=0,0,IF(N(I16)>0,I16*(1+J16/30),J16)),IF(N(L16)=0,0,IF(N(K16)>0,K16*(1+L16/30),L16)),IF(N(N16)=0,0,IF(N(M16)>0,M16*(1+N16/30),N16)))) | Y16: =IF(N(X16)=0,"",X16+ROW()/1000000000) | Z16: =IF(Y16="","",IF(COUNTIFS(Log!$D$6:$D$1505,D16,Log!$Y$6:$Y$1505,">"&Y16)=0,1,0)) | AA16: =IF(OR(B16="",D16=""),"",B16+ROW()/10000000) | AB16: =IF(AA16="","",IF(COUNTIFS(Log!$D$6:$D$1505,D16,Log!$AA$6:$AA$1505,">"&AA16)=0,1,0)) | AC16: =IF(S16="New best",AA16,"") | AD16: =ROW()
B17: 46211 | C17: Legs | D17: Romanian deadlift | E17: 155 | F17: 10 | G17: 155 | H17: 8 | I17: 155 | J17: 8 | O17: =IF(D17="","",COUNT(F17,H17,J17,L17,N17)) | P17: =IF(D17="","",N(E17)*N(F17)+N(G17)*N(H17)+N(I17)*N(J17)+N(K17)*N(L17)+N(M17)*N(N17)) | Q17: =IF(N(X17)=0,"",IF(IF(N(F17)=0,0,IF(N(E17)>0,E17*(1+F17/30),F17))=X17,IF(N(E17)>0,E17&" x "&F17,F17&" reps"),IF(IF(N(H17)=0,0,IF(N(G17)>0,G17*(1+H17/30),H17))=X17,IF(N(G17)>0,G17&" x "&H17,H17&" reps"),IF(IF(N(J17)=0,0,IF(N(I17)>0,I17*(1+J17/30),J17))=X17,IF(N(I17)>0,I17&" x "&J17,J17&" reps"),IF(IF(N(L17)=0,0,IF(N(K17)>0,K17*(1+L17/30),L17))=X17,IF(N(K17)>0,K17&" x "&L17,L17&" reps"),IF(IF(N(N17)=0,0,IF(N(M17)>0,M17*(1+N17/30),N17))=X17,IF(N(M17)>0,M17&" x "&N17,N17&" reps"),"")))))) | R17: =IF(N(X17)=0,"",ROUND(X17,1)) | S17: =IF(N(X17)=0,"",IF(AND(COUNTIFS(Log!$D$6:$D$1505,D17,Log!$B$6:$B$1505,"<"&B17)>0,COUNTIFS(Log!$D$6:$D$1505,D17,Log!$B$6:$B$1505,"<"&B17,Log!$X$6:$X$1505,">="&X17)=0),"New best","")) | U17: =IF(D17="","",IFERROR(INDEX(Exercises!$C$6:$C$105,MATCH(D17,Exercises!$B$6:$B$105,0)),"Other")) | V17: =IF(B17="","",IF(COUNTIF($B$6:B17,B17)=1,1,0)) | W17: =IF(B17="","",B17-WEEKDAY(B17,3)) | X17: =IF(D17="","",MAX(IF(N(F17)=0,0,IF(N(E17)>0,E17*(1+F17/30),F17)),IF(N(H17)=0,0,IF(N(G17)>0,G17*(1+H17/30),H17)),IF(N(J17)=0,0,IF(N(I17)>0,I17*(1+J17/30),J17)),IF(N(L17)=0,0,IF(N(K17)>0,K17*(1+L17/30),L17)),IF(N(N17)=0,0,IF(N(M17)>0,M17*(1+N17/30),N17)))) | Y17: =IF(N(X17)=0,"",X17+ROW()/1000000000) | Z17: =IF(Y17="","",IF(COUNTIFS(Log!$D$6:$D$1505,D17,Log!$Y$6:$Y$1505,">"&Y17)=0,1,0)) | AA17: =IF(OR(B17="",D17=""),"",B17+ROW()/10000000) | AB17: =IF(AA17="","",IF(COUNTIFS(Log!$D$6:$D$1505,D17,Log!$AA$6:$AA$1505,">"&AA17)=0,1,0)) | AC17: =IF(S17="New best",AA17,"") | AD17: =ROW()
B18: 46211 | C18: Legs | D18: Leg press | E18: 270 | F18: 11 | G18: 270 | H18: 10 | I18: 270 | J18: 10 | O18: =IF(D18="","",COUNT(F18,H18,J18,L18,N18)) | P18: =IF(D18="","",N(E18)*N(F18)+N(G18)*N(H18)+N(I18)*N(J18)+N(K18)*N(L18)+N(M18)*N(N18)) | Q18: =IF(N(X18)=0,"",IF(IF(N(F18)=0,0,IF(N(E18)>0,E18*(1+F18/30),F18))=X18,IF(N(E18)>0,E18&" x "&F18,F18&" reps"),IF(IF(N(H18)=0,0,IF(N(G18)>0,G18*(1+H18/30),H18))=X18,IF(N(G18)>0,G18&" x "&H18,H18&" reps"),IF(IF(N(J18)=0,0,IF(N(I18)>0,I18*(1+J18/30),J18))=X18,IF(N(I18)>0,I18&" x "&J18,J18&" reps"),IF(IF(N(L18)=0,0,IF(N(K18)>0,K18*(1+L18/30),L18))=X18,IF(N(K18)>0,K18&" x "&L18,L18&" reps"),IF(IF(N(N18)=0,0,IF(N(M18)>0,M18*(1+N18/30),N18))=X18,IF(N(M18)>0,M18&" x "&N18,N18&" reps"),"")))))) | R18: =IF(N(X18)=0,"",ROUND(X18,1)) | S18: =IF(N(X18)=0,"",IF(AND(COUNTIFS(Log!$D$6:$D$1505,D18,Log!$B$6:$B$1505,"<"&B18)>0,COUNTIFS(Log!$D$6:$D$1505,D18,Log!$B$6:$B$1505,"<"&B18,Log!$X$6:$X$1505,">="&X18)=0),"New best","")) | U18: =IF(D18="","",IFERROR(INDEX(Exercises!$C$6:$C$105,MATCH(D18,Exercises!$B$6:$B$105,0)),"Other")) | V18: =IF(B18="","",IF(COUNTIF($B$6:B18,B18)=1,1,0)) | W18: =IF(B18="","",B18-WEEKDAY(B18,3)) | X18: =IF(D18="","",MAX(IF(N(F18)=0,0,IF(N(E18)>0,E18*(1+F18/30),F18)),IF(N(H18)=0,0,IF(N(G18)>0,G18*(1+H18/30),H18)),IF(N(J18)=0,0,IF(N(I18)>0,I18*(1+J18/30),J18)),IF(N(L18)=0,0,IF(N(K18)>0,K18*(1+L18/30),L18)),IF(N(N18)=0,0,IF(N(M18)>0,M18*(1+N18/30),N18)))) | Y18: =IF(N(X18)=0,"",X18+ROW()/1000000000) | Z18: =IF(Y18="","",IF(COUNTIFS(Log!$D$6:$D$1505,D18,Log!$Y$6:$Y$1505,">"&Y18)=0,1,0)) | AA18: =IF(OR(B18="",D18=""),"",B18+ROW()/10000000) | AB18: =IF(AA18="","",IF(COUNTIFS(Log!$D$6:$D$1505,D18,Log!$AA$6:$AA$1505,">"&AA18)=0,1,0)) | AC18: =IF(S18="New best",AA18,"") | AD18: =ROW()
B19: 46211 | C19: Legs | D19: Leg curl | E19: 70 | F19: 12 | G19: 70 | H19: 10 | I19: 70 | J19: 10 | O19: =IF(D19="","",COUNT(F19,H19,J19,L19,N19)) | P19: =IF(D19="","",N(E19)*N(F19)+N(G19)*N(H19)+N(I19)*N(J19)+N(K19)*N(L19)+N(M19)*N(N19)) | Q19: =IF(N(X19)=0,"",IF(IF(N(F19)=0,0,IF(N(E19)>0,E19*(1+F19/30),F19))=X19,IF(N(E19)>0,E19&" x "&F19,F19&" reps"),IF(IF(N(H19)=0,0,IF(N(G19)>0,G19*(1+H19/30),H19))=X19,IF(N(G19)>0,G19&" x "&H19,H19&" reps"),IF(IF(N(J19)=0,0,IF(N(I19)>0,I19*(1+J19/30),J19))=X19,IF(N(I19)>0,I19&" x "&J19,J19&" reps"),IF(IF(N(L19)=0,0,IF(N(K19)>0,K19*(1+L19/30),L19))=X19,IF(N(K19)>0,K19&" x "&L19,L19&" reps"),IF(IF(N(N19)=0,0,IF(N(M19)>0,M19*(1+N19/30),N19))=X19,IF(N(M19)>0,M19&" x "&N19,N19&" reps"),"")))))) | R19: =IF(N(X19)=0,"",ROUND(X19,1)) | S19: =IF(N(X19)=0,"",IF(AND(COUNTIFS(Log!$D$6:$D$1505,D19,Log!$B$6:$B$1505,"<"&B19)>0,COUNTIFS(Log!$D$6:$D$1505,D19,Log!$B$6:$B$1505,"<"&B19,Log!$X$6:$X$1505,">="&X19)=0),"New best","")) | U19: =IF(D19="","",IFERROR(INDEX(Exercises!$C$6:$C$105,MATCH(D19,Exercises!$B$6:$B$105,0)),"Other")) | V19: =IF(B19="","",IF(COUNTIF($B$6:B19,B19)=1,1,0)) | W19: =IF(B19="","",B19-WEEKDAY(B19,3)) | X19: =IF(D19="","",MAX(IF(N(F19)=0,0,IF(N(E19)>0,E19*(1+F19/30),F19)),IF(N(H19)=0,0,IF(N(G19)>0,G19*(1+H19/30),H19)),IF(N(J19)=0,0,IF(N(I19)>0,I19*(1+J19/30),J19)),IF(N(L19)=0,0,IF(N(K19)>0,K19*(1+L19/30),L19)),IF(N(N19)=0,0,IF(N(M19)>0,M19*(1+N19/30),N19)))) | Y19: =IF(N(X19)=0,"",X19+ROW()/1000000000) | Z19: =IF(Y19="","",IF(COUNTIFS(Log!$D$6:$D$1505,D19,Log!$Y$6:$Y$1505,">"&Y19)=0,1,0)) | AA19: =IF(OR(B19="",D19=""),"",B19+ROW()/10000000) | AB19: =IF(AA19="","",IF(COUNTIFS(Log!$D$6:$D$1505,D19,Log!$AA$6:$AA$1505,">"&AA19)=0,1,0)) | AC19: =IF(S19="New best",AA19,"") | AD19: =ROW()
B20: 46211 | C20: Legs | D20: Calf raise | E20: 90 | F20: 15 | G20: 90 | H20: 13 | I20: 90 | J20: 13 | K20: 90 | L20: 12 | O20: =IF(D20="","",COUNT(F20,H20,J20,L20,N20)) | P20: =IF(D20="","",N(E20)*N(F20)+N(G20)*N(H20)+N(I20)*N(J20)+N(K20)*N(L20)+N(M20)*N(N20)) | Q20: =IF(N(X20)=0,"",IF(IF(N(F20)=0,0,IF(N(E20)>0,E20*(1+F20/30),F20))=X20,IF(N(E20)>0,E20&" x "&F20,F20&" reps"),IF(IF(N(H20)=0,0,IF(N(G20)>0,G20*(1+H20/30),H20))=X20,IF(N(G20)>0,G20&" x "&H20,H20&" reps"),IF(IF(N(J20)=0,0,IF(N(I20)>0,I20*(1+J20/30),J20))=X20,IF(N(I20)>0,I20&" x "&J20,J20&" reps"),IF(IF(N(L20)=0,0,IF(N(K20)>0,K20*(1+L20/30),L20))=X20,IF(N(K20)>0,K20&" x "&L20,L20&" reps"),IF(IF(N(N20)=0,0,IF(N(M20)>0,M20*(1+N20/30),N20))=X20,IF(N(M20)>0,M20&" x "&N20,N20&" reps"),"")))))) | R20: =IF(N(X20)=0,"",ROUND(X20,1)) | S20: =IF(N(X20)=0,"",IF(AND(COUNTIFS(Log!$D$6:$D$1505,D20,Log!$B$6:$B$1505,"<"&B20)>0,COUNTIFS(Log!$D$6:$D$1505,D20,Log!$B$6:$B$1505,"<"&B20,Log!$X$6:$X$1505,">="&X20)=0),"New best","")) | U20: =IF(D20="","",IFERROR(INDEX(Exercises!$C$6:$C$105,MATCH(D20,Exercises!$B$6:$B$105,0)),"Other")) | V20: =IF(B20="","",IF(COUNTIF($B$6:B20,B20)=1,1,0)) | W20: =IF(B20="","",B20-WEEKDAY(B20,3)) | X20: =IF(D20="","",MAX(IF(N(F20)=0,0,IF(N(E20)>0,E20*(1+F20/30),F20)),IF(N(H20)=0,0,IF(N(G20)>0,G20*(1+H20/30),H20)),IF(N(J20)=0,0,IF(N(I20)>0,I20*(1+J20/30),J20)),IF(N(L20)=0,0,IF(N(K20)>0,K20*(1+L20/30),L20)),IF(N(N20)=0,0,IF(N(M20)>0,M20*(1+N20/30),N20)))) | Y20: =IF(N(X20)=0,"",X20+ROW()/1000000000) | Z20: =IF(Y20="","",IF(COUNTIFS(Log!$D$6:$D$1505,D20,Log!$Y$6:$Y$1505,">"&Y20)=0,1,0)) | AA20: =IF(OR(B20="",D20=""),"",B20+ROW()/10000000) | AB20: =IF(AA20="","",IF(COUNTIFS(Log!$D$6:$D$1505,D20,Log!$AA$6:$AA$1505,">"&AA20)=0,1,0)) | AC20: =IF(S20="New best",AA20,"") | AD20: =ROW()
B21: 46214 | C21: Lower | D21: Squat | E21: 165 | F21: 8 | G21: 165 | H21: 8 | I21: 165 | J21: 8 | O21: =IF(D21="","",COUNT(F21,H21,J21,L21,N21)) | P21: =IF(D21="","",N(E21)*N(F21)+N(G21)*N(H21)+N(I21)*N(J21)+N(K21)*N(L21)+N(M21)*N(N21)) | Q21: =IF(N(X21)=0,"",IF(IF(N(F21)=0,0,IF(N(E21)>0,E21*(1+F21/30),F21))=X21,IF(N(E21)>0,E21&" x "&F21,F21&" reps"),IF(IF(N(H21)=0,0,IF(N(G21)>0,G21*(1+H21/30),H21))=X21,IF(N(G21)>0,G21&" x "&H21,H21&" reps"),IF(IF(N(J21)=0,0,IF(N(I21)>0,I21*(1+J21/30),J21))=X21,IF(N(I21)>0,I21&" x "&J21,J21&" reps"),IF(IF(N(L21)=0,0,IF(N(K21)>0,K21*(1+L21/30),L21))=X21,IF(N(K21)>0,K21&" x "&L21,L21&" reps"),IF(IF(N(N21)=0,0,IF(N(M21)>0,M21*(1+N21/30),N21))=X21,IF(N(M21)>0,M21&" x "&N21,N21&" reps"),"")))))) | R21: =IF(N(X21)=0,"",ROUND(X21,1)) | S21: =IF(N(X21)=0,"",IF(AND(COUNTIFS(Log!$D$6:$D$1505,D21,Log!$B$6:$B$1505,"<"&B21)>0,COUNTIFS(Log!$D$6:$D$1505,D21,Log!$B$6:$B$1505,"<"&B21,Log!$X$6:$X$1505,">="&X21)=0),"New best","")) | T21: Felt strong | U21: =IF(D21="","",IFERROR(INDEX(Exercises!$C$6:$C$105,MATCH(D21,Exercises!$B$6:$B$105,0)),"Other")) | V21: =IF(B21="","",IF(COUNTIF($B$6:B21,B21)=1,1,0)) | W21: =IF(B21="","",B21-WEEKDAY(B21,3)) | X21: =IF(D21="","",MAX(IF(N(F21)=0,0,IF(N(E21)>0,E21*(1+F21/30),F21)),IF(N(H21)=0,0,IF(N(G21)>0,G21*(1+H21/30),H21)),IF(N(J21)=0,0,IF(N(I21)>0,I21*(1+J21/30),J21)),IF(N(L21)=0,0,IF(N(K21)>0,K21*(1+L21/30),L21)),IF(N(N21)=0,0,IF(N(M21)>0,M21*(1+N21/30),N21)))) | Y21: =IF(N(X21)=0,"",X21+ROW()/1000000000) | Z21: =IF(Y21="","",IF(COUNTIFS(Log!$D$6:$D$1505,D21,Log!$Y$6:$Y$1505,">"&Y21)=0,1,0)) | AA21: =IF(OR(B21="",D21=""),"",B21+ROW()/10000000) | AB21: =IF(AA21="","",IF(COUNTIFS(Log!$D$6:$D$1505,D21,Log!$AA$6:$AA$1505,">"&AA21)=0,1,0)) | AC21: =IF(S21="New best",AA21,"") | AD21: =ROW()
B22: 46214 | C22: Lower | D22: Romanian deadlift | E22: 140 | F22: 10 | G22: 140 | H22: 9 | I22: 140 | J22: 8 | O22: =IF(D22="","",COUNT(F22,H22,J22,L22,N22)) | P22: =IF(D22="","",N(E22)*N(F22)+N(G22)*N(H22)+N(I22)*N(J22)+N(K22)*N(L22)+N(M22)*N(N22)) | Q22: =IF(N(X22)=0,"",IF(IF(N(F22)=0,0,IF(N(E22)>0,E22*(1+F22/30),F22))=X22,IF(N(E22)>0,E22&" x "&F22,F22&" reps"),IF(IF(N(H22)=0,0,IF(N(G22)>0,G22*(1+H22/30),H22))=X22,IF(N(G22)>0,G22&" x "&H22,H22&" reps"),IF(IF(N(J22)=0,0,IF(N(I22)>0,I22*(1+J22/30),J22))=X22,IF(N(I22)>0,I22&" x "&J22,J22&" reps"),IF(IF(N(L22)=0,0,IF(N(K22)>0,K22*(1+L22/30),L22))=X22,IF(N(K22)>0,K22&" x "&L22,L22&" reps"),IF(IF(N(N22)=0,0,IF(N(M22)>0,M22*(1+N22/30),N22))=X22,IF(N(M22)>0,M22&" x "&N22,N22&" reps"),"")))))) | R22: =IF(N(X22)=0,"",ROUND(X22,1)) | S22: =IF(N(X22)=0,"",IF(AND(COUNTIFS(Log!$D$6:$D$1505,D22,Log!$B$6:$B$1505,"<"&B22)>0,COUNTIFS(Log!$D$6:$D$1505,D22,Log!$B$6:$B$1505,"<"&B22,Log!$X$6:$X$1505,">="&X22)=0),"New best","")) | U22: =IF(D22="","",IFERROR(INDEX(Exercises!$C$6:$C$105,MATCH(D22,Exercises!$B$6:$B$105,0)),"Other")) | V22: =IF(B22="","",IF(COUNTIF($B$6:B22,B22)=1,1,0)) | W22: =IF(B22="","",B22-WEEKDAY(B22,3)) | X22: =IF(D22="","",MAX(IF(N(F22)=0,0,IF(N(E22)>0,E22*(1+F22/30),F22)),IF(N(H22)=0,0,IF(N(G22)>0,G22*(1+H22/30),H22)),IF(N(J22)=0,0,IF(N(I22)>0,I22*(1+J22/30),J22)),IF(N(L22)=0,0,IF(N(K22)>0,K22*(1+L22/30),L22)),IF(N(N22)=0,0,IF(N(M22)>0,M22*(1+N22/30),N22)))) | Y22: =IF(N(X22)=0,"",X22+ROW()/1000000000) | Z22: =IF(Y22="","",IF(COUNTIFS(Log!$D$6:$D$1505,D22,Log!$Y$6:$Y$1505,">"&Y22)=0,1,0)) | AA22: =IF(OR(B22="",D22=""),"",B22+ROW()/10000000) | AB22: =IF(AA22="","",IF(COUNTIFS(Log!$D$6:$D$1505,D22,Log!$AA$6:$AA$1505,">"&AA22)=0,1,0)) | AC22: =IF(S22="New best",AA22,"") | AD22: =ROW()
B23: 46214 | C23: Lower | D23: Leg press | E23: 245 | F23: 15 | G23: 245 | H23: 13 | I23: 245 | J23: 12 | O23: =IF(D23="","",COUNT(F23,H23,J23,L23,N23)) | P23: =IF(D23="","",N(E23)*N(F23)+N(G23)*N(H23)+N(I23)*N(J23)+N(K23)*N(L23)+N(M23)*N(N23)) | Q23: =IF(N(X23)=0,"",IF(IF(N(F23)=0,0,IF(N(E23)>0,E23*(1+F23/30),F23))=X23,IF(N(E23)>0,E23&" x "&F23,F23&" reps"),IF(IF(N(H23)=0,0,IF(N(G23)>0,G23*(1+H23/30),H23))=X23,IF(N(G23)>0,G23&" x "&H23,H23&" reps"),IF(IF(N(J23)=0,0,IF(N(I23)>0,I23*(1+J23/30),J23))=X23,IF(N(I23)>0,I23&" x "&J23,J23&" reps"),IF(IF(N(L23)=0,0,IF(N(K23)>0,K23*(1+L23/30),L23))=X23,IF(N(K23)>0,K23&" x "&L23,L23&" reps"),IF(IF(N(N23)=0,0,IF(N(M23)>0,M23*(1+N23/30),N23))=X23,IF(N(M23)>0,M23&" x "&N23,N23&" reps"),"")))))) | R23: =IF(N(X23)=0,"",ROUND(X23,1)) | S23: =IF(N(X23)=0,"",IF(AND(COUNTIFS(Log!$D$6:$D$1505,D23,Log!$B$6:$B$1505,"<"&B23)>0,COUNTIFS(Log!$D$6:$D$1505,D23,Log!$B$6:$B$1505,"<"&B23,Log!$X$6:$X$1505,">="&X23)=0),"New best","")) | T23: Slept badly | U23: =IF(D23="","",IFERROR(INDEX(Exercises!$C$6:$C$105,MATCH(D23,Exercises!$B$6:$B$105,0)),"Other")) | V23: =IF(B23="","",IF(COUNTIF($B$6:B23,B23)=1,1,0)) | W23: =IF(B23="","",B23-WEEKDAY(B23,3)) | X23: =IF(D23="","",MAX(IF(N(F23)=0,0,IF(N(E23)>0,E23*(1+F23/30),F23)),IF(N(H23)=0,0,IF(N(G23)>0,G23*(1+H23/30),H23)),IF(N(J23)=0,0,IF(N(I23)>0,I23*(1+J23/30),J23)),IF(N(L23)=0,0,IF(N(K23)>0,K23*(1+L23/30),L23)),IF(N(N23)=0,0,IF(N(M23)>0,M23*(1+N23/30),N23)))) | Y23: =IF(N(X23)=0,"",X23+ROW()/1000000000) | Z23: =IF(Y23="","",IF(COUNTIFS(Log!$D$6:$D$1505,D23,Log!$Y$6:$Y$1505,">"&Y23)=0,1,0)) | AA23: =IF(OR(B23="",D23=""),"",B23+ROW()/10000000) | AB23: =IF(AA23="","",IF(COUNTIFS(Log!$D$6:$D$1505,D23,Log!$AA$6:$AA$1505,">"&AA23)=0,1,0)) | AC23: =IF(S23="New best",AA23,"") | AD23: =ROW()
B24: 46214 | C24: Lower | D24: Calf raise | E24: 80 | F24: 15 | G24: 80 | H24: 15 | I24: 80 | J24: 15 | O24: =IF(D24="","",COUNT(F24,H24,J24,L24,N24)) | P24: =IF(D24="","",N(E24)*N(F24)+N(G24)*N(H24)+N(I24)*N(J24)+N(K24)*N(L24)+N(M24)*N(N24)) | Q24: =IF(N(X24)=0,"",IF(IF(N(F24)=0,0,IF(N(E24)>0,E24*(1+F24/30),F24))=X24,IF(N(E24)>0,E24&" x "&F24,F24&" reps"),IF(IF(N(H24)=0,0,IF(N(G24)>0,G24*(1+H24/30),H24))=X24,IF(N(G24)>0,G24&" x "&H24,H24&" reps"),IF(IF(N(J24)=0,0,IF(N(I24)>0,I24*(1+J24/30),J24))=X24,IF(N(I24)>0,I24&" x "&J24,J24&" reps"),IF(IF(N(L24)=0,0,IF(N(K24)>0,K24*(1+L24/30),L24))=X24,IF(N(K24)>0,K24&" x "&L24,L24&" reps"),IF(IF(N(N24)=0,0,IF(N(M24)>0,M24*(1+N24/30),N24))=X24,IF(N(M24)>0,M24&" x "&N24,N24&" reps"),"")))))) | R24: =IF(N(X24)=0,"",ROUND(X24,1)) | S24: =IF(N(X24)=0,"",IF(AND(COUNTIFS(Log!$D$6:$D$1505,D24,Log!$B$6:$B$1505,"<"&B24)>0,COUNTIFS(Log!$D$6:$D$1505,D24,Log!$B$6:$B$1505,"<"&B24,Log!$X$6:$X$1505,">="&X24)=0),"New best","")) | U24: =IF(D24="","",IFERROR(INDEX(Exercises!$C$6:$C$105,MATCH(D24,Exercises!$B$6:$B$105,0)),"Other")) | V24: =IF(B24="","",IF(COUNTIF($B$6:B24,B24)=1,1,0)) | W24: =IF(B24="","",B24-WEEKDAY(B24,3)) | X24: =IF(D24="","",MAX(IF(N(F24)=0,0,IF(N(E24)>0,E24*(1+F24/30),F24)),IF(N(H24)=0,0,IF(N(G24)>0,G24*(1+H24/30),H24)),IF(N(J24)=0,0,IF(N(I24)>0,I24*(1+J24/30),J24)),IF(N(L24)=0,0,IF(N(K24)>0,K24*(1+L24/30),L24)),IF(N(N24)=0,0,IF(N(M24)>0,M24*(1+N24/30),N24)))) | Y24: =IF(N(X24)=0,"",X24+ROW()/1000000000) | Z24: =IF(Y24="","",IF(COUNTIFS(Log!$D$6:$D$1505,D24,Log!$Y$6:$Y$1505,">"&Y24)=0,1,0)) | AA24: =IF(OR(B24="",D24=""),"",B24+ROW()/10000000) | AB24: =IF(AA24="","",IF(COUNTIFS(Log!$D$6:$D$1505,D24,Log!$AA$6:$AA$1505,">"&AA24)=0,1,0)) | AC24: =IF(S24="New best",AA24,"") | AD24: =ROW()
B25: 46216 | C25: Push | D25: Bench press | E25: 135 | F25: 7 | G25: 135 | H25: 6 | I25: 135 | J25: 6 | K25: 135 | L25: 6 | O25: =IF(D25="","",COUNT(F25,H25,J25,L25,N25)) | P25: =IF(D25="","",N(E25)*N(F25)+N(G25)*N(H25)+N(I25)*N(J25)+N(K25)*N(L25)+N(M25)*N(N25)) | Q25: =IF(N(X25)=0,"",IF(IF(N(F25)=0,0,IF(N(E25)>0,E25*(1+F25/30),F25))=X25,IF(N(E25)>0,E25&" x "&F25,F25&" reps"),IF(IF(N(H25)=0,0,IF(N(G25)>0,G25*(1+H25/30),H25))=X25,IF(N(G25)>0,G25&" x "&H25,H25&" reps"),IF(IF(N(J25)=0,0,IF(N(I25)>0,I25*(1+J25/30),J25))=X25,IF(N(I25)>0,I25&" x "&J25,J25&" reps"),IF(IF(N(L25)=0,0,IF(N(K25)>0,K25*(1+L25/30),L25))=X25,IF(N(K25)>0,K25&" x "&L25,L25&" reps"),IF(IF(N(N25)=0,0,IF(N(M25)>0,M25*(1+N25/30),N25))=X25,IF(N(M25)>0,M25&" x "&N25,N25&" reps"),"")))))) | R25: =IF(N(X25)=0,"",ROUND(X25,1)) | S25: =IF(N(X25)=0,"",IF(AND(COUNTIFS(Log!$D$6:$D$1505,D25,Log!$B$6:$B$1505,"<"&B25)>0,COUNTIFS(Log!$D$6:$D$1505,D25,Log!$B$6:$B$1505,"<"&B25,Log!$X$6:$X$1505,">="&X25)=0),"New best","")) | U25: =IF(D25="","",IFERROR(INDEX(Exercises!$C$6:$C$105,MATCH(D25,Exercises!$B$6:$B$105,0)),"Other")) | V25: =IF(B25="","",IF(COUNTIF($B$6:B25,B25)=1,1,0)) | W25: =IF(B25="","",B25-WEEKDAY(B25,3)) | X25: =IF(D25="","",MAX(IF(N(F25)=0,0,IF(N(E25)>0,E25*(1+F25/30),F25)),IF(N(H25)=0,0,IF(N(G25)>0,G25*(1+H25/30),H25)),IF(N(J25)=0,0,IF(N(I25)>0,I25*(1+J25/30),J25)),IF(N(L25)=0,0,IF(N(K25)>0,K25*(1+L25/30),L25)),IF(N(N25)=0,0,IF(N(M25)>0,M25*(1+N25/30),N25)))) | Y25: =IF(N(X25)=0,"",X25+ROW()/1000000000) | Z25: =IF(Y25="","",IF(COUNTIFS(Log!$D$6:$D$1505,D25,Log!$Y$6:$Y$1505,">"&Y25)=0,1,0)) | AA25: =IF(OR(B25="",D25=""),"",B25+ROW()/10000000) | AB25: =IF(AA25="","",IF(COUNTIFS(Log!$D$6:$D$1505,D25,Log!$AA$6:$AA$1505,">"&AA25)=0,1,0)) | AC25: =IF(S25="New best",AA25,"") | AD25: =ROW()
B26: 46216 | C26: Push | D26: Overhead press | E26: 85 | F26: 10 | G26: 85 | H26: 8 | I26: 85 | J26: 8 | O26: =IF(D26="","",COUNT(F26,H26,J26,L26,N26)) | P26: =IF(D26="","",N(E26)*N(F26)+N(G26)*N(H26)+N(I26)*N(J26)+N(K26)*N(L26)+N(M26)*N(N26)) | Q26: =IF(N(X26)=0,"",IF(IF(N(F26)=0,0,IF(N(E26)>0,E26*(1+F26/30),F26))=X26,IF(N(E26)>0,E26&" x "&F26,F26&" reps"),IF(IF(N(H26)=0,0,IF(N(G26)>0,G26*(1+H26/30),H26))=X26,IF(N(G26)>0,G26&" x "&H26,H26&" reps"),IF(IF(N(J26)=0,0,IF(N(I26)>0,I26*(1+J26/30),J26))=X26,IF(N(I26)>0,I26&" x "&J26,J26&" reps"),IF(IF(N(L26)=0,0,IF(N(K26)>0,K26*(1+L26/30),L26))=X26,IF(N(K26)>0,K26&" x "&L26,L26&" reps"),IF(IF(N(N26)=0,0,IF(N(M26)>0,M26*(1+N26/30),N26))=X26,IF(N(M26)>0,M26&" x "&N26,N26&" reps"),"")))))) | R26: =IF(N(X26)=0,"",ROUND(X26,1)) | S26: =IF(N(X26)=0,"",IF(AND(COUNTIFS(Log!$D$6:$D$1505,D26,Log!$B$6:$B$1505,"<"&B26)>0,COUNTIFS(Log!$D$6:$D$1505,D26,Log!$B$6:$B$1505,"<"&B26,Log!$X$6:$X$1505,">="&X26)=0),"New best","")) | U26: =IF(D26="","",IFERROR(INDEX(Exercises!$C$6:$C$105,MATCH(D26,Exercises!$B$6:$B$105,0)),"Other")) | V26: =IF(B26="","",IF(COUNTIF($B$6:B26,B26)=1,1,0)) | W26: =IF(B26="","",B26-WEEKDAY(B26,3)) | X26: =IF(D26="","",MAX(IF(N(F26)=0,0,IF(N(E26)>0,E26*(1+F26/30),F26)),IF(N(H26)=0,0,IF(N(G26)>0,G26*(1+H26/30),H26)),IF(N(J26)=0,0,IF(N(I26)>0,I26*(1+J26/30),J26)),IF(N(L26)=0,0,IF(N(K26)>0,K26*(1+L26/30),L26)),IF(N(N26)=0,0,IF(N(M26)>0,M26*(1+N26/30),N26)))) | Y26: =IF(N(X26)=0,"",X26+ROW()/1000000000) | Z26: =IF(Y26="","",IF(COUNTIFS(Log!$D$6:$D$1505,D26,Log!$Y$6:$Y$1505,">"&Y26)=0,1,0)) | AA26: =IF(OR(B26="",D26=""),"",B26+ROW()/10000000) | AB26: =IF(AA26="","",IF(COUNTIFS(Log!$D$6:$D$1505,D26,Log!$AA$6:$AA$1505,">"&AA26)=0,1,0)) | AC26: =IF(S26="New best",AA26,"") | AD26: =ROW()
B27: 46216 | C27: Push | D27: Incline dumbbell press | E27: 45 | F27: 11 | G27: 45 | H27: 10 | I27: 45 | J27: 10 | O27: =IF(D27="","",COUNT(F27,H27,J27,L27,N27)) | P27: =IF(D27="","",N(E27)*N(F27)+N(G27)*N(H27)+N(I27)*N(J27)+N(K27)*N(L27)+N(M27)*N(N27)) | Q27: =IF(N(X27)=0,"",IF(IF(N(F27)=0,0,IF(N(E27)>0,E27*(1+F27/30),F27))=X27,IF(N(E27)>0,E27&" x "&F27,F27&" reps"),IF(IF(N(H27)=0,0,IF(N(G27)>0,G27*(1+H27/30),H27))=X27,IF(N(G27)>0,G27&" x "&H27,H27&" reps"),IF(IF(N(J27)=0,0,IF(N(I27)>0,I27*(1+J27/30),J27))=X27,IF(N(I27)>0,I27&" x "&J27,J27&" reps"),IF(IF(N(L27)=0,0,IF(N(K27)>0,K27*(1+L27/30),L27))=X27,IF(N(K27)>0,K27&" x "&L27,L27&" reps"),IF(IF(N(N27)=0,0,IF(N(M27)>0,M27*(1+N27/30),N27))=X27,IF(N(M27)>0,M27&" x "&N27,N27&" reps"),"")))))) | R27: =IF(N(X27)=0,"",ROUND(X27,1)) | S27: =IF(N(X27)=0,"",IF(AND(COUNTIFS(Log!$D$6:$D$1505,D27,Log!$B$6:$B$1505,"<"&B27)>0,COUNTIFS(Log!$D$6:$D$1505,D27,Log!$B$6:$B$1505,"<"&B27,Log!$X$6:$X$1505,">="&X27)=0),"New best","")) | U27: =IF(D27="","",IFERROR(INDEX(Exercises!$C$6:$C$105,MATCH(D27,Exercises!$B$6:$B$105,0)),"Other")) | V27: =IF(B27="","",IF(COUNTIF($B$6:B27,B27)=1,1,0)) | W27: =IF(B27="","",B27-WEEKDAY(B27,3)) | X27: =IF(D27="","",MAX(IF(N(F27)=0,0,IF(N(E27)>0,E27*(1+F27/30),F27)),IF(N(H27)=0,0,IF(N(G27)>0,G27*(1+H27/30),H27)),IF(N(J27)=0,0,IF(N(I27)>0,I27*(1+J27/30),J27)),IF(N(L27)=0,0,IF(N(K27)>0,K27*(1+L27/30),L27)),IF(N(N27)=0,0,IF(N(M27)>0,M27*(1+N27/30),N27)))) | Y27: =IF(N(X27)=0,"",X27+ROW()/1000000000) | Z27: =IF(Y27="","",IF(COUNTIFS(Log!$D$6:$D$1505,D27,Log!$Y$6:$Y$1505,">"&Y27)=0,1,0)) | AA27: =IF(OR(B27="",D27=""),"",B27+ROW()/10000000) | AB27: =IF(AA27="","",IF(COUNTIFS(Log!$D$6:$D$1505,D27,Log!$AA$6:$AA$1505,">"&AA27)=0,1,0)) | AC27: =IF(S27="New best",AA27,"") | AD27: =ROW()
B28: 46216 | C28: Push | D28: Lateral raise | E28: 15 | F28: 14 | G28: 15 | H28: 13 | I28: 15 | J28: 13 | O28: =IF(D28="","",COUNT(F28,H28,J28,L28,N28)) | P28: =IF(D28="","",N(E28)*N(F28)+N(G28)*N(H28)+N(I28)*N(J28)+N(K28)*N(L28)+N(M28)*N(N28)) | Q28: =IF(N(X28)=0,"",IF(IF(N(F28)=0,0,IF(N(E28)>0,E28*(1+F28/30),F28))=X28,IF(N(E28)>0,E28&" x "&F28,F28&" reps"),IF(IF(N(H28)=0,0,IF(N(G28)>0,G28*(1+H28/30),H28))=X28,IF(N(G28)>0,G28&" x "&H28,H28&" reps"),IF(IF(N(J28)=0,0,IF(N(I28)>0,I28*(1+J28/30),J28))=X28,IF(N(I28)>0,I28&" x "&J28,J28&" reps"),IF(IF(N(L28)=0,0,IF(N(K28)>0,K28*(1+L28/30),L28))=X28,IF(N(K28)>0,K28&" x "&L28,L28&" reps"),IF(IF(N(N28)=0,0,IF(N(M28)>0,M28*(1+N28/30),N28))=X28,IF(N(M28)>0,M28&" x "&N28,N28&" reps"),"")))))) | R28: =IF(N(X28)=0,"",ROUND(X28,1)) | S28: =IF(N(X28)=0,"",IF(AND(COUNTIFS(Log!$D$6:$D$1505,D28,Log!$B$6:$B$1505,"<"&B28)>0,COUNTIFS(Log!$D$6:$D$1505,D28,Log!$B$6:$B$1505,"<"&B28,Log!$X$6:$X$1505,">="&X28)=0),"New best","")) | U28: =IF(D28="","",IFERROR(INDEX(Exercises!$C$6:$C$105,MATCH(D28,Exercises!$B$6:$B$105,0)),"Other")) | V28: =IF(B28="","",IF(COUNTIF($B$6:B28,B28)=1,1,0)) | W28: =IF(B28="","",B28-WEEKDAY(B28,3)) | X28: =IF(D28="","",MAX(IF(N(F28)=0,0,IF(N(E28)>0,E28*(1+F28/30),F28)),IF(N(H28)=0,0,IF(N(G28)>0,G28*(1+H28/30),H28)),IF(N(J28)=0,0,IF(N(I28)>0,I28*(1+J28/30),J28)),IF(N(L28)=0,0,IF(N(K28)>0,K28*(1+L28/30),L28)),IF(N(N28)=0,0,IF(N(M28)>0,M28*(1+N28/30),N28)))) | Y28: =IF(N(X28)=0,"",X28+ROW()/1000000000) | Z28: =IF(Y28="","",IF(COUNTIFS(Log!$D$6:$D$1505,D28,Log!$Y$6:$Y$1505,">"&Y28)=0,1,0)) | AA28: =IF(OR(B28="",D28=""),"",B28+ROW()/10000000) | AB28: =IF(AA28="","",IF(COUNTIFS(Log!$D$6:$D$1505,D28,Log!$AA$6:$AA$1505,">"&AA28)=0,1,0)) | AC28: =IF(S28="New best",AA28,"") | AD28: =ROW()
B29: 46216 | C29: Push | D29: Triceps pushdown | E29: 40 | F29: 12 | G29: 40 | H29: 10 | I29: 40 | J29: 10 | O29: =IF(D29="","",COUNT(F29,H29,J29,L29,N29)) | P29: =IF(D29="","",N(E29)*N(F29)+N(G29)*N(H29)+N(I29)*N(J29)+N(K29)*N(L29)+N(M29)*N(N29)) | Q29: =IF(N(X29)=0,"",IF(IF(N(F29)=0,0,IF(N(E29)>0,E29*(1+F29/30),F29))=X29,IF(N(E29)>0,E29&" x "&F29,F29&" reps"),IF(IF(N(H29)=0,0,IF(N(G29)>0,G29*(1+H29/30),H29))=X29,IF(N(G29)>0,G29&" x "&H29,H29&" reps"),IF(IF(N(J29)=0,0,IF(N(I29)>0,I29*(1+J29/30),J29))=X29,IF(N(I29)>0,I29&" x "&J29,J29&" reps"),IF(IF(N(L29)=0,0,IF(N(K29)>0,K29*(1+L29/30),L29))=X29,IF(N(K29)>0,K29&" x "&L29,L29&" reps"),IF(IF(N(N29)=0,0,IF(N(M29)>0,M29*(1+N29/30),N29))=X29,IF(N(M29)>0,M29&" x "&N29,N29&" reps"),"")))))) | R29: =IF(N(X29)=0,"",ROUND(X29,1)) | S29: =IF(N(X29)=0,"",IF(AND(COUNTIFS(Log!$D$6:$D$1505,D29,Log!$B$6:$B$1505,"<"&B29)>0,COUNTIFS(Log!$D$6:$D$1505,D29,Log!$B$6:$B$1505,"<"&B29,Log!$X$6:$X$1505,">="&X29)=0),"New best","")) | U29: =IF(D29="","",IFERROR(INDEX(Exercises!$C$6:$C$105,MATCH(D29,Exercises!$B$6:$B$105,0)),"Other")) | V29: =IF(B29="","",IF(COUNTIF($B$6:B29,B29)=1,1,0)) | W29: =IF(B29="","",B29-WEEKDAY(B29,3)) | X29: =IF(D29="","",MAX(IF(N(F29)=0,0,IF(N(E29)>0,E29*(1+F29/30),F29)),IF(N(H29)=0,0,IF(N(G29)>0,G29*(1+H29/30),H29)),IF(N(J29)=0,0,IF(N(I29)>0,I29*(1+J29/30),J29)),IF(N(L29)=0,0,IF(N(K29)>0,K29*(1+L29/30),L29)),IF(N(N29)=0,0,IF(N(M29)>0,M29*(1+N29/30),N29)))) | Y29: =IF(N(X29)=0,"",X29+ROW()/1000000000) | Z29: =IF(Y29="","",IF(COUNTIFS(Log!$D$6:$D$1505,D29,Log!$Y$6:$Y$1505,">"&Y29)=0,1,0)) | AA29: =IF(OR(B29="",D29=""),"",B29+ROW()/10000000) | AB29: =IF(AA29="","",IF(COUNTIFS(Log!$D$6:$D$1505,D29,Log!$AA$6:$AA$1505,">"&AA29)=0,1,0)) | AC29: =IF(S29="New best",AA29,"") | AD29: =ROW()
B30: 46217 | C30: Pull | D30: Deadlift | E30: 225 | F30: 5 | G30: 225 | H30: 5 | I30: 225 | J30: 5 | O30: =IF(D30="","",COUNT(F30,H30,J30,L30,N30)) | P30: =IF(D30="","",N(E30)*N(F30)+N(G30)*N(H30)+N(I30)*N(J30)+N(K30)*N(L30)+N(M30)*N(N30)) | Q30: =IF(N(X30)=0,"",IF(IF(N(F30)=0,0,IF(N(E30)>0,E30*(1+F30/30),F30))=X30,IF(N(E30)>0,E30&" x "&F30,F30&" reps"),IF(IF(N(H30)=0,0,IF(N(G30)>0,G30*(1+H30/30),H30))=X30,IF(N(G30)>0,G30&" x "&H30,H30&" reps"),IF(IF(N(J30)=0,0,IF(N(I30)>0,I30*(1+J30/30),J30))=X30,IF(N(I30)>0,I30&" x "&J30,J30&" reps"),IF(IF(N(L30)=0,0,IF(N(K30)>0,K30*(1+L30/30),L30))=X30,IF(N(K30)>0,K30&" x "&L30,L30&" reps"),IF(IF(N(N30)=0,0,IF(N(M30)>0,M30*(1+N30/30),N30))=X30,IF(N(M30)>0,M30&" x "&N30,N30&" reps"),"")))))) | R30: =IF(N(X30)=0,"",ROUND(X30,1)) | S30: =IF(N(X30)=0,"",IF(AND(COUNTIFS(Log!$D$6:$D$1505,D30,Log!$B$6:$B$1505,"<"&B30)>0,COUNTIFS(Log!$D$6:$D$1505,D30,Log!$B$6:$B$1505,"<"&B30,Log!$X$6:$X$1505,">="&X30)=0),"New best","")) | U30: =IF(D30="","",IFERROR(INDEX(Exercises!$C$6:$C$105,MATCH(D30,Exercises!$B$6:$B$105,0)),"Other")) | V30: =IF(B30="","",IF(COUNTIF($B$6:B30,B30)=1,1,0)) | W30: =IF(B30="","",B30-WEEKDAY(B30,3)) | X30: =IF(D30="","",MAX(IF(N(F30)=0,0,IF(N(E30)>0,E30*(1+F30/30),F30)),IF(N(H30)=0,0,IF(N(G30)>0,G30*(1+H30/30),H30)),IF(N(J30)=0,0,IF(N(I30)>0,I30*(1+J30/30),J30)),IF(N(L30)=0,0,IF(N(K30)>0,K30*(1+L30/30),L30)),IF(N(N30)=0,0,IF(N(M30)>0,M30*(1+N30/30),N30)))) | Y30: =IF(N(X30)=0,"",X30+ROW()/1000000000) | Z30: =IF(Y30="","",IF(COUNTIFS(Log!$D$6:$D$1505,D30,Log!$Y$6:$Y$1505,">"&Y30)=0,1,0)) | AA30: =IF(OR(B30="",D30=""),"",B30+ROW()/10000000) | AB30: =IF(AA30="","",IF(COUNTIFS(Log!$D$6:$D$1505,D30,Log!$AA$6:$AA$1505,">"&AA30)=0,1,0)) | AC30: =IF(S30="New best",AA30,"") | AD30: =ROW()
B31: 46217 | C31: Pull | D31: Pull-up | F31: 5 | H31: 4 | J31: 3 | O31: =IF(D31="","",COUNT(F31,H31,J31,L31,N31)) | P31: =IF(D31="","",N(E31)*N(F31)+N(G31)*N(H31)+N(I31)*N(J31)+N(K31)*N(L31)+N(M31)*N(N31)) | Q31: =IF(N(X31)=0,"",IF(IF(N(F31)=0,0,IF(N(E31)>0,E31*(1+F31/30),F31))=X31,IF(N(E31)>0,E31&" x "&F31,F31&" reps"),IF(IF(N(H31)=0,0,IF(N(G31)>0,G31*(1+H31/30),H31))=X31,IF(N(G31)>0,G31&" x "&H31,H31&" reps"),IF(IF(N(J31)=0,0,IF(N(I31)>0,I31*(1+J31/30),J31))=X31,IF(N(I31)>0,I31&" x "&J31,J31&" reps"),IF(IF(N(L31)=0,0,IF(N(K31)>0,K31*(1+L31/30),L31))=X31,IF(N(K31)>0,K31&" x "&L31,L31&" reps"),IF(IF(N(N31)=0,0,IF(N(M31)>0,M31*(1+N31/30),N31))=X31,IF(N(M31)>0,M31&" x "&N31,N31&" reps"),"")))))) | R31: =IF(N(X31)=0,"",ROUND(X31,1)) | S31: =IF(N(X31)=0,"",IF(AND(COUNTIFS(Log!$D$6:$D$1505,D31,Log!$B$6:$B$1505,"<"&B31)>0,COUNTIFS(Log!$D$6:$D$1505,D31,Log!$B$6:$B$1505,"<"&B31,Log!$X$6:$X$1505,">="&X31)=0),"New best","")) | U31: =IF(D31="","",IFERROR(INDEX(Exercises!$C$6:$C$105,MATCH(D31,Exercises!$B$6:$B$105,0)),"Other")) | V31: =IF(B31="","",IF(COUNTIF($B$6:B31,B31)=1,1,0)) | W31: =IF(B31="","",B31-WEEKDAY(B31,3)) | X31: =IF(D31="","",MAX(IF(N(F31)=0,0,IF(N(E31)>0,E31*(1+F31/30),F31)),IF(N(H31)=0,0,IF(N(G31)>0,G31*(1+H31/30),H31)),IF(N(J31)=0,0,IF(N(I31)>0,I31*(1+J31/30),J31)),IF(N(L31)=0,0,IF(N(K31)>0,K31*(1+L31/30),L31)),IF(N(N31)=0,0,IF(N(M31)>0,M31*(1+N31/30),N31)))) | Y31: =IF(N(X31)=0,"",X31+ROW()/1000000000) | Z31: =IF(Y31="","",IF(COUNTIFS(Log!$D$6:$D$1505,D31,Log!$Y$6:$Y$1505,">"&Y31)=0,1,0)) | AA31: =IF(OR(B31="",D31=""),"",B31+ROW()/10000000) | AB31: =IF(AA31="","",IF(COUNTIFS(Log!$D$6:$D$1505,D31,Log!$AA$6:$AA$1505,">"&AA31)=0,1,0)) | AC31: =IF(S31="New best",AA31,"") | AD31: =ROW()
B32: 46217 | C32: Pull | D32: Barbell row | E32: 115 | F32: 10 | G32: 115 | H32: 9 | I32: 115 | J32: 8 | O32: =IF(D32="","",COUNT(F32,H32,J32,L32,N32)) | P32: =IF(D32="","",N(E32)*N(F32)+N(G32)*N(H32)+N(I32)*N(J32)+N(K32)*N(L32)+N(M32)*N(N32)) | Q32: =IF(N(X32)=0,"",IF(IF(N(F32)=0,0,IF(N(E32)>0,E32*(1+F32/30),F32))=X32,IF(N(E32)>0,E32&" x "&F32,F32&" reps"),IF(IF(N(H32)=0,0,IF(N(G32)>0,G32*(1+H32/30),H32))=X32,IF(N(G32)>0,G32&" x "&H32,H32&" reps"),IF(IF(N(J32)=0,0,IF(N(I32)>0,I32*(1+J32/30),J32))=X32,IF(N(I32)>0,I32&" x "&J32,J32&" reps"),IF(IF(N(L32)=0,0,IF(N(K32)>0,K32*(1+L32/30),L32))=X32,IF(N(K32)>0,K32&" x "&L32,L32&" reps"),IF(IF(N(N32)=0,0,IF(N(M32)>0,M32*(1+N32/30),N32))=X32,IF(N(M32)>0,M32&" x "&N32,N32&" reps"),"")))))) | R32: =IF(N(X32)=0,"",ROUND(X32,1)) | S32: =IF(N(X32)=0,"",IF(AND(COUNTIFS(Log!$D$6:$D$1505,D32,Log!$B$6:$B$1505,"<"&B32)>0,COUNTIFS(Log!$D$6:$D$1505,D32,Log!$B$6:$B$1505,"<"&B32,Log!$X$6:$X$1505,">="&X32)=0),"New best","")) | T32: Short on time | U32: =IF(D32="","",IFERROR(INDEX(Exercises!$C$6:$C$105,MATCH(D32,Exercises!$B$6:$B$105,0)),"Other")) | V32: =IF(B32="","",IF(COUNTIF($B$6:B32,B32)=1,1,0)) | W32: =IF(B32="","",B32-WEEKDAY(B32,3)) | X32: =IF(D32="","",MAX(IF(N(F32)=0,0,IF(N(E32)>0,E32*(1+F32/30),F32)),IF(N(H32)=0,0,IF(N(G32)>0,G32*(1+H32/30),H32)),IF(N(J32)=0,0,IF(N(I32)>0,I32*(1+J32/30),J32)),IF(N(L32)=0,0,IF(N(K32)>0,K32*(1+L32/30),L32)),IF(N(N32)=0,0,IF(N(M32)>0,M32*(1+N32/30),N32)))) | Y32: =IF(N(X32)=0,"",X32+ROW()/1000000000) | Z32: =IF(Y32="","",IF(COUNTIFS(Log!$D$6:$D$1505,D32,Log!$Y$6:$Y$1505,">"&Y32)=0,1,0)) | AA32: =IF(OR(B32="",D32=""),"",B32+ROW()/10000000) | AB32: =IF(AA32="","",IF(COUNTIFS(Log!$D$6:$D$1505,D32,Log!$AA$6:$AA$1505,">"&AA32)=0,1,0)) | AC32: =IF(S32="New best",AA32,"") | AD32: =ROW()
B33: 46217 | C33: Pull | D33: Lat pulldown | E33: 100 | F33: 11 | G33: 100 | H33: 11 | I33: 100 | J33: 10 | O33: =IF(D33="","",COUNT(F33,H33,J33,L33,N33)) | P33: =IF(D33="","",N(E33)*N(F33)+N(G33)*N(H33)+N(I33)*N(J33)+N(K33)*N(L33)+N(M33)*N(N33)) | Q33: =IF(N(X33)=0,"",IF(IF(N(F33)=0,0,IF(N(E33)>0,E33*(1+F33/30),F33))=X33,IF(N(E33)>0,E33&" x "&F33,F33&" reps"),IF(IF(N(H33)=0,0,IF(N(G33)>0,G33*(1+H33/30),H33))=X33,IF(N(G33)>0,G33&" x "&H33,H33&" reps"),IF(IF(N(J33)=0,0,IF(N(I33)>0,I33*(1+J33/30),J33))=X33,IF(N(I33)>0,I33&" x "&J33,J33&" reps"),IF(IF(N(L33)=0,0,IF(N(K33)>0,K33*(1+L33/30),L33))=X33,IF(N(K33)>0,K33&" x "&L33,L33&" reps"),IF(IF(N(N33)=0,0,IF(N(M33)>0,M33*(1+N33/30),N33))=X33,IF(N(M33)>0,M33&" x "&N33,N33&" reps"),"")))))) | R33: =IF(N(X33)=0,"",ROUND(X33,1)) | S33: =IF(N(X33)=0,"",IF(AND(COUNTIFS(Log!$D$6:$D$1505,D33,Log!$B$6:$B$1505,"<"&B33)>0,COUNTIFS(Log!$D$6:$D$1505,D33,Log!$B$6:$B$1505,"<"&B33,Log!$X$6:$X$1505,">="&X33)=0),"New best","")) | U33: =IF(D33="","",IFERROR(INDEX(Exercises!$C$6:$C$105,MATCH(D33,Exercises!$B$6:$B$105,0)),"Other")) | V33: =IF(B33="","",IF(COUNTIF($B$6:B33,B33)=1,1,0)) | W33: =IF(B33="","",B33-WEEKDAY(B33,3)) | X33: =IF(D33="","",MAX(IF(N(F33)=0,0,IF(N(E33)>0,E33*(1+F33/30),F33)),IF(N(H33)=0,0,IF(N(G33)>0,G33*(1+H33/30),H33)),IF(N(J33)=0,0,IF(N(I33)>0,I33*(1+J33/30),J33)),IF(N(L33)=0,0,IF(N(K33)>0,K33*(1+L33/30),L33)),IF(N(N33)=0,0,IF(N(M33)>0,M33*(1+N33/30),N33)))) | Y33: =IF(N(X33)=0,"",X33+ROW()/1000000000) | Z33: =IF(Y33="","",IF(COUNTIFS(Log!$D$6:$D$1505,D33,Log!$Y$6:$Y$1505,">"&Y33)=0,1,0)) | AA33: =IF(OR(B33="",D33=""),"",B33+ROW()/10000000) | AB33: =IF(AA33="","",IF(COUNTIFS(Log!$D$6:$D$1505,D33,Log!$AA$6:$AA$1505,">"&AA33)=0,1,0)) | AC33: =IF(S33="New best",AA33,"") | AD33: =ROW()
B34: 46217 | C34: Pull | D34: Biceps curl | E34: 25 | F34: 11 | G34: 25 | H34: 11 | I34: 25 | J34: 10 | O34: =IF(D34="","",COUNT(F34,H34,J34,L34,N34)) | P34: =IF(D34="","",N(E34)*N(F34)+N(G34)*N(H34)+N(I34)*N(J34)+N(K34)*N(L34)+N(M34)*N(N34)) | Q34: =IF(N(X34)=0,"",IF(IF(N(F34)=0,0,IF(N(E34)>0,E34*(1+F34/30),F34))=X34,IF(N(E34)>0,E34&" x "&F34,F34&" reps"),IF(IF(N(H34)=0,0,IF(N(G34)>0,G34*(1+H34/30),H34))=X34,IF(N(G34)>0,G34&" x "&H34,H34&" reps"),IF(IF(N(J34)=0,0,IF(N(I34)>0,I34*(1+J34/30),J34))=X34,IF(N(I34)>0,I34&" x "&J34,J34&" reps"),IF(IF(N(L34)=0,0,IF(N(K34)>0,K34*(1+L34/30),L34))=X34,IF(N(K34)>0,K34&" x "&L34,L34&" reps"),IF(IF(N(N34)=0,0,IF(N(M34)>0,M34*(1+N34/30),N34))=X34,IF(N(M34)>0,M34&" x "&N34,N34&" reps"),"")))))) | R34: =IF(N(X34)=0,"",ROUND(X34,1)) | S34: =IF(N(X34)=0,"",IF(AND(COUNTIFS(Log!$D$6:$D$1505,D34,Log!$B$6:$B$1505,"<"&B34)>0,COUNTIFS(Log!$D$6:$D$1505,D34,Log!$B$6:$B$1505,"<"&B34,Log!$X$6:$X$1505,">="&X34)=0),"New best","")) | U34: =IF(D34="","",IFERROR(INDEX(Exercises!$C$6:$C$105,MATCH(D34,Exercises!$B$6:$B$105,0)),"Other")) | V34: =IF(B34="","",IF(COUNTIF($B$6:B34,B34)=1,1,0)) | W34: =IF(B34="","",B34-WEEKDAY(B34,3)) | X34: =IF(D34="","",MAX(IF(N(F34)=0,0,IF(N(E34)>0,E34*(1+F34/30),F34)),IF(N(H34)=0,0,IF(N(G34)>0,G34*(1+H34/30),H34)),IF(N(J34)=0,0,IF(N(I34)>0,I34*(1+J34/30),J34)),IF(N(L34)=0,0,IF(N(K34)>0,K34*(1+L34/30),L34)),IF(N(N34)=0,0,IF(N(M34)>0,M34*(1+N34/30),N34)))) | Y34: =IF(N(X34)=0,"",X34+ROW()/1000000000) | Z34: =IF(Y34="","",IF(COUNTIFS(Log!$D$6:$D$1505,D34,Log!$Y$6:$Y$1505,">"&Y34)=0,1,0)) | AA34: =IF(OR(B34="",D34=""),"",B34+ROW()/10000000) | AB34: =IF(AA34="","",IF(COUNTIFS(Log!$D$6:$D$1505,D34,Log!$AA$6:$AA$1505,">"&AA34)=0,1,0)) | AC34: =IF(S34="New best",AA34,"") | AD34: =ROW()
B35: 46218 | C35: Legs | D35: Squat | E35: 185 | F35: 6 | G35: 185 | H35: 5 | I35: 185 | J35: 5 | K35: 185 | L35: 5 | O35: =IF(D35="","",COUNT(F35,H35,J35,L35,N35)) | P35: =IF(D35="","",N(E35)*N(F35)+N(G35)*N(H35)+N(I35)*N(J35)+N(K35)*N(L35)+N(M35)*N(N35)) | Q35: =IF(N(X35)=0,"",IF(IF(N(F35)=0,0,IF(N(E35)>0,E35*(1+F35/30),F35))=X35,IF(N(E35)>0,E35&" x "&F35,F35&" reps"),IF(IF(N(H35)=0,0,IF(N(G35)>0,G35*(1+H35/30),H35))=X35,IF(N(G35)>0,G35&" x "&H35,H35&" reps"),IF(IF(N(J35)=0,0,IF(N(I35)>0,I35*(1+J35/30),J35))=X35,IF(N(I35)>0,I35&" x "&J35,J35&" reps"),IF(IF(N(L35)=0,0,IF(N(K35)>0,K35*(1+L35/30),L35))=X35,IF(N(K35)>0,K35&" x "&L35,L35&" reps"),IF(IF(N(N35)=0,0,IF(N(M35)>0,M35*(1+N35/30),N35))=X35,IF(N(M35)>0,M35&" x "&N35,N35&" reps"),"")))))) | R35: =IF(N(X35)=0,"",ROUND(X35,1)) | S35: =IF(N(X35)=0,"",IF(AND(COUNTIFS(Log!$D$6:$D$1505,D35,Log!$B$6:$B$1505,"<"&B35)>0,COUNTIFS(Log!$D$6:$D$1505,D35,Log!$B$6:$B$1505,"<"&B35,Log!$X$6:$X$1505,">="&X35)=0),"New best","")) | T35: Felt strong | U35: =IF(D35="","",IFERROR(INDEX(Exercises!$C$6:$C$105,MATCH(D35,Exercises!$B$6:$B$105,0)),"Other")) | V35: =IF(B35="","",IF(COUNTIF($B$6:B35,B35)=1,1,0)) | W35: =IF(B35="","",B35-WEEKDAY(B35,3)) | X35: =IF(D35="","",MAX(IF(N(F35)=0,0,IF(N(E35)>0,E35*(1+F35/30),F35)),IF(N(H35)=0,0,IF(N(G35)>0,G35*(1+H35/30),H35)),IF(N(J35)=0,0,IF(N(I35)>0,I35*(1+J35/30),J35)),IF(N(L35)=0,0,IF(N(K35)>0,K35*(1+L35/30),L35)),IF(N(N35)=0,0,IF(N(M35)>0,M35*(1+N35/30),N35)))) | Y35: =IF(N(X35)=0,"",X35+ROW()/1000000000) | Z35: =IF(Y35="","",IF(COUNTIFS(Log!$D$6:$D$1505,D35,Log!$Y$6:$Y$1505,">"&Y35)=0,1,0)) | AA35: =IF(OR(B35="",D35=""),"",B35+ROW()/10000000) | AB35: =IF(AA35="","",IF(COUNTIFS(Log!$D$6:$D$1505,D35,Log!$AA$6:$AA$1505,">"&AA35)=0,1,0)) | AC35: =IF(S35="New best",AA35,"") | AD35: =ROW()
B36: 46218 | C36: Legs | D36: Romanian deadlift | E36: 155 | F36: 10 | G36: 155 | H36: 8 | I36: 155 | J36: 8 | O36: =IF(D36="","",COUNT(F36,H36,J36,L36,N36)) | P36: =IF(D36="","",N(E36)*N(F36)+N(G36)*N(H36)+N(I36)*N(J36)+N(K36)*N(L36)+N(M36)*N(N36)) | Q36: =IF(N(X36)=0,"",IF(IF(N(F36)=0,0,IF(N(E36)>0,E36*(1+F36/30),F36))=X36,IF(N(E36)>0,E36&" x "&F36,F36&" reps"),IF(IF(N(H36)=0,0,IF(N(G36)>0,G36*(1+H36/30),H36))=X36,IF(N(G36)>0,G36&" x "&H36,H36&" reps"),IF(IF(N(J36)=0,0,IF(N(I36)>0,I36*(1+J36/30),J36))=X36,IF(N(I36)>0,I36&" x "&J36,J36&" reps"),IF(IF(N(L36)=0,0,IF(N(K36)>0,K36*(1+L36/30),L36))=X36,IF(N(K36)>0,K36&" x "&L36,L36&" reps"),IF(IF(N(N36)=0,0,IF(N(M36)>0,M36*(1+N36/30),N36))=X36,IF(N(M36)>0,M36&" x "&N36,N36&" reps"),"")))))) | R36: =IF(N(X36)=0,"",ROUND(X36,1)) | S36: =IF(N(X36)=0,"",IF(AND(COUNTIFS(Log!$D$6:$D$1505,D36,Log!$B$6:$B$1505,"<"&B36)>0,COUNTIFS(Log!$D$6:$D$1505,D36,Log!$B$6:$B$1505,"<"&B36,Log!$X$6:$X$1505,">="&X36)=0),"New best","")) | U36: =IF(D36="","",IFERROR(INDEX(Exercises!$C$6:$C$105,MATCH(D36,Exercises!$B$6:$B$105,0)),"Other")) | V36: =IF(B36="","",IF(COUNTIF($B$6:B36,B36)=1,1,0)) | W36: =IF(B36="","",B36-WEEKDAY(B36,3)) | X36: =IF(D36="","",MAX(IF(N(F36)=0,0,IF(N(E36)>0,E36*(1+F36/30),F36)),IF(N(H36)=0,0,IF(N(G36)>0,G36*(1+H36/30),H36)),IF(N(J36)=0,0,IF(N(I36)>0,I36*(1+J36/30),J36)),IF(N(L36)=0,0,IF(N(K36)>0,K36*(1+L36/30),L36)),IF(N(N36)=0,0,IF(N(M36)>0,M36*(1+N36/30),N36)))) | Y36: =IF(N(X36)=0,"",X36+ROW()/1000000000) | Z36: =IF(Y36="","",IF(COUNTIFS(Log!$D$6:$D$1505,D36,Log!$Y$6:$Y$1505,">"&Y36)=0,1,0)) | AA36: =IF(OR(B36="",D36=""),"",B36+ROW()/10000000) | AB36: =IF(AA36="","",IF(COUNTIFS(Log!$D$6:$D$1505,D36,Log!$AA$6:$AA$1505,">"&AA36)=0,1,0)) | AC36: =IF(S36="New best",AA36,"") | AD36: =ROW()
B37: 46218 | C37: Legs | D37: Leg press | E37: 270 | F37: 11 | G37: 270 | H37: 10 | I37: 270 | J37: 10 | O37: =IF(D37="","",COUNT(F37,H37,J37,L37,N37)) | P37: =IF(D37="","",N(E37)*N(F37)+N(G37)*N(H37)+N(I37)*N(J37)+N(K37)*N(L37)+N(M37)*N(N37)) | Q37: =IF(N(X37)=0,"",IF(IF(N(F37)=0,0,IF(N(E37)>0,E37*(1+F37/30),F37))=X37,IF(N(E37)>0,E37&" x "&F37,F37&" reps"),IF(IF(N(H37)=0,0,IF(N(G37)>0,G37*(1+H37/30),H37))=X37,IF(N(G37)>0,G37&" x "&H37,H37&" reps"),IF(IF(N(J37)=0,0,IF(N(I37)>0,I37*(1+J37/30),J37))=X37,IF(N(I37)>0,I37&" x "&J37,J37&" reps"),IF(IF(N(L37)=0,0,IF(N(K37)>0,K37*(1+L37/30),L37))=X37,IF(N(K37)>0,K37&" x "&L37,L37&" reps"),IF(IF(N(N37)=0,0,IF(N(M37)>0,M37*(1+N37/30),N37))=X37,IF(N(M37)>0,M37&" x "&N37,N37&" reps"),"")))))) | R37: =IF(N(X37)=0,"",ROUND(X37,1)) | S37: =IF(N(X37)=0,"",IF(AND(COUNTIFS(Log!$D$6:$D$1505,D37,Log!$B$6:$B$1505,"<"&B37)>0,COUNTIFS(Log!$D$6:$D$1505,D37,Log!$B$6:$B$1505,"<"&B37,Log!$X$6:$X$1505,">="&X37)=0),"New best","")) | T37: Short on time | U37: =IF(D37="","",IFERROR(INDEX(Exercises!$C$6:$C$105,MATCH(D37,Exercises!$B$6:$B$105,0)),"Other")) | V37: =IF(B37="","",IF(COUNTIF($B$6:B37,B37)=1,1,0)) | W37: =IF(B37="","",B37-WEEKDAY(B37,3)) | X37: =IF(D37="","",MAX(IF(N(F37)=0,0,IF(N(E37)>0,E37*(1+F37/30),F37)),IF(N(H37)=0,0,IF(N(G37)>0,G37*(1+H37/30),H37)),IF(N(J37)=0,0,IF(N(I37)>0,I37*(1+J37/30),J37)),IF(N(L37)=0,0,IF(N(K37)>0,K37*(1+L37/30),L37)),IF(N(N37)=0,0,IF(N(M37)>0,M37*(1+N37/30),N37)))) | Y37: =IF(N(X37)=0,"",X37+ROW()/1000000000) | Z37: =IF(Y37="","",IF(COUNTIFS(Log!$D$6:$D$1505,D37,Log!$Y$6:$Y$1505,">"&Y37)=0,1,0)) | AA37: =IF(OR(B37="",D37=""),"",B37+ROW()/10000000) | AB37: =IF(AA37="","",IF(COUNTIFS(Log!$D$6:$D$1505,D37,Log!$AA$6:$AA$1505,">"&AA37)=0,1,0)) | AC37: =IF(S37="New best",AA37,"") | AD37: =ROW()
B38: 46218 | C38: Legs | D38: Leg curl | E38: 70 | F38: 11 | G38: 70 | H38: 11 | I38: 70 | J38: 10 | O38: =IF(D38="","",COUNT(F38,H38,J38,L38,N38)) | P38: =IF(D38="","",N(E38)*N(F38)+N(G38)*N(H38)+N(I38)*N(J38)+N(K38)*N(L38)+N(M38)*N(N38)) | Q38: =IF(N(X38)=0,"",IF(IF(N(F38)=0,0,IF(N(E38)>0,E38*(1+F38/30),F38))=X38,IF(N(E38)>0,E38&" x "&F38,F38&" reps"),IF(IF(N(H38)=0,0,IF(N(G38)>0,G38*(1+H38/30),H38))=X38,IF(N(G38)>0,G38&" x "&H38,H38&" reps"),IF(IF(N(J38)=0,0,IF(N(I38)>0,I38*(1+J38/30),J38))=X38,IF(N(I38)>0,I38&" x "&J38,J38&" reps"),IF(IF(N(L38)=0,0,IF(N(K38)>0,K38*(1+L38/30),L38))=X38,IF(N(K38)>0,K38&" x "&L38,L38&" reps"),IF(IF(N(N38)=0,0,IF(N(M38)>0,M38*(1+N38/30),N38))=X38,IF(N(M38)>0,M38&" x "&N38,N38&" reps"),"")))))) | R38: =IF(N(X38)=0,"",ROUND(X38,1)) | S38: =IF(N(X38)=0,"",IF(AND(COUNTIFS(Log!$D$6:$D$1505,D38,Log!$B$6:$B$1505,"<"&B38)>0,COUNTIFS(Log!$D$6:$D$1505,D38,Log!$B$6:$B$1505,"<"&B38,Log!$X$6:$X$1505,">="&X38)=0),"New best","")) | U38: =IF(D38="","",IFERROR(INDEX(Exercises!$C$6:$C$105,MATCH(D38,Exercises!$B$6:$B$105,0)),"Other")) | V38: =IF(B38="","",IF(COUNTIF($B$6:B38,B38)=1,1,0)) | W38: =IF(B38="","",B38-WEEKDAY(B38,3)) | X38: =IF(D38="","",MAX(IF(N(F38)=0,0,IF(N(E38)>0,E38*(1+F38/30),F38)),IF(N(H38)=0,0,IF(N(G38)>0,G38*(1+H38/30),H38)),IF(N(J38)=0,0,IF(N(I38)>0,I38*(1+J38/30),J38)),IF(N(L38)=0,0,IF(N(K38)>0,K38*(1+L38/30),L38)),IF(N(N38)=0,0,IF(N(M38)>0,M38*(1+N38/30),N38)))) | Y38: =IF(N(X38)=0,"",X38+ROW()/1000000000) | Z38: =IF(Y38="","",IF(COUNTIFS(Log!$D$6:$D$1505,D38,Log!$Y$6:$Y$1505,">"&Y38)=0,1,0)) | AA38: =IF(OR(B38="",D38=""),"",B38+ROW()/10000000) | AB38: =IF(AA38="","",IF(COUNTIFS(Log!$D$6:$D$1505,D38,Log!$AA$6:$AA$1505,">"&AA38)=0,1,0)) | AC38: =IF(S38="New best",AA38,"") | AD38: =ROW()
B39: 46218 | C39: Legs | D39: Calf raise | E39: 90 | F39: 15 | G39: 90 | H39: 13 | I39: 90 | J39: 12 | K39: 90 | L39: 12 | O39: =IF(D39="","",COUNT(F39,H39,J39,L39,N39)) | P39: =IF(D39="","",N(E39)*N(F39)+N(G39)*N(H39)+N(I39)*N(J39)+N(K39)*N(L39)+N(M39)*N(N39)) | Q39: =IF(N(X39)=0,"",IF(IF(N(F39)=0,0,IF(N(E39)>0,E39*(1+F39/30),F39))=X39,IF(N(E39)>0,E39&" x "&F39,F39&" reps"),IF(IF(N(H39)=0,0,IF(N(G39)>0,G39*(1+H39/30),H39))=X39,IF(N(G39)>0,G39&" x "&H39,H39&" reps"),IF(IF(N(J39)=0,0,IF(N(I39)>0,I39*(1+J39/30),J39))=X39,IF(N(I39)>0,I39&" x "&J39,J39&" reps"),IF(IF(N(L39)=0,0,IF(N(K39)>0,K39*(1+L39/30),L39))=X39,IF(N(K39)>0,K39&" x "&L39,L39&" reps"),IF(IF(N(N39)=0,0,IF(N(M39)>0,M39*(1+N39/30),N39))=X39,IF(N(M39)>0,M39&" x "&N39,N39&" reps"),"")))))) | R39: =IF(N(X39)=0,"",ROUND(X39,1)) | S39: =IF(N(X39)=0,"",IF(AND(COUNTIFS(Log!$D$6:$D$1505,D39,Log!$B$6:$B$1505,"<"&B39)>0,COUNTIFS(Log!$D$6:$D$1505,D39,Log!$B$6:$B$1505,"<"&B39,Log!$X$6:$X$1505,">="&X39)=0),"New best","")) | U39: =IF(D39="","",IFERROR(INDEX(Exercises!$C$6:$C$105,MATCH(D39,Exercises!$B$6:$B$105,0)),"Other")) | V39: =IF(B39="","",IF(COUNTIF($B$6:B39,B39)=1,1,0)) | W39: =IF(B39="","",B39-WEEKDAY(B39,3)) | X39: =IF(D39="","",MAX(IF(N(F39)=0,0,IF(N(E39)>0,E39*(1+F39/30),F39)),IF(N(H39)=0,0,IF(N(G39)>0,G39*(1+H39/30),H39)),IF(N(J39)=0,0,IF(N(I39)>0,I39*(1+J39/30),J39)),IF(N(L39)=0,0,IF(N(K39)>0,K39*(1+L39/30),L39)),IF(N(N39)=0,0,IF(N(M39)>0,M39*(1+N39/30),N39)))) | Y39: =IF(N(X39)=0,"",X39+ROW()/1000000000) | Z39: =IF(Y39="","",IF(COUNTIFS(Log!$D$6:$D$1505,D39,Log!$Y$6:$Y$1505,">"&Y39)=0,1,0)) | AA39: =IF(OR(B39="",D39=""),"",B39+ROW()/10000000) | AB39: =IF(AA39="","",IF(COUNTIFS(Log!$D$6:$D$1505,D39,Log!$AA$6:$AA$1505,">"&AA39)=0,1,0)) | AC39: =IF(S39="New best",AA39,"") | AD39: =ROW()
B40: 46220 | C40: Upper | D40: Bench press | E40: 120 | F40: 9 | G40: 120 | H40: 9 | I40: 120 | J40: 8 | O40: =IF(D40="","",COUNT(F40,H40,J40,L40,N40)) | P40: =IF(D40="","",N(E40)*N(F40)+N(G40)*N(H40)+N(I40)*N(J40)+N(K40)*N(L40)+N(M40)*N(N40)) | Q40: =IF(N(X40)=0,"",IF(IF(N(F40)=0,0,IF(N(E40)>0,E40*(1+F40/30),F40))=X40,IF(N(E40)>0,E40&" x "&F40,F40&" reps"),IF(IF(N(H40)=0,0,IF(N(G40)>0,G40*(1+H40/30),H40))=X40,IF(N(G40)>0,G40&" x "&H40,H40&" reps"),IF(IF(N(J40)=0,0,IF(N(I40)>0,I40*(1+J40/30),J40))=X40,IF(N(I40)>0,I40&" x "&J40,J40&" reps"),IF(IF(N(L40)=0,0,IF(N(K40)>0,K40*(1+L40/30),L40))=X40,IF(N(K40)>0,K40&" x "&L40,L40&" reps"),IF(IF(N(N40)=0,0,IF(N(M40)>0,M40*(1+N40/30),N40))=X40,IF(N(M40)>0,M40&" x "&N40,N40&" reps"),"")))))) | R40: =IF(N(X40)=0,"",ROUND(X40,1)) | S40: =IF(N(X40)=0,"",IF(AND(COUNTIFS(Log!$D$6:$D$1505,D40,Log!$B$6:$B$1505,"<"&B40)>0,COUNTIFS(Log!$D$6:$D$1505,D40,Log!$B$6:$B$1505,"<"&B40,Log!$X$6:$X$1505,">="&X40)=0),"New best","")) | U40: =IF(D40="","",IFERROR(INDEX(Exercises!$C$6:$C$105,MATCH(D40,Exercises!$B$6:$B$105,0)),"Other")) | V40: =IF(B40="","",IF(COUNTIF($B$6:B40,B40)=1,1,0)) | W40: =IF(B40="","",B40-WEEKDAY(B40,3)) | X40: =IF(D40="","",MAX(IF(N(F40)=0,0,IF(N(E40)>0,E40*(1+F40/30),F40)),IF(N(H40)=0,0,IF(N(G40)>0,G40*(1+H40/30),H40)),IF(N(J40)=0,0,IF(N(I40)>0,I40*(1+J40/30),J40)),IF(N(L40)=0,0,IF(N(K40)>0,K40*(1+L40/30),L40)),IF(N(N40)=0,0,IF(N(M40)>0,M40*(1+N40/30),N40)))) | Y40: =IF(N(X40)=0,"",X40+ROW()/1000000000) | Z40: =IF(Y40="","",IF(COUNTIFS(Log!$D$6:$D$1505,D40,Log!$Y$6:$Y$1505,">"&Y40)=0,1,0)) | AA40: =IF(OR(B40="",D40=""),"",B40+ROW()/10000000) | AB40: =IF(AA40="","",IF(COUNTIFS(Log!$D$6:$D$1505,D40,Log!$AA$6:$AA$1505,">"&AA40)=0,1,0)) | AC40: =IF(S40="New best",AA40,"") | AD40: =ROW()
B41: 46220 | C41: Upper | D41: Barbell row | E41: 105 | F41: 9 | G41: 105 | H41: 8 | I41: 105 | J41: 8 | O41: =IF(D41="","",COUNT(F41,H41,J41,L41,N41)) | P41: =IF(D41="","",N(E41)*N(F41)+N(G41)*N(H41)+N(I41)*N(J41)+N(K41)*N(L41)+N(M41)*N(N41)) | Q41: =IF(N(X41)=0,"",IF(IF(N(F41)=0,0,IF(N(E41)>0,E41*(1+F41/30),F41))=X41,IF(N(E41)>0,E41&" x "&F41,F41&" reps"),IF(IF(N(H41)=0,0,IF(N(G41)>0,G41*(1+H41/30),H41))=X41,IF(N(G41)>0,G41&" x "&H41,H41&" reps"),IF(IF(N(J41)=0,0,IF(N(I41)>0,I41*(1+J41/30),J41))=X41,IF(N(I41)>0,I41&" x "&J41,J41&" reps"),IF(IF(N(L41)=0,0,IF(N(K41)>0,K41*(1+L41/30),L41))=X41,IF(N(K41)>0,K41&" x "&L41,L41&" reps"),IF(IF(N(N41)=0,0,IF(N(M41)>0,M41*(1+N41/30),N41))=X41,IF(N(M41)>0,M41&" x "&N41,N41&" reps"),"")))))) | R41: =IF(N(X41)=0,"",ROUND(X41,1)) | S41: =IF(N(X41)=0,"",IF(AND(COUNTIFS(Log!$D$6:$D$1505,D41,Log!$B$6:$B$1505,"<"&B41)>0,COUNTIFS(Log!$D$6:$D$1505,D41,Log!$B$6:$B$1505,"<"&B41,Log!$X$6:$X$1505,">="&X41)=0),"New best","")) | T41: Short on time | U41: =IF(D41="","",IFERROR(INDEX(Exercises!$C$6:$C$105,MATCH(D41,Exercises!$B$6:$B$105,0)),"Other")) | V41: =IF(B41="","",IF(COUNTIF($B$6:B41,B41)=1,1,0)) | W41: =IF(B41="","",B41-WEEKDAY(B41,3)) | X41: =IF(D41="","",MAX(IF(N(F41)=0,0,IF(N(E41)>0,E41*(1+F41/30),F41)),IF(N(H41)=0,0,IF(N(G41)>0,G41*(1+H41/30),H41)),IF(N(J41)=0,0,IF(N(I41)>0,I41*(1+J41/30),J41)),IF(N(L41)=0,0,IF(N(K41)>0,K41*(1+L41/30),L41)),IF(N(N41)=0,0,IF(N(M41)>0,M41*(1+N41/30),N41)))) | Y41: =IF(N(X41)=0,"",X41+ROW()/1000000000) | Z41: =IF(Y41="","",IF(COUNTIFS(Log!$D$6:$D$1505,D41,Log!$Y$6:$Y$1505,">"&Y41)=0,1,0)) | AA41: =IF(OR(B41="",D41=""),"",B41+ROW()/10000000) | AB41: =IF(AA41="","",IF(COUNTIFS(Log!$D$6:$D$1505,D41,Log!$AA$6:$AA$1505,">"&AA41)=0,1,0)) | AC41: =IF(S41="New best",AA41,"") | AD41: =ROW()
B42: 46220 | C42: Upper | D42: Overhead press | E42: 75 | F42: 9 | G42: 75 | H42: 8 | I42: 75 | J42: 8 | O42: =IF(D42="","",COUNT(F42,H42,J42,L42,N42)) | P42: =IF(D42="","",N(E42)*N(F42)+N(G42)*N(H42)+N(I42)*N(J42)+N(K42)*N(L42)+N(M42)*N(N42)) | Q42: =IF(N(X42)=0,"",IF(IF(N(F42)=0,0,IF(N(E42)>0,E42*(1+F42/30),F42))=X42,IF(N(E42)>0,E42&" x "&F42,F42&" reps"),IF(IF(N(H42)=0,0,IF(N(G42)>0,G42*(1+H42/30),H42))=X42,IF(N(G42)>0,G42&" x "&H42,H42&" reps"),IF(IF(N(J42)=0,0,IF(N(I42)>0,I42*(1+J42/30),J42))=X42,IF(N(I42)>0,I42&" x "&J42,J42&" reps"),IF(IF(N(L42)=0,0,IF(N(K42)>0,K42*(1+L42/30),L42))=X42,IF(N(K42)>0,K42&" x "&L42,L42&" reps"),IF(IF(N(N42)=0,0,IF(N(M42)>0,M42*(1+N42/30),N42))=X42,IF(N(M42)>0,M42&" x "&N42,N42&" reps"),"")))))) | R42: =IF(N(X42)=0,"",ROUND(X42,1)) | S42: =IF(N(X42)=0,"",IF(AND(COUNTIFS(Log!$D$6:$D$1505,D42,Log!$B$6:$B$1505,"<"&B42)>0,COUNTIFS(Log!$D$6:$D$1505,D42,Log!$B$6:$B$1505,"<"&B42,Log!$X$6:$X$1505,">="&X42)=0),"New best","")) | U42: =IF(D42="","",IFERROR(INDEX(Exercises!$C$6:$C$105,MATCH(D42,Exercises!$B$6:$B$105,0)),"Other")) | V42: =IF(B42="","",IF(COUNTIF($B$6:B42,B42)=1,1,0)) | W42: =IF(B42="","",B42-WEEKDAY(B42,3)) | X42: =IF(D42="","",MAX(IF(N(F42)=0,0,IF(N(E42)>0,E42*(1+F42/30),F42)),IF(N(H42)=0,0,IF(N(G42)>0,G42*(1+H42/30),H42)),IF(N(J42)=0,0,IF(N(I42)>0,I42*(1+J42/30),J42)),IF(N(L42)=0,0,IF(N(K42)>0,K42*(1+L42/30),L42)),IF(N(N42)=0,0,IF(N(M42)>0,M42*(1+N42/30),N42)))) | Y42: =IF(N(X42)=0,"",X42+ROW()/1000000000) | Z42: =IF(Y42="","",IF(COUNTIFS(Log!$D$6:$D$1505,D42,Log!$Y$6:$Y$1505,">"&Y42)=0,1,0)) | AA42: =IF(OR(B42="",D42=""),"",B42+ROW()/10000000) | AB42: =IF(AA42="","",IF(COUNTIFS(Log!$D$6:$D$1505,D42,Log!$AA$6:$AA$1505,">"&AA42)=0,1,0)) | AC42: =IF(S42="New best",AA42,"") | AD42: =ROW()
B43: 46220 | C43: Upper | D43: Pull-up | F43: 6 | H43: 4 | J43: 3 | O43: =IF(D43="","",COUNT(F43,H43,J43,L43,N43)) | P43: =IF(D43="","",N(E43)*N(F43)+N(G43)*N(H43)+N(I43)*N(J43)+N(K43)*N(L43)+N(M43)*N(N43)) | Q43: =IF(N(X43)=0,"",IF(IF(N(F43)=0,0,IF(N(E43)>0,E43*(1+F43/30),F43))=X43,IF(N(E43)>0,E43&" x "&F43,F43&" reps"),IF(IF(N(H43)=0,0,IF(N(G43)>0,G43*(1+H43/30),H43))=X43,IF(N(G43)>0,G43&" x "&H43,H43&" reps"),IF(IF(N(J43)=0,0,IF(N(I43)>0,I43*(1+J43/30),J43))=X43,IF(N(I43)>0,I43&" x "&J43,J43&" reps"),IF(IF(N(L43)=0,0,IF(N(K43)>0,K43*(1+L43/30),L43))=X43,IF(N(K43)>0,K43&" x "&L43,L43&" reps"),IF(IF(N(N43)=0,0,IF(N(M43)>0,M43*(1+N43/30),N43))=X43,IF(N(M43)>0,M43&" x "&N43,N43&" reps"),"")))))) | R43: =IF(N(X43)=0,"",ROUND(X43,1)) | S43: =IF(N(X43)=0,"",IF(AND(COUNTIFS(Log!$D$6:$D$1505,D43,Log!$B$6:$B$1505,"<"&B43)>0,COUNTIFS(Log!$D$6:$D$1505,D43,Log!$B$6:$B$1505,"<"&B43,Log!$X$6:$X$1505,">="&X43)=0),"New best","")) | U43: =IF(D43="","",IFERROR(INDEX(Exercises!$C$6:$C$105,MATCH(D43,Exercises!$B$6:$B$105,0)),"Other")) | V43: =IF(B43="","",IF(COUNTIF($B$6:B43,B43)=1,1,0)) | W43: =IF(B43="","",B43-WEEKDAY(B43,3)) | X43: =IF(D43="","",MAX(IF(N(F43)=0,0,IF(N(E43)>0,E43*(1+F43/30),F43)),IF(N(H43)=0,0,IF(N(G43)>0,G43*(1+H43/30),H43)),IF(N(J43)=0,0,IF(N(I43)>0,I43*(1+J43/30),J43)),IF(N(L43)=0,0,IF(N(K43)>0,K43*(1+L43/30),L43)),IF(N(N43)=0,0,IF(N(M43)>0,M43*(1+N43/30),N43)))) | Y43: =IF(N(X43)=0,"",X43+ROW()/1000000000) | Z43: =IF(Y43="","",IF(COUNTIFS(Log!$D$6:$D$1505,D43,Log!$Y$6:$Y$1505,">"&Y43)=0,1,0)) | AA43: =IF(OR(B43="",D43=""),"",B43+ROW()/10000000) | AB43: =IF(AA43="","",IF(COUNTIFS(Log!$D$6:$D$1505,D43,Log!$AA$6:$AA$1505,">"&AA43)=0,1,0)) | AC43: =IF(S43="New best",AA43,"") | AD43: =ROW()
B44: 46220 | C44: Upper | D44: Biceps curl | E44: 20 | F44: 11 | G44: 20 | H44: 10 | O44: =IF(D44="","",COUNT(F44,H44,J44,L44,N44)) | P44: =IF(D44="","",N(E44)*N(F44)+N(G44)*N(H44)+N(I44)*N(J44)+N(K44)*N(L44)+N(M44)*N(N44)) | Q44: =IF(N(X44)=0,"",IF(IF(N(F44)=0,0,IF(N(E44)>0,E44*(1+F44/30),F44))=X44,IF(N(E44)>0,E44&" x "&F44,F44&" reps"),IF(IF(N(H44)=0,0,IF(N(G44)>0,G44*(1+H44/30),H44))=X44,IF(N(G44)>0,G44&" x "&H44,H44&" reps"),IF(IF(N(J44)=0,0,IF(N(I44)>0,I44*(1+J44/30),J44))=X44,IF(N(I44)>0,I44&" x "&J44,J44&" reps"),IF(IF(N(L44)=0,0,IF(N(K44)>0,K44*(1+L44/30),L44))=X44,IF(N(K44)>0,K44&" x "&L44,L44&" reps"),IF(IF(N(N44)=0,0,IF(N(M44)>0,M44*(1+N44/30),N44))=X44,IF(N(M44)>0,M44&" x "&N44,N44&" reps"),"")))))) | R44: =IF(N(X44)=0,"",ROUND(X44,1)) | S44: =IF(N(X44)=0,"",IF(AND(COUNTIFS(Log!$D$6:$D$1505,D44,Log!$B$6:$B$1505,"<"&B44)>0,COUNTIFS(Log!$D$6:$D$1505,D44,Log!$B$6:$B$1505,"<"&B44,Log!$X$6:$X$1505,">="&X44)=0),"New best","")) | U44: =IF(D44="","",IFERROR(INDEX(Exercises!$C$6:$C$105,MATCH(D44,Exercises!$B$6:$B$105,0)),"Other")) | V44: =IF(B44="","",IF(COUNTIF($B$6:B44,B44)=1,1,0)) | W44: =IF(B44="","",B44-WEEKDAY(B44,3)) | X44: =IF(D44="","",MAX(IF(N(F44)=0,0,IF(N(E44)>0,E44*(1+F44/30),F44)),IF(N(H44)=0,0,IF(N(G44)>0,G44*(1+H44/30),H44)),IF(N(J44)=0,0,IF(N(I44)>0,I44*(1+J44/30),J44)),IF(N(L44)=0,0,IF(N(K44)>0,K44*(1+L44/30),L44)),IF(N(N44)=0,0,IF(N(M44)>0,M44*(1+N44/30),N44)))) | Y44: =IF(N(X44)=0,"",X44+ROW()/1000000000) | Z44: =IF(Y44="","",IF(COUNTIFS(Log!$D$6:$D$1505,D44,Log!$Y$6:$Y$1505,">"&Y44)=0,1,0)) | AA44: =IF(OR(B44="",D44=""),"",B44+ROW()/10000000) | AB44: =IF(AA44="","",IF(COUNTIFS(Log!$D$6:$D$1505,D44,Log!$AA$6:$AA$1505,">"&AA44)=0,1,0)) | AC44: =IF(S44="New best",AA44,"") | AD44: =ROW()
B45: 46220 | C45: Upper | D45: Triceps pushdown | E45: 35 | F45: 11 | G45: 35 | H45: 10 | O45: =IF(D45="","",COUNT(F45,H45,J45,L45,N45)) | P45: =IF(D45="","",N(E45)*N(F45)+N(G45)*N(H45)+N(I45)*N(J45)+N(K45)*N(L45)+N(M45)*N(N45)) | Q45: =IF(N(X45)=0,"",IF(IF(N(F45)=0,0,IF(N(E45)>0,E45*(1+F45/30),F45))=X45,IF(N(E45)>0,E45&" x "&F45,F45&" reps"),IF(IF(N(H45)=0,0,IF(N(G45)>0,G45*(1+H45/30),H45))=X45,IF(N(G45)>0,G45&" x "&H45,H45&" reps"),IF(IF(N(J45)=0,0,IF(N(I45)>0,I45*(1+J45/30),J45))=X45,IF(N(I45)>0,I45&" x "&J45,J45&" reps"),IF(IF(N(L45)=0,0,IF(N(K45)>0,K45*(1+L45/30),L45))=X45,IF(N(K45)>0,K45&" x "&L45,L45&" reps"),IF(IF(N(N45)=0,0,IF(N(M45)>0,M45*(1+N45/30),N45))=X45,IF(N(M45)>0,M45&" x "&N45,N45&" reps"),"")))))) | R45: =IF(N(X45)=0,"",ROUND(X45,1)) | S45: =IF(N(X45)=0,"",IF(AND(COUNTIFS(Log!$D$6:$D$1505,D45,Log!$B$6:$B$1505,"<"&B45)>0,COUNTIFS(Log!$D$6:$D$1505,D45,Log!$B$6:$B$1505,"<"&B45,Log!$X$6:$X$1505,">="&X45)=0),"New best","")) | U45: =IF(D45="","",IFERROR(INDEX(Exercises!$C$6:$C$105,MATCH(D45,Exercises!$B$6:$B$105,0)),"Other")) | V45: =IF(B45="","",IF(COUNTIF($B$6:B45,B45)=1,1,0)) | W45: =IF(B45="","",B45-WEEKDAY(B45,3)) | X45: =IF(D45="","",MAX(IF(N(F45)=0,0,IF(N(E45)>0,E45*(1+F45/30),F45)),IF(N(H45)=0,0,IF(N(G45)>0,G45*(1+H45/30),H45)),IF(N(J45)=0,0,IF(N(I45)>0,I45*(1+J45/30),J45)),IF(N(L45)=0,0,IF(N(K45)>0,K45*(1+L45/30),L45)),IF(N(N45)=0,0,IF(N(M45)>0,M45*(1+N45/30),N45)))) | Y45: =IF(N(X45)=0,"",X45+ROW()/1000000000) | Z45: =IF(Y45="","",IF(COUNTIFS(Log!$D$6:$D$1505,D45,Log!$Y$6:$Y$1505,">"&Y45)=0,1,0)) | AA45: =IF(OR(B45="",D45=""),"",B45+ROW()/10000000) | AB45: =IF(AA45="","",IF(COUNTIFS(Log!$D$6:$D$1505,D45,Log!$AA$6:$AA$1505,">"&AA45)=0,1,0)) | AC45: =IF(S45="New best",AA45,"") | AD45: =ROW()
B46: 46221 | C46: Lower | D46: Squat | E46: 165 | F46: 8 | G46: 165 | H46: 8 | I46: 165 | J46: 8 | O46: =IF(D46="","",COUNT(F46,H46,J46,L46,N46)) | P46: =IF(D46="","",N(E46)*N(F46)+N(G46)*N(H46)+N(I46)*N(J46)+N(K46)*N(L46)+N(M46)*N(N46)) | Q46: =IF(N(X46)=0,"",IF(IF(N(F46)=0,0,IF(N(E46)>0,E46*(1+F46/30),F46))=X46,IF(N(E46)>0,E46&" x "&F46,F46&" reps"),IF(IF(N(H46)=0,0,IF(N(G46)>0,G46*(1+H46/30),H46))=X46,IF(N(G46)>0,G46&" x "&H46,H46&" reps"),IF(IF(N(J46)=0,0,IF(N(I46)>0,I46*(1+J46/30),J46))=X46,IF(N(I46)>0,I46&" x "&J46,J46&" reps"),IF(IF(N(L46)=0,0,IF(N(K46)>0,K46*(1+L46/30),L46))=X46,IF(N(K46)>0,K46&" x "&L46,L46&" reps"),IF(IF(N(N46)=0,0,IF(N(M46)>0,M46*(1+N46/30),N46))=X46,IF(N(M46)>0,M46&" x "&N46,N46&" reps"),"")))))) | R46: =IF(N(X46)=0,"",ROUND(X46,1)) | S46: =IF(N(X46)=0,"",IF(AND(COUNTIFS(Log!$D$6:$D$1505,D46,Log!$B$6:$B$1505,"<"&B46)>0,COUNTIFS(Log!$D$6:$D$1505,D46,Log!$B$6:$B$1505,"<"&B46,Log!$X$6:$X$1505,">="&X46)=0),"New best","")) | T46: Felt strong | U46: =IF(D46="","",IFERROR(INDEX(Exercises!$C$6:$C$105,MATCH(D46,Exercises!$B$6:$B$105,0)),"Other")) | V46: =IF(B46="","",IF(COUNTIF($B$6:B46,B46)=1,1,0)) | W46: =IF(B46="","",B46-WEEKDAY(B46,3)) | X46: =IF(D46="","",MAX(IF(N(F46)=0,0,IF(N(E46)>0,E46*(1+F46/30),F46)),IF(N(H46)=0,0,IF(N(G46)>0,G46*(1+H46/30),H46)),IF(N(J46)=0,0,IF(N(I46)>0,I46*(1+J46/30),J46)),IF(N(L46)=0,0,IF(N(K46)>0,K46*(1+L46/30),L46)),IF(N(N46)=0,0,IF(N(M46)>0,M46*(1+N46/30),N46)))) | Y46: =IF(N(X46)=0,"",X46+ROW()/1000000000) | Z46: =IF(Y46="","",IF(COUNTIFS(Log!$D$6:$D$1505,D46,Log!$Y$6:$Y$1505,">"&Y46)=0,1,0)) | AA46: =IF(OR(B46="",D46=""),"",B46+ROW()/10000000) | AB46: =IF(AA46="","",IF(COUNTIFS(Log!$D$6:$D$1505,D46,Log!$AA$6:$AA$1505,">"&AA46)=0,1,0)) | AC46: =IF(S46="New best",AA46,"") | AD46: =ROW()
B47: 46221 | C47: Lower | D47: Romanian deadlift | E47: 140 | F47: 9 | G47: 140 | H47: 8 | I47: 140 | J47: 8 | O47: =IF(D47="","",COUNT(F47,H47,J47,L47,N47)) | P47: =IF(D47="","",N(E47)*N(F47)+N(G47)*N(H47)+N(I47)*N(J47)+N(K47)*N(L47)+N(M47)*N(N47)) | Q47: =IF(N(X47)=0,"",IF(IF(N(F47)=0,0,IF(N(E47)>0,E47*(1+F47/30),F47))=X47,IF(N(E47)>0,E47&" x "&F47,F47&" reps"),IF(IF(N(H47)=0,0,IF(N(G47)>0,G47*(1+H47/30),H47))=X47,IF(N(G47)>0,G47&" x "&H47,H47&" reps"),IF(IF(N(J47)=0,0,IF(N(I47)>0,I47*(1+J47/30),J47))=X47,IF(N(I47)>0,I47&" x "&J47,J47&" reps"),IF(IF(N(L47)=0,0,IF(N(K47)>0,K47*(1+L47/30),L47))=X47,IF(N(K47)>0,K47&" x "&L47,L47&" reps"),IF(IF(N(N47)=0,0,IF(N(M47)>0,M47*(1+N47/30),N47))=X47,IF(N(M47)>0,M47&" x "&N47,N47&" reps"),"")))))) | R47: =IF(N(X47)=0,"",ROUND(X47,1)) | S47: =IF(N(X47)=0,"",IF(AND(COUNTIFS(Log!$D$6:$D$1505,D47,Log!$B$6:$B$1505,"<"&B47)>0,COUNTIFS(Log!$D$6:$D$1505,D47,Log!$B$6:$B$1505,"<"&B47,Log!$X$6:$X$1505,">="&X47)=0),"New best","")) | T47: Slept badly | U47: =IF(D47="","",IFERROR(INDEX(Exercises!$C$6:$C$105,MATCH(D47,Exercises!$B$6:$B$105,0)),"Other")) | V47: =IF(B47="","",IF(COUNTIF($B$6:B47,B47)=1,1,0)) | W47: =IF(B47="","",B47-WEEKDAY(B47,3)) | X47: =IF(D47="","",MAX(IF(N(F47)=0,0,IF(N(E47)>0,E47*(1+F47/30),F47)),IF(N(H47)=0,0,IF(N(G47)>0,G47*(1+H47/30),H47)),IF(N(J47)=0,0,IF(N(I47)>0,I47*(1+J47/30),J47)),IF(N(L47)=0,0,IF(N(K47)>0,K47*(1+L47/30),L47)),IF(N(N47)=0,0,IF(N(M47)>0,M47*(1+N47/30),N47)))) | Y47: =IF(N(X47)=0,"",X47+ROW()/1000000000) | Z47: =IF(Y47="","",IF(COUNTIFS(Log!$D$6:$D$1505,D47,Log!$Y$6:$Y$1505,">"&Y47)=0,1,0)) | AA47: =IF(OR(B47="",D47=""),"",B47+ROW()/10000000) | AB47: =IF(AA47="","",IF(COUNTIFS(Log!$D$6:$D$1505,D47,Log!$AA$6:$AA$1505,">"&AA47)=0,1,0)) | AC47: =IF(S47="New best",AA47,"") | AD47: =ROW()
B48: 46221 | C48: Lower | D48: Leg press | E48: 245 | F48: 15 | G48: 245 | H48: 14 | I48: 245 | J48: 12 | O48: =IF(D48="","",COUNT(F48,H48,J48,L48,N48)) | P48: =IF(D48="","",N(E48)*N(F48)+N(G48)*N(H48)+N(I48)*N(J48)+N(K48)*N(L48)+N(M48)*N(N48)) | Q48: =IF(N(X48)=0,"",IF(IF(N(F48)=0,0,IF(N(E48)>0,E48*(1+F48/30),F48))=X48,IF(N(E48)>0,E48&" x "&F48,F48&" reps"),IF(IF(N(H48)=0,0,IF(N(G48)>0,G48*(1+H48/30),H48))=X48,IF(N(G48)>0,G48&" x "&H48,H48&" reps"),IF(IF(N(J48)=0,0,IF(N(I48)>0,I48*(1+J48/30),J48))=X48,IF(N(I48)>0,I48&" x "&J48,J48&" reps"),IF(IF(N(L48)=0,0,IF(N(K48)>0,K48*(1+L48/30),L48))=X48,IF(N(K48)>0,K48&" x "&L48,L48&" reps"),IF(IF(N(N48)=0,0,IF(N(M48)>0,M48*(1+N48/30),N48))=X48,IF(N(M48)>0,M48&" x "&N48,N48&" reps"),"")))))) | R48: =IF(N(X48)=0,"",ROUND(X48,1)) | S48: =IF(N(X48)=0,"",IF(AND(COUNTIFS(Log!$D$6:$D$1505,D48,Log!$B$6:$B$1505,"<"&B48)>0,COUNTIFS(Log!$D$6:$D$1505,D48,Log!$B$6:$B$1505,"<"&B48,Log!$X$6:$X$1505,">="&X48)=0),"New best","")) | T48: Short on time | U48: =IF(D48="","",IFERROR(INDEX(Exercises!$C$6:$C$105,MATCH(D48,Exercises!$B$6:$B$105,0)),"Other")) | V48: =IF(B48="","",IF(COUNTIF($B$6:B48,B48)=1,1,0)) | W48: =IF(B48="","",B48-WEEKDAY(B48,3)) | X48: =IF(D48="","",MAX(IF(N(F48)=0,0,IF(N(E48)>0,E48*(1+F48/30),F48)),IF(N(H48)=0,0,IF(N(G48)>0,G48*(1+H48/30),H48)),IF(N(J48)=0,0,IF(N(I48)>0,I48*(1+J48/30),J48)),IF(N(L48)=0,0,IF(N(K48)>0,K48*(1+L48/30),L48)),IF(N(N48)=0,0,IF(N(M48)>0,M48*(1+N48/30),N48)))) | Y48: =IF(N(X48)=0,"",X48+ROW()/1000000000) | Z48: =IF(Y48="","",IF(COUNTIFS(Log!$D$6:$D$1505,D48,Log!$Y$6:$Y$1505,">"&Y48)=0,1,0)) | AA48: =IF(OR(B48="",D48=""),"",B48+ROW()/10000000) | AB48: =IF(AA48="","",IF(COUNTIFS(Log!$D$6:$D$1505,D48,Log!$AA$6:$AA$1505,">"&AA48)=0,1,0)) | AC48: =IF(S48="New best",AA48,"") | AD48: =ROW()
B49: 46221 | C49: Lower | D49: Calf raise | E49: 80 | F49: 15 | G49: 80 | H49: 15 | I49: 80 | J49: 15 | O49: =IF(D49="","",COUNT(F49,H49,J49,L49,N49)) | P49: =IF(D49="","",N(E49)*N(F49)+N(G49)*N(H49)+N(I49)*N(J49)+N(K49)*N(L49)+N(M49)*N(N49)) | Q49: =IF(N(X49)=0,"",IF(IF(N(F49)=0,0,IF(N(E49)>0,E49*(1+F49/30),F49))=X49,IF(N(E49)>0,E49&" x "&F49,F49&" reps"),IF(IF(N(H49)=0,0,IF(N(G49)>0,G49*(1+H49/30),H49))=X49,IF(N(G49)>0,G49&" x "&H49,H49&" reps"),IF(IF(N(J49)=0,0,IF(N(I49)>0,I49*(1+J49/30),J49))=X49,IF(N(I49)>0,I49&" x "&J49,J49&" reps"),IF(IF(N(L49)=0,0,IF(N(K49)>0,K49*(1+L49/30),L49))=X49,IF(N(K49)>0,K49&" x "&L49,L49&" reps"),IF(IF(N(N49)=0,0,IF(N(M49)>0,M49*(1+N49/30),N49))=X49,IF(N(M49)>0,M49&" x "&N49,N49&" reps"),"")))))) | R49: =IF(N(X49)=0,"",ROUND(X49,1)) | S49: =IF(N(X49)=0,"",IF(AND(COUNTIFS(Log!$D$6:$D$1505,D49,Log!$B$6:$B$1505,"<"&B49)>0,COUNTIFS(Log!$D$6:$D$1505,D49,Log!$B$6:$B$1505,"<"&B49,Log!$X$6:$X$1505,">="&X49)=0),"New best","")) | U49: =IF(D49="","",IFERROR(INDEX(Exercises!$C$6:$C$105,MATCH(D49,Exercises!$B$6:$B$105,0)),"Other")) | V49: =IF(B49="","",IF(COUNTIF($B$6:B49,B49)=1,1,0)) | W49: =IF(B49="","",B49-WEEKDAY(B49,3)) | X49: =IF(D49="","",MAX(IF(N(F49)=0,0,IF(N(E49)>0,E49*(1+F49/30),F49)),IF(N(H49)=0,0,IF(N(G49)>0,G49*(1+H49/30),H49)),IF(N(J49)=0,0,IF(N(I49)>0,I49*(1+J49/30),J49)),IF(N(L49)=0,0,IF(N(K49)>0,K49*(1+L49/30),L49)),IF(N(N49)=0,0,IF(N(M49)>0,M49*(1+N49/30),N49)))) | Y49: =IF(N(X49)=0,"",X49+ROW()/1000000000) | Z49: =IF(Y49="","",IF(COUNTIFS(Log!$D$6:$D$1505,D49,Log!$Y$6:$Y$1505,">"&Y49)=0,1,0)) | AA49: =IF(OR(B49="",D49=""),"",B49+ROW()/10000000) | AB49: =IF(AA49="","",IF(COUNTIFS(Log!$D$6:$D$1505,D49,Log!$AA$6:$AA$1505,">"&AA49)=0,1,0)) | AC49: =IF(S49="New best",AA49,"") | AD49: =ROW()
B50: 46223 | C50: Push | D50: Bench press | E50: 135 | F50: 7 | G50: 135 | H50: 6 | I50: 135 | J50: 6 | K50: 135 | L50: 6 | O50: =IF(D50="","",COUNT(F50,H50,J50,L50,N50)) | P50: =IF(D50="","",N(E50)*N(F50)+N(G50)*N(H50)+N(I50)*N(J50)+N(K50)*N(L50)+N(M50)*N(N50)) | Q50: =IF(N(X50)=0,"",IF(IF(N(F50)=0,0,IF(N(E50)>0,E50*(1+F50/30),F50))=X50,IF(N(E50)>0,E50&" x "&F50,F50&" reps"),IF(IF(N(H50)=0,0,IF(N(G50)>0,G50*(1+H50/30),H50))=X50,IF(N(G50)>0,G50&" x "&H50,H50&" reps"),IF(IF(N(J50)=0,0,IF(N(I50)>0,I50*(1+J50/30),J50))=X50,IF(N(I50)>0,I50&" x "&J50,J50&" reps"),IF(IF(N(L50)=0,0,IF(N(K50)>0,K50*(1+L50/30),L50))=X50,IF(N(K50)>0,K50&" x "&L50,L50&" reps"),IF(IF(N(N50)=0,0,IF(N(M50)>0,M50*(1+N50/30),N50))=X50,IF(N(M50)>0,M50&" x "&N50,N50&" reps"),"")))))) | R50: =IF(N(X50)=0,"",ROUND(X50,1)) | S50: =IF(N(X50)=0,"",IF(AND(COUNTIFS(Log!$D$6:$D$1505,D50,Log!$B$6:$B$1505,"<"&B50)>0,COUNTIFS(Log!$D$6:$D$1505,D50,Log!$B$6:$B$1505,"<"&B50,Log!$X$6:$X$1505,">="&X50)=0),"New best","")) | U50: =IF(D50="","",IFERROR(INDEX(Exercises!$C$6:$C$105,MATCH(D50,Exercises!$B$6:$B$105,0)),"Other")) | V50: =IF(B50="","",IF(COUNTIF($B$6:B50,B50)=1,1,0)) | W50: =IF(B50="","",B50-WEEKDAY(B50,3)) | X50: =IF(D50="","",MAX(IF(N(F50)=0,0,IF(N(E50)>0,E50*(1+F50/30),F50)),IF(N(H50)=0,0,IF(N(G50)>0,G50*(1+H50/30),H50)),IF(N(J50)=0,0,IF(N(I50)>0,I50*(1+J50/30),J50)),IF(N(L50)=0,0,IF(N(K50)>0,K50*(1+L50/30),L50)),IF(N(N50)=0,0,IF(N(M50)>0,M50*(1+N50/30),N50)))) | Y50: =IF(N(X50)=0,"",X50+ROW()/1000000000) | Z50: =IF(Y50="","",IF(COUNTIFS(Log!$D$6:$D$1505,D50,Log!$Y$6:$Y$1505,">"&Y50)=0,1,0)) | AA50: =IF(OR(B50="",D50=""),"",B50+ROW()/10000000) | AB50: =IF(AA50="","",IF(COUNTIFS(Log!$D$6:$D$1505,D50,Log!$AA$6:$AA$1505,">"&AA50)=0,1,0)) | AC50: =IF(S50="New best",AA50,"") | AD50: =ROW()
B51: 46223 | C51: Push | D51: Overhead press | E51: 85 | F51: 10 | G51: 85 | H51: 8 | I51: 85 | J51: 8 | O51: =IF(D51="","",COUNT(F51,H51,J51,L51,N51)) | P51: =IF(D51="","",N(E51)*N(F51)+N(G51)*N(H51)+N(I51)*N(J51)+N(K51)*N(L51)+N(M51)*N(N51)) | Q51: =IF(N(X51)=0,"",IF(IF(N(F51)=0,0,IF(N(E51)>0,E51*(1+F51/30),F51))=X51,IF(N(E51)>0,E51&" x "&F51,F51&" reps"),IF(IF(N(H51)=0,0,IF(N(G51)>0,G51*(1+H51/30),H51))=X51,IF(N(G51)>0,G51&" x "&H51,H51&" reps"),IF(IF(N(J51)=0,0,IF(N(I51)>0,I51*(1+J51/30),J51))=X51,IF(N(I51)>0,I51&" x "&J51,J51&" reps"),IF(IF(N(L51)=0,0,IF(N(K51)>0,K51*(1+L51/30),L51))=X51,IF(N(K51)>0,K51&" x "&L51,L51&" reps"),IF(IF(N(N51)=0,0,IF(N(M51)>0,M51*(1+N51/30),N51))=X51,IF(N(M51)>0,M51&" x "&N51,N51&" reps"),"")))))) | R51: =IF(N(X51)=0,"",ROUND(X51,1)) | S51: =IF(N(X51)=0,"",IF(AND(COUNTIFS(Log!$D$6:$D$1505,D51,Log!$B$6:$B$1505,"<"&B51)>0,COUNTIFS(Log!$D$6:$D$1505,D51,Log!$B$6:$B$1505,"<"&B51,Log!$X$6:$X$1505,">="&X51)=0),"New best","")) | U51: =IF(D51="","",IFERROR(INDEX(Exercises!$C$6:$C$105,MATCH(D51,Exercises!$B$6:$B$105,0)),"Other")) | V51: =IF(B51="","",IF(COUNTIF($B$6:B51,B51)=1,1,0)) | W51: =IF(B51="","",B51-WEEKDAY(B51,3)) | X51: =IF(D51="","",MAX(IF(N(F51)=0,0,IF(N(E51)>0,E51*(1+F51/30),F51)),IF(N(H51)=0,0,IF(N(G51)>0,G51*(1+H51/30),H51)),IF(N(J51)=0,0,IF(N(I51)>0,I51*(1+J51/30),J51)),IF(N(L51)=0,0,IF(N(K51)>0,K51*(1+L51/30),L51)),IF(N(N51)=0,0,IF(N(M51)>0,M51*(1+N51/30),N51)))) | Y51: =IF(N(X51)=0,"",X51+ROW()/1000000000) | Z51: =IF(Y51="","",IF(COUNTIFS(Log!$D$6:$D$1505,D51,Log!$Y$6:$Y$1505,">"&Y51)=0,1,0)) | AA51: =IF(OR(B51="",D51=""),"",B51+ROW()/10000000) | AB51: =IF(AA51="","",IF(COUNTIFS(Log!$D$6:$D$1505,D51,Log!$AA$6:$AA$1505,">"&AA51)=0,1,0)) | AC51: =IF(S51="New best",AA51,"") | AD51: =ROW()
B52: 46223 | C52: Push | D52: Incline dumbbell press | E52: 45 | F52: 12 | G52: 45 | H52: 11 | I52: 45 | J52: 9 | O52: =IF(D52="","",COUNT(F52,H52,J52,L52,N52)) | P52: =IF(D52="","",N(E52)*N(F52)+N(G52)*N(H52)+N(I52)*N(J52)+N(K52)*N(L52)+N(M52)*N(N52)) | Q52: =IF(N(X52)=0,"",IF(IF(N(F52)=0,0,IF(N(E52)>0,E52*(1+F52/30),F52))=X52,IF(N(E52)>0,E52&" x "&F52,F52&" reps"),IF(IF(N(H52)=0,0,IF(N(G52)>0,G52*(1+H52/30),H52))=X52,IF(N(G52)>0,G52&" x "&H52,H52&" reps"),IF(IF(N(J52)=0,0,IF(N(I52)>0,I52*(1+J52/30),J52))=X52,IF(N(I52)>0,I52&" x "&J52,J52&" reps"),IF(IF(N(L52)=0,0,IF(N(K52)>0,K52*(1+L52/30),L52))=X52,IF(N(K52)>0,K52&" x "&L52,L52&" reps"),IF(IF(N(N52)=0,0,IF(N(M52)>0,M52*(1+N52/30),N52))=X52,IF(N(M52)>0,M52&" x "&N52,N52&" reps"),"")))))) | R52: =IF(N(X52)=0,"",ROUND(X52,1)) | S52: =IF(N(X52)=0,"",IF(AND(COUNTIFS(Log!$D$6:$D$1505,D52,Log!$B$6:$B$1505,"<"&B52)>0,COUNTIFS(Log!$D$6:$D$1505,D52,Log!$B$6:$B$1505,"<"&B52,Log!$X$6:$X$1505,">="&X52)=0),"New best","")) | U52: =IF(D52="","",IFERROR(INDEX(Exercises!$C$6:$C$105,MATCH(D52,Exercises!$B$6:$B$105,0)),"Other")) | V52: =IF(B52="","",IF(COUNTIF($B$6:B52,B52)=1,1,0)) | W52: =IF(B52="","",B52-WEEKDAY(B52,3)) | X52: =IF(D52="","",MAX(IF(N(F52)=0,0,IF(N(E52)>0,E52*(1+F52/30),F52)),IF(N(H52)=0,0,IF(N(G52)>0,G52*(1+H52/30),H52)),IF(N(J52)=0,0,IF(N(I52)>0,I52*(1+J52/30),J52)),IF(N(L52)=0,0,IF(N(K52)>0,K52*(1+L52/30),L52)),IF(N(N52)=0,0,IF(N(M52)>0,M52*(1+N52/30),N52)))) | Y52: =IF(N(X52)=0,"",X52+ROW()/1000000000) | Z52: =IF(Y52="","",IF(COUNTIFS(Log!$D$6:$D$1505,D52,Log!$Y$6:$Y$1505,">"&Y52)=0,1,0)) | AA52: =IF(OR(B52="",D52=""),"",B52+ROW()/10000000) | AB52: =IF(AA52="","",IF(COUNTIFS(Log!$D$6:$D$1505,D52,Log!$AA$6:$AA$1505,">"&AA52)=0,1,0)) | AC52: =IF(S52="New best",AA52,"") | AD52: =ROW()
B53: 46223 | C53: Push | D53: Lateral raise | E53: 15 | F53: 15 | G53: 15 | H53: 14 | I53: 15 | J53: 13 | O53: =IF(D53="","",COUNT(F53,H53,J53,L53,N53)) | P53: =IF(D53="","",N(E53)*N(F53)+N(G53)*N(H53)+N(I53)*N(J53)+N(K53)*N(L53)+N(M53)*N(N53)) | Q53: =IF(N(X53)=0,"",IF(IF(N(F53)=0,0,IF(N(E53)>0,E53*(1+F53/30),F53))=X53,IF(N(E53)>0,E53&" x "&F53,F53&" reps"),IF(IF(N(H53)=0,0,IF(N(G53)>0,G53*(1+H53/30),H53))=X53,IF(N(G53)>0,G53&" x "&H53,H53&" reps"),IF(IF(N(J53)=0,0,IF(N(I53)>0,I53*(1+J53/30),J53))=X53,IF(N(I53)>0,I53&" x "&J53,J53&" reps"),IF(IF(N(L53)=0,0,IF(N(K53)>0,K53*(1+L53/30),L53))=X53,IF(N(K53)>0,K53&" x "&L53,L53&" reps"),IF(IF(N(N53)=0,0,IF(N(M53)>0,M53*(1+N53/30),N53))=X53,IF(N(M53)>0,M53&" x "&N53,N53&" reps"),"")))))) | R53: =IF(N(X53)=0,"",ROUND(X53,1)) | S53: =IF(N(X53)=0,"",IF(AND(COUNTIFS(Log!$D$6:$D$1505,D53,Log!$B$6:$B$1505,"<"&B53)>0,COUNTIFS(Log!$D$6:$D$1505,D53,Log!$B$6:$B$1505,"<"&B53,Log!$X$6:$X$1505,">="&X53)=0),"New best","")) | U53: =IF(D53="","",IFERROR(INDEX(Exercises!$C$6:$C$105,MATCH(D53,Exercises!$B$6:$B$105,0)),"Other")) | V53: =IF(B53="","",IF(COUNTIF($B$6:B53,B53)=1,1,0)) | W53: =IF(B53="","",B53-WEEKDAY(B53,3)) | X53: =IF(D53="","",MAX(IF(N(F53)=0,0,IF(N(E53)>0,E53*(1+F53/30),F53)),IF(N(H53)=0,0,IF(N(G53)>0,G53*(1+H53/30),H53)),IF(N(J53)=0,0,IF(N(I53)>0,I53*(1+J53/30),J53)),IF(N(L53)=0,0,IF(N(K53)>0,K53*(1+L53/30),L53)),IF(N(N53)=0,0,IF(N(M53)>0,M53*(1+N53/30),N53)))) | Y53: =IF(N(X53)=0,"",X53+ROW()/1000000000) | Z53: =IF(Y53="","",IF(COUNTIFS(Log!$D$6:$D$1505,D53,Log!$Y$6:$Y$1505,">"&Y53)=0,1,0)) | AA53: =IF(OR(B53="",D53=""),"",B53+ROW()/10000000) | AB53: =IF(AA53="","",IF(COUNTIFS(Log!$D$6:$D$1505,D53,Log!$AA$6:$AA$1505,">"&AA53)=0,1,0)) | AC53: =IF(S53="New best",AA53,"") | AD53: =ROW()
B54: 46223 | C54: Push | D54: Triceps pushdown | E54: 40 | F54: 11 | G54: 40 | H54: 11 | I54: 40 | J54: 10 | O54: =IF(D54="","",COUNT(F54,H54,J54,L54,N54)) | P54: =IF(D54="","",N(E54)*N(F54)+N(G54)*N(H54)+N(I54)*N(J54)+N(K54)*N(L54)+N(M54)*N(N54)) | Q54: =IF(N(X54)=0,"",IF(IF(N(F54)=0,0,IF(N(E54)>0,E54*(1+F54/30),F54))=X54,IF(N(E54)>0,E54&" x "&F54,F54&" reps"),IF(IF(N(H54)=0,0,IF(N(G54)>0,G54*(1+H54/30),H54))=X54,IF(N(G54)>0,G54&" x "&H54,H54&" reps"),IF(IF(N(J54)=0,0,IF(N(I54)>0,I54*(1+J54/30),J54))=X54,IF(N(I54)>0,I54&" x "&J54,J54&" reps"),IF(IF(N(L54)=0,0,IF(N(K54)>0,K54*(1+L54/30),L54))=X54,IF(N(K54)>0,K54&" x "&L54,L54&" reps"),IF(IF(N(N54)=0,0,IF(N(M54)>0,M54*(1+N54/30),N54))=X54,IF(N(M54)>0,M54&" x "&N54,N54&" reps"),"")))))) | R54: =IF(N(X54)=0,"",ROUND(X54,1)) | S54: =IF(N(X54)=0,"",IF(AND(COUNTIFS(Log!$D$6:$D$1505,D54,Log!$B$6:$B$1505,"<"&B54)>0,COUNTIFS(Log!$D$6:$D$1505,D54,Log!$B$6:$B$1505,"<"&B54,Log!$X$6:$X$1505,">="&X54)=0),"New best","")) | U54: =IF(D54="","",IFERROR(INDEX(Exercises!$C$6:$C$105,MATCH(D54,Exercises!$B$6:$B$105,0)),"Other")) | V54: =IF(B54="","",IF(COUNTIF($B$6:B54,B54)=1,1,0)) | W54: =IF(B54="","",B54-WEEKDAY(B54,3)) | X54: =IF(D54="","",MAX(IF(N(F54)=0,0,IF(N(E54)>0,E54*(1+F54/30),F54)),IF(N(H54)=0,0,IF(N(G54)>0,G54*(1+H54/30),H54)),IF(N(J54)=0,0,IF(N(I54)>0,I54*(1+J54/30),J54)),IF(N(L54)=0,0,IF(N(K54)>0,K54*(1+L54/30),L54)),IF(N(N54)=0,0,IF(N(M54)>0,M54*(1+N54/30),N54)))) | Y54: =IF(N(X54)=0,"",X54+ROW()/1000000000) | Z54: =IF(Y54="","",IF(COUNTIFS(Log!$D$6:$D$1505,D54,Log!$Y$6:$Y$1505,">"&Y54)=0,1,0)) | AA54: =IF(OR(B54="",D54=""),"",B54+ROW()/10000000) | AB54: =IF(AA54="","",IF(COUNTIFS(Log!$D$6:$D$1505,D54,Log!$AA$6:$AA$1505,">"&AA54)=0,1,0)) | AC54: =IF(S54="New best",AA54,"") | AD54: =ROW()
B55: 46224 | C55: Pull | D55: Deadlift | E55: 225 | F55: 5 | G55: 225 | H55: 5 | I55: 225 | J55: 5 | O55: =IF(D55="","",COUNT(F55,H55,J55,L55,N55)) | P55: =IF(D55="","",N(E55)*N(F55)+N(G55)*N(H55)+N(I55)*N(J55)+N(K55)*N(L55)+N(M55)*N(N55)) | Q55: =IF(N(X55)=0,"",IF(IF(N(F55)=0,0,IF(N(E55)>0,E55*(1+F55/30),F55))=X55,IF(N(E55)>0,E55&" x "&F55,F55&" reps"),IF(IF(N(H55)=0,0,IF(N(G55)>0,G55*(1+H55/30),H55))=X55,IF(N(G55)>0,G55&" x "&H55,H55&" reps"),IF(IF(N(J55)=0,0,IF(N(I55)>0,I55*(1+J55/30),J55))=X55,IF(N(I55)>0,I55&" x "&J55,J55&" reps"),IF(IF(N(L55)=0,0,IF(N(K55)>0,K55*(1+L55/30),L55))=X55,IF(N(K55)>0,K55&" x "&L55,L55&" reps"),IF(IF(N(N55)=0,0,IF(N(M55)>0,M55*(1+N55/30),N55))=X55,IF(N(M55)>0,M55&" x "&N55,N55&" reps"),"")))))) | R55: =IF(N(X55)=0,"",ROUND(X55,1)) | S55: =IF(N(X55)=0,"",IF(AND(COUNTIFS(Log!$D$6:$D$1505,D55,Log!$B$6:$B$1505,"<"&B55)>0,COUNTIFS(Log!$D$6:$D$1505,D55,Log!$B$6:$B$1505,"<"&B55,Log!$X$6:$X$1505,">="&X55)=0),"New best","")) | U55: =IF(D55="","",IFERROR(INDEX(Exercises!$C$6:$C$105,MATCH(D55,Exercises!$B$6:$B$105,0)),"Other")) | V55: =IF(B55="","",IF(COUNTIF($B$6:B55,B55)=1,1,0)) | W55: =IF(B55="","",B55-WEEKDAY(B55,3)) | X55: =IF(D55="","",MAX(IF(N(F55)=0,0,IF(N(E55)>0,E55*(1+F55/30),F55)),IF(N(H55)=0,0,IF(N(G55)>0,G55*(1+H55/30),H55)),IF(N(J55)=0,0,IF(N(I55)>0,I55*(1+J55/30),J55)),IF(N(L55)=0,0,IF(N(K55)>0,K55*(1+L55/30),L55)),IF(N(N55)=0,0,IF(N(M55)>0,M55*(1+N55/30),N55)))) | Y55: =IF(N(X55)=0,"",X55+ROW()/1000000000) | Z55: =IF(Y55="","",IF(COUNTIFS(Log!$D$6:$D$1505,D55,Log!$Y$6:$Y$1505,">"&Y55)=0,1,0)) | AA55: =IF(OR(B55="",D55=""),"",B55+ROW()/10000000) | AB55: =IF(AA55="","",IF(COUNTIFS(Log!$D$6:$D$1505,D55,Log!$AA$6:$AA$1505,">"&AA55)=0,1,0)) | AC55: =IF(S55="New best",AA55,"") | AD55: =ROW()
B56: 46224 | C56: Pull | D56: Pull-up | F56: 6 | H56: 5 | J56: 4 | O56: =IF(D56="","",COUNT(F56,H56,J56,L56,N56)) | P56: =IF(D56="","",N(E56)*N(F56)+N(G56)*N(H56)+N(I56)*N(J56)+N(K56)*N(L56)+N(M56)*N(N56)) | Q56: =IF(N(X56)=0,"",IF(IF(N(F56)=0,0,IF(N(E56)>0,E56*(1+F56/30),F56))=X56,IF(N(E56)>0,E56&" x "&F56,F56&" reps"),IF(IF(N(H56)=0,0,IF(N(G56)>0,G56*(1+H56/30),H56))=X56,IF(N(G56)>0,G56&" x "&H56,H56&" reps"),IF(IF(N(J56)=0,0,IF(N(I56)>0,I56*(1+J56/30),J56))=X56,IF(N(I56)>0,I56&" x "&J56,J56&" reps"),IF(IF(N(L56)=0,0,IF(N(K56)>0,K56*(1+L56/30),L56))=X56,IF(N(K56)>0,K56&" x "&L56,L56&" reps"),IF(IF(N(N56)=0,0,IF(N(M56)>0,M56*(1+N56/30),N56))=X56,IF(N(M56)>0,M56&" x "&N56,N56&" reps"),"")))))) | R56: =IF(N(X56)=0,"",ROUND(X56,1)) | S56: =IF(N(X56)=0,"",IF(AND(COUNTIFS(Log!$D$6:$D$1505,D56,Log!$B$6:$B$1505,"<"&B56)>0,COUNTIFS(Log!$D$6:$D$1505,D56,Log!$B$6:$B$1505,"<"&B56,Log!$X$6:$X$1505,">="&X56)=0),"New best","")) | U56: =IF(D56="","",IFERROR(INDEX(Exercises!$C$6:$C$105,MATCH(D56,Exercises!$B$6:$B$105,0)),"Other")) | V56: =IF(B56="","",IF(COUNTIF($B$6:B56,B56)=1,1,0)) | W56: =IF(B56="","",B56-WEEKDAY(B56,3)) | X56: =IF(D56="","",MAX(IF(N(F56)=0,0,IF(N(E56)>0,E56*(1+F56/30),F56)),IF(N(H56)=0,0,IF(N(G56)>0,G56*(1+H56/30),H56)),IF(N(J56)=0,0,IF(N(I56)>0,I56*(1+J56/30),J56)),IF(N(L56)=0,0,IF(N(K56)>0,K56*(1+L56/30),L56)),IF(N(N56)=0,0,IF(N(M56)>0,M56*(1+N56/30),N56)))) | Y56: =IF(N(X56)=0,"",X56+ROW()/1000000000) | Z56: =IF(Y56="","",IF(COUNTIFS(Log!$D$6:$D$1505,D56,Log!$Y$6:$Y$1505,">"&Y56)=0,1,0)) | AA56: =IF(OR(B56="",D56=""),"",B56+ROW()/10000000) | AB56: =IF(AA56="","",IF(COUNTIFS(Log!$D$6:$D$1505,D56,Log!$AA$6:$AA$1505,">"&AA56)=0,1,0)) | AC56: =IF(S56="New best",AA56,"") | AD56: =ROW()
B57: 46224 | C57: Pull | D57: Barbell row | E57: 115 | F57: 10 | G57: 115 | H57: 8 | I57: 115 | J57: 8 | O57: =IF(D57="","",COUNT(F57,H57,J57,L57,N57)) | P57: =IF(D57="","",N(E57)*N(F57)+N(G57)*N(H57)+N(I57)*N(J57)+N(K57)*N(L57)+N(M57)*N(N57)) | Q57: =IF(N(X57)=0,"",IF(IF(N(F57)=0,0,IF(N(E57)>0,E57*(1+F57/30),F57))=X57,IF(N(E57)>0,E57&" x "&F57,F57&" reps"),IF(IF(N(H57)=0,0,IF(N(G57)>0,G57*(1+H57/30),H57))=X57,IF(N(G57)>0,G57&" x "&H57,H57&" reps"),IF(IF(N(J57)=0,0,IF(N(I57)>0,I57*(1+J57/30),J57))=X57,IF(N(I57)>0,I57&" x "&J57,J57&" reps"),IF(IF(N(L57)=0,0,IF(N(K57)>0,K57*(1+L57/30),L57))=X57,IF(N(K57)>0,K57&" x "&L57,L57&" reps"),IF(IF(N(N57)=0,0,IF(N(M57)>0,M57*(1+N57/30),N57))=X57,IF(N(M57)>0,M57&" x "&N57,N57&" reps"),"")))))) | R57: =IF(N(X57)=0,"",ROUND(X57,1)) | S57: =IF(N(X57)=0,"",IF(AND(COUNTIFS(Log!$D$6:$D$1505,D57,Log!$B$6:$B$1505,"<"&B57)>0,COUNTIFS(Log!$D$6:$D$1505,D57,Log!$B$6:$B$1505,"<"&B57,Log!$X$6:$X$1505,">="&X57)=0),"New best","")) | U57: =IF(D57="","",IFERROR(INDEX(Exercises!$C$6:$C$105,MATCH(D57,Exercises!$B$6:$B$105,0)),"Other")) | V57: =IF(B57="","",IF(COUNTIF($B$6:B57,B57)=1,1,0)) | W57: =IF(B57="","",B57-WEEKDAY(B57,3)) | X57: =IF(D57="","",MAX(IF(N(F57)=0,0,IF(N(E57)>0,E57*(1+F57/30),F57)),IF(N(H57)=0,0,IF(N(G57)>0,G57*(1+H57/30),H57)),IF(N(J57)=0,0,IF(N(I57)>0,I57*(1+J57/30),J57)),IF(N(L57)=0,0,IF(N(K57)>0,K57*(1+L57/30),L57)),IF(N(N57)=0,0,IF(N(M57)>0,M57*(1+N57/30),N57)))) | Y57: =IF(N(X57)=0,"",X57+ROW()/1000000000) | Z57: =IF(Y57="","",IF(COUNTIFS(Log!$D$6:$D$1505,D57,Log!$Y$6:$Y$1505,">"&Y57)=0,1,0)) | AA57: =IF(OR(B57="",D57=""),"",B57+ROW()/10000000) | AB57: =IF(AA57="","",IF(COUNTIFS(Log!$D$6:$D$1505,D57,Log!$AA$6:$AA$1505,">"&AA57)=0,1,0)) | AC57: =IF(S57="New best",AA57,"") | AD57: =ROW()
B58: 46224 | C58: Pull | D58: Lat pulldown | E58: 100 | F58: 11 | G58: 100 | H58: 11 | I58: 100 | J58: 10 | O58: =IF(D58="","",COUNT(F58,H58,J58,L58,N58)) | P58: =IF(D58="","",N(E58)*N(F58)+N(G58)*N(H58)+N(I58)*N(J58)+N(K58)*N(L58)+N(M58)*N(N58)) | Q58: =IF(N(X58)=0,"",IF(IF(N(F58)=0,0,IF(N(E58)>0,E58*(1+F58/30),F58))=X58,IF(N(E58)>0,E58&" x "&F58,F58&" reps"),IF(IF(N(H58)=0,0,IF(N(G58)>0,G58*(1+H58/30),H58))=X58,IF(N(G58)>0,G58&" x "&H58,H58&" reps"),IF(IF(N(J58)=0,0,IF(N(I58)>0,I58*(1+J58/30),J58))=X58,IF(N(I58)>0,I58&" x "&J58,J58&" reps"),IF(IF(N(L58)=0,0,IF(N(K58)>0,K58*(1+L58/30),L58))=X58,IF(N(K58)>0,K58&" x "&L58,L58&" reps"),IF(IF(N(N58)=0,0,IF(N(M58)>0,M58*(1+N58/30),N58))=X58,IF(N(M58)>0,M58&" x "&N58,N58&" reps"),"")))))) | R58: =IF(N(X58)=0,"",ROUND(X58,1)) | S58: =IF(N(X58)=0,"",IF(AND(COUNTIFS(Log!$D$6:$D$1505,D58,Log!$B$6:$B$1505,"<"&B58)>0,COUNTIFS(Log!$D$6:$D$1505,D58,Log!$B$6:$B$1505,"<"&B58,Log!$X$6:$X$1505,">="&X58)=0),"New best","")) | U58: =IF(D58="","",IFERROR(INDEX(Exercises!$C$6:$C$105,MATCH(D58,Exercises!$B$6:$B$105,0)),"Other")) | V58: =IF(B58="","",IF(COUNTIF($B$6:B58,B58)=1,1,0)) | W58: =IF(B58="","",B58-WEEKDAY(B58,3)) | X58: =IF(D58="","",MAX(IF(N(F58)=0,0,IF(N(E58)>0,E58*(1+F58/30),F58)),IF(N(H58)=0,0,IF(N(G58)>0,G58*(1+H58/30),H58)),IF(N(J58)=0,0,IF(N(I58)>0,I58*(1+J58/30),J58)),IF(N(L58)=0,0,IF(N(K58)>0,K58*(1+L58/30),L58)),IF(N(N58)=0,0,IF(N(M58)>0,M58*(1+N58/30),N58)))) | Y58: =IF(N(X58)=0,"",X58+ROW()/1000000000) | Z58: =IF(Y58="","",IF(COUNTIFS(Log!$D$6:$D$1505,D58,Log!$Y$6:$Y$1505,">"&Y58)=0,1,0)) | AA58: =IF(OR(B58="",D58=""),"",B58+ROW()/10000000) | AB58: =IF(AA58="","",IF(COUNTIFS(Log!$D$6:$D$1505,D58,Log!$AA$6:$AA$1505,">"&AA58)=0,1,0)) | AC58: =IF(S58="New best",AA58,"") | AD58: =ROW()
B59: 46224 | C59: Pull | D59: Biceps curl | E59: 25 | F59: 11 | G59: 25 | H59: 11 | I59: 25 | J59: 10 | O59: =IF(D59="","",COUNT(F59,H59,J59,L59,N59)) | P59: =IF(D59="","",N(E59)*N(F59)+N(G59)*N(H59)+N(I59)*N(J59)+N(K59)*N(L59)+N(M59)*N(N59)) | Q59: =IF(N(X59)=0,"",IF(IF(N(F59)=0,0,IF(N(E59)>0,E59*(1+F59/30),F59))=X59,IF(N(E59)>0,E59&" x "&F59,F59&" reps"),IF(IF(N(H59)=0,0,IF(N(G59)>0,G59*(1+H59/30),H59))=X59,IF(N(G59)>0,G59&" x "&H59,H59&" reps"),IF(IF(N(J59)=0,0,IF(N(I59)>0,I59*(1+J59/30),J59))=X59,IF(N(I59)>0,I59&" x "&J59,J59&" reps"),IF(IF(N(L59)=0,0,IF(N(K59)>0,K59*(1+L59/30),L59))=X59,IF(N(K59)>0,K59&" x "&L59,L59&" reps"),IF(IF(N(N59)=0,0,IF(N(M59)>0,M59*(1+N59/30),N59))=X59,IF(N(M59)>0,M59&" x "&N59,N59&" reps"),"")))))) | R59: =IF(N(X59)=0,"",ROUND(X59,1)) | S59: =IF(N(X59)=0,"",IF(AND(COUNTIFS(Log!$D$6:$D$1505,D59,Log!$B$6:$B$1505,"<"&B59)>0,COUNTIFS(Log!$D$6:$D$1505,D59,Log!$B$6:$B$1505,"<"&B59,Log!$X$6:$X$1505,">="&X59)=0),"New best","")) | T59: Easy, go up next time | U59: =IF(D59="","",IFERROR(INDEX(Exercises!$C$6:$C$105,MATCH(D59,Exercises!$B$6:$B$105,0)),"Other")) | V59: =IF(B59="","",IF(COUNTIF($B$6:B59,B59)=1,1,0)) | W59: =IF(B59="","",B59-WEEKDAY(B59,3)) | X59: =IF(D59="","",MAX(IF(N(F59)=0,0,IF(N(E59)>0,E59*(1+F59/30),F59)),IF(N(H59)=0,0,IF(N(G59)>0,G59*(1+H59/30),H59)),IF(N(J59)=0,0,IF(N(I59)>0,I59*(1+J59/30),J59)),IF(N(L59)=0,0,IF(N(K59)>0,K59*(1+L59/30),L59)),IF(N(N59)=0,0,IF(N(M59)>0,M59*(1+N59/30),N59)))) | Y59: =IF(N(X59)=0,"",X59+ROW()/1000000000) | Z59: =IF(Y59="","",IF(COUNTIFS(Log!$D$6:$D$1505,D59,Log!$Y$6:$Y$1505,">"&Y59)=0,1,0)) | AA59: =IF(OR(B59="",D59=""),"",B59+ROW()/10000000) | AB59: =IF(AA59="","",IF(COUNTIFS(Log!$D$6:$D$1505,D59,Log!$AA$6:$AA$1505,">"&AA59)=0,1,0)) | AC59: =IF(S59="New best",AA59,"") | AD59: =ROW()
B60: 46225 | C60: Legs | D60: Squat | E60: 185 | F60: 5 | G60: 185 | H60: 5 | I60: 185 | J60: 5 | K60: 185 | L60: 5 | O60: =IF(D60="","",COUNT(F60,H60,J60,L60,N60)) | P60: =IF(D60="","",N(E60)*N(F60)+N(G60)*N(H60)+N(I60)*N(J60)+N(K60)*N(L60)+N(M60)*N(N60)) | Q60: =IF(N(X60)=0,"",IF(IF(N(F60)=0,0,IF(N(E60)>0,E60*(1+F60/30),F60))=X60,IF(N(E60)>0,E60&" x "&F60,F60&" reps"),IF(IF(N(H60)=0,0,IF(N(G60)>0,G60*(1+H60/30),H60))=X60,IF(N(G60)>0,G60&" x "&H60,H60&" reps"),IF(IF(N(J60)=0,0,IF(N(I60)>0,I60*(1+J60/30),J60))=X60,IF(N(I60)>0,I60&" x "&J60,J60&" reps"),IF(IF(N(L60)=0,0,IF(N(K60)>0,K60*(1+L60/30),L60))=X60,IF(N(K60)>0,K60&" x "&L60,L60&" reps"),IF(IF(N(N60)=0,0,IF(N(M60)>0,M60*(1+N60/30),N60))=X60,IF(N(M60)>0,M60&" x "&N60,N60&" reps"),"")))))) | R60: =IF(N(X60)=0,"",ROUND(X60,1)) | S60: =IF(N(X60)=0,"",IF(AND(COUNTIFS(Log!$D$6:$D$1505,D60,Log!$B$6:$B$1505,"<"&B60)>0,COUNTIFS(Log!$D$6:$D$1505,D60,Log!$B$6:$B$1505,"<"&B60,Log!$X$6:$X$1505,">="&X60)=0),"New best","")) | U60: =IF(D60="","",IFERROR(INDEX(Exercises!$C$6:$C$105,MATCH(D60,Exercises!$B$6:$B$105,0)),"Other")) | V60: =IF(B60="","",IF(COUNTIF($B$6:B60,B60)=1,1,0)) | W60: =IF(B60="","",B60-WEEKDAY(B60,3)) | X60: =IF(D60="","",MAX(IF(N(F60)=0,0,IF(N(E60)>0,E60*(1+F60/30),F60)),IF(N(H60)=0,0,IF(N(G60)>0,G60*(1+H60/30),H60)),IF(N(J60)=0,0,IF(N(I60)>0,I60*(1+J60/30),J60)),IF(N(L60)=0,0,IF(N(K60)>0,K60*(1+L60/30),L60)),IF(N(N60)=0,0,IF(N(M60)>0,M60*(1+N60/30),N60)))) | Y60: =IF(N(X60)=0,"",X60+ROW()/1000000000) | Z60: =IF(Y60="","",IF(COUNTIFS(Log!$D$6:$D$1505,D60,Log!$Y$6:$Y$1505,">"&Y60)=0,1,0)) | AA60: =IF(OR(B60="",D60=""),"",B60+ROW()/10000000) | AB60: =IF(AA60="","",IF(COUNTIFS(Log!$D$6:$D$1505,D60,Log!$AA$6:$AA$1505,">"&AA60)=0,1,0)) | AC60: =IF(S60="New best",AA60,"") | AD60: =ROW()
B61: 46225 | C61: Legs | D61: Romanian deadlift | E61: 155 | F61: 9 | G61: 155 | H61: 8 | I61: 155 | J61: 8 | O61: =IF(D61="","",COUNT(F61,H61,J61,L61,N61)) | P61: =IF(D61="","",N(E61)*N(F61)+N(G61)*N(H61)+N(I61)*N(J61)+N(K61)*N(L61)+N(M61)*N(N61)) | Q61: =IF(N(X61)=0,"",IF(IF(N(F61)=0,0,IF(N(E61)>0,E61*(1+F61/30),F61))=X61,IF(N(E61)>0,E61&" x "&F61,F61&" reps"),IF(IF(N(H61)=0,0,IF(N(G61)>0,G61*(1+H61/30),H61))=X61,IF(N(G61)>0,G61&" x "&H61,H61&" reps"),IF(IF(N(J61)=0,0,IF(N(I61)>0,I61*(1+J61/30),J61))=X61,IF(N(I61)>0,I61&" x "&J61,J61&" reps"),IF(IF(N(L61)=0,0,IF(N(K61)>0,K61*(1+L61/30),L61))=X61,IF(N(K61)>0,K61&" x "&L61,L61&" reps"),IF(IF(N(N61)=0,0,IF(N(M61)>0,M61*(1+N61/30),N61))=X61,IF(N(M61)>0,M61&" x "&N61,N61&" reps"),"")))))) | R61: =IF(N(X61)=0,"",ROUND(X61,1)) | S61: =IF(N(X61)=0,"",IF(AND(COUNTIFS(Log!$D$6:$D$1505,D61,Log!$B$6:$B$1505,"<"&B61)>0,COUNTIFS(Log!$D$6:$D$1505,D61,Log!$B$6:$B$1505,"<"&B61,Log!$X$6:$X$1505,">="&X61)=0),"New best","")) | U61: =IF(D61="","",IFERROR(INDEX(Exercises!$C$6:$C$105,MATCH(D61,Exercises!$B$6:$B$105,0)),"Other")) | V61: =IF(B61="","",IF(COUNTIF($B$6:B61,B61)=1,1,0)) | W61: =IF(B61="","",B61-WEEKDAY(B61,3)) | X61: =IF(D61="","",MAX(IF(N(F61)=0,0,IF(N(E61)>0,E61*(1+F61/30),F61)),IF(N(H61)=0,0,IF(N(G61)>0,G61*(1+H61/30),H61)),IF(N(J61)=0,0,IF(N(I61)>0,I61*(1+J61/30),J61)),IF(N(L61)=0,0,IF(N(K61)>0,K61*(1+L61/30),L61)),IF(N(N61)=0,0,IF(N(M61)>0,M61*(1+N61/30),N61)))) | Y61: =IF(N(X61)=0,"",X61+ROW()/1000000000) | Z61: =IF(Y61="","",IF(COUNTIFS(Log!$D$6:$D$1505,D61,Log!$Y$6:$Y$1505,">"&Y61)=0,1,0)) | AA61: =IF(OR(B61="",D61=""),"",B61+ROW()/10000000) | AB61: =IF(AA61="","",IF(COUNTIFS(Log!$D$6:$D$1505,D61,Log!$AA$6:$AA$1505,">"&AA61)=0,1,0)) | AC61: =IF(S61="New best",AA61,"") | AD61: =ROW()
B62: 46225 | C62: Legs | D62: Leg press | E62: 270 | F62: 11 | G62: 270 | H62: 10 | I62: 270 | J62: 10 | O62: =IF(D62="","",COUNT(F62,H62,J62,L62,N62)) | P62: =IF(D62="","",N(E62)*N(F62)+N(G62)*N(H62)+N(I62)*N(J62)+N(K62)*N(L62)+N(M62)*N(N62)) | Q62: =IF(N(X62)=0,"",IF(IF(N(F62)=0,0,IF(N(E62)>0,E62*(1+F62/30),F62))=X62,IF(N(E62)>0,E62&" x "&F62,F62&" reps"),IF(IF(N(H62)=0,0,IF(N(G62)>0,G62*(1+H62/30),H62))=X62,IF(N(G62)>0,G62&" x "&H62,H62&" reps"),IF(IF(N(J62)=0,0,IF(N(I62)>0,I62*(1+J62/30),J62))=X62,IF(N(I62)>0,I62&" x "&J62,J62&" reps"),IF(IF(N(L62)=0,0,IF(N(K62)>0,K62*(1+L62/30),L62))=X62,IF(N(K62)>0,K62&" x "&L62,L62&" reps"),IF(IF(N(N62)=0,0,IF(N(M62)>0,M62*(1+N62/30),N62))=X62,IF(N(M62)>0,M62&" x "&N62,N62&" reps"),"")))))) | R62: =IF(N(X62)=0,"",ROUND(X62,1)) | S62: =IF(N(X62)=0,"",IF(AND(COUNTIFS(Log!$D$6:$D$1505,D62,Log!$B$6:$B$1505,"<"&B62)>0,COUNTIFS(Log!$D$6:$D$1505,D62,Log!$B$6:$B$1505,"<"&B62,Log!$X$6:$X$1505,">="&X62)=0),"New best","")) | U62: =IF(D62="","",IFERROR(INDEX(Exercises!$C$6:$C$105,MATCH(D62,Exercises!$B$6:$B$105,0)),"Other")) | V62: =IF(B62="","",IF(COUNTIF($B$6:B62,B62)=1,1,0)) | W62: =IF(B62="","",B62-WEEKDAY(B62,3)) | X62: =IF(D62="","",MAX(IF(N(F62)=0,0,IF(N(E62)>0,E62*(1+F62/30),F62)),IF(N(H62)=0,0,IF(N(G62)>0,G62*(1+H62/30),H62)),IF(N(J62)=0,0,IF(N(I62)>0,I62*(1+J62/30),J62)),IF(N(L62)=0,0,IF(N(K62)>0,K62*(1+L62/30),L62)),IF(N(N62)=0,0,IF(N(M62)>0,M62*(1+N62/30),N62)))) | Y62: =IF(N(X62)=0,"",X62+ROW()/1000000000) | Z62: =IF(Y62="","",IF(COUNTIFS(Log!$D$6:$D$1505,D62,Log!$Y$6:$Y$1505,">"&Y62)=0,1,0)) | AA62: =IF(OR(B62="",D62=""),"",B62+ROW()/10000000) | AB62: =IF(AA62="","",IF(COUNTIFS(Log!$D$6:$D$1505,D62,Log!$AA$6:$AA$1505,">"&AA62)=0,1,0)) | AC62: =IF(S62="New best",AA62,"") | AD62: =ROW()
B63: 46225 | C63: Legs | D63: Leg curl | E63: 70 | F63: 12 | G63: 70 | H63: 10 | I63: 70 | J63: 10 | O63: =IF(D63="","",COUNT(F63,H63,J63,L63,N63)) | P63: =IF(D63="","",N(E63)*N(F63)+N(G63)*N(H63)+N(I63)*N(J63)+N(K63)*N(L63)+N(M63)*N(N63)) | Q63: =IF(N(X63)=0,"",IF(IF(N(F63)=0,0,IF(N(E63)>0,E63*(1+F63/30),F63))=X63,IF(N(E63)>0,E63&" x "&F63,F63&" reps"),IF(IF(N(H63)=0,0,IF(N(G63)>0,G63*(1+H63/30),H63))=X63,IF(N(G63)>0,G63&" x "&H63,H63&" reps"),IF(IF(N(J63)=0,0,IF(N(I63)>0,I63*(1+J63/30),J63))=X63,IF(N(I63)>0,I63&" x "&J63,J63&" reps"),IF(IF(N(L63)=0,0,IF(N(K63)>0,K63*(1+L63/30),L63))=X63,IF(N(K63)>0,K63&" x "&L63,L63&" reps"),IF(IF(N(N63)=0,0,IF(N(M63)>0,M63*(1+N63/30),N63))=X63,IF(N(M63)>0,M63&" x "&N63,N63&" reps"),"")))))) | R63: =IF(N(X63)=0,"",ROUND(X63,1)) | S63: =IF(N(X63)=0,"",IF(AND(COUNTIFS(Log!$D$6:$D$1505,D63,Log!$B$6:$B$1505,"<"&B63)>0,COUNTIFS(Log!$D$6:$D$1505,D63,Log!$B$6:$B$1505,"<"&B63,Log!$X$6:$X$1505,">="&X63)=0),"New best","")) | U63: =IF(D63="","",IFERROR(INDEX(Exercises!$C$6:$C$105,MATCH(D63,Exercises!$B$6:$B$105,0)),"Other")) | V63: =IF(B63="","",IF(COUNTIF($B$6:B63,B63)=1,1,0)) | W63: =IF(B63="","",B63-WEEKDAY(B63,3)) | X63: =IF(D63="","",MAX(IF(N(F63)=0,0,IF(N(E63)>0,E63*(1+F63/30),F63)),IF(N(H63)=0,0,IF(N(G63)>0,G63*(1+H63/30),H63)),IF(N(J63)=0,0,IF(N(I63)>0,I63*(1+J63/30),J63)),IF(N(L63)=0,0,IF(N(K63)>0,K63*(1+L63/30),L63)),IF(N(N63)=0,0,IF(N(M63)>0,M63*(1+N63/30),N63)))) | Y63: =IF(N(X63)=0,"",X63+ROW()/1000000000) | Z63: =IF(Y63="","",IF(COUNTIFS(Log!$D$6:$D$1505,D63,Log!$Y$6:$Y$1505,">"&Y63)=0,1,0)) | AA63: =IF(OR(B63="",D63=""),"",B63+ROW()/10000000) | AB63: =IF(AA63="","",IF(COUNTIFS(Log!$D$6:$D$1505,D63,Log!$AA$6:$AA$1505,">"&AA63)=0,1,0)) | AC63: =IF(S63="New best",AA63,"") | AD63: =ROW()
B64: 46225 | C64: Legs | D64: Calf raise | E64: 90 | F64: 15 | G64: 90 | H64: 13 | I64: 90 | J64: 13 | K64: 90 | L64: 12 | O64: =IF(D64="","",COUNT(F64,H64,J64,L64,N64)) | P64: =IF(D64="","",N(E64)*N(F64)+N(G64)*N(H64)+N(I64)*N(J64)+N(K64)*N(L64)+N(M64)*N(N64)) | Q64: =IF(N(X64)=0,"",IF(IF(N(F64)=0,0,IF(N(E64)>0,E64*(1+F64/30),F64))=X64,IF(N(E64)>0,E64&" x "&F64,F64&" reps"),IF(IF(N(H64)=0,0,IF(N(G64)>0,G64*(1+H64/30),H64))=X64,IF(N(G64)>0,G64&" x "&H64,H64&" reps"),IF(IF(N(J64)=0,0,IF(N(I64)>0,I64*(1+J64/30),J64))=X64,IF(N(I64)>0,I64&" x "&J64,J64&" reps"),IF(IF(N(L64)=0,0,IF(N(K64)>0,K64*(1+L64/30),L64))=X64,IF(N(K64)>0,K64&" x "&L64,L64&" reps"),IF(IF(N(N64)=0,0,IF(N(M64)>0,M64*(1+N64/30),N64))=X64,IF(N(M64)>0,M64&" x "&N64,N64&" reps"),"")))))) | R64: =IF(N(X64)=0,"",ROUND(X64,1)) | S64: =IF(N(X64)=0,"",IF(AND(COUNTIFS(Log!$D$6:$D$1505,D64,Log!$B$6:$B$1505,"<"&B64)>0,COUNTIFS(Log!$D$6:$D$1505,D64,Log!$B$6:$B$1505,"<"&B64,Log!$X$6:$X$1505,">="&X64)=0),"New best","")) | U64: =IF(D64="","",IFERROR(INDEX(Exercises!$C$6:$C$105,MATCH(D64,Exercises!$B$6:$B$105,0)),"Other")) | V64: =IF(B64="","",IF(COUNTIF($B$6:B64,B64)=1,1,0)) | W64: =IF(B64="","",B64-WEEKDAY(B64,3)) | X64: =IF(D64="","",MAX(IF(N(F64)=0,0,IF(N(E64)>0,E64*(1+F64/30),F64)),IF(N(H64)=0,0,IF(N(G64)>0,G64*(1+H64/30),H64)),IF(N(J64)=0,0,IF(N(I64)>0,I64*(1+J64/30),J64)),IF(N(L64)=0,0,IF(N(K64)>0,K64*(1+L64/30),L64)),IF(N(N64)=0,0,IF(N(M64)>0,M64*(1+N64/30),N64)))) | Y64: =IF(N(X64)=0,"",X64+ROW()/1000000000) | Z64: =IF(Y64="","",IF(COUNTIFS(Log!$D$6:$D$1505,D64,Log!$Y$6:$Y$1505,">"&Y64)=0,1,0)) | AA64: =IF(OR(B64="",D64=""),"",B64+ROW()/10000000) | AB64: =IF(AA64="","",IF(COUNTIFS(Log!$D$6:$D$1505,D64,Log!$AA$6:$AA$1505,">"&AA64)=0,1,0)) | AC64: =IF(S64="New best",AA64,"") | AD64: =ROW()
B65: 46227 | C65: Upper | D65: Bench press | E65: 120 | F65: 10 | G65: 120 | H65: 8 | I65: 120 | J65: 8 | O65: =IF(D65="","",COUNT(F65,H65,J65,L65,N65)) | P65: =IF(D65="","",N(E65)*N(F65)+N(G65)*N(H65)+N(I65)*N(J65)+N(K65)*N(L65)+N(M65)*N(N65)) | Q65: =IF(N(X65)=0,"",IF(IF(N(F65)=0,0,IF(N(E65)>0,E65*(1+F65/30),F65))=X65,IF(N(E65)>0,E65&" x "&F65,F65&" reps"),IF(IF(N(H65)=0,0,IF(N(G65)>0,G65*(1+H65/30),H65))=X65,IF(N(G65)>0,G65&" x "&H65,H65&" reps"),IF(IF(N(J65)=0,0,IF(N(I65)>0,I65*(1+J65/30),J65))=X65,IF(N(I65)>0,I65&" x "&J65,J65&" reps"),IF(IF(N(L65)=0,0,IF(N(K65)>0,K65*(1+L65/30),L65))=X65,IF(N(K65)>0,K65&" x "&L65,L65&" reps"),IF(IF(N(N65)=0,0,IF(N(M65)>0,M65*(1+N65/30),N65))=X65,IF(N(M65)>0,M65&" x "&N65,N65&" reps"),"")))))) | R65: =IF(N(X65)=0,"",ROUND(X65,1)) | S65: =IF(N(X65)=0,"",IF(AND(COUNTIFS(Log!$D$6:$D$1505,D65,Log!$B$6:$B$1505,"<"&B65)>0,COUNTIFS(Log!$D$6:$D$1505,D65,Log!$B$6:$B$1505,"<"&B65,Log!$X$6:$X$1505,">="&X65)=0),"New best","")) | T65: Short on time | U65: =IF(D65="","",IFERROR(INDEX(Exercises!$C$6:$C$105,MATCH(D65,Exercises!$B$6:$B$105,0)),"Other")) | V65: =IF(B65="","",IF(COUNTIF($B$6:B65,B65)=1,1,0)) | W65: =IF(B65="","",B65-WEEKDAY(B65,3)) | X65: =IF(D65="","",MAX(IF(N(F65)=0,0,IF(N(E65)>0,E65*(1+F65/30),F65)),IF(N(H65)=0,0,IF(N(G65)>0,G65*(1+H65/30),H65)),IF(N(J65)=0,0,IF(N(I65)>0,I65*(1+J65/30),J65)),IF(N(L65)=0,0,IF(N(K65)>0,K65*(1+L65/30),L65)),IF(N(N65)=0,0,IF(N(M65)>0,M65*(1+N65/30),N65)))) | Y65: =IF(N(X65)=0,"",X65+ROW()/1000000000) | Z65: =IF(Y65="","",IF(COUNTIFS(Log!$D$6:$D$1505,D65,Log!$Y$6:$Y$1505,">"&Y65)=0,1,0)) | AA65: =IF(OR(B65="",D65=""),"",B65+ROW()/10000000) | AB65: =IF(AA65="","",IF(COUNTIFS(Log!$D$6:$D$1505,D65,Log!$AA$6:$AA$1505,">"&AA65)=0,1,0)) | AC65: =IF(S65="New best",AA65,"") | AD65: =ROW()
B66: 46227 | C66: Upper | D66: Barbell row | E66: 105 | F66: 9 | G66: 105 | H66: 8 | I66: 105 | J66: 8 | O66: =IF(D66="","",COUNT(F66,H66,J66,L66,N66)) | P66: =IF(D66="","",N(E66)*N(F66)+N(G66)*N(H66)+N(I66)*N(J66)+N(K66)*N(L66)+N(M66)*N(N66)) | Q66: =IF(N(X66)=0,"",IF(IF(N(F66)=0,0,IF(N(E66)>0,E66*(1+F66/30),F66))=X66,IF(N(E66)>0,E66&" x "&F66,F66&" reps"),IF(IF(N(H66)=0,0,IF(N(G66)>0,G66*(1+H66/30),H66))=X66,IF(N(G66)>0,G66&" x "&H66,H66&" reps"),IF(IF(N(J66)=0,0,IF(N(I66)>0,I66*(1+J66/30),J66))=X66,IF(N(I66)>0,I66&" x "&J66,J66&" reps"),IF(IF(N(L66)=0,0,IF(N(K66)>0,K66*(1+L66/30),L66))=X66,IF(N(K66)>0,K66&" x "&L66,L66&" reps"),IF(IF(N(N66)=0,0,IF(N(M66)>0,M66*(1+N66/30),N66))=X66,IF(N(M66)>0,M66&" x "&N66,N66&" reps"),"")))))) | R66: =IF(N(X66)=0,"",ROUND(X66,1)) | S66: =IF(N(X66)=0,"",IF(AND(COUNTIFS(Log!$D$6:$D$1505,D66,Log!$B$6:$B$1505,"<"&B66)>0,COUNTIFS(Log!$D$6:$D$1505,D66,Log!$B$6:$B$1505,"<"&B66,Log!$X$6:$X$1505,">="&X66)=0),"New best","")) | U66: =IF(D66="","",IFERROR(INDEX(Exercises!$C$6:$C$105,MATCH(D66,Exercises!$B$6:$B$105,0)),"Other")) | V66: =IF(B66="","",IF(COUNTIF($B$6:B66,B66)=1,1,0)) | W66: =IF(B66="","",B66-WEEKDAY(B66,3)) | X66: =IF(D66="","",MAX(IF(N(F66)=0,0,IF(N(E66)>0,E66*(1+F66/30),F66)),IF(N(H66)=0,0,IF(N(G66)>0,G66*(1+H66/30),H66)),IF(N(J66)=0,0,IF(N(I66)>0,I66*(1+J66/30),J66)),IF(N(L66)=0,0,IF(N(K66)>0,K66*(1+L66/30),L66)),IF(N(N66)=0,0,IF(N(M66)>0,M66*(1+N66/30),N66)))) | Y66: =IF(N(X66)=0,"",X66+ROW()/1000000000) | Z66: =IF(Y66="","",IF(COUNTIFS(Log!$D$6:$D$1505,D66,Log!$Y$6:$Y$1505,">"&Y66)=0,1,0)) | AA66: =IF(OR(B66="",D66=""),"",B66+ROW()/10000000) | AB66: =IF(AA66="","",IF(COUNTIFS(Log!$D$6:$D$1505,D66,Log!$AA$6:$AA$1505,">"&AA66)=0,1,0)) | AC66: =IF(S66="New best",AA66,"") | AD66: =ROW()
B67: 46227 | C67: Upper | D67: Overhead press | E67: 75 | F67: 9 | G67: 75 | H67: 8 | I67: 75 | J67: 8 | O67: =IF(D67="","",COUNT(F67,H67,J67,L67,N67)) | P67: =IF(D67="","",N(E67)*N(F67)+N(G67)*N(H67)+N(I67)*N(J67)+N(K67)*N(L67)+N(M67)*N(N67)) | Q67: =IF(N(X67)=0,"",IF(IF(N(F67)=0,0,IF(N(E67)>0,E67*(1+F67/30),F67))=X67,IF(N(E67)>0,E67&" x "&F67,F67&" reps"),IF(IF(N(H67)=0,0,IF(N(G67)>0,G67*(1+H67/30),H67))=X67,IF(N(G67)>0,G67&" x "&H67,H67&" reps"),IF(IF(N(J67)=0,0,IF(N(I67)>0,I67*(1+J67/30),J67))=X67,IF(N(I67)>0,I67&" x "&J67,J67&" reps"),IF(IF(N(L67)=0,0,IF(N(K67)>0,K67*(1+L67/30),L67))=X67,IF(N(K67)>0,K67&" x "&L67,L67&" reps"),IF(IF(N(N67)=0,0,IF(N(M67)>0,M67*(1+N67/30),N67))=X67,IF(N(M67)>0,M67&" x "&N67,N67&" reps"),"")))))) | R67: =IF(N(X67)=0,"",ROUND(X67,1)) | S67: =IF(N(X67)=0,"",IF(AND(COUNTIFS(Log!$D$6:$D$1505,D67,Log!$B$6:$B$1505,"<"&B67)>0,COUNTIFS(Log!$D$6:$D$1505,D67,Log!$B$6:$B$1505,"<"&B67,Log!$X$6:$X$1505,">="&X67)=0),"New best","")) | U67: =IF(D67="","",IFERROR(INDEX(Exercises!$C$6:$C$105,MATCH(D67,Exercises!$B$6:$B$105,0)),"Other")) | V67: =IF(B67="","",IF(COUNTIF($B$6:B67,B67)=1,1,0)) | W67: =IF(B67="","",B67-WEEKDAY(B67,3)) | X67: =IF(D67="","",MAX(IF(N(F67)=0,0,IF(N(E67)>0,E67*(1+F67/30),F67)),IF(N(H67)=0,0,IF(N(G67)>0,G67*(1+H67/30),H67)),IF(N(J67)=0,0,IF(N(I67)>0,I67*(1+J67/30),J67)),IF(N(L67)=0,0,IF(N(K67)>0,K67*(1+L67/30),L67)),IF(N(N67)=0,0,IF(N(M67)>0,M67*(1+N67/30),N67)))) | Y67: =IF(N(X67)=0,"",X67+ROW()/1000000000) | Z67: =IF(Y67="","",IF(COUNTIFS(Log!$D$6:$D$1505,D67,Log!$Y$6:$Y$1505,">"&Y67)=0,1,0)) | AA67: =IF(OR(B67="",D67=""),"",B67+ROW()/10000000) | AB67: =IF(AA67="","",IF(COUNTIFS(Log!$D$6:$D$1505,D67,Log!$AA$6:$AA$1505,">"&AA67)=0,1,0)) | AC67: =IF(S67="New best",AA67,"") | AD67: =ROW()
B68: 46227 | C68: Upper | D68: Pull-up | F68: 6 | H68: 4 | J68: 3 | O68: =IF(D68="","",COUNT(F68,H68,J68,L68,N68)) | P68: =IF(D68="","",N(E68)*N(F68)+N(G68)*N(H68)+N(I68)*N(J68)+N(K68)*N(L68)+N(M68)*N(N68)) | Q68: =IF(N(X68)=0,"",IF(IF(N(F68)=0,0,IF(N(E68)>0,E68*(1+F68/30),F68))=X68,IF(N(E68)>0,E68&" x "&F68,F68&" reps"),IF(IF(N(H68)=0,0,IF(N(G68)>0,G68*(1+H68/30),H68))=X68,IF(N(G68)>0,G68&" x "&H68,H68&" reps"),IF(IF(N(J68)=0,0,IF(N(I68)>0,I68*(1+J68/30),J68))=X68,IF(N(I68)>0,I68&" x "&J68,J68&" reps"),IF(IF(N(L68)=0,0,IF(N(K68)>0,K68*(1+L68/30),L68))=X68,IF(N(K68)>0,K68&" x "&L68,L68&" reps"),IF(IF(N(N68)=0,0,IF(N(M68)>0,M68*(1+N68/30),N68))=X68,IF(N(M68)>0,M68&" x "&N68,N68&" reps"),"")))))) | R68: =IF(N(X68)=0,"",ROUND(X68,1)) | S68: =IF(N(X68)=0,"",IF(AND(COUNTIFS(Log!$D$6:$D$1505,D68,Log!$B$6:$B$1505,"<"&B68)>0,COUNTIFS(Log!$D$6:$D$1505,D68,Log!$B$6:$B$1505,"<"&B68,Log!$X$6:$X$1505,">="&X68)=0),"New best","")) | T68: Short on time | U68: =IF(D68="","",IFERROR(INDEX(Exercises!$C$6:$C$105,MATCH(D68,Exercises!$B$6:$B$105,0)),"Other")) | V68: =IF(B68="","",IF(COUNTIF($B$6:B68,B68)=1,1,0)) | W68: =IF(B68="","",B68-WEEKDAY(B68,3)) | X68: =IF(D68="","",MAX(IF(N(F68)=0,0,IF(N(E68)>0,E68*(1+F68/30),F68)),IF(N(H68)=0,0,IF(N(G68)>0,G68*(1+H68/30),H68)),IF(N(J68)=0,0,IF(N(I68)>0,I68*(1+J68/30),J68)),IF(N(L68)=0,0,IF(N(K68)>0,K68*(1+L68/30),L68)),IF(N(N68)=0,0,IF(N(M68)>0,M68*(1+N68/30),N68)))) | Y68: =IF(N(X68)=0,"",X68+ROW()/1000000000) | Z68: =IF(Y68="","",IF(COUNTIFS(Log!$D$6:$D$1505,D68,Log!$Y$6:$Y$1505,">"&Y68)=0,1,0)) | AA68: =IF(OR(B68="",D68=""),"",B68+ROW()/10000000) | AB68: =IF(AA68="","",IF(COUNTIFS(Log!$D$6:$D$1505,D68,Log!$AA$6:$AA$1505,">"&AA68)=0,1,0)) | AC68: =IF(S68="New best",AA68,"") | AD68: =ROW()
B69: 46227 | C69: Upper | D69: Biceps curl | E69: 20 | F69: 11 | G69: 20 | H69: 11 | O69: =IF(D69="","",COUNT(F69,H69,J69,L69,N69)) | P69: =IF(D69="","",N(E69)*N(F69)+N(G69)*N(H69)+N(I69)*N(J69)+N(K69)*N(L69)+N(M69)*N(N69)) | Q69: =IF(N(X69)=0,"",IF(IF(N(F69)=0,0,IF(N(E69)>0,E69*(1+F69/30),F69))=X69,IF(N(E69)>0,E69&" x "&F69,F69&" reps"),IF(IF(N(H69)=0,0,IF(N(G69)>0,G69*(1+H69/30),H69))=X69,IF(N(G69)>0,G69&" x "&H69,H69&" reps"),IF(IF(N(J69)=0,0,IF(N(I69)>0,I69*(1+J69/30),J69))=X69,IF(N(I69)>0,I69&" x "&J69,J69&" reps"),IF(IF(N(L69)=0,0,IF(N(K69)>0,K69*(1+L69/30),L69))=X69,IF(N(K69)>0,K69&" x "&L69,L69&" reps"),IF(IF(N(N69)=0,0,IF(N(M69)>0,M69*(1+N69/30),N69))=X69,IF(N(M69)>0,M69&" x "&N69,N69&" reps"),"")))))) | R69: =IF(N(X69)=0,"",ROUND(X69,1)) | S69: =IF(N(X69)=0,"",IF(AND(COUNTIFS(Log!$D$6:$D$1505,D69,Log!$B$6:$B$1505,"<"&B69)>0,COUNTIFS(Log!$D$6:$D$1505,D69,Log!$B$6:$B$1505,"<"&B69,Log!$X$6:$X$1505,">="&X69)=0),"New best","")) | T69: Short on time | U69: =IF(D69="","",IFERROR(INDEX(Exercises!$C$6:$C$105,MATCH(D69,Exercises!$B$6:$B$105,0)),"Other")) | V69: =IF(B69="","",IF(COUNTIF($B$6:B69,B69)=1,1,0)) | W69: =IF(B69="","",B69-WEEKDAY(B69,3)) | X69: =IF(D69="","",MAX(IF(N(F69)=0,0,IF(N(E69)>0,E69*(1+F69/30),F69)),IF(N(H69)=0,0,IF(N(G69)>0,G69*(1+H69/30),H69)),IF(N(J69)=0,0,IF(N(I69)>0,I69*(1+J69/30),J69)),IF(N(L69)=0,0,IF(N(K69)>0,K69*(1+L69/30),L69)),IF(N(N69)=0,0,IF(N(M69)>0,M69*(1+N69/30),N69)))) | Y69: =IF(N(X69)=0,"",X69+ROW()/1000000000) | Z69: =IF(Y69="","",IF(COUNTIFS(Log!$D$6:$D$1505,D69,Log!$Y$6:$Y$1505,">"&Y69)=0,1,0)) | AA69: =IF(OR(B69="",D69=""),"",B69+ROW()/10000000) | AB69: =IF(AA69="","",IF(COUNTIFS(Log!$D$6:$D$1505,D69,Log!$AA$6:$AA$1505,">"&AA69)=0,1,0)) | AC69: =IF(S69="New best",AA69,"") | AD69: =ROW()
B70: 46227 | C70: Upper | D70: Triceps pushdown | E70: 35 | F70: 12 | G70: 35 | H70: 11 | O70: =IF(D70="","",COUNT(F70,H70,J70,L70,N70)) | P70: =IF(D70="","",N(E70)*N(F70)+N(G70)*N(H70)+N(I70)*N(J70)+N(K70)*N(L70)+N(M70)*N(N70)) | Q70: =IF(N(X70)=0,"",IF(IF(N(F70)=0,0,IF(N(E70)>0,E70*(1+F70/30),F70))=X70,IF(N(E70)>0,E70&" x "&F70,F70&" reps"),IF(IF(N(H70)=0,0,IF(N(G70)>0,G70*(1+H70/30),H70))=X70,IF(N(G70)>0,G70&" x "&H70,H70&" reps"),IF(IF(N(J70)=0,0,IF(N(I70)>0,I70*(1+J70/30),J70))=X70,IF(N(I70)>0,I70&" x "&J70,J70&" reps"),IF(IF(N(L70)=0,0,IF(N(K70)>0,K70*(1+L70/30),L70))=X70,IF(N(K70)>0,K70&" x "&L70,L70&" reps"),IF(IF(N(N70)=0,0,IF(N(M70)>0,M70*(1+N70/30),N70))=X70,IF(N(M70)>0,M70&" x "&N70,N70&" reps"),"")))))) | R70: =IF(N(X70)=0,"",ROUND(X70,1)) | S70: =IF(N(X70)=0,"",IF(AND(COUNTIFS(Log!$D$6:$D$1505,D70,Log!$B$6:$B$1505,"<"&B70)>0,COUNTIFS(Log!$D$6:$D$1505,D70,Log!$B$6:$B$1505,"<"&B70,Log!$X$6:$X$1505,">="&X70)=0),"New best","")) | T70: Felt strong | U70: =IF(D70="","",IFERROR(INDEX(Exercises!$C$6:$C$105,MATCH(D70,Exercises!$B$6:$B$105,0)),"Other")) | V70: =IF(B70="","",IF(COUNTIF($B$6:B70,B70)=1,1,0)) | W70: =IF(B70="","",B70-WEEKDAY(B70,3)) | X70: =IF(D70="","",MAX(IF(N(F70)=0,0,IF(N(E70)>0,E70*(1+F70/30),F70)),IF(N(H70)=0,0,IF(N(G70)>0,G70*(1+H70/30),H70)),IF(N(J70)=0,0,IF(N(I70)>0,I70*(1+J70/30),J70)),IF(N(L70)=0,0,IF(N(K70)>0,K70*(1+L70/30),L70)),IF(N(N70)=0,0,IF(N(M70)>0,M70*(1+N70/30),N70)))) | Y70: =IF(N(X70)=0,"",X70+ROW()/1000000000) | Z70: =IF(Y70="","",IF(COUNTIFS(Log!$D$6:$D$1505,D70,Log!$Y$6:$Y$1505,">"&Y70)=0,1,0)) | AA70: =IF(OR(B70="",D70=""),"",B70+ROW()/10000000) | AB70: =IF(AA70="","",IF(COUNTIFS(Log!$D$6:$D$1505,D70,Log!$AA$6:$AA$1505,">"&AA70)=0,1,0)) | AC70: =IF(S70="New best",AA70,"") | AD70: =ROW()
B71: 46228 | C71: Lower | D71: Squat | E71: 165 | F71: 8 | G71: 165 | H71: 8 | I71: 165 | J71: 8 | O71: =IF(D71="","",COUNT(F71,H71,J71,L71,N71)) | P71: =IF(D71="","",N(E71)*N(F71)+N(G71)*N(H71)+N(I71)*N(J71)+N(K71)*N(L71)+N(M71)*N(N71)) | Q71: =IF(N(X71)=0,"",IF(IF(N(F71)=0,0,IF(N(E71)>0,E71*(1+F71/30),F71))=X71,IF(N(E71)>0,E71&" x "&F71,F71&" reps"),IF(IF(N(H71)=0,0,IF(N(G71)>0,G71*(1+H71/30),H71))=X71,IF(N(G71)>0,G71&" x "&H71,H71&" reps"),IF(IF(N(J71)=0,0,IF(N(I71)>0,I71*(1+J71/30),J71))=X71,IF(N(I71)>0,I71&" x "&J71,J71&" reps"),IF(IF(N(L71)=0,0,IF(N(K71)>0,K71*(1+L71/30),L71))=X71,IF(N(K71)>0,K71&" x "&L71,L71&" reps"),IF(IF(N(N71)=0,0,IF(N(M71)>0,M71*(1+N71/30),N71))=X71,IF(N(M71)>0,M71&" x "&N71,N71&" reps"),"")))))) | R71: =IF(N(X71)=0,"",ROUND(X71,1)) | S71: =IF(N(X71)=0,"",IF(AND(COUNTIFS(Log!$D$6:$D$1505,D71,Log!$B$6:$B$1505,"<"&B71)>0,COUNTIFS(Log!$D$6:$D$1505,D71,Log!$B$6:$B$1505,"<"&B71,Log!$X$6:$X$1505,">="&X71)=0),"New best","")) | U71: =IF(D71="","",IFERROR(INDEX(Exercises!$C$6:$C$105,MATCH(D71,Exercises!$B$6:$B$105,0)),"Other")) | V71: =IF(B71="","",IF(COUNTIF($B$6:B71,B71)=1,1,0)) | W71: =IF(B71="","",B71-WEEKDAY(B71,3)) | X71: =IF(D71="","",MAX(IF(N(F71)=0,0,IF(N(E71)>0,E71*(1+F71/30),F71)),IF(N(H71)=0,0,IF(N(G71)>0,G71*(1+H71/30),H71)),IF(N(J71)=0,0,IF(N(I71)>0,I71*(1+J71/30),J71)),IF(N(L71)=0,0,IF(N(K71)>0,K71*(1+L71/30),L71)),IF(N(N71)=0,0,IF(N(M71)>0,M71*(1+N71/30),N71)))) | Y71: =IF(N(X71)=0,"",X71+ROW()/1000000000) | Z71: =IF(Y71="","",IF(COUNTIFS(Log!$D$6:$D$1505,D71,Log!$Y$6:$Y$1505,">"&Y71)=0,1,0)) | AA71: =IF(OR(B71="",D71=""),"",B71+ROW()/10000000) | AB71: =IF(AA71="","",IF(COUNTIFS(Log!$D$6:$D$1505,D71,Log!$AA$6:$AA$1505,">"&AA71)=0,1,0)) | AC71: =IF(S71="New best",AA71,"") | AD71: =ROW()
B72: 46228 | C72: Lower | D72: Romanian deadlift | E72: 140 | F72: 9 | G72: 140 | H72: 8 | I72: 140 | J72: 8 | O72: =IF(D72="","",COUNT(F72,H72,J72,L72,N72)) | P72: =IF(D72="","",N(E72)*N(F72)+N(G72)*N(H72)+N(I72)*N(J72)+N(K72)*N(L72)+N(M72)*N(N72)) | Q72: =IF(N(X72)=0,"",IF(IF(N(F72)=0,0,IF(N(E72)>0,E72*(1+F72/30),F72))=X72,IF(N(E72)>0,E72&" x "&F72,F72&" reps"),IF(IF(N(H72)=0,0,IF(N(G72)>0,G72*(1+H72/30),H72))=X72,IF(N(G72)>0,G72&" x "&H72,H72&" reps"),IF(IF(N(J72)=0,0,IF(N(I72)>0,I72*(1+J72/30),J72))=X72,IF(N(I72)>0,I72&" x "&J72,J72&" reps"),IF(IF(N(L72)=0,0,IF(N(K72)>0,K72*(1+L72/30),L72))=X72,IF(N(K72)>0,K72&" x "&L72,L72&" reps"),IF(IF(N(N72)=0,0,IF(N(M72)>0,M72*(1+N72/30),N72))=X72,IF(N(M72)>0,M72&" x "&N72,N72&" reps"),"")))))) | R72: =IF(N(X72)=0,"",ROUND(X72,1)) | S72: =IF(N(X72)=0,"",IF(AND(COUNTIFS(Log!$D$6:$D$1505,D72,Log!$B$6:$B$1505,"<"&B72)>0,COUNTIFS(Log!$D$6:$D$1505,D72,Log!$B$6:$B$1505,"<"&B72,Log!$X$6:$X$1505,">="&X72)=0),"New best","")) | T72: Short on time | U72: =IF(D72="","",IFERROR(INDEX(Exercises!$C$6:$C$105,MATCH(D72,Exercises!$B$6:$B$105,0)),"Other")) | V72: =IF(B72="","",IF(COUNTIF($B$6:B72,B72)=1,1,0)) | W72: =IF(B72="","",B72-WEEKDAY(B72,3)) | X72: =IF(D72="","",MAX(IF(N(F72)=0,0,IF(N(E72)>0,E72*(1+F72/30),F72)),IF(N(H72)=0,0,IF(N(G72)>0,G72*(1+H72/30),H72)),IF(N(J72)=0,0,IF(N(I72)>0,I72*(1+J72/30),J72)),IF(N(L72)=0,0,IF(N(K72)>0,K72*(1+L72/30),L72)),IF(N(N72)=0,0,IF(N(M72)>0,M72*(1+N72/30),N72)))) | Y72: =IF(N(X72)=0,"",X72+ROW()/1000000000) | Z72: =IF(Y72="","",IF(COUNTIFS(Log!$D$6:$D$1505,D72,Log!$Y$6:$Y$1505,">"&Y72)=0,1,0)) | AA72: =IF(OR(B72="",D72=""),"",B72+ROW()/10000000) | AB72: =IF(AA72="","",IF(COUNTIFS(Log!$D$6:$D$1505,D72,Log!$AA$6:$AA$1505,">"&AA72)=0,1,0)) | AC72: =IF(S72="New best",AA72,"") | AD72: =ROW()
B73: 46228 | C73: Lower | D73: Leg press | E73: 245 | F73: 15 | G73: 245 | H73: 14 | I73: 245 | J73: 12 | O73: =IF(D73="","",COUNT(F73,H73,J73,L73,N73)) | P73: =IF(D73="","",N(E73)*N(F73)+N(G73)*N(H73)+N(I73)*N(J73)+N(K73)*N(L73)+N(M73)*N(N73)) | Q73: =IF(N(X73)=0,"",IF(IF(N(F73)=0,0,IF(N(E73)>0,E73*(1+F73/30),F73))=X73,IF(N(E73)>0,E73&" x "&F73,F73&" reps"),IF(IF(N(H73)=0,0,IF(N(G73)>0,G73*(1+H73/30),H73))=X73,IF(N(G73)>0,G73&" x "&H73,H73&" reps"),IF(IF(N(J73)=0,0,IF(N(I73)>0,I73*(1+J73/30),J73))=X73,IF(N(I73)>0,I73&" x "&J73,J73&" reps"),IF(IF(N(L73)=0,0,IF(N(K73)>0,K73*(1+L73/30),L73))=X73,IF(N(K73)>0,K73&" x "&L73,L73&" reps"),IF(IF(N(N73)=0,0,IF(N(M73)>0,M73*(1+N73/30),N73))=X73,IF(N(M73)>0,M73&" x "&N73,N73&" reps"),"")))))) | R73: =IF(N(X73)=0,"",ROUND(X73,1)) | S73: =IF(N(X73)=0,"",IF(AND(COUNTIFS(Log!$D$6:$D$1505,D73,Log!$B$6:$B$1505,"<"&B73)>0,COUNTIFS(Log!$D$6:$D$1505,D73,Log!$B$6:$B$1505,"<"&B73,Log!$X$6:$X$1505,">="&X73)=0),"New best","")) | U73: =IF(D73="","",IFERROR(INDEX(Exercises!$C$6:$C$105,MATCH(D73,Exercises!$B$6:$B$105,0)),"Other")) | V73: =IF(B73="","",IF(COUNTIF($B$6:B73,B73)=1,1,0)) | W73: =IF(B73="","",B73-WEEKDAY(B73,3)) | X73: =IF(D73="","",MAX(IF(N(F73)=0,0,IF(N(E73)>0,E73*(1+F73/30),F73)),IF(N(H73)=0,0,IF(N(G73)>0,G73*(1+H73/30),H73)),IF(N(J73)=0,0,IF(N(I73)>0,I73*(1+J73/30),J73)),IF(N(L73)=0,0,IF(N(K73)>0,K73*(1+L73/30),L73)),IF(N(N73)=0,0,IF(N(M73)>0,M73*(1+N73/30),N73)))) | Y73: =IF(N(X73)=0,"",X73+ROW()/1000000000) | Z73: =IF(Y73="","",IF(COUNTIFS(Log!$D$6:$D$1505,D73,Log!$Y$6:$Y$1505,">"&Y73)=0,1,0)) | AA73: =IF(OR(B73="",D73=""),"",B73+ROW()/10000000) | AB73: =IF(AA73="","",IF(COUNTIFS(Log!$D$6:$D$1505,D73,Log!$AA$6:$AA$1505,">"&AA73)=0,1,0)) | AC73: =IF(S73="New best",AA73,"") | AD73: =ROW()
B74: 46228 | C74: Lower | D74: Calf raise | E74: 80 | F74: 15 | G74: 80 | H74: 15 | I74: 80 | J74: 15 | O74: =IF(D74="","",COUNT(F74,H74,J74,L74,N74)) | P74: =IF(D74="","",N(E74)*N(F74)+N(G74)*N(H74)+N(I74)*N(J74)+N(K74)*N(L74)+N(M74)*N(N74)) | Q74: =IF(N(X74)=0,"",IF(IF(N(F74)=0,0,IF(N(E74)>0,E74*(1+F74/30),F74))=X74,IF(N(E74)>0,E74&" x "&F74,F74&" reps"),IF(IF(N(H74)=0,0,IF(N(G74)>0,G74*(1+H74/30),H74))=X74,IF(N(G74)>0,G74&" x "&H74,H74&" reps"),IF(IF(N(J74)=0,0,IF(N(I74)>0,I74*(1+J74/30),J74))=X74,IF(N(I74)>0,I74&" x "&J74,J74&" reps"),IF(IF(N(L74)=0,0,IF(N(K74)>0,K74*(1+L74/30),L74))=X74,IF(N(K74)>0,K74&" x "&L74,L74&" reps"),IF(IF(N(N74)=0,0,IF(N(M74)>0,M74*(1+N74/30),N74))=X74,IF(N(M74)>0,M74&" x "&N74,N74&" reps"),"")))))) | R74: =IF(N(X74)=0,"",ROUND(X74,1)) | S74: =IF(N(X74)=0,"",IF(AND(COUNTIFS(Log!$D$6:$D$1505,D74,Log!$B$6:$B$1505,"<"&B74)>0,COUNTIFS(Log!$D$6:$D$1505,D74,Log!$B$6:$B$1505,"<"&B74,Log!$X$6:$X$1505,">="&X74)=0),"New best","")) | T74: Short on time | U74: =IF(D74="","",IFERROR(INDEX(Exercises!$C$6:$C$105,MATCH(D74,Exercises!$B$6:$B$105,0)),"Other")) | V74: =IF(B74="","",IF(COUNTIF($B$6:B74,B74)=1,1,0)) | W74: =IF(B74="","",B74-WEEKDAY(B74,3)) | X74: =IF(D74="","",MAX(IF(N(F74)=0,0,IF(N(E74)>0,E74*(1+F74/30),F74)),IF(N(H74)=0,0,IF(N(G74)>0,G74*(1+H74/30),H74)),IF(N(J74)=0,0,IF(N(I74)>0,I74*(1+J74/30),J74)),IF(N(L74)=0,0,IF(N(K74)>0,K74*(1+L74/30),L74)),IF(N(N74)=0,0,IF(N(M74)>0,M74*(1+N74/30),N74)))) | Y74: =IF(N(X74)=0,"",X74+ROW()/1000000000) | Z74: =IF(Y74="","",IF(COUNTIFS(Log!$D$6:$D$1505,D74,Log!$Y$6:$Y$1505,">"&Y74)=0,1,0)) | AA74: =IF(OR(B74="",D74=""),"",B74+ROW()/10000000) | AB74: =IF(AA74="","",IF(COUNTIFS(Log!$D$6:$D$1505,D74,Log!$AA$6:$AA$1505,">"&AA74)=0,1,0)) | AC74: =IF(S74="New best",AA74,"") | AD74: =ROW()
B75: 46230 | C75: Push | D75: Bench press | E75: 140 | F75: 7 | G75: 140 | H75: 7 | I75: 140 | J75: 6 | K75: 140 | L75: 6 | O75: =IF(D75="","",COUNT(F75,H75,J75,L75,N75)) | P75: =IF(D75="","",N(E75)*N(F75)+N(G75)*N(H75)+N(I75)*N(J75)+N(K75)*N(L75)+N(M75)*N(N75)) | Q75: =IF(N(X75)=0,"",IF(IF(N(F75)=0,0,IF(N(E75)>0,E75*(1+F75/30),F75))=X75,IF(N(E75)>0,E75&" x "&F75,F75&" reps"),IF(IF(N(H75)=0,0,IF(N(G75)>0,G75*(1+H75/30),H75))=X75,IF(N(G75)>0,G75&" x "&H75,H75&" reps"),IF(IF(N(J75)=0,0,IF(N(I75)>0,I75*(1+J75/30),J75))=X75,IF(N(I75)>0,I75&" x "&J75,J75&" reps"),IF(IF(N(L75)=0,0,IF(N(K75)>0,K75*(1+L75/30),L75))=X75,IF(N(K75)>0,K75&" x "&L75,L75&" reps"),IF(IF(N(N75)=0,0,IF(N(M75)>0,M75*(1+N75/30),N75))=X75,IF(N(M75)>0,M75&" x "&N75,N75&" reps"),"")))))) | R75: =IF(N(X75)=0,"",ROUND(X75,1)) | S75: =IF(N(X75)=0,"",IF(AND(COUNTIFS(Log!$D$6:$D$1505,D75,Log!$B$6:$B$1505,"<"&B75)>0,COUNTIFS(Log!$D$6:$D$1505,D75,Log!$B$6:$B$1505,"<"&B75,Log!$X$6:$X$1505,">="&X75)=0),"New best","")) | U75: =IF(D75="","",IFERROR(INDEX(Exercises!$C$6:$C$105,MATCH(D75,Exercises!$B$6:$B$105,0)),"Other")) | V75: =IF(B75="","",IF(COUNTIF($B$6:B75,B75)=1,1,0)) | W75: =IF(B75="","",B75-WEEKDAY(B75,3)) | X75: =IF(D75="","",MAX(IF(N(F75)=0,0,IF(N(E75)>0,E75*(1+F75/30),F75)),IF(N(H75)=0,0,IF(N(G75)>0,G75*(1+H75/30),H75)),IF(N(J75)=0,0,IF(N(I75)>0,I75*(1+J75/30),J75)),IF(N(L75)=0,0,IF(N(K75)>0,K75*(1+L75/30),L75)),IF(N(N75)=0,0,IF(N(M75)>0,M75*(1+N75/30),N75)))) | Y75: =IF(N(X75)=0,"",X75+ROW()/1000000000) | Z75: =IF(Y75="","",IF(COUNTIFS(Log!$D$6:$D$1505,D75,Log!$Y$6:$Y$1505,">"&Y75)=0,1,0)) | AA75: =IF(OR(B75="",D75=""),"",B75+ROW()/10000000) | AB75: =IF(AA75="","",IF(COUNTIFS(Log!$D$6:$D$1505,D75,Log!$AA$6:$AA$1505,">"&AA75)=0,1,0)) | AC75: =IF(S75="New best",AA75,"") | AD75: =ROW()
B76: 46230 | C76: Push | D76: Overhead press | E76: 90 | F76: 9 | G76: 90 | H76: 8 | I76: 90 | J76: 8 | O76: =IF(D76="","",COUNT(F76,H76,J76,L76,N76)) | P76: =IF(D76="","",N(E76)*N(F76)+N(G76)*N(H76)+N(I76)*N(J76)+N(K76)*N(L76)+N(M76)*N(N76)) | Q76: =IF(N(X76)=0,"",IF(IF(N(F76)=0,0,IF(N(E76)>0,E76*(1+F76/30),F76))=X76,IF(N(E76)>0,E76&" x "&F76,F76&" reps"),IF(IF(N(H76)=0,0,IF(N(G76)>0,G76*(1+H76/30),H76))=X76,IF(N(G76)>0,G76&" x "&H76,H76&" reps"),IF(IF(N(J76)=0,0,IF(N(I76)>0,I76*(1+J76/30),J76))=X76,IF(N(I76)>0,I76&" x "&J76,J76&" reps"),IF(IF(N(L76)=0,0,IF(N(K76)>0,K76*(1+L76/30),L76))=X76,IF(N(K76)>0,K76&" x "&L76,L76&" reps"),IF(IF(N(N76)=0,0,IF(N(M76)>0,M76*(1+N76/30),N76))=X76,IF(N(M76)>0,M76&" x "&N76,N76&" reps"),"")))))) | R76: =IF(N(X76)=0,"",ROUND(X76,1)) | S76: =IF(N(X76)=0,"",IF(AND(COUNTIFS(Log!$D$6:$D$1505,D76,Log!$B$6:$B$1505,"<"&B76)>0,COUNTIFS(Log!$D$6:$D$1505,D76,Log!$B$6:$B$1505,"<"&B76,Log!$X$6:$X$1505,">="&X76)=0),"New best","")) | T76: Slept badly | U76: =IF(D76="","",IFERROR(INDEX(Exercises!$C$6:$C$105,MATCH(D76,Exercises!$B$6:$B$105,0)),"Other")) | V76: =IF(B76="","",IF(COUNTIF($B$6:B76,B76)=1,1,0)) | W76: =IF(B76="","",B76-WEEKDAY(B76,3)) | X76: =IF(D76="","",MAX(IF(N(F76)=0,0,IF(N(E76)>0,E76*(1+F76/30),F76)),IF(N(H76)=0,0,IF(N(G76)>0,G76*(1+H76/30),H76)),IF(N(J76)=0,0,IF(N(I76)>0,I76*(1+J76/30),J76)),IF(N(L76)=0,0,IF(N(K76)>0,K76*(1+L76/30),L76)),IF(N(N76)=0,0,IF(N(M76)>0,M76*(1+N76/30),N76)))) | Y76: =IF(N(X76)=0,"",X76+ROW()/1000000000) | Z76: =IF(Y76="","",IF(COUNTIFS(Log!$D$6:$D$1505,D76,Log!$Y$6:$Y$1505,">"&Y76)=0,1,0)) | AA76: =IF(OR(B76="",D76=""),"",B76+ROW()/10000000) | AB76: =IF(AA76="","",IF(COUNTIFS(Log!$D$6:$D$1505,D76,Log!$AA$6:$AA$1505,">"&AA76)=0,1,0)) | AC76: =IF(S76="New best",AA76,"") | AD76: =ROW()
B77: 46230 | C77: Push | D77: Incline dumbbell press | E77: 50 | F77: 12 | G77: 50 | H77: 10 | I77: 50 | J77: 9 | O77: =IF(D77="","",COUNT(F77,H77,J77,L77,N77)) | P77: =IF(D77="","",N(E77)*N(F77)+N(G77)*N(H77)+N(I77)*N(J77)+N(K77)*N(L77)+N(M77)*N(N77)) | Q77: =IF(N(X77)=0,"",IF(IF(N(F77)=0,0,IF(N(E77)>0,E77*(1+F77/30),F77))=X77,IF(N(E77)>0,E77&" x "&F77,F77&" reps"),IF(IF(N(H77)=0,0,IF(N(G77)>0,G77*(1+H77/30),H77))=X77,IF(N(G77)>0,G77&" x "&H77,H77&" reps"),IF(IF(N(J77)=0,0,IF(N(I77)>0,I77*(1+J77/30),J77))=X77,IF(N(I77)>0,I77&" x "&J77,J77&" reps"),IF(IF(N(L77)=0,0,IF(N(K77)>0,K77*(1+L77/30),L77))=X77,IF(N(K77)>0,K77&" x "&L77,L77&" reps"),IF(IF(N(N77)=0,0,IF(N(M77)>0,M77*(1+N77/30),N77))=X77,IF(N(M77)>0,M77&" x "&N77,N77&" reps"),"")))))) | R77: =IF(N(X77)=0,"",ROUND(X77,1)) | S77: =IF(N(X77)=0,"",IF(AND(COUNTIFS(Log!$D$6:$D$1505,D77,Log!$B$6:$B$1505,"<"&B77)>0,COUNTIFS(Log!$D$6:$D$1505,D77,Log!$B$6:$B$1505,"<"&B77,Log!$X$6:$X$1505,">="&X77)=0),"New best","")) | U77: =IF(D77="","",IFERROR(INDEX(Exercises!$C$6:$C$105,MATCH(D77,Exercises!$B$6:$B$105,0)),"Other")) | V77: =IF(B77="","",IF(COUNTIF($B$6:B77,B77)=1,1,0)) | W77: =IF(B77="","",B77-WEEKDAY(B77,3)) | X77: =IF(D77="","",MAX(IF(N(F77)=0,0,IF(N(E77)>0,E77*(1+F77/30),F77)),IF(N(H77)=0,0,IF(N(G77)>0,G77*(1+H77/30),H77)),IF(N(J77)=0,0,IF(N(I77)>0,I77*(1+J77/30),J77)),IF(N(L77)=0,0,IF(N(K77)>0,K77*(1+L77/30),L77)),IF(N(N77)=0,0,IF(N(M77)>0,M77*(1+N77/30),N77)))) | Y77: =IF(N(X77)=0,"",X77+ROW()/1000000000) | Z77: =IF(Y77="","",IF(COUNTIFS(Log!$D$6:$D$1505,D77,Log!$Y$6:$Y$1505,">"&Y77)=0,1,0)) | AA77: =IF(OR(B77="",D77=""),"",B77+ROW()/10000000) | AB77: =IF(AA77="","",IF(COUNTIFS(Log!$D$6:$D$1505,D77,Log!$AA$6:$AA$1505,">"&AA77)=0,1,0)) | AC77: =IF(S77="New best",AA77,"") | AD77: =ROW()
B78: 46230 | C78: Push | D78: Lateral raise | E78: 17.5 | F78: 15 | G78: 17.5 | H78: 14 | I78: 17.5 | J78: 13 | O78: =IF(D78="","",COUNT(F78,H78,J78,L78,N78)) | P78: =IF(D78="","",N(E78)*N(F78)+N(G78)*N(H78)+N(I78)*N(J78)+N(K78)*N(L78)+N(M78)*N(N78)) | Q78: =IF(N(X78)=0,"",IF(IF(N(F78)=0,0,IF(N(E78)>0,E78*(1+F78/30),F78))=X78,IF(N(E78)>0,E78&" x "&F78,F78&" reps"),IF(IF(N(H78)=0,0,IF(N(G78)>0,G78*(1+H78/30),H78))=X78,IF(N(G78)>0,G78&" x "&H78,H78&" reps"),IF(IF(N(J78)=0,0,IF(N(I78)>0,I78*(1+J78/30),J78))=X78,IF(N(I78)>0,I78&" x "&J78,J78&" reps"),IF(IF(N(L78)=0,0,IF(N(K78)>0,K78*(1+L78/30),L78))=X78,IF(N(K78)>0,K78&" x "&L78,L78&" reps"),IF(IF(N(N78)=0,0,IF(N(M78)>0,M78*(1+N78/30),N78))=X78,IF(N(M78)>0,M78&" x "&N78,N78&" reps"),"")))))) | R78: =IF(N(X78)=0,"",ROUND(X78,1)) | S78: =IF(N(X78)=0,"",IF(AND(COUNTIFS(Log!$D$6:$D$1505,D78,Log!$B$6:$B$1505,"<"&B78)>0,COUNTIFS(Log!$D$6:$D$1505,D78,Log!$B$6:$B$1505,"<"&B78,Log!$X$6:$X$1505,">="&X78)=0),"New best","")) | U78: =IF(D78="","",IFERROR(INDEX(Exercises!$C$6:$C$105,MATCH(D78,Exercises!$B$6:$B$105,0)),"Other")) | V78: =IF(B78="","",IF(COUNTIF($B$6:B78,B78)=1,1,0)) | W78: =IF(B78="","",B78-WEEKDAY(B78,3)) | X78: =IF(D78="","",MAX(IF(N(F78)=0,0,IF(N(E78)>0,E78*(1+F78/30),F78)),IF(N(H78)=0,0,IF(N(G78)>0,G78*(1+H78/30),H78)),IF(N(J78)=0,0,IF(N(I78)>0,I78*(1+J78/30),J78)),IF(N(L78)=0,0,IF(N(K78)>0,K78*(1+L78/30),L78)),IF(N(N78)=0,0,IF(N(M78)>0,M78*(1+N78/30),N78)))) | Y78: =IF(N(X78)=0,"",X78+ROW()/1000000000) | Z78: =IF(Y78="","",IF(COUNTIFS(Log!$D$6:$D$1505,D78,Log!$Y$6:$Y$1505,">"&Y78)=0,1,0)) | AA78: =IF(OR(B78="",D78=""),"",B78+ROW()/10000000) | AB78: =IF(AA78="","",IF(COUNTIFS(Log!$D$6:$D$1505,D78,Log!$AA$6:$AA$1505,">"&AA78)=0,1,0)) | AC78: =IF(S78="New best",AA78,"") | AD78: =ROW()
B79: 46230 | C79: Push | D79: Triceps pushdown | E79: 45 | F79: 11 | G79: 45 | H79: 11 | I79: 45 | J79: 10 | O79: =IF(D79="","",COUNT(F79,H79,J79,L79,N79)) | P79: =IF(D79="","",N(E79)*N(F79)+N(G79)*N(H79)+N(I79)*N(J79)+N(K79)*N(L79)+N(M79)*N(N79)) | Q79: =IF(N(X79)=0,"",IF(IF(N(F79)=0,0,IF(N(E79)>0,E79*(1+F79/30),F79))=X79,IF(N(E79)>0,E79&" x "&F79,F79&" reps"),IF(IF(N(H79)=0,0,IF(N(G79)>0,G79*(1+H79/30),H79))=X79,IF(N(G79)>0,G79&" x "&H79,H79&" reps"),IF(IF(N(J79)=0,0,IF(N(I79)>0,I79*(1+J79/30),J79))=X79,IF(N(I79)>0,I79&" x "&J79,J79&" reps"),IF(IF(N(L79)=0,0,IF(N(K79)>0,K79*(1+L79/30),L79))=X79,IF(N(K79)>0,K79&" x "&L79,L79&" reps"),IF(IF(N(N79)=0,0,IF(N(M79)>0,M79*(1+N79/30),N79))=X79,IF(N(M79)>0,M79&" x "&N79,N79&" reps"),"")))))) | R79: =IF(N(X79)=0,"",ROUND(X79,1)) | S79: =IF(N(X79)=0,"",IF(AND(COUNTIFS(Log!$D$6:$D$1505,D79,Log!$B$6:$B$1505,"<"&B79)>0,COUNTIFS(Log!$D$6:$D$1505,D79,Log!$B$6:$B$1505,"<"&B79,Log!$X$6:$X$1505,">="&X79)=0),"New best","")) | U79: =IF(D79="","",IFERROR(INDEX(Exercises!$C$6:$C$105,MATCH(D79,Exercises!$B$6:$B$105,0)),"Other")) | V79: =IF(B79="","",IF(COUNTIF($B$6:B79,B79)=1,1,0)) | W79: =IF(B79="","",B79-WEEKDAY(B79,3)) | X79: =IF(D79="","",MAX(IF(N(F79)=0,0,IF(N(E79)>0,E79*(1+F79/30),F79)),IF(N(H79)=0,0,IF(N(G79)>0,G79*(1+H79/30),H79)),IF(N(J79)=0,0,IF(N(I79)>0,I79*(1+J79/30),J79)),IF(N(L79)=0,0,IF(N(K79)>0,K79*(1+L79/30),L79)),IF(N(N79)=0,0,IF(N(M79)>0,M79*(1+N79/30),N79)))) | Y79: =IF(N(X79)=0,"",X79+ROW()/1000000000) | Z79: =IF(Y79="","",IF(COUNTIFS(Log!$D$6:$D$1505,D79,Log!$Y$6:$Y$1505,">"&Y79)=0,1,0)) | AA79: =IF(OR(B79="",D79=""),"",B79+ROW()/10000000) | AB79: =IF(AA79="","",IF(COUNTIFS(Log!$D$6:$D$1505,D79,Log!$AA$6:$AA$1505,">"&AA79)=0,1,0)) | AC79: =IF(S79="New best",AA79,"") | AD79: =ROW()
B80: 46231 | C80: Pull | D80: Deadlift | E80: 235 | F80: 5 | G80: 235 | H80: 5 | I80: 235 | J80: 5 | O80: =IF(D80="","",COUNT(F80,H80,J80,L80,N80)) | P80: =IF(D80="","",N(E80)*N(F80)+N(G80)*N(H80)+N(I80)*N(J80)+N(K80)*N(L80)+N(M80)*N(N80)) | Q80: =IF(N(X80)=0,"",IF(IF(N(F80)=0,0,IF(N(E80)>0,E80*(1+F80/30),F80))=X80,IF(N(E80)>0,E80&" x "&F80,F80&" reps"),IF(IF(N(H80)=0,0,IF(N(G80)>0,G80*(1+H80/30),H80))=X80,IF(N(G80)>0,G80&" x "&H80,H80&" reps"),IF(IF(N(J80)=0,0,IF(N(I80)>0,I80*(1+J80/30),J80))=X80,IF(N(I80)>0,I80&" x "&J80,J80&" reps"),IF(IF(N(L80)=0,0,IF(N(K80)>0,K80*(1+L80/30),L80))=X80,IF(N(K80)>0,K80&" x "&L80,L80&" reps"),IF(IF(N(N80)=0,0,IF(N(M80)>0,M80*(1+N80/30),N80))=X80,IF(N(M80)>0,M80&" x "&N80,N80&" reps"),"")))))) | R80: =IF(N(X80)=0,"",ROUND(X80,1)) | S80: =IF(N(X80)=0,"",IF(AND(COUNTIFS(Log!$D$6:$D$1505,D80,Log!$B$6:$B$1505,"<"&B80)>0,COUNTIFS(Log!$D$6:$D$1505,D80,Log!$B$6:$B$1505,"<"&B80,Log!$X$6:$X$1505,">="&X80)=0),"New best","")) | T80: Short on time | U80: =IF(D80="","",IFERROR(INDEX(Exercises!$C$6:$C$105,MATCH(D80,Exercises!$B$6:$B$105,0)),"Other")) | V80: =IF(B80="","",IF(COUNTIF($B$6:B80,B80)=1,1,0)) | W80: =IF(B80="","",B80-WEEKDAY(B80,3)) | X80: =IF(D80="","",MAX(IF(N(F80)=0,0,IF(N(E80)>0,E80*(1+F80/30),F80)),IF(N(H80)=0,0,IF(N(G80)>0,G80*(1+H80/30),H80)),IF(N(J80)=0,0,IF(N(I80)>0,I80*(1+J80/30),J80)),IF(N(L80)=0,0,IF(N(K80)>0,K80*(1+L80/30),L80)),IF(N(N80)=0,0,IF(N(M80)>0,M80*(1+N80/30),N80)))) | Y80: =IF(N(X80)=0,"",X80+ROW()/1000000000) | Z80: =IF(Y80="","",IF(COUNTIFS(Log!$D$6:$D$1505,D80,Log!$Y$6:$Y$1505,">"&Y80)=0,1,0)) | AA80: =IF(OR(B80="",D80=""),"",B80+ROW()/10000000) | AB80: =IF(AA80="","",IF(COUNTIFS(Log!$D$6:$D$1505,D80,Log!$AA$6:$AA$1505,">"&AA80)=0,1,0)) | AC80: =IF(S80="New best",AA80,"") | AD80: =ROW()
B81: 46231 | C81: Pull | D81: Pull-up | F81: 6 | H81: 6 | J81: 4 | O81: =IF(D81="","",COUNT(F81,H81,J81,L81,N81)) | P81: =IF(D81="","",N(E81)*N(F81)+N(G81)*N(H81)+N(I81)*N(J81)+N(K81)*N(L81)+N(M81)*N(N81)) | Q81: =IF(N(X81)=0,"",IF(IF(N(F81)=0,0,IF(N(E81)>0,E81*(1+F81/30),F81))=X81,IF(N(E81)>0,E81&" x "&F81,F81&" reps"),IF(IF(N(H81)=0,0,IF(N(G81)>0,G81*(1+H81/30),H81))=X81,IF(N(G81)>0,G81&" x "&H81,H81&" reps"),IF(IF(N(J81)=0,0,IF(N(I81)>0,I81*(1+J81/30),J81))=X81,IF(N(I81)>0,I81&" x "&J81,J81&" reps"),IF(IF(N(L81)=0,0,IF(N(K81)>0,K81*(1+L81/30),L81))=X81,IF(N(K81)>0,K81&" x "&L81,L81&" reps"),IF(IF(N(N81)=0,0,IF(N(M81)>0,M81*(1+N81/30),N81))=X81,IF(N(M81)>0,M81&" x "&N81,N81&" reps"),"")))))) | R81: =IF(N(X81)=0,"",ROUND(X81,1)) | S81: =IF(N(X81)=0,"",IF(AND(COUNTIFS(Log!$D$6:$D$1505,D81,Log!$B$6:$B$1505,"<"&B81)>0,COUNTIFS(Log!$D$6:$D$1505,D81,Log!$B$6:$B$1505,"<"&B81,Log!$X$6:$X$1505,">="&X81)=0),"New best","")) | T81: Felt strong | U81: =IF(D81="","",IFERROR(INDEX(Exercises!$C$6:$C$105,MATCH(D81,Exercises!$B$6:$B$105,0)),"Other")) | V81: =IF(B81="","",IF(COUNTIF($B$6:B81,B81)=1,1,0)) | W81: =IF(B81="","",B81-WEEKDAY(B81,3)) | X81: =IF(D81="","",MAX(IF(N(F81)=0,0,IF(N(E81)>0,E81*(1+F81/30),F81)),IF(N(H81)=0,0,IF(N(G81)>0,G81*(1+H81/30),H81)),IF(N(J81)=0,0,IF(N(I81)>0,I81*(1+J81/30),J81)),IF(N(L81)=0,0,IF(N(K81)>0,K81*(1+L81/30),L81)),IF(N(N81)=0,0,IF(N(M81)>0,M81*(1+N81/30),N81)))) | Y81: =IF(N(X81)=0,"",X81+ROW()/1000000000) | Z81: =IF(Y81="","",IF(COUNTIFS(Log!$D$6:$D$1505,D81,Log!$Y$6:$Y$1505,">"&Y81)=0,1,0)) | AA81: =IF(OR(B81="",D81=""),"",B81+ROW()/10000000) | AB81: =IF(AA81="","",IF(COUNTIFS(Log!$D$6:$D$1505,D81,Log!$AA$6:$AA$1505,">"&AA81)=0,1,0)) | AC81: =IF(S81="New best",AA81,"") | AD81: =ROW()
B82: 46231 | C82: Pull | D82: Barbell row | E82: 120 | F82: 10 | G82: 120 | H82: 8 | I82: 120 | J82: 8 | O82: =IF(D82="","",COUNT(F82,H82,J82,L82,N82)) | P82: =IF(D82="","",N(E82)*N(F82)+N(G82)*N(H82)+N(I82)*N(J82)+N(K82)*N(L82)+N(M82)*N(N82)) | Q82: =IF(N(X82)=0,"",IF(IF(N(F82)=0,0,IF(N(E82)>0,E82*(1+F82/30),F82))=X82,IF(N(E82)>0,E82&" x "&F82,F82&" reps"),IF(IF(N(H82)=0,0,IF(N(G82)>0,G82*(1+H82/30),H82))=X82,IF(N(G82)>0,G82&" x "&H82,H82&" reps"),IF(IF(N(J82)=0,0,IF(N(I82)>0,I82*(1+J82/30),J82))=X82,IF(N(I82)>0,I82&" x "&J82,J82&" reps"),IF(IF(N(L82)=0,0,IF(N(K82)>0,K82*(1+L82/30),L82))=X82,IF(N(K82)>0,K82&" x "&L82,L82&" reps"),IF(IF(N(N82)=0,0,IF(N(M82)>0,M82*(1+N82/30),N82))=X82,IF(N(M82)>0,M82&" x "&N82,N82&" reps"),"")))))) | R82: =IF(N(X82)=0,"",ROUND(X82,1)) | S82: =IF(N(X82)=0,"",IF(AND(COUNTIFS(Log!$D$6:$D$1505,D82,Log!$B$6:$B$1505,"<"&B82)>0,COUNTIFS(Log!$D$6:$D$1505,D82,Log!$B$6:$B$1505,"<"&B82,Log!$X$6:$X$1505,">="&X82)=0),"New best","")) | U82: =IF(D82="","",IFERROR(INDEX(Exercises!$C$6:$C$105,MATCH(D82,Exercises!$B$6:$B$105,0)),"Other")) | V82: =IF(B82="","",IF(COUNTIF($B$6:B82,B82)=1,1,0)) | W82: =IF(B82="","",B82-WEEKDAY(B82,3)) | X82: =IF(D82="","",MAX(IF(N(F82)=0,0,IF(N(E82)>0,E82*(1+F82/30),F82)),IF(N(H82)=0,0,IF(N(G82)>0,G82*(1+H82/30),H82)),IF(N(J82)=0,0,IF(N(I82)>0,I82*(1+J82/30),J82)),IF(N(L82)=0,0,IF(N(K82)>0,K82*(1+L82/30),L82)),IF(N(N82)=0,0,IF(N(M82)>0,M82*(1+N82/30),N82)))) | Y82: =IF(N(X82)=0,"",X82+ROW()/1000000000) | Z82: =IF(Y82="","",IF(COUNTIFS(Log!$D$6:$D$1505,D82,Log!$Y$6:$Y$1505,">"&Y82)=0,1,0)) | AA82: =IF(OR(B82="",D82=""),"",B82+ROW()/10000000) | AB82: =IF(AA82="","",IF(COUNTIFS(Log!$D$6:$D$1505,D82,Log!$AA$6:$AA$1505,">"&AA82)=0,1,0)) | AC82: =IF(S82="New best",AA82,"") | AD82: =ROW()
B83: 46231 | C83: Pull | D83: Lat pulldown | E83: 105 | F83: 11 | G83: 105 | H83: 10 | I83: 105 | J83: 10 | O83: =IF(D83="","",COUNT(F83,H83,J83,L83,N83)) | P83: =IF(D83="","",N(E83)*N(F83)+N(G83)*N(H83)+N(I83)*N(J83)+N(K83)*N(L83)+N(M83)*N(N83)) | Q83: =IF(N(X83)=0,"",IF(IF(N(F83)=0,0,IF(N(E83)>0,E83*(1+F83/30),F83))=X83,IF(N(E83)>0,E83&" x "&F83,F83&" reps"),IF(IF(N(H83)=0,0,IF(N(G83)>0,G83*(1+H83/30),H83))=X83,IF(N(G83)>0,G83&" x "&H83,H83&" reps"),IF(IF(N(J83)=0,0,IF(N(I83)>0,I83*(1+J83/30),J83))=X83,IF(N(I83)>0,I83&" x "&J83,J83&" reps"),IF(IF(N(L83)=0,0,IF(N(K83)>0,K83*(1+L83/30),L83))=X83,IF(N(K83)>0,K83&" x "&L83,L83&" reps"),IF(IF(N(N83)=0,0,IF(N(M83)>0,M83*(1+N83/30),N83))=X83,IF(N(M83)>0,M83&" x "&N83,N83&" reps"),"")))))) | R83: =IF(N(X83)=0,"",ROUND(X83,1)) | S83: =IF(N(X83)=0,"",IF(AND(COUNTIFS(Log!$D$6:$D$1505,D83,Log!$B$6:$B$1505,"<"&B83)>0,COUNTIFS(Log!$D$6:$D$1505,D83,Log!$B$6:$B$1505,"<"&B83,Log!$X$6:$X$1505,">="&X83)=0),"New best","")) | U83: =IF(D83="","",IFERROR(INDEX(Exercises!$C$6:$C$105,MATCH(D83,Exercises!$B$6:$B$105,0)),"Other")) | V83: =IF(B83="","",IF(COUNTIF($B$6:B83,B83)=1,1,0)) | W83: =IF(B83="","",B83-WEEKDAY(B83,3)) | X83: =IF(D83="","",MAX(IF(N(F83)=0,0,IF(N(E83)>0,E83*(1+F83/30),F83)),IF(N(H83)=0,0,IF(N(G83)>0,G83*(1+H83/30),H83)),IF(N(J83)=0,0,IF(N(I83)>0,I83*(1+J83/30),J83)),IF(N(L83)=0,0,IF(N(K83)>0,K83*(1+L83/30),L83)),IF(N(N83)=0,0,IF(N(M83)>0,M83*(1+N83/30),N83)))) | Y83: =IF(N(X83)=0,"",X83+ROW()/1000000000) | Z83: =IF(Y83="","",IF(COUNTIFS(Log!$D$6:$D$1505,D83,Log!$Y$6:$Y$1505,">"&Y83)=0,1,0)) | AA83: =IF(OR(B83="",D83=""),"",B83+ROW()/10000000) | AB83: =IF(AA83="","",IF(COUNTIFS(Log!$D$6:$D$1505,D83,Log!$AA$6:$AA$1505,">"&AA83)=0,1,0)) | AC83: =IF(S83="New best",AA83,"") | AD83: =ROW()
B84: 46231 | C84: Pull | D84: Biceps curl | E84: 27.5 | F84: 12 | G84: 27.5 | H84: 10 | I84: 27.5 | J84: 10 | O84: =IF(D84="","",COUNT(F84,H84,J84,L84,N84)) | P84: =IF(D84="","",N(E84)*N(F84)+N(G84)*N(H84)+N(I84)*N(J84)+N(K84)*N(L84)+N(M84)*N(N84)) | Q84: =IF(N(X84)=0,"",IF(IF(N(F84)=0,0,IF(N(E84)>0,E84*(1+F84/30),F84))=X84,IF(N(E84)>0,E84&" x "&F84,F84&" reps"),IF(IF(N(H84)=0,0,IF(N(G84)>0,G84*(1+H84/30),H84))=X84,IF(N(G84)>0,G84&" x "&H84,H84&" reps"),IF(IF(N(J84)=0,0,IF(N(I84)>0,I84*(1+J84/30),J84))=X84,IF(N(I84)>0,I84&" x "&J84,J84&" reps"),IF(IF(N(L84)=0,0,IF(N(K84)>0,K84*(1+L84/30),L84))=X84,IF(N(K84)>0,K84&" x "&L84,L84&" reps"),IF(IF(N(N84)=0,0,IF(N(M84)>0,M84*(1+N84/30),N84))=X84,IF(N(M84)>0,M84&" x "&N84,N84&" reps"),"")))))) | R84: =IF(N(X84)=0,"",ROUND(X84,1)) | S84: =IF(N(X84)=0,"",IF(AND(COUNTIFS(Log!$D$6:$D$1505,D84,Log!$B$6:$B$1505,"<"&B84)>0,COUNTIFS(Log!$D$6:$D$1505,D84,Log!$B$6:$B$1505,"<"&B84,Log!$X$6:$X$1505,">="&X84)=0),"New best","")) | U84: =IF(D84="","",IFERROR(INDEX(Exercises!$C$6:$C$105,MATCH(D84,Exercises!$B$6:$B$105,0)),"Other")) | V84: =IF(B84="","",IF(COUNTIF($B$6:B84,B84)=1,1,0)) | W84: =IF(B84="","",B84-WEEKDAY(B84,3)) | X84: =IF(D84="","",MAX(IF(N(F84)=0,0,IF(N(E84)>0,E84*(1+F84/30),F84)),IF(N(H84)=0,0,IF(N(G84)>0,G84*(1+H84/30),H84)),IF(N(J84)=0,0,IF(N(I84)>0,I84*(1+J84/30),J84)),IF(N(L84)=0,0,IF(N(K84)>0,K84*(1+L84/30),L84)),IF(N(N84)=0,0,IF(N(M84)>0,M84*(1+N84/30),N84)))) | Y84: =IF(N(X84)=0,"",X84+ROW()/1000000000) | Z84: =IF(Y84="","",IF(COUNTIFS(Log!$D$6:$D$1505,D84,Log!$Y$6:$Y$1505,">"&Y84)=0,1,0)) | AA84: =IF(OR(B84="",D84=""),"",B84+ROW()/10000000) | AB84: =IF(AA84="","",IF(COUNTIFS(Log!$D$6:$D$1505,D84,Log!$AA$6:$AA$1505,">"&AA84)=0,1,0)) | AC84: =IF(S84="New best",AA84,"") | AD84: =ROW()
B85: 46232 | C85: Legs | D85: Squat | E85: 195 | F85: 5 | G85: 195 | H85: 5 | I85: 195 | J85: 5 | K85: 195 | L85: 5 | O85: =IF(D85="","",COUNT(F85,H85,J85,L85,N85)) | P85: =IF(D85="","",N(E85)*N(F85)+N(G85)*N(H85)+N(I85)*N(J85)+N(K85)*N(L85)+N(M85)*N(N85)) | Q85: =IF(N(X85)=0,"",IF(IF(N(F85)=0,0,IF(N(E85)>0,E85*(1+F85/30),F85))=X85,IF(N(E85)>0,E85&" x "&F85,F85&" reps"),IF(IF(N(H85)=0,0,IF(N(G85)>0,G85*(1+H85/30),H85))=X85,IF(N(G85)>0,G85&" x "&H85,H85&" reps"),IF(IF(N(J85)=0,0,IF(N(I85)>0,I85*(1+J85/30),J85))=X85,IF(N(I85)>0,I85&" x "&J85,J85&" reps"),IF(IF(N(L85)=0,0,IF(N(K85)>0,K85*(1+L85/30),L85))=X85,IF(N(K85)>0,K85&" x "&L85,L85&" reps"),IF(IF(N(N85)=0,0,IF(N(M85)>0,M85*(1+N85/30),N85))=X85,IF(N(M85)>0,M85&" x "&N85,N85&" reps"),"")))))) | R85: =IF(N(X85)=0,"",ROUND(X85,1)) | S85: =IF(N(X85)=0,"",IF(AND(COUNTIFS(Log!$D$6:$D$1505,D85,Log!$B$6:$B$1505,"<"&B85)>0,COUNTIFS(Log!$D$6:$D$1505,D85,Log!$B$6:$B$1505,"<"&B85,Log!$X$6:$X$1505,">="&X85)=0),"New best","")) | U85: =IF(D85="","",IFERROR(INDEX(Exercises!$C$6:$C$105,MATCH(D85,Exercises!$B$6:$B$105,0)),"Other")) | V85: =IF(B85="","",IF(COUNTIF($B$6:B85,B85)=1,1,0)) | W85: =IF(B85="","",B85-WEEKDAY(B85,3)) | X85: =IF(D85="","",MAX(IF(N(F85)=0,0,IF(N(E85)>0,E85*(1+F85/30),F85)),IF(N(H85)=0,0,IF(N(G85)>0,G85*(1+H85/30),H85)),IF(N(J85)=0,0,IF(N(I85)>0,I85*(1+J85/30),J85)),IF(N(L85)=0,0,IF(N(K85)>0,K85*(1+L85/30),L85)),IF(N(N85)=0,0,IF(N(M85)>0,M85*(1+N85/30),N85)))) | Y85: =IF(N(X85)=0,"",X85+ROW()/1000000000) | Z85: =IF(Y85="","",IF(COUNTIFS(Log!$D$6:$D$1505,D85,Log!$Y$6:$Y$1505,">"&Y85)=0,1,0)) | AA85: =IF(OR(B85="",D85=""),"",B85+ROW()/10000000) | AB85: =IF(AA85="","",IF(COUNTIFS(Log!$D$6:$D$1505,D85,Log!$AA$6:$AA$1505,">"&AA85)=0,1,0)) | AC85: =IF(S85="New best",AA85,"") | AD85: =ROW()
B86: 46232 | C86: Legs | D86: Romanian deadlift | E86: 165 | F86: 10 | G86: 165 | H86: 9 | I86: 165 | J86: 8 | O86: =IF(D86="","",COUNT(F86,H86,J86,L86,N86)) | P86: =IF(D86="","",N(E86)*N(F86)+N(G86)*N(H86)+N(I86)*N(J86)+N(K86)*N(L86)+N(M86)*N(N86)) | Q86: =IF(N(X86)=0,"",IF(IF(N(F86)=0,0,IF(N(E86)>0,E86*(1+F86/30),F86))=X86,IF(N(E86)>0,E86&" x "&F86,F86&" reps"),IF(IF(N(H86)=0,0,IF(N(G86)>0,G86*(1+H86/30),H86))=X86,IF(N(G86)>0,G86&" x "&H86,H86&" reps"),IF(IF(N(J86)=0,0,IF(N(I86)>0,I86*(1+J86/30),J86))=X86,IF(N(I86)>0,I86&" x "&J86,J86&" reps"),IF(IF(N(L86)=0,0,IF(N(K86)>0,K86*(1+L86/30),L86))=X86,IF(N(K86)>0,K86&" x "&L86,L86&" reps"),IF(IF(N(N86)=0,0,IF(N(M86)>0,M86*(1+N86/30),N86))=X86,IF(N(M86)>0,M86&" x "&N86,N86&" reps"),"")))))) | R86: =IF(N(X86)=0,"",ROUND(X86,1)) | S86: =IF(N(X86)=0,"",IF(AND(COUNTIFS(Log!$D$6:$D$1505,D86,Log!$B$6:$B$1505,"<"&B86)>0,COUNTIFS(Log!$D$6:$D$1505,D86,Log!$B$6:$B$1505,"<"&B86,Log!$X$6:$X$1505,">="&X86)=0),"New best","")) | U86: =IF(D86="","",IFERROR(INDEX(Exercises!$C$6:$C$105,MATCH(D86,Exercises!$B$6:$B$105,0)),"Other")) | V86: =IF(B86="","",IF(COUNTIF($B$6:B86,B86)=1,1,0)) | W86: =IF(B86="","",B86-WEEKDAY(B86,3)) | X86: =IF(D86="","",MAX(IF(N(F86)=0,0,IF(N(E86)>0,E86*(1+F86/30),F86)),IF(N(H86)=0,0,IF(N(G86)>0,G86*(1+H86/30),H86)),IF(N(J86)=0,0,IF(N(I86)>0,I86*(1+J86/30),J86)),IF(N(L86)=0,0,IF(N(K86)>0,K86*(1+L86/30),L86)),IF(N(N86)=0,0,IF(N(M86)>0,M86*(1+N86/30),N86)))) | Y86: =IF(N(X86)=0,"",X86+ROW()/1000000000) | Z86: =IF(Y86="","",IF(COUNTIFS(Log!$D$6:$D$1505,D86,Log!$Y$6:$Y$1505,">"&Y86)=0,1,0)) | AA86: =IF(OR(B86="",D86=""),"",B86+ROW()/10000000) | AB86: =IF(AA86="","",IF(COUNTIFS(Log!$D$6:$D$1505,D86,Log!$AA$6:$AA$1505,">"&AA86)=0,1,0)) | AC86: =IF(S86="New best",AA86,"") | AD86: =ROW()
B87: 46232 | C87: Legs | D87: Leg press | E87: 290 | F87: 11 | G87: 290 | H87: 11 | I87: 290 | J87: 10 | O87: =IF(D87="","",COUNT(F87,H87,J87,L87,N87)) | P87: =IF(D87="","",N(E87)*N(F87)+N(G87)*N(H87)+N(I87)*N(J87)+N(K87)*N(L87)+N(M87)*N(N87)) | Q87: =IF(N(X87)=0,"",IF(IF(N(F87)=0,0,IF(N(E87)>0,E87*(1+F87/30),F87))=X87,IF(N(E87)>0,E87&" x "&F87,F87&" reps"),IF(IF(N(H87)=0,0,IF(N(G87)>0,G87*(1+H87/30),H87))=X87,IF(N(G87)>0,G87&" x "&H87,H87&" reps"),IF(IF(N(J87)=0,0,IF(N(I87)>0,I87*(1+J87/30),J87))=X87,IF(N(I87)>0,I87&" x "&J87,J87&" reps"),IF(IF(N(L87)=0,0,IF(N(K87)>0,K87*(1+L87/30),L87))=X87,IF(N(K87)>0,K87&" x "&L87,L87&" reps"),IF(IF(N(N87)=0,0,IF(N(M87)>0,M87*(1+N87/30),N87))=X87,IF(N(M87)>0,M87&" x "&N87,N87&" reps"),"")))))) | R87: =IF(N(X87)=0,"",ROUND(X87,1)) | S87: =IF(N(X87)=0,"",IF(AND(COUNTIFS(Log!$D$6:$D$1505,D87,Log!$B$6:$B$1505,"<"&B87)>0,COUNTIFS(Log!$D$6:$D$1505,D87,Log!$B$6:$B$1505,"<"&B87,Log!$X$6:$X$1505,">="&X87)=0),"New best","")) | T87: Short on time | U87: =IF(D87="","",IFERROR(INDEX(Exercises!$C$6:$C$105,MATCH(D87,Exercises!$B$6:$B$105,0)),"Other")) | V87: =IF(B87="","",IF(COUNTIF($B$6:B87,B87)=1,1,0)) | W87: =IF(B87="","",B87-WEEKDAY(B87,3)) | X87: =IF(D87="","",MAX(IF(N(F87)=0,0,IF(N(E87)>0,E87*(1+F87/30),F87)),IF(N(H87)=0,0,IF(N(G87)>0,G87*(1+H87/30),H87)),IF(N(J87)=0,0,IF(N(I87)>0,I87*(1+J87/30),J87)),IF(N(L87)=0,0,IF(N(K87)>0,K87*(1+L87/30),L87)),IF(N(N87)=0,0,IF(N(M87)>0,M87*(1+N87/30),N87)))) | Y87: =IF(N(X87)=0,"",X87+ROW()/1000000000) | Z87: =IF(Y87="","",IF(COUNTIFS(Log!$D$6:$D$1505,D87,Log!$Y$6:$Y$1505,">"&Y87)=0,1,0)) | AA87: =IF(OR(B87="",D87=""),"",B87+ROW()/10000000) | AB87: =IF(AA87="","",IF(COUNTIFS(Log!$D$6:$D$1505,D87,Log!$AA$6:$AA$1505,">"&AA87)=0,1,0)) | AC87: =IF(S87="New best",AA87,"") | AD87: =ROW()
B88: 46232 | C88: Legs | D88: Leg curl | E88: 75 | F88: 12 | G88: 75 | H88: 11 | I88: 75 | J88: 10 | O88: =IF(D88="","",COUNT(F88,H88,J88,L88,N88)) | P88: =IF(D88="","",N(E88)*N(F88)+N(G88)*N(H88)+N(I88)*N(J88)+N(K88)*N(L88)+N(M88)*N(N88)) | Q88: =IF(N(X88)=0,"",IF(IF(N(F88)=0,0,IF(N(E88)>0,E88*(1+F88/30),F88))=X88,IF(N(E88)>0,E88&" x "&F88,F88&" reps"),IF(IF(N(H88)=0,0,IF(N(G88)>0,G88*(1+H88/30),H88))=X88,IF(N(G88)>0,G88&" x "&H88,H88&" reps"),IF(IF(N(J88)=0,0,IF(N(I88)>0,I88*(1+J88/30),J88))=X88,IF(N(I88)>0,I88&" x "&J88,J88&" reps"),IF(IF(N(L88)=0,0,IF(N(K88)>0,K88*(1+L88/30),L88))=X88,IF(N(K88)>0,K88&" x "&L88,L88&" reps"),IF(IF(N(N88)=0,0,IF(N(M88)>0,M88*(1+N88/30),N88))=X88,IF(N(M88)>0,M88&" x "&N88,N88&" reps"),"")))))) | R88: =IF(N(X88)=0,"",ROUND(X88,1)) | S88: =IF(N(X88)=0,"",IF(AND(COUNTIFS(Log!$D$6:$D$1505,D88,Log!$B$6:$B$1505,"<"&B88)>0,COUNTIFS(Log!$D$6:$D$1505,D88,Log!$B$6:$B$1505,"<"&B88,Log!$X$6:$X$1505,">="&X88)=0),"New best","")) | U88: =IF(D88="","",IFERROR(INDEX(Exercises!$C$6:$C$105,MATCH(D88,Exercises!$B$6:$B$105,0)),"Other")) | V88: =IF(B88="","",IF(COUNTIF($B$6:B88,B88)=1,1,0)) | W88: =IF(B88="","",B88-WEEKDAY(B88,3)) | X88: =IF(D88="","",MAX(IF(N(F88)=0,0,IF(N(E88)>0,E88*(1+F88/30),F88)),IF(N(H88)=0,0,IF(N(G88)>0,G88*(1+H88/30),H88)),IF(N(J88)=0,0,IF(N(I88)>0,I88*(1+J88/30),J88)),IF(N(L88)=0,0,IF(N(K88)>0,K88*(1+L88/30),L88)),IF(N(N88)=0,0,IF(N(M88)>0,M88*(1+N88/30),N88)))) | Y88: =IF(N(X88)=0,"",X88+ROW()/1000000000) | Z88: =IF(Y88="","",IF(COUNTIFS(Log!$D$6:$D$1505,D88,Log!$Y$6:$Y$1505,">"&Y88)=0,1,0)) | AA88: =IF(OR(B88="",D88=""),"",B88+ROW()/10000000) | AB88: =IF(AA88="","",IF(COUNTIFS(Log!$D$6:$D$1505,D88,Log!$AA$6:$AA$1505,">"&AA88)=0,1,0)) | AC88: =IF(S88="New best",AA88,"") | AD88: =ROW()
B89: 46232 | C89: Legs | D89: Calf raise | E89: 100 | F89: 15 | G89: 100 | H89: 14 | I89: 100 | J89: 12 | K89: 100 | L89: 12 | O89: =IF(D89="","",COUNT(F89,H89,J89,L89,N89)) | P89: =IF(D89="","",N(E89)*N(F89)+N(G89)*N(H89)+N(I89)*N(J89)+N(K89)*N(L89)+N(M89)*N(N89)) | Q89: =IF(N(X89)=0,"",IF(IF(N(F89)=0,0,IF(N(E89)>0,E89*(1+F89/30),F89))=X89,IF(N(E89)>0,E89&" x "&F89,F89&" reps"),IF(IF(N(H89)=0,0,IF(N(G89)>0,G89*(1+H89/30),H89))=X89,IF(N(G89)>0,G89&" x "&H89,H89&" reps"),IF(IF(N(J89)=0,0,IF(N(I89)>0,I89*(1+J89/30),J89))=X89,IF(N(I89)>0,I89&" x "&J89,J89&" reps"),IF(IF(N(L89)=0,0,IF(N(K89)>0,K89*(1+L89/30),L89))=X89,IF(N(K89)>0,K89&" x "&L89,L89&" reps"),IF(IF(N(N89)=0,0,IF(N(M89)>0,M89*(1+N89/30),N89))=X89,IF(N(M89)>0,M89&" x "&N89,N89&" reps"),"")))))) | R89: =IF(N(X89)=0,"",ROUND(X89,1)) | S89: =IF(N(X89)=0,"",IF(AND(COUNTIFS(Log!$D$6:$D$1505,D89,Log!$B$6:$B$1505,"<"&B89)>0,COUNTIFS(Log!$D$6:$D$1505,D89,Log!$B$6:$B$1505,"<"&B89,Log!$X$6:$X$1505,">="&X89)=0),"New best","")) | U89: =IF(D89="","",IFERROR(INDEX(Exercises!$C$6:$C$105,MATCH(D89,Exercises!$B$6:$B$105,0)),"Other")) | V89: =IF(B89="","",IF(COUNTIF($B$6:B89,B89)=1,1,0)) | W89: =IF(B89="","",B89-WEEKDAY(B89,3)) | X89: =IF(D89="","",MAX(IF(N(F89)=0,0,IF(N(E89)>0,E89*(1+F89/30),F89)),IF(N(H89)=0,0,IF(N(G89)>0,G89*(1+H89/30),H89)),IF(N(J89)=0,0,IF(N(I89)>0,I89*(1+J89/30),J89)),IF(N(L89)=0,0,IF(N(K89)>0,K89*(1+L89/30),L89)),IF(N(N89)=0,0,IF(N(M89)>0,M89*(1+N89/30),N89)))) | Y89: =IF(N(X89)=0,"",X89+ROW()/1000000000) | Z89: =IF(Y89="","",IF(COUNTIFS(Log!$D$6:$D$1505,D89,Log!$Y$6:$Y$1505,">"&Y89)=0,1,0)) | AA89: =IF(OR(B89="",D89=""),"",B89+ROW()/10000000) | AB89: =IF(AA89="","",IF(COUNTIFS(Log!$D$6:$D$1505,D89,Log!$AA$6:$AA$1505,">"&AA89)=0,1,0)) | AC89: =IF(S89="New best",AA89,"") | AD89: =ROW()
B90: 46234 | C90: Upper | D90: Bench press | E90: 125 | F90: 10 | G90: 125 | H90: 8 | I90: 125 | J90: 8 | O90: =IF(D90="","",COUNT(F90,H90,J90,L90,N90)) | P90: =IF(D90="","",N(E90)*N(F90)+N(G90)*N(H90)+N(I90)*N(J90)+N(K90)*N(L90)+N(M90)*N(N90)) | Q90: =IF(N(X90)=0,"",IF(IF(N(F90)=0,0,IF(N(E90)>0,E90*(1+F90/30),F90))=X90,IF(N(E90)>0,E90&" x "&F90,F90&" reps"),IF(IF(N(H90)=0,0,IF(N(G90)>0,G90*(1+H90/30),H90))=X90,IF(N(G90)>0,G90&" x "&H90,H90&" reps"),IF(IF(N(J90)=0,0,IF(N(I90)>0,I90*(1+J90/30),J90))=X90,IF(N(I90)>0,I90&" x "&J90,J90&" reps"),IF(IF(N(L90)=0,0,IF(N(K90)>0,K90*(1+L90/30),L90))=X90,IF(N(K90)>0,K90&" x "&L90,L90&" reps"),IF(IF(N(N90)=0,0,IF(N(M90)>0,M90*(1+N90/30),N90))=X90,IF(N(M90)>0,M90&" x "&N90,N90&" reps"),"")))))) | R90: =IF(N(X90)=0,"",ROUND(X90,1)) | S90: =IF(N(X90)=0,"",IF(AND(COUNTIFS(Log!$D$6:$D$1505,D90,Log!$B$6:$B$1505,"<"&B90)>0,COUNTIFS(Log!$D$6:$D$1505,D90,Log!$B$6:$B$1505,"<"&B90,Log!$X$6:$X$1505,">="&X90)=0),"New best","")) | U90: =IF(D90="","",IFERROR(INDEX(Exercises!$C$6:$C$105,MATCH(D90,Exercises!$B$6:$B$105,0)),"Other")) | V90: =IF(B90="","",IF(COUNTIF($B$6:B90,B90)=1,1,0)) | W90: =IF(B90="","",B90-WEEKDAY(B90,3)) | X90: =IF(D90="","",MAX(IF(N(F90)=0,0,IF(N(E90)>0,E90*(1+F90/30),F90)),IF(N(H90)=0,0,IF(N(G90)>0,G90*(1+H90/30),H90)),IF(N(J90)=0,0,IF(N(I90)>0,I90*(1+J90/30),J90)),IF(N(L90)=0,0,IF(N(K90)>0,K90*(1+L90/30),L90)),IF(N(N90)=0,0,IF(N(M90)>0,M90*(1+N90/30),N90)))) | Y90: =IF(N(X90)=0,"",X90+ROW()/1000000000) | Z90: =IF(Y90="","",IF(COUNTIFS(Log!$D$6:$D$1505,D90,Log!$Y$6:$Y$1505,">"&Y90)=0,1,0)) | AA90: =IF(OR(B90="",D90=""),"",B90+ROW()/10000000) | AB90: =IF(AA90="","",IF(COUNTIFS(Log!$D$6:$D$1505,D90,Log!$AA$6:$AA$1505,">"&AA90)=0,1,0)) | AC90: =IF(S90="New best",AA90,"") | AD90: =ROW()
B91: 46234 | C91: Upper | D91: Barbell row | E91: 110 | F91: 10 | G91: 110 | H91: 9 | I91: 110 | J91: 8 | O91: =IF(D91="","",COUNT(F91,H91,J91,L91,N91)) | P91: =IF(D91="","",N(E91)*N(F91)+N(G91)*N(H91)+N(I91)*N(J91)+N(K91)*N(L91)+N(M91)*N(N91)) | Q91: =IF(N(X91)=0,"",IF(IF(N(F91)=0,0,IF(N(E91)>0,E91*(1+F91/30),F91))=X91,IF(N(E91)>0,E91&" x "&F91,F91&" reps"),IF(IF(N(H91)=0,0,IF(N(G91)>0,G91*(1+H91/30),H91))=X91,IF(N(G91)>0,G91&" x "&H91,H91&" reps"),IF(IF(N(J91)=0,0,IF(N(I91)>0,I91*(1+J91/30),J91))=X91,IF(N(I91)>0,I91&" x "&J91,J91&" reps"),IF(IF(N(L91)=0,0,IF(N(K91)>0,K91*(1+L91/30),L91))=X91,IF(N(K91)>0,K91&" x "&L91,L91&" reps"),IF(IF(N(N91)=0,0,IF(N(M91)>0,M91*(1+N91/30),N91))=X91,IF(N(M91)>0,M91&" x "&N91,N91&" reps"),"")))))) | R91: =IF(N(X91)=0,"",ROUND(X91,1)) | S91: =IF(N(X91)=0,"",IF(AND(COUNTIFS(Log!$D$6:$D$1505,D91,Log!$B$6:$B$1505,"<"&B91)>0,COUNTIFS(Log!$D$6:$D$1505,D91,Log!$B$6:$B$1505,"<"&B91,Log!$X$6:$X$1505,">="&X91)=0),"New best","")) | U91: =IF(D91="","",IFERROR(INDEX(Exercises!$C$6:$C$105,MATCH(D91,Exercises!$B$6:$B$105,0)),"Other")) | V91: =IF(B91="","",IF(COUNTIF($B$6:B91,B91)=1,1,0)) | W91: =IF(B91="","",B91-WEEKDAY(B91,3)) | X91: =IF(D91="","",MAX(IF(N(F91)=0,0,IF(N(E91)>0,E91*(1+F91/30),F91)),IF(N(H91)=0,0,IF(N(G91)>0,G91*(1+H91/30),H91)),IF(N(J91)=0,0,IF(N(I91)>0,I91*(1+J91/30),J91)),IF(N(L91)=0,0,IF(N(K91)>0,K91*(1+L91/30),L91)),IF(N(N91)=0,0,IF(N(M91)>0,M91*(1+N91/30),N91)))) | Y91: =IF(N(X91)=0,"",X91+ROW()/1000000000) | Z91: =IF(Y91="","",IF(COUNTIFS(Log!$D$6:$D$1505,D91,Log!$Y$6:$Y$1505,">"&Y91)=0,1,0)) | AA91: =IF(OR(B91="",D91=""),"",B91+ROW()/10000000) | AB91: =IF(AA91="","",IF(COUNTIFS(Log!$D$6:$D$1505,D91,Log!$AA$6:$AA$1505,">"&AA91)=0,1,0)) | AC91: =IF(S91="New best",AA91,"") | AD91: =ROW()
B92: 46234 | C92: Upper | D92: Overhead press | E92: 80 | F92: 10 | G92: 80 | H92: 8 | I92: 80 | J92: 8 | O92: =IF(D92="","",COUNT(F92,H92,J92,L92,N92)) | P92: =IF(D92="","",N(E92)*N(F92)+N(G92)*N(H92)+N(I92)*N(J92)+N(K92)*N(L92)+N(M92)*N(N92)) | Q92: =IF(N(X92)=0,"",IF(IF(N(F92)=0,0,IF(N(E92)>0,E92*(1+F92/30),F92))=X92,IF(N(E92)>0,E92&" x "&F92,F92&" reps"),IF(IF(N(H92)=0,0,IF(N(G92)>0,G92*(1+H92/30),H92))=X92,IF(N(G92)>0,G92&" x "&H92,H92&" reps"),IF(IF(N(J92)=0,0,IF(N(I92)>0,I92*(1+J92/30),J92))=X92,IF(N(I92)>0,I92&" x "&J92,J92&" reps"),IF(IF(N(L92)=0,0,IF(N(K92)>0,K92*(1+L92/30),L92))=X92,IF(N(K92)>0,K92&" x "&L92,L92&" reps"),IF(IF(N(N92)=0,0,IF(N(M92)>0,M92*(1+N92/30),N92))=X92,IF(N(M92)>0,M92&" x "&N92,N92&" reps"),"")))))) | R92: =IF(N(X92)=0,"",ROUND(X92,1)) | S92: =IF(N(X92)=0,"",IF(AND(COUNTIFS(Log!$D$6:$D$1505,D92,Log!$B$6:$B$1505,"<"&B92)>0,COUNTIFS(Log!$D$6:$D$1505,D92,Log!$B$6:$B$1505,"<"&B92,Log!$X$6:$X$1505,">="&X92)=0),"New best","")) | U92: =IF(D92="","",IFERROR(INDEX(Exercises!$C$6:$C$105,MATCH(D92,Exercises!$B$6:$B$105,0)),"Other")) | V92: =IF(B92="","",IF(COUNTIF($B$6:B92,B92)=1,1,0)) | W92: =IF(B92="","",B92-WEEKDAY(B92,3)) | X92: =IF(D92="","",MAX(IF(N(F92)=0,0,IF(N(E92)>0,E92*(1+F92/30),F92)),IF(N(H92)=0,0,IF(N(G92)>0,G92*(1+H92/30),H92)),IF(N(J92)=0,0,IF(N(I92)>0,I92*(1+J92/30),J92)),IF(N(L92)=0,0,IF(N(K92)>0,K92*(1+L92/30),L92)),IF(N(N92)=0,0,IF(N(M92)>0,M92*(1+N92/30),N92)))) | Y92: =IF(N(X92)=0,"",X92+ROW()/1000000000) | Z92: =IF(Y92="","",IF(COUNTIFS(Log!$D$6:$D$1505,D92,Log!$Y$6:$Y$1505,">"&Y92)=0,1,0)) | AA92: =IF(OR(B92="",D92=""),"",B92+ROW()/10000000) | AB92: =IF(AA92="","",IF(COUNTIFS(Log!$D$6:$D$1505,D92,Log!$AA$6:$AA$1505,">"&AA92)=0,1,0)) | AC92: =IF(S92="New best",AA92,"") | AD92: =ROW()
B93: 46234 | C93: Upper | D93: Pull-up | F93: 6 | H93: 6 | J93: 5 | O93: =IF(D93="","",COUNT(F93,H93,J93,L93,N93)) | P93: =IF(D93="","",N(E93)*N(F93)+N(G93)*N(H93)+N(I93)*N(J93)+N(K93)*N(L93)+N(M93)*N(N93)) | Q93: =IF(N(X93)=0,"",IF(IF(N(F93)=0,0,IF(N(E93)>0,E93*(1+F93/30),F93))=X93,IF(N(E93)>0,E93&" x "&F93,F93&" reps"),IF(IF(N(H93)=0,0,IF(N(G93)>0,G93*(1+H93/30),H93))=X93,IF(N(G93)>0,G93&" x "&H93,H93&" reps"),IF(IF(N(J93)=0,0,IF(N(I93)>0,I93*(1+J93/30),J93))=X93,IF(N(I93)>0,I93&" x "&J93,J93&" reps"),IF(IF(N(L93)=0,0,IF(N(K93)>0,K93*(1+L93/30),L93))=X93,IF(N(K93)>0,K93&" x "&L93,L93&" reps"),IF(IF(N(N93)=0,0,IF(N(M93)>0,M93*(1+N93/30),N93))=X93,IF(N(M93)>0,M93&" x "&N93,N93&" reps"),"")))))) | R93: =IF(N(X93)=0,"",ROUND(X93,1)) | S93: =IF(N(X93)=0,"",IF(AND(COUNTIFS(Log!$D$6:$D$1505,D93,Log!$B$6:$B$1505,"<"&B93)>0,COUNTIFS(Log!$D$6:$D$1505,D93,Log!$B$6:$B$1505,"<"&B93,Log!$X$6:$X$1505,">="&X93)=0),"New best","")) | U93: =IF(D93="","",IFERROR(INDEX(Exercises!$C$6:$C$105,MATCH(D93,Exercises!$B$6:$B$105,0)),"Other")) | V93: =IF(B93="","",IF(COUNTIF($B$6:B93,B93)=1,1,0)) | W93: =IF(B93="","",B93-WEEKDAY(B93,3)) | X93: =IF(D93="","",MAX(IF(N(F93)=0,0,IF(N(E93)>0,E93*(1+F93/30),F93)),IF(N(H93)=0,0,IF(N(G93)>0,G93*(1+H93/30),H93)),IF(N(J93)=0,0,IF(N(I93)>0,I93*(1+J93/30),J93)),IF(N(L93)=0,0,IF(N(K93)>0,K93*(1+L93/30),L93)),IF(N(N93)=0,0,IF(N(M93)>0,M93*(1+N93/30),N93)))) | Y93: =IF(N(X93)=0,"",X93+ROW()/1000000000) | Z93: =IF(Y93="","",IF(COUNTIFS(Log!$D$6:$D$1505,D93,Log!$Y$6:$Y$1505,">"&Y93)=0,1,0)) | AA93: =IF(OR(B93="",D93=""),"",B93+ROW()/10000000) | AB93: =IF(AA93="","",IF(COUNTIFS(Log!$D$6:$D$1505,D93,Log!$AA$6:$AA$1505,">"&AA93)=0,1,0)) | AC93: =IF(S93="New best",AA93,"") | AD93: =ROW()
B94: 46234 | C94: Upper | D94: Biceps curl | E94: 25 | F94: 12 | G94: 25 | H94: 10 | O94: =IF(D94="","",COUNT(F94,H94,J94,L94,N94)) | P94: =IF(D94="","",N(E94)*N(F94)+N(G94)*N(H94)+N(I94)*N(J94)+N(K94)*N(L94)+N(M94)*N(N94)) | Q94: =IF(N(X94)=0,"",IF(IF(N(F94)=0,0,IF(N(E94)>0,E94*(1+F94/30),F94))=X94,IF(N(E94)>0,E94&" x "&F94,F94&" reps"),IF(IF(N(H94)=0,0,IF(N(G94)>0,G94*(1+H94/30),H94))=X94,IF(N(G94)>0,G94&" x "&H94,H94&" reps"),IF(IF(N(J94)=0,0,IF(N(I94)>0,I94*(1+J94/30),J94))=X94,IF(N(I94)>0,I94&" x "&J94,J94&" reps"),IF(IF(N(L94)=0,0,IF(N(K94)>0,K94*(1+L94/30),L94))=X94,IF(N(K94)>0,K94&" x "&L94,L94&" reps"),IF(IF(N(N94)=0,0,IF(N(M94)>0,M94*(1+N94/30),N94))=X94,IF(N(M94)>0,M94&" x "&N94,N94&" reps"),"")))))) | R94: =IF(N(X94)=0,"",ROUND(X94,1)) | S94: =IF(N(X94)=0,"",IF(AND(COUNTIFS(Log!$D$6:$D$1505,D94,Log!$B$6:$B$1505,"<"&B94)>0,COUNTIFS(Log!$D$6:$D$1505,D94,Log!$B$6:$B$1505,"<"&B94,Log!$X$6:$X$1505,">="&X94)=0),"New best","")) | T94: Short on time | U94: =IF(D94="","",IFERROR(INDEX(Exercises!$C$6:$C$105,MATCH(D94,Exercises!$B$6:$B$105,0)),"Other")) | V94: =IF(B94="","",IF(COUNTIF($B$6:B94,B94)=1,1,0)) | W94: =IF(B94="","",B94-WEEKDAY(B94,3)) | X94: =IF(D94="","",MAX(IF(N(F94)=0,0,IF(N(E94)>0,E94*(1+F94/30),F94)),IF(N(H94)=0,0,IF(N(G94)>0,G94*(1+H94/30),H94)),IF(N(J94)=0,0,IF(N(I94)>0,I94*(1+J94/30),J94)),IF(N(L94)=0,0,IF(N(K94)>0,K94*(1+L94/30),L94)),IF(N(N94)=0,0,IF(N(M94)>0,M94*(1+N94/30),N94)))) | Y94: =IF(N(X94)=0,"",X94+ROW()/1000000000) | Z94: =IF(Y94="","",IF(COUNTIFS(Log!$D$6:$D$1505,D94,Log!$Y$6:$Y$1505,">"&Y94)=0,1,0)) | AA94: =IF(OR(B94="",D94=""),"",B94+ROW()/10000000) | AB94: =IF(AA94="","",IF(COUNTIFS(Log!$D$6:$D$1505,D94,Log!$AA$6:$AA$1505,">"&AA94)=0,1,0)) | AC94: =IF(S94="New best",AA94,"") | AD94: =ROW()
B95: 46234 | C95: Upper | D95: Triceps pushdown | E95: 40 | F95: 11 | G95: 40 | H95: 10 | O95: =IF(D95="","",COUNT(F95,H95,J95,L95,N95)) | P95: =IF(D95="","",N(E95)*N(F95)+N(G95)*N(H95)+N(I95)*N(J95)+N(K95)*N(L95)+N(M95)*N(N95)) | Q95: =IF(N(X95)=0,"",IF(IF(N(F95)=0,0,IF(N(E95)>0,E95*(1+F95/30),F95))=X95,IF(N(E95)>0,E95&" x "&F95,F95&" reps"),IF(IF(N(H95)=0,0,IF(N(G95)>0,G95*(1+H95/30),H95))=X95,IF(N(G95)>0,G95&" x "&H95,H95&" reps"),IF(IF(N(J95)=0,0,IF(N(I95)>0,I95*(1+J95/30),J95))=X95,IF(N(I95)>0,I95&" x "&J95,J95&" reps"),IF(IF(N(L95)=0,0,IF(N(K95)>0,K95*(1+L95/30),L95))=X95,IF(N(K95)>0,K95&" x "&L95,L95&" reps"),IF(IF(N(N95)=0,0,IF(N(M95)>0,M95*(1+N95/30),N95))=X95,IF(N(M95)>0,M95&" x "&N95,N95&" reps"),"")))))) | R95: =IF(N(X95)=0,"",ROUND(X95,1)) | S95: =IF(N(X95)=0,"",IF(AND(COUNTIFS(Log!$D$6:$D$1505,D95,Log!$B$6:$B$1505,"<"&B95)>0,COUNTIFS(Log!$D$6:$D$1505,D95,Log!$B$6:$B$1505,"<"&B95,Log!$X$6:$X$1505,">="&X95)=0),"New best","")) | U95: =IF(D95="","",IFERROR(INDEX(Exercises!$C$6:$C$105,MATCH(D95,Exercises!$B$6:$B$105,0)),"Other")) | V95: =IF(B95="","",IF(COUNTIF($B$6:B95,B95)=1,1,0)) | W95: =IF(B95="","",B95-WEEKDAY(B95,3)) | X95: =IF(D95="","",MAX(IF(N(F95)=0,0,IF(N(E95)>0,E95*(1+F95/30),F95)),IF(N(H95)=0,0,IF(N(G95)>0,G95*(1+H95/30),H95)),IF(N(J95)=0,0,IF(N(I95)>0,I95*(1+J95/30),J95)),IF(N(L95)=0,0,IF(N(K95)>0,K95*(1+L95/30),L95)),IF(N(N95)=0,0,IF(N(M95)>0,M95*(1+N95/30),N95)))) | Y95: =IF(N(X95)=0,"",X95+ROW()/1000000000) | Z95: =IF(Y95="","",IF(COUNTIFS(Log!$D$6:$D$1505,D95,Log!$Y$6:$Y$1505,">"&Y95)=0,1,0)) | AA95: =IF(OR(B95="",D95=""),"",B95+ROW()/10000000) | AB95: =IF(AA95="","",IF(COUNTIFS(Log!$D$6:$D$1505,D95,Log!$AA$6:$AA$1505,">"&AA95)=0,1,0)) | AC95: =IF(S95="New best",AA95,"") | AD95: =ROW()
B96: 46235 | C96: Lower | D96: Squat | E96: 175 | F96: 8 | G96: 175 | H96: 8 | I96: 175 | J96: 8 | O96: =IF(D96="","",COUNT(F96,H96,J96,L96,N96)) | P96: =IF(D96="","",N(E96)*N(F96)+N(G96)*N(H96)+N(I96)*N(J96)+N(K96)*N(L96)+N(M96)*N(N96)) | Q96: =IF(N(X96)=0,"",IF(IF(N(F96)=0,0,IF(N(E96)>0,E96*(1+F96/30),F96))=X96,IF(N(E96)>0,E96&" x "&F96,F96&" reps"),IF(IF(N(H96)=0,0,IF(N(G96)>0,G96*(1+H96/30),H96))=X96,IF(N(G96)>0,G96&" x "&H96,H96&" reps"),IF(IF(N(J96)=0,0,IF(N(I96)>0,I96*(1+J96/30),J96))=X96,IF(N(I96)>0,I96&" x "&J96,J96&" reps"),IF(IF(N(L96)=0,0,IF(N(K96)>0,K96*(1+L96/30),L96))=X96,IF(N(K96)>0,K96&" x "&L96,L96&" reps"),IF(IF(N(N96)=0,0,IF(N(M96)>0,M96*(1+N96/30),N96))=X96,IF(N(M96)>0,M96&" x "&N96,N96&" reps"),"")))))) | R96: =IF(N(X96)=0,"",ROUND(X96,1)) | S96: =IF(N(X96)=0,"",IF(AND(COUNTIFS(Log!$D$6:$D$1505,D96,Log!$B$6:$B$1505,"<"&B96)>0,COUNTIFS(Log!$D$6:$D$1505,D96,Log!$B$6:$B$1505,"<"&B96,Log!$X$6:$X$1505,">="&X96)=0),"New best","")) | T96: Slept badly | U96: =IF(D96="","",IFERROR(INDEX(Exercises!$C$6:$C$105,MATCH(D96,Exercises!$B$6:$B$105,0)),"Other")) | V96: =IF(B96="","",IF(COUNTIF($B$6:B96,B96)=1,1,0)) | W96: =IF(B96="","",B96-WEEKDAY(B96,3)) | X96: =IF(D96="","",MAX(IF(N(F96)=0,0,IF(N(E96)>0,E96*(1+F96/30),F96)),IF(N(H96)=0,0,IF(N(G96)>0,G96*(1+H96/30),H96)),IF(N(J96)=0,0,IF(N(I96)>0,I96*(1+J96/30),J96)),IF(N(L96)=0,0,IF(N(K96)>0,K96*(1+L96/30),L96)),IF(N(N96)=0,0,IF(N(M96)>0,M96*(1+N96/30),N96)))) | Y96: =IF(N(X96)=0,"",X96+ROW()/1000000000) | Z96: =IF(Y96="","",IF(COUNTIFS(Log!$D$6:$D$1505,D96,Log!$Y$6:$Y$1505,">"&Y96)=0,1,0)) | AA96: =IF(OR(B96="",D96=""),"",B96+ROW()/10000000) | AB96: =IF(AA96="","",IF(COUNTIFS(Log!$D$6:$D$1505,D96,Log!$AA$6:$AA$1505,">"&AA96)=0,1,0)) | AC96: =IF(S96="New best",AA96,"") | AD96: =ROW()
B97: 46235 | C97: Lower | D97: Romanian deadlift | E97: 150 | F97: 9 | G97: 150 | H97: 9 | I97: 150 | J97: 8 | O97: =IF(D97="","",COUNT(F97,H97,J97,L97,N97)) | P97: =IF(D97="","",N(E97)*N(F97)+N(G97)*N(H97)+N(I97)*N(J97)+N(K97)*N(L97)+N(M97)*N(N97)) | Q97: =IF(N(X97)=0,"",IF(IF(N(F97)=0,0,IF(N(E97)>0,E97*(1+F97/30),F97))=X97,IF(N(E97)>0,E97&" x "&F97,F97&" reps"),IF(IF(N(H97)=0,0,IF(N(G97)>0,G97*(1+H97/30),H97))=X97,IF(N(G97)>0,G97&" x "&H97,H97&" reps"),IF(IF(N(J97)=0,0,IF(N(I97)>0,I97*(1+J97/30),J97))=X97,IF(N(I97)>0,I97&" x "&J97,J97&" reps"),IF(IF(N(L97)=0,0,IF(N(K97)>0,K97*(1+L97/30),L97))=X97,IF(N(K97)>0,K97&" x "&L97,L97&" reps"),IF(IF(N(N97)=0,0,IF(N(M97)>0,M97*(1+N97/30),N97))=X97,IF(N(M97)>0,M97&" x "&N97,N97&" reps"),"")))))) | R97: =IF(N(X97)=0,"",ROUND(X97,1)) | S97: =IF(N(X97)=0,"",IF(AND(COUNTIFS(Log!$D$6:$D$1505,D97,Log!$B$6:$B$1505,"<"&B97)>0,COUNTIFS(Log!$D$6:$D$1505,D97,Log!$B$6:$B$1505,"<"&B97,Log!$X$6:$X$1505,">="&X97)=0),"New best","")) | U97: =IF(D97="","",IFERROR(INDEX(Exercises!$C$6:$C$105,MATCH(D97,Exercises!$B$6:$B$105,0)),"Other")) | V97: =IF(B97="","",IF(COUNTIF($B$6:B97,B97)=1,1,0)) | W97: =IF(B97="","",B97-WEEKDAY(B97,3)) | X97: =IF(D97="","",MAX(IF(N(F97)=0,0,IF(N(E97)>0,E97*(1+F97/30),F97)),IF(N(H97)=0,0,IF(N(G97)>0,G97*(1+H97/30),H97)),IF(N(J97)=0,0,IF(N(I97)>0,I97*(1+J97/30),J97)),IF(N(L97)=0,0,IF(N(K97)>0,K97*(1+L97/30),L97)),IF(N(N97)=0,0,IF(N(M97)>0,M97*(1+N97/30),N97)))) | Y97: =IF(N(X97)=0,"",X97+ROW()/1000000000) | Z97: =IF(Y97="","",IF(COUNTIFS(Log!$D$6:$D$1505,D97,Log!$Y$6:$Y$1505,">"&Y97)=0,1,0)) | AA97: =IF(OR(B97="",D97=""),"",B97+ROW()/10000000) | AB97: =IF(AA97="","",IF(COUNTIFS(Log!$D$6:$D$1505,D97,Log!$AA$6:$AA$1505,">"&AA97)=0,1,0)) | AC97: =IF(S97="New best",AA97,"") | AD97: =ROW()
B98: 46235 | C98: Lower | D98: Leg press | E98: 260 | F98: 15 | G98: 260 | H98: 13 | I98: 260 | J98: 12 | O98: =IF(D98="","",COUNT(F98,H98,J98,L98,N98)) | P98: =IF(D98="","",N(E98)*N(F98)+N(G98)*N(H98)+N(I98)*N(J98)+N(K98)*N(L98)+N(M98)*N(N98)) | Q98: =IF(N(X98)=0,"",IF(IF(N(F98)=0,0,IF(N(E98)>0,E98*(1+F98/30),F98))=X98,IF(N(E98)>0,E98&" x "&F98,F98&" reps"),IF(IF(N(H98)=0,0,IF(N(G98)>0,G98*(1+H98/30),H98))=X98,IF(N(G98)>0,G98&" x "&H98,H98&" reps"),IF(IF(N(J98)=0,0,IF(N(I98)>0,I98*(1+J98/30),J98))=X98,IF(N(I98)>0,I98&" x "&J98,J98&" reps"),IF(IF(N(L98)=0,0,IF(N(K98)>0,K98*(1+L98/30),L98))=X98,IF(N(K98)>0,K98&" x "&L98,L98&" reps"),IF(IF(N(N98)=0,0,IF(N(M98)>0,M98*(1+N98/30),N98))=X98,IF(N(M98)>0,M98&" x "&N98,N98&" reps"),"")))))) | R98: =IF(N(X98)=0,"",ROUND(X98,1)) | S98: =IF(N(X98)=0,"",IF(AND(COUNTIFS(Log!$D$6:$D$1505,D98,Log!$B$6:$B$1505,"<"&B98)>0,COUNTIFS(Log!$D$6:$D$1505,D98,Log!$B$6:$B$1505,"<"&B98,Log!$X$6:$X$1505,">="&X98)=0),"New best","")) | T98: Slept badly | U98: =IF(D98="","",IFERROR(INDEX(Exercises!$C$6:$C$105,MATCH(D98,Exercises!$B$6:$B$105,0)),"Other")) | V98: =IF(B98="","",IF(COUNTIF($B$6:B98,B98)=1,1,0)) | W98: =IF(B98="","",B98-WEEKDAY(B98,3)) | X98: =IF(D98="","",MAX(IF(N(F98)=0,0,IF(N(E98)>0,E98*(1+F98/30),F98)),IF(N(H98)=0,0,IF(N(G98)>0,G98*(1+H98/30),H98)),IF(N(J98)=0,0,IF(N(I98)>0,I98*(1+J98/30),J98)),IF(N(L98)=0,0,IF(N(K98)>0,K98*(1+L98/30),L98)),IF(N(N98)=0,0,IF(N(M98)>0,M98*(1+N98/30),N98)))) | Y98: =IF(N(X98)=0,"",X98+ROW()/1000000000) | Z98: =IF(Y98="","",IF(COUNTIFS(Log!$D$6:$D$1505,D98,Log!$Y$6:$Y$1505,">"&Y98)=0,1,0)) | AA98: =IF(OR(B98="",D98=""),"",B98+ROW()/10000000) | AB98: =IF(AA98="","",IF(COUNTIFS(Log!$D$6:$D$1505,D98,Log!$AA$6:$AA$1505,">"&AA98)=0,1,0)) | AC98: =IF(S98="New best",AA98,"") | AD98: =ROW()
B99: 46235 | C99: Lower | D99: Calf raise | E99: 90 | F99: 15 | G99: 90 | H99: 15 | I99: 90 | J99: 15 | O99: =IF(D99="","",COUNT(F99,H99,J99,L99,N99)) | P99: =IF(D99="","",N(E99)*N(F99)+N(G99)*N(H99)+N(I99)*N(J99)+N(K99)*N(L99)+N(M99)*N(N99)) | Q99: =IF(N(X99)=0,"",IF(IF(N(F99)=0,0,IF(N(E99)>0,E99*(1+F99/30),F99))=X99,IF(N(E99)>0,E99&" x "&F99,F99&" reps"),IF(IF(N(H99)=0,0,IF(N(G99)>0,G99*(1+H99/30),H99))=X99,IF(N(G99)>0,G99&" x "&H99,H99&" reps"),IF(IF(N(J99)=0,0,IF(N(I99)>0,I99*(1+J99/30),J99))=X99,IF(N(I99)>0,I99&" x "&J99,J99&" reps"),IF(IF(N(L99)=0,0,IF(N(K99)>0,K99*(1+L99/30),L99))=X99,IF(N(K99)>0,K99&" x "&L99,L99&" reps"),IF(IF(N(N99)=0,0,IF(N(M99)>0,M99*(1+N99/30),N99))=X99,IF(N(M99)>0,M99&" x "&N99,N99&" reps"),"")))))) | R99: =IF(N(X99)=0,"",ROUND(X99,1)) | S99: =IF(N(X99)=0,"",IF(AND(COUNTIFS(Log!$D$6:$D$1505,D99,Log!$B$6:$B$1505,"<"&B99)>0,COUNTIFS(Log!$D$6:$D$1505,D99,Log!$B$6:$B$1505,"<"&B99,Log!$X$6:$X$1505,">="&X99)=0),"New best","")) | T99: Felt strong | U99: =IF(D99="","",IFERROR(INDEX(Exercises!$C$6:$C$105,MATCH(D99,Exercises!$B$6:$B$105,0)),"Other")) | V99: =IF(B99="","",IF(COUNTIF($B$6:B99,B99)=1,1,0)) | W99: =IF(B99="","",B99-WEEKDAY(B99,3)) | X99: =IF(D99="","",MAX(IF(N(F99)=0,0,IF(N(E99)>0,E99*(1+F99/30),F99)),IF(N(H99)=0,0,IF(N(G99)>0,G99*(1+H99/30),H99)),IF(N(J99)=0,0,IF(N(I99)>0,I99*(1+J99/30),J99)),IF(N(L99)=0,0,IF(N(K99)>0,K99*(1+L99/30),L99)),IF(N(N99)=0,0,IF(N(M99)>0,M99*(1+N99/30),N99)))) | Y99: =IF(N(X99)=0,"",X99+ROW()/1000000000) | Z99: =IF(Y99="","",IF(COUNTIFS(Log!$D$6:$D$1505,D99,Log!$Y$6:$Y$1505,">"&Y99)=0,1,0)) | AA99: =IF(OR(B99="",D99=""),"",B99+ROW()/10000000) | AB99: =IF(AA99="","",IF(COUNTIFS(Log!$D$6:$D$1505,D99,Log!$AA$6:$AA$1505,">"&AA99)=0,1,0)) | AC99: =IF(S99="New best",AA99,"") | AD99: =ROW()
B100: 46237 | C100: Push | D100: Bench press | E100: 140 | F100: 8 | G100: 140 | H100: 7 | I100: 140 | J100: 6 | K100: 140 | L100: 6 | O100: =IF(D100="","",COUNT(F100,H100,J100,L100,N100)) | P100: =IF(D100="","",N(E100)*N(F100)+N(G100)*N(H100)+N(I100)*N(J100)+N(K100)*N(L100)+N(M100)*N(N100)) | Q100: =IF(N(X100)=0,"",IF(IF(N(F100)=0,0,IF(N(E100)>0,E100*(1+F100/30),F100))=X100,IF(N(E100)>0,E100&" x "&F100,F100&" reps"),IF(IF(N(H100)=0,0,IF(N(G100)>0,G100*(1+H100/30),H100))=X100,IF(N(G100)>0,G100&" x "&H100,H100&" reps"),IF(IF(N(J100)=0,0,IF(N(I100)>0,I100*(1+J100/30),J100))=X100,IF(N(I100)>0,I100&" x "&J100,J100&" reps"),IF(IF(N(L100)=0,0,IF(N(K100)>0,K100*(1+L100/30),L100))=X100,IF(N(K100)>0,K100&" x "&L100,L100&" reps"),IF(IF(N(N100)=0,0,IF(N(M100)>0,M100*(1+N100/30),N100))=X100,IF(N(M100)>0,M100&" x "&N100,N100&" reps"),"")))))) | R100: =IF(N(X100)=0,"",ROUND(X100,1)) | S100: =IF(N(X100)=0,"",IF(AND(COUNTIFS(Log!$D$6:$D$1505,D100,Log!$B$6:$B$1505,"<"&B100)>0,COUNTIFS(Log!$D$6:$D$1505,D100,Log!$B$6:$B$1505,"<"&B100,Log!$X$6:$X$1505,">="&X100)=0),"New best","")) | U100: =IF(D100="","",IFERROR(INDEX(Exercises!$C$6:$C$105,MATCH(D100,Exercises!$B$6:$B$105,0)),"Other")) | V100: =IF(B100="","",IF(COUNTIF($B$6:B100,B100)=1,1,0)) | W100: =IF(B100="","",B100-WEEKDAY(B100,3)) | X100: =IF(D100="","",MAX(IF(N(F100)=0,0,IF(N(E100)>0,E100*(1+F100/30),F100)),IF(N(H100)=0,0,IF(N(G100)>0,G100*(1+H100/30),H100)),IF(N(J100)=0,0,IF(N(I100)>0,I100*(1+J100/30),J100)),IF(N(L100)=0,0,IF(N(K100)>0,K100*(1+L100/30),L100)),IF(N(N100)=0,0,IF(N(M100)>0,M100*(1+N100/30),N100)))) | Y100: =IF(N(X100)=0,"",X100+ROW()/1000000000) | Z100: =IF(Y100="","",IF(COUNTIFS(Log!$D$6:$D$1505,D100,Log!$Y$6:$Y$1505,">"&Y100)=0,1,0)) | AA100: =IF(OR(B100="",D100=""),"",B100+ROW()/10000000) | AB100: =IF(AA100="","",IF(COUNTIFS(Log!$D$6:$D$1505,D100,Log!$AA$6:$AA$1505,">"&AA100)=0,1,0)) | AC100: =IF(S100="New best",AA100,"") | AD100: =ROW()
B101: 46237 | C101: Push | D101: Overhead press | E101: 90 | F101: 10 | G101: 90 | H101: 9 | I101: 90 | J101: 8 | O101: =IF(D101="","",COUNT(F101,H101,J101,L101,N101)) | P101: =IF(D101="","",N(E101)*N(F101)+N(G101)*N(H101)+N(I101)*N(J101)+N(K101)*N(L101)+N(M101)*N(N101)) | Q101: =IF(N(X101)=0,"",IF(IF(N(F101)=0,0,IF(N(E101)>0,E101*(1+F101/30),F101))=X101,IF(N(E101)>0,E101&" x "&F101,F101&" reps"),IF(IF(N(H101)=0,0,IF(N(G101)>0,G101*(1+H101/30),H101))=X101,IF(N(G101)>0,G101&" x "&H101,H101&" reps"),IF(IF(N(J101)=0,0,IF(N(I101)>0,I101*(1+J101/30),J101))=X101,IF(N(I101)>0,I101&" x "&J101,J101&" reps"),IF(IF(N(L101)=0,0,IF(N(K101)>0,K101*(1+L101/30),L101))=X101,IF(N(K101)>0,K101&" x "&L101,L101&" reps"),IF(IF(N(N101)=0,0,IF(N(M101)>0,M101*(1+N101/30),N101))=X101,IF(N(M101)>0,M101&" x "&N101,N101&" reps"),"")))))) | R101: =IF(N(X101)=0,"",ROUND(X101,1)) | S101: =IF(N(X101)=0,"",IF(AND(COUNTIFS(Log!$D$6:$D$1505,D101,Log!$B$6:$B$1505,"<"&B101)>0,COUNTIFS(Log!$D$6:$D$1505,D101,Log!$B$6:$B$1505,"<"&B101,Log!$X$6:$X$1505,">="&X101)=0),"New best","")) | T101: Slept badly | U101: =IF(D101="","",IFERROR(INDEX(Exercises!$C$6:$C$105,MATCH(D101,Exercises!$B$6:$B$105,0)),"Other")) | V101: =IF(B101="","",IF(COUNTIF($B$6:B101,B101)=1,1,0)) | W101: =IF(B101="","",B101-WEEKDAY(B101,3)) | X101: =IF(D101="","",MAX(IF(N(F101)=0,0,IF(N(E101)>0,E101*(1+F101/30),F101)),IF(N(H101)=0,0,IF(N(G101)>0,G101*(1+H101/30),H101)),IF(N(J101)=0,0,IF(N(I101)>0,I101*(1+J101/30),J101)),IF(N(L101)=0,0,IF(N(K101)>0,K101*(1+L101/30),L101)),IF(N(N101)=0,0,IF(N(M101)>0,M101*(1+N101/30),N101)))) | Y101: =IF(N(X101)=0,"",X101+ROW()/1000000000) | Z101: =IF(Y101="","",IF(COUNTIFS(Log!$D$6:$D$1505,D101,Log!$Y$6:$Y$1505,">"&Y101)=0,1,0)) | AA101: =IF(OR(B101="",D101=""),"",B101+ROW()/10000000) | AB101: =IF(AA101="","",IF(COUNTIFS(Log!$D$6:$D$1505,D101,Log!$AA$6:$AA$1505,">"&AA101)=0,1,0)) | AC101: =IF(S101="New best",AA101,"") | AD101: =ROW()
B102: 46237 | C102: Push | D102: Incline dumbbell press | E102: 50 | F102: 11 | G102: 50 | H102: 11 | I102: 50 | J102: 9 | O102: =IF(D102="","",COUNT(F102,H102,J102,L102,N102)) | P102: =IF(D102="","",N(E102)*N(F102)+N(G102)*N(H102)+N(I102)*N(J102)+N(K102)*N(L102)+N(M102)*N(N102)) | Q102: =IF(N(X102)=0,"",IF(IF(N(F102)=0,0,IF(N(E102)>0,E102*(1+F102/30),F102))=X102,IF(N(E102)>0,E102&" x "&F102,F102&" reps"),IF(IF(N(H102)=0,0,IF(N(G102)>0,G102*(1+H102/30),H102))=X102,IF(N(G102)>0,G102&" x "&H102,H102&" reps"),IF(IF(N(J102)=0,0,IF(N(I102)>0,I102*(1+J102/30),J102))=X102,IF(N(I102)>0,I102&" x "&J102,J102&" reps"),IF(IF(N(L102)=0,0,IF(N(K102)>0,K102*(1+L102/30),L102))=X102,IF(N(K102)>0,K102&" x "&L102,L102&" reps"),IF(IF(N(N102)=0,0,IF(N(M102)>0,M102*(1+N102/30),N102))=X102,IF(N(M102)>0,M102&" x "&N102,N102&" reps"),"")))))) | R102: =IF(N(X102)=0,"",ROUND(X102,1)) | S102: =IF(N(X102)=0,"",IF(AND(COUNTIFS(Log!$D$6:$D$1505,D102,Log!$B$6:$B$1505,"<"&B102)>0,COUNTIFS(Log!$D$6:$D$1505,D102,Log!$B$6:$B$1505,"<"&B102,Log!$X$6:$X$1505,">="&X102)=0),"New best","")) | T102: Felt strong | U102: =IF(D102="","",IFERROR(INDEX(Exercises!$C$6:$C$105,MATCH(D102,Exercises!$B$6:$B$105,0)),"Other")) | V102: =IF(B102="","",IF(COUNTIF($B$6:B102,B102)=1,1,0)) | W102: =IF(B102="","",B102-WEEKDAY(B102,3)) | X102: =IF(D102="","",MAX(IF(N(F102)=0,0,IF(N(E102)>0,E102*(1+F102/30),F102)),IF(N(H102)=0,0,IF(N(G102)>0,G102*(1+H102/30),H102)),IF(N(J102)=0,0,IF(N(I102)>0,I102*(1+J102/30),J102)),IF(N(L102)=0,0,IF(N(K102)>0,K102*(1+L102/30),L102)),IF(N(N102)=0,0,IF(N(M102)>0,M102*(1+N102/30),N102)))) | Y102: =IF(N(X102)=0,"",X102+ROW()/1000000000) | Z102: =IF(Y102="","",IF(COUNTIFS(Log!$D$6:$D$1505,D102,Log!$Y$6:$Y$1505,">"&Y102)=0,1,0)) | AA102: =IF(OR(B102="",D102=""),"",B102+ROW()/10000000) | AB102: =IF(AA102="","",IF(COUNTIFS(Log!$D$6:$D$1505,D102,Log!$AA$6:$AA$1505,">"&AA102)=0,1,0)) | AC102: =IF(S102="New best",AA102,"") | AD102: =ROW()
...

Sheet Exercises
B2: Exercises
B3: Your exercises with their muscle group. Bests and last times come from the log.
B5: Exercise | C5: Muscle group | D5: Type | E5: Times done | F5: Last done | G5: Best set | H5: Est. max | I5: Best on
B6: Bench press | C6: Chest | D6: Weights | E6: =IF(B6="","",COUNTIFS(Log!$D$6:$D$1505,B6)) | F6: =IF(N(E6)=0,"",INT(SUMIFS(Log!$AA$6:$AA$1505,Log!$D$6:$D$1505,B6,Log!$AB$6:$AB$1505,1))) | G6: =IF(OR(N(E6)=0,SUMIFS(Log!$AD$6:$AD$1505,Log!$D$6:$D$1505,B6,Log!$Z$6:$Z$1505,1)=0),"",INDEX(Log!$Q:$Q,SUMIFS(Log!$AD$6:$AD$1505,Log!$D$6:$D$1505,B6,Log!$Z$6:$Z$1505,1))) | H6: =IF(OR(N(E6)=0,SUMIFS(Log!$AD$6:$AD$1505,Log!$D$6:$D$1505,B6,Log!$Z$6:$Z$1505,1)=0),"",INDEX(Log!$R:$R,SUMIFS(Log!$AD$6:$AD$1505,Log!$D$6:$D$1505,B6,Log!$Z$6:$Z$1505,1))) | I6: =IF(OR(N(E6)=0,SUMIFS(Log!$AD$6:$AD$1505,Log!$D$6:$D$1505,B6,Log!$Z$6:$Z$1505,1)=0),"",INDEX(Log!$B:$B,SUMIFS(Log!$AD$6:$AD$1505,Log!$D$6:$D$1505,B6,Log!$Z$6:$Z$1505,1)))
B7: Incline dumbbell press | C7: Chest | D7: Weights | E7: =IF(B7="","",COUNTIFS(Log!$D$6:$D$1505,B7)) | F7: =IF(N(E7)=0,"",INT(SUMIFS(Log!$AA$6:$AA$1505,Log!$D$6:$D$1505,B7,Log!$AB$6:$AB$1505,1))) | G7: =IF(OR(N(E7)=0,SUMIFS(Log!$AD$6:$AD$1505,Log!$D$6:$D$1505,B7,Log!$Z$6:$Z$1505,1)=0),"",INDEX(Log!$Q:$Q,SUMIFS(Log!$AD$6:$AD$1505,Log!$D$6:$D$1505,B7,Log!$Z$6:$Z$1505,1))) | H7: =IF(OR(N(E7)=0,SUMIFS(Log!$AD$6:$AD$1505,Log!$D$6:$D$1505,B7,Log!$Z$6:$Z$1505,1)=0),"",INDEX(Log!$R:$R,SUMIFS(Log!$AD$6:$AD$1505,Log!$D$6:$D$1505,B7,Log!$Z$6:$Z$1505,1))) | I7: =IF(OR(N(E7)=0,SUMIFS(Log!$AD$6:$AD$1505,Log!$D$6:$D$1505,B7,Log!$Z$6:$Z$1505,1)=0),"",INDEX(Log!$B:$B,SUMIFS(Log!$AD$6:$AD$1505,Log!$D$6:$D$1505,B7,Log!$Z$6:$Z$1505,1)))
B8: Push-up | C8: Chest | D8: Bodyweight | E8: =IF(B8="","",COUNTIFS(Log!$D$6:$D$1505,B8)) | F8: =IF(N(E8)=0,"",INT(SUMIFS(Log!$AA$6:$AA$1505,Log!$D$6:$D$1505,B8,Log!$AB$6:$AB$1505,1))) | G8: =IF(OR(N(E8)=0,SUMIFS(Log!$AD$6:$AD$1505,Log!$D$6:$D$1505,B8,Log!$Z$6:$Z$1505,1)=0),"",INDEX(Log!$Q:$Q,SUMIFS(Log!$AD$6:$AD$1505,Log!$D$6:$D$1505,B8,Log!$Z$6:$Z$1505,1))) | H8: =IF(OR(N(E8)=0,SUMIFS(Log!$AD$6:$AD$1505,Log!$D$6:$D$1505,B8,Log!$Z$6:$Z$1505,1)=0),"",INDEX(Log!$R:$R,SUMIFS(Log!$AD$6:$AD$1505,Log!$D$6:$D$1505,B8,Log!$Z$6:$Z$1505,1))) | I8: =IF(OR(N(E8)=0,SUMIFS(Log!$AD$6:$AD$1505,Log!$D$6:$D$1505,B8,Log!$Z$6:$Z$1505,1)=0),"",INDEX(Log!$B:$B,SUMIFS(Log!$AD$6:$AD$1505,Log!$D$6:$D$1505,B8,Log!$Z$6:$Z$1505,1)))
B9: Deadlift | C9: Back | D9: Weights | E9: =IF(B9="","",COUNTIFS(Log!$D$6:$D$1505,B9)) | F9: =IF(N(E9)=0,"",INT(SUMIFS(Log!$AA$6:$AA$1505,Log!$D$6:$D$1505,B9,Log!$AB$6:$AB$1505,1))) | G9: =IF(OR(N(E9)=0,SUMIFS(Log!$AD$6:$AD$1505,Log!$D$6:$D$1505,B9,Log!$Z$6:$Z$1505,1)=0),"",INDEX(Log!$Q:$Q,SUMIFS(Log!$AD$6:$AD$1505,Log!$D$6:$D$1505,B9,Log!$Z$6:$Z$1505,1))) | H9: =IF(OR(N(E9)=0,SUMIFS(Log!$AD$6:$AD$1505,Log!$D$6:$D$1505,B9,Log!$Z$6:$Z$1505,1)=0),"",INDEX(Log!$R:$R,SUMIFS(Log!$AD$6:$AD$1505,Log!$D$6:$D$1505,B9,Log!$Z$6:$Z$1505,1))) | I9: =IF(OR(N(E9)=0,SUMIFS(Log!$AD$6:$AD$1505,Log!$D$6:$D$1505,B9,Log!$Z$6:$Z$1505,1)=0),"",INDEX(Log!$B:$B,SUMIFS(Log!$AD$6:$AD$1505,Log!$D$6:$D$1505,B9,Log!$Z$6:$Z$1505,1)))
B10: Pull-up | C10: Back | D10: Bodyweight | E10: =IF(B10="","",COUNTIFS(Log!$D$6:$D$1505,B10)) | F10: =IF(N(E10)=0,"",INT(SUMIFS(Log!$AA$6:$AA$1505,Log!$D$6:$D$1505,B10,Log!$AB$6:$AB$1505,1))) | G10: =IF(OR(N(E10)=0,SUMIFS(Log!$AD$6:$AD$1505,Log!$D$6:$D$1505,B10,Log!$Z$6:$Z$1505,1)=0),"",INDEX(Log!$Q:$Q,SUMIFS(Log!$AD$6:$AD$1505,Log!$D$6:$D$1505,B10,Log!$Z$6:$Z$1505,1))) | H10: =IF(OR(N(E10)=0,SUMIFS(Log!$AD$6:$AD$1505,Log!$D$6:$D$1505,B10,Log!$Z$6:$Z$1505,1)=0),"",INDEX(Log!$R:$R,SUMIFS(Log!$AD$6:$AD$1505,Log!$D$6:$D$1505,B10,Log!$Z$6:$Z$1505,1))) | I10: =IF(OR(N(E10)=0,SUMIFS(Log!$AD$6:$AD$1505,Log!$D$6:$D$1505,B10,Log!$Z$6:$Z$1505,1)=0),"",INDEX(Log!$B:$B,SUMIFS(Log!$AD$6:$AD$1505,Log!$D$6:$D$1505,B10,Log!$Z$6:$Z$1505,1)))
B11: Barbell row | C11: Back | D11: Weights | E11: =IF(B11="","",COUNTIFS(Log!$D$6:$D$1505,B11)) | F11: =IF(N(E11)=0,"",INT(SUMIFS(Log!$AA$6:$AA$1505,Log!$D$6:$D$1505,B11,Log!$AB$6:$AB$1505,1))) | G11: =IF(OR(N(E11)=0,SUMIFS(Log!$AD$6:$AD$1505,Log!$D$6:$D$1505,B11,Log!$Z$6:$Z$1505,1)=0),"",INDEX(Log!$Q:$Q,SUMIFS(Log!$AD$6:$AD$1505,Log!$D$6:$D$1505,B11,Log!$Z$6:$Z$1505,1))) | H11: =IF(OR(N(E11)=0,SUMIFS(Log!$AD$6:$AD$1505,Log!$D$6:$D$1505,B11,Log!$Z$6:$Z$1505,1)=0),"",INDEX(Log!$R:$R,SUMIFS(Log!$AD$6:$AD$1505,Log!$D$6:$D$1505,B11,Log!$Z$6:$Z$1505,1))) | I11: =IF(OR(N(E11)=0,SUMIFS(Log!$AD$6:$AD$1505,Log!$D$6:$D$1505,B11,Log!$Z$6:$Z$1505,1)=0),"",INDEX(Log!$B:$B,SUMIFS(Log!$AD$6:$AD$1505,Log!$D$6:$D$1505,B11,Log!$Z$6:$Z$1505,1)))
B12: Lat pulldown | C12: Back | D12: Weights | E12: =IF(B12="","",COUNTIFS(Log!$D$6:$D$1505,B12)) | F12: =IF(N(E12)=0,"",INT(SUMIFS(Log!$AA$6:$AA$1505,Log!$D$6:$D$1505,B12,Log!$AB$6:$AB$1505,1))) | G12: =IF(OR(N(E12)=0,SUMIFS(Log!$AD$6:$AD$1505,Log!$D$6:$D$1505,B12,Log!$Z$6:$Z$1505,1)=0),"",INDEX(Log!$Q:$Q,SUMIFS(Log!$AD$6:$AD$1505,Log!$D$6:$D$1505,B12,Log!$Z$6:$Z$1505,1))) | H12: =IF(OR(N(E12)=0,SUMIFS(Log!$AD$6:$AD$1505,Log!$D$6:$D$1505,B12,Log!$Z$6:$Z$1505,1)=0),"",INDEX(Log!$R:$R,SUMIFS(Log!$AD$6:$AD$1505,Log!$D$6:$D$1505,B12,Log!$Z$6:$Z$1505,1))) | I12: =IF(OR(N(E12)=0,SUMIFS(Log!$AD$6:$AD$1505,Log!$D$6:$D$1505,B12,Log!$Z$6:$Z$1505,1)=0),"",INDEX(Log!$B:$B,SUMIFS(Log!$AD$6:$AD$1505,Log!$D$6:$D$1505,B12,Log!$Z$6:$Z$1505,1)))
B13: Overhead press | C13: Shoulders | D13: Weights | E13: =IF(B13="","",COUNTIFS(Log!$D$6:$D$1505,B13)) | F13: =IF(N(E13)=0,"",INT(SUMIFS(Log!$AA$6:$AA$1505,Log!$D$6:$D$1505,B13,Log!$AB$6:$AB$1505,1))) | G13: =IF(OR(N(E13)=0,SUMIFS(Log!$AD$6:$AD$1505,Log!$D$6:$D$1505,B13,Log!$Z$6:$Z$1505,1)=0),"",INDEX(Log!$Q:$Q,SUMIFS(Log!$AD$6:$AD$1505,Log!$D$6:$D$1505,B13,Log!$Z$6:$Z$1505,1))) | H13: =IF(OR(N(E13)=0,SUMIFS(Log!$AD$6:$AD$1505,Log!$D$6:$D$1505,B13,Log!$Z$6:$Z$1505,1)=0),"",INDEX(Log!$R:$R,SUMIFS(Log!$AD$6:$AD$1505,Log!$D$6:$D$1505,B13,Log!$Z$6:$Z$1505,1))) | I13: =IF(OR(N(E13)=0,SUMIFS(Log!$AD$6:$AD$1505,Log!$D$6:$D$1505,B13,Log!$Z$6:$Z$1505,1)=0),"",INDEX(Log!$B:$B,SUMIFS(Log!$AD$6:$AD$1505,Log!$D$6:$D$1505,B13,Log!$Z$6:$Z$1505,1)))
B14: Lateral raise | C14: Shoulders | D14: Weights | E14: =IF(B14="","",COUNTIFS(Log!$D$6:$D$1505,B14)) | F14: =IF(N(E14)=0,"",INT(SUMIFS(Log!$AA$6:$AA$1505,Log!$D$6:$D$1505,B14,Log!$AB$6:$AB$1505,1))) | G14: =IF(OR(N(E14)=0,SUMIFS(Log!$AD$6:$AD$1505,Log!$D$6:$D$1505,B14,Log!$Z$6:$Z$1505,1)=0),"",INDEX(Log!$Q:$Q,SUMIFS(Log!$AD$6:$AD$1505,Log!$D$6:$D$1505,B14,Log!$Z$6:$Z$1505,1))) | H14: =IF(OR(N(E14)=0,SUMIFS(Log!$AD$6:$AD$1505,Log!$D$6:$D$1505,B14,Log!$Z$6:$Z$1505,1)=0),"",INDEX(Log!$R:$R,SUMIFS(Log!$AD$6:$AD$1505,Log!$D$6:$D$1505,B14,Log!$Z$6:$Z$1505,1))) | I14: =IF(OR(N(E14)=0,SUMIFS(Log!$AD$6:$AD$1505,Log!$D$6:$D$1505,B14,Log!$Z$6:$Z$1505,1)=0),"",INDEX(Log!$B:$B,SUMIFS(Log!$AD$6:$AD$1505,Log!$D$6:$D$1505,B14,Log!$Z$6:$Z$1505,1)))
B15: Biceps curl | C15: Arms | D15: Weights | E15: =IF(B15="","",COUNTIFS(Log!$D$6:$D$1505,B15)) | F15: =IF(N(E15)=0,"",INT(SUMIFS(Log!$AA$6:$AA$1505,Log!$D$6:$D$1505,B15,Log!$AB$6:$AB$1505,1))) | G15: =IF(OR(N(E15)=0,SUMIFS(Log!$AD$6:$AD$1505,Log!$D$6:$D$1505,B15,Log!$Z$6:$Z$1505,1)=0),"",INDEX(Log!$Q:$Q,SUMIFS(Log!$AD$6:$AD$1505,Log!$D$6:$D$1505,B15,Log!$Z$6:$Z$1505,1))) | H15: =IF(OR(N(E15)=0,SUMIFS(Log!$AD$6:$AD$1505,Log!$D$6:$D$1505,B15,Log!$Z$6:$Z$1505,1)=0),"",INDEX(Log!$R:$R,SUMIFS(Log!$AD$6:$AD$1505,Log!$D$6:$D$1505,B15,Log!$Z$6:$Z$1505,1))) | I15: =IF(OR(N(E15)=0,SUMIFS(Log!$AD$6:$AD$1505,Log!$D$6:$D$1505,B15,Log!$Z$6:$Z$1505,1)=0),"",INDEX(Log!$B:$B,SUMIFS(Log!$AD$6:$AD$1505,Log!$D$6:$D$1505,B15,Log!$Z$6:$Z$1505,1)))
B16: Triceps pushdown | C16: Arms | D16: Weights | E16: =IF(B16="","",COUNTIFS(Log!$D$6:$D$1505,B16)) | F16: =IF(N(E16)=0,"",INT(SUMIFS(Log!$AA$6:$AA$1505,Log!$D$6:$D$1505,B16,Log!$AB$6:$AB$1505,1))) | G16: =IF(OR(N(E16)=0,SUMIFS(Log!$AD$6:$AD$1505,Log!$D$6:$D$1505,B16,Log!$Z$6:$Z$1505,1)=0),"",INDEX(Log!$Q:$Q,SUMIFS(Log!$AD$6:$AD$1505,Log!$D$6:$D$1505,B16,Log!$Z$6:$Z$1505,1))) | H16: =IF(OR(N(E16)=0,SUMIFS(Log!$AD$6:$AD$1505,Log!$D$6:$D$1505,B16,Log!$Z$6:$Z$1505,1)=0),"",INDEX(Log!$R:$R,SUMIFS(Log!$AD$6:$AD$1505,Log!$D$6:$D$1505,B16,Log!$Z$6:$Z$1505,1))) | I16: =IF(OR(N(E16)=0,SUMIFS(Log!$AD$6:$AD$1505,Log!$D$6:$D$1505,B16,Log!$Z$6:$Z$1505,1)=0),"",INDEX(Log!$B:$B,SUMIFS(Log!$AD$6:$AD$1505,Log!$D$6:$D$1505,B16,Log!$Z$6:$Z$1505,1)))
B17: Squat | C17: Legs | D17: Weights | E17: =IF(B17="","",COUNTIFS(Log!$D$6:$D$1505,B17)) | F17: =IF(N(E17)=0,"",INT(SUMIFS(Log!$AA$6:$AA$1505,Log!$D$6:$D$1505,B17,Log!$AB$6:$AB$1505,1))) | G17: =IF(OR(N(E17)=0,SUMIFS(Log!$AD$6:$AD$1505,Log!$D$6:$D$1505,B17,Log!$Z$6:$Z$1505,1)=0),"",INDEX(Log!$Q:$Q,SUMIFS(Log!$AD$6:$AD$1505,Log!$D$6:$D$1505,B17,Log!$Z$6:$Z$1505,1))) | H17: =IF(OR(N(E17)=0,SUMIFS(Log!$AD$6:$AD$1505,Log!$D$6:$D$1505,B17,Log!$Z$6:$Z$1505,1)=0),"",INDEX(Log!$R:$R,SUMIFS(Log!$AD$6:$AD$1505,Log!$D$6:$D$1505,B17,Log!$Z$6:$Z$1505,1))) | I17: =IF(OR(N(E17)=0,SUMIFS(Log!$AD$6:$AD$1505,Log!$D$6:$D$1505,B17,Log!$Z$6:$Z$1505,1)=0),"",INDEX(Log!$B:$B,SUMIFS(Log!$AD$6:$AD$1505,Log!$D$6:$D$1505,B17,Log!$Z$6:$Z$1505,1)))
... B24: Hanging leg raise | C24: Core | D24: Bodyweight | E24: =IF(B24="","",COUNTIFS(Log!$D$6:$D$1505,B24)) | F24: =IF(N(E24)=0,"",INT(SUMIFS(Log!$AA$6:$AA$1505,Log!$D$6:$D$1505,B24,Log!$AB$6:$AB$1505,1))) | G24: =IF(OR(N(E24)=0,SUMIFS(Log!$AD$6:$AD$1505,Log!$D$6:$D$1505,B24,Log!$Z$6:$Z$1505,1)=0),"",INDEX(Log!$Q:$Q,SUMIFS(Log!$AD$6:$AD$1505,Log!$D$6:$D$1505,B24,Log!$Z$6:$Z$1505,1))) | H24: =IF(OR(N(E24)=0,SUMIFS(Log!$AD$6:$AD$1505,Log!$D$6:$D$1505,B24,Log!$Z$6:$Z$1505,1)=0),"",INDEX(Log!$R:$R,SUMIFS(Log!$AD$6:$AD$1505,Log!$D$6:$D$1505,B24,Log!$Z$6:$Z$1505,1))) | I24: =IF(OR(N(E24)=0,SUMIFS(Log!$AD$6:$AD$1505,Log!$D$6:$D$1505,B24,Log!$Z$6:$Z$1505,1)=0),"",INDEX(Log!$B:$B,SUMIFS(Log!$AD$6:$AD$1505,Log!$D$6:$D$1505,B24,Log!$Z$6:$Z$1505,1)))
E25: =IF(B25="","",COUNTIFS(Log!$D$6:$D$1505,B25)) | F25: =IF(N(E25)=0,"",INT(SUMIFS(Log!$AA$6:$AA$1505,Log!$D$6:$D$1505,B25,Log!$AB$6:$AB$1505,1))) | G25: =IF(OR(N(E25)=0,SUMIFS(Log!$AD$6:$AD$1505,Log!$D$6:$D$1505,B25,Log!$Z$6:$Z$1505,1)=0),"",INDEX(Log!$Q:$Q,SUMIFS(Log!$AD$6:$AD$1505,Log!$D$6:$D$1505,B25,Log!$Z$6:$Z$1505,1))) | H25: =IF(OR(N(E25)=0,SUMIFS(Log!$AD$6:$AD$1505,Log!$D$6:$D$1505,B25,Log!$Z$6:$Z$1505,1)=0),"",INDEX(Log!$R:$R,SUMIFS(Log!$AD$6:$AD$1505,Log!$D$6:$D$1505,B25,Log!$Z$6:$Z$1505,1))) | I25: =IF(OR(N(E25)=0,SUMIFS(Log!$AD$6:$AD$1505,Log!$D$6:$D$1505,B25,Log!$Z$6:$Z$1505,1)=0),"",INDEX(Log!$B:$B,SUMIFS(Log!$AD$6:$AD$1505,Log!$D$6:$D$1505,B25,Log!$Z$6:$Z$1505,1)))
E26: =IF(B26="","",COUNTIFS(Log!$D$6:$D$1505,B26)) | F26: =IF(N(E26)=0,"",INT(SUMIFS(Log!$AA$6:$AA$1505,Log!$D$6:$D$1505,B26,Log!$AB$6:$AB$1505,1))) | G26: =IF(OR(N(E26)=0,SUMIFS(Log!$AD$6:$AD$1505,Log!$D$6:$D$1505,B26,Log!$Z$6:$Z$1505,1)=0),"",INDEX(Log!$Q:$Q,SUMIFS(Log!$AD$6:$AD$1505,Log!$D$6:$D$1505,B26,Log!$Z$6:$Z$1505,1))) | H26: =IF(OR(N(E26)=0,SUMIFS(Log!$AD$6:$AD$1505,Log!$D$6:$D$1505,B26,Log!$Z$6:$Z$1505,1)=0),"",INDEX(Log!$R:$R,SUMIFS(Log!$AD$6:$AD$1505,Log!$D$6:$D$1505,B26,Log!$Z$6:$Z$1505,1))) | I26: =IF(OR(N(E26)=0,SUMIFS(Log!$AD$6:$AD$1505,Log!$D$6:$D$1505,B26,Log!$Z$6:$Z$1505,1)=0),"",INDEX(Log!$B:$B,SUMIFS(Log!$AD$6:$AD$1505,Log!$D$6:$D$1505,B26,Log!$Z$6:$Z$1505,1)))
E27: =IF(B27="","",COUNTIFS(Log!$D$6:$D$1505,B27)) | F27: =IF(N(E27)=0,"",INT(SUMIFS(Log!$AA$6:$AA$1505,Log!$D$6:$D$1505,B27,Log!$AB$6:$AB$1505,1))) | G27: =IF(OR(N(E27)=0,SUMIFS(Log!$AD$6:$AD$1505,Log!$D$6:$D$1505,B27,Log!$Z$6:$Z$1505,1)=0),"",INDEX(Log!$Q:$Q,SUMIFS(Log!$AD$6:$AD$1505,Log!$D$6:$D$1505,B27,Log!$Z$6:$Z$1505,1))) | H27: =IF(OR(N(E27)=0,SUMIFS(Log!$AD$6:$AD$1505,Log!$D$6:$D$1505,B27,Log!$Z$6:$Z$1505,1)=0),"",INDEX(Log!$R:$R,SUMIFS(Log!$AD$6:$AD$1505,Log!$D$6:$D$1505,B27,Log!$Z$6:$Z$1505,1))) | I27: =IF(OR(N(E27)=0,SUMIFS(Log!$AD$6:$AD$1505,Log!$D$6:$D$1505,B27,Log!$Z$6:$Z$1505,1)=0),"",INDEX(Log!$B:$B,SUMIFS(Log!$AD$6:$AD$1505,Log!$D$6:$D$1505,B27,Log!$Z$6:$Z$1505,1)))
E28: =IF(B28="","",COUNTIFS(Log!$D$6:$D$1505,B28)) | F28: =IF(N(E28)=0,"",INT(SUMIFS(Log!$AA$6:$AA$1505,Log!$D$6:$D$1505,B28,Log!$AB$6:$AB$1505,1))) | G28: =IF(OR(N(E28)=0,SUMIFS(Log!$AD$6:$AD$1505,Log!$D$6:$D$1505,B28,Log!$Z$6:$Z$1505,1)=0),"",INDEX(Log!$Q:$Q,SUMIFS(Log!$AD$6:$AD$1505,Log!$D$6:$D$1505,B28,Log!$Z$6:$Z$1505,1))) | H28: =IF(OR(N(E28)=0,SUMIFS(Log!$AD$6:$AD$1505,Log!$D$6:$D$1505,B28,Log!$Z$6:$Z$1505,1)=0),"",INDEX(Log!$R:$R,SUMIFS(Log!$AD$6:$AD$1505,Log!$D$6:$D$1505,B28,Log!$Z$6:$Z$1505,1))) | I28: =IF(OR(N(E28)=0,SUMIFS(Log!$AD$6:$AD$1505,Log!$D$6:$D$1505,B28,Log!$Z$6:$Z$1505,1)=0),"",INDEX(Log!$B:$B,SUMIFS(Log!$AD$6:$AD$1505,Log!$D$6:$D$1505,B28,Log!$Z$6:$Z$1505,1)))
E29: =IF(B29="","",COUNTIFS(Log!$D$6:$D$1505,B29)) | F29: =IF(N(E29)=0,"",INT(SUMIFS(Log!$AA$6:$AA$1505,Log!$D$6:$D$1505,B29,Log!$AB$6:$AB$1505,1))) | G29: =IF(OR(N(E29)=0,SUMIFS(Log!$AD$6:$AD$1505,Log!$D$6:$D$1505,B29,Log!$Z$6:$Z$1505,1)=0),"",INDEX(Log!$Q:$Q,SUMIFS(Log!$AD$6:$AD$1505,Log!$D$6:$D$1505,B29,Log!$Z$6:$Z$1505,1))) | H29: =IF(OR(N(E29)=0,SUMIFS(Log!$AD$6:$AD$1505,Log!$D$6:$D$1505,B29,Log!$Z$6:$Z$1505,1)=0),"",INDEX(Log!$R:$R,SUMIFS(Log!$AD$6:$AD$1505,Log!$D$6:$D$1505,B29,Log!$Z$6:$Z$1505,1))) | I29: =IF(OR(N(E29)=0,SUMIFS(Log!$AD$6:$AD$1505,Log!$D$6:$D$1505,B29,Log!$Z$6:$Z$1505,1)=0),"",INDEX(Log!$B:$B,SUMIFS(Log!$AD$6:$AD$1505,Log!$D$6:$D$1505,B29,Log!$Z$6:$Z$1505,1)))
E30: =IF(B30="","",COUNTIFS(Log!$D$6:$D$1505,B30)) | F30: =IF(N(E30)=0,"",INT(SUMIFS(Log!$AA$6:$AA$1505,Log!$D$6:$D$1505,B30,Log!$AB$6:$AB$1505,1))) | G30: =IF(OR(N(E30)=0,SUMIFS(Log!$AD$6:$AD$1505,Log!$D$6:$D$1505,B30,Log!$Z$6:$Z$1505,1)=0),"",INDEX(Log!$Q:$Q,SUMIFS(Log!$AD$6:$AD$1505,Log!$D$6:$D$1505,B30,Log!$Z$6:$Z$1505,1))) | H30: =IF(OR(N(E30)=0,SUMIFS(Log!$AD$6:$AD$1505,Log!$D$6:$D$1505,B30,Log!$Z$6:$Z$1505,1)=0),"",INDEX(Log!$R:$R,SUMIFS(Log!$AD$6:$AD$1505,Log!$D$6:$D$1505,B30,Log!$Z$6:$Z$1505,1))) | I30: =IF(OR(N(E30)=0,SUMIFS(Log!$AD$6:$AD$1505,Log!$D$6:$D$1505,B30,Log!$Z$6:$Z$1505,1)=0),"",INDEX(Log!$B:$B,SUMIFS(Log!$AD$6:$AD$1505,Log!$D$6:$D$1505,B30,Log!$Z$6:$Z$1505,1)))
E31: =IF(B31="","",COUNTIFS(Log!$D$6:$D$1505,B31)) | F31: =IF(N(E31)=0,"",INT(SUMIFS(Log!$AA$6:$AA$1505,Log!$D$6:$D$1505,B31,Log!$AB$6:$AB$1505,1))) | G31: =IF(OR(N(E31)=0,SUMIFS(Log!$AD$6:$AD$1505,Log!$D$6:$D$1505,B31,Log!$Z$6:$Z$1505,1)=0),"",INDEX(Log!$Q:$Q,SUMIFS(Log!$AD$6:$AD$1505,Log!$D$6:$D$1505,B31,Log!$Z$6:$Z$1505,1))) | H31: =IF(OR(N(E31)=0,SUMIFS(Log!$AD$6:$AD$1505,Log!$D$6:$D$1505,B31,Log!$Z$6:$Z$1505,1)=0),"",INDEX(Log!$R:$R,SUMIFS(Log!$AD$6:$AD$1505,Log!$D$6:$D$1505,B31,Log!$Z$6:$Z$1505,1))) | I31: =IF(OR(N(E31)=0,SUMIFS(Log!$AD$6:$AD$1505,Log!$D$6:$D$1505,B31,Log!$Z$6:$Z$1505,1)=0),"",INDEX(Log!$B:$B,SUMIFS(Log!$AD$6:$AD$1505,Log!$D$6:$D$1505,B31,Log!$Z$6:$Z$1505,1)))
E32: =IF(B32="","",COUNTIFS(Log!$D$6:$D$1505,B32)) | F32: =IF(N(E32)=0,"",INT(SUMIFS(Log!$AA$6:$AA$1505,Log!$D$6:$D$1505,B32,Log!$AB$6:$AB$1505,1))) | G32: =IF(OR(N(E32)=0,SUMIFS(Log!$AD$6:$AD$1505,Log!$D$6:$D$1505,B32,Log!$Z$6:$Z$1505,1)=0),"",INDEX(Log!$Q:$Q,SUMIFS(Log!$AD$6:$AD$1505,Log!$D$6:$D$1505,B32,Log!$Z$6:$Z$1505,1))) | H32: =IF(OR(N(E32)=0,SUMIFS(Log!$AD$6:$AD$1505,Log!$D$6:$D$1505,B32,Log!$Z$6:$Z$1505,1)=0),"",INDEX(Log!$R:$R,SUMIFS(Log!$AD$6:$AD$1505,Log!$D$6:$D$1505,B32,Log!$Z$6:$Z$1505,1))) | I32: =IF(OR(N(E32)=0,SUMIFS(Log!$AD$6:$AD$1505,Log!$D$6:$D$1505,B32,Log!$Z$6:$Z$1505,1)=0),"",INDEX(Log!$B:$B,SUMIFS(Log!$AD$6:$AD$1505,Log!$D$6:$D$1505,B32,Log!$Z$6:$Z$1505,1)))
E33: =IF(B33="","",COUNTIFS(Log!$D$6:$D$1505,B33)) | F33: =IF(N(E33)=0,"",INT(SUMIFS(Log!$AA$6:$AA$1505,Log!$D$6:$D$1505,B33,Log!$AB$6:$AB$1505,1))) | G33: =IF(OR(N(E33)=0,SUMIFS(Log!$AD$6:$AD$1505,Log!$D$6:$D$1505,B33,Log!$Z$6:$Z$1505,1)=0),"",INDEX(Log!$Q:$Q,SUMIFS(Log!$AD$6:$AD$1505,Log!$D$6:$D$1505,B33,Log!$Z$6:$Z$1505,1))) | H33: =IF(OR(N(E33)=0,SUMIFS(Log!$AD$6:$AD$1505,Log!$D$6:$D$1505,B33,Log!$Z$6:$Z$1505,1)=0),"",INDEX(Log!$R:$R,SUMIFS(Log!$AD$6:$AD$1505,Log!$D$6:$D$1505,B33,Log!$Z$6:$Z$1505,1))) | I33: =IF(OR(N(E33)=0,SUMIFS(Log!$AD$6:$AD$1505,Log!$D$6:$D$1505,B33,Log!$Z$6:$Z$1505,1)=0),"",INDEX(Log!$B:$B,SUMIFS(Log!$AD$6:$AD$1505,Log!$D$6:$D$1505,B33,Log!$Z$6:$Z$1505,1)))
E34: =IF(B34="","",COUNTIFS(Log!$D$6:$D$1505,B34)) | F34: =IF(N(E34)=0,"",INT(SUMIFS(Log!$AA$6:$AA$1505,Log!$D$6:$D$1505,B34,Log!$AB$6:$AB$1505,1))) | G34: =IF(OR(N(E34)=0,SUMIFS(Log!$AD$6:$AD$1505,Log!$D$6:$D$1505,B34,Log!$Z$6:$Z$1505,1)=0),"",INDEX(Log!$Q:$Q,SUMIFS(Log!$AD$6:$AD$1505,Log!$D$6:$D$1505,B34,Log!$Z$6:$Z$1505,1))) | H34: =IF(OR(N(E34)=0,SUMIFS(Log!$AD$6:$AD$1505,Log!$D$6:$D$1505,B34,Log!$Z$6:$Z$1505,1)=0),"",INDEX(Log!$R:$R,SUMIFS(Log!$AD$6:$AD$1505,Log!$D$6:$D$1505,B34,Log!$Z$6:$Z$1505,1))) | I34: =IF(OR(N(E34)=0,SUMIFS(Log!$AD$6:$AD$1505,Log!$D$6:$D$1505,B34,Log!$Z$6:$Z$1505,1)=0),"",INDEX(Log!$B:$B,SUMIFS(Log!$AD$6:$AD$1505,Log!$D$6:$D$1505,B34,Log!$Z$6:$Z$1505,1)))
E35: =IF(B35="","",COUNTIFS(Log!$D$6:$D$1505,B35)) | F35: =IF(N(E35)=0,"",INT(SUMIFS(Log!$AA$6:$AA$1505,Log!$D$6:$D$1505,B35,Log!$AB$6:$AB$1505,1))) | G35: =IF(OR(N(E35)=0,SUMIFS(Log!$AD$6:$AD$1505,Log!$D$6:$D$1505,B35,Log!$Z$6:$Z$1505,1)=0),"",INDEX(Log!$Q:$Q,SUMIFS(Log!$AD$6:$AD$1505,Log!$D$6:$D$1505,B35,Log!$Z$6:$Z$1505,1))) | H35: =IF(OR(N(E35)=0,SUMIFS(Log!$AD$6:$AD$1505,Log!$D$6:$D$1505,B35,Log!$Z$6:$Z$1505,1)=0),"",INDEX(Log!$R:$R,SUMIFS(Log!$AD$6:$AD$1505,Log!$D$6:$D$1505,B35,Log!$Z$6:$Z$1505,1))) | I35: =IF(OR(N(E35)=0,SUMIFS(Log!$AD$6:$AD$1505,Log!$D$6:$D$1505,B35,Log!$Z$6:$Z$1505,1)=0),"",INDEX(Log!$B:$B,SUMIFS(Log!$AD$6:$AD$1505,Log!$D$6:$D$1505,B35,Log!$Z$6:$Z$1505,1)))
E36: =IF(B36="","",COUNTIFS(Log!$D$6:$D$1505,B36)) | F36: =IF(N(E36)=0,"",INT(SUMIFS(Log!$AA$6:$AA$1505,Log!$D$6:$D$1505,B36,Log!$AB$6:$AB$1505,1))) | G36: =IF(OR(N(E36)=0,SUMIFS(Log!$AD$6:$AD$1505,Log!$D$6:$D$1505,B36,Log!$Z$6:$Z$1505,1)=0),"",INDEX(Log!$Q:$Q,SUMIFS(Log!$AD$6:$AD$1505,Log!$D$6:$D$1505,B36,Log!$Z$6:$Z$1505,1))) | H36: =IF(OR(N(E36)=0,SUMIFS(Log!$AD$6:$AD$1505,Log!$D$6:$D$1505,B36,Log!$Z$6:$Z$1505,1)=0),"",INDEX(Log!$R:$R,SUMIFS(Log!$AD$6:$AD$1505,Log!$D$6:$D$1505,B36,Log!$Z$6:$Z$1505,1))) | I36: =IF(OR(N(E36)=0,SUMIFS(Log!$AD$6:$AD$1505,Log!$D$6:$D$1505,B36,Log!$Z$6:$Z$1505,1)=0),"",INDEX(Log!$B:$B,SUMIFS(Log!$AD$6:$AD$1505,Log!$D$6:$D$1505,B36,Log!$Z$6:$Z$1505,1)))
... E105: =IF(B105="","",COUNTIFS(Log!$D$6:$D$1505,B105)) | F105: =IF(N(E105)=0,"",INT(SUMIFS(Log!$AA$6:$AA$1505,Log!$D$6:$D$1505,B105,Log!$AB$6:$AB$1505,1))) | G105: =IF(OR(N(E105)=0,SUMIFS(Log!$AD$6:$AD$1505,Log!$D$6:$D$1505,B105,Log!$Z$6:$Z$1505,1)=0),"",INDEX(Log!$Q:$Q,SUMIFS(Log!$AD$6:$AD$1505,Log!$D$6:$D$1505,B105,Log!$Z$6:$Z$1505,1))) | H105: =IF(OR(N(E105)=0,SUMIFS(Log!$AD$6:$AD$1505,Log!$D$6:$D$1505,B105,Log!$Z$6:$Z$1505,1)=0),"",INDEX(Log!$R:$R,SUMIFS(Log!$AD$6:$AD$1505,Log!$D$6:$D$1505,B105,Log!$Z$6:$Z$1505,1))) | I105: =IF(OR(N(E105)=0,SUMIFS(Log!$AD$6:$AD$1505,Log!$D$6:$D$1505,B105,Log!$Z$6:$Z$1505,1)=0),"",INDEX(Log!$B:$B,SUMIFS(Log!$AD$6:$AD$1505,Log!$D$6:$D$1505,B105,Log!$Z$6:$Z$1505,1)))
B107: Est. max is the weight you could lift once, estimated from your best set (weight x (1 + reps / 30)). For a bodyweight exercise it is the most reps in one set.

Sheet Plan
B2: Weekly plan
B3: Which workout on which day, and what each workout holds.
B5: Day | C5: Workout
B6: Monday | C6: Push | G6: Type a workout name for each day, or Rest.
B7: Tuesday | C7: Pull | G7: The workouts below go into the list on the Log tab.
B8: Wednesday | C8: Legs
B9: Thursday | C9: Rest
B10: Friday | C10: Upper
B11: Saturday | C11: Lower
B12: Sunday | C12: Rest
B13: Workouts
B15: Push | G15: Pull | L15: Legs
B16: Exercise | C16: Sets | D16: Reps | G16: Exercise | H16: Sets | I16: Reps | L16: Exercise | M16: Sets | N16: Reps
B17: Bench press | C17: 4 | D17: 6 to 8 | G17: Deadlift | H17: 3 | I17: 5 | L17: Squat | M17: 4 | N17: 5 to 6
B18: Overhead press | C18: 3 | D18: 8 to 10 | G18: Pull-up | H18: 3 | I18: 6 to 10 | L18: Romanian deadlift | M18: 3 | N18: 8 to 10
B19: Incline dumbbell press | C19: 3 | D19: 8 to 12 | G19: Barbell row | H19: 3 | I19: 8 to 10 | L19: Leg press | M19: 3 | N19: 10 to 12
B20: Lateral raise | C20: 3 | D20: 12 to 15 | G20: Lat pulldown | H20: 3 | I20: 10 to 12 | L20: Leg curl | M20: 3 | N20: 10 to 12
B21: Triceps pushdown | C21: 3 | D21: 10 to 12 | G21: Biceps curl | H21: 3 | I21: 10 to 12 | L21: Calf raise | M21: 4 | N21: 12 to 15
B27: Upper | G27: Lower
B28: Exercise | C28: Sets | D28: Reps | G28: Exercise | H28: Sets | I28: Reps | L28: Exercise | M28: Sets | N28: Reps
B29: Bench press | C29: 3 | D29: 8 to 10 | G29: Squat | H29: 3 | I29: 8
B30: Barbell row | C30: 3 | D30: 8 to 10 | G30: Romanian deadlift | H30: 3 | I30: 8 to 10
B31: Overhead press | C31: 3 | D31: 8 to 10 | G31: Leg press | H31: 3 | I31: 12 to 15
B32: Pull-up | C32: 3 | D32: 6 to 10 | G32: Calf raise | H32: 3 | I32: 15
B33: Biceps curl | C33: 2 | D33: 10 to 12
B34: Triceps pushdown | C34: 2 | D34: 10 to 12
B42: =IF(B15="","",B15)
B43: =IF(G15="","",G15)
B44: =IF(L15="","",L15)
B45: =IF(B27="","",B27)
B46: =IF(G27="","",G27)
B47: =IF(L27="","",L27)

Sheet Body
B2: Body
B3: Weigh in once a week, same day and time. Measure every few weeks.
B5: Date | C5: Weight | D5: Waist | E5: Chest | F5: Hips | G5: Arm | H5: Thigh | I5: Note | K5: Last weigh-ins | L5: Weight | M5: Goal
