Workbook

Sheet Dashboard
M1: =Settings!$C$4 | P1: ='Class 1'!AD11
B2: Teaching week | P2: ='Class 1'!AD12
B3: Today's lessons, your classes and the students to watch. | P3: ='Class 1'!AD13
B4: Today | D4: Planned this week | E4: To mark | G4: Students | H4: Below pass | I4: Missing work | J4: Absent this week | P4: ='Class 1'!AD14
B5: =IF(WEEKDAY(TODAY(),2)>5,0,SUMPRODUCT((Timetable!$E$6:$I$15<>"")*(COLUMN(Timetable!$E$6:$I$15)-4=WEEKDAY(TODAY(),2)))) | D5: =COUNTIFS(Lessons!$B$6:$B$505,">="&Settings!$C$6,Lessons!$B$6:$B$505,"<="&(Settings!$C$6+4))&" of "&SUMPRODUCT(--(Timetable!$E$6:$I$15<>"")) | E5: =SUM('Class 1'!H54:AA54)+SUM('Class 2'!H54:AA54)+SUM('Class 3'!H54:AA54)+SUM('Class 4'!H54:AA54)+SUM('Class 5'!H54:AA54)+SUM('Class 6'!H54:AA54) | G5: =COUNTA('Class 1'!B11:B50)+COUNTA('Class 2'!B11:B50)+COUNTA('Class 3'!B11:B50)+COUNTA('Class 4'!B11:B50)+COUNTA('Class 5'!B11:B50)+COUNTA('Class 6'!B11:B50) | H5: =SUM('Class 1'!AE11:AE50)+SUM('Class 2'!AE11:AE50)+SUM('Class 3'!AE11:AE50)+SUM('Class 4'!AE11:AE50)+SUM('Class 5'!AE11:AE50)+SUM('Class 6'!AE11:AE50) | I5: =SUM('Class 1'!E11:E50)+SUM('Class 2'!E11:E50)+SUM('Class 3'!E11:E50)+SUM('Class 4'!E11:E50)+SUM('Class 5'!E11:E50)+SUM('Class 6'!E11:E50) | J5: =COUNTIFS(Absences!$B$6:$B$405,">="&Settings!$C$6,Absences!$B$6:$B$405,"<="&(Settings!$C$6+6),Absences!$E$6:$E$405,"Absent") | P5: ='Class 1'!AD15
P6: ='Class 1'!AD16
B7: Today | C7: Time | D7: Class | E7: Topic | G7: Class | H7: Students | I7: Average | J7: Below pass | P7: ='Class 1'!AD17
B8: 1 | C8: =IF(ISNUMBER(Timetable!C6),HOUR(Timetable!C6)&":"&RIGHT("0"&MINUTE(Timetable!C6),2),"") | D8: =IF(IF(ISNUMBER(N8),INDEX(Lessons!$I$6:$I$505,N8),IF(WEEKDAY(TODAY(),2)>5,"",IF(INDEX(Timetable!$E$6:$I$15,1,WEEKDAY(TODAY(),2))="","",INDEX(Timetable!$E$6:$I$15,1,WEEKDAY(TODAY(),2)))))="","",IF(ISNUMBER(N8),INDEX(Lessons!$I$6:$I$505,N8),IF(WEEKDAY(TODAY(),2)>5,"",IF(INDEX(Timetable!$E$6:$I$15,1,WEEKDAY(TODAY(),2))="","",INDEX(Timetable!$E$6:$I$15,1,WEEKDAY(TODAY(),2)))))) | E8: =IF(ISNUMBER(N8),IF(INDEX(Lessons!$E$6:$E$505,N8)="","",INDEX(Lessons!$E$6:$E$505,N8)),IF(IF(WEEKDAY(TODAY(),2)>5,"",IF(INDEX(Timetable!$E$6:$I$15,1,WEEKDAY(TODAY(),2))="","",INDEX(Timetable!$E$6:$I$15,1,WEEKDAY(TODAY(),2))))="","","Not planned yet")) | G8: =IF(Settings!$C$9="","",Settings!$C$9) | H8: =IF(G8="","",COUNTA('Class 1'!B11:B50)) | I8: =IF(G8="","",'Class 1'!C9) | J8: =IF(G8="","",SUM('Class 1'!AE11:AE50)) | N8: =IFERROR(MATCH(TODAY()*100+1,Lessons!$K$6:$K$505,0),"") | P8: ='Class 1'!AD18
B9: 2 | C9: =IF(ISNUMBER(Timetable!C7),HOUR(Timetable!C7)&":"&RIGHT("0"&MINUTE(Timetable!C7),2),"") | D9: =IF(IF(ISNUMBER(N9),INDEX(Lessons!$I$6:$I$505,N9),IF(WEEKDAY(TODAY(),2)>5,"",IF(INDEX(Timetable!$E$6:$I$15,2,WEEKDAY(TODAY(),2))="","",INDEX(Timetable!$E$6:$I$15,2,WEEKDAY(TODAY(),2)))))="","",IF(ISNUMBER(N9),INDEX(Lessons!$I$6:$I$505,N9),IF(WEEKDAY(TODAY(),2)>5,"",IF(INDEX(Timetable!$E$6:$I$15,2,WEEKDAY(TODAY(),2))="","",INDEX(Timetable!$E$6:$I$15,2,WEEKDAY(TODAY(),2)))))) | E9: =IF(ISNUMBER(N9),IF(INDEX(Lessons!$E$6:$E$505,N9)="","",INDEX(Lessons!$E$6:$E$505,N9)),IF(IF(WEEKDAY(TODAY(),2)>5,"",IF(INDEX(Timetable!$E$6:$I$15,2,WEEKDAY(TODAY(),2))="","",INDEX(Timetable!$E$6:$I$15,2,WEEKDAY(TODAY(),2))))="","","Not planned yet")) | G9: =IF(Settings!$C$10="","",Settings!$C$10) | H9: =IF(G9="","",COUNTA('Class 2'!B11:B50)) | I9: =IF(G9="","",'Class 2'!C9) | J9: =IF(G9="","",SUM('Class 2'!AE11:AE50)) | N9: =IFERROR(MATCH(TODAY()*100+2,Lessons!$K$6:$K$505,0),"") | P9: ='Class 1'!AD19
B10: 3 | C10: =IF(ISNUMBER(Timetable!C8),HOUR(Timetable!C8)&":"&RIGHT("0"&MINUTE(Timetable!C8),2),"") | D10: =IF(IF(ISNUMBER(N10),INDEX(Lessons!$I$6:$I$505,N10),IF(WEEKDAY(TODAY(),2)>5,"",IF(INDEX(Timetable!$E$6:$I$15,3,WEEKDAY(TODAY(),2))="","",INDEX(Timetable!$E$6:$I$15,3,WEEKDAY(TODAY(),2)))))="","",IF(ISNUMBER(N10),INDEX(Lessons!$I$6:$I$505,N10),IF(WEEKDAY(TODAY(),2)>5,"",IF(INDEX(Timetable!$E$6:$I$15,3,WEEKDAY(TODAY(),2))="","",INDEX(Timetable!$E$6:$I$15,3,WEEKDAY(TODAY(),2)))))) | E10: =IF(ISNUMBER(N10),IF(INDEX(Lessons!$E$6:$E$505,N10)="","",INDEX(Lessons!$E$6:$E$505,N10)),IF(IF(WEEKDAY(TODAY(),2)>5,"",IF(INDEX(Timetable!$E$6:$I$15,3,WEEKDAY(TODAY(),2))="","",INDEX(Timetable!$E$6:$I$15,3,WEEKDAY(TODAY(),2))))="","","Not planned yet")) | G10: =IF(Settings!$C$11="","",Settings!$C$11) | H10: =IF(G10="","",COUNTA('Class 3'!B11:B50)) | I10: =IF(G10="","",'Class 3'!C9) | J10: =IF(G10="","",SUM('Class 3'!AE11:AE50)) | N10: =IFERROR(MATCH(TODAY()*100+3,Lessons!$K$6:$K$505,0),"") | P10: ='Class 1'!AD20
B11: 4 | C11: =IF(ISNUMBER(Timetable!C9),HOUR(Timetable!C9)&":"&RIGHT("0"&MINUTE(Timetable!C9),2),"") | D11: =IF(IF(ISNUMBER(N11),INDEX(Lessons!$I$6:$I$505,N11),IF(WEEKDAY(TODAY(),2)>5,"",IF(INDEX(Timetable!$E$6:$I$15,4,WEEKDAY(TODAY(),2))="","",INDEX(Timetable!$E$6:$I$15,4,WEEKDAY(TODAY(),2)))))="","",IF(ISNUMBER(N11),INDEX(Lessons!$I$6:$I$505,N11),IF(WEEKDAY(TODAY(),2)>5,"",IF(INDEX(Timetable!$E$6:$I$15,4,WEEKDAY(TODAY(),2))="","",INDEX(Timetable!$E$6:$I$15,4,WEEKDAY(TODAY(),2)))))) | E11: =IF(ISNUMBER(N11),IF(INDEX(Lessons!$E$6:$E$505,N11)="","",INDEX(Lessons!$E$6:$E$505,N11)),IF(IF(WEEKDAY(TODAY(),2)>5,"",IF(INDEX(Timetable!$E$6:$I$15,4,WEEKDAY(TODAY(),2))="","",INDEX(Timetable!$E$6:$I$15,4,WEEKDAY(TODAY(),2))))="","","Not planned yet")) | G11: =IF(Settings!$C$12="","",Settings!$C$12) | H11: =IF(G11="","",COUNTA('Class 4'!B11:B50)) | I11: =IF(G11="","",'Class 4'!C9) | J11: =IF(G11="","",SUM('Class 4'!AE11:AE50)) | N11: =IFERROR(MATCH(TODAY()*100+4,Lessons!$K$6:$K$505,0),"") | P11: ='Class 1'!AD21
B12: 5 | C12: =IF(ISNUMBER(Timetable!C10),HOUR(Timetable!C10)&":"&RIGHT("0"&MINUTE(Timetable!C10),2),"") | D12: =IF(IF(ISNUMBER(N12),INDEX(Lessons!$I$6:$I$505,N12),IF(WEEKDAY(TODAY(),2)>5,"",IF(INDEX(Timetable!$E$6:$I$15,5,WEEKDAY(TODAY(),2))="","",INDEX(Timetable!$E$6:$I$15,5,WEEKDAY(TODAY(),2)))))="","",IF(ISNUMBER(N12),INDEX(Lessons!$I$6:$I$505,N12),IF(WEEKDAY(TODAY(),2)>5,"",IF(INDEX(Timetable!$E$6:$I$15,5,WEEKDAY(TODAY(),2))="","",INDEX(Timetable!$E$6:$I$15,5,WEEKDAY(TODAY(),2)))))) | E12: =IF(ISNUMBER(N12),IF(INDEX(Lessons!$E$6:$E$505,N12)="","",INDEX(Lessons!$E$6:$E$505,N12)),IF(IF(WEEKDAY(TODAY(),2)>5,"",IF(INDEX(Timetable!$E$6:$I$15,5,WEEKDAY(TODAY(),2))="","",INDEX(Timetable!$E$6:$I$15,5,WEEKDAY(TODAY(),2))))="","","Not planned yet")) | G12: =IF(Settings!$C$13="","",Settings!$C$13) | H12: =IF(G12="","",COUNTA('Class 5'!B11:B50)) | I12: =IF(G12="","",'Class 5'!C9) | J12: =IF(G12="","",SUM('Class 5'!AE11:AE50)) | N12: =IFERROR(MATCH(TODAY()*100+5,Lessons!$K$6:$K$505,0),"") | P12: ='Class 1'!AD22
B13: 6 | C13: =IF(ISNUMBER(Timetable!C11),HOUR(Timetable!C11)&":"&RIGHT("0"&MINUTE(Timetable!C11),2),"") | D13: =IF(IF(ISNUMBER(N13),INDEX(Lessons!$I$6:$I$505,N13),IF(WEEKDAY(TODAY(),2)>5,"",IF(INDEX(Timetable!$E$6:$I$15,6,WEEKDAY(TODAY(),2))="","",INDEX(Timetable!$E$6:$I$15,6,WEEKDAY(TODAY(),2)))))="","",IF(ISNUMBER(N13),INDEX(Lessons!$I$6:$I$505,N13),IF(WEEKDAY(TODAY(),2)>5,"",IF(INDEX(Timetable!$E$6:$I$15,6,WEEKDAY(TODAY(),2))="","",INDEX(Timetable!$E$6:$I$15,6,WEEKDAY(TODAY(),2)))))) | E13: =IF(ISNUMBER(N13),IF(INDEX(Lessons!$E$6:$E$505,N13)="","",INDEX(Lessons!$E$6:$E$505,N13)),IF(IF(WEEKDAY(TODAY(),2)>5,"",IF(INDEX(Timetable!$E$6:$I$15,6,WEEKDAY(TODAY(),2))="","",INDEX(Timetable!$E$6:$I$15,6,WEEKDAY(TODAY(),2))))="","","Not planned yet")) | G13: =IF(Settings!$C$14="","",Settings!$C$14) | H13: =IF(G13="","",COUNTA('Class 6'!B11:B50)) | I13: =IF(G13="","",'Class 6'!C9) | J13: =IF(G13="","",SUM('Class 6'!AE11:AE50)) | N13: =IFERROR(MATCH(TODAY()*100+6,Lessons!$K$6:$K$505,0),"") | P13: ='Class 1'!AD23
B14: 7 | C14: =IF(ISNUMBER(Timetable!C12),HOUR(Timetable!C12)&":"&RIGHT("0"&MINUTE(Timetable!C12),2),"") | D14: =IF(IF(ISNUMBER(N14),INDEX(Lessons!$I$6:$I$505,N14),IF(WEEKDAY(TODAY(),2)>5,"",IF(INDEX(Timetable!$E$6:$I$15,7,WEEKDAY(TODAY(),2))="","",INDEX(Timetable!$E$6:$I$15,7,WEEKDAY(TODAY(),2)))))="","",IF(ISNUMBER(N14),INDEX(Lessons!$I$6:$I$505,N14),IF(WEEKDAY(TODAY(),2)>5,"",IF(INDEX(Timetable!$E$6:$I$15,7,WEEKDAY(TODAY(),2))="","",INDEX(Timetable!$E$6:$I$15,7,WEEKDAY(TODAY(),2)))))) | E14: =IF(ISNUMBER(N14),IF(INDEX(Lessons!$E$6:$E$505,N14)="","",INDEX(Lessons!$E$6:$E$505,N14)),IF(IF(WEEKDAY(TODAY(),2)>5,"",IF(INDEX(Timetable!$E$6:$I$15,7,WEEKDAY(TODAY(),2))="","",INDEX(Timetable!$E$6:$I$15,7,WEEKDAY(TODAY(),2))))="","","Not planned yet")) | N14: =IFERROR(MATCH(TODAY()*100+7,Lessons!$K$6:$K$505,0),"") | P14: ='Class 1'!AD24
B15: 8 | C15: =IF(ISNUMBER(Timetable!C13),HOUR(Timetable!C13)&":"&RIGHT("0"&MINUTE(Timetable!C13),2),"") | D15: =IF(IF(ISNUMBER(N15),INDEX(Lessons!$I$6:$I$505,N15),IF(WEEKDAY(TODAY(),2)>5,"",IF(INDEX(Timetable!$E$6:$I$15,8,WEEKDAY(TODAY(),2))="","",INDEX(Timetable!$E$6:$I$15,8,WEEKDAY(TODAY(),2)))))="","",IF(ISNUMBER(N15),INDEX(Lessons!$I$6:$I$505,N15),IF(WEEKDAY(TODAY(),2)>5,"",IF(INDEX(Timetable!$E$6:$I$15,8,WEEKDAY(TODAY(),2))="","",INDEX(Timetable!$E$6:$I$15,8,WEEKDAY(TODAY(),2)))))) | E15: =IF(ISNUMBER(N15),IF(INDEX(Lessons!$E$6:$E$505,N15)="","",INDEX(Lessons!$E$6:$E$505,N15)),IF(IF(WEEKDAY(TODAY(),2)>5,"",IF(INDEX(Timetable!$E$6:$I$15,8,WEEKDAY(TODAY(),2))="","",INDEX(Timetable!$E$6:$I$15,8,WEEKDAY(TODAY(),2))))="","","Not planned yet")) | G15: Students to watch | H15: Class | I15: Average | J15: Absent | N15: =IFERROR(MATCH(TODAY()*100+8,Lessons!$K$6:$K$505,0),"") | P15: ='Class 1'!AD25
B16: 9 | C16: =IF(ISNUMBER(Timetable!C14),HOUR(Timetable!C14)&":"&RIGHT("0"&MINUTE(Timetable!C14),2),"") | D16: =IF(IF(ISNUMBER(N16),INDEX(Lessons!$I$6:$I$505,N16),IF(WEEKDAY(TODAY(),2)>5,"",IF(INDEX(Timetable!$E$6:$I$15,9,WEEKDAY(TODAY(),2))="","",INDEX(Timetable!$E$6:$I$15,9,WEEKDAY(TODAY(),2)))))="","",IF(ISNUMBER(N16),INDEX(Lessons!$I$6:$I$505,N16),IF(WEEKDAY(TODAY(),2)>5,"",IF(INDEX(Timetable!$E$6:$I$15,9,WEEKDAY(TODAY(),2))="","",INDEX(Timetable!$E$6:$I$15,9,WEEKDAY(TODAY(),2)))))) | E16: =IF(ISNUMBER(N16),IF(INDEX(Lessons!$E$6:$E$505,N16)="","",INDEX(Lessons!$E$6:$E$505,N16)),IF(IF(WEEKDAY(TODAY(),2)>5,"",IF(INDEX(Timetable!$E$6:$I$15,9,WEEKDAY(TODAY(),2))="","",INDEX(Timetable!$E$6:$I$15,9,WEEKDAY(TODAY(),2))))="","","Not planned yet")) | G16: =IF(O16="","",CHOOSE(INT(MOD(O16,1000)/100),INDEX('Class 1'!$B$1:$B$50,MOD(O16,100)+10),INDEX('Class 2'!$B$1:$B$50,MOD(O16,100)+10),INDEX('Class 3'!$B$1:$B$50,MOD(O16,100)+10),INDEX('Class 4'!$B$1:$B$50,MOD(O16,100)+10),INDEX('Class 5'!$B$1:$B$50,MOD(O16,100)+10),INDEX('Class 6'!$B$1:$B$50,MOD(O16,100)+10))) | H16: =IF(O16="","",IF(CHOOSE(INT(MOD(O16,1000)/100),Settings!$C$9,Settings!$C$10,Settings!$C$11,Settings!$C$12,Settings!$C$13,Settings!$C$14)="","",CHOOSE(INT(MOD(O16,1000)/100),Settings!$C$9,Settings!$C$10,Settings!$C$11,Settings!$C$12,Settings!$C$13,Settings!$C$14))) | I16: =IF(O16="","",CHOOSE(INT(MOD(O16,1000)/100),INDEX('Class 1'!$C$1:$C$50,MOD(O16,100)+10),INDEX('Class 2'!$C$1:$C$50,MOD(O16,100)+10),INDEX('Class 3'!$C$1:$C$50,MOD(O16,100)+10),INDEX('Class 4'!$C$1:$C$50,MOD(O16,100)+10),INDEX('Class 5'!$C$1:$C$50,MOD(O16,100)+10),INDEX('Class 6'!$C$1:$C$50,MOD(O16,100)+10))) | J16: =IF(O16="","",CHOOSE(INT(MOD(O16,1000)/100),INDEX('Class 1'!$F$1:$F$50,MOD(O16,100)+10),INDEX('Class 2'!$F$1:$F$50,MOD(O16,100)+10),INDEX('Class 3'!$F$1:$F$50,MOD(O16,100)+10),INDEX('Class 4'!$F$1:$F$50,MOD(O16,100)+10),INDEX('Class 5'!$F$1:$F$50,MOD(O16,100)+10),INDEX('Class 6'!$F$1:$F$50,MOD(O16,100)+10))) | N16: =IFERROR(MATCH(TODAY()*100+9,Lessons!$K$6:$K$505,0),"") | O16: =IFERROR(SMALL($P$1:$P$240,1),"") | P16: ='Class 1'!AD26
B17: 10 | C17: =IF(ISNUMBER(Timetable!C15),HOUR(Timetable!C15)&":"&RIGHT("0"&MINUTE(Timetable!C15),2),"") | D17: =IF(IF(ISNUMBER(N17),INDEX(Lessons!$I$6:$I$505,N17),IF(WEEKDAY(TODAY(),2)>5,"",IF(INDEX(Timetable!$E$6:$I$15,10,WEEKDAY(TODAY(),2))="","",INDEX(Timetable!$E$6:$I$15,10,WEEKDAY(TODAY(),2)))))="","",IF(ISNUMBER(N17),INDEX(Lessons!$I$6:$I$505,N17),IF(WEEKDAY(TODAY(),2)>5,"",IF(INDEX(Timetable!$E$6:$I$15,10,WEEKDAY(TODAY(),2))="","",INDEX(Timetable!$E$6:$I$15,10,WEEKDAY(TODAY(),2)))))) | E17: =IF(ISNUMBER(N17),IF(INDEX(Lessons!$E$6:$E$505,N17)="","",INDEX(Lessons!$E$6:$E$505,N17)),IF(IF(WEEKDAY(TODAY(),2)>5,"",IF(INDEX(Timetable!$E$6:$I$15,10,WEEKDAY(TODAY(),2))="","",INDEX(Timetable!$E$6:$I$15,10,WEEKDAY(TODAY(),2))))="","","Not planned yet")) | G17: =IF(O17="","",CHOOSE(INT(MOD(O17,1000)/100),INDEX('Class 1'!$B$1:$B$50,MOD(O17,100)+10),INDEX('Class 2'!$B$1:$B$50,MOD(O17,100)+10),INDEX('Class 3'!$B$1:$B$50,MOD(O17,100)+10),INDEX('Class 4'!$B$1:$B$50,MOD(O17,100)+10),INDEX('Class 5'!$B$1:$B$50,MOD(O17,100)+10),INDEX('Class 6'!$B$1:$B$50,MOD(O17,100)+10))) | H17: =IF(O17="","",IF(CHOOSE(INT(MOD(O17,1000)/100),Settings!$C$9,Settings!$C$10,Settings!$C$11,Settings!$C$12,Settings!$C$13,Settings!$C$14)="","",CHOOSE(INT(MOD(O17,1000)/100),Settings!$C$9,Settings!$C$10,Settings!$C$11,Settings!$C$12,Settings!$C$13,Settings!$C$14))) | I17: =IF(O17="","",CHOOSE(INT(MOD(O17,1000)/100),INDEX('Class 1'!$C$1:$C$50,MOD(O17,100)+10),INDEX('Class 2'!$C$1:$C$50,MOD(O17,100)+10),INDEX('Class 3'!$C$1:$C$50,MOD(O17,100)+10),INDEX('Class 4'!$C$1:$C$50,MOD(O17,100)+10),INDEX('Class 5'!$C$1:$C$50,MOD(O17,100)+10),INDEX('Class 6'!$C$1:$C$50,MOD(O17,100)+10))) | J17: =IF(O17="","",CHOOSE(INT(MOD(O17,1000)/100),INDEX('Class 1'!$F$1:$F$50,MOD(O17,100)+10),INDEX('Class 2'!$F$1:$F$50,MOD(O17,100)+10),INDEX('Class 3'!$F$1:$F$50,MOD(O17,100)+10),INDEX('Class 4'!$F$1:$F$50,MOD(O17,100)+10),INDEX('Class 5'!$F$1:$F$50,MOD(O17,100)+10),INDEX('Class 6'!$F$1:$F$50,MOD(O17,100)+10))) | N17: =IFERROR(MATCH(TODAY()*100+10,Lessons!$K$6:$K$505,0),"") | O17: =IFERROR(SMALL($P$1:$P$240,2),"") | P17: ='Class 1'!AD27
G18: =IF(O18="","",CHOOSE(INT(MOD(O18,1000)/100),INDEX('Class 1'!$B$1:$B$50,MOD(O18,100)+10),INDEX('Class 2'!$B$1:$B$50,MOD(O18,100)+10),INDEX('Class 3'!$B$1:$B$50,MOD(O18,100)+10),INDEX('Class 4'!$B$1:$B$50,MOD(O18,100)+10),INDEX('Class 5'!$B$1:$B$50,MOD(O18,100)+10),INDEX('Class 6'!$B$1:$B$50,MOD(O18,100)+10))) | H18: =IF(O18="","",IF(CHOOSE(INT(MOD(O18,1000)/100),Settings!$C$9,Settings!$C$10,Settings!$C$11,Settings!$C$12,Settings!$C$13,Settings!$C$14)="","",CHOOSE(INT(MOD(O18,1000)/100),Settings!$C$9,Settings!$C$10,Settings!$C$11,Settings!$C$12,Settings!$C$13,Settings!$C$14))) | I18: =IF(O18="","",CHOOSE(INT(MOD(O18,1000)/100),INDEX('Class 1'!$C$1:$C$50,MOD(O18,100)+10),INDEX('Class 2'!$C$1:$C$50,MOD(O18,100)+10),INDEX('Class 3'!$C$1:$C$50,MOD(O18,100)+10),INDEX('Class 4'!$C$1:$C$50,MOD(O18,100)+10),INDEX('Class 5'!$C$1:$C$50,MOD(O18,100)+10),INDEX('Class 6'!$C$1:$C$50,MOD(O18,100)+10))) | J18: =IF(O18="","",CHOOSE(INT(MOD(O18,1000)/100),INDEX('Class 1'!$F$1:$F$50,MOD(O18,100)+10),INDEX('Class 2'!$F$1:$F$50,MOD(O18,100)+10),INDEX('Class 3'!$F$1:$F$50,MOD(O18,100)+10),INDEX('Class 4'!$F$1:$F$50,MOD(O18,100)+10),INDEX('Class 5'!$F$1:$F$50,MOD(O18,100)+10),INDEX('Class 6'!$F$1:$F$50,MOD(O18,100)+10))) | O18: =IFERROR(SMALL($P$1:$P$240,3),"") | P18: ='Class 1'!AD28
G19: =IF(O19="","",CHOOSE(INT(MOD(O19,1000)/100),INDEX('Class 1'!$B$1:$B$50,MOD(O19,100)+10),INDEX('Class 2'!$B$1:$B$50,MOD(O19,100)+10),INDEX('Class 3'!$B$1:$B$50,MOD(O19,100)+10),INDEX('Class 4'!$B$1:$B$50,MOD(O19,100)+10),INDEX('Class 5'!$B$1:$B$50,MOD(O19,100)+10),INDEX('Class 6'!$B$1:$B$50,MOD(O19,100)+10))) | H19: =IF(O19="","",IF(CHOOSE(INT(MOD(O19,1000)/100),Settings!$C$9,Settings!$C$10,Settings!$C$11,Settings!$C$12,Settings!$C$13,Settings!$C$14)="","",CHOOSE(INT(MOD(O19,1000)/100),Settings!$C$9,Settings!$C$10,Settings!$C$11,Settings!$C$12,Settings!$C$13,Settings!$C$14))) | I19: =IF(O19="","",CHOOSE(INT(MOD(O19,1000)/100),INDEX('Class 1'!$C$1:$C$50,MOD(O19,100)+10),INDEX('Class 2'!$C$1:$C$50,MOD(O19,100)+10),INDEX('Class 3'!$C$1:$C$50,MOD(O19,100)+10),INDEX('Class 4'!$C$1:$C$50,MOD(O19,100)+10),INDEX('Class 5'!$C$1:$C$50,MOD(O19,100)+10),INDEX('Class 6'!$C$1:$C$50,MOD(O19,100)+10))) | J19: =IF(O19="","",CHOOSE(INT(MOD(O19,1000)/100),INDEX('Class 1'!$F$1:$F$50,MOD(O19,100)+10),INDEX('Class 2'!$F$1:$F$50,MOD(O19,100)+10),INDEX('Class 3'!$F$1:$F$50,MOD(O19,100)+10),INDEX('Class 4'!$F$1:$F$50,MOD(O19,100)+10),INDEX('Class 5'!$F$1:$F$50,MOD(O19,100)+10),INDEX('Class 6'!$F$1:$F$50,MOD(O19,100)+10))) | O19: =IFERROR(SMALL($P$1:$P$240,4),"") | P19: ='Class 1'!AD29
G20: =IF(O20="","",CHOOSE(INT(MOD(O20,1000)/100),INDEX('Class 1'!$B$1:$B$50,MOD(O20,100)+10),INDEX('Class 2'!$B$1:$B$50,MOD(O20,100)+10),INDEX('Class 3'!$B$1:$B$50,MOD(O20,100)+10),INDEX('Class 4'!$B$1:$B$50,MOD(O20,100)+10),INDEX('Class 5'!$B$1:$B$50,MOD(O20,100)+10),INDEX('Class 6'!$B$1:$B$50,MOD(O20,100)+10))) | H20: =IF(O20="","",IF(CHOOSE(INT(MOD(O20,1000)/100),Settings!$C$9,Settings!$C$10,Settings!$C$11,Settings!$C$12,Settings!$C$13,Settings!$C$14)="","",CHOOSE(INT(MOD(O20,1000)/100),Settings!$C$9,Settings!$C$10,Settings!$C$11,Settings!$C$12,Settings!$C$13,Settings!$C$14))) | I20: =IF(O20="","",CHOOSE(INT(MOD(O20,1000)/100),INDEX('Class 1'!$C$1:$C$50,MOD(O20,100)+10),INDEX('Class 2'!$C$1:$C$50,MOD(O20,100)+10),INDEX('Class 3'!$C$1:$C$50,MOD(O20,100)+10),INDEX('Class 4'!$C$1:$C$50,MOD(O20,100)+10),INDEX('Class 5'!$C$1:$C$50,MOD(O20,100)+10),INDEX('Class 6'!$C$1:$C$50,MOD(O20,100)+10))) | J20: =IF(O20="","",CHOOSE(INT(MOD(O20,1000)/100),INDEX('Class 1'!$F$1:$F$50,MOD(O20,100)+10),INDEX('Class 2'!$F$1:$F$50,MOD(O20,100)+10),INDEX('Class 3'!$F$1:$F$50,MOD(O20,100)+10),INDEX('Class 4'!$F$1:$F$50,MOD(O20,100)+10),INDEX('Class 5'!$F$1:$F$50,MOD(O20,100)+10),INDEX('Class 6'!$F$1:$F$50,MOD(O20,100)+10))) | O20: =IFERROR(SMALL($P$1:$P$240,5),"") | P20: ='Class 1'!AD30
G21: =IF(O21="","",CHOOSE(INT(MOD(O21,1000)/100),INDEX('Class 1'!$B$1:$B$50,MOD(O21,100)+10),INDEX('Class 2'!$B$1:$B$50,MOD(O21,100)+10),INDEX('Class 3'!$B$1:$B$50,MOD(O21,100)+10),INDEX('Class 4'!$B$1:$B$50,MOD(O21,100)+10),INDEX('Class 5'!$B$1:$B$50,MOD(O21,100)+10),INDEX('Class 6'!$B$1:$B$50,MOD(O21,100)+10))) | H21: =IF(O21="","",IF(CHOOSE(INT(MOD(O21,1000)/100),Settings!$C$9,Settings!$C$10,Settings!$C$11,Settings!$C$12,Settings!$C$13,Settings!$C$14)="","",CHOOSE(INT(MOD(O21,1000)/100),Settings!$C$9,Settings!$C$10,Settings!$C$11,Settings!$C$12,Settings!$C$13,Settings!$C$14))) | I21: =IF(O21="","",CHOOSE(INT(MOD(O21,1000)/100),INDEX('Class 1'!$C$1:$C$50,MOD(O21,100)+10),INDEX('Class 2'!$C$1:$C$50,MOD(O21,100)+10),INDEX('Class 3'!$C$1:$C$50,MOD(O21,100)+10),INDEX('Class 4'!$C$1:$C$50,MOD(O21,100)+10),INDEX('Class 5'!$C$1:$C$50,MOD(O21,100)+10),INDEX('Class 6'!$C$1:$C$50,MOD(O21,100)+10))) | J21: =IF(O21="","",CHOOSE(INT(MOD(O21,1000)/100),INDEX('Class 1'!$F$1:$F$50,MOD(O21,100)+10),INDEX('Class 2'!$F$1:$F$50,MOD(O21,100)+10),INDEX('Class 3'!$F$1:$F$50,MOD(O21,100)+10),INDEX('Class 4'!$F$1:$F$50,MOD(O21,100)+10),INDEX('Class 5'!$F$1:$F$50,MOD(O21,100)+10),INDEX('Class 6'!$F$1:$F$50,MOD(O21,100)+10))) | O21: =IFERROR(SMALL($P$1:$P$240,6),"") | P21: ='Class 1'!AD31
G22: =IF(O22="","",CHOOSE(INT(MOD(O22,1000)/100),INDEX('Class 1'!$B$1:$B$50,MOD(O22,100)+10),INDEX('Class 2'!$B$1:$B$50,MOD(O22,100)+10),INDEX('Class 3'!$B$1:$B$50,MOD(O22,100)+10),INDEX('Class 4'!$B$1:$B$50,MOD(O22,100)+10),INDEX('Class 5'!$B$1:$B$50,MOD(O22,100)+10),INDEX('Class 6'!$B$1:$B$50,MOD(O22,100)+10))) | H22: =IF(O22="","",IF(CHOOSE(INT(MOD(O22,1000)/100),Settings!$C$9,Settings!$C$10,Settings!$C$11,Settings!$C$12,Settings!$C$13,Settings!$C$14)="","",CHOOSE(INT(MOD(O22,1000)/100),Settings!$C$9,Settings!$C$10,Settings!$C$11,Settings!$C$12,Settings!$C$13,Settings!$C$14))) | I22: =IF(O22="","",CHOOSE(INT(MOD(O22,1000)/100),INDEX('Class 1'!$C$1:$C$50,MOD(O22,100)+10),INDEX('Class 2'!$C$1:$C$50,MOD(O22,100)+10),INDEX('Class 3'!$C$1:$C$50,MOD(O22,100)+10),INDEX('Class 4'!$C$1:$C$50,MOD(O22,100)+10),INDEX('Class 5'!$C$1:$C$50,MOD(O22,100)+10),INDEX('Class 6'!$C$1:$C$50,MOD(O22,100)+10))) | J22: =IF(O22="","",CHOOSE(INT(MOD(O22,1000)/100),INDEX('Class 1'!$F$1:$F$50,MOD(O22,100)+10),INDEX('Class 2'!$F$1:$F$50,MOD(O22,100)+10),INDEX('Class 3'!$F$1:$F$50,MOD(O22,100)+10),INDEX('Class 4'!$F$1:$F$50,MOD(O22,100)+10),INDEX('Class 5'!$F$1:$F$50,MOD(O22,100)+10),INDEX('Class 6'!$F$1:$F$50,MOD(O22,100)+10))) | O22: =IFERROR(SMALL($P$1:$P$240,7),"") | P22: ='Class 1'!AD32
G23: =IF(O23="","",CHOOSE(INT(MOD(O23,1000)/100),INDEX('Class 1'!$B$1:$B$50,MOD(O23,100)+10),INDEX('Class 2'!$B$1:$B$50,MOD(O23,100)+10),INDEX('Class 3'!$B$1:$B$50,MOD(O23,100)+10),INDEX('Class 4'!$B$1:$B$50,MOD(O23,100)+10),INDEX('Class 5'!$B$1:$B$50,MOD(O23,100)+10),INDEX('Class 6'!$B$1:$B$50,MOD(O23,100)+10))) | H23: =IF(O23="","",IF(CHOOSE(INT(MOD(O23,1000)/100),Settings!$C$9,Settings!$C$10,Settings!$C$11,Settings!$C$12,Settings!$C$13,Settings!$C$14)="","",CHOOSE(INT(MOD(O23,1000)/100),Settings!$C$9,Settings!$C$10,Settings!$C$11,Settings!$C$12,Settings!$C$13,Settings!$C$14))) | I23: =IF(O23="","",CHOOSE(INT(MOD(O23,1000)/100),INDEX('Class 1'!$C$1:$C$50,MOD(O23,100)+10),INDEX('Class 2'!$C$1:$C$50,MOD(O23,100)+10),INDEX('Class 3'!$C$1:$C$50,MOD(O23,100)+10),INDEX('Class 4'!$C$1:$C$50,MOD(O23,100)+10),INDEX('Class 5'!$C$1:$C$50,MOD(O23,100)+10),INDEX('Class 6'!$C$1:$C$50,MOD(O23,100)+10))) | J23: =IF(O23="","",CHOOSE(INT(MOD(O23,1000)/100),INDEX('Class 1'!$F$1:$F$50,MOD(O23,100)+10),INDEX('Class 2'!$F$1:$F$50,MOD(O23,100)+10),INDEX('Class 3'!$F$1:$F$50,MOD(O23,100)+10),INDEX('Class 4'!$F$1:$F$50,MOD(O23,100)+10),INDEX('Class 5'!$F$1:$F$50,MOD(O23,100)+10),INDEX('Class 6'!$F$1:$F$50,MOD(O23,100)+10))) | O23: =IFERROR(SMALL($P$1:$P$240,8),"") | P23: ='Class 1'!AD33
P24: ='Class 1'!AD34
P25: ='Class 1'!AD35
P26: ='Class 1'!AD36
P27: ='Class 1'!AD37
P28: ='Class 1'!AD38
P29: ='Class 1'!AD39
P30: ='Class 1'!AD40
P31: ='Class 1'!AD41
P32: ='Class 1'!AD42
P33: ='Class 1'!AD43
P34: ='Class 1'!AD44
P35: ='Class 1'!AD45
... P40: ='Class 1'!AD50
P41: ='Class 2'!AD11
P42: ='Class 2'!AD12
P43: ='Class 2'!AD13
P44: ='Class 2'!AD14
P45: ='Class 2'!AD15
P46: ='Class 2'!AD16
P47: ='Class 2'!AD17
P48: ='Class 2'!AD18
P49: ='Class 2'!AD19
P50: ='Class 2'!AD20
P51: ='Class 2'!AD21
P52: ='Class 2'!AD22
... P80: ='Class 2'!AD50
P81: ='Class 3'!AD11
P82: ='Class 3'!AD12
P83: ='Class 3'!AD13
P84: ='Class 3'!AD14
P85: ='Class 3'!AD15
P86: ='Class 3'!AD16
P87: ='Class 3'!AD17
P88: ='Class 3'!AD18
P89: ='Class 3'!AD19
P90: ='Class 3'!AD20
P91: ='Class 3'!AD21
P92: ='Class 3'!AD22
... P120: ='Class 3'!AD50
P121: ='Class 4'!AD11
P122: ='Class 4'!AD12
P123: ='Class 4'!AD13
P124: ='Class 4'!AD14
P125: ='Class 4'!AD15
P126: ='Class 4'!AD16
P127: ='Class 4'!AD17
P128: ='Class 4'!AD18
P129: ='Class 4'!AD19
P130: ='Class 4'!AD20
P131: ='Class 4'!AD21
P132: ='Class 4'!AD22
... P160: ='Class 4'!AD50
P161: ='Class 5'!AD11
P162: ='Class 5'!AD12
P163: ='Class 5'!AD13
P164: ='Class 5'!AD14
P165: ='Class 5'!AD15
P166: ='Class 5'!AD16
P167: ='Class 5'!AD17
P168: ='Class 5'!AD18
P169: ='Class 5'!AD19
P170: ='Class 5'!AD20
P171: ='Class 5'!AD21
P172: ='Class 5'!AD22
... P200: ='Class 5'!AD50
P201: ='Class 6'!AD11
P202: ='Class 6'!AD12
P203: ='Class 6'!AD13
P204: ='Class 6'!AD14
P205: ='Class 6'!AD15
P206: ='Class 6'!AD16
P207: ='Class 6'!AD17
P208: ='Class 6'!AD18
P209: ='Class 6'!AD19
P210: ='Class 6'!AD20
P211: ='Class 6'!AD21
P212: ='Class 6'!AD22
...

Sheet Week
B2: ="Week of "&DAY(Settings!$C$6)&" "&CHOOSE(MONTH(Settings!$C$6),"Jan","Feb","Mar","Apr","May","Jun","Jul","Aug","Sep","Oct","Nov","Dec")&" to "&DAY((Settings!$C$6+4))&" "&CHOOSE(MONTH((Settings!$C$6+4)),"Jan","Feb","Mar","Apr","May","Jun","Jul","Aug","Sep","Oct","Nov","Dec")
B3: The class and topic of each lesson. Shaded: a lesson on the timetable with no plan yet.
B5: Period | C5: Time | D5: ="Mon "&DAY(Settings!$C$6+0) | E5: ="Tue "&DAY(Settings!$C$6+1) | F5: ="Wed "&DAY(Settings!$C$6+2) | G5: ="Thu "&DAY(Settings!$C$6+3) | H5: ="Fri "&DAY(Settings!$C$6+4)
B6: 1 | C6: =IF(ISNUMBER(Timetable!C6),HOUR(Timetable!C6)&":"&RIGHT("0"&MINUTE(Timetable!C6),2),"") | D6: =IF(IF(ISNUMBER(M6),INDEX(Lessons!$I$6:$I$505,M6),IF(INDEX(Timetable!$E$6:$I$15,1,1)="","",INDEX(Timetable!$E$6:$I$15,1,1)))="","",IF(ISNUMBER(M6),INDEX(Lessons!$I$6:$I$505,M6),IF(INDEX(Timetable!$E$6:$I$15,1,1)="","",INDEX(Timetable!$E$6:$I$15,1,1)))&IF(IF(ISNUMBER(M6),INDEX(Lessons!$E$6:$E$505,M6),"")="","",CHAR(10)&IF(ISNUMBER(M6),INDEX(Lessons!$E$6:$E$505,M6),""))) | E6: =IF(IF(ISNUMBER(N6),INDEX(Lessons!$I$6:$I$505,N6),IF(INDEX(Timetable!$E$6:$I$15,1,2)="","",INDEX(Timetable!$E$6:$I$15,1,2)))="","",IF(ISNUMBER(N6),INDEX(Lessons!$I$6:$I$505,N6),IF(INDEX(Timetable!$E$6:$I$15,1,2)="","",INDEX(Timetable!$E$6:$I$15,1,2)))&IF(IF(ISNUMBER(N6),INDEX(Lessons!$E$6:$E$505,N6),"")="","",CHAR(10)&IF(ISNUMBER(N6),INDEX(Lessons!$E$6:$E$505,N6),""))) | F6: =IF(IF(ISNUMBER(O6),INDEX(Lessons!$I$6:$I$505,O6),IF(INDEX(Timetable!$E$6:$I$15,1,3)="","",INDEX(Timetable!$E$6:$I$15,1,3)))="","",IF(ISNUMBER(O6),INDEX(Lessons!$I$6:$I$505,O6),IF(INDEX(Timetable!$E$6:$I$15,1,3)="","",INDEX(Timetable!$E$6:$I$15,1,3)))&IF(IF(ISNUMBER(O6),INDEX(Lessons!$E$6:$E$505,O6),"")="","",CHAR(10)&IF(ISNUMBER(O6),INDEX(Lessons!$E$6:$E$505,O6),""))) | G6: =IF(IF(ISNUMBER(P6),INDEX(Lessons!$I$6:$I$505,P6),IF(INDEX(Timetable!$E$6:$I$15,1,4)="","",INDEX(Timetable!$E$6:$I$15,1,4)))="","",IF(ISNUMBER(P6),INDEX(Lessons!$I$6:$I$505,P6),IF(INDEX(Timetable!$E$6:$I$15,1,4)="","",INDEX(Timetable!$E$6:$I$15,1,4)))&IF(IF(ISNUMBER(P6),INDEX(Lessons!$E$6:$E$505,P6),"")="","",CHAR(10)&IF(ISNUMBER(P6),INDEX(Lessons!$E$6:$E$505,P6),""))) | H6: =IF(IF(ISNUMBER(Q6),INDEX(Lessons!$I$6:$I$505,Q6),IF(INDEX(Timetable!$E$6:$I$15,1,5)="","",INDEX(Timetable!$E$6:$I$15,1,5)))="","",IF(ISNUMBER(Q6),INDEX(Lessons!$I$6:$I$505,Q6),IF(INDEX(Timetable!$E$6:$I$15,1,5)="","",INDEX(Timetable!$E$6:$I$15,1,5)))&IF(IF(ISNUMBER(Q6),INDEX(Lessons!$E$6:$E$505,Q6),"")="","",CHAR(10)&IF(ISNUMBER(Q6),INDEX(Lessons!$E$6:$E$505,Q6),""))) | M6: =IFERROR(MATCH((Settings!$C$6+0)*100+1,Lessons!$K$6:$K$505,0),"") | N6: =IFERROR(MATCH((Settings!$C$6+1)*100+1,Lessons!$K$6:$K$505,0),"") | O6: =IFERROR(MATCH((Settings!$C$6+2)*100+1,Lessons!$K$6:$K$505,0),"") | P6: =IFERROR(MATCH((Settings!$C$6+3)*100+1,Lessons!$K$6:$K$505,0),"") | Q6: =IFERROR(MATCH((Settings!$C$6+4)*100+1,Lessons!$K$6:$K$505,0),"") | R6: =IF(AND(NOT(ISNUMBER(M6)),IF(INDEX(Timetable!$E$6:$I$15,1,1)="","",INDEX(Timetable!$E$6:$I$15,1,1))<>""),1,0) | S6: =IF(AND(NOT(ISNUMBER(N6)),IF(INDEX(Timetable!$E$6:$I$15,1,2)="","",INDEX(Timetable!$E$6:$I$15,1,2))<>""),1,0) | T6: =IF(AND(NOT(ISNUMBER(O6)),IF(INDEX(Timetable!$E$6:$I$15,1,3)="","",INDEX(Timetable!$E$6:$I$15,1,3))<>""),1,0) | U6: =IF(AND(NOT(ISNUMBER(P6)),IF(INDEX(Timetable!$E$6:$I$15,1,4)="","",INDEX(Timetable!$E$6:$I$15,1,4))<>""),1,0) | V6: =IF(AND(NOT(ISNUMBER(Q6)),IF(INDEX(Timetable!$E$6:$I$15,1,5)="","",INDEX(Timetable!$E$6:$I$15,1,5))<>""),1,0)
B7: 2 | C7: =IF(ISNUMBER(Timetable!C7),HOUR(Timetable!C7)&":"&RIGHT("0"&MINUTE(Timetable!C7),2),"") | D7: =IF(IF(ISNUMBER(M7),INDEX(Lessons!$I$6:$I$505,M7),IF(INDEX(Timetable!$E$6:$I$15,2,1)="","",INDEX(Timetable!$E$6:$I$15,2,1)))="","",IF(ISNUMBER(M7),INDEX(Lessons!$I$6:$I$505,M7),IF(INDEX(Timetable!$E$6:$I$15,2,1)="","",INDEX(Timetable!$E$6:$I$15,2,1)))&IF(IF(ISNUMBER(M7),INDEX(Lessons!$E$6:$E$505,M7),"")="","",CHAR(10)&IF(ISNUMBER(M7),INDEX(Lessons!$E$6:$E$505,M7),""))) | E7: =IF(IF(ISNUMBER(N7),INDEX(Lessons!$I$6:$I$505,N7),IF(INDEX(Timetable!$E$6:$I$15,2,2)="","",INDEX(Timetable!$E$6:$I$15,2,2)))="","",IF(ISNUMBER(N7),INDEX(Lessons!$I$6:$I$505,N7),IF(INDEX(Timetable!$E$6:$I$15,2,2)="","",INDEX(Timetable!$E$6:$I$15,2,2)))&IF(IF(ISNUMBER(N7),INDEX(Lessons!$E$6:$E$505,N7),"")="","",CHAR(10)&IF(ISNUMBER(N7),INDEX(Lessons!$E$6:$E$505,N7),""))) | F7: =IF(IF(ISNUMBER(O7),INDEX(Lessons!$I$6:$I$505,O7),IF(INDEX(Timetable!$E$6:$I$15,2,3)="","",INDEX(Timetable!$E$6:$I$15,2,3)))="","",IF(ISNUMBER(O7),INDEX(Lessons!$I$6:$I$505,O7),IF(INDEX(Timetable!$E$6:$I$15,2,3)="","",INDEX(Timetable!$E$6:$I$15,2,3)))&IF(IF(ISNUMBER(O7),INDEX(Lessons!$E$6:$E$505,O7),"")="","",CHAR(10)&IF(ISNUMBER(O7),INDEX(Lessons!$E$6:$E$505,O7),""))) | G7: =IF(IF(ISNUMBER(P7),INDEX(Lessons!$I$6:$I$505,P7),IF(INDEX(Timetable!$E$6:$I$15,2,4)="","",INDEX(Timetable!$E$6:$I$15,2,4)))="","",IF(ISNUMBER(P7),INDEX(Lessons!$I$6:$I$505,P7),IF(INDEX(Timetable!$E$6:$I$15,2,4)="","",INDEX(Timetable!$E$6:$I$15,2,4)))&IF(IF(ISNUMBER(P7),INDEX(Lessons!$E$6:$E$505,P7),"")="","",CHAR(10)&IF(ISNUMBER(P7),INDEX(Lessons!$E$6:$E$505,P7),""))) | H7: =IF(IF(ISNUMBER(Q7),INDEX(Lessons!$I$6:$I$505,Q7),IF(INDEX(Timetable!$E$6:$I$15,2,5)="","",INDEX(Timetable!$E$6:$I$15,2,5)))="","",IF(ISNUMBER(Q7),INDEX(Lessons!$I$6:$I$505,Q7),IF(INDEX(Timetable!$E$6:$I$15,2,5)="","",INDEX(Timetable!$E$6:$I$15,2,5)))&IF(IF(ISNUMBER(Q7),INDEX(Lessons!$E$6:$E$505,Q7),"")="","",CHAR(10)&IF(ISNUMBER(Q7),INDEX(Lessons!$E$6:$E$505,Q7),""))) | M7: =IFERROR(MATCH((Settings!$C$6+0)*100+2,Lessons!$K$6:$K$505,0),"") | N7: =IFERROR(MATCH((Settings!$C$6+1)*100+2,Lessons!$K$6:$K$505,0),"") | O7: =IFERROR(MATCH((Settings!$C$6+2)*100+2,Lessons!$K$6:$K$505,0),"") | P7: =IFERROR(MATCH((Settings!$C$6+3)*100+2,Lessons!$K$6:$K$505,0),"") | Q7: =IFERROR(MATCH((Settings!$C$6+4)*100+2,Lessons!$K$6:$K$505,0),"") | R7: =IF(AND(NOT(ISNUMBER(M7)),IF(INDEX(Timetable!$E$6:$I$15,2,1)="","",INDEX(Timetable!$E$6:$I$15,2,1))<>""),1,0) | S7: =IF(AND(NOT(ISNUMBER(N7)),IF(INDEX(Timetable!$E$6:$I$15,2,2)="","",INDEX(Timetable!$E$6:$I$15,2,2))<>""),1,0) | T7: =IF(AND(NOT(ISNUMBER(O7)),IF(INDEX(Timetable!$E$6:$I$15,2,3)="","",INDEX(Timetable!$E$6:$I$15,2,3))<>""),1,0) | U7: =IF(AND(NOT(ISNUMBER(P7)),IF(INDEX(Timetable!$E$6:$I$15,2,4)="","",INDEX(Timetable!$E$6:$I$15,2,4))<>""),1,0) | V7: =IF(AND(NOT(ISNUMBER(Q7)),IF(INDEX(Timetable!$E$6:$I$15,2,5)="","",INDEX(Timetable!$E$6:$I$15,2,5))<>""),1,0)
B8: 3 | C8: =IF(ISNUMBER(Timetable!C8),HOUR(Timetable!C8)&":"&RIGHT("0"&MINUTE(Timetable!C8),2),"") | D8: =IF(IF(ISNUMBER(M8),INDEX(Lessons!$I$6:$I$505,M8),IF(INDEX(Timetable!$E$6:$I$15,3,1)="","",INDEX(Timetable!$E$6:$I$15,3,1)))="","",IF(ISNUMBER(M8),INDEX(Lessons!$I$6:$I$505,M8),IF(INDEX(Timetable!$E$6:$I$15,3,1)="","",INDEX(Timetable!$E$6:$I$15,3,1)))&IF(IF(ISNUMBER(M8),INDEX(Lessons!$E$6:$E$505,M8),"")="","",CHAR(10)&IF(ISNUMBER(M8),INDEX(Lessons!$E$6:$E$505,M8),""))) | E8: =IF(IF(ISNUMBER(N8),INDEX(Lessons!$I$6:$I$505,N8),IF(INDEX(Timetable!$E$6:$I$15,3,2)="","",INDEX(Timetable!$E$6:$I$15,3,2)))="","",IF(ISNUMBER(N8),INDEX(Lessons!$I$6:$I$505,N8),IF(INDEX(Timetable!$E$6:$I$15,3,2)="","",INDEX(Timetable!$E$6:$I$15,3,2)))&IF(IF(ISNUMBER(N8),INDEX(Lessons!$E$6:$E$505,N8),"")="","",CHAR(10)&IF(ISNUMBER(N8),INDEX(Lessons!$E$6:$E$505,N8),""))) | F8: =IF(IF(ISNUMBER(O8),INDEX(Lessons!$I$6:$I$505,O8),IF(INDEX(Timetable!$E$6:$I$15,3,3)="","",INDEX(Timetable!$E$6:$I$15,3,3)))="","",IF(ISNUMBER(O8),INDEX(Lessons!$I$6:$I$505,O8),IF(INDEX(Timetable!$E$6:$I$15,3,3)="","",INDEX(Timetable!$E$6:$I$15,3,3)))&IF(IF(ISNUMBER(O8),INDEX(Lessons!$E$6:$E$505,O8),"")="","",CHAR(10)&IF(ISNUMBER(O8),INDEX(Lessons!$E$6:$E$505,O8),""))) | G8: =IF(IF(ISNUMBER(P8),INDEX(Lessons!$I$6:$I$505,P8),IF(INDEX(Timetable!$E$6:$I$15,3,4)="","",INDEX(Timetable!$E$6:$I$15,3,4)))="","",IF(ISNUMBER(P8),INDEX(Lessons!$I$6:$I$505,P8),IF(INDEX(Timetable!$E$6:$I$15,3,4)="","",INDEX(Timetable!$E$6:$I$15,3,4)))&IF(IF(ISNUMBER(P8),INDEX(Lessons!$E$6:$E$505,P8),"")="","",CHAR(10)&IF(ISNUMBER(P8),INDEX(Lessons!$E$6:$E$505,P8),""))) | H8: =IF(IF(ISNUMBER(Q8),INDEX(Lessons!$I$6:$I$505,Q8),IF(INDEX(Timetable!$E$6:$I$15,3,5)="","",INDEX(Timetable!$E$6:$I$15,3,5)))="","",IF(ISNUMBER(Q8),INDEX(Lessons!$I$6:$I$505,Q8),IF(INDEX(Timetable!$E$6:$I$15,3,5)="","",INDEX(Timetable!$E$6:$I$15,3,5)))&IF(IF(ISNUMBER(Q8),INDEX(Lessons!$E$6:$E$505,Q8),"")="","",CHAR(10)&IF(ISNUMBER(Q8),INDEX(Lessons!$E$6:$E$505,Q8),""))) | M8: =IFERROR(MATCH((Settings!$C$6+0)*100+3,Lessons!$K$6:$K$505,0),"") | N8: =IFERROR(MATCH((Settings!$C$6+1)*100+3,Lessons!$K$6:$K$505,0),"") | O8: =IFERROR(MATCH((Settings!$C$6+2)*100+3,Lessons!$K$6:$K$505,0),"") | P8: =IFERROR(MATCH((Settings!$C$6+3)*100+3,Lessons!$K$6:$K$505,0),"") | Q8: =IFERROR(MATCH((Settings!$C$6+4)*100+3,Lessons!$K$6:$K$505,0),"") | R8: =IF(AND(NOT(ISNUMBER(M8)),IF(INDEX(Timetable!$E$6:$I$15,3,1)="","",INDEX(Timetable!$E$6:$I$15,3,1))<>""),1,0) | S8: =IF(AND(NOT(ISNUMBER(N8)),IF(INDEX(Timetable!$E$6:$I$15,3,2)="","",INDEX(Timetable!$E$6:$I$15,3,2))<>""),1,0) | T8: =IF(AND(NOT(ISNUMBER(O8)),IF(INDEX(Timetable!$E$6:$I$15,3,3)="","",INDEX(Timetable!$E$6:$I$15,3,3))<>""),1,0) | U8: =IF(AND(NOT(ISNUMBER(P8)),IF(INDEX(Timetable!$E$6:$I$15,3,4)="","",INDEX(Timetable!$E$6:$I$15,3,4))<>""),1,0) | V8: =IF(AND(NOT(ISNUMBER(Q8)),IF(INDEX(Timetable!$E$6:$I$15,3,5)="","",INDEX(Timetable!$E$6:$I$15,3,5))<>""),1,0)
B9: 4 | C9: =IF(ISNUMBER(Timetable!C9),HOUR(Timetable!C9)&":"&RIGHT("0"&MINUTE(Timetable!C9),2),"") | D9: =IF(IF(ISNUMBER(M9),INDEX(Lessons!$I$6:$I$505,M9),IF(INDEX(Timetable!$E$6:$I$15,4,1)="","",INDEX(Timetable!$E$6:$I$15,4,1)))="","",IF(ISNUMBER(M9),INDEX(Lessons!$I$6:$I$505,M9),IF(INDEX(Timetable!$E$6:$I$15,4,1)="","",INDEX(Timetable!$E$6:$I$15,4,1)))&IF(IF(ISNUMBER(M9),INDEX(Lessons!$E$6:$E$505,M9),"")="","",CHAR(10)&IF(ISNUMBER(M9),INDEX(Lessons!$E$6:$E$505,M9),""))) | E9: =IF(IF(ISNUMBER(N9),INDEX(Lessons!$I$6:$I$505,N9),IF(INDEX(Timetable!$E$6:$I$15,4,2)="","",INDEX(Timetable!$E$6:$I$15,4,2)))="","",IF(ISNUMBER(N9),INDEX(Lessons!$I$6:$I$505,N9),IF(INDEX(Timetable!$E$6:$I$15,4,2)="","",INDEX(Timetable!$E$6:$I$15,4,2)))&IF(IF(ISNUMBER(N9),INDEX(Lessons!$E$6:$E$505,N9),"")="","",CHAR(10)&IF(ISNUMBER(N9),INDEX(Lessons!$E$6:$E$505,N9),""))) | F9: =IF(IF(ISNUMBER(O9),INDEX(Lessons!$I$6:$I$505,O9),IF(INDEX(Timetable!$E$6:$I$15,4,3)="","",INDEX(Timetable!$E$6:$I$15,4,3)))="","",IF(ISNUMBER(O9),INDEX(Lessons!$I$6:$I$505,O9),IF(INDEX(Timetable!$E$6:$I$15,4,3)="","",INDEX(Timetable!$E$6:$I$15,4,3)))&IF(IF(ISNUMBER(O9),INDEX(Lessons!$E$6:$E$505,O9),"")="","",CHAR(10)&IF(ISNUMBER(O9),INDEX(Lessons!$E$6:$E$505,O9),""))) | G9: =IF(IF(ISNUMBER(P9),INDEX(Lessons!$I$6:$I$505,P9),IF(INDEX(Timetable!$E$6:$I$15,4,4)="","",INDEX(Timetable!$E$6:$I$15,4,4)))="","",IF(ISNUMBER(P9),INDEX(Lessons!$I$6:$I$505,P9),IF(INDEX(Timetable!$E$6:$I$15,4,4)="","",INDEX(Timetable!$E$6:$I$15,4,4)))&IF(IF(ISNUMBER(P9),INDEX(Lessons!$E$6:$E$505,P9),"")="","",CHAR(10)&IF(ISNUMBER(P9),INDEX(Lessons!$E$6:$E$505,P9),""))) | H9: =IF(IF(ISNUMBER(Q9),INDEX(Lessons!$I$6:$I$505,Q9),IF(INDEX(Timetable!$E$6:$I$15,4,5)="","",INDEX(Timetable!$E$6:$I$15,4,5)))="","",IF(ISNUMBER(Q9),INDEX(Lessons!$I$6:$I$505,Q9),IF(INDEX(Timetable!$E$6:$I$15,4,5)="","",INDEX(Timetable!$E$6:$I$15,4,5)))&IF(IF(ISNUMBER(Q9),INDEX(Lessons!$E$6:$E$505,Q9),"")="","",CHAR(10)&IF(ISNUMBER(Q9),INDEX(Lessons!$E$6:$E$505,Q9),""))) | M9: =IFERROR(MATCH((Settings!$C$6+0)*100+4,Lessons!$K$6:$K$505,0),"") | N9: =IFERROR(MATCH((Settings!$C$6+1)*100+4,Lessons!$K$6:$K$505,0),"") | O9: =IFERROR(MATCH((Settings!$C$6+2)*100+4,Lessons!$K$6:$K$505,0),"") | P9: =IFERROR(MATCH((Settings!$C$6+3)*100+4,Lessons!$K$6:$K$505,0),"") | Q9: =IFERROR(MATCH((Settings!$C$6+4)*100+4,Lessons!$K$6:$K$505,0),"") | R9: =IF(AND(NOT(ISNUMBER(M9)),IF(INDEX(Timetable!$E$6:$I$15,4,1)="","",INDEX(Timetable!$E$6:$I$15,4,1))<>""),1,0) | S9: =IF(AND(NOT(ISNUMBER(N9)),IF(INDEX(Timetable!$E$6:$I$15,4,2)="","",INDEX(Timetable!$E$6:$I$15,4,2))<>""),1,0) | T9: =IF(AND(NOT(ISNUMBER(O9)),IF(INDEX(Timetable!$E$6:$I$15,4,3)="","",INDEX(Timetable!$E$6:$I$15,4,3))<>""),1,0) | U9: =IF(AND(NOT(ISNUMBER(P9)),IF(INDEX(Timetable!$E$6:$I$15,4,4)="","",INDEX(Timetable!$E$6:$I$15,4,4))<>""),1,0) | V9: =IF(AND(NOT(ISNUMBER(Q9)),IF(INDEX(Timetable!$E$6:$I$15,4,5)="","",INDEX(Timetable!$E$6:$I$15,4,5))<>""),1,0)
B10: 5 | C10: =IF(ISNUMBER(Timetable!C10),HOUR(Timetable!C10)&":"&RIGHT("0"&MINUTE(Timetable!C10),2),"") | D10: =IF(IF(ISNUMBER(M10),INDEX(Lessons!$I$6:$I$505,M10),IF(INDEX(Timetable!$E$6:$I$15,5,1)="","",INDEX(Timetable!$E$6:$I$15,5,1)))="","",IF(ISNUMBER(M10),INDEX(Lessons!$I$6:$I$505,M10),IF(INDEX(Timetable!$E$6:$I$15,5,1)="","",INDEX(Timetable!$E$6:$I$15,5,1)))&IF(IF(ISNUMBER(M10),INDEX(Lessons!$E$6:$E$505,M10),"")="","",CHAR(10)&IF(ISNUMBER(M10),INDEX(Lessons!$E$6:$E$505,M10),""))) | E10: =IF(IF(ISNUMBER(N10),INDEX(Lessons!$I$6:$I$505,N10),IF(INDEX(Timetable!$E$6:$I$15,5,2)="","",INDEX(Timetable!$E$6:$I$15,5,2)))="","",IF(ISNUMBER(N10),INDEX(Lessons!$I$6:$I$505,N10),IF(INDEX(Timetable!$E$6:$I$15,5,2)="","",INDEX(Timetable!$E$6:$I$15,5,2)))&IF(IF(ISNUMBER(N10),INDEX(Lessons!$E$6:$E$505,N10),"")="","",CHAR(10)&IF(ISNUMBER(N10),INDEX(Lessons!$E$6:$E$505,N10),""))) | F10: =IF(IF(ISNUMBER(O10),INDEX(Lessons!$I$6:$I$505,O10),IF(INDEX(Timetable!$E$6:$I$15,5,3)="","",INDEX(Timetable!$E$6:$I$15,5,3)))="","",IF(ISNUMBER(O10),INDEX(Lessons!$I$6:$I$505,O10),IF(INDEX(Timetable!$E$6:$I$15,5,3)="","",INDEX(Timetable!$E$6:$I$15,5,3)))&IF(IF(ISNUMBER(O10),INDEX(Lessons!$E$6:$E$505,O10),"")="","",CHAR(10)&IF(ISNUMBER(O10),INDEX(Lessons!$E$6:$E$505,O10),""))) | G10: =IF(IF(ISNUMBER(P10),INDEX(Lessons!$I$6:$I$505,P10),IF(INDEX(Timetable!$E$6:$I$15,5,4)="","",INDEX(Timetable!$E$6:$I$15,5,4)))="","",IF(ISNUMBER(P10),INDEX(Lessons!$I$6:$I$505,P10),IF(INDEX(Timetable!$E$6:$I$15,5,4)="","",INDEX(Timetable!$E$6:$I$15,5,4)))&IF(IF(ISNUMBER(P10),INDEX(Lessons!$E$6:$E$505,P10),"")="","",CHAR(10)&IF(ISNUMBER(P10),INDEX(Lessons!$E$6:$E$505,P10),""))) | H10: =IF(IF(ISNUMBER(Q10),INDEX(Lessons!$I$6:$I$505,Q10),IF(INDEX(Timetable!$E$6:$I$15,5,5)="","",INDEX(Timetable!$E$6:$I$15,5,5)))="","",IF(ISNUMBER(Q10),INDEX(Lessons!$I$6:$I$505,Q10),IF(INDEX(Timetable!$E$6:$I$15,5,5)="","",INDEX(Timetable!$E$6:$I$15,5,5)))&IF(IF(ISNUMBER(Q10),INDEX(Lessons!$E$6:$E$505,Q10),"")="","",CHAR(10)&IF(ISNUMBER(Q10),INDEX(Lessons!$E$6:$E$505,Q10),""))) | M10: =IFERROR(MATCH((Settings!$C$6+0)*100+5,Lessons!$K$6:$K$505,0),"") | N10: =IFERROR(MATCH((Settings!$C$6+1)*100+5,Lessons!$K$6:$K$505,0),"") | O10: =IFERROR(MATCH((Settings!$C$6+2)*100+5,Lessons!$K$6:$K$505,0),"") | P10: =IFERROR(MATCH((Settings!$C$6+3)*100+5,Lessons!$K$6:$K$505,0),"") | Q10: =IFERROR(MATCH((Settings!$C$6+4)*100+5,Lessons!$K$6:$K$505,0),"") | R10: =IF(AND(NOT(ISNUMBER(M10)),IF(INDEX(Timetable!$E$6:$I$15,5,1)="","",INDEX(Timetable!$E$6:$I$15,5,1))<>""),1,0) | S10: =IF(AND(NOT(ISNUMBER(N10)),IF(INDEX(Timetable!$E$6:$I$15,5,2)="","",INDEX(Timetable!$E$6:$I$15,5,2))<>""),1,0) | T10: =IF(AND(NOT(ISNUMBER(O10)),IF(INDEX(Timetable!$E$6:$I$15,5,3)="","",INDEX(Timetable!$E$6:$I$15,5,3))<>""),1,0) | U10: =IF(AND(NOT(ISNUMBER(P10)),IF(INDEX(Timetable!$E$6:$I$15,5,4)="","",INDEX(Timetable!$E$6:$I$15,5,4))<>""),1,0) | V10: =IF(AND(NOT(ISNUMBER(Q10)),IF(INDEX(Timetable!$E$6:$I$15,5,5)="","",INDEX(Timetable!$E$6:$I$15,5,5))<>""),1,0)
B11: 6 | C11: =IF(ISNUMBER(Timetable!C11),HOUR(Timetable!C11)&":"&RIGHT("0"&MINUTE(Timetable!C11),2),"") | D11: =IF(IF(ISNUMBER(M11),INDEX(Lessons!$I$6:$I$505,M11),IF(INDEX(Timetable!$E$6:$I$15,6,1)="","",INDEX(Timetable!$E$6:$I$15,6,1)))="","",IF(ISNUMBER(M11),INDEX(Lessons!$I$6:$I$505,M11),IF(INDEX(Timetable!$E$6:$I$15,6,1)="","",INDEX(Timetable!$E$6:$I$15,6,1)))&IF(IF(ISNUMBER(M11),INDEX(Lessons!$E$6:$E$505,M11),"")="","",CHAR(10)&IF(ISNUMBER(M11),INDEX(Lessons!$E$6:$E$505,M11),""))) | E11: =IF(IF(ISNUMBER(N11),INDEX(Lessons!$I$6:$I$505,N11),IF(INDEX(Timetable!$E$6:$I$15,6,2)="","",INDEX(Timetable!$E$6:$I$15,6,2)))="","",IF(ISNUMBER(N11),INDEX(Lessons!$I$6:$I$505,N11),IF(INDEX(Timetable!$E$6:$I$15,6,2)="","",INDEX(Timetable!$E$6:$I$15,6,2)))&IF(IF(ISNUMBER(N11),INDEX(Lessons!$E$6:$E$505,N11),"")="","",CHAR(10)&IF(ISNUMBER(N11),INDEX(Lessons!$E$6:$E$505,N11),""))) | F11: =IF(IF(ISNUMBER(O11),INDEX(Lessons!$I$6:$I$505,O11),IF(INDEX(Timetable!$E$6:$I$15,6,3)="","",INDEX(Timetable!$E$6:$I$15,6,3)))="","",IF(ISNUMBER(O11),INDEX(Lessons!$I$6:$I$505,O11),IF(INDEX(Timetable!$E$6:$I$15,6,3)="","",INDEX(Timetable!$E$6:$I$15,6,3)))&IF(IF(ISNUMBER(O11),INDEX(Lessons!$E$6:$E$505,O11),"")="","",CHAR(10)&IF(ISNUMBER(O11),INDEX(Lessons!$E$6:$E$505,O11),""))) | G11: =IF(IF(ISNUMBER(P11),INDEX(Lessons!$I$6:$I$505,P11),IF(INDEX(Timetable!$E$6:$I$15,6,4)="","",INDEX(Timetable!$E$6:$I$15,6,4)))="","",IF(ISNUMBER(P11),INDEX(Lessons!$I$6:$I$505,P11),IF(INDEX(Timetable!$E$6:$I$15,6,4)="","",INDEX(Timetable!$E$6:$I$15,6,4)))&IF(IF(ISNUMBER(P11),INDEX(Lessons!$E$6:$E$505,P11),"")="","",CHAR(10)&IF(ISNUMBER(P11),INDEX(Lessons!$E$6:$E$505,P11),""))) | H11: =IF(IF(ISNUMBER(Q11),INDEX(Lessons!$I$6:$I$505,Q11),IF(INDEX(Timetable!$E$6:$I$15,6,5)="","",INDEX(Timetable!$E$6:$I$15,6,5)))="","",IF(ISNUMBER(Q11),INDEX(Lessons!$I$6:$I$505,Q11),IF(INDEX(Timetable!$E$6:$I$15,6,5)="","",INDEX(Timetable!$E$6:$I$15,6,5)))&IF(IF(ISNUMBER(Q11),INDEX(Lessons!$E$6:$E$505,Q11),"")="","",CHAR(10)&IF(ISNUMBER(Q11),INDEX(Lessons!$E$6:$E$505,Q11),""))) | M11: =IFERROR(MATCH((Settings!$C$6+0)*100+6,Lessons!$K$6:$K$505,0),"") | N11: =IFERROR(MATCH((Settings!$C$6+1)*100+6,Lessons!$K$6:$K$505,0),"") | O11: =IFERROR(MATCH((Settings!$C$6+2)*100+6,Lessons!$K$6:$K$505,0),"") | P11: =IFERROR(MATCH((Settings!$C$6+3)*100+6,Lessons!$K$6:$K$505,0),"") | Q11: =IFERROR(MATCH((Settings!$C$6+4)*100+6,Lessons!$K$6:$K$505,0),"") | R11: =IF(AND(NOT(ISNUMBER(M11)),IF(INDEX(Timetable!$E$6:$I$15,6,1)="","",INDEX(Timetable!$E$6:$I$15,6,1))<>""),1,0) | S11: =IF(AND(NOT(ISNUMBER(N11)),IF(INDEX(Timetable!$E$6:$I$15,6,2)="","",INDEX(Timetable!$E$6:$I$15,6,2))<>""),1,0) | T11: =IF(AND(NOT(ISNUMBER(O11)),IF(INDEX(Timetable!$E$6:$I$15,6,3)="","",INDEX(Timetable!$E$6:$I$15,6,3))<>""),1,0) | U11: =IF(AND(NOT(ISNUMBER(P11)),IF(INDEX(Timetable!$E$6:$I$15,6,4)="","",INDEX(Timetable!$E$6:$I$15,6,4))<>""),1,0) | V11: =IF(AND(NOT(ISNUMBER(Q11)),IF(INDEX(Timetable!$E$6:$I$15,6,5)="","",INDEX(Timetable!$E$6:$I$15,6,5))<>""),1,0)
B12: 7 | C12: =IF(ISNUMBER(Timetable!C12),HOUR(Timetable!C12)&":"&RIGHT("0"&MINUTE(Timetable!C12),2),"") | D12: =IF(IF(ISNUMBER(M12),INDEX(Lessons!$I$6:$I$505,M12),IF(INDEX(Timetable!$E$6:$I$15,7,1)="","",INDEX(Timetable!$E$6:$I$15,7,1)))="","",IF(ISNUMBER(M12),INDEX(Lessons!$I$6:$I$505,M12),IF(INDEX(Timetable!$E$6:$I$15,7,1)="","",INDEX(Timetable!$E$6:$I$15,7,1)))&IF(IF(ISNUMBER(M12),INDEX(Lessons!$E$6:$E$505,M12),"")="","",CHAR(10)&IF(ISNUMBER(M12),INDEX(Lessons!$E$6:$E$505,M12),""))) | E12: =IF(IF(ISNUMBER(N12),INDEX(Lessons!$I$6:$I$505,N12),IF(INDEX(Timetable!$E$6:$I$15,7,2)="","",INDEX(Timetable!$E$6:$I$15,7,2)))="","",IF(ISNUMBER(N12),INDEX(Lessons!$I$6:$I$505,N12),IF(INDEX(Timetable!$E$6:$I$15,7,2)="","",INDEX(Timetable!$E$6:$I$15,7,2)))&IF(IF(ISNUMBER(N12),INDEX(Lessons!$E$6:$E$505,N12),"")="","",CHAR(10)&IF(ISNUMBER(N12),INDEX(Lessons!$E$6:$E$505,N12),""))) | F12: =IF(IF(ISNUMBER(O12),INDEX(Lessons!$I$6:$I$505,O12),IF(INDEX(Timetable!$E$6:$I$15,7,3)="","",INDEX(Timetable!$E$6:$I$15,7,3)))="","",IF(ISNUMBER(O12),INDEX(Lessons!$I$6:$I$505,O12),IF(INDEX(Timetable!$E$6:$I$15,7,3)="","",INDEX(Timetable!$E$6:$I$15,7,3)))&IF(IF(ISNUMBER(O12),INDEX(Lessons!$E$6:$E$505,O12),"")="","",CHAR(10)&IF(ISNUMBER(O12),INDEX(Lessons!$E$6:$E$505,O12),""))) | G12: =IF(IF(ISNUMBER(P12),INDEX(Lessons!$I$6:$I$505,P12),IF(INDEX(Timetable!$E$6:$I$15,7,4)="","",INDEX(Timetable!$E$6:$I$15,7,4)))="","",IF(ISNUMBER(P12),INDEX(Lessons!$I$6:$I$505,P12),IF(INDEX(Timetable!$E$6:$I$15,7,4)="","",INDEX(Timetable!$E$6:$I$15,7,4)))&IF(IF(ISNUMBER(P12),INDEX(Lessons!$E$6:$E$505,P12),"")="","",CHAR(10)&IF(ISNUMBER(P12),INDEX(Lessons!$E$6:$E$505,P12),""))) | H12: =IF(IF(ISNUMBER(Q12),INDEX(Lessons!$I$6:$I$505,Q12),IF(INDEX(Timetable!$E$6:$I$15,7,5)="","",INDEX(Timetable!$E$6:$I$15,7,5)))="","",IF(ISNUMBER(Q12),INDEX(Lessons!$I$6:$I$505,Q12),IF(INDEX(Timetable!$E$6:$I$15,7,5)="","",INDEX(Timetable!$E$6:$I$15,7,5)))&IF(IF(ISNUMBER(Q12),INDEX(Lessons!$E$6:$E$505,Q12),"")="","",CHAR(10)&IF(ISNUMBER(Q12),INDEX(Lessons!$E$6:$E$505,Q12),""))) | M12: =IFERROR(MATCH((Settings!$C$6+0)*100+7,Lessons!$K$6:$K$505,0),"") | N12: =IFERROR(MATCH((Settings!$C$6+1)*100+7,Lessons!$K$6:$K$505,0),"") | O12: =IFERROR(MATCH((Settings!$C$6+2)*100+7,Lessons!$K$6:$K$505,0),"") | P12: =IFERROR(MATCH((Settings!$C$6+3)*100+7,Lessons!$K$6:$K$505,0),"") | Q12: =IFERROR(MATCH((Settings!$C$6+4)*100+7,Lessons!$K$6:$K$505,0),"") | R12: =IF(AND(NOT(ISNUMBER(M12)),IF(INDEX(Timetable!$E$6:$I$15,7,1)="","",INDEX(Timetable!$E$6:$I$15,7,1))<>""),1,0) | S12: =IF(AND(NOT(ISNUMBER(N12)),IF(INDEX(Timetable!$E$6:$I$15,7,2)="","",INDEX(Timetable!$E$6:$I$15,7,2))<>""),1,0) | T12: =IF(AND(NOT(ISNUMBER(O12)),IF(INDEX(Timetable!$E$6:$I$15,7,3)="","",INDEX(Timetable!$E$6:$I$15,7,3))<>""),1,0) | U12: =IF(AND(NOT(ISNUMBER(P12)),IF(INDEX(Timetable!$E$6:$I$15,7,4)="","",INDEX(Timetable!$E$6:$I$15,7,4))<>""),1,0) | V12: =IF(AND(NOT(ISNUMBER(Q12)),IF(INDEX(Timetable!$E$6:$I$15,7,5)="","",INDEX(Timetable!$E$6:$I$15,7,5))<>""),1,0)
B13: 8 | C13: =IF(ISNUMBER(Timetable!C13),HOUR(Timetable!C13)&":"&RIGHT("0"&MINUTE(Timetable!C13),2),"") | D13: =IF(IF(ISNUMBER(M13),INDEX(Lessons!$I$6:$I$505,M13),IF(INDEX(Timetable!$E$6:$I$15,8,1)="","",INDEX(Timetable!$E$6:$I$15,8,1)))="","",IF(ISNUMBER(M13),INDEX(Lessons!$I$6:$I$505,M13),IF(INDEX(Timetable!$E$6:$I$15,8,1)="","",INDEX(Timetable!$E$6:$I$15,8,1)))&IF(IF(ISNUMBER(M13),INDEX(Lessons!$E$6:$E$505,M13),"")="","",CHAR(10)&IF(ISNUMBER(M13),INDEX(Lessons!$E$6:$E$505,M13),""))) | E13: =IF(IF(ISNUMBER(N13),INDEX(Lessons!$I$6:$I$505,N13),IF(INDEX(Timetable!$E$6:$I$15,8,2)="","",INDEX(Timetable!$E$6:$I$15,8,2)))="","",IF(ISNUMBER(N13),INDEX(Lessons!$I$6:$I$505,N13),IF(INDEX(Timetable!$E$6:$I$15,8,2)="","",INDEX(Timetable!$E$6:$I$15,8,2)))&IF(IF(ISNUMBER(N13),INDEX(Lessons!$E$6:$E$505,N13),"")="","",CHAR(10)&IF(ISNUMBER(N13),INDEX(Lessons!$E$6:$E$505,N13),""))) | F13: =IF(IF(ISNUMBER(O13),INDEX(Lessons!$I$6:$I$505,O13),IF(INDEX(Timetable!$E$6:$I$15,8,3)="","",INDEX(Timetable!$E$6:$I$15,8,3)))="","",IF(ISNUMBER(O13),INDEX(Lessons!$I$6:$I$505,O13),IF(INDEX(Timetable!$E$6:$I$15,8,3)="","",INDEX(Timetable!$E$6:$I$15,8,3)))&IF(IF(ISNUMBER(O13),INDEX(Lessons!$E$6:$E$505,O13),"")="","",CHAR(10)&IF(ISNUMBER(O13),INDEX(Lessons!$E$6:$E$505,O13),""))) | G13: =IF(IF(ISNUMBER(P13),INDEX(Lessons!$I$6:$I$505,P13),IF(INDEX(Timetable!$E$6:$I$15,8,4)="","",INDEX(Timetable!$E$6:$I$15,8,4)))="","",IF(ISNUMBER(P13),INDEX(Lessons!$I$6:$I$505,P13),IF(INDEX(Timetable!$E$6:$I$15,8,4)="","",INDEX(Timetable!$E$6:$I$15,8,4)))&IF(IF(ISNUMBER(P13),INDEX(Lessons!$E$6:$E$505,P13),"")="","",CHAR(10)&IF(ISNUMBER(P13),INDEX(Lessons!$E$6:$E$505,P13),""))) | H13: =IF(IF(ISNUMBER(Q13),INDEX(Lessons!$I$6:$I$505,Q13),IF(INDEX(Timetable!$E$6:$I$15,8,5)="","",INDEX(Timetable!$E$6:$I$15,8,5)))="","",IF(ISNUMBER(Q13),INDEX(Lessons!$I$6:$I$505,Q13),IF(INDEX(Timetable!$E$6:$I$15,8,5)="","",INDEX(Timetable!$E$6:$I$15,8,5)))&IF(IF(ISNUMBER(Q13),INDEX(Lessons!$E$6:$E$505,Q13),"")="","",CHAR(10)&IF(ISNUMBER(Q13),INDEX(Lessons!$E$6:$E$505,Q13),""))) | M13: =IFERROR(MATCH((Settings!$C$6+0)*100+8,Lessons!$K$6:$K$505,0),"") | N13: =IFERROR(MATCH((Settings!$C$6+1)*100+8,Lessons!$K$6:$K$505,0),"") | O13: =IFERROR(MATCH((Settings!$C$6+2)*100+8,Lessons!$K$6:$K$505,0),"") | P13: =IFERROR(MATCH((Settings!$C$6+3)*100+8,Lessons!$K$6:$K$505,0),"") | Q13: =IFERROR(MATCH((Settings!$C$6+4)*100+8,Lessons!$K$6:$K$505,0),"") | R13: =IF(AND(NOT(ISNUMBER(M13)),IF(INDEX(Timetable!$E$6:$I$15,8,1)="","",INDEX(Timetable!$E$6:$I$15,8,1))<>""),1,0) | S13: =IF(AND(NOT(ISNUMBER(N13)),IF(INDEX(Timetable!$E$6:$I$15,8,2)="","",INDEX(Timetable!$E$6:$I$15,8,2))<>""),1,0) | T13: =IF(AND(NOT(ISNUMBER(O13)),IF(INDEX(Timetable!$E$6:$I$15,8,3)="","",INDEX(Timetable!$E$6:$I$15,8,3))<>""),1,0) | U13: =IF(AND(NOT(ISNUMBER(P13)),IF(INDEX(Timetable!$E$6:$I$15,8,4)="","",INDEX(Timetable!$E$6:$I$15,8,4))<>""),1,0) | V13: =IF(AND(NOT(ISNUMBER(Q13)),IF(INDEX(Timetable!$E$6:$I$15,8,5)="","",INDEX(Timetable!$E$6:$I$15,8,5))<>""),1,0)
B14: 9 | C14: =IF(ISNUMBER(Timetable!C14),HOUR(Timetable!C14)&":"&RIGHT("0"&MINUTE(Timetable!C14),2),"") | D14: =IF(IF(ISNUMBER(M14),INDEX(Lessons!$I$6:$I$505,M14),IF(INDEX(Timetable!$E$6:$I$15,9,1)="","",INDEX(Timetable!$E$6:$I$15,9,1)))="","",IF(ISNUMBER(M14),INDEX(Lessons!$I$6:$I$505,M14),IF(INDEX(Timetable!$E$6:$I$15,9,1)="","",INDEX(Timetable!$E$6:$I$15,9,1)))&IF(IF(ISNUMBER(M14),INDEX(Lessons!$E$6:$E$505,M14),"")="","",CHAR(10)&IF(ISNUMBER(M14),INDEX(Lessons!$E$6:$E$505,M14),""))) | E14: =IF(IF(ISNUMBER(N14),INDEX(Lessons!$I$6:$I$505,N14),IF(INDEX(Timetable!$E$6:$I$15,9,2)="","",INDEX(Timetable!$E$6:$I$15,9,2)))="","",IF(ISNUMBER(N14),INDEX(Lessons!$I$6:$I$505,N14),IF(INDEX(Timetable!$E$6:$I$15,9,2)="","",INDEX(Timetable!$E$6:$I$15,9,2)))&IF(IF(ISNUMBER(N14),INDEX(Lessons!$E$6:$E$505,N14),"")="","",CHAR(10)&IF(ISNUMBER(N14),INDEX(Lessons!$E$6:$E$505,N14),""))) | F14: =IF(IF(ISNUMBER(O14),INDEX(Lessons!$I$6:$I$505,O14),IF(INDEX(Timetable!$E$6:$I$15,9,3)="","",INDEX(Timetable!$E$6:$I$15,9,3)))="","",IF(ISNUMBER(O14),INDEX(Lessons!$I$6:$I$505,O14),IF(INDEX(Timetable!$E$6:$I$15,9,3)="","",INDEX(Timetable!$E$6:$I$15,9,3)))&IF(IF(ISNUMBER(O14),INDEX(Lessons!$E$6:$E$505,O14),"")="","",CHAR(10)&IF(ISNUMBER(O14),INDEX(Lessons!$E$6:$E$505,O14),""))) | G14: =IF(IF(ISNUMBER(P14),INDEX(Lessons!$I$6:$I$505,P14),IF(INDEX(Timetable!$E$6:$I$15,9,4)="","",INDEX(Timetable!$E$6:$I$15,9,4)))="","",IF(ISNUMBER(P14),INDEX(Lessons!$I$6:$I$505,P14),IF(INDEX(Timetable!$E$6:$I$15,9,4)="","",INDEX(Timetable!$E$6:$I$15,9,4)))&IF(IF(ISNUMBER(P14),INDEX(Lessons!$E$6:$E$505,P14),"")="","",CHAR(10)&IF(ISNUMBER(P14),INDEX(Lessons!$E$6:$E$505,P14),""))) | H14: =IF(IF(ISNUMBER(Q14),INDEX(Lessons!$I$6:$I$505,Q14),IF(INDEX(Timetable!$E$6:$I$15,9,5)="","",INDEX(Timetable!$E$6:$I$15,9,5)))="","",IF(ISNUMBER(Q14),INDEX(Lessons!$I$6:$I$505,Q14),IF(INDEX(Timetable!$E$6:$I$15,9,5)="","",INDEX(Timetable!$E$6:$I$15,9,5)))&IF(IF(ISNUMBER(Q14),INDEX(Lessons!$E$6:$E$505,Q14),"")="","",CHAR(10)&IF(ISNUMBER(Q14),INDEX(Lessons!$E$6:$E$505,Q14),""))) | M14: =IFERROR(MATCH((Settings!$C$6+0)*100+9,Lessons!$K$6:$K$505,0),"") | N14: =IFERROR(MATCH((Settings!$C$6+1)*100+9,Lessons!$K$6:$K$505,0),"") | O14: =IFERROR(MATCH((Settings!$C$6+2)*100+9,Lessons!$K$6:$K$505,0),"") | P14: =IFERROR(MATCH((Settings!$C$6+3)*100+9,Lessons!$K$6:$K$505,0),"") | Q14: =IFERROR(MATCH((Settings!$C$6+4)*100+9,Lessons!$K$6:$K$505,0),"") | R14: =IF(AND(NOT(ISNUMBER(M14)),IF(INDEX(Timetable!$E$6:$I$15,9,1)="","",INDEX(Timetable!$E$6:$I$15,9,1))<>""),1,0) | S14: =IF(AND(NOT(ISNUMBER(N14)),IF(INDEX(Timetable!$E$6:$I$15,9,2)="","",INDEX(Timetable!$E$6:$I$15,9,2))<>""),1,0) | T14: =IF(AND(NOT(ISNUMBER(O14)),IF(INDEX(Timetable!$E$6:$I$15,9,3)="","",INDEX(Timetable!$E$6:$I$15,9,3))<>""),1,0) | U14: =IF(AND(NOT(ISNUMBER(P14)),IF(INDEX(Timetable!$E$6:$I$15,9,4)="","",INDEX(Timetable!$E$6:$I$15,9,4))<>""),1,0) | V14: =IF(AND(NOT(ISNUMBER(Q14)),IF(INDEX(Timetable!$E$6:$I$15,9,5)="","",INDEX(Timetable!$E$6:$I$15,9,5))<>""),1,0)
B15: 10 | C15: =IF(ISNUMBER(Timetable!C15),HOUR(Timetable!C15)&":"&RIGHT("0"&MINUTE(Timetable!C15),2),"") | D15: =IF(IF(ISNUMBER(M15),INDEX(Lessons!$I$6:$I$505,M15),IF(INDEX(Timetable!$E$6:$I$15,10,1)="","",INDEX(Timetable!$E$6:$I$15,10,1)))="","",IF(ISNUMBER(M15),INDEX(Lessons!$I$6:$I$505,M15),IF(INDEX(Timetable!$E$6:$I$15,10,1)="","",INDEX(Timetable!$E$6:$I$15,10,1)))&IF(IF(ISNUMBER(M15),INDEX(Lessons!$E$6:$E$505,M15),"")="","",CHAR(10)&IF(ISNUMBER(M15),INDEX(Lessons!$E$6:$E$505,M15),""))) | E15: =IF(IF(ISNUMBER(N15),INDEX(Lessons!$I$6:$I$505,N15),IF(INDEX(Timetable!$E$6:$I$15,10,2)="","",INDEX(Timetable!$E$6:$I$15,10,2)))="","",IF(ISNUMBER(N15),INDEX(Lessons!$I$6:$I$505,N15),IF(INDEX(Timetable!$E$6:$I$15,10,2)="","",INDEX(Timetable!$E$6:$I$15,10,2)))&IF(IF(ISNUMBER(N15),INDEX(Lessons!$E$6:$E$505,N15),"")="","",CHAR(10)&IF(ISNUMBER(N15),INDEX(Lessons!$E$6:$E$505,N15),""))) | F15: =IF(IF(ISNUMBER(O15),INDEX(Lessons!$I$6:$I$505,O15),IF(INDEX(Timetable!$E$6:$I$15,10,3)="","",INDEX(Timetable!$E$6:$I$15,10,3)))="","",IF(ISNUMBER(O15),INDEX(Lessons!$I$6:$I$505,O15),IF(INDEX(Timetable!$E$6:$I$15,10,3)="","",INDEX(Timetable!$E$6:$I$15,10,3)))&IF(IF(ISNUMBER(O15),INDEX(Lessons!$E$6:$E$505,O15),"")="","",CHAR(10)&IF(ISNUMBER(O15),INDEX(Lessons!$E$6:$E$505,O15),""))) | G15: =IF(IF(ISNUMBER(P15),INDEX(Lessons!$I$6:$I$505,P15),IF(INDEX(Timetable!$E$6:$I$15,10,4)="","",INDEX(Timetable!$E$6:$I$15,10,4)))="","",IF(ISNUMBER(P15),INDEX(Lessons!$I$6:$I$505,P15),IF(INDEX(Timetable!$E$6:$I$15,10,4)="","",INDEX(Timetable!$E$6:$I$15,10,4)))&IF(IF(ISNUMBER(P15),INDEX(Lessons!$E$6:$E$505,P15),"")="","",CHAR(10)&IF(ISNUMBER(P15),INDEX(Lessons!$E$6:$E$505,P15),""))) | H15: =IF(IF(ISNUMBER(Q15),INDEX(Lessons!$I$6:$I$505,Q15),IF(INDEX(Timetable!$E$6:$I$15,10,5)="","",INDEX(Timetable!$E$6:$I$15,10,5)))="","",IF(ISNUMBER(Q15),INDEX(Lessons!$I$6:$I$505,Q15),IF(INDEX(Timetable!$E$6:$I$15,10,5)="","",INDEX(Timetable!$E$6:$I$15,10,5)))&IF(IF(ISNUMBER(Q15),INDEX(Lessons!$E$6:$E$505,Q15),"")="","",CHAR(10)&IF(ISNUMBER(Q15),INDEX(Lessons!$E$6:$E$505,Q15),""))) | M15: =IFERROR(MATCH((Settings!$C$6+0)*100+10,Lessons!$K$6:$K$505,0),"") | N15: =IFERROR(MATCH((Settings!$C$6+1)*100+10,Lessons!$K$6:$K$505,0),"") | O15: =IFERROR(MATCH((Settings!$C$6+2)*100+10,Lessons!$K$6:$K$505,0),"") | P15: =IFERROR(MATCH((Settings!$C$6+3)*100+10,Lessons!$K$6:$K$505,0),"") | Q15: =IFERROR(MATCH((Settings!$C$6+4)*100+10,Lessons!$K$6:$K$505,0),"") | R15: =IF(AND(NOT(ISNUMBER(M15)),IF(INDEX(Timetable!$E$6:$I$15,10,1)="","",INDEX(Timetable!$E$6:$I$15,10,1))<>""),1,0) | S15: =IF(AND(NOT(ISNUMBER(N15)),IF(INDEX(Timetable!$E$6:$I$15,10,2)="","",INDEX(Timetable!$E$6:$I$15,10,2))<>""),1,0) | T15: =IF(AND(NOT(ISNUMBER(O15)),IF(INDEX(Timetable!$E$6:$I$15,10,3)="","",INDEX(Timetable!$E$6:$I$15,10,3))<>""),1,0) | U15: =IF(AND(NOT(ISNUMBER(P15)),IF(INDEX(Timetable!$E$6:$I$15,10,4)="","",INDEX(Timetable!$E$6:$I$15,10,4))<>""),1,0) | V15: =IF(AND(NOT(ISNUMBER(Q15)),IF(INDEX(Timetable!$E$6:$I$15,10,5)="","",INDEX(Timetable!$E$6:$I$15,10,5))<>""),1,0)
B17: Homework set this week
B18: Day | D18: Class | E18: Homework
B19: =IF(W19="","",CHOOSE(WEEKDAY(INDEX(Lessons!$B$1:$B$505,MOD(W19,1000)),2),"Mon","Tue","Wed","Thu","Fri","Sat","Sun")&" "&DAY(INDEX(Lessons!$B$1:$B$505,MOD(W19,1000)))) | D19: =IF(W19="","",INDEX(Lessons!$I$1:$I$505,MOD(W19,1000))) | E19: =IF(W19="","",INDEX(Lessons!$G$1:$G$505,MOD(W19,1000))) | W19: =IFERROR(SMALL(Lessons!$L$6:$L$505,1),"")
B20: =IF(W20="","",CHOOSE(WEEKDAY(INDEX(Lessons!$B$1:$B$505,MOD(W20,1000)),2),"Mon","Tue","Wed","Thu","Fri","Sat","Sun")&" "&DAY(INDEX(Lessons!$B$1:$B$505,MOD(W20,1000)))) | D20: =IF(W20="","",INDEX(Lessons!$I$1:$I$505,MOD(W20,1000))) | E20: =IF(W20="","",INDEX(Lessons!$G$1:$G$505,MOD(W20,1000))) | W20: =IFERROR(SMALL(Lessons!$L$6:$L$505,2),"")
B21: =IF(W21="","",CHOOSE(WEEKDAY(INDEX(Lessons!$B$1:$B$505,MOD(W21,1000)),2),"Mon","Tue","Wed","Thu","Fri","Sat","Sun")&" "&DAY(INDEX(Lessons!$B$1:$B$505,MOD(W21,1000)))) | D21: =IF(W21="","",INDEX(Lessons!$I$1:$I$505,MOD(W21,1000))) | E21: =IF(W21="","",INDEX(Lessons!$G$1:$G$505,MOD(W21,1000))) | W21: =IFERROR(SMALL(Lessons!$L$6:$L$505,3),"")
B22: =IF(W22="","",CHOOSE(WEEKDAY(INDEX(Lessons!$B$1:$B$505,MOD(W22,1000)),2),"Mon","Tue","Wed","Thu","Fri","Sat","Sun")&" "&DAY(INDEX(Lessons!$B$1:$B$505,MOD(W22,1000)))) | D22: =IF(W22="","",INDEX(Lessons!$I$1:$I$505,MOD(W22,1000))) | E22: =IF(W22="","",INDEX(Lessons!$G$1:$G$505,MOD(W22,1000))) | W22: =IFERROR(SMALL(Lessons!$L$6:$L$505,4),"")
B23: =IF(W23="","",CHOOSE(WEEKDAY(INDEX(Lessons!$B$1:$B$505,MOD(W23,1000)),2),"Mon","Tue","Wed","Thu","Fri","Sat","Sun")&" "&DAY(INDEX(Lessons!$B$1:$B$505,MOD(W23,1000)))) | D23: =IF(W23="","",INDEX(Lessons!$I$1:$I$505,MOD(W23,1000))) | E23: =IF(W23="","",INDEX(Lessons!$G$1:$G$505,MOD(W23,1000))) | W23: =IFERROR(SMALL(Lessons!$L$6:$L$505,5),"")
B24: =IF(W24="","",CHOOSE(WEEKDAY(INDEX(Lessons!$B$1:$B$505,MOD(W24,1000)),2),"Mon","Tue","Wed","Thu","Fri","Sat","Sun")&" "&DAY(INDEX(Lessons!$B$1:$B$505,MOD(W24,1000)))) | D24: =IF(W24="","",INDEX(Lessons!$I$1:$I$505,MOD(W24,1000))) | E24: =IF(W24="","",INDEX(Lessons!$G$1:$G$505,MOD(W24,1000))) | W24: =IFERROR(SMALL(Lessons!$L$6:$L$505,6),"")
B25: =IF(W25="","",CHOOSE(WEEKDAY(INDEX(Lessons!$B$1:$B$505,MOD(W25,1000)),2),"Mon","Tue","Wed","Thu","Fri","Sat","Sun")&" "&DAY(INDEX(Lessons!$B$1:$B$505,MOD(W25,1000)))) | D25: =IF(W25="","",INDEX(Lessons!$I$1:$I$505,MOD(W25,1000))) | E25: =IF(W25="","",INDEX(Lessons!$G$1:$G$505,MOD(W25,1000))) | W25: =IFERROR(SMALL(Lessons!$L$6:$L$505,7),"")
B26: =IF(W26="","",CHOOSE(WEEKDAY(INDEX(Lessons!$B$1:$B$505,MOD(W26,1000)),2),"Mon","Tue","Wed","Thu","Fri","Sat","Sun")&" "&DAY(INDEX(Lessons!$B$1:$B$505,MOD(W26,1000)))) | D26: =IF(W26="","",INDEX(Lessons!$I$1:$I$505,MOD(W26,1000))) | E26: =IF(W26="","",INDEX(Lessons!$G$1:$G$505,MOD(W26,1000))) | W26: =IFERROR(SMALL(Lessons!$L$6:$L$505,8),"")

Sheet Lessons
B2: Lessons
B3: Each lesson by date and period. Leave the class empty and it comes from the timetable.
B5: Date | C5: Period | D5: Class | E5: Topic | F5: Aims | G5: Homework | H5: Done | I5: Class taught
B6: 46286 | C6: 1 | E6: Lab safety | H6: x | I6: =IF(B6="","",IF(D6<>"",D6,IF(AND(ISNUMBER(B6),ISNUMBER(C6)),IF(OR(WEEKDAY(B6,2)>5,C6<1,C6>10),"",IF(INDEX(Timetable!$E$6:$I$15,C6,WEEKDAY(B6,2))="","",INDEX(Timetable!$E$6:$I$15,C6,WEEKDAY(B6,2)))),""))) | K6: =IF(AND(ISNUMBER(B6),ISNUMBER(C6)),B6*100+C6,"") | L6: =IF(OR(G6="",NOT(ISNUMBER(B6))),"",IF(AND(B6>=Settings!$C$6,B6<=Settings!$C$6+6),B6*1000+ROW(),""))
B7: 46286 | C7: 2 | E7: Using a microscope | F7: Name the parts and focus on a slide | H7: x | I7: =IF(B7="","",IF(D7<>"",D7,IF(AND(ISNUMBER(B7),ISNUMBER(C7)),IF(OR(WEEKDAY(B7,2)>5,C7<1,C7>10),"",IF(INDEX(Timetable!$E$6:$I$15,C7,WEEKDAY(B7,2))="","",INDEX(Timetable!$E$6:$I$15,C7,WEEKDAY(B7,2)))),""))) | K7: =IF(AND(ISNUMBER(B7),ISNUMBER(C7)),B7*100+C7,"") | L7: =IF(OR(G7="",NOT(ISNUMBER(B7))),"",IF(AND(B7>=Settings!$C$6,B7<=Settings!$C$6+6),B7*1000+ROW(),""))
B8: 46286 | C8: 4 | E8: Enzymes | F8: Explain the lock and key model | H8: x | I8: =IF(B8="","",IF(D8<>"",D8,IF(AND(ISNUMBER(B8),ISNUMBER(C8)),IF(OR(WEEKDAY(B8,2)>5,C8<1,C8>10),"",IF(INDEX(Timetable!$E$6:$I$15,C8,WEEKDAY(B8,2))="","",INDEX(Timetable!$E$6:$I$15,C8,WEEKDAY(B8,2)))),""))) | K8: =IF(AND(ISNUMBER(B8),ISNUMBER(C8)),B8*100+C8,"") | L8: =IF(OR(G8="",NOT(ISNUMBER(B8))),"",IF(AND(B8>=Settings!$C$6,B8<=Settings!$C$6+6),B8*1000+ROW(),""))
B9: 46286 | C9: 5 | E9: Atomic structure | H9: x | I9: =IF(B9="","",IF(D9<>"",D9,IF(AND(ISNUMBER(B9),ISNUMBER(C9)),IF(OR(WEEKDAY(B9,2)>5,C9<1,C9>10),"",IF(INDEX(Timetable!$E$6:$I$15,C9,WEEKDAY(B9,2))="","",INDEX(Timetable!$E$6:$I$15,C9,WEEKDAY(B9,2)))),""))) | K9: =IF(AND(ISNUMBER(B9),ISNUMBER(C9)),B9*100+C9,"") | L9: =IF(OR(G9="",NOT(ISNUMBER(B9))),"",IF(AND(B9>=Settings!$C$6,B9<=Settings!$C$6+6),B9*1000+ROW(),""))
B10: 46287 | C10: 2 | E10: Isotopes | H10: x | I10: =IF(B10="","",IF(D10<>"",D10,IF(AND(ISNUMBER(B10),ISNUMBER(C10)),IF(OR(WEEKDAY(B10,2)>5,C10<1,C10>10),"",IF(INDEX(Timetable!$E$6:$I$15,C10,WEEKDAY(B10,2))="","",INDEX(Timetable!$E$6:$I$15,C10,WEEKDAY(B10,2)))),""))) | K10: =IF(AND(ISNUMBER(B10),ISNUMBER(C10)),B10*100+C10,"") | L10: =IF(OR(G10="",NOT(ISNUMBER(B10))),"",IF(AND(B10>=Settings!$C$6,B10<=Settings!$C$6+6),B10*1000+ROW(),""))
B11: 46287 | C11: 3 | E11: Particle model | H11: x | I11: =IF(B11="","",IF(D11<>"",D11,IF(AND(ISNUMBER(B11),ISNUMBER(C11)),IF(OR(WEEKDAY(B11,2)>5,C11<1,C11>10),"",IF(INDEX(Timetable!$E$6:$I$15,C11,WEEKDAY(B11,2))="","",INDEX(Timetable!$E$6:$I$15,C11,WEEKDAY(B11,2)))),""))) | K11: =IF(AND(ISNUMBER(B11),ISNUMBER(C11)),B11*100+C11,"") | L11: =IF(OR(G11="",NOT(ISNUMBER(B11))),"",IF(AND(B11>=Settings!$C$6,B11<=Settings!$C$6+6),B11*1000+ROW(),""))
B12: 46287 | C12: 4 | E12: States of matter | H12: x | I12: =IF(B12="","",IF(D12<>"",D12,IF(AND(ISNUMBER(B12),ISNUMBER(C12)),IF(OR(WEEKDAY(B12,2)>5,C12<1,C12>10),"",IF(INDEX(Timetable!$E$6:$I$15,C12,WEEKDAY(B12,2))="","",INDEX(Timetable!$E$6:$I$15,C12,WEEKDAY(B12,2)))),""))) | K12: =IF(AND(ISNUMBER(B12),ISNUMBER(C12)),B12*100+C12,"") | L12: =IF(OR(G12="",NOT(ISNUMBER(B12))),"",IF(AND(B12>=Settings!$C$6,B12<=Settings!$C$6+6),B12*1000+ROW(),""))
B13: 46287 | C13: 6 | E13: Enzyme practical | H13: x | I13: =IF(B13="","",IF(D13<>"",D13,IF(AND(ISNUMBER(B13),ISNUMBER(C13)),IF(OR(WEEKDAY(B13,2)>5,C13<1,C13>10),"",IF(INDEX(Timetable!$E$6:$I$15,C13,WEEKDAY(B13,2))="","",INDEX(Timetable!$E$6:$I$15,C13,WEEKDAY(B13,2)))),""))) | K13: =IF(AND(ISNUMBER(B13),ISNUMBER(C13)),B13*100+C13,"") | L13: =IF(OR(G13="",NOT(ISNUMBER(B13))),"",IF(AND(B13>=Settings!$C$6,B13<=Settings!$C$6+6),B13*1000+ROW(),""))
B14: 46288 | C14: 1 | E14: Food tests | G14: Write up the results | H14: x | I14: =IF(B14="","",IF(D14<>"",D14,IF(AND(ISNUMBER(B14),ISNUMBER(C14)),IF(OR(WEEKDAY(B14,2)>5,C14<1,C14>10),"",IF(INDEX(Timetable!$E$6:$I$15,C14,WEEKDAY(B14,2))="","",INDEX(Timetable!$E$6:$I$15,C14,WEEKDAY(B14,2)))),""))) | K14: =IF(AND(ISNUMBER(B14),ISNUMBER(C14)),B14*100+C14,"") | L14: =IF(OR(G14="",NOT(ISNUMBER(B14))),"",IF(AND(B14>=Settings!$C$6,B14<=Settings!$C$6+6),B14*1000+ROW(),""))
B15: 46288 | C15: 3 | E15: Plant and animal cells | F15: Compare the two | G15: Cells worksheet | H15: x | I15: =IF(B15="","",IF(D15<>"",D15,IF(AND(ISNUMBER(B15),ISNUMBER(C15)),IF(OR(WEEKDAY(B15,2)>5,C15<1,C15>10),"",IF(INDEX(Timetable!$E$6:$I$15,C15,WEEKDAY(B15,2))="","",INDEX(Timetable!$E$6:$I$15,C15,WEEKDAY(B15,2)))),""))) | K15: =IF(AND(ISNUMBER(B15),ISNUMBER(C15)),B15*100+C15,"") | L15: =IF(OR(G15="",NOT(ISNUMBER(B15))),"",IF(AND(B15>=Settings!$C$6,B15<=Settings!$C$6+6),B15*1000+ROW(),""))
B16: 46288 | C16: 4 | E16: Specialised cells | H16: x | I16: =IF(B16="","",IF(D16<>"",D16,IF(AND(ISNUMBER(B16),ISNUMBER(C16)),IF(OR(WEEKDAY(B16,2)>5,C16<1,C16>10),"",IF(INDEX(Timetable!$E$6:$I$15,C16,WEEKDAY(B16,2))="","",INDEX(Timetable!$E$6:$I$15,C16,WEEKDAY(B16,2)))),""))) | K16: =IF(AND(ISNUMBER(B16),ISNUMBER(C16)),B16*100+C16,"") | L16: =IF(OR(G16="",NOT(ISNUMBER(B16))),"",IF(AND(B16>=Settings!$C$6,B16<=Settings!$C$6+6),B16*1000+ROW(),""))
B17: 46288 | C17: 5 | E17: Digestive system | H17: x | I17: =IF(B17="","",IF(D17<>"",D17,IF(AND(ISNUMBER(B17),ISNUMBER(C17)),IF(OR(WEEKDAY(B17,2)>5,C17<1,C17>10),"",IF(INDEX(Timetable!$E$6:$I$15,C17,WEEKDAY(B17,2))="","",INDEX(Timetable!$E$6:$I$15,C17,WEEKDAY(B17,2)))),""))) | K17: =IF(AND(ISNUMBER(B17),ISNUMBER(C17)),B17*100+C17,"") | L17: =IF(OR(G17="",NOT(ISNUMBER(B17))),"",IF(AND(B17>=Settings!$C$6,B17<=Settings!$C$6+6),B17*1000+ROW(),""))
B18: 46288 | C18: 6 | E18: Ionic bonding | H18: x | I18: =IF(B18="","",IF(D18<>"",D18,IF(AND(ISNUMBER(B18),ISNUMBER(C18)),IF(OR(WEEKDAY(B18,2)>5,C18<1,C18>10),"",IF(INDEX(Timetable!$E$6:$I$15,C18,WEEKDAY(B18,2))="","",INDEX(Timetable!$E$6:$I$15,C18,WEEKDAY(B18,2)))),""))) | K18: =IF(AND(ISNUMBER(B18),ISNUMBER(C18)),B18*100+C18,"") | L18: =IF(OR(G18="",NOT(ISNUMBER(B18))),"",IF(AND(B18>=Settings!$C$6,B18<=Settings!$C$6+6),B18*1000+ROW(),""))
B19: 46289 | C19: 1 | E19: Changes of state | G19: Page 34, questions 1 to 6 | H19: x | I19: =IF(B19="","",IF(D19<>"",D19,IF(AND(ISNUMBER(B19),ISNUMBER(C19)),IF(OR(WEEKDAY(B19,2)>5,C19<1,C19>10),"",IF(INDEX(Timetable!$E$6:$I$15,C19,WEEKDAY(B19,2))="","",INDEX(Timetable!$E$6:$I$15,C19,WEEKDAY(B19,2)))),""))) | K19: =IF(AND(ISNUMBER(B19),ISNUMBER(C19)),B19*100+C19,"") | L19: =IF(OR(G19="",NOT(ISNUMBER(B19))),"",IF(AND(B19>=Settings!$C$6,B19<=Settings!$C$6+6),B19*1000+ROW(),""))
B20: 46289 | C20: 2 | E20: Diffusion practical | H20: x | I20: =IF(B20="","",IF(D20<>"",D20,IF(AND(ISNUMBER(B20),ISNUMBER(C20)),IF(OR(WEEKDAY(B20,2)>5,C20<1,C20>10),"",IF(INDEX(Timetable!$E$6:$I$15,C20,WEEKDAY(B20,2))="","",INDEX(Timetable!$E$6:$I$15,C20,WEEKDAY(B20,2)))),""))) | K20: =IF(AND(ISNUMBER(B20),ISNUMBER(C20)),B20*100+C20,"") | L20: =IF(OR(G20="",NOT(ISNUMBER(B20))),"",IF(AND(B20>=Settings!$C$6,B20<=Settings!$C$6+6),B20*1000+ROW(),""))
B21: 46289 | C21: 4 | E21: Covalent bonding | G21: Dot and cross diagrams | H21: x | I21: =IF(B21="","",IF(D21<>"",D21,IF(AND(ISNUMBER(B21),ISNUMBER(C21)),IF(OR(WEEKDAY(B21,2)>5,C21<1,C21>10),"",IF(INDEX(Timetable!$E$6:$I$15,C21,WEEKDAY(B21,2))="","",INDEX(Timetable!$E$6:$I$15,C21,WEEKDAY(B21,2)))),""))) | K21: =IF(AND(ISNUMBER(B21),ISNUMBER(C21)),B21*100+C21,"") | L21: =IF(OR(G21="",NOT(ISNUMBER(B21))),"",IF(AND(B21>=Settings!$C$6,B21<=Settings!$C$6+6),B21*1000+ROW(),""))
B22: 46289 | C22: 5 | E22: Unit 1 review | H22: x | I22: =IF(B22="","",IF(D22<>"",D22,IF(AND(ISNUMBER(B22),ISNUMBER(C22)),IF(OR(WEEKDAY(B22,2)>5,C22<1,C22>10),"",IF(INDEX(Timetable!$E$6:$I$15,C22,WEEKDAY(B22,2))="","",INDEX(Timetable!$E$6:$I$15,C22,WEEKDAY(B22,2)))),""))) | K22: =IF(AND(ISNUMBER(B22),ISNUMBER(C22)),B22*100+C22,"") | L22: =IF(OR(G22="",NOT(ISNUMBER(B22))),"",IF(AND(B22>=Settings!$C$6,B22<=Settings!$C$6+6),B22*1000+ROW(),""))
B23: 46290 | C23: 2 | E23: Enzymes test | H23: x | I23: =IF(B23="","",IF(D23<>"",D23,IF(AND(ISNUMBER(B23),ISNUMBER(C23)),IF(OR(WEEKDAY(B23,2)>5,C23<1,C23>10),"",IF(INDEX(Timetable!$E$6:$I$15,C23,WEEKDAY(B23,2))="","",INDEX(Timetable!$E$6:$I$15,C23,WEEKDAY(B23,2)))),""))) | K23: =IF(AND(ISNUMBER(B23),ISNUMBER(C23)),B23*100+C23,"") | L23: =IF(OR(G23="",NOT(ISNUMBER(B23))),"",IF(AND(B23>=Settings!$C$6,B23<=Settings!$C$6+6),B23*1000+ROW(),""))
B24: 46290 | C24: 3 | E24: Titration | F24: Carry out a titration safely | H24: x | I24: =IF(B24="","",IF(D24<>"",D24,IF(AND(ISNUMBER(B24),ISNUMBER(C24)),IF(OR(WEEKDAY(B24,2)>5,C24<1,C24>10),"",IF(INDEX(Timetable!$E$6:$I$15,C24,WEEKDAY(B24,2))="","",INDEX(Timetable!$E$6:$I$15,C24,WEEKDAY(B24,2)))),""))) | K24: =IF(AND(ISNUMBER(B24),ISNUMBER(C24)),B24*100+C24,"") | L24: =IF(OR(G24="",NOT(ISNUMBER(B24))),"",IF(AND(B24>=Settings!$C$6,B24<=Settings!$C$6+6),B24*1000+ROW(),""))
B25: 46290 | C25: 5 | E25: Gas pressure | H25: x | I25: =IF(B25="","",IF(D25<>"",D25,IF(AND(ISNUMBER(B25),ISNUMBER(C25)),IF(OR(WEEKDAY(B25,2)>5,C25<1,C25>10),"",IF(INDEX(Timetable!$E$6:$I$15,C25,WEEKDAY(B25,2))="","",INDEX(Timetable!$E$6:$I$15,C25,WEEKDAY(B25,2)))),""))) | K25: =IF(AND(ISNUMBER(B25),ISNUMBER(C25)),B25*100+C25,"") | L25: =IF(OR(G25="",NOT(ISNUMBER(B25))),"",IF(AND(B25>=Settings!$C$6,B25<=Settings!$C$6+6),B25*1000+ROW(),""))
B26: 46290 | C26: 6 | E26: Cells test | H26: x | I26: =IF(B26="","",IF(D26<>"",D26,IF(AND(ISNUMBER(B26),ISNUMBER(C26)),IF(OR(WEEKDAY(B26,2)>5,C26<1,C26>10),"",IF(INDEX(Timetable!$E$6:$I$15,C26,WEEKDAY(B26,2))="","",INDEX(Timetable!$E$6:$I$15,C26,WEEKDAY(B26,2)))),""))) | K26: =IF(AND(ISNUMBER(B26),ISNUMBER(C26)),B26*100+C26,"") | L26: =IF(OR(G26="",NOT(ISNUMBER(B26))),"",IF(AND(B26>=Settings!$C$6,B26<=Settings!$C$6+6),B26*1000+ROW(),""))
B27: 46293 | C27: 1 | E27: Unit 2: tissues and organs | I27: =IF(B27="","",IF(D27<>"",D27,IF(AND(ISNUMBER(B27),ISNUMBER(C27)),IF(OR(WEEKDAY(B27,2)>5,C27<1,C27>10),"",IF(INDEX(Timetable!$E$6:$I$15,C27,WEEKDAY(B27,2))="","",INDEX(Timetable!$E$6:$I$15,C27,WEEKDAY(B27,2)))),""))) | K27: =IF(AND(ISNUMBER(B27),ISNUMBER(C27)),B27*100+C27,"") | L27: =IF(OR(G27="",NOT(ISNUMBER(B27))),"",IF(AND(B27>=Settings!$C$6,B27<=Settings!$C$6+6),B27*1000+ROW(),""))
B28: 46293 | C28: 2 | E28: Organ systems | F28: Link organs to their systems | G28: Label the organ systems | I28: =IF(B28="","",IF(D28<>"",D28,IF(AND(ISNUMBER(B28),ISNUMBER(C28)),IF(OR(WEEKDAY(B28,2)>5,C28<1,C28>10),"",IF(INDEX(Timetable!$E$6:$I$15,C28,WEEKDAY(B28,2))="","",INDEX(Timetable!$E$6:$I$15,C28,WEEKDAY(B28,2)))),""))) | K28: =IF(AND(ISNUMBER(B28),ISNUMBER(C28)),B28*100+C28,"") | L28: =IF(OR(G28="",NOT(ISNUMBER(B28))),"",IF(AND(B28>=Settings!$C$6,B28<=Settings!$C$6+6),B28*1000+ROW(),""))
B29: 46293 | C29: 4 | E29: Absorption | G29: Plan the essay | I29: =IF(B29="","",IF(D29<>"",D29,IF(AND(ISNUMBER(B29),ISNUMBER(C29)),IF(OR(WEEKDAY(B29,2)>5,C29<1,C29>10),"",IF(INDEX(Timetable!$E$6:$I$15,C29,WEEKDAY(B29,2))="","",INDEX(Timetable!$E$6:$I$15,C29,WEEKDAY(B29,2)))),""))) | K29: =IF(AND(ISNUMBER(B29),ISNUMBER(C29)),B29*100+C29,"") | L29: =IF(OR(G29="",NOT(ISNUMBER(B29))),"",IF(AND(B29>=Settings!$C$6,B29<=Settings!$C$6+6),B29*1000+ROW(),""))
B30: 46293 | C30: 5 | E30: Unit 1 test | I30: =IF(B30="","",IF(D30<>"",D30,IF(AND(ISNUMBER(B30),ISNUMBER(C30)),IF(OR(WEEKDAY(B30,2)>5,C30<1,C30>10),"",IF(INDEX(Timetable!$E$6:$I$15,C30,WEEKDAY(B30,2))="","",INDEX(Timetable!$E$6:$I$15,C30,WEEKDAY(B30,2)))),""))) | K30: =IF(AND(ISNUMBER(B30),ISNUMBER(C30)),B30*100+C30,"") | L30: =IF(OR(G30="",NOT(ISNUMBER(B30))),"",IF(AND(B30>=Settings!$C$6,B30<=Settings!$C$6+6),B30*1000+ROW(),""))
B31: 46294 | C31: 2 | E31: Rates of reaction | F31: Name four factors | G31: Rates homework sheet | I31: =IF(B31="","",IF(D31<>"",D31,IF(AND(ISNUMBER(B31),ISNUMBER(C31)),IF(OR(WEEKDAY(B31,2)>5,C31<1,C31>10),"",IF(INDEX(Timetable!$E$6:$I$15,C31,WEEKDAY(B31,2))="","",INDEX(Timetable!$E$6:$I$15,C31,WEEKDAY(B31,2)))),""))) | K31: =IF(AND(ISNUMBER(B31),ISNUMBER(C31)),B31*100+C31,"") | L31: =IF(OR(G31="",NOT(ISNUMBER(B31))),"",IF(AND(B31>=Settings!$C$6,B31<=Settings!$C$6+6),B31*1000+ROW(),""))
B32: 46294 | C32: 3 | E32: Unit 1 test | I32: =IF(B32="","",IF(D32<>"",D32,IF(AND(ISNUMBER(B32),ISNUMBER(C32)),IF(OR(WEEKDAY(B32,2)>5,C32<1,C32>10),"",IF(INDEX(Timetable!$E$6:$I$15,C32,WEEKDAY(B32,2))="","",INDEX(Timetable!$E$6:$I$15,C32,WEEKDAY(B32,2)))),""))) | K32: =IF(AND(ISNUMBER(B32),ISNUMBER(C32)),B32*100+C32,"") | L32: =IF(OR(G32="",NOT(ISNUMBER(B32))),"",IF(AND(B32>=Settings!$C$6,B32<=Settings!$C$6+6),B32*1000+ROW(),""))
B33: 46294 | C33: 4 | E33: Pure substances | I33: =IF(B33="","",IF(D33<>"",D33,IF(AND(ISNUMBER(B33),ISNUMBER(C33)),IF(OR(WEEKDAY(B33,2)>5,C33<1,C33>10),"",IF(INDEX(Timetable!$E$6:$I$15,C33,WEEKDAY(B33,2))="","",INDEX(Timetable!$E$6:$I$15,C33,WEEKDAY(B33,2)))),""))) | K33: =IF(AND(ISNUMBER(B33),ISNUMBER(C33)),B33*100+C33,"") | L33: =IF(OR(G33="",NOT(ISNUMBER(B33))),"",IF(AND(B33>=Settings!$C$6,B33<=Settings!$C$6+6),B33*1000+ROW(),""))
B34: 46294 | C34: 6 | E34: Essay planning | I34: =IF(B34="","",IF(D34<>"",D34,IF(AND(ISNUMBER(B34),ISNUMBER(C34)),IF(OR(WEEKDAY(B34,2)>5,C34<1,C34>10),"",IF(INDEX(Timetable!$E$6:$I$15,C34,WEEKDAY(B34,2))="","",INDEX(Timetable!$E$6:$I$15,C34,WEEKDAY(B34,2)))),""))) | K34: =IF(AND(ISNUMBER(B34),ISNUMBER(C34)),B34*100+C34,"") | L34: =IF(OR(G34="",NOT(ISNUMBER(B34))),"",IF(AND(B34>=Settings!$C$6,B34<=Settings!$C$6+6),B34*1000+ROW(),""))
B35: 46295 | C35: 1 | E35: Heart and blood | F35: Trace the path of blood | I35: =IF(B35="","",IF(D35<>"",D35,IF(AND(ISNUMBER(B35),ISNUMBER(C35)),IF(OR(WEEKDAY(B35,2)>5,C35<1,C35>10),"",IF(INDEX(Timetable!$E$6:$I$15,C35,WEEKDAY(B35,2))="","",INDEX(Timetable!$E$6:$I$15,C35,WEEKDAY(B35,2)))),""))) | K35: =IF(AND(ISNUMBER(B35),ISNUMBER(C35)),B35*100+C35,"") | L35: =IF(OR(G35="",NOT(ISNUMBER(B35))),"",IF(AND(B35>=Settings!$C$6,B35<=Settings!$C$6+6),B35*1000+ROW(),""))
B36: 46295 | C36: 3 | E36: Diffusion demo | I36: =IF(B36="","",IF(D36<>"",D36,IF(AND(ISNUMBER(B36),ISNUMBER(C36)),IF(OR(WEEKDAY(B36,2)>5,C36<1,C36>10),"",IF(INDEX(Timetable!$E$6:$I$15,C36,WEEKDAY(B36,2))="","",INDEX(Timetable!$E$6:$I$15,C36,WEEKDAY(B36,2)))),""))) | K36: =IF(AND(ISNUMBER(B36),ISNUMBER(C36)),B36*100+C36,"") | L36: =IF(OR(G36="",NOT(ISNUMBER(B36))),"",IF(AND(B36>=Settings!$C$6,B36<=Settings!$C$6+6),B36*1000+ROW(),""))
B37: 46295 | C37: 4 | E37: Organs quiz | I37: =IF(B37="","",IF(D37<>"",D37,IF(AND(ISNUMBER(B37),ISNUMBER(C37)),IF(OR(WEEKDAY(B37,2)>5,C37<1,C37>10),"",IF(INDEX(Timetable!$E$6:$I$15,C37,WEEKDAY(B37,2))="","",INDEX(Timetable!$E$6:$I$15,C37,WEEKDAY(B37,2)))),""))) | K37: =IF(AND(ISNUMBER(B37),ISNUMBER(C37)),B37*100+C37,"") | L37: =IF(OR(G37="",NOT(ISNUMBER(B37))),"",IF(AND(B37>=Settings!$C$6,B37<=Settings!$C$6+6),B37*1000+ROW(),""))
B38: 46295 | C38: 5 | E38: Blood vessels | I38: =IF(B38="","",IF(D38<>"",D38,IF(AND(ISNUMBER(B38),ISNUMBER(C38)),IF(OR(WEEKDAY(B38,2)>5,C38<1,C38>10),"",IF(INDEX(Timetable!$E$6:$I$15,C38,WEEKDAY(B38,2))="","",INDEX(Timetable!$E$6:$I$15,C38,WEEKDAY(B38,2)))),""))) | K38: =IF(AND(ISNUMBER(B38),ISNUMBER(C38)),B38*100+C38,"") | L38: =IF(OR(G38="",NOT(ISNUMBER(B38))),"",IF(AND(B38>=Settings!$C$6,B38<=Settings!$C$6+6),B38*1000+ROW(),""))
B39: 46295 | C39: 6 | E39: Rates practical | I39: =IF(B39="","",IF(D39<>"",D39,IF(AND(ISNUMBER(B39),ISNUMBER(C39)),IF(OR(WEEKDAY(B39,2)>5,C39<1,C39>10),"",IF(INDEX(Timetable!$E$6:$I$15,C39,WEEKDAY(B39,2))="","",INDEX(Timetable!$E$6:$I$15,C39,WEEKDAY(B39,2)))),""))) | K39: =IF(AND(ISNUMBER(B39),ISNUMBER(C39)),B39*100+C39,"") | L39: =IF(OR(G39="",NOT(ISNUMBER(B39))),"",IF(AND(B39>=Settings!$C$6,B39<=Settings!$C$6+6),B39*1000+ROW(),""))
B40: 46296 | C40: 1 | E40: Mixtures | F40: Tell mixtures from compounds | G40: Revise for the quiz | I40: =IF(B40="","",IF(D40<>"",D40,IF(AND(ISNUMBER(B40),ISNUMBER(C40)),IF(OR(WEEKDAY(B40,2)>5,C40<1,C40>10),"",IF(INDEX(Timetable!$E$6:$I$15,C40,WEEKDAY(B40,2))="","",INDEX(Timetable!$E$6:$I$15,C40,WEEKDAY(B40,2)))),""))) | K40: =IF(AND(ISNUMBER(B40),ISNUMBER(C40)),B40*100+C40,"") | L40: =IF(OR(G40="",NOT(ISNUMBER(B40))),"",IF(AND(B40>=Settings!$C$6,B40<=Settings!$C$6+6),B40*1000+ROW(),""))
B41: 46296 | C41: 2 | E41: Filtration practical | I41: =IF(B41="","",IF(D41<>"",D41,IF(AND(ISNUMBER(B41),ISNUMBER(C41)),IF(OR(WEEKDAY(B41,2)>5,C41<1,C41>10),"",IF(INDEX(Timetable!$E$6:$I$15,C41,WEEKDAY(B41,2))="","",INDEX(Timetable!$E$6:$I$15,C41,WEEKDAY(B41,2)))),""))) | K41: =IF(AND(ISNUMBER(B41),ISNUMBER(C41)),B41*100+C41,"") | L41: =IF(OR(G41="",NOT(ISNUMBER(B41))),"",IF(AND(B41>=Settings!$C$6,B41<=Settings!$C$6+6),B41*1000+ROW(),""))
B42: 46297 | C42: 2 | E42: Heart dissection | I42: =IF(B42="","",IF(D42<>"",D42,IF(AND(ISNUMBER(B42),ISNUMBER(C42)),IF(OR(WEEKDAY(B42,2)>5,C42<1,C42>10),"",IF(INDEX(Timetable!$E$6:$I$15,C42,WEEKDAY(B42,2))="","",INDEX(Timetable!$E$6:$I$15,C42,WEEKDAY(B42,2)))),""))) | K42: =IF(AND(ISNUMBER(B42),ISNUMBER(C42)),B42*100+C42,"") | L42: =IF(OR(G42="",NOT(ISNUMBER(B42))),"",IF(AND(B42>=Settings!$C$6,B42<=Settings!$C$6+6),B42*1000+ROW(),""))
B43: 46297 | C43: 3 | E43: Catalysts | I43: =IF(B43="","",IF(D43<>"",D43,IF(AND(ISNUMBER(B43),ISNUMBER(C43)),IF(OR(WEEKDAY(B43,2)>5,C43<1,C43>10),"",IF(INDEX(Timetable!$E$6:$I$15,C43,WEEKDAY(B43,2))="","",INDEX(Timetable!$E$6:$I$15,C43,WEEKDAY(B43,2)))),""))) | K43: =IF(AND(ISNUMBER(B43),ISNUMBER(C43)),B43*100+C43,"") | L43: =IF(OR(G43="",NOT(ISNUMBER(B43))),"",IF(AND(B43>=Settings!$C$6,B43<=Settings!$C$6+6),B43*1000+ROW(),""))
B44: 46297 | C44: 5 | E44: Chromatography | I44: =IF(B44="","",IF(D44<>"",D44,IF(AND(ISNUMBER(B44),ISNUMBER(C44)),IF(OR(WEEKDAY(B44,2)>5,C44<1,C44>10),"",IF(INDEX(Timetable!$E$6:$I$15,C44,WEEKDAY(B44,2))="","",INDEX(Timetable!$E$6:$I$15,C44,WEEKDAY(B44,2)))),""))) | K44: =IF(AND(ISNUMBER(B44),ISNUMBER(C44)),B44*100+C44,"") | L44: =IF(OR(G44="",NOT(ISNUMBER(B44))),"",IF(AND(B44>=Settings!$C$6,B44<=Settings!$C$6+6),B44*1000+ROW(),""))
I45: =IF(B45="","",IF(D45<>"",D45,IF(AND(ISNUMBER(B45),ISNUMBER(C45)),IF(OR(WEEKDAY(B45,2)>5,C45<1,C45>10),"",IF(INDEX(Timetable!$E$6:$I$15,C45,WEEKDAY(B45,2))="","",INDEX(Timetable!$E$6:$I$15,C45,WEEKDAY(B45,2)))),""))) | K45: =IF(AND(ISNUMBER(B45),ISNUMBER(C45)),B45*100+C45,"") | L45: =IF(OR(G45="",NOT(ISNUMBER(B45))),"",IF(AND(B45>=Settings!$C$6,B45<=Settings!$C$6+6),B45*1000+ROW(),""))
I46: =IF(B46="","",IF(D46<>"",D46,IF(AND(ISNUMBER(B46),ISNUMBER(C46)),IF(OR(WEEKDAY(B46,2)>5,C46<1,C46>10),"",IF(INDEX(Timetable!$E$6:$I$15,C46,WEEKDAY(B46,2))="","",INDEX(Timetable!$E$6:$I$15,C46,WEEKDAY(B46,2)))),""))) | K46: =IF(AND(ISNUMBER(B46),ISNUMBER(C46)),B46*100+C46,"") | L46: =IF(OR(G46="",NOT(ISNUMBER(B46))),"",IF(AND(B46>=Settings!$C$6,B46<=Settings!$C$6+6),B46*1000+ROW(),""))
I47: =IF(B47="","",IF(D47<>"",D47,IF(AND(ISNUMBER(B47),ISNUMBER(C47)),IF(OR(WEEKDAY(B47,2)>5,C47<1,C47>10),"",IF(INDEX(Timetable!$E$6:$I$15,C47,WEEKDAY(B47,2))="","",INDEX(Timetable!$E$6:$I$15,C47,WEEKDAY(B47,2)))),""))) | K47: =IF(AND(ISNUMBER(B47),ISNUMBER(C47)),B47*100+C47,"") | L47: =IF(OR(G47="",NOT(ISNUMBER(B47))),"",IF(AND(B47>=Settings!$C$6,B47<=Settings!$C$6+6),B47*1000+ROW(),""))
I48: =IF(B48="","",IF(D48<>"",D48,IF(AND(ISNUMBER(B48),ISNUMBER(C48)),IF(OR(WEEKDAY(B48,2)>5,C48<1,C48>10),"",IF(INDEX(Timetable!$E$6:$I$15,C48,WEEKDAY(B48,2))="","",INDEX(Timetable!$E$6:$I$15,C48,WEEKDAY(B48,2)))),""))) | K48: =IF(AND(ISNUMBER(B48),ISNUMBER(C48)),B48*100+C48,"") | L48: =IF(OR(G48="",NOT(ISNUMBER(B48))),"",IF(AND(B48>=Settings!$C$6,B48<=Settings!$C$6+6),B48*1000+ROW(),""))
I49: =IF(B49="","",IF(D49<>"",D49,IF(AND(ISNUMBER(B49),ISNUMBER(C49)),IF(OR(WEEKDAY(B49,2)>5,C49<1,C49>10),"",IF(INDEX(Timetable!$E$6:$I$15,C49,WEEKDAY(B49,2))="","",INDEX(Timetable!$E$6:$I$15,C49,WEEKDAY(B49,2)))),""))) | K49: =IF(AND(ISNUMBER(B49),ISNUMBER(C49)),B49*100+C49,"") | L49: =IF(OR(G49="",NOT(ISNUMBER(B49))),"",IF(AND(B49>=Settings!$C$6,B49<=Settings!$C$6+6),B49*1000+ROW(),""))
I50: =IF(B50="","",IF(D50<>"",D50,IF(AND(ISNUMBER(B50),ISNUMBER(C50)),IF(OR(WEEKDAY(B50,2)>5,C50<1,C50>10),"",IF(INDEX(Timetable!$E$6:$I$15,C50,WEEKDAY(B50,2))="","",INDEX(Timetable!$E$6:$I$15,C50,WEEKDAY(B50,2)))),""))) | K50: =IF(AND(ISNUMBER(B50),ISNUMBER(C50)),B50*100+C50,"") | L50: =IF(OR(G50="",NOT(ISNUMBER(B50))),"",IF(AND(B50>=Settings!$C$6,B50<=Settings!$C$6+6),B50*1000+ROW(),""))
I51: =IF(B51="","",IF(D51<>"",D51,IF(AND(ISNUMBER(B51),ISNUMBER(C51)),IF(OR(WEEKDAY(B51,2)>5,C51<1,C51>10),"",IF(INDEX(Timetable!$E$6:$I$15,C51,WEEKDAY(B51,2))="","",INDEX(Timetable!$E$6:$I$15,C51,WEEKDAY(B51,2)))),""))) | K51: =IF(AND(ISNUMBER(B51),ISNUMBER(C51)),B51*100+C51,"") | L51: =IF(OR(G51="",NOT(ISNUMBER(B51))),"",IF(AND(B51>=Settings!$C$6,B51<=Settings!$C$6+6),B51*1000+ROW(),""))
I52: =IF(B52="","",IF(D52<>"",D52,IF(AND(ISNUMBER(B52),ISNUMBER(C52)),IF(OR(WEEKDAY(B52,2)>5,C52<1,C52>10),"",IF(INDEX(Timetable!$E$6:$I$15,C52,WEEKDAY(B52,2))="","",INDEX(Timetable!$E$6:$I$15,C52,WEEKDAY(B52,2)))),""))) | K52: =IF(AND(ISNUMBER(B52),ISNUMBER(C52)),B52*100+C52,"") | L52: =IF(OR(G52="",NOT(ISNUMBER(B52))),"",IF(AND(B52>=Settings!$C$6,B52<=Settings!$C$6+6),B52*1000+ROW(),""))
I53: =IF(B53="","",IF(D53<>"",D53,IF(AND(ISNUMBER(B53),ISNUMBER(C53)),IF(OR(WEEKDAY(B53,2)>5,C53<1,C53>10),"",IF(INDEX(Timetable!$E$6:$I$15,C53,WEEKDAY(B53,2))="","",INDEX(Timetable!$E$6:$I$15,C53,WEEKDAY(B53,2)))),""))) | K53: =IF(AND(ISNUMBER(B53),ISNUMBER(C53)),B53*100+C53,"") | L53: =IF(OR(G53="",NOT(ISNUMBER(B53))),"",IF(AND(B53>=Settings!$C$6,B53<=Settings!$C$6+6),B53*1000+ROW(),""))
I54: =IF(B54="","",IF(D54<>"",D54,IF(AND(ISNUMBER(B54),ISNUMBER(C54)),IF(OR(WEEKDAY(B54,2)>5,C54<1,C54>10),"",IF(INDEX(Timetable!$E$6:$I$15,C54,WEEKDAY(B54,2))="","",INDEX(Timetable!$E$6:$I$15,C54,WEEKDAY(B54,2)))),""))) | K54: =IF(AND(ISNUMBER(B54),ISNUMBER(C54)),B54*100+C54,"") | L54: =IF(OR(G54="",NOT(ISNUMBER(B54))),"",IF(AND(B54>=Settings!$C$6,B54<=Settings!$C$6+6),B54*1000+ROW(),""))
I55: =IF(B55="","",IF(D55<>"",D55,IF(AND(ISNUMBER(B55),ISNUMBER(C55)),IF(OR(WEEKDAY(B55,2)>5,C55<1,C55>10),"",IF(INDEX(Timetable!$E$6:$I$15,C55,WEEKDAY(B55,2))="","",INDEX(Timetable!$E$6:$I$15,C55,WEEKDAY(B55,2)))),""))) | K55: =IF(AND(ISNUMBER(B55),ISNUMBER(C55)),B55*100+C55,"") | L55: =IF(OR(G55="",NOT(ISNUMBER(B55))),"",IF(AND(B55>=Settings!$C$6,B55<=Settings!$C$6+6),B55*1000+ROW(),""))
I56: =IF(B56="","",IF(D56<>"",D56,IF(AND(ISNUMBER(B56),ISNUMBER(C56)),IF(OR(WEEKDAY(B56,2)>5,C56<1,C56>10),"",IF(INDEX(Timetable!$E$6:$I$15,C56,WEEKDAY(B56,2))="","",INDEX(Timetable!$E$6:$I$15,C56,WEEKDAY(B56,2)))),""))) | K56: =IF(AND(ISNUMBER(B56),ISNUMBER(C56)),B56*100+C56,"") | L56: =IF(OR(G56="",NOT(ISNUMBER(B56))),"",IF(AND(B56>=Settings!$C$6,B56<=Settings!$C$6+6),B56*1000+ROW(),""))
... I505: =IF(B505="","",IF(D505<>"",D505,IF(AND(ISNUMBER(B505),ISNUMBER(C505)),IF(OR(WEEKDAY(B505,2)>5,C505<1,C505>10),"",IF(INDEX(Timetable!$E$6:$I$15,C505,WEEKDAY(B505,2))="","",INDEX(Timetable!$E$6:$I$15,C505,WEEKDAY(B505,2)))),""))) | K505: =IF(AND(ISNUMBER(B505),ISNUMBER(C505)),B505*100+C505,"") | L505: =IF(OR(G505="",NOT(ISNUMBER(B505))),"",IF(AND(B505>=Settings!$C$6,B505<=Settings!$C$6+6),B505*1000+ROW(),""))

Sheet Timetable
B2: Timetable
B3: Your usual week: the class in each period. Leave free periods empty.
B5: Period | C5: Starts | D5: Ends | E5: Monday | F5: Tuesday | G5: Wednesday | H5: Thursday | I5: Friday
B6: 1 | C6: 0.36458333 | D6: 0.40277778 | E6: 7B Science | G6: 9C Biology | H6: 8A Science
B7: 2 | C7: 0.40277778 | D7: 0.44097222 | E7: 7B Science | F7: 10D Chemistry | H7: 8A Science | I7: 9C Biology
B8: 3 | C8: 0.45138889 | D8: 0.48958333 | F8: 8A Science | G8: 7B Science | I8: 10D Chemistry
B9: 4 | C9: 0.48958333 | D9: 0.52777778 | E9: 9C Biology | F9: 8A Science | G9: 7B Science | H9: 10D Chemistry
B10: 5 | C10: 0.5625 | D10: 0.60069444 | E10: 10D Chemistry | G10: 9C Biology | H10: 7B Science | I10: 8A Science
B11: 6 | C11: 0.60069444 | D11: 0.63888889 | F11: 9C Biology | G11: 10D Chemistry | I11: 7B Science
B12: 7
B13: 8
B14: 9
B15: 10

Sheet Class 1
B2: =IF(Settings!$C$9="","Class 1",Settings!$C$9) | AC2: =Settings!$C$4
B3: Scores as numbers. M for missing work (counts as 0), Ex for excused (left out), empty for not marked yet.
G5: Assessment | H5: Lab safety quiz | I5: Cells homework | J5: Microscope practical | K5: Unit 1 test | L5: Cell model
G6: Date | H6: 46269 | I6: 46276 | J6: 46281 | K6: 46288 | L6: 46292
G7: Out of | H7: 10 | I7: 20 | J7: 25 | K7: 50 | L7: 20
G8: Weight | H8: 1 | I8: 1 | J8: 1 | K8: 2 | L8: 1
C9: =IF(COUNT(C11:C50)=0,"",AVERAGE(C11:C50)) | G9: Class average | H9: =IF(OR(N(H7)<=0,COUNT(H11:H50)=0),"",AVERAGE(H11:H50)/H7) | I9: =IF(OR(N(I7)<=0,COUNT(I11:I50)=0),"",AVERAGE(I11:I50)/I7) | J9: =IF(OR(N(J7)<=0,COUNT(J11:J50)=0),"",AVERAGE(J11:J50)/J7) | K9: =IF(OR(N(K7)<=0,COUNT(K11:K50)=0),"",AVERAGE(K11:K50)/K7) | L9: =IF(OR(N(L7)<=0,COUNT(L11:L50)=0),"",AVERAGE(L11:L50)/L7) | M9: =IF(OR(N(M7)<=0,COUNT(M11:M50)=0),"",AVERAGE(M11:M50)/M7) | N9: =IF(OR(N(N7)<=0,COUNT(N11:N50)=0),"",AVERAGE(N11:N50)/N7) | O9: =IF(OR(N(O7)<=0,COUNT(O11:O50)=0),"",AVERAGE(O11:O50)/O7) | ... AA9: =IF(OR(N(AA7)<=0,COUNT(AA11:AA50)=0),"",AVERAGE(AA11:AA50)/AA7)
B10: Student | C10: Average | D10: Grade | E10: Missing | F10: Absent | G10: Late | H10: 1 | I10: 2 | J10: 3 | K10: 4 | L10: 5 | M10: 6 | N10: 7 | O10: 8 | P10: 9 | Q10: 10 | R10: 11 | S10: 12 | T10: 13 | U10: 14 | V10: 15 | W10: 16 | X10: 17 | Y10: 18 | Z10: 19 | AA10: 20
B11: Talia K. | C11: =IF(B11="","",IF((SUMPRODUCT(--ISNUMBER(H11:AA11),$H$52:$AA$52)+SUMPRODUCT(--(H11:AA11="M"),$H$52:$AA$52))=0,"",ROUND(SUMPRODUCT(H11:AA11,$H$53:$AA$53)/(SUMPRODUCT(--ISNUMBER(H11:AA11),$H$52:$AA$52)+SUMPRODUCT(--(H11:AA11="M"),$H$52:$AA$52))*100,1)/100)) | D11: =IF(C11="","",IFERROR(INDEX(Settings!$C$17:$C$26,MATCH(AC11,Settings!$B$17:$B$26,0)),"")) | E11: =IF(B11="","",COUNTIF(H11:AA11,"M")) | F11: =IF(B11="","",COUNTIFS(Absences!$C$6:$C$405,Settings!$C$9,Absences!$D$6:$D$405,B11,Absences!$E$6:$E$405,"Absent")) | G11: =IF(B11="","",COUNTIFS(Absences!$C$6:$C$405,Settings!$C$9,Absences!$D$6:$D$405,B11,Absences!$E$6:$E$405,"Late")) | H11: 10 | I11: 20 | J11: 24 | K11: 48 | AC11: =IF(C11="","",SUMPRODUCT(MAX(ISNUMBER(Settings!$B$17:$B$26)*(Settings!$B$17:$B$26<=ROUND(C11*100,1))*Settings!$B$17:$B$26))) | AD11: =IF(C11="","",ROUND(C11*1000,0)*1000+101) | AE11: =IF(C11="",0,IF(ROUND(C11*100,1)<N($AC$2),1,0))
B12: Noah M. | C12: =IF(B12="","",IF((SUMPRODUCT(--ISNUMBER(H12:AA12),$H$52:$AA$52)+SUMPRODUCT(--(H12:AA12="M"),$H$52:$AA$52))=0,"",ROUND(SUMPRODUCT(H12:AA12,$H$53:$AA$53)/(SUMPRODUCT(--ISNUMBER(H12:AA12),$H$52:$AA$52)+SUMPRODUCT(--(H12:AA12="M"),$H$52:$AA$52))*100,1)/100)) | D12: =IF(C12="","",IFERROR(INDEX(Settings!$C$17:$C$26,MATCH(AC12,Settings!$B$17:$B$26,0)),"")) | E12: =IF(B12="","",COUNTIF(H12:AA12,"M")) | F12: =IF(B12="","",COUNTIFS(Absences!$C$6:$C$405,Settings!$C$9,Absences!$D$6:$D$405,B12,Absences!$E$6:$E$405,"Absent")) | G12: =IF(B12="","",COUNTIFS(Absences!$C$6:$C$405,Settings!$C$9,Absences!$D$6:$D$405,B12,Absences!$E$6:$E$405,"Late")) | H12: 7 | I12: 14 | J12: 18 | K12: 38 | AC12: =IF(C12="","",SUMPRODUCT(MAX(ISNUMBER(Settings!$B$17:$B$26)*(Settings!$B$17:$B$26<=ROUND(C12*100,1))*Settings!$B$17:$B$26))) | AD12: =IF(C12="","",ROUND(C12*1000,0)*1000+102) | AE12: =IF(C12="",0,IF(ROUND(C12*100,1)<N($AC$2),1,0))
B13: Farah O. | C13: =IF(B13="","",IF((SUMPRODUCT(--ISNUMBER(H13:AA13),$H$52:$AA$52)+SUMPRODUCT(--(H13:AA13="M"),$H$52:$AA$52))=0,"",ROUND(SUMPRODUCT(H13:AA13,$H$53:$AA$53)/(SUMPRODUCT(--ISNUMBER(H13:AA13),$H$52:$AA$52)+SUMPRODUCT(--(H13:AA13="M"),$H$52:$AA$52))*100,1)/100)) | D13: =IF(C13="","",IFERROR(INDEX(Settings!$C$17:$C$26,MATCH(AC13,Settings!$B$17:$B$26,0)),"")) | E13: =IF(B13="","",COUNTIF(H13:AA13,"M")) | F13: =IF(B13="","",COUNTIFS(Absences!$C$6:$C$405,Settings!$C$9,Absences!$D$6:$D$405,B13,Absences!$E$6:$E$405,"Absent")) | G13: =IF(B13="","",COUNTIFS(Absences!$C$6:$C$405,Settings!$C$9,Absences!$D$6:$D$405,B13,Absences!$E$6:$E$405,"Late")) | H13: 7 | I13: 9 | J13: 13 | K13: 31 | AC13: =IF(C13="","",SUMPRODUCT(MAX(ISNUMBER(Settings!$B$17:$B$26)*(Settings!$B$17:$B$26<=ROUND(C13*100,1))*Settings!$B$17:$B$26))) | AD13: =IF(C13="","",ROUND(C13*1000,0)*1000+103) | AE13: =IF(C13="",0,IF(ROUND(C13*100,1)<N($AC$2),1,0))
B14: Olive W. | C14: =IF(B14="","",IF((SUMPRODUCT(--ISNUMBER(H14:AA14),$H$52:$AA$52)+SUMPRODUCT(--(H14:AA14="M"),$H$52:$AA$52))=0,"",ROUND(SUMPRODUCT(H14:AA14,$H$53:$AA$53)/(SUMPRODUCT(--ISNUMBER(H14:AA14),$H$52:$AA$52)+SUMPRODUCT(--(H14:AA14="M"),$H$52:$AA$52))*100,1)/100)) | D14: =IF(C14="","",IFERROR(INDEX(Settings!$C$17:$C$26,MATCH(AC14,Settings!$B$17:$B$26,0)),"")) | E14: =IF(B14="","",COUNTIF(H14:AA14,"M")) | F14: =IF(B14="","",COUNTIFS(Absences!$C$6:$C$405,Settings!$C$9,Absences!$D$6:$D$405,B14,Absences!$E$6:$E$405,"Absent")) | G14: =IF(B14="","",COUNTIFS(Absences!$C$6:$C$405,Settings!$C$9,Absences!$D$6:$D$405,B14,Absences!$E$6:$E$405,"Late")) | H14: 9 | I14: 19 | J14: 25 | K14: 44 | AC14: =IF(C14="","",SUMPRODUCT(MAX(ISNUMBER(Settings!$B$17:$B$26)*(Settings!$B$17:$B$26<=ROUND(C14*100,1))*Settings!$B$17:$B$26))) | AD14: =IF(C14="","",ROUND(C14*1000,0)*1000+104) | AE14: =IF(C14="",0,IF(ROUND(C14*100,1)<N($AC$2),1,0))
B15: Seth W. | C15: =IF(B15="","",IF((SUMPRODUCT(--ISNUMBER(H15:AA15),$H$52:$AA$52)+SUMPRODUCT(--(H15:AA15="M"),$H$52:$AA$52))=0,"",ROUND(SUMPRODUCT(H15:AA15,$H$53:$AA$53)/(SUMPRODUCT(--ISNUMBER(H15:AA15),$H$52:$AA$52)+SUMPRODUCT(--(H15:AA15="M"),$H$52:$AA$52))*100,1)/100)) | D15: =IF(C15="","",IFERROR(INDEX(Settings!$C$17:$C$26,MATCH(AC15,Settings!$B$17:$B$26,0)),"")) | E15: =IF(B15="","",COUNTIF(H15:AA15,"M")) | F15: =IF(B15="","",COUNTIFS(Absences!$C$6:$C$405,Settings!$C$9,Absences!$D$6:$D$405,B15,Absences!$E$6:$E$405,"Absent")) | G15: =IF(B15="","",COUNTIFS(Absences!$C$6:$C$405,Settings!$C$9,Absences!$D$6:$D$405,B15,Absences!$E$6:$E$405,"Late")) | H15: 7 | I15: 14 | J15: 18 | K15: 30 | AC15: =IF(C15="","",SUMPRODUCT(MAX(ISNUMBER(Settings!$B$17:$B$26)*(Settings!$B$17:$B$26<=ROUND(C15*100,1))*Settings!$B$17:$B$26))) | AD15: =IF(C15="","",ROUND(C15*1000,0)*1000+105) | AE15: =IF(C15="",0,IF(ROUND(C15*100,1)<N($AC$2),1,0))
B16: Pavel M. | C16: =IF(B16="","",IF((SUMPRODUCT(--ISNUMBER(H16:AA16),$H$52:$AA$52)+SUMPRODUCT(--(H16:AA16="M"),$H$52:$AA$52))=0,"",ROUND(SUMPRODUCT(H16:AA16,$H$53:$AA$53)/(SUMPRODUCT(--ISNUMBER(H16:AA16),$H$52:$AA$52)+SUMPRODUCT(--(H16:AA16="M"),$H$52:$AA$52))*100,1)/100)) | D16: =IF(C16="","",IFERROR(INDEX(Settings!$C$17:$C$26,MATCH(AC16,Settings!$B$17:$B$26,0)),"")) | E16: =IF(B16="","",COUNTIF(H16:AA16,"M")) | F16: =IF(B16="","",COUNTIFS(Absences!$C$6:$C$405,Settings!$C$9,Absences!$D$6:$D$405,B16,Absences!$E$6:$E$405,"Absent")) | G16: =IF(B16="","",COUNTIFS(Absences!$C$6:$C$405,Settings!$C$9,Absences!$D$6:$D$405,B16,Absences!$E$6:$E$405,"Late")) | H16: 7 | I16: 14 | J16: 17 | K16: 28 | AC16: =IF(C16="","",SUMPRODUCT(MAX(ISNUMBER(Settings!$B$17:$B$26)*(Settings!$B$17:$B$26<=ROUND(C16*100,1))*Settings!$B$17:$B$26))) | AD16: =IF(C16="","",ROUND(C16*1000,0)*1000+106) | AE16: =IF(C16="",0,IF(ROUND(C16*100,1)<N($AC$2),1,0))
B17: Holly W. | C17: =IF(B17="","",IF((SUMPRODUCT(--ISNUMBER(H17:AA17),$H$52:$AA$52)+SUMPRODUCT(--(H17:AA17="M"),$H$52:$AA$52))=0,"",ROUND(SUMPRODUCT(H17:AA17,$H$53:$AA$53)/(SUMPRODUCT(--ISNUMBER(H17:AA17),$H$52:$AA$52)+SUMPRODUCT(--(H17:AA17="M"),$H$52:$AA$52))*100,1)/100)) | D17: =IF(C17="","",IFERROR(INDEX(Settings!$C$17:$C$26,MATCH(AC17,Settings!$B$17:$B$26,0)),"")) | E17: =IF(B17="","",COUNTIF(H17:AA17,"M")) | F17: =IF(B17="","",COUNTIFS(Absences!$C$6:$C$405,Settings!$C$9,Absences!$D$6:$D$405,B17,Absences!$E$6:$E$405,"Absent")) | G17: =IF(B17="","",COUNTIFS(Absences!$C$6:$C$405,Settings!$C$9,Absences!$D$6:$D$405,B17,Absences!$E$6:$E$405,"Late")) | H17: 8 | I17: 14 | J17: 18 | K17: 35 | AC17: =IF(C17="","",SUMPRODUCT(MAX(ISNUMBER(Settings!$B$17:$B$26)*(Settings!$B$17:$B$26<=ROUND(C17*100,1))*Settings!$B$17:$B$26))) | AD17: =IF(C17="","",ROUND(C17*1000,0)*1000+107) | AE17: =IF(C17="",0,IF(ROUND(C17*100,1)<N($AC$2),1,0))
B18: Chloe B. | C18: =IF(B18="","",IF((SUMPRODUCT(--ISNUMBER(H18:AA18),$H$52:$AA$52)+SUMPRODUCT(--(H18:AA18="M"),$H$52:$AA$52))=0,"",ROUND(SUMPRODUCT(H18:AA18,$H$53:$AA$53)/(SUMPRODUCT(--ISNUMBER(H18:AA18),$H$52:$AA$52)+SUMPRODUCT(--(H18:AA18="M"),$H$52:$AA$52))*100,1)/100)) | D18: =IF(C18="","",IFERROR(INDEX(Settings!$C$17:$C$26,MATCH(AC18,Settings!$B$17:$B$26,0)),"")) | E18: =IF(B18="","",COUNTIF(H18:AA18,"M")) | F18: =IF(B18="","",COUNTIFS(Absences!$C$6:$C$405,Settings!$C$9,Absences!$D$6:$D$405,B18,Absences!$E$6:$E$405,"Absent")) | G18: =IF(B18="","",COUNTIFS(Absences!$C$6:$C$405,Settings!$C$9,Absences!$D$6:$D$405,B18,Absences!$E$6:$E$405,"Late")) | H18: 6 | I18: 11 | J18: 14 | K18: 27 | AC18: =IF(C18="","",SUMPRODUCT(MAX(ISNUMBER(Settings!$B$17:$B$26)*(Settings!$B$17:$B$26<=ROUND(C18*100,1))*Settings!$B$17:$B$26))) | AD18: =IF(C18="","",ROUND(C18*1000,0)*1000+108) | AE18: =IF(C18="",0,IF(ROUND(C18*100,1)<N($AC$2),1,0))
B19: Yara S. | C19: =IF(B19="","",IF((SUMPRODUCT(--ISNUMBER(H19:AA19),$H$52:$AA$52)+SUMPRODUCT(--(H19:AA19="M"),$H$52:$AA$52))=0,"",ROUND(SUMPRODUCT(H19:AA19,$H$53:$AA$53)/(SUMPRODUCT(--ISNUMBER(H19:AA19),$H$52:$AA$52)+SUMPRODUCT(--(H19:AA19="M"),$H$52:$AA$52))*100,1)/100)) | D19: =IF(C19="","",IFERROR(INDEX(Settings!$C$17:$C$26,MATCH(AC19,Settings!$B$17:$B$26,0)),"")) | E19: =IF(B19="","",COUNTIF(H19:AA19,"M")) | F19: =IF(B19="","",COUNTIFS(Absences!$C$6:$C$405,Settings!$C$9,Absences!$D$6:$D$405,B19,Absences!$E$6:$E$405,"Absent")) | G19: =IF(B19="","",COUNTIFS(Absences!$C$6:$C$405,Settings!$C$9,Absences!$D$6:$D$405,B19,Absences!$E$6:$E$405,"Late")) | H19: 5 | I19: 13 | J19: 16 | K19: 28 | AC19: =IF(C19="","",SUMPRODUCT(MAX(ISNUMBER(Settings!$B$17:$B$26)*(Settings!$B$17:$B$26<=ROUND(C19*100,1))*Settings!$B$17:$B$26))) | AD19: =IF(C19="","",ROUND(C19*1000,0)*1000+109) | AE19: =IF(C19="",0,IF(ROUND(C19*100,1)<N($AC$2),1,0))
B20: Dina G. | C20: =IF(B20="","",IF((SUMPRODUCT(--ISNUMBER(H20:AA20),$H$52:$AA$52)+SUMPRODUCT(--(H20:AA20="M"),$H$52:$AA$52))=0,"",ROUND(SUMPRODUCT(H20:AA20,$H$53:$AA$53)/(SUMPRODUCT(--ISNUMBER(H20:AA20),$H$52:$AA$52)+SUMPRODUCT(--(H20:AA20="M"),$H$52:$AA$52))*100,1)/100)) | D20: =IF(C20="","",IFERROR(INDEX(Settings!$C$17:$C$26,MATCH(AC20,Settings!$B$17:$B$26,0)),"")) | E20: =IF(B20="","",COUNTIF(H20:AA20,"M")) | F20: =IF(B20="","",COUNTIFS(Absences!$C$6:$C$405,Settings!$C$9,Absences!$D$6:$D$405,B20,Absences!$E$6:$E$405,"Absent")) | G20: =IF(B20="","",COUNTIFS(Absences!$C$6:$C$405,Settings!$C$9,Absences!$D$6:$D$405,B20,Absences!$E$6:$E$405,"Late")) | H20: 7 | I20: 14 | J20: 20 | K20: 38 | AC20: =IF(C20="","",SUMPRODUCT(MAX(ISNUMBER(Settings!$B$17:$B$26)*(Settings!$B$17:$B$26<=ROUND(C20*100,1))*Settings!$B$17:$B$26))) | AD20: =IF(C20="","",ROUND(C20*1000,0)*1000+110) | AE20: =IF(C20="",0,IF(ROUND(C20*100,1)<N($AC$2),1,0))
B21: Ivan S. | C21: =IF(B21="","",IF((SUMPRODUCT(--ISNUMBER(H21:AA21),$H$52:$AA$52)+SUMPRODUCT(--(H21:AA21="M"),$H$52:$AA$52))=0,"",ROUND(SUMPRODUCT(H21:AA21,$H$53:$AA$53)/(SUMPRODUCT(--ISNUMBER(H21:AA21),$H$52:$AA$52)+SUMPRODUCT(--(H21:AA21="M"),$H$52:$AA$52))*100,1)/100)) | D21: =IF(C21="","",IFERROR(INDEX(Settings!$C$17:$C$26,MATCH(AC21,Settings!$B$17:$B$26,0)),"")) | E21: =IF(B21="","",COUNTIF(H21:AA21,"M")) | F21: =IF(B21="","",COUNTIFS(Absences!$C$6:$C$405,Settings!$C$9,Absences!$D$6:$D$405,B21,Absences!$E$6:$E$405,"Absent")) | G21: =IF(B21="","",COUNTIFS(Absences!$C$6:$C$405,Settings!$C$9,Absences!$D$6:$D$405,B21,Absences!$E$6:$E$405,"Late")) | H21: 10 | I21: Ex | J21: 21 | K21: 50 | AC21: =IF(C21="","",SUMPRODUCT(MAX(ISNUMBER(Settings!$B$17:$B$26)*(Settings!$B$17:$B$26<=ROUND(C21*100,1))*Settings!$B$17:$B$26))) | AD21: =IF(C21="","",ROUND(C21*1000,0)*1000+111) | AE21: =IF(C21="",0,IF(ROUND(C21*100,1)<N($AC$2),1,0))
B22: George O. | C22: =IF(B22="","",IF((SUMPRODUCT(--ISNUMBER(H22:AA22),$H$52:$AA$52)+SUMPRODUCT(--(H22:AA22="M"),$H$52:$AA$52))=0,"",ROUND(SUMPRODUCT(H22:AA22,$H$53:$AA$53)/(SUMPRODUCT(--ISNUMBER(H22:AA22),$H$52:$AA$52)+SUMPRODUCT(--(H22:AA22="M"),$H$52:$AA$52))*100,1)/100)) | D22: =IF(C22="","",IFERROR(INDEX(Settings!$C$17:$C$26,MATCH(AC22,Settings!$B$17:$B$26,0)),"")) | E22: =IF(B22="","",COUNTIF(H22:AA22,"M")) | F22: =IF(B22="","",COUNTIFS(Absences!$C$6:$C$405,Settings!$C$9,Absences!$D$6:$D$405,B22,Absences!$E$6:$E$405,"Absent")) | G22: =IF(B22="","",COUNTIFS(Absences!$C$6:$C$405,Settings!$C$9,Absences!$D$6:$D$405,B22,Absences!$E$6:$E$405,"Late")) | H22: 9 | I22: 16 | J22: 20 | K22: 46 | AC22: =IF(C22="","",SUMPRODUCT(MAX(ISNUMBER(Settings!$B$17:$B$26)*(Settings!$B$17:$B$26<=ROUND(C22*100,1))*Settings!$B$17:$B$26))) | AD22: =IF(C22="","",ROUND(C22*1000,0)*1000+112) | AE22: =IF(C22="",0,IF(ROUND(C22*100,1)<N($AC$2),1,0))
B23: Eli C. | C23: =IF(B23="","",IF((SUMPRODUCT(--ISNUMBER(H23:AA23),$H$52:$AA$52)+SUMPRODUCT(--(H23:AA23="M"),$H$52:$AA$52))=0,"",ROUND(SUMPRODUCT(H23:AA23,$H$53:$AA$53)/(SUMPRODUCT(--ISNUMBER(H23:AA23),$H$52:$AA$52)+SUMPRODUCT(--(H23:AA23="M"),$H$52:$AA$52))*100,1)/100)) | D23: =IF(C23="","",IFERROR(INDEX(Settings!$C$17:$C$26,MATCH(AC23,Settings!$B$17:$B$26,0)),"")) | E23: =IF(B23="","",COUNTIF(H23:AA23,"M")) | F23: =IF(B23="","",COUNTIFS(Absences!$C$6:$C$405,Settings!$C$9,Absences!$D$6:$D$405,B23,Absences!$E$6:$E$405,"Absent")) | G23: =IF(B23="","",COUNTIFS(Absences!$C$6:$C$405,Settings!$C$9,Absences!$D$6:$D$405,B23,Absences!$E$6:$E$405,"Late")) | H23: 7 | I23: 13 | J23: 20 | K23: 37 | AC23: =IF(C23="","",SUMPRODUCT(MAX(ISNUMBER(Settings!$B$17:$B$26)*(Settings!$B$17:$B$26<=ROUND(C23*100,1))*Settings!$B$17:$B$26))) | AD23: =IF(C23="","",ROUND(C23*1000,0)*1000+113) | AE23: =IF(C23="",0,IF(ROUND(C23*100,1)<N($AC$2),1,0))
B24: Sami A. | C24: =IF(B24="","",IF((SUMPRODUCT(--ISNUMBER(H24:AA24),$H$52:$AA$52)+SUMPRODUCT(--(H24:AA24="M"),$H$52:$AA$52))=0,"",ROUND(SUMPRODUCT(H24:AA24,$H$53:$AA$53)/(SUMPRODUCT(--ISNUMBER(H24:AA24),$H$52:$AA$52)+SUMPRODUCT(--(H24:AA24="M"),$H$52:$AA$52))*100,1)/100)) | D24: =IF(C24="","",IFERROR(INDEX(Settings!$C$17:$C$26,MATCH(AC24,Settings!$B$17:$B$26,0)),"")) | E24: =IF(B24="","",COUNTIF(H24:AA24,"M")) | F24: =IF(B24="","",COUNTIFS(Absences!$C$6:$C$405,Settings!$C$9,Absences!$D$6:$D$405,B24,Absences!$E$6:$E$405,"Absent")) | G24: =IF(B24="","",COUNTIFS(Absences!$C$6:$C$405,Settings!$C$9,Absences!$D$6:$D$405,B24,Absences!$E$6:$E$405,"Late")) | H24: 8 | I24: 14 | J24: 23 | K24: 41 | AC24: =IF(C24="","",SUMPRODUCT(MAX(ISNUMBER(Settings!$B$17:$B$26)*(Settings!$B$17:$B$26<=ROUND(C24*100,1))*Settings!$B$17:$B$26))) | AD24: =IF(C24="","",ROUND(C24*1000,0)*1000+114) | AE24: =IF(C24="",0,IF(ROUND(C24*100,1)<N($AC$2),1,0))
B25: Zane A. | C25: =IF(B25="","",IF((SUMPRODUCT(--ISNUMBER(H25:AA25),$H$52:$AA$52)+SUMPRODUCT(--(H25:AA25="M"),$H$52:$AA$52))=0,"",ROUND(SUMPRODUCT(H25:AA25,$H$53:$AA$53)/(SUMPRODUCT(--ISNUMBER(H25:AA25),$H$52:$AA$52)+SUMPRODUCT(--(H25:AA25="M"),$H$52:$AA$52))*100,1)/100)) | D25: =IF(C25="","",IFERROR(INDEX(Settings!$C$17:$C$26,MATCH(AC25,Settings!$B$17:$B$26,0)),"")) | E25: =IF(B25="","",COUNTIF(H25:AA25,"M")) | F25: =IF(B25="","",COUNTIFS(Absences!$C$6:$C$405,Settings!$C$9,Absences!$D$6:$D$405,B25,Absences!$E$6:$E$405,"Absent")) | G25: =IF(B25="","",COUNTIFS(Absences!$C$6:$C$405,Settings!$C$9,Absences!$D$6:$D$405,B25,Absences!$E$6:$E$405,"Late")) | H25: 9 | I25: 20 | J25: 22 | K25: 47 | AC25: =IF(C25="","",SUMPRODUCT(MAX(ISNUMBER(Settings!$B$17:$B$26)*(Settings!$B$17:$B$26<=ROUND(C25*100,1))*Settings!$B$17:$B$26))) | AD25: =IF(C25="","",ROUND(C25*1000,0)*1000+115) | AE25: =IF(C25="",0,IF(ROUND(C25*100,1)<N($AC$2),1,0))
B26: Caleb S. | C26: =IF(B26="","",IF((SUMPRODUCT(--ISNUMBER(H26:AA26),$H$52:$AA$52)+SUMPRODUCT(--(H26:AA26="M"),$H$52:$AA$52))=0,"",ROUND(SUMPRODUCT(H26:AA26,$H$53:$AA$53)/(SUMPRODUCT(--ISNUMBER(H26:AA26),$H$52:$AA$52)+SUMPRODUCT(--(H26:AA26="M"),$H$52:$AA$52))*100,1)/100)) | D26: =IF(C26="","",IFERROR(INDEX(Settings!$C$17:$C$26,MATCH(AC26,Settings!$B$17:$B$26,0)),"")) | E26: =IF(B26="","",COUNTIF(H26:AA26,"M")) | F26: =IF(B26="","",COUNTIFS(Absences!$C$6:$C$405,Settings!$C$9,Absences!$D$6:$D$405,B26,Absences!$E$6:$E$405,"Absent")) | G26: =IF(B26="","",COUNTIFS(Absences!$C$6:$C$405,Settings!$C$9,Absences!$D$6:$D$405,B26,Absences!$E$6:$E$405,"Late")) | H26: M | I26: 15 | J26: 19 | K26: 33 | AC26: =IF(C26="","",SUMPRODUCT(MAX(ISNUMBER(Settings!$B$17:$B$26)*(Settings!$B$17:$B$26<=ROUND(C26*100,1))*Settings!$B$17:$B$26))) | AD26: =IF(C26="","",ROUND(C26*1000,0)*1000+116) | AE26: =IF(C26="",0,IF(ROUND(C26*100,1)<N($AC$2),1,0))
B27: Xavi M. | C27: =IF(B27="","",IF((SUMPRODUCT(--ISNUMBER(H27:AA27),$H$52:$AA$52)+SUMPRODUCT(--(H27:AA27="M"),$H$52:$AA$52))=0,"",ROUND(SUMPRODUCT(H27:AA27,$H$53:$AA$53)/(SUMPRODUCT(--ISNUMBER(H27:AA27),$H$52:$AA$52)+SUMPRODUCT(--(H27:AA27="M"),$H$52:$AA$52))*100,1)/100)) | D27: =IF(C27="","",IFERROR(INDEX(Settings!$C$17:$C$26,MATCH(AC27,Settings!$B$17:$B$26,0)),"")) | E27: =IF(B27="","",COUNTIF(H27:AA27,"M")) | F27: =IF(B27="","",COUNTIFS(Absences!$C$6:$C$405,Settings!$C$9,Absences!$D$6:$D$405,B27,Absences!$E$6:$E$405,"Absent")) | G27: =IF(B27="","",COUNTIFS(Absences!$C$6:$C$405,Settings!$C$9,Absences!$D$6:$D$405,B27,Absences!$E$6:$E$405,"Late")) | H27: 9 | I27: 16 | J27: 18 | K27: 41 | AC27: =IF(C27="","",SUMPRODUCT(MAX(ISNUMBER(Settings!$B$17:$B$26)*(Settings!$B$17:$B$26<=ROUND(C27*100,1))*Settings!$B$17:$B$26))) | AD27: =IF(C27="","",ROUND(C27*1000,0)*1000+117) | AE27: =IF(C27="",0,IF(ROUND(C27*100,1)<N($AC$2),1,0))
B28: Ella C. | C28: =IF(B28="","",IF((SUMPRODUCT(--ISNUMBER(H28:AA28),$H$52:$AA$52)+SUMPRODUCT(--(H28:AA28="M"),$H$52:$AA$52))=0,"",ROUND(SUMPRODUCT(H28:AA28,$H$53:$AA$53)/(SUMPRODUCT(--ISNUMBER(H28:AA28),$H$52:$AA$52)+SUMPRODUCT(--(H28:AA28="M"),$H$52:$AA$52))*100,1)/100)) | D28: =IF(C28="","",IFERROR(INDEX(Settings!$C$17:$C$26,MATCH(AC28,Settings!$B$17:$B$26,0)),"")) | E28: =IF(B28="","",COUNTIF(H28:AA28,"M")) | F28: =IF(B28="","",COUNTIFS(Absences!$C$6:$C$405,Settings!$C$9,Absences!$D$6:$D$405,B28,Absences!$E$6:$E$405,"Absent")) | G28: =IF(B28="","",COUNTIFS(Absences!$C$6:$C$405,Settings!$C$9,Absences!$D$6:$D$405,B28,Absences!$E$6:$E$405,"Late")) | H28: 6 | I28: 12 | J28: 16 | K28: 30 | AC28: =IF(C28="","",SUMPRODUCT(MAX(ISNUMBER(Settings!$B$17:$B$26)*(Settings!$B$17:$B$26<=ROUND(C28*100,1))*Settings!$B$17:$B$26))) | AD28: =IF(C28="","",ROUND(C28*1000,0)*1000+118) | AE28: =IF(C28="",0,IF(ROUND(C28*100,1)<N($AC$2),1,0))
B29: Aiden W. | C29: =IF(B29="","",IF((SUMPRODUCT(--ISNUMBER(H29:AA29),$H$52:$AA$52)+SUMPRODUCT(--(H29:AA29="M"),$H$52:$AA$52))=0,"",ROUND(SUMPRODUCT(H29:AA29,$H$53:$AA$53)/(SUMPRODUCT(--ISNUMBER(H29:AA29),$H$52:$AA$52)+SUMPRODUCT(--(H29:AA29="M"),$H$52:$AA$52))*100,1)/100)) | D29: =IF(C29="","",IFERROR(INDEX(Settings!$C$17:$C$26,MATCH(AC29,Settings!$B$17:$B$26,0)),"")) | E29: =IF(B29="","",COUNTIF(H29:AA29,"M")) | F29: =IF(B29="","",COUNTIFS(Absences!$C$6:$C$405,Settings!$C$9,Absences!$D$6:$D$405,B29,Absences!$E$6:$E$405,"Absent")) | G29: =IF(B29="","",COUNTIFS(Absences!$C$6:$C$405,Settings!$C$9,Absences!$D$6:$D$405,B29,Absences!$E$6:$E$405,"Late")) | H29: 7 | I29: 12 | J29: 14 | K29: 35 | AC29: =IF(C29="","",SUMPRODUCT(MAX(ISNUMBER(Settings!$B$17:$B$26)*(Settings!$B$17:$B$26<=ROUND(C29*100,1))*Settings!$B$17:$B$26))) | AD29: =IF(C29="","",ROUND(C29*1000,0)*1000+119) | AE29: =IF(C29="",0,IF(ROUND(C29*100,1)<N($AC$2),1,0))
B30: Gabe H. | C30: =IF(B30="","",IF((SUMPRODUCT(--ISNUMBER(H30:AA30),$H$52:$AA$52)+SUMPRODUCT(--(H30:AA30="M"),$H$52:$AA$52))=0,"",ROUND(SUMPRODUCT(H30:AA30,$H$53:$AA$53)/(SUMPRODUCT(--ISNUMBER(H30:AA30),$H$52:$AA$52)+SUMPRODUCT(--(H30:AA30="M"),$H$52:$AA$52))*100,1)/100)) | D30: =IF(C30="","",IFERROR(INDEX(Settings!$C$17:$C$26,MATCH(AC30,Settings!$B$17:$B$26,0)),"")) | E30: =IF(B30="","",COUNTIF(H30:AA30,"M")) | F30: =IF(B30="","",COUNTIFS(Absences!$C$6:$C$405,Settings!$C$9,Absences!$D$6:$D$405,B30,Absences!$E$6:$E$405,"Absent")) | G30: =IF(B30="","",COUNTIFS(Absences!$C$6:$C$405,Settings!$C$9,Absences!$D$6:$D$405,B30,Absences!$E$6:$E$405,"Late")) | H30: 6 | I30: 15 | J30: 19 | K30: 32 | AC30: =IF(C30="","",SUMPRODUCT(MAX(ISNUMBER(Settings!$B$17:$B$26)*(Settings!$B$17:$B$26<=ROUND(C30*100,1))*Settings!$B$17:$B$26))) | AD30: =IF(C30="","",ROUND(C30*1000,0)*1000+120) | AE30: =IF(C30="",0,IF(ROUND(C30*100,1)<N($AC$2),1,0))
B31: Bella A. | C31: =IF(B31="","",IF((SUMPRODUCT(--ISNUMBER(H31:AA31),$H$52:$AA$52)+SUMPRODUCT(--(H31:AA31="M"),$H$52:$AA$52))=0,"",ROUND(SUMPRODUCT(H31:AA31,$H$53:$AA$53)/(SUMPRODUCT(--ISNUMBER(H31:AA31),$H$52:$AA$52)+SUMPRODUCT(--(H31:AA31="M"),$H$52:$AA$52))*100,1)/100)) | D31: =IF(C31="","",IFERROR(INDEX(Settings!$C$17:$C$26,MATCH(AC31,Settings!$B$17:$B$26,0)),"")) | E31: =IF(B31="","",COUNTIF(H31:AA31,"M")) | F31: =IF(B31="","",COUNTIFS(Absences!$C$6:$C$405,Settings!$C$9,Absences!$D$6:$D$405,B31,Absences!$E$6:$E$405,"Absent")) | G31: =IF(B31="","",COUNTIFS(Absences!$C$6:$C$405,Settings!$C$9,Absences!$D$6:$D$405,B31,Absences!$E$6:$E$405,"Late")) | H31: 7 | I31: 13 | J31: 15 | K31: 27 | AC31: =IF(C31="","",SUMPRODUCT(MAX(ISNUMBER(Settings!$B$17:$B$26)*(Settings!$B$17:$B$26<=ROUND(C31*100,1))*Settings!$B$17:$B$26))) | AD31: =IF(C31="","",ROUND(C31*1000,0)*1000+121) | AE31: =IF(C31="",0,IF(ROUND(C31*100,1)<N($AC$2),1,0))
B32: Ben L. | C32: =IF(B32="","",IF((SUMPRODUCT(--ISNUMBER(H32:AA32),$H$52:$AA$52)+SUMPRODUCT(--(H32:AA32="M"),$H$52:$AA$52))=0,"",ROUND(SUMPRODUCT(H32:AA32,$H$53:$AA$53)/(SUMPRODUCT(--ISNUMBER(H32:AA32),$H$52:$AA$52)+SUMPRODUCT(--(H32:AA32="M"),$H$52:$AA$52))*100,1)/100)) | D32: =IF(C32="","",IFERROR(INDEX(Settings!$C$17:$C$26,MATCH(AC32,Settings!$B$17:$B$26,0)),"")) | E32: =IF(B32="","",COUNTIF(H32:AA32,"M")) | F32: =IF(B32="","",COUNTIFS(Absences!$C$6:$C$405,Settings!$C$9,Absences!$D$6:$D$405,B32,Absences!$E$6:$E$405,"Absent")) | G32: =IF(B32="","",COUNTIFS(Absences!$C$6:$C$405,Settings!$C$9,Absences!$D$6:$D$405,B32,Absences!$E$6:$E$405,"Late")) | H32: 6 | I32: 18 | J32: 20 | K32: 36 | AC32: =IF(C32="","",SUMPRODUCT(MAX(ISNUMBER(Settings!$B$17:$B$26)*(Settings!$B$17:$B$26<=ROUND(C32*100,1))*Settings!$B$17:$B$26))) | AD32: =IF(C32="","",ROUND(C32*1000,0)*1000+122) | AE32: =IF(C32="",0,IF(ROUND(C32*100,1)<N($AC$2),1,0))
B33: Zoe M. | C33: =IF(B33="","",IF((SUMPRODUCT(--ISNUMBER(H33:AA33),$H$52:$AA$52)+SUMPRODUCT(--(H33:AA33="M"),$H$52:$AA$52))=0,"",ROUND(SUMPRODUCT(H33:AA33,$H$53:$AA$53)/(SUMPRODUCT(--ISNUMBER(H33:AA33),$H$52:$AA$52)+SUMPRODUCT(--(H33:AA33="M"),$H$52:$AA$52))*100,1)/100)) | D33: =IF(C33="","",IFERROR(INDEX(Settings!$C$17:$C$26,MATCH(AC33,Settings!$B$17:$B$26,0)),"")) | E33: =IF(B33="","",COUNTIF(H33:AA33,"M")) | F33: =IF(B33="","",COUNTIFS(Absences!$C$6:$C$405,Settings!$C$9,Absences!$D$6:$D$405,B33,Absences!$E$6:$E$405,"Absent")) | G33: =IF(B33="","",COUNTIFS(Absences!$C$6:$C$405,Settings!$C$9,Absences!$D$6:$D$405,B33,Absences!$E$6:$E$405,"Late")) | H33: 8 | I33: 17 | J33: 18 | K33: 38 | AC33: =IF(C33="","",SUMPRODUCT(MAX(ISNUMBER(Settings!$B$17:$B$26)*(Settings!$B$17:$B$26<=ROUND(C33*100,1))*Settings!$B$17:$B$26))) | AD33: =IF(C33="","",ROUND(C33*1000,0)*1000+123) | AE33: =IF(C33="",0,IF(ROUND(C33*100,1)<N($AC$2),1,0))
B34: Nadia S. | C34: =IF(B34="","",IF((SUMPRODUCT(--ISNUMBER(H34:AA34),$H$52:$AA$52)+SUMPRODUCT(--(H34:AA34="M"),$H$52:$AA$52))=0,"",ROUND(SUMPRODUCT(H34:AA34,$H$53:$AA$53)/(SUMPRODUCT(--ISNUMBER(H34:AA34),$H$52:$AA$52)+SUMPRODUCT(--(H34:AA34="M"),$H$52:$AA$52))*100,1)/100)) | D34: =IF(C34="","",IFERROR(INDEX(Settings!$C$17:$C$26,MATCH(AC34,Settings!$B$17:$B$26,0)),"")) | E34: =IF(B34="","",COUNTIF(H34:AA34,"M")) | F34: =IF(B34="","",COUNTIFS(Absences!$C$6:$C$405,Settings!$C$9,Absences!$D$6:$D$405,B34,Absences!$E$6:$E$405,"Absent")) | G34: =IF(B34="","",COUNTIFS(Absences!$C$6:$C$405,Settings!$C$9,Absences!$D$6:$D$405,B34,Absences!$E$6:$E$405,"Late")) | H34: 5 | I34: 14 | J34: 16 | K34: 28 | AC34: =IF(C34="","",SUMPRODUCT(MAX(ISNUMBER(Settings!$B$17:$B$26)*(Settings!$B$17:$B$26<=ROUND(C34*100,1))*Settings!$B$17:$B$26))) | AD34: =IF(C34="","",ROUND(C34*1000,0)*1000+124) | AE34: =IF(C34="",0,IF(ROUND(C34*100,1)<N($AC$2),1,0))
B35: Kira F. | C35: =IF(B35="","",IF((SUMPRODUCT(--ISNUMBER(H35:AA35),$H$52:$AA$52)+SUMPRODUCT(--(H35:AA35="M"),$H$52:$AA$52))=0,"",ROUND(SUMPRODUCT(H35:AA35,$H$53:$AA$53)/(SUMPRODUCT(--ISNUMBER(H35:AA35),$H$52:$AA$52)+SUMPRODUCT(--(H35:AA35="M"),$H$52:$AA$52))*100,1)/100)) | D35: =IF(C35="","",IFERROR(INDEX(Settings!$C$17:$C$26,MATCH(AC35,Settings!$B$17:$B$26,0)),"")) | E35: =IF(B35="","",COUNTIF(H35:AA35,"M")) | F35: =IF(B35="","",COUNTIFS(Absences!$C$6:$C$405,Settings!$C$9,Absences!$D$6:$D$405,B35,Absences!$E$6:$E$405,"Absent")) | G35: =IF(B35="","",COUNTIFS(Absences!$C$6:$C$405,Settings!$C$9,Absences!$D$6:$D$405,B35,Absences!$E$6:$E$405,"Late")) | H35: 6 | I35: 14 | J35: 14 | K35: 35 | AC35: =IF(C35="","",SUMPRODUCT(MAX(ISNUMBER(Settings!$B$17:$B$26)*(Settings!$B$17:$B$26<=ROUND(C35*100,1))*Settings!$B$17:$B$26))) | AD35: =IF(C35="","",ROUND(C35*1000,0)*1000+125) | AE35: =IF(C35="",0,IF(ROUND(C35*100,1)<N($AC$2),1,0))
B36: Rosa A. | C36: =IF(B36="","",IF((SUMPRODUCT(--ISNUMBER(H36:AA36),$H$52:$AA$52)+SUMPRODUCT(--(H36:AA36="M"),$H$52:$AA$52))=0,"",ROUND(SUMPRODUCT(H36:AA36,$H$53:$AA$53)/(SUMPRODUCT(--ISNUMBER(H36:AA36),$H$52:$AA$52)+SUMPRODUCT(--(H36:AA36="M"),$H$52:$AA$52))*100,1)/100)) | D36: =IF(C36="","",IFERROR(INDEX(Settings!$C$17:$C$26,MATCH(AC36,Settings!$B$17:$B$26,0)),"")) | E36: =IF(B36="","",COUNTIF(H36:AA36,"M")) | F36: =IF(B36="","",COUNTIFS(Absences!$C$6:$C$405,Settings!$C$9,Absences!$D$6:$D$405,B36,Absences!$E$6:$E$405,"Absent")) | G36: =IF(B36="","",COUNTIFS(Absences!$C$6:$C$405,Settings!$C$9,Absences!$D$6:$D$405,B36,Absences!$E$6:$E$405,"Late")) | H36: 8 | I36: 15 | J36: 19 | K36: 39 | AC36: =IF(C36="","",SUMPRODUCT(MAX(ISNUMBER(Settings!$B$17:$B$26)*(Settings!$B$17:$B$26<=ROUND(C36*100,1))*Settings!$B$17:$B$26))) | AD36: =IF(C36="","",ROUND(C36*1000,0)*1000+126) | AE36: =IF(C36="",0,IF(ROUND(C36*100,1)<N($AC$2),1,0))
C37: =IF(B37="","",IF((SUMPRODUCT(--ISNUMBER(H37:AA37),$H$52:$AA$52)+SUMPRODUCT(--(H37:AA37="M"),$H$52:$AA$52))=0,"",ROUND(SUMPRODUCT(H37:AA37,$H$53:$AA$53)/(SUMPRODUCT(--ISNUMBER(H37:AA37),$H$52:$AA$52)+SUMPRODUCT(--(H37:AA37="M"),$H$52:$AA$52))*100,1)/100)) | D37: =IF(C37="","",IFERROR(INDEX(Settings!$C$17:$C$26,MATCH(AC37,Settings!$B$17:$B$26,0)),"")) | E37: =IF(B37="","",COUNTIF(H37:AA37,"M")) | F37: =IF(B37="","",COUNTIFS(Absences!$C$6:$C$405,Settings!$C$9,Absences!$D$6:$D$405,B37,Absences!$E$6:$E$405,"Absent")) | G37: =IF(B37="","",COUNTIFS(Absences!$C$6:$C$405,Settings!$C$9,Absences!$D$6:$D$405,B37,Absences!$E$6:$E$405,"Late")) | AC37: =IF(C37="","",SUMPRODUCT(MAX(ISNUMBER(Settings!$B$17:$B$26)*(Settings!$B$17:$B$26<=ROUND(C37*100,1))*Settings!$B$17:$B$26))) | AD37: =IF(C37="","",ROUND(C37*1000,0)*1000+127) | AE37: =IF(C37="",0,IF(ROUND(C37*100,1)<N($AC$2),1,0))
C38: =IF(B38="","",IF((SUMPRODUCT(--ISNUMBER(H38:AA38),$H$52:$AA$52)+SUMPRODUCT(--(H38:AA38="M"),$H$52:$AA$52))=0,"",ROUND(SUMPRODUCT(H38:AA38,$H$53:$AA$53)/(SUMPRODUCT(--ISNUMBER(H38:AA38),$H$52:$AA$52)+SUMPRODUCT(--(H38:AA38="M"),$H$52:$AA$52))*100,1)/100)) | D38: =IF(C38="","",IFERROR(INDEX(Settings!$C$17:$C$26,MATCH(AC38,Settings!$B$17:$B$26,0)),"")) | E38: =IF(B38="","",COUNTIF(H38:AA38,"M")) | F38: =IF(B38="","",COUNTIFS(Absences!$C$6:$C$405,Settings!$C$9,Absences!$D$6:$D$405,B38,Absences!$E$6:$E$405,"Absent")) | G38: =IF(B38="","",COUNTIFS(Absences!$C$6:$C$405,Settings!$C$9,Absences!$D$6:$D$405,B38,Absences!$E$6:$E$405,"Late")) | AC38: =IF(C38="","",SUMPRODUCT(MAX(ISNUMBER(Settings!$B$17:$B$26)*(Settings!$B$17:$B$26<=ROUND(C38*100,1))*Settings!$B$17:$B$26))) | AD38: =IF(C38="","",ROUND(C38*1000,0)*1000+128) | AE38: =IF(C38="",0,IF(ROUND(C38*100,1)<N($AC$2),1,0))
C39: =IF(B39="","",IF((SUMPRODUCT(--ISNUMBER(H39:AA39),$H$52:$AA$52)+SUMPRODUCT(--(H39:AA39="M"),$H$52:$AA$52))=0,"",ROUND(SUMPRODUCT(H39:AA39,$H$53:$AA$53)/(SUMPRODUCT(--ISNUMBER(H39:AA39),$H$52:$AA$52)+SUMPRODUCT(--(H39:AA39="M"),$H$52:$AA$52))*100,1)/100)) | D39: =IF(C39="","",IFERROR(INDEX(Settings!$C$17:$C$26,MATCH(AC39,Settings!$B$17:$B$26,0)),"")) | E39: =IF(B39="","",COUNTIF(H39:AA39,"M")) | F39: =IF(B39="","",COUNTIFS(Absences!$C$6:$C$405,Settings!$C$9,Absences!$D$6:$D$405,B39,Absences!$E$6:$E$405,"Absent")) | G39: =IF(B39="","",COUNTIFS(Absences!$C$6:$C$405,Settings!$C$9,Absences!$D$6:$D$405,B39,Absences!$E$6:$E$405,"Late")) | AC39: =IF(C39="","",SUMPRODUCT(MAX(ISNUMBER(Settings!$B$17:$B$26)*(Settings!$B$17:$B$26<=ROUND(C39*100,1))*Settings!$B$17:$B$26))) | AD39: =IF(C39="","",ROUND(C39*1000,0)*1000+129) | AE39: =IF(C39="",0,IF(ROUND(C39*100,1)<N($AC$2),1,0))
C40: =IF(B40="","",IF((SUMPRODUCT(--ISNUMBER(H40:AA40),$H$52:$AA$52)+SUMPRODUCT(--(H40:AA40="M"),$H$52:$AA$52))=0,"",ROUND(SUMPRODUCT(H40:AA40,$H$53:$AA$53)/(SUMPRODUCT(--ISNUMBER(H40:AA40),$H$52:$AA$52)+SUMPRODUCT(--(H40:AA40="M"),$H$52:$AA$52))*100,1)/100)) | D40: =IF(C40="","",IFERROR(INDEX(Settings!$C$17:$C$26,MATCH(AC40,Settings!$B$17:$B$26,0)),"")) | E40: =IF(B40="","",COUNTIF(H40:AA40,"M")) | F40: =IF(B40="","",COUNTIFS(Absences!$C$6:$C$405,Settings!$C$9,Absences!$D$6:$D$405,B40,Absences!$E$6:$E$405,"Absent")) | G40: =IF(B40="","",COUNTIFS(Absences!$C$6:$C$405,Settings!$C$9,Absences!$D$6:$D$405,B40,Absences!$E$6:$E$405,"Late")) | AC40: =IF(C40="","",SUMPRODUCT(MAX(ISNUMBER(Settings!$B$17:$B$26)*(Settings!$B$17:$B$26<=ROUND(C40*100,1))*Settings!$B$17:$B$26))) | AD40: =IF(C40="","",ROUND(C40*1000,0)*1000+130) | AE40: =IF(C40="",0,IF(ROUND(C40*100,1)<N($AC$2),1,0))
C41: =IF(B41="","",IF((SUMPRODUCT(--ISNUMBER(H41:AA41),$H$52:$AA$52)+SUMPRODUCT(--(H41:AA41="M"),$H$52:$AA$52))=0,"",ROUND(SUMPRODUCT(H41:AA41,$H$53:$AA$53)/(SUMPRODUCT(--ISNUMBER(H41:AA41),$H$52:$AA$52)+SUMPRODUCT(--(H41:AA41="M"),$H$52:$AA$52))*100,1)/100)) | D41: =IF(C41="","",IFERROR(INDEX(Settings!$C$17:$C$26,MATCH(AC41,Settings!$B$17:$B$26,0)),"")) | E41: =IF(B41="","",COUNTIF(H41:AA41,"M")) | F41: =IF(B41="","",COUNTIFS(Absences!$C$6:$C$405,Settings!$C$9,Absences!$D$6:$D$405,B41,Absences!$E$6:$E$405,"Absent")) | G41: =IF(B41="","",COUNTIFS(Absences!$C$6:$C$405,Settings!$C$9,Absences!$D$6:$D$405,B41,Absences!$E$6:$E$405,"Late")) | AC41: =IF(C41="","",SUMPRODUCT(MAX(ISNUMBER(Settings!$B$17:$B$26)*(Settings!$B$17:$B$26<=ROUND(C41*100,1))*Settings!$B$17:$B$26))) | AD41: =IF(C41="","",ROUND(C41*1000,0)*1000+131) | AE41: =IF(C41="",0,IF(ROUND(C41*100,1)<N($AC$2),1,0))
C42: =IF(B42="","",IF((SUMPRODUCT(--ISNUMBER(H42:AA42),$H$52:$AA$52)+SUMPRODUCT(--(H42:AA42="M"),$H$52:$AA$52))=0,"",ROUND(SUMPRODUCT(H42:AA42,$H$53:$AA$53)/(SUMPRODUCT(--ISNUMBER(H42:AA42),$H$52:$AA$52)+SUMPRODUCT(--(H42:AA42="M"),$H$52:$AA$52))*100,1)/100)) | D42: =IF(C42="","",IFERROR(INDEX(Settings!$C$17:$C$26,MATCH(AC42,Settings!$B$17:$B$26,0)),"")) | E42: =IF(B42="","",COUNTIF(H42:AA42,"M")) | F42: =IF(B42="","",COUNTIFS(Absences!$C$6:$C$405,Settings!$C$9,Absences!$D$6:$D$405,B42,Absences!$E$6:$E$405,"Absent")) | G42: =IF(B42="","",COUNTIFS(Absences!$C$6:$C$405,Settings!$C$9,Absences!$D$6:$D$405,B42,Absences!$E$6:$E$405,"Late")) | AC42: =IF(C42="","",SUMPRODUCT(MAX(ISNUMBER(Settings!$B$17:$B$26)*(Settings!$B$17:$B$26<=ROUND(C42*100,1))*Settings!$B$17:$B$26))) | AD42: =IF(C42="","",ROUND(C42*1000,0)*1000+132) | AE42: =IF(C42="",0,IF(ROUND(C42*100,1)<N($AC$2),1,0))
C43: =IF(B43="","",IF((SUMPRODUCT(--ISNUMBER(H43:AA43),$H$52:$AA$52)+SUMPRODUCT(--(H43:AA43="M"),$H$52:$AA$52))=0,"",ROUND(SUMPRODUCT(H43:AA43,$H$53:$AA$53)/(SUMPRODUCT(--ISNUMBER(H43:AA43),$H$52:$AA$52)+SUMPRODUCT(--(H43:AA43="M"),$H$52:$AA$52))*100,1)/100)) | D43: =IF(C43="","",IFERROR(INDEX(Settings!$C$17:$C$26,MATCH(AC43,Settings!$B$17:$B$26,0)),"")) | E43: =IF(B43="","",COUNTIF(H43:AA43,"M")) | F43: =IF(B43="","",COUNTIFS(Absences!$C$6:$C$405,Settings!$C$9,Absences!$D$6:$D$405,B43,Absences!$E$6:$E$405,"Absent")) | G43: =IF(B43="","",COUNTIFS(Absences!$C$6:$C$405,Settings!$C$9,Absences!$D$6:$D$405,B43,Absences!$E$6:$E$405,"Late")) | AC43: =IF(C43="","",SUMPRODUCT(MAX(ISNUMBER(Settings!$B$17:$B$26)*(Settings!$B$17:$B$26<=ROUND(C43*100,1))*Settings!$B$17:$B$26))) | AD43: =IF(C43="","",ROUND(C43*1000,0)*1000+133) | AE43: =IF(C43="",0,IF(ROUND(C43*100,1)<N($AC$2),1,0))
C44: =IF(B44="","",IF((SUMPRODUCT(--ISNUMBER(H44:AA44),$H$52:$AA$52)+SUMPRODUCT(--(H44:AA44="M"),$H$52:$AA$52))=0,"",ROUND(SUMPRODUCT(H44:AA44,$H$53:$AA$53)/(SUMPRODUCT(--ISNUMBER(H44:AA44),$H$52:$AA$52)+SUMPRODUCT(--(H44:AA44="M"),$H$52:$AA$52))*100,1)/100)) | D44: =IF(C44="","",IFERROR(INDEX(Settings!$C$17:$C$26,MATCH(AC44,Settings!$B$17:$B$26,0)),"")) | E44: =IF(B44="","",COUNTIF(H44:AA44,"M")) | F44: =IF(B44="","",COUNTIFS(Absences!$C$6:$C$405,Settings!$C$9,Absences!$D$6:$D$405,B44,Absences!$E$6:$E$405,"Absent")) | G44: =IF(B44="","",COUNTIFS(Absences!$C$6:$C$405,Settings!$C$9,Absences!$D$6:$D$405,B44,Absences!$E$6:$E$405,"Late")) | AC44: =IF(C44="","",SUMPRODUCT(MAX(ISNUMBER(Settings!$B$17:$B$26)*(Settings!$B$17:$B$26<=ROUND(C44*100,1))*Settings!$B$17:$B$26))) | AD44: =IF(C44="","",ROUND(C44*1000,0)*1000+134) | AE44: =IF(C44="",0,IF(ROUND(C44*100,1)<N($AC$2),1,0))
C45: =IF(B45="","",IF((SUMPRODUCT(--ISNUMBER(H45:AA45),$H$52:$AA$52)+SUMPRODUCT(--(H45:AA45="M"),$H$52:$AA$52))=0,"",ROUND(SUMPRODUCT(H45:AA45,$H$53:$AA$53)/(SUMPRODUCT(--ISNUMBER(H45:AA45),$H$52:$AA$52)+SUMPRODUCT(--(H45:AA45="M"),$H$52:$AA$52))*100,1)/100)) | D45: =IF(C45="","",IFERROR(INDEX(Settings!$C$17:$C$26,MATCH(AC45,Settings!$B$17:$B$26,0)),"")) | E45: =IF(B45="","",COUNTIF(H45:AA45,"M")) | F45: =IF(B45="","",COUNTIFS(Absences!$C$6:$C$405,Settings!$C$9,Absences!$D$6:$D$405,B45,Absences!$E$6:$E$405,"Absent")) | G45: =IF(B45="","",COUNTIFS(Absences!$C$6:$C$405,Settings!$C$9,Absences!$D$6:$D$405,B45,Absences!$E$6:$E$405,"Late")) | AC45: =IF(C45="","",SUMPRODUCT(MAX(ISNUMBER(Settings!$B$17:$B$26)*(Settings!$B$17:$B$26<=ROUND(C45*100,1))*Settings!$B$17:$B$26))) | AD45: =IF(C45="","",ROUND(C45*1000,0)*1000+135) | AE45: =IF(C45="",0,IF(ROUND(C45*100,1)<N($AC$2),1,0))
C46: =IF(B46="","",IF((SUMPRODUCT(--ISNUMBER(H46:AA46),$H$52:$AA$52)+SUMPRODUCT(--(H46:AA46="M"),$H$52:$AA$52))=0,"",ROUND(SUMPRODUCT(H46:AA46,$H$53:$AA$53)/(SUMPRODUCT(--ISNUMBER(H46:AA46),$H$52:$AA$52)+SUMPRODUCT(--(H46:AA46="M"),$H$52:$AA$52))*100,1)/100)) | D46: =IF(C46="","",IFERROR(INDEX(Settings!$C$17:$C$26,MATCH(AC46,Settings!$B$17:$B$26,0)),"")) | E46: =IF(B46="","",COUNTIF(H46:AA46,"M")) | F46: =IF(B46="","",COUNTIFS(Absences!$C$6:$C$405,Settings!$C$9,Absences!$D$6:$D$405,B46,Absences!$E$6:$E$405,"Absent")) | G46: =IF(B46="","",COUNTIFS(Absences!$C$6:$C$405,Settings!$C$9,Absences!$D$6:$D$405,B46,Absences!$E$6:$E$405,"Late")) | AC46: =IF(C46="","",SUMPRODUCT(MAX(ISNUMBER(Settings!$B$17:$B$26)*(Settings!$B$17:$B$26<=ROUND(C46*100,1))*Settings!$B$17:$B$26))) | AD46: =IF(C46="","",ROUND(C46*1000,0)*1000+136) | AE46: =IF(C46="",0,IF(ROUND(C46*100,1)<N($AC$2),1,0))
C47: =IF(B47="","",IF((SUMPRODUCT(--ISNUMBER(H47:AA47),$H$52:$AA$52)+SUMPRODUCT(--(H47:AA47="M"),$H$52:$AA$52))=0,"",ROUND(SUMPRODUCT(H47:AA47,$H$53:$AA$53)/(SUMPRODUCT(--ISNUMBER(H47:AA47),$H$52:$AA$52)+SUMPRODUCT(--(H47:AA47="M"),$H$52:$AA$52))*100,1)/100)) | D47: =IF(C47="","",IFERROR(INDEX(Settings!$C$17:$C$26,MATCH(AC47,Settings!$B$17:$B$26,0)),"")) | E47: =IF(B47="","",COUNTIF(H47:AA47,"M")) | F47: =IF(B47="","",COUNTIFS(Absences!$C$6:$C$405,Settings!$C$9,Absences!$D$6:$D$405,B47,Absences!$E$6:$E$405,"Absent")) | G47: =IF(B47="","",COUNTIFS(Absences!$C$6:$C$405,Settings!$C$9,Absences!$D$6:$D$405,B47,Absences!$E$6:$E$405,"Late")) | AC47: =IF(C47="","",SUMPRODUCT(MAX(ISNUMBER(Settings!$B$17:$B$26)*(Settings!$B$17:$B$26<=ROUND(C47*100,1))*Settings!$B$17:$B$26))) | AD47: =IF(C47="","",ROUND(C47*1000,0)*1000+137) | AE47: =IF(C47="",0,IF(ROUND(C47*100,1)<N($AC$2),1,0))
C48: =IF(B48="","",IF((SUMPRODUCT(--ISNUMBER(H48:AA48),$H$52:$AA$52)+SUMPRODUCT(--(H48:AA48="M"),$H$52:$AA$52))=0,"",ROUND(SUMPRODUCT(H48:AA48,$H$53:$AA$53)/(SUMPRODUCT(--ISNUMBER(H48:AA48),$H$52:$AA$52)+SUMPRODUCT(--(H48:AA48="M"),$H$52:$AA$52))*100,1)/100)) | D48: =IF(C48="","",IFERROR(INDEX(Settings!$C$17:$C$26,MATCH(AC48,Settings!$B$17:$B$26,0)),"")) | E48: =IF(B48="","",COUNTIF(H48:AA48,"M")) | F48: =IF(B48="","",COUNTIFS(Absences!$C$6:$C$405,Settings!$C$9,Absences!$D$6:$D$405,B48,Absences!$E$6:$E$405,"Absent")) | G48: =IF(B48="","",COUNTIFS(Absences!$C$6:$C$405,Settings!$C$9,Absences!$D$6:$D$405,B48,Absences!$E$6:$E$405,"Late")) | AC48: =IF(C48="","",SUMPRODUCT(MAX(ISNUMBER(Settings!$B$17:$B$26)*(Settings!$B$17:$B$26<=ROUND(C48*100,1))*Settings!$B$17:$B$26))) | AD48: =IF(C48="","",ROUND(C48*1000,0)*1000+138) | AE48: =IF(C48="",0,IF(ROUND(C48*100,1)<N($AC$2),1,0))
C49: =IF(B49="","",IF((SUMPRODUCT(--ISNUMBER(H49:AA49),$H$52:$AA$52)+SUMPRODUCT(--(H49:AA49="M"),$H$52:$AA$52))=0,"",ROUND(SUMPRODUCT(H49:AA49,$H$53:$AA$53)/(SUMPRODUCT(--ISNUMBER(H49:AA49),$H$52:$AA$52)+SUMPRODUCT(--(H49:AA49="M"),$H$52:$AA$52))*100,1)/100)) | D49: =IF(C49="","",IFERROR(INDEX(Settings!$C$17:$C$26,MATCH(AC49,Settings!$B$17:$B$26,0)),"")) | E49: =IF(B49="","",COUNTIF(H49:AA49,"M")) | F49: =IF(B49="","",COUNTIFS(Absences!$C$6:$C$405,Settings!$C$9,Absences!$D$6:$D$405,B49,Absences!$E$6:$E$405,"Absent")) | G49: =IF(B49="","",COUNTIFS(Absences!$C$6:$C$405,Settings!$C$9,Absences!$D$6:$D$405,B49,Absences!$E$6:$E$405,"Late")) | AC49: =IF(C49="","",SUMPRODUCT(MAX(ISNUMBER(Settings!$B$17:$B$26)*(Settings!$B$17:$B$26<=ROUND(C49*100,1))*Settings!$B$17:$B$26))) | AD49: =IF(C49="","",ROUND(C49*1000,0)*1000+139) | AE49: =IF(C49="",0,IF(ROUND(C49*100,1)<N($AC$2),1,0))
C50: =IF(B50="","",IF((SUMPRODUCT(--ISNUMBER(H50:AA50),$H$52:$AA$52)+SUMPRODUCT(--(H50:AA50="M"),$H$52:$AA$52))=0,"",ROUND(SUMPRODUCT(H50:AA50,$H$53:$AA$53)/(SUMPRODUCT(--ISNUMBER(H50:AA50),$H$52:$AA$52)+SUMPRODUCT(--(H50:AA50="M"),$H$52:$AA$52))*100,1)/100)) | D50: =IF(C50="","",IFERROR(INDEX(Settings!$C$17:$C$26,MATCH(AC50,Settings!$B$17:$B$26,0)),"")) | E50: =IF(B50="","",COUNTIF(H50:AA50,"M")) | F50: =IF(B50="","",COUNTIFS(Absences!$C$6:$C$405,Settings!$C$9,Absences!$D$6:$D$405,B50,Absences!$E$6:$E$405,"Absent")) | G50: =IF(B50="","",COUNTIFS(Absences!$C$6:$C$405,Settings!$C$9,Absences!$D$6:$D$405,B50,Absences!$E$6:$E$405,"Late")) | AC50: =IF(C50="","",SUMPRODUCT(MAX(ISNUMBER(Settings!$B$17:$B$26)*(Settings!$B$17:$B$26<=ROUND(C50*100,1))*Settings!$B$17:$B$26))) | AD50: =IF(C50="","",ROUND(C50*1000,0)*1000+140) | AE50: =IF(C50="",0,IF(ROUND(C50*100,1)<N($AC$2),1,0))
H52: =IF(N(H7)<=0,0,IF(H8="",1,N(H8))) | I52: =IF(N(I7)<=0,0,IF(I8="",1,N(I8))) | J52: =IF(N(J7)<=0,0,IF(J8="",1,N(J8))) | K52: =IF(N(K7)<=0,0,IF(K8="",1,N(K8))) | L52: =IF(N(L7)<=0,0,IF(L8="",1,N(L8))) | M52: =IF(N(M7)<=0,0,IF(M8="",1,N(M8))) | N52: =IF(N(N7)<=0,0,IF(N8="",1,N(N8))) | O52: =IF(N(O7)<=0,0,IF(O8="",1,N(O8))) | ... AA52: =IF(N(AA7)<=0,0,IF(AA8="",1,N(AA8)))
H53: =IF(H52=0,0,H52/H7) | I53: =IF(I52=0,0,I52/I7) | J53: =IF(J52=0,0,J52/J7) | K53: =IF(K52=0,0,K52/K7) | L53: =IF(L52=0,0,L52/L7) | M53: =IF(M52=0,0,M52/M7) | N53: =IF(N52=0,0,N52/N7) | O53: =IF(O52=0,0,O52/O7) | ... AA53: =IF(AA52=0,0,AA52/AA7)
H54: =IF(AND(H5<>"",ISNUMBER(H6)),IF(AND(H6<=TODAY(),COUNT(H11:H50)+COUNTIF(H11:H50,"M")=0),1,0),0) | I54: =IF(AND(I5<>"",ISNUMBER(I6)),IF(AND(I6<=TODAY(),COUNT(I11:I50)+COUNTIF(I11:I50,"M")=0),1,0),0) | J54: =IF(AND(J5<>"",ISNUMBER(J6)),IF(AND(J6<=TODAY(),COUNT(J11:J50)+COUNTIF(J11:J50,"M")=0),1,0),0) | K54: =IF(AND(K5<>"",ISNUMBER(K6)),IF(AND(K6<=TODAY(),COUNT(K11:K50)+COUNTIF(K11:K50,"M")=0),1,0),0) | L54: =IF(AND(L5<>"",ISNUMBER(L6)),IF(AND(L6<=TODAY(),COUNT(L11:L50)+COUNTIF(L11:L50,"M")=0),1,0),0) | M54: =IF(AND(M5<>"",ISNUMBER(M6)),IF(AND(M6<=TODAY(),COUNT(M11:M50)+COUNTIF(M11:M50,"M")=0),1,0),0) | N54: =IF(AND(N5<>"",ISNUMBER(N6)),IF(AND(N6<=TODAY(),COUNT(N11:N50)+COUNTIF(N11:N50,"M")=0),1,0),0) | O54: =IF(AND(O5<>"",ISNUMBER(O6)),IF(AND(O6<=TODAY(),COUNT(O11:O50)+COUNTIF(O11:O50,"M")=0),1,0),0) | ... AA54: =IF(AND(AA5<>"",ISNUMBER(AA6)),IF(AND(AA6<=TODAY(),COUNT(AA11:AA50)+COUNTIF(AA11:AA50,"M")=0),1,0),0)

Sheet Class 2
B2: =IF(Settings!$C$10="","Class 2",Settings!$C$10) | AC2: =Settings!$C$4
B3: Scores as numbers. M for missing work (counts as 0), Ex for excused (left out), empty for not marked yet.
G5: Assessment | H5: Particles quiz | I5: States of matter | J5: Diffusion practical | K5: Unit 1 test
G6: Date | H6: 46270 | I6: 46277 | J6: 46283 | K6: 46289
G7: Out of | H7: 10 | I7: 20 | J7: 25 | K7: 60
G8: Weight | H8: 1 | I8: 1 | J8: 1 | K8: 2
C9: =IF(COUNT(C11:C50)=0,"",AVERAGE(C11:C50)) | G9: Class average | H9: =IF(OR(N(H7)<=0,COUNT(H11:H50)=0),"",AVERAGE(H11:H50)/H7) | I9: =IF(OR(N(I7)<=0,COUNT(I11:I50)=0),"",AVERAGE(I11:I50)/I7) | J9: =IF(OR(N(J7)<=0,COUNT(J11:J50)=0),"",AVERAGE(J11:J50)/J7) | K9: =IF(OR(N(K7)<=0,COUNT(K11:K50)=0),"",AVERAGE(K11:K50)/K7) | L9: =IF(OR(N(L7)<=0,COUNT(L11:L50)=0),"",AVERAGE(L11:L50)/L7) | M9: =IF(OR(N(M7)<=0,COUNT(M11:M50)=0),"",AVERAGE(M11:M50)/M7) | N9: =IF(OR(N(N7)<=0,COUNT(N11:N50)=0),"",AVERAGE(N11:N50)/N7) | O9: =IF(OR(N(O7)<=0,COUNT(O11:O50)=0),"",AVERAGE(O11:O50)/O7) | ... AA9: =IF(OR(N(AA7)<=0,COUNT(AA11:AA50)=0),"",AVERAGE(AA11:AA50)/AA7)
B10: Student | C10: Average | D10: Grade | E10: Missing | F10: Absent | G10: Late | H10: 1 | I10: 2 | J10: 3 | K10: 4 | L10: 5 | M10: 6 | N10: 7 | O10: 8 | P10: 9 | Q10: 10 | R10: 11 | S10: 12 | T10: 13 | U10: 14 | V10: 15 | W10: 16 | X10: 17 | Y10: 18 | Z10: 19 | AA10: 20
B11: Xavi A. | C11: =IF(B11="","",IF((SUMPRODUCT(--ISNUMBER(H11:AA11),$H$52:$AA$52)+SUMPRODUCT(--(H11:AA11="M"),$H$52:$AA$52))=0,"",ROUND(SUMPRODUCT(H11:AA11,$H$53:$AA$53)/(SUMPRODUCT(--ISNUMBER(H11:AA11),$H$52:$AA$52)+SUMPRODUCT(--(H11:AA11="M"),$H$52:$AA$52))*100,1)/100)) | D11: =IF(C11="","",IFERROR(INDEX(Settings!$C$17:$C$26,MATCH(AC11,Settings!$B$17:$B$26,0)),"")) | E11: =IF(B11="","",COUNTIF(H11:AA11,"M")) | F11: =IF(B11="","",COUNTIFS(Absences!$C$6:$C$405,Settings!$C$10,Absences!$D$6:$D$405,B11,Absences!$E$6:$E$405,"Absent")) | G11: =IF(B11="","",COUNTIFS(Absences!$C$6:$C$405,Settings!$C$10,Absences!$D$6:$D$405,B11,Absences!$E$6:$E$405,"Late")) | H11: 9 | I11: 16 | J11: 22 | K11: 51 | AC11: =IF(C11="","",SUMPRODUCT(MAX(ISNUMBER(Settings!$B$17:$B$26)*(Settings!$B$17:$B$26<=ROUND(C11*100,1))*Settings!$B$17:$B$26))) | AD11: =IF(C11="","",ROUND(C11*1000,0)*1000+201) | AE11: =IF(C11="",0,IF(ROUND(C11*100,1)<N($AC$2),1,0))
B12: Amara J. | C12: =IF(B12="","",IF((SUMPRODUCT(--ISNUMBER(H12:AA12),$H$52:$AA$52)+SUMPRODUCT(--(H12:AA12="M"),$H$52:$AA$52))=0,"",ROUND(SUMPRODUCT(H12:AA12,$H$53:$AA$53)/(SUMPRODUCT(--ISNUMBER(H12:AA12),$H$52:$AA$52)+SUMPRODUCT(--(H12:AA12="M"),$H$52:$AA$52))*100,1)/100)) | D12: =IF(C12="","",IFERROR(INDEX(Settings!$C$17:$C$26,MATCH(AC12,Settings!$B$17:$B$26,0)),"")) | E12: =IF(B12="","",COUNTIF(H12:AA12,"M")) | F12: =IF(B12="","",COUNTIFS(Absences!$C$6:$C$405,Settings!$C$10,Absences!$D$6:$D$405,B12,Absences!$E$6:$E$405,"Absent")) | G12: =IF(B12="","",COUNTIFS(Absences!$C$6:$C$405,Settings!$C$10,Absences!$D$6:$D$405,B12,Absences!$E$6:$E$405,"Late")) | H12: 9 | I12: 15 | J12: 17 | K12: 49 | AC12: =IF(C12="","",SUMPRODUCT(MAX(ISNUMBER(Settings!$B$17:$B$26)*(Settings!$B$17:$B$26<=ROUND(C12*100,1))*Settings!$B$17:$B$26))) | AD12: =IF(C12="","",ROUND(C12*1000,0)*1000+202) | AE12: =IF(C12="",0,IF(ROUND(C12*100,1)<N($AC$2),1,0))
B13: Nadia H. | C13: =IF(B13="","",IF((SUMPRODUCT(--ISNUMBER(H13:AA13),$H$52:$AA$52)+SUMPRODUCT(--(H13:AA13="M"),$H$52:$AA$52))=0,"",ROUND(SUMPRODUCT(H13:AA13,$H$53:$AA$53)/(SUMPRODUCT(--ISNUMBER(H13:AA13),$H$52:$AA$52)+SUMPRODUCT(--(H13:AA13="M"),$H$52:$AA$52))*100,1)/100)) | D13: =IF(C13="","",IFERROR(INDEX(Settings!$C$17:$C$26,MATCH(AC13,Settings!$B$17:$B$26,0)),"")) | E13: =IF(B13="","",COUNTIF(H13:AA13,"M")) | F13: =IF(B13="","",COUNTIFS(Absences!$C$6:$C$405,Settings!$C$10,Absences!$D$6:$D$405,B13,Absences!$E$6:$E$405,"Absent")) | G13: =IF(B13="","",COUNTIFS(Absences!$C$6:$C$405,Settings!$C$10,Absences!$D$6:$D$405,B13,Absences!$E$6:$E$405,"Late")) | H13: 7 | I13: 16 | J13: 14 | K13: 39 | AC13: =IF(C13="","",SUMPRODUCT(MAX(ISNUMBER(Settings!$B$17:$B$26)*(Settings!$B$17:$B$26<=ROUND(C13*100,1))*Settings!$B$17:$B$26))) | AD13: =IF(C13="","",ROUND(C13*1000,0)*1000+203) | AE13: =IF(C13="",0,IF(ROUND(C13*100,1)<N($AC$2),1,0))
B14: Tara C. | C14: =IF(B14="","",IF((SUMPRODUCT(--ISNUMBER(H14:AA14),$H$52:$AA$52)+SUMPRODUCT(--(H14:AA14="M"),$H$52:$AA$52))=0,"",ROUND(SUMPRODUCT(H14:AA14,$H$53:$AA$53)/(SUMPRODUCT(--ISNUMBER(H14:AA14),$H$52:$AA$52)+SUMPRODUCT(--(H14:AA14="M"),$H$52:$AA$52))*100,1)/100)) | D14: =IF(C14="","",IFERROR(INDEX(Settings!$C$17:$C$26,MATCH(AC14,Settings!$B$17:$B$26,0)),"")) | E14: =IF(B14="","",COUNTIF(H14:AA14,"M")) | F14: =IF(B14="","",COUNTIFS(Absences!$C$6:$C$405,Settings!$C$10,Absences!$D$6:$D$405,B14,Absences!$E$6:$E$405,"Absent")) | G14: =IF(B14="","",COUNTIFS(Absences!$C$6:$C$405,Settings!$C$10,Absences!$D$6:$D$405,B14,Absences!$E$6:$E$405,"Late")) | H14: 10 | I14: 19 | J14: 23 | K14: 55 | AC14: =IF(C14="","",SUMPRODUCT(MAX(ISNUMBER(Settings!$B$17:$B$26)*(Settings!$B$17:$B$26<=ROUND(C14*100,1))*Settings!$B$17:$B$26))) | AD14: =IF(C14="","",ROUND(C14*1000,0)*1000+204) | AE14: =IF(C14="",0,IF(ROUND(C14*100,1)<N($AC$2),1,0))
B15: Oscar P. | C15: =IF(B15="","",IF((SUMPRODUCT(--ISNUMBER(H15:AA15),$H$52:$AA$52)+SUMPRODUCT(--(H15:AA15="M"),$H$52:$AA$52))=0,"",ROUND(SUMPRODUCT(H15:AA15,$H$53:$AA$53)/(SUMPRODUCT(--ISNUMBER(H15:AA15),$H$52:$AA$52)+SUMPRODUCT(--(H15:AA15="M"),$H$52:$AA$52))*100,1)/100)) | D15: =IF(C15="","",IFERROR(INDEX(Settings!$C$17:$C$26,MATCH(AC15,Settings!$B$17:$B$26,0)),"")) | E15: =IF(B15="","",COUNTIF(H15:AA15,"M")) | F15: =IF(B15="","",COUNTIFS(Absences!$C$6:$C$405,Settings!$C$10,Absences!$D$6:$D$405,B15,Absences!$E$6:$E$405,"Absent")) | G15: =IF(B15="","",COUNTIFS(Absences!$C$6:$C$405,Settings!$C$10,Absences!$D$6:$D$405,B15,Absences!$E$6:$E$405,"Late")) | H15: 6 | I15: 11 | J15: 17 | K15: 37 | AC15: =IF(C15="","",SUMPRODUCT(MAX(ISNUMBER(Settings!$B$17:$B$26)*(Settings!$B$17:$B$26<=ROUND(C15*100,1))*Settings!$B$17:$B$26))) | AD15: =IF(C15="","",ROUND(C15*1000,0)*1000+205) | AE15: =IF(C15="",0,IF(ROUND(C15*100,1)<N($AC$2),1,0))
B16: Holly E. | C16: =IF(B16="","",IF((SUMPRODUCT(--ISNUMBER(H16:AA16),$H$52:$AA$52)+SUMPRODUCT(--(H16:AA16="M"),$H$52:$AA$52))=0,"",ROUND(SUMPRODUCT(H16:AA16,$H$53:$AA$53)/(SUMPRODUCT(--ISNUMBER(H16:AA16),$H$52:$AA$52)+SUMPRODUCT(--(H16:AA16="M"),$H$52:$AA$52))*100,1)/100)) | D16: =IF(C16="","",IFERROR(INDEX(Settings!$C$17:$C$26,MATCH(AC16,Settings!$B$17:$B$26,0)),"")) | E16: =IF(B16="","",COUNTIF(H16:AA16,"M")) | F16: =IF(B16="","",COUNTIFS(Absences!$C$6:$C$405,Settings!$C$10,Absences!$D$6:$D$405,B16,Absences!$E$6:$E$405,"Absent")) | G16: =IF(B16="","",COUNTIFS(Absences!$C$6:$C$405,Settings!$C$10,Absences!$D$6:$D$405,B16,Absences!$E$6:$E$405,"Late")) | H16: 9 | I16: 19 | J16: 19 | K16: 49 | AC16: =IF(C16="","",SUMPRODUCT(MAX(ISNUMBER(Settings!$B$17:$B$26)*(Settings!$B$17:$B$26<=ROUND(C16*100,1))*Settings!$B$17:$B$26))) | AD16: =IF(C16="","",ROUND(C16*1000,0)*1000+206) | AE16: =IF(C16="",0,IF(ROUND(C16*100,1)<N($AC$2),1,0))
B17: Ruby L. | C17: =IF(B17="","",IF((SUMPRODUCT(--ISNUMBER(H17:AA17),$H$52:$AA$52)+SUMPRODUCT(--(H17:AA17="M"),$H$52:$AA$52))=0,"",ROUND(SUMPRODUCT(H17:AA17,$H$53:$AA$53)/(SUMPRODUCT(--ISNUMBER(H17:AA17),$H$52:$AA$52)+SUMPRODUCT(--(H17:AA17="M"),$H$52:$AA$52))*100,1)/100)) | D17: =IF(C17="","",IFERROR(INDEX(Settings!$C$17:$C$26,MATCH(AC17,Settings!$B$17:$B$26,0)),"")) | E17: =IF(B17="","",COUNTIF(H17:AA17,"M")) | F17: =IF(B17="","",COUNTIFS(Absences!$C$6:$C$405,Settings!$C$10,Absences!$D$6:$D$405,B17,Absences!$E$6:$E$405,"Absent")) | G17: =IF(B17="","",COUNTIFS(Absences!$C$6:$C$405,Settings!$C$10,Absences!$D$6:$D$405,B17,Absences!$E$6:$E$405,"Late")) | H17: 9 | I17: 15 | J17: 18 | K17: 50 | AC17: =IF(C17="","",SUMPRODUCT(MAX(ISNUMBER(Settings!$B$17:$B$26)*(Settings!$B$17:$B$26<=ROUND(C17*100,1))*Settings!$B$17:$B$26))) | AD17: =IF(C17="","",ROUND(C17*1000,0)*1000+207) | AE17: =IF(C17="",0,IF(ROUND(C17*100,1)<N($AC$2),1,0))
B18: Vikram M. | C18: =IF(B18="","",IF((SUMPRODUCT(--ISNUMBER(H18:AA18),$H$52:$AA$52)+SUMPRODUCT(--(H18:AA18="M"),$H$52:$AA$52))=0,"",ROUND(SUMPRODUCT(H18:AA18,$H$53:$AA$53)/(SUMPRODUCT(--ISNUMBER(H18:AA18),$H$52:$AA$52)+SUMPRODUCT(--(H18:AA18="M"),$H$52:$AA$52))*100,1)/100)) | D18: =IF(C18="","",IFERROR(INDEX(Settings!$C$17:$C$26,MATCH(AC18,Settings!$B$17:$B$26,0)),"")) | E18: =IF(B18="","",COUNTIF(H18:AA18,"M")) | F18: =IF(B18="","",COUNTIFS(Absences!$C$6:$C$405,Settings!$C$10,Absences!$D$6:$D$405,B18,Absences!$E$6:$E$405,"Absent")) | G18: =IF(B18="","",COUNTIFS(Absences!$C$6:$C$405,Settings!$C$10,Absences!$D$6:$D$405,B18,Absences!$E$6:$E$405,"Late")) | H18: 7 | I18: 16 | J18: 20 | K18: 45 | AC18: =IF(C18="","",SUMPRODUCT(MAX(ISNUMBER(Settings!$B$17:$B$26)*(Settings!$B$17:$B$26<=ROUND(C18*100,1))*Settings!$B$17:$B$26))) | AD18: =IF(C18="","",ROUND(C18*1000,0)*1000+208) | AE18: =IF(C18="",0,IF(ROUND(C18*100,1)<N($AC$2),1,0))
B19: Olive A. | C19: =IF(B19="","",IF((SUMPRODUCT(--ISNUMBER(H19:AA19),$H$52:$AA$52)+SUMPRODUCT(--(H19:AA19="M"),$H$52:$AA$52))=0,"",ROUND(SUMPRODUCT(H19:AA19,$H$53:$AA$53)/(SUMPRODUCT(--ISNUMBER(H19:AA19),$H$52:$AA$52)+SUMPRODUCT(--(H19:AA19="M"),$H$52:$AA$52))*100,1)/100)) | D19: =IF(C19="","",IFERROR(INDEX(Settings!$C$17:$C$26,MATCH(AC19,Settings!$B$17:$B$26,0)),"")) | E19: =IF(B19="","",COUNTIF(H19:AA19,"M")) | F19: =IF(B19="","",COUNTIFS(Absences!$C$6:$C$405,Settings!$C$10,Absences!$D$6:$D$405,B19,Absences!$E$6:$E$405,"Absent")) | G19: =IF(B19="","",COUNTIFS(Absences!$C$6:$C$405,Settings!$C$10,Absences!$D$6:$D$405,B19,Absences!$E$6:$E$405,"Late")) | H19: 10 | I19: 17 | J19: 24 | K19: 58 | AC19: =IF(C19="","",SUMPRODUCT(MAX(ISNUMBER(Settings!$B$17:$B$26)*(Settings!$B$17:$B$26<=ROUND(C19*100,1))*Settings!$B$17:$B$26))) | AD19: =IF(C19="","",ROUND(C19*1000,0)*1000+209) | AE19: =IF(C19="",0,IF(ROUND(C19*100,1)<N($AC$2),1,0))
B20: Chloe D. | C20: =IF(B20="","",IF((SUMPRODUCT(--ISNUMBER(H20:AA20),$H$52:$AA$52)+SUMPRODUCT(--(H20:AA20="M"),$H$52:$AA$52))=0,"",ROUND(SUMPRODUCT(H20:AA20,$H$53:$AA$53)/(SUMPRODUCT(--ISNUMBER(H20:AA20),$H$52:$AA$52)+SUMPRODUCT(--(H20:AA20="M"),$H$52:$AA$52))*100,1)/100)) | D20: =IF(C20="","",IFERROR(INDEX(Settings!$C$17:$C$26,MATCH(AC20,Settings!$B$17:$B$26,0)),"")) | E20: =IF(B20="","",COUNTIF(H20:AA20,"M")) | F20: =IF(B20="","",COUNTIFS(Absences!$C$6:$C$405,Settings!$C$10,Absences!$D$6:$D$405,B20,Absences!$E$6:$E$405,"Absent")) | G20: =IF(B20="","",COUNTIFS(Absences!$C$6:$C$405,Settings!$C$10,Absences!$D$6:$D$405,B20,Absences!$E$6:$E$405,"Late")) | H20: 9 | I20: 19 | J20: 25 | K20: 57 | AC20: =IF(C20="","",SUMPRODUCT(MAX(ISNUMBER(Settings!$B$17:$B$26)*(Settings!$B$17:$B$26<=ROUND(C20*100,1))*Settings!$B$17:$B$26))) | AD20: =IF(C20="","",ROUND(C20*1000,0)*1000+210) | AE20: =IF(C20="",0,IF(ROUND(C20*100,1)<N($AC$2),1,0))
B21: Sami E. | C21: =IF(B21="","",IF((SUMPRODUCT(--ISNUMBER(H21:AA21),$H$52:$AA$52)+SUMPRODUCT(--(H21:AA21="M"),$H$52:$AA$52))=0,"",ROUND(SUMPRODUCT(H21:AA21,$H$53:$AA$53)/(SUMPRODUCT(--ISNUMBER(H21:AA21),$H$52:$AA$52)+SUMPRODUCT(--(H21:AA21="M"),$H$52:$AA$52))*100,1)/100)) | D21: =IF(C21="","",IFERROR(INDEX(Settings!$C$17:$C$26,MATCH(AC21,Settings!$B$17:$B$26,0)),"")) | E21: =IF(B21="","",COUNTIF(H21:AA21,"M")) | F21: =IF(B21="","",COUNTIFS(Absences!$C$6:$C$405,Settings!$C$10,Absences!$D$6:$D$405,B21,Absences!$E$6:$E$405,"Absent")) | G21: =IF(B21="","",COUNTIFS(Absences!$C$6:$C$405,Settings!$C$10,Absences!$D$6:$D$405,B21,Absences!$E$6:$E$405,"Late")) | H21: 7 | I21: 13 | J21: 19 | K21: 45 | AC21: =IF(C21="","",SUMPRODUCT(MAX(ISNUMBER(Settings!$B$17:$B$26)*(Settings!$B$17:$B$26<=ROUND(C21*100,1))*Settings!$B$17:$B$26))) | AD21: =IF(C21="","",ROUND(C21*1000,0)*1000+211) | AE21: =IF(C21="",0,IF(ROUND(C21*100,1)<N($AC$2),1,0))
B22: Rosa C. | C22: =IF(B22="","",IF((SUMPRODUCT(--ISNUMBER(H22:AA22),$H$52:$AA$52)+SUMPRODUCT(--(H22:AA22="M"),$H$52:$AA$52))=0,"",ROUND(SUMPRODUCT(H22:AA22,$H$53:$AA$53)/(SUMPRODUCT(--ISNUMBER(H22:AA22),$H$52:$AA$52)+SUMPRODUCT(--(H22:AA22="M"),$H$52:$AA$52))*100,1)/100)) | D22: =IF(C22="","",IFERROR(INDEX(Settings!$C$17:$C$26,MATCH(AC22,Settings!$B$17:$B$26,0)),"")) | E22: =IF(B22="","",COUNTIF(H22:AA22,"M")) | F22: =IF(B22="","",COUNTIFS(Absences!$C$6:$C$405,Settings!$C$10,Absences!$D$6:$D$405,B22,Absences!$E$6:$E$405,"Absent")) | G22: =IF(B22="","",COUNTIFS(Absences!$C$6:$C$405,Settings!$C$10,Absences!$D$6:$D$405,B22,Absences!$E$6:$E$405,"Late")) | H22: 8 | I22: 15 | J22: 21 | K22: 43 | AC22: =IF(C22="","",SUMPRODUCT(MAX(ISNUMBER(Settings!$B$17:$B$26)*(Settings!$B$17:$B$26<=ROUND(C22*100,1))*Settings!$B$17:$B$26))) | AD22: =IF(C22="","",ROUND(C22*1000,0)*1000+212) | AE22: =IF(C22="",0,IF(ROUND(C22*100,1)<N($AC$2),1,0))
B23: Willow W. | C23: =IF(B23="","",IF((SUMPRODUCT(--ISNUMBER(H23:AA23),$H$52:$AA$52)+SUMPRODUCT(--(H23:AA23="M"),$H$52:$AA$52))=0,"",ROUND(SUMPRODUCT(H23:AA23,$H$53:$AA$53)/(SUMPRODUCT(--ISNUMBER(H23:AA23),$H$52:$AA$52)+SUMPRODUCT(--(H23:AA23="M"),$H$52:$AA$52))*100,1)/100)) | D23: =IF(C23="","",IFERROR(INDEX(Settings!$C$17:$C$26,MATCH(AC23,Settings!$B$17:$B$26,0)),"")) | E23: =IF(B23="","",COUNTIF(H23:AA23,"M")) | F23: =IF(B23="","",COUNTIFS(Absences!$C$6:$C$405,Settings!$C$10,Absences!$D$6:$D$405,B23,Absences!$E$6:$E$405,"Absent")) | G23: =IF(B23="","",COUNTIFS(Absences!$C$6:$C$405,Settings!$C$10,Absences!$D$6:$D$405,B23,Absences!$E$6:$E$405,"Late")) | H23: 8 | I23: 14 | J23: 18 | K23: 49 | AC23: =IF(C23="","",SUMPRODUCT(MAX(ISNUMBER(Settings!$B$17:$B$26)*(Settings!$B$17:$B$26<=ROUND(C23*100,1))*Settings!$B$17:$B$26))) | AD23: =IF(C23="","",ROUND(C23*1000,0)*1000+213) | AE23: =IF(C23="",0,IF(ROUND(C23*100,1)<N($AC$2),1,0))
B24: Freya F. | C24: =IF(B24="","",IF((SUMPRODUCT(--ISNUMBER(H24:AA24),$H$52:$AA$52)+SUMPRODUCT(--(H24:AA24="M"),$H$52:$AA$52))=0,"",ROUND(SUMPRODUCT(H24:AA24,$H$53:$AA$53)/(SUMPRODUCT(--ISNUMBER(H24:AA24),$H$52:$AA$52)+SUMPRODUCT(--(H24:AA24="M"),$H$52:$AA$52))*100,1)/100)) | D24: =IF(C24="","",IFERROR(INDEX(Settings!$C$17:$C$26,MATCH(AC24,Settings!$B$17:$B$26,0)),"")) | E24: =IF(B24="","",COUNTIF(H24:AA24,"M")) | F24: =IF(B24="","",COUNTIFS(Absences!$C$6:$C$405,Settings!$C$10,Absences!$D$6:$D$405,B24,Absences!$E$6:$E$405,"Absent")) | G24: =IF(B24="","",COUNTIFS(Absences!$C$6:$C$405,Settings!$C$10,Absences!$D$6:$D$405,B24,Absences!$E$6:$E$405,"Late")) | H24: 7 | I24: 17 | J24: 19 | K24: 45 | AC24: =IF(C24="","",SUMPRODUCT(MAX(ISNUMBER(Settings!$B$17:$B$26)*(Settings!$B$17:$B$26<=ROUND(C24*100,1))*Settings!$B$17:$B$26))) | AD24: =IF(C24="","",ROUND(C24*1000,0)*1000+214) | AE24: =IF(C24="",0,IF(ROUND(C24*100,1)<N($AC$2),1,0))
B25: Jade S. | C25: =IF(B25="","",IF((SUMPRODUCT(--ISNUMBER(H25:AA25),$H$52:$AA$52)+SUMPRODUCT(--(H25:AA25="M"),$H$52:$AA$52))=0,"",ROUND(SUMPRODUCT(H25:AA25,$H$53:$AA$53)/(SUMPRODUCT(--ISNUMBER(H25:AA25),$H$52:$AA$52)+SUMPRODUCT(--(H25:AA25="M"),$H$52:$AA$52))*100,1)/100)) | D25: =IF(C25="","",IFERROR(INDEX(Settings!$C$17:$C$26,MATCH(AC25,Settings!$B$17:$B$26,0)),"")) | E25: =IF(B25="","",COUNTIF(H25:AA25,"M")) | F25: =IF(B25="","",COUNTIFS(Absences!$C$6:$C$405,Settings!$C$10,Absences!$D$6:$D$405,B25,Absences!$E$6:$E$405,"Absent")) | G25: =IF(B25="","",COUNTIFS(Absences!$C$6:$C$405,Settings!$C$10,Absences!$D$6:$D$405,B25,Absences!$E$6:$E$405,"Late")) | H25: 10 | I25: 20 | J25: 24 | K25: 58 | AC25: =IF(C25="","",SUMPRODUCT(MAX(ISNUMBER(Settings!$B$17:$B$26)*(Settings!$B$17:$B$26<=ROUND(C25*100,1))*Settings!$B$17:$B$26))) | AD25: =IF(C25="","",ROUND(C25*1000,0)*1000+215) | AE25: =IF(C25="",0,IF(ROUND(C25*100,1)<N($AC$2),1,0))
B26: Kira H. | C26: =IF(B26="","",IF((SUMPRODUCT(--ISNUMBER(H26:AA26),$H$52:$AA$52)+SUMPRODUCT(--(H26:AA26="M"),$H$52:$AA$52))=0,"",ROUND(SUMPRODUCT(H26:AA26,$H$53:$AA$53)/(SUMPRODUCT(--ISNUMBER(H26:AA26),$H$52:$AA$52)+SUMPRODUCT(--(H26:AA26="M"),$H$52:$AA$52))*100,1)/100)) | D26: =IF(C26="","",IFERROR(INDEX(Settings!$C$17:$C$26,MATCH(AC26,Settings!$B$17:$B$26,0)),"")) | E26: =IF(B26="","",COUNTIF(H26:AA26,"M")) | F26: =IF(B26="","",COUNTIFS(Absences!$C$6:$C$405,Settings!$C$10,Absences!$D$6:$D$405,B26,Absences!$E$6:$E$405,"Absent")) | G26: =IF(B26="","",COUNTIFS(Absences!$C$6:$C$405,Settings!$C$10,Absences!$D$6:$D$405,B26,Absences!$E$6:$E$405,"Late")) | H26: 8 | I26: 17 | J26: 15 | K26: 48 | AC26: =IF(C26="","",SUMPRODUCT(MAX(ISNUMBER(Settings!$B$17:$B$26)*(Settings!$B$17:$B$26<=ROUND(C26*100,1))*Settings!$B$17:$B$26))) | AD26: =IF(C26="","",ROUND(C26*1000,0)*1000+216) | AE26: =IF(C26="",0,IF(ROUND(C26*100,1)<N($AC$2),1,0))
B27: Liam S. | C27: =IF(B27="","",IF((SUMPRODUCT(--ISNUMBER(H27:AA27),$H$52:$AA$52)+SUMPRODUCT(--(H27:AA27="M"),$H$52:$AA$52))=0,"",ROUND(SUMPRODUCT(H27:AA27,$H$53:$AA$53)/(SUMPRODUCT(--ISNUMBER(H27:AA27),$H$52:$AA$52)+SUMPRODUCT(--(H27:AA27="M"),$H$52:$AA$52))*100,1)/100)) | D27: =IF(C27="","",IFERROR(INDEX(Settings!$C$17:$C$26,MATCH(AC27,Settings!$B$17:$B$26,0)),"")) | E27: =IF(B27="","",COUNTIF(H27:AA27,"M")) | F27: =IF(B27="","",COUNTIFS(Absences!$C$6:$C$405,Settings!$C$10,Absences!$D$6:$D$405,B27,Absences!$E$6:$E$405,"Absent")) | G27: =IF(B27="","",COUNTIFS(Absences!$C$6:$C$405,Settings!$C$10,Absences!$D$6:$D$405,B27,Absences!$E$6:$E$405,"Late")) | H27: 9 | I27: 17 | J27: 23 | K27: 47 | AC27: =IF(C27="","",SUMPRODUCT(MAX(ISNUMBER(Settings!$B$17:$B$26)*(Settings!$B$17:$B$26<=ROUND(C27*100,1))*Settings!$B$17:$B$26))) | AD27: =IF(C27="","",ROUND(C27*1000,0)*1000+217) | AE27: =IF(C27="",0,IF(ROUND(C27*100,1)<N($AC$2),1,0))
B28: Pavel K. | C28: =IF(B28="","",IF((SUMPRODUCT(--ISNUMBER(H28:AA28),$H$52:$AA$52)+SUMPRODUCT(--(H28:AA28="M"),$H$52:$AA$52))=0,"",ROUND(SUMPRODUCT(H28:AA28,$H$53:$AA$53)/(SUMPRODUCT(--ISNUMBER(H28:AA28),$H$52:$AA$52)+SUMPRODUCT(--(H28:AA28="M"),$H$52:$AA$52))*100,1)/100)) | D28: =IF(C28="","",IFERROR(INDEX(Settings!$C$17:$C$26,MATCH(AC28,Settings!$B$17:$B$26,0)),"")) | E28: =IF(B28="","",COUNTIF(H28:AA28,"M")) | F28: =IF(B28="","",COUNTIFS(Absences!$C$6:$C$405,Settings!$C$10,Absences!$D$6:$D$405,B28,Absences!$E$6:$E$405,"Absent")) | G28: =IF(B28="","",COUNTIFS(Absences!$C$6:$C$405,Settings!$C$10,Absences!$D$6:$D$405,B28,Absences!$E$6:$E$405,"Late")) | H28: 9 | I28: 16 | J28: 21 | K28: 48 | AC28: =IF(C28="","",SUMPRODUCT(MAX(ISNUMBER(Settings!$B$17:$B$26)*(Settings!$B$17:$B$26<=ROUND(C28*100,1))*Settings!$B$17:$B$26))) | AD28: =IF(C28="","",ROUND(C28*1000,0)*1000+218) | AE28: =IF(C28="",0,IF(ROUND(C28*100,1)<N($AC$2),1,0))
B29: Umar R. | C29: =IF(B29="","",IF((SUMPRODUCT(--ISNUMBER(H29:AA29),$H$52:$AA$52)+SUMPRODUCT(--(H29:AA29="M"),$H$52:$AA$52))=0,"",ROUND(SUMPRODUCT(H29:AA29,$H$53:$AA$53)/(SUMPRODUCT(--ISNUMBER(H29:AA29),$H$52:$AA$52)+SUMPRODUCT(--(H29:AA29="M"),$H$52:$AA$52))*100,1)/100)) | D29: =IF(C29="","",IFERROR(INDEX(Settings!$C$17:$C$26,MATCH(AC29,Settings!$B$17:$B$26,0)),"")) | E29: =IF(B29="","",COUNTIF(H29:AA29,"M")) | F29: =IF(B29="","",COUNTIFS(Absences!$C$6:$C$405,Settings!$C$10,Absences!$D$6:$D$405,B29,Absences!$E$6:$E$405,"Absent")) | G29: =IF(B29="","",COUNTIFS(Absences!$C$6:$C$405,Settings!$C$10,Absences!$D$6:$D$405,B29,Absences!$E$6:$E$405,"Late")) | H29: 5 | I29: 10 | J29: 16 | K29: M | AC29: =IF(C29="","",SUMPRODUCT(MAX(ISNUMBER(Settings!$B$17:$B$26)*(Settings!$B$17:$B$26<=ROUND(C29*100,1))*Settings!$B$17:$B$26))) | AD29: =IF(C29="","",ROUND(C29*1000,0)*1000+219) | AE29: =IF(C29="",0,IF(ROUND(C29*100,1)<N($AC$2),1,0))
B30: Ben A. | C30: =IF(B30="","",IF((SUMPRODUCT(--ISNUMBER(H30:AA30),$H$52:$AA$52)+SUMPRODUCT(--(H30:AA30="M"),$H$52:$AA$52))=0,"",ROUND(SUMPRODUCT(H30:AA30,$H$53:$AA$53)/(SUMPRODUCT(--ISNUMBER(H30:AA30),$H$52:$AA$52)+SUMPRODUCT(--(H30:AA30="M"),$H$52:$AA$52))*100,1)/100)) | D30: =IF(C30="","",IFERROR(INDEX(Settings!$C$17:$C$26,MATCH(AC30,Settings!$B$17:$B$26,0)),"")) | E30: =IF(B30="","",COUNTIF(H30:AA30,"M")) | F30: =IF(B30="","",COUNTIFS(Absences!$C$6:$C$405,Settings!$C$10,Absences!$D$6:$D$405,B30,Absences!$E$6:$E$405,"Absent")) | G30: =IF(B30="","",COUNTIFS(Absences!$C$6:$C$405,Settings!$C$10,Absences!$D$6:$D$405,B30,Absences!$E$6:$E$405,"Late")) | H30: 8 | I30: 19 | J30: 21 | K30: 51 | AC30: =IF(C30="","",SUMPRODUCT(MAX(ISNUMBER(Settings!$B$17:$B$26)*(Settings!$B$17:$B$26<=ROUND(C30*100,1))*Settings!$B$17:$B$26))) | AD30: =IF(C30="","",ROUND(C30*1000,0)*1000+220) | AE30: =IF(C30="",0,IF(ROUND(C30*100,1)<N($AC$2),1,0))
B31: Talia W. | C31: =IF(B31="","",IF((SUMPRODUCT(--ISNUMBER(H31:AA31),$H$52:$AA$52)+SUMPRODUCT(--(H31:AA31="M"),$H$52:$AA$52))=0,"",ROUND(SUMPRODUCT(H31:AA31,$H$53:$AA$53)/(SUMPRODUCT(--ISNUMBER(H31:AA31),$H$52:$AA$52)+SUMPRODUCT(--(H31:AA31="M"),$H$52:$AA$52))*100,1)/100)) | D31: =IF(C31="","",IFERROR(INDEX(Settings!$C$17:$C$26,MATCH(AC31,Settings!$B$17:$B$26,0)),"")) | E31: =IF(B31="","",COUNTIF(H31:AA31,"M")) | F31: =IF(B31="","",COUNTIFS(Absences!$C$6:$C$405,Settings!$C$10,Absences!$D$6:$D$405,B31,Absences!$E$6:$E$405,"Absent")) | G31: =IF(B31="","",COUNTIFS(Absences!$C$6:$C$405,Settings!$C$10,Absences!$D$6:$D$405,B31,Absences!$E$6:$E$405,"Late")) | H31: 8 | I31: 19 | J31: 24 | K31: 60 | AC31: =IF(C31="","",SUMPRODUCT(MAX(ISNUMBER(Settings!$B$17:$B$26)*(Settings!$B$17:$B$26<=ROUND(C31*100,1))*Settings!$B$17:$B$26))) | AD31: =IF(C31="","",ROUND(C31*1000,0)*1000+221) | AE31: =IF(C31="",0,IF(ROUND(C31*100,1)<N($AC$2),1,0))
B32: Caleb F. | C32: =IF(B32="","",IF((SUMPRODUCT(--ISNUMBER(H32:AA32),$H$52:$AA$52)+SUMPRODUCT(--(H32:AA32="M"),$H$52:$AA$52))=0,"",ROUND(SUMPRODUCT(H32:AA32,$H$53:$AA$53)/(SUMPRODUCT(--ISNUMBER(H32:AA32),$H$52:$AA$52)+SUMPRODUCT(--(H32:AA32="M"),$H$52:$AA$52))*100,1)/100)) | D32: =IF(C32="","",IFERROR(INDEX(Settings!$C$17:$C$26,MATCH(AC32,Settings!$B$17:$B$26,0)),"")) | E32: =IF(B32="","",COUNTIF(H32:AA32,"M")) | F32: =IF(B32="","",COUNTIFS(Absences!$C$6:$C$405,Settings!$C$10,Absences!$D$6:$D$405,B32,Absences!$E$6:$E$405,"Absent")) | G32: =IF(B32="","",COUNTIFS(Absences!$C$6:$C$405,Settings!$C$10,Absences!$D$6:$D$405,B32,Absences!$E$6:$E$405,"Late")) | H32: 6 | I32: 10 | J32: 13 | K32: 37 | AC32: =IF(C32="","",SUMPRODUCT(MAX(ISNUMBER(Settings!$B$17:$B$26)*(Settings!$B$17:$B$26<=ROUND(C32*100,1))*Settings!$B$17:$B$26))) | AD32: =IF(C32="","",ROUND(C32*1000,0)*1000+222) | AE32: =IF(C32="",0,IF(ROUND(C32*100,1)<N($AC$2),1,0))
B33: Daniel T. | C33: =IF(B33="","",IF((SUMPRODUCT(--ISNUMBER(H33:AA33),$H$52:$AA$52)+SUMPRODUCT(--(H33:AA33="M"),$H$52:$AA$52))=0,"",ROUND(SUMPRODUCT(H33:AA33,$H$53:$AA$53)/(SUMPRODUCT(--ISNUMBER(H33:AA33),$H$52:$AA$52)+SUMPRODUCT(--(H33:AA33="M"),$H$52:$AA$52))*100,1)/100)) | D33: =IF(C33="","",IFERROR(INDEX(Settings!$C$17:$C$26,MATCH(AC33,Settings!$B$17:$B$26,0)),"")) | E33: =IF(B33="","",COUNTIF(H33:AA33,"M")) | F33: =IF(B33="","",COUNTIFS(Absences!$C$6:$C$405,Settings!$C$10,Absences!$D$6:$D$405,B33,Absences!$E$6:$E$405,"Absent")) | G33: =IF(B33="","",COUNTIFS(Absences!$C$6:$C$405,Settings!$C$10,Absences!$D$6:$D$405,B33,Absences!$E$6:$E$405,"Late")) | H33: 7 | I33: 13 | J33: 18 | K33: 44 | AC33: =IF(C33="","",SUMPRODUCT(MAX(ISNUMBER(Settings!$B$17:$B$26)*(Settings!$B$17:$B$26<=ROUND(C33*100,1))*Settings!$B$17:$B$26))) | AD33: =IF(C33="","",ROUND(C33*1000,0)*1000+223) | AE33: =IF(C33="",0,IF(ROUND(C33*100,1)<N($AC$2),1,0))
B34: Gabe K. | C34: =IF(B34="","",IF((SUMPRODUCT(--ISNUMBER(H34:AA34),$H$52:$AA$52)+SUMPRODUCT(--(H34:AA34="M"),$H$52:$AA$52))=0,"",ROUND(SUMPRODUCT(H34:AA34,$H$53:$AA$53)/(SUMPRODUCT(--ISNUMBER(H34:AA34),$H$52:$AA$52)+SUMPRODUCT(--(H34:AA34="M"),$H$52:$AA$52))*100,1)/100)) | D34: =IF(C34="","",IFERROR(INDEX(Settings!$C$17:$C$26,MATCH(AC34,Settings!$B$17:$B$26,0)),"")) | E34: =IF(B34="","",COUNTIF(H34:AA34,"M")) | F34: =IF(B34="","",COUNTIFS(Absences!$C$6:$C$405,Settings!$C$10,Absences!$D$6:$D$405,B34,Absences!$E$6:$E$405,"Absent")) | G34: =IF(B34="","",COUNTIFS(Absences!$C$6:$C$405,Settings!$C$10,Absences!$D$6:$D$405,B34,Absences!$E$6:$E$405,"Late")) | H34: 10 | I34: 17 | J34: 23 | K34: 57 | AC34: =IF(C34="","",SUMPRODUCT(MAX(ISNUMBER(Settings!$B$17:$B$26)*(Settings!$B$17:$B$26<=ROUND(C34*100,1))*Settings!$B$17:$B$26))) | AD34: =IF(C34="","",ROUND(C34*1000,0)*1000+224) | AE34: =IF(C34="",0,IF(ROUND(C34*100,1)<N($AC$2),1,0))
C35: =IF(B35="","",IF((SUMPRODUCT(--ISNUMBER(H35:AA35),$H$52:$AA$52)+SUMPRODUCT(--(H35:AA35="M"),$H$52:$AA$52))=0,"",ROUND(SUMPRODUCT(H35:AA35,$H$53:$AA$53)/(SUMPRODUCT(--ISNUMBER(H35:AA35),$H$52:$AA$52)+SUMPRODUCT(--(H35:AA35="M"),$H$52:$AA$52))*100,1)/100)) | D35: =IF(C35="","",IFERROR(INDEX(Settings!$C$17:$C$26,MATCH(AC35,Settings!$B$17:$B$26,0)),"")) | E35: =IF(B35="","",COUNTIF(H35:AA35,"M")) | F35: =IF(B35="","",COUNTIFS(Absences!$C$6:$C$405,Settings!$C$10,Absences!$D$6:$D$405,B35,Absences!$E$6:$E$405,"Absent")) | G35: =IF(B35="","",COUNTIFS(Absences!$C$6:$C$405,Settings!$C$10,Absences!$D$6:$D$405,B35,Absences!$E$6:$E$405,"Late")) | AC35: =IF(C35="","",SUMPRODUCT(MAX(ISNUMBER(Settings!$B$17:$B$26)*(Settings!$B$17:$B$26<=ROUND(C35*100,1))*Settings!$B$17:$B$26))) | AD35: =IF(C35="","",ROUND(C35*1000,0)*1000+225) | AE35: =IF(C35="",0,IF(ROUND(C35*100,1)<N($AC$2),1,0))
C36: =IF(B36="","",IF((SUMPRODUCT(--ISNUMBER(H36:AA36),$H$52:$AA$52)+SUMPRODUCT(--(H36:AA36="M"),$H$52:$AA$52))=0,"",ROUND(SUMPRODUCT(H36:AA36,$H$53:$AA$53)/(SUMPRODUCT(--ISNUMBER(H36:AA36),$H$52:$AA$52)+SUMPRODUCT(--(H36:AA36="M"),$H$52:$AA$52))*100,1)/100)) | D36: =IF(C36="","",IFERROR(INDEX(Settings!$C$17:$C$26,MATCH(AC36,Settings!$B$17:$B$26,0)),"")) | E36: =IF(B36="","",COUNTIF(H36:AA36,"M")) | F36: =IF(B36="","",COUNTIFS(Absences!$C$6:$C$405,Settings!$C$10,Absences!$D$6:$D$405,B36,Absences!$E$6:$E$405,"Absent")) | G36: =IF(B36="","",COUNTIFS(Absences!$C$6:$C$405,Settings!$C$10,Absences!$D$6:$D$405,B36,Absences!$E$6:$E$405,"Late")) | AC36: =IF(C36="","",SUMPRODUCT(MAX(ISNUMBER(Settings!$B$17:$B$26)*(Settings!$B$17:$B$26<=ROUND(C36*100,1))*Settings!$B$17:$B$26))) | AD36: =IF(C36="","",ROUND(C36*1000,0)*1000+226) | AE36: =IF(C36="",0,IF(ROUND(C36*100,1)<N($AC$2),1,0))
C37: =IF(B37="","",IF((SUMPRODUCT(--ISNUMBER(H37:AA37),$H$52:$AA$52)+SUMPRODUCT(--(H37:AA37="M"),$H$52:$AA$52))=0,"",ROUND(SUMPRODUCT(H37:AA37,$H$53:$AA$53)/(SUMPRODUCT(--ISNUMBER(H37:AA37),$H$52:$AA$52)+SUMPRODUCT(--(H37:AA37="M"),$H$52:$AA$52))*100,1)/100)) | D37: =IF(C37="","",IFERROR(INDEX(Settings!$C$17:$C$26,MATCH(AC37,Settings!$B$17:$B$26,0)),"")) | E37: =IF(B37="","",COUNTIF(H37:AA37,"M")) | F37: =IF(B37="","",COUNTIFS(Absences!$C$6:$C$405,Settings!$C$10,Absences!$D$6:$D$405,B37,Absences!$E$6:$E$405,"Absent")) | G37: =IF(B37="","",COUNTIFS(Absences!$C$6:$C$405,Settings!$C$10,Absences!$D$6:$D$405,B37,Absences!$E$6:$E$405,"Late")) | AC37: =IF(C37="","",SUMPRODUCT(MAX(ISNUMBER(Settings!$B$17:$B$26)*(Settings!$B$17:$B$26<=ROUND(C37*100,1))*Settings!$B$17:$B$26))) | AD37: =IF(C37="","",ROUND(C37*1000,0)*1000+227) | AE37: =IF(C37="",0,IF(ROUND(C37*100,1)<N($AC$2),1,0))
C38: =IF(B38="","",IF((SUMPRODUCT(--ISNUMBER(H38:AA38),$H$52:$AA$52)+SUMPRODUCT(--(H38:AA38="M"),$H$52:$AA$52))=0,"",ROUND(SUMPRODUCT(H38:AA38,$H$53:$AA$53)/(SUMPRODUCT(--ISNUMBER(H38:AA38),$H$52:$AA$52)+SUMPRODUCT(--(H38:AA38="M"),$H$52:$AA$52))*100,1)/100)) | D38: =IF(C38="","",IFERROR(INDEX(Settings!$C$17:$C$26,MATCH(AC38,Settings!$B$17:$B$26,0)),"")) | E38: =IF(B38="","",COUNTIF(H38:AA38,"M")) | F38: =IF(B38="","",COUNTIFS(Absences!$C$6:$C$405,Settings!$C$10,Absences!$D$6:$D$405,B38,Absences!$E$6:$E$405,"Absent")) | G38: =IF(B38="","",COUNTIFS(Absences!$C$6:$C$405,Settings!$C$10,Absences!$D$6:$D$405,B38,Absences!$E$6:$E$405,"Late")) | AC38: =IF(C38="","",SUMPRODUCT(MAX(ISNUMBER(Settings!$B$17:$B$26)*(Settings!$B$17:$B$26<=ROUND(C38*100,1))*Settings!$B$17:$B$26))) | AD38: =IF(C38="","",ROUND(C38*1000,0)*1000+228) | AE38: =IF(C38="",0,IF(ROUND(C38*100,1)<N($AC$2),1,0))
C39: =IF(B39="","",IF((SUMPRODUCT(--ISNUMBER(H39:AA39),$H$52:$AA$52)+SUMPRODUCT(--(H39:AA39="M"),$H$52:$AA$52))=0,"",ROUND(SUMPRODUCT(H39:AA39,$H$53:$AA$53)/(SUMPRODUCT(--ISNUMBER(H39:AA39),$H$52:$AA$52)+SUMPRODUCT(--(H39:AA39="M"),$H$52:$AA$52))*100,1)/100)) | D39: =IF(C39="","",IFERROR(INDEX(Settings!$C$17:$C$26,MATCH(AC39,Settings!$B$17:$B$26,0)),"")) | E39: =IF(B39="","",COUNTIF(H39:AA39,"M")) | F39: =IF(B39="","",COUNTIFS(Absences!$C$6:$C$405,Settings!$C$10,Absences!$D$6:$D$405,B39,Absences!$E$6:$E$405,"Absent")) | G39: =IF(B39="","",COUNTIFS(Absences!$C$6:$C$405,Settings!$C$10,Absences!$D$6:$D$405,B39,Absences!$E$6:$E$405,"Late")) | AC39: =IF(C39="","",SUMPRODUCT(MAX(ISNUMBER(Settings!$B$17:$B$26)*(Settings!$B$17:$B$26<=ROUND(C39*100,1))*Settings!$B$17:$B$26))) | AD39: =IF(C39="","",ROUND(C39*1000,0)*1000+229) | AE39: =IF(C39="",0,IF(ROUND(C39*100,1)<N($AC$2),1,0))
C40: =IF(B40="","",IF((SUMPRODUCT(--ISNUMBER(H40:AA40),$H$52:$AA$52)+SUMPRODUCT(--(H40:AA40="M"),$H$52:$AA$52))=0,"",ROUND(SUMPRODUCT(H40:AA40,$H$53:$AA$53)/(SUMPRODUCT(--ISNUMBER(H40:AA40),$H$52:$AA$52)+SUMPRODUCT(--(H40:AA40="M"),$H$52:$AA$52))*100,1)/100)) | D40: =IF(C40="","",IFERROR(INDEX(Settings!$C$17:$C$26,MATCH(AC40,Settings!$B$17:$B$26,0)),"")) | E40: =IF(B40="","",COUNTIF(H40:AA40,"M")) | F40: =IF(B40="","",COUNTIFS(Absences!$C$6:$C$405,Settings!$C$10,Absences!$D$6:$D$405,B40,Absences!$E$6:$E$405,"Absent")) | G40: =IF(B40="","",COUNTIFS(Absences!$C$6:$C$405,Settings!$C$10,Absences!$D$6:$D$405,B40,Absences!$E$6:$E$405,"Late")) | AC40: =IF(C40="","",SUMPRODUCT(MAX(ISNUMBER(Settings!$B$17:$B$26)*(Settings!$B$17:$B$26<=ROUND(C40*100,1))*Settings!$B$17:$B$26))) | AD40: =IF(C40="","",ROUND(C40*1000,0)*1000+230) | AE40: =IF(C40="",0,IF(ROUND(C40*100,1)<N($AC$2),1,0))
C41: =IF(B41="","",IF((SUMPRODUCT(--ISNUMBER(H41:AA41),$H$52:$AA$52)+SUMPRODUCT(--(H41:AA41="M"),$H$52:$AA$52))=0,"",ROUND(SUMPRODUCT(H41:AA41,$H$53:$AA$53)/(SUMPRODUCT(--ISNUMBER(H41:AA41),$H$52:$AA$52)+SUMPRODUCT(--(H41:AA41="M"),$H$52:$AA$52))*100,1)/100)) | D41: =IF(C41="","",IFERROR(INDEX(Settings!$C$17:$C$26,MATCH(AC41,Settings!$B$17:$B$26,0)),"")) | E41: =IF(B41="","",COUNTIF(H41:AA41,"M")) | F41: =IF(B41="","",COUNTIFS(Absences!$C$6:$C$405,Settings!$C$10,Absences!$D$6:$D$405,B41,Absences!$E$6:$E$405,"Absent")) | G41: =IF(B41="","",COUNTIFS(Absences!$C$6:$C$405,Settings!$C$10,Absences!$D$6:$D$405,B41,Absences!$E$6:$E$405,"Late")) | AC41: =IF(C41="","",SUMPRODUCT(MAX(ISNUMBER(Settings!$B$17:$B$26)*(Settings!$B$17:$B$26<=ROUND(C41*100,1))*Settings!$B$17:$B$26))) | AD41: =IF(C41="","",ROUND(C41*1000,0)*1000+231) | AE41: =IF(C41="",0,IF(ROUND(C41*100,1)<N($AC$2),1,0))
C42: =IF(B42="","",IF((SUMPRODUCT(--ISNUMBER(H42:AA42),$H$52:$AA$52)+SUMPRODUCT(--(H42:AA42="M"),$H$52:$AA$52))=0,"",ROUND(SUMPRODUCT(H42:AA42,$H$53:$AA$53)/(SUMPRODUCT(--ISNUMBER(H42:AA42),$H$52:$AA$52)+SUMPRODUCT(--(H42:AA42="M"),$H$52:$AA$52))*100,1)/100)) | D42: =IF(C42="","",IFERROR(INDEX(Settings!$C$17:$C$26,MATCH(AC42,Settings!$B$17:$B$26,0)),"")) | E42: =IF(B42="","",COUNTIF(H42:AA42,"M")) | F42: =IF(B42="","",COUNTIFS(Absences!$C$6:$C$405,Settings!$C$10,Absences!$D$6:$D$405,B42,Absences!$E$6:$E$405,"Absent")) | G42: =IF(B42="","",COUNTIFS(Absences!$C$6:$C$405,Settings!$C$10,Absences!$D$6:$D$405,B42,Absences!$E$6:$E$405,"Late")) | AC42: =IF(C42="","",SUMPRODUCT(MAX(ISNUMBER(Settings!$B$17:$B$26)*(Settings!$B$17:$B$26<=ROUND(C42*100,1))*Settings!$B$17:$B$26))) | AD42: =IF(C42="","",ROUND(C42*1000,0)*1000+232) | AE42: =IF(C42="",0,IF(ROUND(C42*100,1)<N($AC$2),1,0))
C43: =IF(B43="","",IF((SUMPRODUCT(--ISNUMBER(H43:AA43),$H$52:$AA$52)+SUMPRODUCT(--(H43:AA43="M"),$H$52:$AA$52))=0,"",ROUND(SUMPRODUCT(H43:AA43,$H$53:$AA$53)/(SUMPRODUCT(--ISNUMBER(H43:AA43),$H$52:$AA$52)+SUMPRODUCT(--(H43:AA43="M"),$H$52:$AA$52))*100,1)/100)) | D43: =IF(C43="","",IFERROR(INDEX(Settings!$C$17:$C$26,MATCH(AC43,Settings!$B$17:$B$26,0)),"")) | E43: =IF(B43="","",COUNTIF(H43:AA43,"M")) | F43: =IF(B43="","",COUNTIFS(Absences!$C$6:$C$405,Settings!$C$10,Absences!$D$6:$D$405,B43,Absences!$E$6:$E$405,"Absent")) | G43: =IF(B43="","",COUNTIFS(Absences!$C$6:$C$405,Settings!$C$10,Absences!$D$6:$D$405,B43,Absences!$E$6:$E$405,"Late")) | AC43: =IF(C43="","",SUMPRODUCT(MAX(ISNUMBER(Settings!$B$17:$B$26)*(Settings!$B$17:$B$26<=ROUND(C43*100,1))*Settings!$B$17:$B$26))) | AD43: =IF(C43="","",ROUND(C43*1000,0)*1000+233) | AE43: =IF(C43="",0,IF(ROUND(C43*100,1)<N($AC$2),1,0))
C44: =IF(B44="","",IF((SUMPRODUCT(--ISNUMBER(H44:AA44),$H$52:$AA$52)+SUMPRODUCT(--(H44:AA44="M"),$H$52:$AA$52))=0,"",ROUND(SUMPRODUCT(H44:AA44,$H$53:$AA$53)/(SUMPRODUCT(--ISNUMBER(H44:AA44),$H$52:$AA$52)+SUMPRODUCT(--(H44:AA44="M"),$H$52:$AA$52))*100,1)/100)) | D44: =IF(C44="","",IFERROR(INDEX(Settings!$C$17:$C$26,MATCH(AC44,Settings!$B$17:$B$26,0)),"")) | E44: =IF(B44="","",COUNTIF(H44:AA44,"M")) | F44: =IF(B44="","",COUNTIFS(Absences!$C$6:$C$405,Settings!$C$10,Absences!$D$6:$D$405,B44,Absences!$E$6:$E$405,"Absent")) | G44: =IF(B44="","",COUNTIFS(Absences!$C$6:$C$405,Settings!$C$10,Absences!$D$6:$D$405,B44,Absences!$E$6:$E$405,"Late")) | AC44: =IF(C44="","",SUMPRODUCT(MAX(ISNUMBER(Settings!$B$17:$B$26)*(Settings!$B$17:$B$26<=ROUND(C44*100,1))*Settings!$B$17:$B$26))) | AD44: =IF(C44="","",ROUND(C44*1000,0)*1000+234) | AE44: =IF(C44="",0,IF(ROUND(C44*100,1)<N($AC$2),1,0))
C45: =IF(B45="","",IF((SUMPRODUCT(--ISNUMBER(H45:AA45),$H$52:$AA$52)+SUMPRODUCT(--(H45:AA45="M"),$H$52:$AA$52))=0,"",ROUND(SUMPRODUCT(H45:AA45,$H$53:$AA$53)/(SUMPRODUCT(--ISNUMBER(H45:AA45),$H$52:$AA$52)+SUMPRODUCT(--(H45:AA45="M"),$H$52:$AA$52))*100,1)/100)) | D45: =IF(C45="","",IFERROR(INDEX(Settings!$C$17:$C$26,MATCH(AC45,Settings!$B$17:$B$26,0)),"")) | E45: =IF(B45="","",COUNTIF(H45:AA45,"M")) | F45: =IF(B45="","",COUNTIFS(Absences!$C$6:$C$405,Settings!$C$10,Absences!$D$6:$D$405,B45,Absences!$E$6:$E$405,"Absent")) | G45: =IF(B45="","",COUNTIFS(Absences!$C$6:$C$405,Settings!$C$10,Absences!$D$6:$D$405,B45,Absences!$E$6:$E$405,"Late")) | AC45: =IF(C45="","",SUMPRODUCT(MAX(ISNUMBER(Settings!$B$17:$B$26)*(Settings!$B$17:$B$26<=ROUND(C45*100,1))*Settings!$B$17:$B$26))) | AD45: =IF(C45="","",ROUND(C45*1000,0)*1000+235) | AE45: =IF(C45="",0,IF(ROUND(C45*100,1)<N($AC$2),1,0))
C46: =IF(B46="","",IF((SUMPRODUCT(--ISNUMBER(H46:AA46),$H$52:$AA$52)+SUMPRODUCT(--(H46:AA46="M"),$H$52:$AA$52))=0,"",ROUND(SUMPRODUCT(H46:AA46,$H$53:$AA$53)/(SUMPRODUCT(--ISNUMBER(H46:AA46),$H$52:$AA$52)+SUMPRODUCT(--(H46:AA46="M"),$H$52:$AA$52))*100,1)/100)) | D46: =IF(C46="","",IFERROR(INDEX(Settings!$C$17:$C$26,MATCH(AC46,Settings!$B$17:$B$26,0)),"")) | E46: =IF(B46="","",COUNTIF(H46:AA46,"M")) | F46: =IF(B46="","",COUNTIFS(Absences!$C$6:$C$405,Settings!$C$10,Absences!$D$6:$D$405,B46,Absences!$E$6:$E$405,"Absent")) | G46: =IF(B46="","",COUNTIFS(Absences!$C$6:$C$405,Settings!$C$10,Absences!$D$6:$D$405,B46,Absences!$E$6:$E$405,"Late")) | AC46: =IF(C46="","",SUMPRODUCT(MAX(ISNUMBER(Settings!$B$17:$B$26)*(Settings!$B$17:$B$26<=ROUND(C46*100,1))*Settings!$B$17:$B$26))) | AD46: =IF(C46="","",ROUND(C46*1000,0)*1000+236) | AE46: =IF(C46="",0,IF(ROUND(C46*100,1)<N($AC$2),1,0))
C47: =IF(B47="","",IF((SUMPRODUCT(--ISNUMBER(H47:AA47),$H$52:$AA$52)+SUMPRODUCT(--(H47:AA47="M"),$H$52:$AA$52))=0,"",ROUND(SUMPRODUCT(H47:AA47,$H$53:$AA$53)/(SUMPRODUCT(--ISNUMBER(H47:AA47),$H$52:$AA$52)+SUMPRODUCT(--(H47:AA47="M"),$H$52:$AA$52))*100,1)/100)) | D47: =IF(C47="","",IFERROR(INDEX(Settings!$C$17:$C$26,MATCH(AC47,Settings!$B$17:$B$26,0)),"")) | E47: =IF(B47="","",COUNTIF(H47:AA47,"M")) | F47: =IF(B47="","",COUNTIFS(Absences!$C$6:$C$405,Settings!$C$10,Absences!$D$6:$D$405,B47,Absences!$E$6:$E$405,"Absent")) | G47: =IF(B47="","",COUNTIFS(Absences!$C$6:$C$405,Settings!$C$10,Absences!$D$6:$D$405,B47,Absences!$E$6:$E$405,"Late")) | AC47: =IF(C47="","",SUMPRODUCT(MAX(ISNUMBER(Settings!$B$17:$B$26)*(Settings!$B$17:$B$26<=ROUND(C47*100,1))*Settings!$B$17:$B$26))) | AD47: =IF(C47="","",ROUND(C47*1000,0)*1000+237) | AE47: =IF(C47="",0,IF(ROUND(C47*100,1)<N($AC$2),1,0))
C48: =IF(B48="","",IF((SUMPRODUCT(--ISNUMBER(H48:AA48),$H$52:$AA$52)+SUMPRODUCT(--(H48:AA48="M"),$H$52:$AA$52))=0,"",ROUND(SUMPRODUCT(H48:AA48,$H$53:$AA$53)/(SUMPRODUCT(--ISNUMBER(H48:AA48),$H$52:$AA$52)+SUMPRODUCT(--(H48:AA48="M"),$H$52:$AA$52))*100,1)/100)) | D48: =IF(C48="","",IFERROR(INDEX(Settings!$C$17:$C$26,MATCH(AC48,Settings!$B$17:$B$26,0)),"")) | E48: =IF(B48="","",COUNTIF(H48:AA48,"M")) | F48: =IF(B48="","",COUNTIFS(Absences!$C$6:$C$405,Settings!$C$10,Absences!$D$6:$D$405,B48,Absences!$E$6:$E$405,"Absent")) | G48: =IF(B48="","",COUNTIFS(Absences!$C$6:$C$405,Settings!$C$10,Absences!$D$6:$D$405,B48,Absences!$E$6:$E$405,"Late")) | AC48: =IF(C48="","",SUMPRODUCT(MAX(ISNUMBER(Settings!$B$17:$B$26)*(Settings!$B$17:$B$26<=ROUND(C48*100,1))*Settings!$B$17:$B$26))) | AD48: =IF(C48="","",ROUND(C48*1000,0)*1000+238) | AE48: =IF(C48="",0,IF(ROUND(C48*100,1)<N($AC$2),1,0))
C49: =IF(B49="","",IF((SUMPRODUCT(--ISNUMBER(H49:AA49),$H$52:$AA$52)+SUMPRODUCT(--(H49:AA49="M"),$H$52:$AA$52))=0,"",ROUND(SUMPRODUCT(H49:AA49,$H$53:$AA$53)/(SUMPRODUCT(--ISNUMBER(H49:AA49),$H$52:$AA$52)+SUMPRODUCT(--(H49:AA49="M"),$H$52:$AA$52))*100,1)/100)) | D49: =IF(C49="","",IFERROR(INDEX(Settings!$C$17:$C$26,MATCH(AC49,Settings!$B$17:$B$26,0)),"")) | E49: =IF(B49="","",COUNTIF(H49:AA49,"M")) | F49: =IF(B49="","",COUNTIFS(Absences!$C$6:$C$405,Settings!$C$10,Absences!$D$6:$D$405,B49,Absences!$E$6:$E$405,"Absent")) | G49: =IF(B49="","",COUNTIFS(Absences!$C$6:$C$405,Settings!$C$10,Absences!$D$6:$D$405,B49,Absences!$E$6:$E$405,"Late")) | AC49: =IF(C49="","",SUMPRODUCT(MAX(ISNUMBER(Settings!$B$17:$B$26)*(Settings!$B$17:$B$26<=ROUND(C49*100,1))*Settings!$B$17:$B$26))) | AD49: =IF(C49="","",ROUND(C49*1000,0)*1000+239) | AE49: =IF(C49="",0,IF(ROUND(C49*100,1)<N($AC$2),1,0))
C50: =IF(B50="","",IF((SUMPRODUCT(--ISNUMBER(H50:AA50),$H$52:$AA$52)+SUMPRODUCT(--(H50:AA50="M"),$H$52:$AA$52))=0,"",ROUND(SUMPRODUCT(H50:AA50,$H$53:$AA$53)/(SUMPRODUCT(--ISNUMBER(H50:AA50),$H$52:$AA$52)+SUMPRODUCT(--(H50:AA50="M"),$H$52:$AA$52))*100,1)/100)) | D50: =IF(C50="","",IFERROR(INDEX(Settings!$C$17:$C$26,MATCH(AC50,Settings!$B$17:$B$26,0)),"")) | E50: =IF(B50="","",COUNTIF(H50:AA50,"M")) | F50: =IF(B50="","",COUNTIFS(Absences!$C$6:$C$405,Settings!$C$10,Absences!$D$6:$D$405,B50,Absences!$E$6:$E$405,"Absent")) | G50: =IF(B50="","",COUNTIFS(Absences!$C$6:$C$405,Settings!$C$10,Absences!$D$6:$D$405,B50,Absences!$E$6:$E$405,"Late")) | AC50: =IF(C50="","",SUMPRODUCT(MAX(ISNUMBER(Settings!$B$17:$B$26)*(Settings!$B$17:$B$26<=ROUND(C50*100,1))*Settings!$B$17:$B$26))) | AD50: =IF(C50="","",ROUND(C50*1000,0)*1000+240) | AE50: =IF(C50="",0,IF(ROUND(C50*100,1)<N($AC$2),1,0))
H52: =IF(N(H7)<=0,0,IF(H8="",1,N(H8))) | I52: =IF(N(I7)<=0,0,IF(I8="",1,N(I8))) | J52: =IF(N(J7)<=0,0,IF(J8="",1,N(J8))) | K52: =IF(N(K7)<=0,0,IF(K8="",1,N(K8))) | L52: =IF(N(L7)<=0,0,IF(L8="",1,N(L8))) | M52: =IF(N(M7)<=0,0,IF(M8="",1,N(M8))) | N52: =IF(N(N7)<=0,0,IF(N8="",1,N(N8))) | O52: =IF(N(O7)<=0,0,IF(O8="",1,N(O8))) | ... AA52: =IF(N(AA7)<=0,0,IF(AA8="",1,N(AA8)))
H53: =IF(H52=0,0,H52/H7) | I53: =IF(I52=0,0,I52/I7) | J53: =IF(J52=0,0,J52/J7) | K53: =IF(K52=0,0,K52/K7) | L53: =IF(L52=0,0,L52/L7) | M53: =IF(M52=0,0,M52/M7) | N53: =IF(N52=0,0,N52/N7) | O53: =IF(O52=0,0,O52/O7) | ... AA53: =IF(AA52=0,0,AA52/AA7)
H54: =IF(AND(H5<>"",ISNUMBER(H6)),IF(AND(H6<=TODAY(),COUNT(H11:H50)+COUNTIF(H11:H50,"M")=0),1,0),0) | I54: =IF(AND(I5<>"",ISNUMBER(I6)),IF(AND(I6<=TODAY(),COUNT(I11:I50)+COUNTIF(I11:I50,"M")=0),1,0),0) | J54: =IF(AND(J5<>"",ISNUMBER(J6)),IF(AND(J6<=TODAY(),COUNT(J11:J50)+COUNTIF(J11:J50,"M")=0),1,0),0) | K54: =IF(AND(K5<>"",ISNUMBER(K6)),IF(AND(K6<=TODAY(),COUNT(K11:K50)+COUNTIF(K11:K50,"M")=0),1,0),0) | L54: =IF(AND(L5<>"",ISNUMBER(L6)),IF(AND(L6<=TODAY(),COUNT(L11:L50)+COUNTIF(L11:L50,"M")=0),1,0),0) | M54: =IF(AND(M5<>"",ISNUMBER(M6)),IF(AND(M6<=TODAY(),COUNT(M11:M50)+COUNTIF(M11:M50,"M")=0),1,0),0) | N54: =IF(AND(N5<>"",ISNUMBER(N6)),IF(AND(N6<=TODAY(),COUNT(N11:N50)+COUNTIF(N11:N50,"M")=0),1,0),0) | O54: =IF(AND(O5<>"",ISNUMBER(O6)),IF(AND(O6<=TODAY(),COUNT(O11:O50)+COUNTIF(O11:O50,"M")=0),1,0),0) | ... AA54: =IF(AND(AA5<>"",ISNUMBER(AA6)),IF(AND(AA6<=TODAY(),COUNT(AA11:AA50)+COUNTIF(AA11:AA50,"M")=0),1,0),0)

Sheet Class 3
B2: =IF(Settings!$C$11="","Class 3",Settings!$C$11) | AC2: =Settings!$C$4
B3: Scores as numbers. M for missing work (counts as 0), Ex for excused (left out), empty for not marked yet.
G5: Assessment | H5: Enzymes homework | I5: Food tests practical | J5: Enzymes test | K5: Digestion essay
G6: Date | H6: 46271 | I6: 46278 | J6: 46285 | K6: 46291
G7: Out of | H7: 20 | I7: 30 | J7: 50 | K7: 25
G8: Weight | H8: 1 | I8: 1 | J8: 2 | K8: 1
C9: =IF(COUNT(C11:C50)=0,"",AVERAGE(C11:C50)) | G9: Class average | H9: =IF(OR(N(H7)<=0,COUNT(H11:H50)=0),"",AVERAGE(H11:H50)/H7) | I9: =IF(OR(N(I7)<=0,COUNT(I11:I50)=0),"",AVERAGE(I11:I50)/I7) | J9: =IF(OR(N(J7)<=0,COUNT(J11:J50)=0),"",AVERAGE(J11:J50)/J7) | K9: =IF(OR(N(K7)<=0,COUNT(K11:K50)=0),"",AVERAGE(K11:K50)/K7) | L9: =IF(OR(N(L7)<=0,COUNT(L11:L50)=0),"",AVERAGE(L11:L50)/L7) | M9: =IF(OR(N(M7)<=0,COUNT(M11:M50)=0),"",AVERAGE(M11:M50)/M7) | N9: =IF(OR(N(N7)<=0,COUNT(N11:N50)=0),"",AVERAGE(N11:N50)/N7) | O9: =IF(OR(N(O7)<=0,COUNT(O11:O50)=0),"",AVERAGE(O11:O50)/O7) | ... AA9: =IF(OR(N(AA7)<=0,COUNT(AA11:AA50)=0),"",AVERAGE(AA11:AA50)/AA7)
B10: Student | C10: Average | D10: Grade | E10: Missing | F10: Absent | G10: Late | H10: 1 | I10: 2 | J10: 3 | K10: 4 | L10: 5 | M10: 6 | N10: 7 | O10: 8 | P10: 9 | Q10: 10 | R10: 11 | S10: 12 | T10: 13 | U10: 14 | V10: 15 | W10: 16 | X10: 17 | Y10: 18 | Z10: 19 | AA10: 20
B11: Isaac K. | C11: =IF(B11="","",IF((SUMPRODUCT(--ISNUMBER(H11:AA11),$H$52:$AA$52)+SUMPRODUCT(--(H11:AA11="M"),$H$52:$AA$52))=0,"",ROUND(SUMPRODUCT(H11:AA11,$H$53:$AA$53)/(SUMPRODUCT(--ISNUMBER(H11:AA11),$H$52:$AA$52)+SUMPRODUCT(--(H11:AA11="M"),$H$52:$AA$52))*100,1)/100)) | D11: =IF(C11="","",IFERROR(INDEX(Settings!$C$17:$C$26,MATCH(AC11,Settings!$B$17:$B$26,0)),"")) | E11: =IF(B11="","",COUNTIF(H11:AA11,"M")) | F11: =IF(B11="","",COUNTIFS(Absences!$C$6:$C$405,Settings!$C$11,Absences!$D$6:$D$405,B11,Absences!$E$6:$E$405,"Absent")) | G11: =IF(B11="","",COUNTIFS(Absences!$C$6:$C$405,Settings!$C$11,Absences!$D$6:$D$405,B11,Absences!$E$6:$E$405,"Late")) | H11: 19 | I11: 29 | J11: 50 | K11: 24 | AC11: =IF(C11="","",SUMPRODUCT(MAX(ISNUMBER(Settings!$B$17:$B$26)*(Settings!$B$17:$B$26<=ROUND(C11*100,1))*Settings!$B$17:$B$26))) | AD11: =IF(C11="","",ROUND(C11*1000,0)*1000+301) | AE11: =IF(C11="",0,IF(ROUND(C11*100,1)<N($AC$2),1,0))
B12: Nadia B. | C12: =IF(B12="","",IF((SUMPRODUCT(--ISNUMBER(H12:AA12),$H$52:$AA$52)+SUMPRODUCT(--(H12:AA12="M"),$H$52:$AA$52))=0,"",ROUND(SUMPRODUCT(H12:AA12,$H$53:$AA$53)/(SUMPRODUCT(--ISNUMBER(H12:AA12),$H$52:$AA$52)+SUMPRODUCT(--(H12:AA12="M"),$H$52:$AA$52))*100,1)/100)) | D12: =IF(C12="","",IFERROR(INDEX(Settings!$C$17:$C$26,MATCH(AC12,Settings!$B$17:$B$26,0)),"")) | E12: =IF(B12="","",COUNTIF(H12:AA12,"M")) | F12: =IF(B12="","",COUNTIFS(Absences!$C$6:$C$405,Settings!$C$11,Absences!$D$6:$D$405,B12,Absences!$E$6:$E$405,"Absent")) | G12: =IF(B12="","",COUNTIFS(Absences!$C$6:$C$405,Settings!$C$11,Absences!$D$6:$D$405,B12,Absences!$E$6:$E$405,"Late")) | H12: M | I12: M | J12: 50 | K12: Ex | AC12: =IF(C12="","",SUMPRODUCT(MAX(ISNUMBER(Settings!$B$17:$B$26)*(Settings!$B$17:$B$26<=ROUND(C12*100,1))*Settings!$B$17:$B$26))) | AD12: =IF(C12="","",ROUND(C12*1000,0)*1000+302) | AE12: =IF(C12="",0,IF(ROUND(C12*100,1)<N($AC$2),1,0))
B13: Hana G. | C13: =IF(B13="","",IF((SUMPRODUCT(--ISNUMBER(H13:AA13),$H$52:$AA$52)+SUMPRODUCT(--(H13:AA13="M"),$H$52:$AA$52))=0,"",ROUND(SUMPRODUCT(H13:AA13,$H$53:$AA$53)/(SUMPRODUCT(--ISNUMBER(H13:AA13),$H$52:$AA$52)+SUMPRODUCT(--(H13:AA13="M"),$H$52:$AA$52))*100,1)/100)) | D13: =IF(C13="","",IFERROR(INDEX(Settings!$C$17:$C$26,MATCH(AC13,Settings!$B$17:$B$26,0)),"")) | E13: =IF(B13="","",COUNTIF(H13:AA13,"M")) | F13: =IF(B13="","",COUNTIFS(Absences!$C$6:$C$405,Settings!$C$11,Absences!$D$6:$D$405,B13,Absences!$E$6:$E$405,"Absent")) | G13: =IF(B13="","",COUNTIFS(Absences!$C$6:$C$405,Settings!$C$11,Absences!$D$6:$D$405,B13,Absences!$E$6:$E$405,"Late")) | H13: 12 | I13: 21 | J13: 28 | K13: 15 | AC13: =IF(C13="","",SUMPRODUCT(MAX(ISNUMBER(Settings!$B$17:$B$26)*(Settings!$B$17:$B$26<=ROUND(C13*100,1))*Settings!$B$17:$B$26))) | AD13: =IF(C13="","",ROUND(C13*1000,0)*1000+303) | AE13: =IF(C13="",0,IF(ROUND(C13*100,1)<N($AC$2),1,0))
B14: Vikram H. | C14: =IF(B14="","",IF((SUMPRODUCT(--ISNUMBER(H14:AA14),$H$52:$AA$52)+SUMPRODUCT(--(H14:AA14="M"),$H$52:$AA$52))=0,"",ROUND(SUMPRODUCT(H14:AA14,$H$53:$AA$53)/(SUMPRODUCT(--ISNUMBER(H14:AA14),$H$52:$AA$52)+SUMPRODUCT(--(H14:AA14="M"),$H$52:$AA$52))*100,1)/100)) | D14: =IF(C14="","",IFERROR(INDEX(Settings!$C$17:$C$26,MATCH(AC14,Settings!$B$17:$B$26,0)),"")) | E14: =IF(B14="","",COUNTIF(H14:AA14,"M")) | F14: =IF(B14="","",COUNTIFS(Absences!$C$6:$C$405,Settings!$C$11,Absences!$D$6:$D$405,B14,Absences!$E$6:$E$405,"Absent")) | G14: =IF(B14="","",COUNTIFS(Absences!$C$6:$C$405,Settings!$C$11,Absences!$D$6:$D$405,B14,Absences!$E$6:$E$405,"Late")) | H14: 17 | I14: 29 | J14: 49 | K14: 24 | AC14: =IF(C14="","",SUMPRODUCT(MAX(ISNUMBER(Settings!$B$17:$B$26)*(Settings!$B$17:$B$26<=ROUND(C14*100,1))*Settings!$B$17:$B$26))) | AD14: =IF(C14="","",ROUND(C14*1000,0)*1000+304) | AE14: =IF(C14="",0,IF(ROUND(C14*100,1)<N($AC$2),1,0))
B15: Kofi P. | C15: =IF(B15="","",IF((SUMPRODUCT(--ISNUMBER(H15:AA15),$H$52:$AA$52)+SUMPRODUCT(--(H15:AA15="M"),$H$52:$AA$52))=0,"",ROUND(SUMPRODUCT(H15:AA15,$H$53:$AA$53)/(SUMPRODUCT(--ISNUMBER(H15:AA15),$H$52:$AA$52)+SUMPRODUCT(--(H15:AA15="M"),$H$52:$AA$52))*100,1)/100)) | D15: =IF(C15="","",IFERROR(INDEX(Settings!$C$17:$C$26,MATCH(AC15,Settings!$B$17:$B$26,0)),"")) | E15: =IF(B15="","",COUNTIF(H15:AA15,"M")) | F15: =IF(B15="","",COUNTIFS(Absences!$C$6:$C$405,Settings!$C$11,Absences!$D$6:$D$405,B15,Absences!$E$6:$E$405,"Absent")) | G15: =IF(B15="","",COUNTIFS(Absences!$C$6:$C$405,Settings!$C$11,Absences!$D$6:$D$405,B15,Absences!$E$6:$E$405,"Late")) | H15: 15 | I15: 22 | J15: 30 | K15: 16 | AC15: =IF(C15="","",SUMPRODUCT(MAX(ISNUMBER(Settings!$B$17:$B$26)*(Settings!$B$17:$B$26<=ROUND(C15*100,1))*Settings!$B$17:$B$26))) | AD15: =IF(C15="","",ROUND(C15*1000,0)*1000+305) | AE15: =IF(C15="",0,IF(ROUND(C15*100,1)<N($AC$2),1,0))
B16: Caleb W. | C16: =IF(B16="","",IF((SUMPRODUCT(--ISNUMBER(H16:AA16),$H$52:$AA$52)+SUMPRODUCT(--(H16:AA16="M"),$H$52:$AA$52))=0,"",ROUND(SUMPRODUCT(H16:AA16,$H$53:$AA$53)/(SUMPRODUCT(--ISNUMBER(H16:AA16),$H$52:$AA$52)+SUMPRODUCT(--(H16:AA16="M"),$H$52:$AA$52))*100,1)/100)) | D16: =IF(C16="","",IFERROR(INDEX(Settings!$C$17:$C$26,MATCH(AC16,Settings!$B$17:$B$26,0)),"")) | E16: =IF(B16="","",COUNTIF(H16:AA16,"M")) | F16: =IF(B16="","",COUNTIFS(Absences!$C$6:$C$405,Settings!$C$11,Absences!$D$6:$D$405,B16,Absences!$E$6:$E$405,"Absent")) | G16: =IF(B16="","",COUNTIFS(Absences!$C$6:$C$405,Settings!$C$11,Absences!$D$6:$D$405,B16,Absences!$E$6:$E$405,"Late")) | H16: 20 | I16: 30 | J16: 44 | K16: 25 | AC16: =IF(C16="","",SUMPRODUCT(MAX(ISNUMBER(Settings!$B$17:$B$26)*(Settings!$B$17:$B$26<=ROUND(C16*100,1))*Settings!$B$17:$B$26))) | AD16: =IF(C16="","",ROUND(C16*1000,0)*1000+306) | AE16: =IF(C16="",0,IF(ROUND(C16*100,1)<N($AC$2),1,0))
B17: Maya R. | C17: =IF(B17="","",IF((SUMPRODUCT(--ISNUMBER(H17:AA17),$H$52:$AA$52)+SUMPRODUCT(--(H17:AA17="M"),$H$52:$AA$52))=0,"",ROUND(SUMPRODUCT(H17:AA17,$H$53:$AA$53)/(SUMPRODUCT(--ISNUMBER(H17:AA17),$H$52:$AA$52)+SUMPRODUCT(--(H17:AA17="M"),$H$52:$AA$52))*100,1)/100)) | D17: =IF(C17="","",IFERROR(INDEX(Settings!$C$17:$C$26,MATCH(AC17,Settings!$B$17:$B$26,0)),"")) | E17: =IF(B17="","",COUNTIF(H17:AA17,"M")) | F17: =IF(B17="","",COUNTIFS(Absences!$C$6:$C$405,Settings!$C$11,Absences!$D$6:$D$405,B17,Absences!$E$6:$E$405,"Absent")) | G17: =IF(B17="","",COUNTIFS(Absences!$C$6:$C$405,Settings!$C$11,Absences!$D$6:$D$405,B17,Absences!$E$6:$E$405,"Late")) | H17: 13 | I17: 19 | J17: 34 | K17: 18 | AC17: =IF(C17="","",SUMPRODUCT(MAX(ISNUMBER(Settings!$B$17:$B$26)*(Settings!$B$17:$B$26<=ROUND(C17*100,1))*Settings!$B$17:$B$26))) | AD17: =IF(C17="","",ROUND(C17*1000,0)*1000+307) | AE17: =IF(C17="",0,IF(ROUND(C17*100,1)<N($AC$2),1,0))
B18: Ivan M. | C18: =IF(B18="","",IF((SUMPRODUCT(--ISNUMBER(H18:AA18),$H$52:$AA$52)+SUMPRODUCT(--(H18:AA18="M"),$H$52:$AA$52))=0,"",ROUND(SUMPRODUCT(H18:AA18,$H$53:$AA$53)/(SUMPRODUCT(--ISNUMBER(H18:AA18),$H$52:$AA$52)+SUMPRODUCT(--(H18:AA18="M"),$H$52:$AA$52))*100,1)/100)) | D18: =IF(C18="","",IFERROR(INDEX(Settings!$C$17:$C$26,MATCH(AC18,Settings!$B$17:$B$26,0)),"")) | E18: =IF(B18="","",COUNTIF(H18:AA18,"M")) | F18: =IF(B18="","",COUNTIFS(Absences!$C$6:$C$405,Settings!$C$11,Absences!$D$6:$D$405,B18,Absences!$E$6:$E$405,"Absent")) | G18: =IF(B18="","",COUNTIFS(Absences!$C$6:$C$405,Settings!$C$11,Absences!$D$6:$D$405,B18,Absences!$E$6:$E$405,"Late")) | H18: 14 | I18: 22 | J18: 30 | K18: 15 | AC18: =IF(C18="","",SUMPRODUCT(MAX(ISNUMBER(Settings!$B$17:$B$26)*(Settings!$B$17:$B$26<=ROUND(C18*100,1))*Settings!$B$17:$B$26))) | AD18: =IF(C18="","",ROUND(C18*1000,0)*1000+308) | AE18: =IF(C18="",0,IF(ROUND(C18*100,1)<N($AC$2),1,0))
B19: Jonah T. | C19: =IF(B19="","",IF((SUMPRODUCT(--ISNUMBER(H19:AA19),$H$52:$AA$52)+SUMPRODUCT(--(H19:AA19="M"),$H$52:$AA$52))=0,"",ROUND(SUMPRODUCT(H19:AA19,$H$53:$AA$53)/(SUMPRODUCT(--ISNUMBER(H19:AA19),$H$52:$AA$52)+SUMPRODUCT(--(H19:AA19="M"),$H$52:$AA$52))*100,1)/100)) | D19: =IF(C19="","",IFERROR(INDEX(Settings!$C$17:$C$26,MATCH(AC19,Settings!$B$17:$B$26,0)),"")) | E19: =IF(B19="","",COUNTIF(H19:AA19,"M")) | F19: =IF(B19="","",COUNTIFS(Absences!$C$6:$C$405,Settings!$C$11,Absences!$D$6:$D$405,B19,Absences!$E$6:$E$405,"Absent")) | G19: =IF(B19="","",COUNTIFS(Absences!$C$6:$C$405,Settings!$C$11,Absences!$D$6:$D$405,B19,Absences!$E$6:$E$405,"Late")) | H19: 14 | I19: 19 | J19: 37 | K19: 15 | AC19: =IF(C19="","",SUMPRODUCT(MAX(ISNUMBER(Settings!$B$17:$B$26)*(Settings!$B$17:$B$26<=ROUND(C19*100,1))*Settings!$B$17:$B$26))) | AD19: =IF(C19="","",ROUND(C19*1000,0)*1000+309) | AE19: =IF(C19="",0,IF(ROUND(C19*100,1)<N($AC$2),1,0))
B20: Amara J. | C20: =IF(B20="","",IF((SUMPRODUCT(--ISNUMBER(H20:AA20),$H$52:$AA$52)+SUMPRODUCT(--(H20:AA20="M"),$H$52:$AA$52))=0,"",ROUND(SUMPRODUCT(H20:AA20,$H$53:$AA$53)/(SUMPRODUCT(--ISNUMBER(H20:AA20),$H$52:$AA$52)+SUMPRODUCT(--(H20:AA20="M"),$H$52:$AA$52))*100,1)/100)) | D20: =IF(C20="","",IFERROR(INDEX(Settings!$C$17:$C$26,MATCH(AC20,Settings!$B$17:$B$26,0)),"")) | E20: =IF(B20="","",COUNTIF(H20:AA20,"M")) | F20: =IF(B20="","",COUNTIFS(Absences!$C$6:$C$405,Settings!$C$11,Absences!$D$6:$D$405,B20,Absences!$E$6:$E$405,"Absent")) | G20: =IF(B20="","",COUNTIFS(Absences!$C$6:$C$405,Settings!$C$11,Absences!$D$6:$D$405,B20,Absences!$E$6:$E$405,"Late")) | H20: 19 | I20: 30 | J20: 47 | K20: 25 | AC20: =IF(C20="","",SUMPRODUCT(MAX(ISNUMBER(Settings!$B$17:$B$26)*(Settings!$B$17:$B$26<=ROUND(C20*100,1))*Settings!$B$17:$B$26))) | AD20: =IF(C20="","",ROUND(C20*1000,0)*1000+310) | AE20: =IF(C20="",0,IF(ROUND(C20*100,1)<N($AC$2),1,0))
B21: Wes B. | C21: =IF(B21="","",IF((SUMPRODUCT(--ISNUMBER(H21:AA21),$H$52:$AA$52)+SUMPRODUCT(--(H21:AA21="M"),$H$52:$AA$52))=0,"",ROUND(SUMPRODUCT(H21:AA21,$H$53:$AA$53)/(SUMPRODUCT(--ISNUMBER(H21:AA21),$H$52:$AA$52)+SUMPRODUCT(--(H21:AA21="M"),$H$52:$AA$52))*100,1)/100)) | D21: =IF(C21="","",IFERROR(INDEX(Settings!$C$17:$C$26,MATCH(AC21,Settings!$B$17:$B$26,0)),"")) | E21: =IF(B21="","",COUNTIF(H21:AA21,"M")) | F21: =IF(B21="","",COUNTIFS(Absences!$C$6:$C$405,Settings!$C$11,Absences!$D$6:$D$405,B21,Absences!$E$6:$E$405,"Absent")) | G21: =IF(B21="","",COUNTIFS(Absences!$C$6:$C$405,Settings!$C$11,Absences!$D$6:$D$405,B21,Absences!$E$6:$E$405,"Late")) | H21: 19 | I21: 26 | J21: 47 | K21: 24 | AC21: =IF(C21="","",SUMPRODUCT(MAX(ISNUMBER(Settings!$B$17:$B$26)*(Settings!$B$17:$B$26<=ROUND(C21*100,1))*Settings!$B$17:$B$26))) | AD21: =IF(C21="","",ROUND(C21*1000,0)*1000+311) | AE21: =IF(C21="",0,IF(ROUND(C21*100,1)<N($AC$2),1,0))
B22: Rosa T. | C22: =IF(B22="","",IF((SUMPRODUCT(--ISNUMBER(H22:AA22),$H$52:$AA$52)+SUMPRODUCT(--(H22:AA22="M"),$H$52:$AA$52))=0,"",ROUND(SUMPRODUCT(H22:AA22,$H$53:$AA$53)/(SUMPRODUCT(--ISNUMBER(H22:AA22),$H$52:$AA$52)+SUMPRODUCT(--(H22:AA22="M"),$H$52:$AA$52))*100,1)/100)) | D22: =IF(C22="","",IFERROR(INDEX(Settings!$C$17:$C$26,MATCH(AC22,Settings!$B$17:$B$26,0)),"")) | E22: =IF(B22="","",COUNTIF(H22:AA22,"M")) | F22: =IF(B22="","",COUNTIFS(Absences!$C$6:$C$405,Settings!$C$11,Absences!$D$6:$D$405,B22,Absences!$E$6:$E$405,"Absent")) | G22: =IF(B22="","",COUNTIFS(Absences!$C$6:$C$405,Settings!$C$11,Absences!$D$6:$D$405,B22,Absences!$E$6:$E$405,"Late")) | H22: 10 | I22: 16 | J22: 33 | K22: 17 | AC22: =IF(C22="","",SUMPRODUCT(MAX(ISNUMBER(Settings!$B$17:$B$26)*(Settings!$B$17:$B$26<=ROUND(C22*100,1))*Settings!$B$17:$B$26))) | AD22: =IF(C22="","",ROUND(C22*1000,0)*1000+312) | AE22: =IF(C22="",0,IF(ROUND(C22*100,1)<N($AC$2),1,0))
B23: Ella G. | C23: =IF(B23="","",IF((SUMPRODUCT(--ISNUMBER(H23:AA23),$H$52:$AA$52)+SUMPRODUCT(--(H23:AA23="M"),$H$52:$AA$52))=0,"",ROUND(SUMPRODUCT(H23:AA23,$H$53:$AA$53)/(SUMPRODUCT(--ISNUMBER(H23:AA23),$H$52:$AA$52)+SUMPRODUCT(--(H23:AA23="M"),$H$52:$AA$52))*100,1)/100)) | D23: =IF(C23="","",IFERROR(INDEX(Settings!$C$17:$C$26,MATCH(AC23,Settings!$B$17:$B$26,0)),"")) | E23: =IF(B23="","",COUNTIF(H23:AA23,"M")) | F23: =IF(B23="","",COUNTIFS(Absences!$C$6:$C$405,Settings!$C$11,Absences!$D$6:$D$405,B23,Absences!$E$6:$E$405,"Absent")) | G23: =IF(B23="","",COUNTIFS(Absences!$C$6:$C$405,Settings!$C$11,Absences!$D$6:$D$405,B23,Absences!$E$6:$E$405,"Late")) | H23: 18 | I23: 28 | J23: 48 | K23: 25 | AC23: =IF(C23="","",SUMPRODUCT(MAX(ISNUMBER(Settings!$B$17:$B$26)*(Settings!$B$17:$B$26<=ROUND(C23*100,1))*Settings!$B$17:$B$26))) | AD23: =IF(C23="","",ROUND(C23*1000,0)*1000+313) | AE23: =IF(C23="",0,IF(ROUND(C23*100,1)<N($AC$2),1,0))
B24: Daniel K. | C24: =IF(B24="","",IF((SUMPRODUCT(--ISNUMBER(H24:AA24),$H$52:$AA$52)+SUMPRODUCT(--(H24:AA24="M"),$H$52:$AA$52))=0,"",ROUND(SUMPRODUCT(H24:AA24,$H$53:$AA$53)/(SUMPRODUCT(--ISNUMBER(H24:AA24),$H$52:$AA$52)+SUMPRODUCT(--(H24:AA24="M"),$H$52:$AA$52))*100,1)/100)) | D24: =IF(C24="","",IFERROR(INDEX(Settings!$C$17:$C$26,MATCH(AC24,Settings!$B$17:$B$26,0)),"")) | E24: =IF(B24="","",COUNTIF(H24:AA24,"M")) | F24: =IF(B24="","",COUNTIFS(Absences!$C$6:$C$405,Settings!$C$11,Absences!$D$6:$D$405,B24,Absences!$E$6:$E$405,"Absent")) | G24: =IF(B24="","",COUNTIFS(Absences!$C$6:$C$405,Settings!$C$11,Absences!$D$6:$D$405,B24,Absences!$E$6:$E$405,"Late")) | H24: 20 | I24: 29 | J24: 45 | K24: 23 | AC24: =IF(C24="","",SUMPRODUCT(MAX(ISNUMBER(Settings!$B$17:$B$26)*(Settings!$B$17:$B$26<=ROUND(C24*100,1))*Settings!$B$17:$B$26))) | AD24: =IF(C24="","",ROUND(C24*1000,0)*1000+314) | AE24: =IF(C24="",0,IF(ROUND(C24*100,1)<N($AC$2),1,0))
B25: Oscar A. | C25: =IF(B25="","",IF((SUMPRODUCT(--ISNUMBER(H25:AA25),$H$52:$AA$52)+SUMPRODUCT(--(H25:AA25="M"),$H$52:$AA$52))=0,"",ROUND(SUMPRODUCT(H25:AA25,$H$53:$AA$53)/(SUMPRODUCT(--ISNUMBER(H25:AA25),$H$52:$AA$52)+SUMPRODUCT(--(H25:AA25="M"),$H$52:$AA$52))*100,1)/100)) | D25: =IF(C25="","",IFERROR(INDEX(Settings!$C$17:$C$26,MATCH(AC25,Settings!$B$17:$B$26,0)),"")) | E25: =IF(B25="","",COUNTIF(H25:AA25,"M")) | F25: =IF(B25="","",COUNTIFS(Absences!$C$6:$C$405,Settings!$C$11,Absences!$D$6:$D$405,B25,Absences!$E$6:$E$405,"Absent")) | G25: =IF(B25="","",COUNTIFS(Absences!$C$6:$C$405,Settings!$C$11,Absences!$D$6:$D$405,B25,Absences!$E$6:$E$405,"Late")) | H25: 20 | I25: 28 | J25: 50 | K25: 22 | AC25: =IF(C25="","",SUMPRODUCT(MAX(ISNUMBER(Settings!$B$17:$B$26)*(Settings!$B$17:$B$26<=ROUND(C25*100,1))*Settings!$B$17:$B$26))) | AD25: =IF(C25="","",ROUND(C25*1000,0)*1000+315) | AE25: =IF(C25="",0,IF(ROUND(C25*100,1)<N($AC$2),1,0))
B26: Talia J. | C26: =IF(B26="","",IF((SUMPRODUCT(--ISNUMBER(H26:AA26),$H$52:$AA$52)+SUMPRODUCT(--(H26:AA26="M"),$H$52:$AA$52))=0,"",ROUND(SUMPRODUCT(H26:AA26,$H$53:$AA$53)/(SUMPRODUCT(--ISNUMBER(H26:AA26),$H$52:$AA$52)+SUMPRODUCT(--(H26:AA26="M"),$H$52:$AA$52))*100,1)/100)) | D26: =IF(C26="","",IFERROR(INDEX(Settings!$C$17:$C$26,MATCH(AC26,Settings!$B$17:$B$26,0)),"")) | E26: =IF(B26="","",COUNTIF(H26:AA26,"M")) | F26: =IF(B26="","",COUNTIFS(Absences!$C$6:$C$405,Settings!$C$11,Absences!$D$6:$D$405,B26,Absences!$E$6:$E$405,"Absent")) | G26: =IF(B26="","",COUNTIFS(Absences!$C$6:$C$405,Settings!$C$11,Absences!$D$6:$D$405,B26,Absences!$E$6:$E$405,"Late")) | H26: 11 | I26: 16 | J26: 27 | K26: 19 | AC26: =IF(C26="","",SUMPRODUCT(MAX(ISNUMBER(Settings!$B$17:$B$26)*(Settings!$B$17:$B$26<=ROUND(C26*100,1))*Settings!$B$17:$B$26))) | AD26: =IF(C26="","",ROUND(C26*1000,0)*1000+316) | AE26: =IF(C26="",0,IF(ROUND(C26*100,1)<N($AC$2),1,0))
B27: Aiden W. | C27: =IF(B27="","",IF((SUMPRODUCT(--ISNUMBER(H27:AA27),$H$52:$AA$52)+SUMPRODUCT(--(H27:AA27="M"),$H$52:$AA$52))=0,"",ROUND(SUMPRODUCT(H27:AA27,$H$53:$AA$53)/(SUMPRODUCT(--ISNUMBER(H27:AA27),$H$52:$AA$52)+SUMPRODUCT(--(H27:AA27="M"),$H$52:$AA$52))*100,1)/100)) | D27: =IF(C27="","",IFERROR(INDEX(Settings!$C$17:$C$26,MATCH(AC27,Settings!$B$17:$B$26,0)),"")) | E27: =IF(B27="","",COUNTIF(H27:AA27,"M")) | F27: =IF(B27="","",COUNTIFS(Absences!$C$6:$C$405,Settings!$C$11,Absences!$D$6:$D$405,B27,Absences!$E$6:$E$405,"Absent")) | G27: =IF(B27="","",COUNTIFS(Absences!$C$6:$C$405,Settings!$C$11,Absences!$D$6:$D$405,B27,Absences!$E$6:$E$405,"Late")) | H27: 20 | I27: 30 | J27: 40 | K27: 23 | AC27: =IF(C27="","",SUMPRODUCT(MAX(ISNUMBER(Settings!$B$17:$B$26)*(Settings!$B$17:$B$26<=ROUND(C27*100,1))*Settings!$B$17:$B$26))) | AD27: =IF(C27="","",ROUND(C27*1000,0)*1000+317) | AE27: =IF(C27="",0,IF(ROUND(C27*100,1)<N($AC$2),1,0))
B28: Pavel S. | C28: =IF(B28="","",IF((SUMPRODUCT(--ISNUMBER(H28:AA28),$H$52:$AA$52)+SUMPRODUCT(--(H28:AA28="M"),$H$52:$AA$52))=0,"",ROUND(SUMPRODUCT(H28:AA28,$H$53:$AA$53)/(SUMPRODUCT(--ISNUMBER(H28:AA28),$H$52:$AA$52)+SUMPRODUCT(--(H28:AA28="M"),$H$52:$AA$52))*100,1)/100)) | D28: =IF(C28="","",IFERROR(INDEX(Settings!$C$17:$C$26,MATCH(AC28,Settings!$B$17:$B$26,0)),"")) | E28: =IF(B28="","",COUNTIF(H28:AA28,"M")) | F28: =IF(B28="","",COUNTIFS(Absences!$C$6:$C$405,Settings!$C$11,Absences!$D$6:$D$405,B28,Absences!$E$6:$E$405,"Absent")) | G28: =IF(B28="","",COUNTIFS(Absences!$C$6:$C$405,Settings!$C$11,Absences!$D$6:$D$405,B28,Absences!$E$6:$E$405,"Late")) | H28: M | I28: 30 | J28: 45 | K28: 21 | AC28: =IF(C28="","",SUMPRODUCT(MAX(ISNUMBER(Settings!$B$17:$B$26)*(Settings!$B$17:$B$26<=ROUND(C28*100,1))*Settings!$B$17:$B$26))) | AD28: =IF(C28="","",ROUND(C28*1000,0)*1000+318) | AE28: =IF(C28="",0,IF(ROUND(C28*100,1)<N($AC$2),1,0))
B29: Holly A. | C29: =IF(B29="","",IF((SUMPRODUCT(--ISNUMBER(H29:AA29),$H$52:$AA$52)+SUMPRODUCT(--(H29:AA29="M"),$H$52:$AA$52))=0,"",ROUND(SUMPRODUCT(H29:AA29,$H$53:$AA$53)/(SUMPRODUCT(--ISNUMBER(H29:AA29),$H$52:$AA$52)+SUMPRODUCT(--(H29:AA29="M"),$H$52:$AA$52))*100,1)/100)) | D29: =IF(C29="","",IFERROR(INDEX(Settings!$C$17:$C$26,MATCH(AC29,Settings!$B$17:$B$26,0)),"")) | E29: =IF(B29="","",COUNTIF(H29:AA29,"M")) | F29: =IF(B29="","",COUNTIFS(Absences!$C$6:$C$405,Settings!$C$11,Absences!$D$6:$D$405,B29,Absences!$E$6:$E$405,"Absent")) | G29: =IF(B29="","",COUNTIFS(Absences!$C$6:$C$405,Settings!$C$11,Absences!$D$6:$D$405,B29,Absences!$E$6:$E$405,"Late")) | H29: 19 | I29: 30 | J29: 50 | K29: 24 | AC29: =IF(C29="","",SUMPRODUCT(MAX(ISNUMBER(Settings!$B$17:$B$26)*(Settings!$B$17:$B$26<=ROUND(C29*100,1))*Settings!$B$17:$B$26))) | AD29: =IF(C29="","",ROUND(C29*1000,0)*1000+319) | AE29: =IF(C29="",0,IF(ROUND(C29*100,1)<N($AC$2),1,0))
B30: Chloe J. | C30: =IF(B30="","",IF((SUMPRODUCT(--ISNUMBER(H30:AA30),$H$52:$AA$52)+SUMPRODUCT(--(H30:AA30="M"),$H$52:$AA$52))=0,"",ROUND(SUMPRODUCT(H30:AA30,$H$53:$AA$53)/(SUMPRODUCT(--ISNUMBER(H30:AA30),$H$52:$AA$52)+SUMPRODUCT(--(H30:AA30="M"),$H$52:$AA$52))*100,1)/100)) | D30: =IF(C30="","",IFERROR(INDEX(Settings!$C$17:$C$26,MATCH(AC30,Settings!$B$17:$B$26,0)),"")) | E30: =IF(B30="","",COUNTIF(H30:AA30,"M")) | F30: =IF(B30="","",COUNTIFS(Absences!$C$6:$C$405,Settings!$C$11,Absences!$D$6:$D$405,B30,Absences!$E$6:$E$405,"Absent")) | G30: =IF(B30="","",COUNTIFS(Absences!$C$6:$C$405,Settings!$C$11,Absences!$D$6:$D$405,B30,Absences!$E$6:$E$405,"Late")) | H30: 16 | I30: 25 | J30: 43 | K30: 21 | AC30: =IF(C30="","",SUMPRODUCT(MAX(ISNUMBER(Settings!$B$17:$B$26)*(Settings!$B$17:$B$26<=ROUND(C30*100,1))*Settings!$B$17:$B$26))) | AD30: =IF(C30="","",ROUND(C30*1000,0)*1000+320) | AE30: =IF(C30="",0,IF(ROUND(C30*100,1)<N($AC$2),1,0))
B31: George W. | C31: =IF(B31="","",IF((SUMPRODUCT(--ISNUMBER(H31:AA31),$H$52:$AA$52)+SUMPRODUCT(--(H31:AA31="M"),$H$52:$AA$52))=0,"",ROUND(SUMPRODUCT(H31:AA31,$H$53:$AA$53)/(SUMPRODUCT(--ISNUMBER(H31:AA31),$H$52:$AA$52)+SUMPRODUCT(--(H31:AA31="M"),$H$52:$AA$52))*100,1)/100)) | D31: =IF(C31="","",IFERROR(INDEX(Settings!$C$17:$C$26,MATCH(AC31,Settings!$B$17:$B$26,0)),"")) | E31: =IF(B31="","",COUNTIF(H31:AA31,"M")) | F31: =IF(B31="","",COUNTIFS(Absences!$C$6:$C$405,Settings!$C$11,Absences!$D$6:$D$405,B31,Absences!$E$6:$E$405,"Absent")) | G31: =IF(B31="","",COUNTIFS(Absences!$C$6:$C$405,Settings!$C$11,Absences!$D$6:$D$405,B31,Absences!$E$6:$E$405,"Late")) | H31: 19 | I31: 20 | J31: 36 | K31: 19 | AC31: =IF(C31="","",SUMPRODUCT(MAX(ISNUMBER(Settings!$B$17:$B$26)*(Settings!$B$17:$B$26<=ROUND(C31*100,1))*Settings!$B$17:$B$26))) | AD31: =IF(C31="","",ROUND(C31*1000,0)*1000+321) | AE31: =IF(C31="",0,IF(ROUND(C31*100,1)<N($AC$2),1,0))
B32: Dina P. | C32: =IF(B32="","",IF((SUMPRODUCT(--ISNUMBER(H32:AA32),$H$52:$AA$52)+SUMPRODUCT(--(H32:AA32="M"),$H$52:$AA$52))=0,"",ROUND(SUMPRODUCT(H32:AA32,$H$53:$AA$53)/(SUMPRODUCT(--ISNUMBER(H32:AA32),$H$52:$AA$52)+SUMPRODUCT(--(H32:AA32="M"),$H$52:$AA$52))*100,1)/100)) | D32: =IF(C32="","",IFERROR(INDEX(Settings!$C$17:$C$26,MATCH(AC32,Settings!$B$17:$B$26,0)),"")) | E32: =IF(B32="","",COUNTIF(H32:AA32,"M")) | F32: =IF(B32="","",COUNTIFS(Absences!$C$6:$C$405,Settings!$C$11,Absences!$D$6:$D$405,B32,Absences!$E$6:$E$405,"Absent")) | G32: =IF(B32="","",COUNTIFS(Absences!$C$6:$C$405,Settings!$C$11,Absences!$D$6:$D$405,B32,Absences!$E$6:$E$405,"Late")) | H32: 15 | I32: 25 | J32: 42 | K32: 20 | AC32: =IF(C32="","",SUMPRODUCT(MAX(ISNUMBER(Settings!$B$17:$B$26)*(Settings!$B$17:$B$26<=ROUND(C32*100,1))*Settings!$B$17:$B$26))) | AD32: =IF(C32="","",ROUND(C32*1000,0)*1000+322) | AE32: =IF(C32="",0,IF(ROUND(C32*100,1)<N($AC$2),1,0))
C33: =IF(B33="","",IF((SUMPRODUCT(--ISNUMBER(H33:AA33),$H$52:$AA$52)+SUMPRODUCT(--(H33:AA33="M"),$H$52:$AA$52))=0,"",ROUND(SUMPRODUCT(H33:AA33,$H$53:$AA$53)/(SUMPRODUCT(--ISNUMBER(H33:AA33),$H$52:$AA$52)+SUMPRODUCT(--(H33:AA33="M"),$H$52:$AA$52))*100,1)/100)) | D33: =IF(C33="","",IFERROR(INDEX(Settings!$C$17:$C$26,MATCH(AC33,Settings!$B$17:$B$26,0)),"")) | E33: =IF(B33="","",COUNTIF(H33:AA33,"M")) | F33: =IF(B33="","",COUNTIFS(Absences!$C$6:$C$405,Settings!$C$11,Absences!$D$6:$D$405,B33,Absences!$E$6:$E$405,"Absent")) | G33: =IF(B33="","",COUNTIFS(Absences!$C$6:$C$405,Settings!$C$11,Absences!$D$6:$D$405,B33,Absences!$E$6:$E$405,"Late")) | AC33: =IF(C33="","",SUMPRODUCT(MAX(ISNUMBER(Settings!$B$17:$B$26)*(Settings!$B$17:$B$26<=ROUND(C33*100,1))*Settings!$B$17:$B$26))) | AD33: =IF(C33="","",ROUND(C33*1000,0)*1000+323) | AE33: =IF(C33="",0,IF(ROUND(C33*100,1)<N($AC$2),1,0))
C34: =IF(B34="","",IF((SUMPRODUCT(--ISNUMBER(H34:AA34),$H$52:$AA$52)+SUMPRODUCT(--(H34:AA34="M"),$H$52:$AA$52))=0,"",ROUND(SUMPRODUCT(H34:AA34,$H$53:$AA$53)/(SUMPRODUCT(--ISNUMBER(H34:AA34),$H$52:$AA$52)+SUMPRODUCT(--(H34:AA34="M"),$H$52:$AA$52))*100,1)/100)) | D34: =IF(C34="","",IFERROR(INDEX(Settings!$C$17:$C$26,MATCH(AC34,Settings!$B$17:$B$26,0)),"")) | E34: =IF(B34="","",COUNTIF(H34:AA34,"M")) | F34: =IF(B34="","",COUNTIFS(Absences!$C$6:$C$405,Settings!$C$11,Absences!$D$6:$D$405,B34,Absences!$E$6:$E$405,"Absent")) | G34: =IF(B34="","",COUNTIFS(Absences!$C$6:$C$405,Settings!$C$11,Absences!$D$6:$D$405,B34,Absences!$E$6:$E$405,"Late")) | AC34: =IF(C34="","",SUMPRODUCT(MAX(ISNUMBER(Settings!$B$17:$B$26)*(Settings!$B$17:$B$26<=ROUND(C34*100,1))*Settings!$B$17:$B$26))) | AD34: =IF(C34="","",ROUND(C34*1000,0)*1000+324) | AE34: =IF(C34="",0,IF(ROUND(C34*100,1)<N($AC$2),1,0))
C35: =IF(B35="","",IF((SUMPRODUCT(--ISNUMBER(H35:AA35),$H$52:$AA$52)+SUMPRODUCT(--(H35:AA35="M"),$H$52:$AA$52))=0,"",ROUND(SUMPRODUCT(H35:AA35,$H$53:$AA$53)/(SUMPRODUCT(--ISNUMBER(H35:AA35),$H$52:$AA$52)+SUMPRODUCT(--(H35:AA35="M"),$H$52:$AA$52))*100,1)/100)) | D35: =IF(C35="","",IFERROR(INDEX(Settings!$C$17:$C$26,MATCH(AC35,Settings!$B$17:$B$26,0)),"")) | E35: =IF(B35="","",COUNTIF(H35:AA35,"M")) | F35: =IF(B35="","",COUNTIFS(Absences!$C$6:$C$405,Settings!$C$11,Absences!$D$6:$D$405,B35,Absences!$E$6:$E$405,"Absent")) | G35: =IF(B35="","",COUNTIFS(Absences!$C$6:$C$405,Settings!$C$11,Absences!$D$6:$D$405,B35,Absences!$E$6:$E$405,"Late")) | AC35: =IF(C35="","",SUMPRODUCT(MAX(ISNUMBER(Settings!$B$17:$B$26)*(Settings!$B$17:$B$26<=ROUND(C35*100,1))*Settings!$B$17:$B$26))) | AD35: =IF(C35="","",ROUND(C35*1000,0)*1000+325) | AE35: =IF(C35="",0,IF(ROUND(C35*100,1)<N($AC$2),1,0))
C36: =IF(B36="","",IF((SUMPRODUCT(--ISNUMBER(H36:AA36),$H$52:$AA$52)+SUMPRODUCT(--(H36:AA36="M"),$H$52:$AA$52))=0,"",ROUND(SUMPRODUCT(H36:AA36,$H$53:$AA$53)/(SUMPRODUCT(--ISNUMBER(H36:AA36),$H$52:$AA$52)+SUMPRODUCT(--(H36:AA36="M"),$H$52:$AA$52))*100,1)/100)) | D36: =IF(C36="","",IFERROR(INDEX(Settings!$C$17:$C$26,MATCH(AC36,Settings!$B$17:$B$26,0)),"")) | E36: =IF(B36="","",COUNTIF(H36:AA36,"M")) | F36: =IF(B36="","",COUNTIFS(Absences!$C$6:$C$405,Settings!$C$11,Absences!$D$6:$D$405,B36,Absences!$E$6:$E$405,"Absent")) | G36: =IF(B36="","",COUNTIFS(Absences!$C$6:$C$405,Settings!$C$11,Absences!$D$6:$D$405,B36,Absences!$E$6:$E$405,"Late")) | AC36: =IF(C36="","",SUMPRODUCT(MAX(ISNUMBER(Settings!$B$17:$B$26)*(Settings!$B$17:$B$26<=ROUND(C36*100,1))*Settings!$B$17:$B$26))) | AD36: =IF(C36="","",ROUND(C36*1000,0)*1000+326) | AE36: =IF(C36="",0,IF(ROUND(C36*100,1)<N($AC$2),1,0))
C37: =IF(B37="","",IF((SUMPRODUCT(--ISNUMBER(H37:AA37),$H$52:$AA$52)+SUMPRODUCT(--(H37:AA37="M"),$H$52:$AA$52))=0,"",ROUND(SUMPRODUCT(H37:AA37,$H$53:$AA$53)/(SUMPRODUCT(--ISNUMBER(H37:AA37),$H$52:$AA$52)+SUMPRODUCT(--(H37:AA37="M"),$H$52:$AA$52))*100,1)/100)) | D37: =IF(C37="","",IFERROR(INDEX(Settings!$C$17:$C$26,MATCH(AC37,Settings!$B$17:$B$26,0)),"")) | E37: =IF(B37="","",COUNTIF(H37:AA37,"M")) | F37: =IF(B37="","",COUNTIFS(Absences!$C$6:$C$405,Settings!$C$11,Absences!$D$6:$D$405,B37,Absences!$E$6:$E$405,"Absent")) | G37: =IF(B37="","",COUNTIFS(Absences!$C$6:$C$405,Settings!$C$11,Absences!$D$6:$D$405,B37,Absences!$E$6:$E$405,"Late")) | AC37: =IF(C37="","",SUMPRODUCT(MAX(ISNUMBER(Settings!$B$17:$B$26)*(Settings!$B$17:$B$26<=ROUND(C37*100,1))*Settings!$B$17:$B$26))) | AD37: =IF(C37="","",ROUND(C37*1000,0)*1000+327) | AE37: =IF(C37="",0,IF(ROUND(C37*100,1)<N($AC$2),1,0))
C38: =IF(B38="","",IF((SUMPRODUCT(--ISNUMBER(H38:AA38),$H$52:$AA$52)+SUMPRODUCT(--(H38:AA38="M"),$H$52:$AA$52))=0,"",ROUND(SUMPRODUCT(H38:AA38,$H$53:$AA$53)/(SUMPRODUCT(--ISNUMBER(H38:AA38),$H$52:$AA$52)+SUMPRODUCT(--(H38:AA38="M"),$H$52:$AA$52))*100,1)/100)) | D38: =IF(C38="","",IFERROR(INDEX(Settings!$C$17:$C$26,MATCH(AC38,Settings!$B$17:$B$26,0)),"")) | E38: =IF(B38="","",COUNTIF(H38:AA38,"M")) | F38: =IF(B38="","",COUNTIFS(Absences!$C$6:$C$405,Settings!$C$11,Absences!$D$6:$D$405,B38,Absences!$E$6:$E$405,"Absent")) | G38: =IF(B38="","",COUNTIFS(Absences!$C$6:$C$405,Settings!$C$11,Absences!$D$6:$D$405,B38,Absences!$E$6:$E$405,"Late")) | AC38: =IF(C38="","",SUMPRODUCT(MAX(ISNUMBER(Settings!$B$17:$B$26)*(Settings!$B$17:$B$26<=ROUND(C38*100,1))*Settings!$B$17:$B$26))) | AD38: =IF(C38="","",ROUND(C38*1000,0)*1000+328) | AE38: =IF(C38="",0,IF(ROUND(C38*100,1)<N($AC$2),1,0))
C39: =IF(B39="","",IF((SUMPRODUCT(--ISNUMBER(H39:AA39),$H$52:$AA$52)+SUMPRODUCT(--(H39:AA39="M"),$H$52:$AA$52))=0,"",ROUND(SUMPRODUCT(H39:AA39,$H$53:$AA$53)/(SUMPRODUCT(--ISNUMBER(H39:AA39),$H$52:$AA$52)+SUMPRODUCT(--(H39:AA39="M"),$H$52:$AA$52))*100,1)/100)) | D39: =IF(C39="","",IFERROR(INDEX(Settings!$C$17:$C$26,MATCH(AC39,Settings!$B$17:$B$26,0)),"")) | E39: =IF(B39="","",COUNTIF(H39:AA39,"M")) | F39: =IF(B39="","",COUNTIFS(Absences!$C$6:$C$405,Settings!$C$11,Absences!$D$6:$D$405,B39,Absences!$E$6:$E$405,"Absent")) | G39: =IF(B39="","",COUNTIFS(Absences!$C$6:$C$405,Settings!$C$11,Absences!$D$6:$D$405,B39,Absences!$E$6:$E$405,"Late")) | AC39: =IF(C39="","",SUMPRODUCT(MAX(ISNUMBER(Settings!$B$17:$B$26)*(Settings!$B$17:$B$26<=ROUND(C39*100,1))*Settings!$B$17:$B$26))) | AD39: =IF(C39="","",ROUND(C39*1000,0)*1000+329) | AE39: =IF(C39="",0,IF(ROUND(C39*100,1)<N($AC$2),1,0))
C40: =IF(B40="","",IF((SUMPRODUCT(--ISNUMBER(H40:AA40),$H$52:$AA$52)+SUMPRODUCT(--(H40:AA40="M"),$H$52:$AA$52))=0,"",ROUND(SUMPRODUCT(H40:AA40,$H$53:$AA$53)/(SUMPRODUCT(--ISNUMBER(H40:AA40),$H$52:$AA$52)+SUMPRODUCT(--(H40:AA40="M"),$H$52:$AA$52))*100,1)/100)) | D40: =IF(C40="","",IFERROR(INDEX(Settings!$C$17:$C$26,MATCH(AC40,Settings!$B$17:$B$26,0)),"")) | E40: =IF(B40="","",COUNTIF(H40:AA40,"M")) | F40: =IF(B40="","",COUNTIFS(Absences!$C$6:$C$405,Settings!$C$11,Absences!$D$6:$D$405,B40,Absences!$E$6:$E$405,"Absent")) | G40: =IF(B40="","",COUNTIFS(Absences!$C$6:$C$405,Settings!$C$11,Absences!$D$6:$D$405,B40,Absences!$E$6:$E$405,"Late")) | AC40: =IF(C40="","",SUMPRODUCT(MAX(ISNUMBER(Settings!$B$17:$B$26)*(Settings!$B$17:$B$26<=ROUND(C40*100,1))*Settings!$B$17:$B$26))) | AD40: =IF(C40="","",ROUND(C40*1000,0)*1000+330) | AE40: =IF(C40="",0,IF(ROUND(C40*100,1)<N($AC$2),1,0))
C41: =IF(B41="","",IF((SUMPRODUCT(--ISNUMBER(H41:AA41),$H$52:$AA$52)+SUMPRODUCT(--(H41:AA41="M"),$H$52:$AA$52))=0,"",ROUND(SUMPRODUCT(H41:AA41,$H$53:$AA$53)/(SUMPRODUCT(--ISNUMBER(H41:AA41),$H$52:$AA$52)+SUMPRODUCT(--(H41:AA41="M"),$H$52:$AA$52))*100,1)/100)) | D41: =IF(C41="","",IFERROR(INDEX(Settings!$C$17:$C$26,MATCH(AC41,Settings!$B$17:$B$26,0)),"")) | E41: =IF(B41="","",COUNTIF(H41:AA41,"M")) | F41: =IF(B41="","",COUNTIFS(Absences!$C$6:$C$405,Settings!$C$11,Absences!$D$6:$D$405,B41,Absences!$E$6:$E$405,"Absent")) | G41: =IF(B41="","",COUNTIFS(Absences!$C$6:$C$405,Settings!$C$11,Absences!$D$6:$D$405,B41,Absences!$E$6:$E$405,"Late")) | AC41: =IF(C41="","",SUMPRODUCT(MAX(ISNUMBER(Settings!$B$17:$B$26)*(Settings!$B$17:$B$26<=ROUND(C41*100,1))*Settings!$B$17:$B$26))) | AD41: =IF(C41="","",ROUND(C41*1000,0)*1000+331) | AE41: =IF(C41="",0,IF(ROUND(C41*100,1)<N($AC$2),1,0))
C42: =IF(B42="","",IF((SUMPRODUCT(--ISNUMBER(H42:AA42),$H$52:$AA$52)+SUMPRODUCT(--(H42:AA42="M"),$H$52:$AA$52))=0,"",ROUND(SUMPRODUCT(H42:AA42,$H$53:$AA$53)/(SUMPRODUCT(--ISNUMBER(H42:AA42),$H$52:$AA$52)+SUMPRODUCT(--(H42:AA42="M"),$H$52:$AA$52))*100,1)/100)) | D42: =IF(C42="","",IFERROR(INDEX(Settings!$C$17:$C$26,MATCH(AC42,Settings!$B$17:$B$26,0)),"")) | E42: =IF(B42="","",COUNTIF(H42:AA42,"M")) | F42: =IF(B42="","",COUNTIFS(Absences!$C$6:$C$405,Settings!$C$11,Absences!$D$6:$D$405,B42,Absences!$E$6:$E$405,"Absent")) | G42: =IF(B42="","",COUNTIFS(Absences!$C$6:$C$405,Settings!$C$11,Absences!$D$6:$D$405,B42,Absences!$E$6:$E$405,"Late")) | AC42: =IF(C42="","",SUMPRODUCT(MAX(ISNUMBER(Settings!$B$17:$B$26)*(Settings!$B$17:$B$26<=ROUND(C42*100,1))*Settings!$B$17:$B$26))) | AD42: =IF(C42="","",ROUND(C42*1000,0)*1000+332) | AE42: =IF(C42="",0,IF(ROUND(C42*100,1)<N($AC$2),1,0))
C43: =IF(B43="","",IF((SUMPRODUCT(--ISNUMBER(H43:AA43),$H$52:$AA$52)+SUMPRODUCT(--(H43:AA43="M"),$H$52:$AA$52))=0,"",ROUND(SUMPRODUCT(H43:AA43,$H$53:$AA$53)/(SUMPRODUCT(--ISNUMBER(H43:AA43),$H$52:$AA$52)+SUMPRODUCT(--(H43:AA43="M"),$H$52:$AA$52))*100,1)/100)) | D43: =IF(C43="","",IFERROR(INDEX(Settings!$C$17:$C$26,MATCH(AC43,Settings!$B$17:$B$26,0)),"")) | E43: =IF(B43="","",COUNTIF(H43:AA43,"M")) | F43: =IF(B43="","",COUNTIFS(Absences!$C$6:$C$405,Settings!$C$11,Absences!$D$6:$D$405,B43,Absences!$E$6:$E$405,"Absent")) | G43: =IF(B43="","",COUNTIFS(Absences!$C$6:$C$405,Settings!$C$11,Absences!$D$6:$D$405,B43,Absences!$E$6:$E$405,"Late")) | AC43: =IF(C43="","",SUMPRODUCT(MAX(ISNUMBER(Settings!$B$17:$B$26)*(Settings!$B$17:$B$26<=ROUND(C43*100,1))*Settings!$B$17:$B$26))) | AD43: =IF(C43="","",ROUND(C43*1000,0)*1000+333) | AE43: =IF(C43="",0,IF(ROUND(C43*100,1)<N($AC$2),1,0))
C44: =IF(B44="","",IF((SUMPRODUCT(--ISNUMBER(H44:AA44),$H$52:$AA$52)+SUMPRODUCT(--(H44:AA44="M"),$H$52:$AA$52))=0,"",ROUND(SUMPRODUCT(H44:AA44,$H$53:$AA$53)/(SUMPRODUCT(--ISNUMBER(H44:AA44),$H$52:$AA$52)+SUMPRODUCT(--(H44:AA44="M"),$H$52:$AA$52))*100,1)/100)) | D44: =IF(C44="","",IFERROR(INDEX(Settings!$C$17:$C$26,MATCH(AC44,Settings!$B$17:$B$26,0)),"")) | E44: =IF(B44="","",COUNTIF(H44:AA44,"M")) | F44: =IF(B44="","",COUNTIFS(Absences!$C$6:$C$405,Settings!$C$11,Absences!$D$6:$D$405,B44,Absences!$E$6:$E$405,"Absent")) | G44: =IF(B44="","",COUNTIFS(Absences!$C$6:$C$405,Settings!$C$11,Absences!$D$6:$D$405,B44,Absences!$E$6:$E$405,"Late")) | AC44: =IF(C44="","",SUMPRODUCT(MAX(ISNUMBER(Settings!$B$17:$B$26)*(Settings!$B$17:$B$26<=ROUND(C44*100,1))*Settings!$B$17:$B$26))) | AD44: =IF(C44="","",ROUND(C44*1000,0)*1000+334) | AE44: =IF(C44="",0,IF(ROUND(C44*100,1)<N($AC$2),1,0))
C45: =IF(B45="","",IF((SUMPRODUCT(--ISNUMBER(H45:AA45),$H$52:$AA$52)+SUMPRODUCT(--(H45:AA45="M"),$H$52:$AA$52))=0,"",ROUND(SUMPRODUCT(H45:AA45,$H$53:$AA$53)/(SUMPRODUCT(--ISNUMBER(H45:AA45),$H$52:$AA$52)+SUMPRODUCT(--(H45:AA45="M"),$H$52:$AA$52))*100,1)/100)) | D45: =IF(C45="","",IFERROR(INDEX(Settings!$C$17:$C$26,MATCH(AC45,Settings!$B$17:$B$26,0)),"")) | E45: =IF(B45="","",COUNTIF(H45:AA45,"M")) | F45: =IF(B45="","",COUNTIFS(Absences!$C$6:$C$405,Settings!$C$11,Absences!$D$6:$D$405,B45,Absences!$E$6:$E$405,"Absent")) | G45: =IF(B45="","",COUNTIFS(Absences!$C$6:$C$405,Settings!$C$11,Absences!$D$6:$D$405,B45,Absences!$E$6:$E$405,"Late")) | AC45: =IF(C45="","",SUMPRODUCT(MAX(ISNUMBER(Settings!$B$17:$B$26)*(Settings!$B$17:$B$26<=ROUND(C45*100,1))*Settings!$B$17:$B$26))) | AD45: =IF(C45="","",ROUND(C45*1000,0)*1000+335) | AE45: =IF(C45="",0,IF(ROUND(C45*100,1)<N($AC$2),1,0))
C46: =IF(B46="","",IF((SUMPRODUCT(--ISNUMBER(H46:AA46),$H$52:$AA$52)+SUMPRODUCT(--(H46:AA46="M"),$H$52:$AA$52))=0,"",ROUND(SUMPRODUCT(H46:AA46,$H$53:$AA$53)/(SUMPRODUCT(--ISNUMBER(H46:AA46),$H$52:$AA$52)+SUMPRODUCT(--(H46:AA46="M"),$H$52:$AA$52))*100,1)/100)) | D46: =IF(C46="","",IFERROR(INDEX(Settings!$C$17:$C$26,MATCH(AC46,Settings!$B$17:$B$26,0)),"")) | E46: =IF(B46="","",COUNTIF(H46:AA46,"M")) | F46: =IF(B46="","",COUNTIFS(Absences!$C$6:$C$405,Settings!$C$11,Absences!$D$6:$D$405,B46,Absences!$E$6:$E$405,"Absent")) | G46: =IF(B46="","",COUNTIFS(Absences!$C$6:$C$405,Settings!$C$11,Absences!$D$6:$D$405,B46,Absences!$E$6:$E$405,"Late")) | AC46: =IF(C46="","",SUMPRODUCT(MAX(ISNUMBER(Settings!$B$17:$B$26)*(Settings!$B$17:$B$26<=ROUND(C46*100,1))*Settings!$B$17:$B$26))) | AD46: =IF(C46="","",ROUND(C46*1000,0)*1000+336) | AE46: =IF(C46="",0,IF(ROUND(C46*100,1)<N($AC$2),1,0))
C47: =IF(B47="","",IF((SUMPRODUCT(--ISNUMBER(H47:AA47),$H$52:$AA$52)+SUMPRODUCT(--(H47:AA47="M"),$H$52:$AA$52))=0,"",ROUND(SUMPRODUCT(H47:AA47,$H$53:$AA$53)/(SUMPRODUCT(--ISNUMBER(H47:AA47),$H$52:$AA$52)+SUMPRODUCT(--(H47:AA47="M"),$H$52:$AA$52))*100,1)/100)) | D47: =IF(C47="","",IFERROR(INDEX(Settings!$C$17:$C$26,MATCH(AC47,Settings!$B$17:$B$26,0)),"")) | E47: =IF(B47="","",COUNTIF(H47:AA47,"M")) | F47: =IF(B47="","",COUNTIFS(Absences!$C$6:$C$405,Settings!$C$11,Absences!$D$6:$D$405,B47,Absences!$E$6:$E$405,"Absent")) | G47: =IF(B47="","",COUNTIFS(Absences!$C$6:$C$405,Settings!$C$11,Absences!$D$6:$D$405,B47,Absences!$E$6:$E$405,"Late")) | AC47: =IF(C47="","",SUMPRODUCT(MAX(ISNUMBER(Settings!$B$17:$B$26)*(Settings!$B$17:$B$26<=ROUND(C47*100,1))*Settings!$B$17:$B$26))) | AD47: =IF(C47="","",ROUND(C47*1000,0)*1000+337) | AE47: =IF(C47="",0,IF(ROUND(C47*100,1)<N($AC$2),1,0))
C48: =IF(B48="","",IF((SUMPRODUCT(--ISNUMBER(H48:AA48),$H$52:$AA$52)+SUMPRODUCT(--(H48:AA48="M"),$H$52:$AA$52))=0,"",ROUND(SUMPRODUCT(H48:AA48,$H$53:$AA$53)/(SUMPRODUCT(--ISNUMBER(H48:AA48),$H$52:$AA$52)+SUMPRODUCT(--(H48:AA48="M"),$H$52:$AA$52))*100,1)/100)) | D48: =IF(C48="","",IFERROR(INDEX(Settings!$C$17:$C$26,MATCH(AC48,Settings!$B$17:$B$26,0)),"")) | E48: =IF(B48="","",COUNTIF(H48:AA48,"M")) | F48: =IF(B48="","",COUNTIFS(Absences!$C$6:$C$405,Settings!$C$11,Absences!$D$6:$D$405,B48,Absences!$E$6:$E$405,"Absent")) | G48: =IF(B48="","",COUNTIFS(Absences!$C$6:$C$405,Settings!$C$11,Absences!$D$6:$D$405,B48,Absences!$E$6:$E$405,"Late")) | AC48: =IF(C48="","",SUMPRODUCT(MAX(ISNUMBER(Settings!$B$17:$B$26)*(Settings!$B$17:$B$26<=ROUND(C48*100,1))*Settings!$B$17:$B$26))) | AD48: =IF(C48="","",ROUND(C48*1000,0)*1000+338) | AE48: =IF(C48="",0,IF(ROUND(C48*100,1)<N($AC$2),1,0))
C49: =IF(B49="","",IF((SUMPRODUCT(--ISNUMBER(H49:AA49),$H$52:$AA$52)+SUMPRODUCT(--(H49:AA49="M"),$H$52:$AA$52))=0,"",ROUND(SUMPRODUCT(H49:AA49,$H$53:$AA$53)/(SUMPRODUCT(--ISNUMBER(H49:AA49),$H$52:$AA$52)+SUMPRODUCT(--(H49:AA49="M"),$H$52:$AA$52))*100,1)/100)) | D49: =IF(C49="","",IFERROR(INDEX(Settings!$C$17:$C$26,MATCH(AC49,Settings!$B$17:$B$26,0)),"")) | E49: =IF(B49="","",COUNTIF(H49:AA49,"M")) | F49: =IF(B49="","",COUNTIFS(Absences!$C$6:$C$405,Settings!$C$11,Absences!$D$6:$D$405,B49,Absences!$E$6:$E$405,"Absent")) | G49: =IF(B49="","",COUNTIFS(Absences!$C$6:$C$405,Settings!$C$11,Absences!$D$6:$D$405,B49,Absences!$E$6:$E$405,"Late")) | AC49: =IF(C49="","",SUMPRODUCT(MAX(ISNUMBER(Settings!$B$17:$B$26)*(Settings!$B$17:$B$26<=ROUND(C49*100,1))*Settings!$B$17:$B$26))) | AD49: =IF(C49="","",ROUND(C49*1000,0)*1000+339) | AE49: =IF(C49="",0,IF(ROUND(C49*100,1)<N($AC$2),1,0))
C50: =IF(B50="","",IF((SUMPRODUCT(--ISNUMBER(H50:AA50),$H$52:$AA$52)+SUMPRODUCT(--(H50:AA50="M"),$H$52:$AA$52))=0,"",ROUND(SUMPRODUCT(H50:AA50,$H$53:$AA$53)/(SUMPRODUCT(--ISNUMBER(H50:AA50),$H$52:$AA$52)+SUMPRODUCT(--(H50:AA50="M"),$H$52:$AA$52))*100,1)/100)) | D50: =IF(C50="","",IFERROR(INDEX(Settings!$C$17:$C$26,MATCH(AC50,Settings!$B$17:$B$26,0)),"")) | E50: =IF(B50="","",COUNTIF(H50:AA50,"M")) | F50: =IF(B50="","",COUNTIFS(Absences!$C$6:$C$405,Settings!$C$11,Absences!$D$6:$D$405,B50,Absences!$E$6:$E$405,"Absent")) | G50: =IF(B50="","",COUNTIFS(Absences!$C$6:$C$405,Settings!$C$11,Absences!$D$6:$D$405,B50,Absences!$E$6:$E$405,"Late")) | AC50: =IF(C50="","",SUMPRODUCT(MAX(ISNUMBER(Settings!$B$17:$B$26)*(Settings!$B$17:$B$26<=ROUND(C50*100,1))*Settings!$B$17:$B$26))) | AD50: =IF(C50="","",ROUND(C50*1000,0)*1000+340) | AE50: =IF(C50="",0,IF(ROUND(C50*100,1)<N($AC$2),1,0))
H52: =IF(N(H7)<=0,0,IF(H8="",1,N(H8))) | I52: =IF(N(I7)<=0,0,IF(I8="",1,N(I8))) | J52: =IF(N(J7)<=0,0,IF(J8="",1,N(J8))) | K52: =IF(N(K7)<=0,0,IF(K8="",1,N(K8))) | L52: =IF(N(L7)<=0,0,IF(L8="",1,N(L8))) | M52: =IF(N(M7)<=0,0,IF(M8="",1,N(M8))) | N52: =IF(N(N7)<=0,0,IF(N8="",1,N(N8))) | O52: =IF(N(O7)<=0,0,IF(O8="",1,N(O8))) | ... AA52: =IF(N(AA7)<=0,0,IF(AA8="",1,N(AA8)))
H53: =IF(H52=0,0,H52/H7) | I53: =IF(I52=0,0,I52/I7) | J53: =IF(J52=0,0,J52/J7) | K53: =IF(K52=0,0,K52/K7) | L53: =IF(L52=0,0,L52/L7) | M53: =IF(M52=0,0,M52/M7) | N53: =IF(N52=0,0,N52/N7) | O53: =IF(O52=0,0,O52/O7) | ... AA53: =IF(AA52=0,0,AA52/AA7)
H54: =IF(AND(H5<>"",ISNUMBER(H6)),IF(AND(H6<=TODAY(),COUNT(H11:H50)+COUNTIF(H11:H50,"M")=0),1,0),0) | I54: =IF(AND(I5<>"",ISNUMBER(I6)),IF(AND(I6<=TODAY(),COUNT(I11:I50)+COUNTIF(I11:I50,"M")=0),1,0),0) | J54: =IF(AND(J5<>"",ISNUMBER(J6)),IF(AND(J6<=TODAY(),COUNT(J11:J50)+COUNTIF(J11:J50,"M")=0),1,0),0) | K54: =IF(AND(K5<>"",ISNUMBER(K6)),IF(AND(K6<=TODAY(),COUNT(K11:K50)+COUNTIF(K11:K50,"M")=0),1,0),0) | L54: =IF(AND(L5<>"",ISNUMBER(L6)),IF(AND(L6<=TODAY(),COUNT(L11:L50)+COUNTIF(L11:L50,"M")=0),1,0),0) | M54: =IF(AND(M5<>"",ISNUMBER(M6)),IF(AND(M6<=TODAY(),COUNT(M11:M50)+COUNTIF(M11:M50,"M")=0),1,0),0) | N54: =IF(AND(N5<>"",ISNUMBER(N6)),IF(AND(N6<=TODAY(),COUNT(N11:N50)+COUNTIF(N11:N50,"M")=0),1,0),0) | O54: =IF(AND(O5<>"",ISNUMBER(O6)),IF(AND(O6<=TODAY(),COUNT(O11:O50)+COUNTIF(O11:O50,"M")=0),1,0),0) | ... AA54: =IF(AND(AA5<>"",ISNUMBER(AA6)),IF(AND(AA6<=TODAY(),COUNT(AA11:AA50)+COUNTIF(AA11:AA50,"M")=0),1,0),0)

Sheet Class 4
B2: =IF(Settings!$C$12="","Class 4",Settings!$C$12) | AC2: =Settings!$C$4
B3: Scores as numbers. M for missing work (counts as 0), Ex for excused (left out), empty for not marked yet.
G5: Assessment | H5: Atoms quiz | I5: Bonding homework | J5: Titration practical | K5: Unit 1 test | L5: Rates homework
G6: Date | H6: 46272 | I6: 46279 | J6: 46284 | K6: 46290 | L6: 46293
G7: Out of | H7: 10 | I7: 20 | J7: 40 | K7: 80 | L7: 20
G8: Weight | H8: 1 | I8: 1 | J8: 1 | K8: 2 | L8: 1
C9: =IF(COUNT(C11:C50)=0,"",AVERAGE(C11:C50)) | G9: Class average | H9: =IF(OR(N(H7)<=0,COUNT(H11:H50)=0),"",AVERAGE(H11:H50)/H7) | I9: =IF(OR(N(I7)<=0,COUNT(I11:I50)=0),"",AVERAGE(I11:I50)/I7) | J9: =IF(OR(N(J7)<=0,COUNT(J11:J50)=0),"",AVERAGE(J11:J50)/J7) | K9: =IF(OR(N(K7)<=0,COUNT(K11:K50)=0),"",AVERAGE(K11:K50)/K7) | L9: =IF(OR(N(L7)<=0,COUNT(L11:L50)=0),"",AVERAGE(L11:L50)/L7) | M9: =IF(OR(N(M7)<=0,COUNT(M11:M50)=0),"",AVERAGE(M11:M50)/M7) | N9: =IF(OR(N(N7)<=0,COUNT(N11:N50)=0),"",AVERAGE(N11:N50)/N7) | O9: =IF(OR(N(O7)<=0,COUNT(O11:O50)=0),"",AVERAGE(O11:O50)/O7) | ... AA9: =IF(OR(N(AA7)<=0,COUNT(AA11:AA50)=0),"",AVERAGE(AA11:AA50)/AA7)
