Workbook

Sheet Tableau de bord
B2: Ce que coûtent vos abonnements
B3: Mis à jour à chaque ouverture.
B6: Par mois | C6: Par an | D6: Abonnements | E6: À annuler | F6: Inutilisés depuis 30+ jours
B7: =SUM(Abonnements!$J$6:$J$55) | C7: =SUM(Abonnements!$K$6:$K$55) | D7: =COUNTIFS(Abonnements!$B$6:$B$55,"<>") | E7: =SUMIFS(Abonnements!$K$6:$K$55,Abonnements!$I$6:$I$55,"Annuler") | F7: =SUMIFS(Abonnements!$K$6:$K$55,Abonnements!$B$6:$B$55,"<>",Abonnements!$H$6:$H$55,"<"&(TODAY()-30))
E8: économisés par an | F8: par an pour des choses que vous n'utilisez pas
B10: Catégorie | C10: Par mois | D10: Par an | E10: Nombre | F10: Part du total | H10: À surveiller
B11: Streaming | C11: =SUMIFS(Abonnements!$J$6:$J$55,Abonnements!$C$6:$C$55,B11) | D11: =C11*12 | E11: =COUNTIFS(Abonnements!$C$6:$C$55,B11) | F11: =REPT("█",MIN(20,MAX(0,ROUND((IF($B$7=0,0,C11/$B$7))*20,0))))&REPT("░",20-MIN(20,MAX(0,ROUND((IF($B$7=0,0,C11/$B$7))*20,0))))&" "&TEXT(IF($B$7=0,0,C11/$B$7),"0%") | H11: =IF(COUNTIFS(Abonnements!$L$6:$L$55,"Fin de*")=0,"Aucun essai gratuit ne va devenir payant",IF(COUNTIFS(Abonnements!$L$6:$L$55,"Fin de*")=1,"1 essai gratuit va bientôt devenir payant",COUNTIFS(Abonnements!$L$6:$L$55,"Fin de*")&" essais gratuits vont bientôt devenir payants"))
B12: Musique | C12: =SUMIFS(Abonnements!$J$6:$J$55,Abonnements!$C$6:$C$55,B12) | D12: =C12*12 | E12: =COUNTIFS(Abonnements!$C$6:$C$55,B12) | F12: =REPT("█",MIN(20,MAX(0,ROUND((IF($B$7=0,0,C12/$B$7))*20,0))))&REPT("░",20-MIN(20,MAX(0,ROUND((IF($B$7=0,0,C12/$B$7))*20,0))))&" "&TEXT(IF($B$7=0,0,C12/$B$7),"0%")
B13: Applis | C13: =SUMIFS(Abonnements!$J$6:$J$55,Abonnements!$C$6:$C$55,B13) | D13: =C13*12 | E13: =COUNTIFS(Abonnements!$C$6:$C$55,B13) | F13: =REPT("█",MIN(20,MAX(0,ROUND((IF($B$7=0,0,C13/$B$7))*20,0))))&REPT("░",20-MIN(20,MAX(0,ROUND((IF($B$7=0,0,C13/$B$7))*20,0))))&" "&TEXT(IF($B$7=0,0,C13/$B$7),"0%") | H13: =IF((COUNTIFS(Abonnements!$L$6:$L$55,"Renouvellement dans 0 jour*")+COUNTIFS(Abonnements!$L$6:$L$55,"Renouvellement dans 1 jour*")+COUNTIFS(Abonnements!$L$6:$L$55,"Renouvellement dans 2 jour*")+COUNTIFS(Abonnements!$L$6:$L$55,"Renouvellement dans 3 jour*"))=0,"Aucun renouvellement dans les 3 jours",IF((COUNTIFS(Abonnements!$L$6:$L$55,"Renouvellement dans 0 jour*")+COUNTIFS(Abonnements!$L$6:$L$55,"Renouvellement dans 1 jour*")+COUNTIFS(Abonnements!$L$6:$L$55,"Renouvellement dans 2 jour*")+COUNTIFS(Abonnements!$L$6:$L$55,"Renouvellement dans 3 jour*"))=1,"1 renouvellement",(COUNTIFS(Abonnements!$L$6:$L$55,"Renouvellement dans 0 jour*")+COUNTIFS(Abonnements!$L$6:$L$55,"Renouvellement dans 1 jour*")+COUNTIFS(Abonnements!$L$6:$L$55,"Renouvellement dans 2 jour*")+COUNTIFS(Abonnements!$L$6:$L$55,"Renouvellement dans 3 jour*"))&" renouvellements")&" dans les 3 jours")
B14: Jeux | C14: =SUMIFS(Abonnements!$J$6:$J$55,Abonnements!$C$6:$C$55,B14) | D14: =C14*12 | E14: =COUNTIFS(Abonnements!$C$6:$C$55,B14) | F14: =REPT("█",MIN(20,MAX(0,ROUND((IF($B$7=0,0,C14/$B$7))*20,0))))&REPT("░",20-MIN(20,MAX(0,ROUND((IF($B$7=0,0,C14/$B$7))*20,0))))&" "&TEXT(IF($B$7=0,0,C14/$B$7),"0%")
B15: Sport | C15: =SUMIFS(Abonnements!$J$6:$J$55,Abonnements!$C$6:$C$55,B15) | D15: =C15*12 | E15: =COUNTIFS(Abonnements!$C$6:$C$55,B15) | F15: =REPT("█",MIN(20,MAX(0,ROUND((IF($B$7=0,0,C15/$B$7))*20,0))))&REPT("░",20-MIN(20,MAX(0,ROUND((IF($B$7=0,0,C15/$B$7))*20,0))))&" "&TEXT(IF($B$7=0,0,C15/$B$7),"0%") | H15: =IF(COUNTIFS(Abonnements!$L$6:$L$55,"Pas utilisé*")=0,"Tout a servi le mois dernier",IF(COUNTIFS(Abonnements!$L$6:$L$55,"Pas utilisé*")=1,"1 abonnement n'a pas servi",COUNTIFS(Abonnements!$L$6:$L$55,"Pas utilisé*")&" abonnements n'ont pas servi")&" depuis plus d'un mois")
B16: Presse | C16: =SUMIFS(Abonnements!$J$6:$J$55,Abonnements!$C$6:$C$55,B16) | D16: =C16*12 | E16: =COUNTIFS(Abonnements!$C$6:$C$55,B16) | F16: =REPT("█",MIN(20,MAX(0,ROUND((IF($B$7=0,0,C16/$B$7))*20,0))))&REPT("░",20-MIN(20,MAX(0,ROUND((IF($B$7=0,0,C16/$B$7))*20,0))))&" "&TEXT(IF($B$7=0,0,C16/$B$7),"0%")
B17: Cloud | C17: =SUMIFS(Abonnements!$J$6:$J$55,Abonnements!$C$6:$C$55,B17) | D17: =C17*12 | E17: =COUNTIFS(Abonnements!$C$6:$C$55,B17) | F17: =REPT("█",MIN(20,MAX(0,ROUND((IF($B$7=0,0,C17/$B$7))*20,0))))&REPT("░",20-MIN(20,MAX(0,ROUND((IF($B$7=0,0,C17/$B$7))*20,0))))&" "&TEXT(IF($B$7=0,0,C17/$B$7),"0%") | H17: =IF(COUNTIFS(Abonnements!$I$6:$I$55,"Décider")=0,"Plus rien à décider",IF(COUNTIFS(Abonnements!$I$6:$I$55,"Décider")=1,"1 abonnement",COUNTIFS(Abonnements!$I$6:$I$55,"Décider")&" abonnements")&" encore à décider : garder ou annuler")
B18: Shopping | C18: =SUMIFS(Abonnements!$J$6:$J$55,Abonnements!$C$6:$C$55,B18) | D18: =C18*12 | E18: =COUNTIFS(Abonnements!$C$6:$C$55,B18) | F18: =REPT("█",MIN(20,MAX(0,ROUND((IF($B$7=0,0,C18/$B$7))*20,0))))&REPT("░",20-MIN(20,MAX(0,ROUND((IF($B$7=0,0,C18/$B$7))*20,0))))&" "&TEXT(IF($B$7=0,0,C18/$B$7),"0%")
B19: Autre | C19: =SUMIFS(Abonnements!$J$6:$J$55,Abonnements!$C$6:$C$55,B19) | D19: =C19*12 | E19: =COUNTIFS(Abonnements!$C$6:$C$55,B19) | F19: =REPT("█",MIN(20,MAX(0,ROUND((IF($B$7=0,0,C19/$B$7))*20,0))))&REPT("░",20-MIN(20,MAX(0,ROUND((IF($B$7=0,0,C19/$B$7))*20,0))))&" "&TEXT(IF($B$7=0,0,C19/$B$7),"0%")

Sheet Abonnements
B2: Vos abonnements
B3: Tapez dans les cases jaunes. Dates et totaux se calculent tout seuls.
B5: Nom | C5: Catégorie | D5: Prix | E5: Facturation | F5: Début ou dernier prélèvement | G5: Essai gratuit ? | H5: Dernière utilisation | I5: Garder ? | J5: Par mois | K5: Par an | L5: Et ensuite
B6: Streaming vidéo | C6: Streaming | D6: 15.49 | E6: Mensuel | F6: 46265 | G6: Non | H6: 46292 | I6: Garder | J6: =IF(B6="","",D6*IF(E6="Hebdo",52/12,IF(E6="Mensuel",1,IF(E6="Trimestriel",1/3,IF(E6="Annuel",1/12,0))))) | K6: =IF(B6="","",J6*12) | L6: =IF(OR(B6="",F6=""),"",IF(I6="Annuler","À annuler sous "&(IF(F6>=TODAY(),F6,IF(E6="Hebdo",F6+7*ROUNDUP((TODAY()-F6)/7,0),EDATE(F6,IF(E6="Mensuel",1,IF(E6="Trimestriel",3,12))*ROUNDUP((DATEDIF(F6,TODAY(),"m")+1)/IF(E6="Mensuel",1,IF(E6="Trimestriel",3,12)),0))))-TODAY())&IF((IF(F6>=TODAY(),F6,IF(E6="Hebdo",F6+7*ROUNDUP((TODAY()-F6)/7,0),EDATE(F6,IF(E6="Mensuel",1,IF(E6="Trimestriel",3,12))*ROUNDUP((DATEDIF(F6,TODAY(),"m")+1)/IF(E6="Mensuel",1,IF(E6="Trimestriel",3,12)),0))))-TODAY())<=1," jour"," jours"),IF(G6="Oui","Fin de l'essai dans "&(IF(F6>=TODAY(),F6,IF(E6="Hebdo",F6+7*ROUNDUP((TODAY()-F6)/7,0),EDATE(F6,IF(E6="Mensuel",1,IF(E6="Trimestriel",3,12))*ROUNDUP((DATEDIF(F6,TODAY(),"m")+1)/IF(E6="Mensuel",1,IF(E6="Trimestriel",3,12)),0))))-TODAY())&IF((IF(F6>=TODAY(),F6,IF(E6="Hebdo",F6+7*ROUNDUP((TODAY()-F6)/7,0),EDATE(F6,IF(E6="Mensuel",1,IF(E6="Trimestriel",3,12))*ROUNDUP((DATEDIF(F6,TODAY(),"m")+1)/IF(E6="Mensuel",1,IF(E6="Trimestriel",3,12)),0))))-TODAY())<=1," jour"," jours"),IF(AND(H6<>"",TODAY()-H6>30),"Pas utilisé depuis "&(TODAY()-H6)&" jours","Renouvellement dans "&(IF(F6>=TODAY(),F6,IF(E6="Hebdo",F6+7*ROUNDUP((TODAY()-F6)/7,0),EDATE(F6,IF(E6="Mensuel",1,IF(E6="Trimestriel",3,12))*ROUNDUP((DATEDIF(F6,TODAY(),"m")+1)/IF(E6="Mensuel",1,IF(E6="Trimestriel",3,12)),0))))-TODAY())&IF((IF(F6>=TODAY(),F6,IF(E6="Hebdo",F6+7*ROUNDUP((TODAY()-F6)/7,0),EDATE(F6,IF(E6="Mensuel",1,IF(E6="Trimestriel",3,12))*ROUNDUP((DATEDIF(F6,TODAY(),"m")+1)/IF(E6="Mensuel",1,IF(E6="Trimestriel",3,12)),0))))-TODAY())<=1," jour"," jours")))))
B7: 2e service vidéo | C7: Streaming | D7: 9.99 | E7: Mensuel | F7: 46281 | G7: Non | H7: 46252 | I7: Décider | J7: =IF(B7="","",D7*IF(E7="Hebdo",52/12,IF(E7="Mensuel",1,IF(E7="Trimestriel",1/3,IF(E7="Annuel",1/12,0))))) | K7: =IF(B7="","",J7*12) | L7: =IF(OR(B7="",F7=""),"",IF(I7="Annuler","À annuler sous "&(IF(F7>=TODAY(),F7,IF(E7="Hebdo",F7+7*ROUNDUP((TODAY()-F7)/7,0),EDATE(F7,IF(E7="Mensuel",1,IF(E7="Trimestriel",3,12))*ROUNDUP((DATEDIF(F7,TODAY(),"m")+1)/IF(E7="Mensuel",1,IF(E7="Trimestriel",3,12)),0))))-TODAY())&IF((IF(F7>=TODAY(),F7,IF(E7="Hebdo",F7+7*ROUNDUP((TODAY()-F7)/7,0),EDATE(F7,IF(E7="Mensuel",1,IF(E7="Trimestriel",3,12))*ROUNDUP((DATEDIF(F7,TODAY(),"m")+1)/IF(E7="Mensuel",1,IF(E7="Trimestriel",3,12)),0))))-TODAY())<=1," jour"," jours"),IF(G7="Oui","Fin de l'essai dans "&(IF(F7>=TODAY(),F7,IF(E7="Hebdo",F7+7*ROUNDUP((TODAY()-F7)/7,0),EDATE(F7,IF(E7="Mensuel",1,IF(E7="Trimestriel",3,12))*ROUNDUP((DATEDIF(F7,TODAY(),"m")+1)/IF(E7="Mensuel",1,IF(E7="Trimestriel",3,12)),0))))-TODAY())&IF((IF(F7>=TODAY(),F7,IF(E7="Hebdo",F7+7*ROUNDUP((TODAY()-F7)/7,0),EDATE(F7,IF(E7="Mensuel",1,IF(E7="Trimestriel",3,12))*ROUNDUP((DATEDIF(F7,TODAY(),"m")+1)/IF(E7="Mensuel",1,IF(E7="Trimestriel",3,12)),0))))-TODAY())<=1," jour"," jours"),IF(AND(H7<>"",TODAY()-H7>30),"Pas utilisé depuis "&(TODAY()-H7)&" jours","Renouvellement dans "&(IF(F7>=TODAY(),F7,IF(E7="Hebdo",F7+7*ROUNDUP((TODAY()-F7)/7,0),EDATE(F7,IF(E7="Mensuel",1,IF(E7="Trimestriel",3,12))*ROUNDUP((DATEDIF(F7,TODAY(),"m")+1)/IF(E7="Mensuel",1,IF(E7="Trimestriel",3,12)),0))))-TODAY())&IF((IF(F7>=TODAY(),F7,IF(E7="Hebdo",F7+7*ROUNDUP((TODAY()-F7)/7,0),EDATE(F7,IF(E7="Mensuel",1,IF(E7="Trimestriel",3,12))*ROUNDUP((DATEDIF(F7,TODAY(),"m")+1)/IF(E7="Mensuel",1,IF(E7="Trimestriel",3,12)),0))))-TODAY())<=1," jour"," jours")))))
B8: Appli musique | C8: Musique | D8: 10.99 | E8: Mensuel | F8: 46290 | G8: Non | H8: 46293 | I8: Garder | J8: =IF(B8="","",D8*IF(E8="Hebdo",52/12,IF(E8="Mensuel",1,IF(E8="Trimestriel",1/3,IF(E8="Annuel",1/12,0))))) | K8: =IF(B8="","",J8*12) | L8: =IF(OR(B8="",F8=""),"",IF(I8="Annuler","À annuler sous "&(IF(F8>=TODAY(),F8,IF(E8="Hebdo",F8+7*ROUNDUP((TODAY()-F8)/7,0),EDATE(F8,IF(E8="Mensuel",1,IF(E8="Trimestriel",3,12))*ROUNDUP((DATEDIF(F8,TODAY(),"m")+1)/IF(E8="Mensuel",1,IF(E8="Trimestriel",3,12)),0))))-TODAY())&IF((IF(F8>=TODAY(),F8,IF(E8="Hebdo",F8+7*ROUNDUP((TODAY()-F8)/7,0),EDATE(F8,IF(E8="Mensuel",1,IF(E8="Trimestriel",3,12))*ROUNDUP((DATEDIF(F8,TODAY(),"m")+1)/IF(E8="Mensuel",1,IF(E8="Trimestriel",3,12)),0))))-TODAY())<=1," jour"," jours"),IF(G8="Oui","Fin de l'essai dans "&(IF(F8>=TODAY(),F8,IF(E8="Hebdo",F8+7*ROUNDUP((TODAY()-F8)/7,0),EDATE(F8,IF(E8="Mensuel",1,IF(E8="Trimestriel",3,12))*ROUNDUP((DATEDIF(F8,TODAY(),"m")+1)/IF(E8="Mensuel",1,IF(E8="Trimestriel",3,12)),0))))-TODAY())&IF((IF(F8>=TODAY(),F8,IF(E8="Hebdo",F8+7*ROUNDUP((TODAY()-F8)/7,0),EDATE(F8,IF(E8="Mensuel",1,IF(E8="Trimestriel",3,12))*ROUNDUP((DATEDIF(F8,TODAY(),"m")+1)/IF(E8="Mensuel",1,IF(E8="Trimestriel",3,12)),0))))-TODAY())<=1," jour"," jours"),IF(AND(H8<>"",TODAY()-H8>30),"Pas utilisé depuis "&(TODAY()-H8)&" jours","Renouvellement dans "&(IF(F8>=TODAY(),F8,IF(E8="Hebdo",F8+7*ROUNDUP((TODAY()-F8)/7,0),EDATE(F8,IF(E8="Mensuel",1,IF(E8="Trimestriel",3,12))*ROUNDUP((DATEDIF(F8,TODAY(),"m")+1)/IF(E8="Mensuel",1,IF(E8="Trimestriel",3,12)),0))))-TODAY())&IF((IF(F8>=TODAY(),F8,IF(E8="Hebdo",F8+7*ROUNDUP((TODAY()-F8)/7,0),EDATE(F8,IF(E8="Mensuel",1,IF(E8="Trimestriel",3,12))*ROUNDUP((DATEDIF(F8,TODAY(),"m")+1)/IF(E8="Mensuel",1,IF(E8="Trimestriel",3,12)),0))))-TODAY())<=1," jour"," jours")))))
B9: Stockage cloud 2 To | C9: Cloud | D9: 99.99 | E9: Annuel | F9: 45933 | G9: Non | H9: 46291 | I9: Garder | J9: =IF(B9="","",D9*IF(E9="Hebdo",52/12,IF(E9="Mensuel",1,IF(E9="Trimestriel",1/3,IF(E9="Annuel",1/12,0))))) | K9: =IF(B9="","",J9*12) | L9: =IF(OR(B9="",F9=""),"",IF(I9="Annuler","À annuler sous "&(IF(F9>=TODAY(),F9,IF(E9="Hebdo",F9+7*ROUNDUP((TODAY()-F9)/7,0),EDATE(F9,IF(E9="Mensuel",1,IF(E9="Trimestriel",3,12))*ROUNDUP((DATEDIF(F9,TODAY(),"m")+1)/IF(E9="Mensuel",1,IF(E9="Trimestriel",3,12)),0))))-TODAY())&IF((IF(F9>=TODAY(),F9,IF(E9="Hebdo",F9+7*ROUNDUP((TODAY()-F9)/7,0),EDATE(F9,IF(E9="Mensuel",1,IF(E9="Trimestriel",3,12))*ROUNDUP((DATEDIF(F9,TODAY(),"m")+1)/IF(E9="Mensuel",1,IF(E9="Trimestriel",3,12)),0))))-TODAY())<=1," jour"," jours"),IF(G9="Oui","Fin de l'essai dans "&(IF(F9>=TODAY(),F9,IF(E9="Hebdo",F9+7*ROUNDUP((TODAY()-F9)/7,0),EDATE(F9,IF(E9="Mensuel",1,IF(E9="Trimestriel",3,12))*ROUNDUP((DATEDIF(F9,TODAY(),"m")+1)/IF(E9="Mensuel",1,IF(E9="Trimestriel",3,12)),0))))-TODAY())&IF((IF(F9>=TODAY(),F9,IF(E9="Hebdo",F9+7*ROUNDUP((TODAY()-F9)/7,0),EDATE(F9,IF(E9="Mensuel",1,IF(E9="Trimestriel",3,12))*ROUNDUP((DATEDIF(F9,TODAY(),"m")+1)/IF(E9="Mensuel",1,IF(E9="Trimestriel",3,12)),0))))-TODAY())<=1," jour"," jours"),IF(AND(H9<>"",TODAY()-H9>30),"Pas utilisé depuis "&(TODAY()-H9)&" jours","Renouvellement dans "&(IF(F9>=TODAY(),F9,IF(E9="Hebdo",F9+7*ROUNDUP((TODAY()-F9)/7,0),EDATE(F9,IF(E9="Mensuel",1,IF(E9="Trimestriel",3,12))*ROUNDUP((DATEDIF(F9,TODAY(),"m")+1)/IF(E9="Mensuel",1,IF(E9="Trimestriel",3,12)),0))))-TODAY())&IF((IF(F9>=TODAY(),F9,IF(E9="Hebdo",F9+7*ROUNDUP((TODAY()-F9)/7,0),EDATE(F9,IF(E9="Mensuel",1,IF(E9="Trimestriel",3,12))*ROUNDUP((DATEDIF(F9,TODAY(),"m")+1)/IF(E9="Mensuel",1,IF(E9="Trimestriel",3,12)),0))))-TODAY())<=1," jour"," jours")))))
B10: Appli de langues | C10: Applis | D10: 12.99 | E10: Mensuel | F10: 46273 | G10: Non | H10: 46230 | I10: Annuler | J10: =IF(B10="","",D10*IF(E10="Hebdo",52/12,IF(E10="Mensuel",1,IF(E10="Trimestriel",1/3,IF(E10="Annuel",1/12,0))))) | K10: =IF(B10="","",J10*12) | L10: =IF(OR(B10="",F10=""),"",IF(I10="Annuler","À annuler sous "&(IF(F10>=TODAY(),F10,IF(E10="Hebdo",F10+7*ROUNDUP((TODAY()-F10)/7,0),EDATE(F10,IF(E10="Mensuel",1,IF(E10="Trimestriel",3,12))*ROUNDUP((DATEDIF(F10,TODAY(),"m")+1)/IF(E10="Mensuel",1,IF(E10="Trimestriel",3,12)),0))))-TODAY())&IF((IF(F10>=TODAY(),F10,IF(E10="Hebdo",F10+7*ROUNDUP((TODAY()-F10)/7,0),EDATE(F10,IF(E10="Mensuel",1,IF(E10="Trimestriel",3,12))*ROUNDUP((DATEDIF(F10,TODAY(),"m")+1)/IF(E10="Mensuel",1,IF(E10="Trimestriel",3,12)),0))))-TODAY())<=1," jour"," jours"),IF(G10="Oui","Fin de l'essai dans "&(IF(F10>=TODAY(),F10,IF(E10="Hebdo",F10+7*ROUNDUP((TODAY()-F10)/7,0),EDATE(F10,IF(E10="Mensuel",1,IF(E10="Trimestriel",3,12))*ROUNDUP((DATEDIF(F10,TODAY(),"m")+1)/IF(E10="Mensuel",1,IF(E10="Trimestriel",3,12)),0))))-TODAY())&IF((IF(F10>=TODAY(),F10,IF(E10="Hebdo",F10+7*ROUNDUP((TODAY()-F10)/7,0),EDATE(F10,IF(E10="Mensuel",1,IF(E10="Trimestriel",3,12))*ROUNDUP((DATEDIF(F10,TODAY(),"m")+1)/IF(E10="Mensuel",1,IF(E10="Trimestriel",3,12)),0))))-TODAY())<=1," jour"," jours"),IF(AND(H10<>"",TODAY()-H10>30),"Pas utilisé depuis "&(TODAY()-H10)&" jours","Renouvellement dans "&(IF(F10>=TODAY(),F10,IF(E10="Hebdo",F10+7*ROUNDUP((TODAY()-F10)/7,0),EDATE(F10,IF(E10="Mensuel",1,IF(E10="Trimestriel",3,12))*ROUNDUP((DATEDIF(F10,TODAY(),"m")+1)/IF(E10="Mensuel",1,IF(E10="Trimestriel",3,12)),0))))-TODAY())&IF((IF(F10>=TODAY(),F10,IF(E10="Hebdo",F10+7*ROUNDUP((TODAY()-F10)/7,0),EDATE(F10,IF(E10="Mensuel",1,IF(E10="Trimestriel",3,12))*ROUNDUP((DATEDIF(F10,TODAY(),"m")+1)/IF(E10="Mensuel",1,IF(E10="Trimestriel",3,12)),0))))-TODAY())<=1," jour"," jours")))))
B11: Box repas | C11: Shopping | D11: 59.9 | E11: Hebdo | F11: 46288 | G11: Oui | H11: 46288 | I11: Décider | J11: =IF(B11="","",D11*IF(E11="Hebdo",52/12,IF(E11="Mensuel",1,IF(E11="Trimestriel",1/3,IF(E11="Annuel",1/12,0))))) | K11: =IF(B11="","",J11*12) | L11: =IF(OR(B11="",F11=""),"",IF(I11="Annuler","À annuler sous "&(IF(F11>=TODAY(),F11,IF(E11="Hebdo",F11+7*ROUNDUP((TODAY()-F11)/7,0),EDATE(F11,IF(E11="Mensuel",1,IF(E11="Trimestriel",3,12))*ROUNDUP((DATEDIF(F11,TODAY(),"m")+1)/IF(E11="Mensuel",1,IF(E11="Trimestriel",3,12)),0))))-TODAY())&IF((IF(F11>=TODAY(),F11,IF(E11="Hebdo",F11+7*ROUNDUP((TODAY()-F11)/7,0),EDATE(F11,IF(E11="Mensuel",1,IF(E11="Trimestriel",3,12))*ROUNDUP((DATEDIF(F11,TODAY(),"m")+1)/IF(E11="Mensuel",1,IF(E11="Trimestriel",3,12)),0))))-TODAY())<=1," jour"," jours"),IF(G11="Oui","Fin de l'essai dans "&(IF(F11>=TODAY(),F11,IF(E11="Hebdo",F11+7*ROUNDUP((TODAY()-F11)/7,0),EDATE(F11,IF(E11="Mensuel",1,IF(E11="Trimestriel",3,12))*ROUNDUP((DATEDIF(F11,TODAY(),"m")+1)/IF(E11="Mensuel",1,IF(E11="Trimestriel",3,12)),0))))-TODAY())&IF((IF(F11>=TODAY(),F11,IF(E11="Hebdo",F11+7*ROUNDUP((TODAY()-F11)/7,0),EDATE(F11,IF(E11="Mensuel",1,IF(E11="Trimestriel",3,12))*ROUNDUP((DATEDIF(F11,TODAY(),"m")+1)/IF(E11="Mensuel",1,IF(E11="Trimestriel",3,12)),0))))-TODAY())<=1," jour"," jours"),IF(AND(H11<>"",TODAY()-H11>30),"Pas utilisé depuis "&(TODAY()-H11)&" jours","Renouvellement dans "&(IF(F11>=TODAY(),F11,IF(E11="Hebdo",F11+7*ROUNDUP((TODAY()-F11)/7,0),EDATE(F11,IF(E11="Mensuel",1,IF(E11="Trimestriel",3,12))*ROUNDUP((DATEDIF(F11,TODAY(),"m")+1)/IF(E11="Mensuel",1,IF(E11="Trimestriel",3,12)),0))))-TODAY())&IF((IF(F11>=TODAY(),F11,IF(E11="Hebdo",F11+7*ROUNDUP((TODAY()-F11)/7,0),EDATE(F11,IF(E11="Mensuel",1,IF(E11="Trimestriel",3,12))*ROUNDUP((DATEDIF(F11,TODAY(),"m")+1)/IF(E11="Mensuel",1,IF(E11="Trimestriel",3,12)),0))))-TODAY())<=1," jour"," jours")))))
B12: Retouche photo | C12: Applis | D12: 4.99 | E12: Mensuel | F12: 46265 | G12: Oui | H12: 46283 | I12: Décider | J12: =IF(B12="","",D12*IF(E12="Hebdo",52/12,IF(E12="Mensuel",1,IF(E12="Trimestriel",1/3,IF(E12="Annuel",1/12,0))))) | K12: =IF(B12="","",J12*12) | L12: =IF(OR(B12="",F12=""),"",IF(I12="Annuler","À annuler sous "&(IF(F12>=TODAY(),F12,IF(E12="Hebdo",F12+7*ROUNDUP((TODAY()-F12)/7,0),EDATE(F12,IF(E12="Mensuel",1,IF(E12="Trimestriel",3,12))*ROUNDUP((DATEDIF(F12,TODAY(),"m")+1)/IF(E12="Mensuel",1,IF(E12="Trimestriel",3,12)),0))))-TODAY())&IF((IF(F12>=TODAY(),F12,IF(E12="Hebdo",F12+7*ROUNDUP((TODAY()-F12)/7,0),EDATE(F12,IF(E12="Mensuel",1,IF(E12="Trimestriel",3,12))*ROUNDUP((DATEDIF(F12,TODAY(),"m")+1)/IF(E12="Mensuel",1,IF(E12="Trimestriel",3,12)),0))))-TODAY())<=1," jour"," jours"),IF(G12="Oui","Fin de l'essai dans "&(IF(F12>=TODAY(),F12,IF(E12="Hebdo",F12+7*ROUNDUP((TODAY()-F12)/7,0),EDATE(F12,IF(E12="Mensuel",1,IF(E12="Trimestriel",3,12))*ROUNDUP((DATEDIF(F12,TODAY(),"m")+1)/IF(E12="Mensuel",1,IF(E12="Trimestriel",3,12)),0))))-TODAY())&IF((IF(F12>=TODAY(),F12,IF(E12="Hebdo",F12+7*ROUNDUP((TODAY()-F12)/7,0),EDATE(F12,IF(E12="Mensuel",1,IF(E12="Trimestriel",3,12))*ROUNDUP((DATEDIF(F12,TODAY(),"m")+1)/IF(E12="Mensuel",1,IF(E12="Trimestriel",3,12)),0))))-TODAY())<=1," jour"," jours"),IF(AND(H12<>"",TODAY()-H12>30),"Pas utilisé depuis "&(TODAY()-H12)&" jours","Renouvellement dans "&(IF(F12>=TODAY(),F12,IF(E12="Hebdo",F12+7*ROUNDUP((TODAY()-F12)/7,0),EDATE(F12,IF(E12="Mensuel",1,IF(E12="Trimestriel",3,12))*ROUNDUP((DATEDIF(F12,TODAY(),"m")+1)/IF(E12="Mensuel",1,IF(E12="Trimestriel",3,12)),0))))-TODAY())&IF((IF(F12>=TODAY(),F12,IF(E12="Hebdo",F12+7*ROUNDUP((TODAY()-F12)/7,0),EDATE(F12,IF(E12="Mensuel",1,IF(E12="Trimestriel",3,12))*ROUNDUP((DATEDIF(F12,TODAY(),"m")+1)/IF(E12="Mensuel",1,IF(E12="Trimestriel",3,12)),0))))-TODAY())<=1," jour"," jours")))))
B13: Salle de sport | C13: Sport | D13: 29.9 | E13: Mensuel | F13: 46284 | G13: Non | H13: 46274 | I13: Garder | J13: =IF(B13="","",D13*IF(E13="Hebdo",52/12,IF(E13="Mensuel",1,IF(E13="Trimestriel",1/3,IF(E13="Annuel",1/12,0))))) | K13: =IF(B13="","",J13*12) | L13: =IF(OR(B13="",F13=""),"",IF(I13="Annuler","À annuler sous "&(IF(F13>=TODAY(),F13,IF(E13="Hebdo",F13+7*ROUNDUP((TODAY()-F13)/7,0),EDATE(F13,IF(E13="Mensuel",1,IF(E13="Trimestriel",3,12))*ROUNDUP((DATEDIF(F13,TODAY(),"m")+1)/IF(E13="Mensuel",1,IF(E13="Trimestriel",3,12)),0))))-TODAY())&IF((IF(F13>=TODAY(),F13,IF(E13="Hebdo",F13+7*ROUNDUP((TODAY()-F13)/7,0),EDATE(F13,IF(E13="Mensuel",1,IF(E13="Trimestriel",3,12))*ROUNDUP((DATEDIF(F13,TODAY(),"m")+1)/IF(E13="Mensuel",1,IF(E13="Trimestriel",3,12)),0))))-TODAY())<=1," jour"," jours"),IF(G13="Oui","Fin de l'essai dans "&(IF(F13>=TODAY(),F13,IF(E13="Hebdo",F13+7*ROUNDUP((TODAY()-F13)/7,0),EDATE(F13,IF(E13="Mensuel",1,IF(E13="Trimestriel",3,12))*ROUNDUP((DATEDIF(F13,TODAY(),"m")+1)/IF(E13="Mensuel",1,IF(E13="Trimestriel",3,12)),0))))-TODAY())&IF((IF(F13>=TODAY(),F13,IF(E13="Hebdo",F13+7*ROUNDUP((TODAY()-F13)/7,0),EDATE(F13,IF(E13="Mensuel",1,IF(E13="Trimestriel",3,12))*ROUNDUP((DATEDIF(F13,TODAY(),"m")+1)/IF(E13="Mensuel",1,IF(E13="Trimestriel",3,12)),0))))-TODAY())<=1," jour"," jours"),IF(AND(H13<>"",TODAY()-H13>30),"Pas utilisé depuis "&(TODAY()-H13)&" jours","Renouvellement dans "&(IF(F13>=TODAY(),F13,IF(E13="Hebdo",F13+7*ROUNDUP((TODAY()-F13)/7,0),EDATE(F13,IF(E13="Mensuel",1,IF(E13="Trimestriel",3,12))*ROUNDUP((DATEDIF(F13,TODAY(),"m")+1)/IF(E13="Mensuel",1,IF(E13="Trimestriel",3,12)),0))))-TODAY())&IF((IF(F13>=TODAY(),F13,IF(E13="Hebdo",F13+7*ROUNDUP((TODAY()-F13)/7,0),EDATE(F13,IF(E13="Mensuel",1,IF(E13="Trimestriel",3,12))*ROUNDUP((DATEDIF(F13,TODAY(),"m")+1)/IF(E13="Mensuel",1,IF(E13="Trimestriel",3,12)),0))))-TODAY())<=1," jour"," jours")))))
B14: Site d'info | C14: Presse | D14: 36 | E14: Trimestriel | F14: 46213 | G14: Non | H14: 46260 | I14: Décider | J14: =IF(B14="","",D14*IF(E14="Hebdo",52/12,IF(E14="Mensuel",1,IF(E14="Trimestriel",1/3,IF(E14="Annuel",1/12,0))))) | K14: =IF(B14="","",J14*12) | L14: =IF(OR(B14="",F14=""),"",IF(I14="Annuler","À annuler sous "&(IF(F14>=TODAY(),F14,IF(E14="Hebdo",F14+7*ROUNDUP((TODAY()-F14)/7,0),EDATE(F14,IF(E14="Mensuel",1,IF(E14="Trimestriel",3,12))*ROUNDUP((DATEDIF(F14,TODAY(),"m")+1)/IF(E14="Mensuel",1,IF(E14="Trimestriel",3,12)),0))))-TODAY())&IF((IF(F14>=TODAY(),F14,IF(E14="Hebdo",F14+7*ROUNDUP((TODAY()-F14)/7,0),EDATE(F14,IF(E14="Mensuel",1,IF(E14="Trimestriel",3,12))*ROUNDUP((DATEDIF(F14,TODAY(),"m")+1)/IF(E14="Mensuel",1,IF(E14="Trimestriel",3,12)),0))))-TODAY())<=1," jour"," jours"),IF(G14="Oui","Fin de l'essai dans "&(IF(F14>=TODAY(),F14,IF(E14="Hebdo",F14+7*ROUNDUP((TODAY()-F14)/7,0),EDATE(F14,IF(E14="Mensuel",1,IF(E14="Trimestriel",3,12))*ROUNDUP((DATEDIF(F14,TODAY(),"m")+1)/IF(E14="Mensuel",1,IF(E14="Trimestriel",3,12)),0))))-TODAY())&IF((IF(F14>=TODAY(),F14,IF(E14="Hebdo",F14+7*ROUNDUP((TODAY()-F14)/7,0),EDATE(F14,IF(E14="Mensuel",1,IF(E14="Trimestriel",3,12))*ROUNDUP((DATEDIF(F14,TODAY(),"m")+1)/IF(E14="Mensuel",1,IF(E14="Trimestriel",3,12)),0))))-TODAY())<=1," jour"," jours"),IF(AND(H14<>"",TODAY()-H14>30),"Pas utilisé depuis "&(TODAY()-H14)&" jours","Renouvellement dans "&(IF(F14>=TODAY(),F14,IF(E14="Hebdo",F14+7*ROUNDUP((TODAY()-F14)/7,0),EDATE(F14,IF(E14="Mensuel",1,IF(E14="Trimestriel",3,12))*ROUNDUP((DATEDIF(F14,TODAY(),"m")+1)/IF(E14="Mensuel",1,IF(E14="Trimestriel",3,12)),0))))-TODAY())&IF((IF(F14>=TODAY(),F14,IF(E14="Hebdo",F14+7*ROUNDUP((TODAY()-F14)/7,0),EDATE(F14,IF(E14="Mensuel",1,IF(E14="Trimestriel",3,12))*ROUNDUP((DATEDIF(F14,TODAY(),"m")+1)/IF(E14="Mensuel",1,IF(E14="Trimestriel",3,12)),0))))-TODAY())<=1," jour"," jours")))))
B15: Abonnement jeux | C15: Jeux | D15: 14.99 | E15: Mensuel | F15: 46278 | G15: Non | H15: 46289 | I15: Garder | J15: =IF(B15="","",D15*IF(E15="Hebdo",52/12,IF(E15="Mensuel",1,IF(E15="Trimestriel",1/3,IF(E15="Annuel",1/12,0))))) | K15: =IF(B15="","",J15*12) | L15: =IF(OR(B15="",F15=""),"",IF(I15="Annuler","À annuler sous "&(IF(F15>=TODAY(),F15,IF(E15="Hebdo",F15+7*ROUNDUP((TODAY()-F15)/7,0),EDATE(F15,IF(E15="Mensuel",1,IF(E15="Trimestriel",3,12))*ROUNDUP((DATEDIF(F15,TODAY(),"m")+1)/IF(E15="Mensuel",1,IF(E15="Trimestriel",3,12)),0))))-TODAY())&IF((IF(F15>=TODAY(),F15,IF(E15="Hebdo",F15+7*ROUNDUP((TODAY()-F15)/7,0),EDATE(F15,IF(E15="Mensuel",1,IF(E15="Trimestriel",3,12))*ROUNDUP((DATEDIF(F15,TODAY(),"m")+1)/IF(E15="Mensuel",1,IF(E15="Trimestriel",3,12)),0))))-TODAY())<=1," jour"," jours"),IF(G15="Oui","Fin de l'essai dans "&(IF(F15>=TODAY(),F15,IF(E15="Hebdo",F15+7*ROUNDUP((TODAY()-F15)/7,0),EDATE(F15,IF(E15="Mensuel",1,IF(E15="Trimestriel",3,12))*ROUNDUP((DATEDIF(F15,TODAY(),"m")+1)/IF(E15="Mensuel",1,IF(E15="Trimestriel",3,12)),0))))-TODAY())&IF((IF(F15>=TODAY(),F15,IF(E15="Hebdo",F15+7*ROUNDUP((TODAY()-F15)/7,0),EDATE(F15,IF(E15="Mensuel",1,IF(E15="Trimestriel",3,12))*ROUNDUP((DATEDIF(F15,TODAY(),"m")+1)/IF(E15="Mensuel",1,IF(E15="Trimestriel",3,12)),0))))-TODAY())<=1," jour"," jours"),IF(AND(H15<>"",TODAY()-H15>30),"Pas utilisé depuis "&(TODAY()-H15)&" jours","Renouvellement dans "&(IF(F15>=TODAY(),F15,IF(E15="Hebdo",F15+7*ROUNDUP((TODAY()-F15)/7,0),EDATE(F15,IF(E15="Mensuel",1,IF(E15="Trimestriel",3,12))*ROUNDUP((DATEDIF(F15,TODAY(),"m")+1)/IF(E15="Mensuel",1,IF(E15="Trimestriel",3,12)),0))))-TODAY())&IF((IF(F15>=TODAY(),F15,IF(E15="Hebdo",F15+7*ROUNDUP((TODAY()-F15)/7,0),EDATE(F15,IF(E15="Mensuel",1,IF(E15="Trimestriel",3,12))*ROUNDUP((DATEDIF(F15,TODAY(),"m")+1)/IF(E15="Mensuel",1,IF(E15="Trimestriel",3,12)),0))))-TODAY())<=1," jour"," jours")))))
J16: =IF(B16="","",D16*IF(E16="Hebdo",52/12,IF(E16="Mensuel",1,IF(E16="Trimestriel",1/3,IF(E16="Annuel",1/12,0))))) | K16: =IF(B16="","",J16*12) | L16: =IF(OR(B16="",F16=""),"",IF(I16="Annuler","À annuler sous "&(IF(F16>=TODAY(),F16,IF(E16="Hebdo",F16+7*ROUNDUP((TODAY()-F16)/7,0),EDATE(F16,IF(E16="Mensuel",1,IF(E16="Trimestriel",3,12))*ROUNDUP((DATEDIF(F16,TODAY(),"m")+1)/IF(E16="Mensuel",1,IF(E16="Trimestriel",3,12)),0))))-TODAY())&IF((IF(F16>=TODAY(),F16,IF(E16="Hebdo",F16+7*ROUNDUP((TODAY()-F16)/7,0),EDATE(F16,IF(E16="Mensuel",1,IF(E16="Trimestriel",3,12))*ROUNDUP((DATEDIF(F16,TODAY(),"m")+1)/IF(E16="Mensuel",1,IF(E16="Trimestriel",3,12)),0))))-TODAY())<=1," jour"," jours"),IF(G16="Oui","Fin de l'essai dans "&(IF(F16>=TODAY(),F16,IF(E16="Hebdo",F16+7*ROUNDUP((TODAY()-F16)/7,0),EDATE(F16,IF(E16="Mensuel",1,IF(E16="Trimestriel",3,12))*ROUNDUP((DATEDIF(F16,TODAY(),"m")+1)/IF(E16="Mensuel",1,IF(E16="Trimestriel",3,12)),0))))-TODAY())&IF((IF(F16>=TODAY(),F16,IF(E16="Hebdo",F16+7*ROUNDUP((TODAY()-F16)/7,0),EDATE(F16,IF(E16="Mensuel",1,IF(E16="Trimestriel",3,12))*ROUNDUP((DATEDIF(F16,TODAY(),"m")+1)/IF(E16="Mensuel",1,IF(E16="Trimestriel",3,12)),0))))-TODAY())<=1," jour"," jours"),IF(AND(H16<>"",TODAY()-H16>30),"Pas utilisé depuis "&(TODAY()-H16)&" jours","Renouvellement dans "&(IF(F16>=TODAY(),F16,IF(E16="Hebdo",F16+7*ROUNDUP((TODAY()-F16)/7,0),EDATE(F16,IF(E16="Mensuel",1,IF(E16="Trimestriel",3,12))*ROUNDUP((DATEDIF(F16,TODAY(),"m")+1)/IF(E16="Mensuel",1,IF(E16="Trimestriel",3,12)),0))))-TODAY())&IF((IF(F16>=TODAY(),F16,IF(E16="Hebdo",F16+7*ROUNDUP((TODAY()-F16)/7,0),EDATE(F16,IF(E16="Mensuel",1,IF(E16="Trimestriel",3,12))*ROUNDUP((DATEDIF(F16,TODAY(),"m")+1)/IF(E16="Mensuel",1,IF(E16="Trimestriel",3,12)),0))))-TODAY())<=1," jour"," jours")))))
J17: =IF(B17="","",D17*IF(E17="Hebdo",52/12,IF(E17="Mensuel",1,IF(E17="Trimestriel",1/3,IF(E17="Annuel",1/12,0))))) | K17: =IF(B17="","",J17*12) | L17: =IF(OR(B17="",F17=""),"",IF(I17="Annuler","À annuler sous "&(IF(F17>=TODAY(),F17,IF(E17="Hebdo",F17+7*ROUNDUP((TODAY()-F17)/7,0),EDATE(F17,IF(E17="Mensuel",1,IF(E17="Trimestriel",3,12))*ROUNDUP((DATEDIF(F17,TODAY(),"m")+1)/IF(E17="Mensuel",1,IF(E17="Trimestriel",3,12)),0))))-TODAY())&IF((IF(F17>=TODAY(),F17,IF(E17="Hebdo",F17+7*ROUNDUP((TODAY()-F17)/7,0),EDATE(F17,IF(E17="Mensuel",1,IF(E17="Trimestriel",3,12))*ROUNDUP((DATEDIF(F17,TODAY(),"m")+1)/IF(E17="Mensuel",1,IF(E17="Trimestriel",3,12)),0))))-TODAY())<=1," jour"," jours"),IF(G17="Oui","Fin de l'essai dans "&(IF(F17>=TODAY(),F17,IF(E17="Hebdo",F17+7*ROUNDUP((TODAY()-F17)/7,0),EDATE(F17,IF(E17="Mensuel",1,IF(E17="Trimestriel",3,12))*ROUNDUP((DATEDIF(F17,TODAY(),"m")+1)/IF(E17="Mensuel",1,IF(E17="Trimestriel",3,12)),0))))-TODAY())&IF((IF(F17>=TODAY(),F17,IF(E17="Hebdo",F17+7*ROUNDUP((TODAY()-F17)/7,0),EDATE(F17,IF(E17="Mensuel",1,IF(E17="Trimestriel",3,12))*ROUNDUP((DATEDIF(F17,TODAY(),"m")+1)/IF(E17="Mensuel",1,IF(E17="Trimestriel",3,12)),0))))-TODAY())<=1," jour"," jours"),IF(AND(H17<>"",TODAY()-H17>30),"Pas utilisé depuis "&(TODAY()-H17)&" jours","Renouvellement dans "&(IF(F17>=TODAY(),F17,IF(E17="Hebdo",F17+7*ROUNDUP((TODAY()-F17)/7,0),EDATE(F17,IF(E17="Mensuel",1,IF(E17="Trimestriel",3,12))*ROUNDUP((DATEDIF(F17,TODAY(),"m")+1)/IF(E17="Mensuel",1,IF(E17="Trimestriel",3,12)),0))))-TODAY())&IF((IF(F17>=TODAY(),F17,IF(E17="Hebdo",F17+7*ROUNDUP((TODAY()-F17)/7,0),EDATE(F17,IF(E17="Mensuel",1,IF(E17="Trimestriel",3,12))*ROUNDUP((DATEDIF(F17,TODAY(),"m")+1)/IF(E17="Mensuel",1,IF(E17="Trimestriel",3,12)),0))))-TODAY())<=1," jour"," jours")))))
J18: =IF(B18="","",D18*IF(E18="Hebdo",52/12,IF(E18="Mensuel",1,IF(E18="Trimestriel",1/3,IF(E18="Annuel",1/12,0))))) | K18: =IF(B18="","",J18*12) | L18: =IF(OR(B18="",F18=""),"",IF(I18="Annuler","À annuler sous "&(IF(F18>=TODAY(),F18,IF(E18="Hebdo",F18+7*ROUNDUP((TODAY()-F18)/7,0),EDATE(F18,IF(E18="Mensuel",1,IF(E18="Trimestriel",3,12))*ROUNDUP((DATEDIF(F18,TODAY(),"m")+1)/IF(E18="Mensuel",1,IF(E18="Trimestriel",3,12)),0))))-TODAY())&IF((IF(F18>=TODAY(),F18,IF(E18="Hebdo",F18+7*ROUNDUP((TODAY()-F18)/7,0),EDATE(F18,IF(E18="Mensuel",1,IF(E18="Trimestriel",3,12))*ROUNDUP((DATEDIF(F18,TODAY(),"m")+1)/IF(E18="Mensuel",1,IF(E18="Trimestriel",3,12)),0))))-TODAY())<=1," jour"," jours"),IF(G18="Oui","Fin de l'essai dans "&(IF(F18>=TODAY(),F18,IF(E18="Hebdo",F18+7*ROUNDUP((TODAY()-F18)/7,0),EDATE(F18,IF(E18="Mensuel",1,IF(E18="Trimestriel",3,12))*ROUNDUP((DATEDIF(F18,TODAY(),"m")+1)/IF(E18="Mensuel",1,IF(E18="Trimestriel",3,12)),0))))-TODAY())&IF((IF(F18>=TODAY(),F18,IF(E18="Hebdo",F18+7*ROUNDUP((TODAY()-F18)/7,0),EDATE(F18,IF(E18="Mensuel",1,IF(E18="Trimestriel",3,12))*ROUNDUP((DATEDIF(F18,TODAY(),"m")+1)/IF(E18="Mensuel",1,IF(E18="Trimestriel",3,12)),0))))-TODAY())<=1," jour"," jours"),IF(AND(H18<>"",TODAY()-H18>30),"Pas utilisé depuis "&(TODAY()-H18)&" jours","Renouvellement dans "&(IF(F18>=TODAY(),F18,IF(E18="Hebdo",F18+7*ROUNDUP((TODAY()-F18)/7,0),EDATE(F18,IF(E18="Mensuel",1,IF(E18="Trimestriel",3,12))*ROUNDUP((DATEDIF(F18,TODAY(),"m")+1)/IF(E18="Mensuel",1,IF(E18="Trimestriel",3,12)),0))))-TODAY())&IF((IF(F18>=TODAY(),F18,IF(E18="Hebdo",F18+7*ROUNDUP((TODAY()-F18)/7,0),EDATE(F18,IF(E18="Mensuel",1,IF(E18="Trimestriel",3,12))*ROUNDUP((DATEDIF(F18,TODAY(),"m")+1)/IF(E18="Mensuel",1,IF(E18="Trimestriel",3,12)),0))))-TODAY())<=1," jour"," jours")))))
J19: =IF(B19="","",D19*IF(E19="Hebdo",52/12,IF(E19="Mensuel",1,IF(E19="Trimestriel",1/3,IF(E19="Annuel",1/12,0))))) | K19: =IF(B19="","",J19*12) | L19: =IF(OR(B19="",F19=""),"",IF(I19="Annuler","À annuler sous "&(IF(F19>=TODAY(),F19,IF(E19="Hebdo",F19+7*ROUNDUP((TODAY()-F19)/7,0),EDATE(F19,IF(E19="Mensuel",1,IF(E19="Trimestriel",3,12))*ROUNDUP((DATEDIF(F19,TODAY(),"m")+1)/IF(E19="Mensuel",1,IF(E19="Trimestriel",3,12)),0))))-TODAY())&IF((IF(F19>=TODAY(),F19,IF(E19="Hebdo",F19+7*ROUNDUP((TODAY()-F19)/7,0),EDATE(F19,IF(E19="Mensuel",1,IF(E19="Trimestriel",3,12))*ROUNDUP((DATEDIF(F19,TODAY(),"m")+1)/IF(E19="Mensuel",1,IF(E19="Trimestriel",3,12)),0))))-TODAY())<=1," jour"," jours"),IF(G19="Oui","Fin de l'essai dans "&(IF(F19>=TODAY(),F19,IF(E19="Hebdo",F19+7*ROUNDUP((TODAY()-F19)/7,0),EDATE(F19,IF(E19="Mensuel",1,IF(E19="Trimestriel",3,12))*ROUNDUP((DATEDIF(F19,TODAY(),"m")+1)/IF(E19="Mensuel",1,IF(E19="Trimestriel",3,12)),0))))-TODAY())&IF((IF(F19>=TODAY(),F19,IF(E19="Hebdo",F19+7*ROUNDUP((TODAY()-F19)/7,0),EDATE(F19,IF(E19="Mensuel",1,IF(E19="Trimestriel",3,12))*ROUNDUP((DATEDIF(F19,TODAY(),"m")+1)/IF(E19="Mensuel",1,IF(E19="Trimestriel",3,12)),0))))-TODAY())<=1," jour"," jours"),IF(AND(H19<>"",TODAY()-H19>30),"Pas utilisé depuis "&(TODAY()-H19)&" jours","Renouvellement dans "&(IF(F19>=TODAY(),F19,IF(E19="Hebdo",F19+7*ROUNDUP((TODAY()-F19)/7,0),EDATE(F19,IF(E19="Mensuel",1,IF(E19="Trimestriel",3,12))*ROUNDUP((DATEDIF(F19,TODAY(),"m")+1)/IF(E19="Mensuel",1,IF(E19="Trimestriel",3,12)),0))))-TODAY())&IF((IF(F19>=TODAY(),F19,IF(E19="Hebdo",F19+7*ROUNDUP((TODAY()-F19)/7,0),EDATE(F19,IF(E19="Mensuel",1,IF(E19="Trimestriel",3,12))*ROUNDUP((DATEDIF(F19,TODAY(),"m")+1)/IF(E19="Mensuel",1,IF(E19="Trimestriel",3,12)),0))))-TODAY())<=1," jour"," jours")))))
J20: =IF(B20="","",D20*IF(E20="Hebdo",52/12,IF(E20="Mensuel",1,IF(E20="Trimestriel",1/3,IF(E20="Annuel",1/12,0))))) | K20: =IF(B20="","",J20*12) | L20: =IF(OR(B20="",F20=""),"",IF(I20="Annuler","À annuler sous "&(IF(F20>=TODAY(),F20,IF(E20="Hebdo",F20+7*ROUNDUP((TODAY()-F20)/7,0),EDATE(F20,IF(E20="Mensuel",1,IF(E20="Trimestriel",3,12))*ROUNDUP((DATEDIF(F20,TODAY(),"m")+1)/IF(E20="Mensuel",1,IF(E20="Trimestriel",3,12)),0))))-TODAY())&IF((IF(F20>=TODAY(),F20,IF(E20="Hebdo",F20+7*ROUNDUP((TODAY()-F20)/7,0),EDATE(F20,IF(E20="Mensuel",1,IF(E20="Trimestriel",3,12))*ROUNDUP((DATEDIF(F20,TODAY(),"m")+1)/IF(E20="Mensuel",1,IF(E20="Trimestriel",3,12)),0))))-TODAY())<=1," jour"," jours"),IF(G20="Oui","Fin de l'essai dans "&(IF(F20>=TODAY(),F20,IF(E20="Hebdo",F20+7*ROUNDUP((TODAY()-F20)/7,0),EDATE(F20,IF(E20="Mensuel",1,IF(E20="Trimestriel",3,12))*ROUNDUP((DATEDIF(F20,TODAY(),"m")+1)/IF(E20="Mensuel",1,IF(E20="Trimestriel",3,12)),0))))-TODAY())&IF((IF(F20>=TODAY(),F20,IF(E20="Hebdo",F20+7*ROUNDUP((TODAY()-F20)/7,0),EDATE(F20,IF(E20="Mensuel",1,IF(E20="Trimestriel",3,12))*ROUNDUP((DATEDIF(F20,TODAY(),"m")+1)/IF(E20="Mensuel",1,IF(E20="Trimestriel",3,12)),0))))-TODAY())<=1," jour"," jours"),IF(AND(H20<>"",TODAY()-H20>30),"Pas utilisé depuis "&(TODAY()-H20)&" jours","Renouvellement dans "&(IF(F20>=TODAY(),F20,IF(E20="Hebdo",F20+7*ROUNDUP((TODAY()-F20)/7,0),EDATE(F20,IF(E20="Mensuel",1,IF(E20="Trimestriel",3,12))*ROUNDUP((DATEDIF(F20,TODAY(),"m")+1)/IF(E20="Mensuel",1,IF(E20="Trimestriel",3,12)),0))))-TODAY())&IF((IF(F20>=TODAY(),F20,IF(E20="Hebdo",F20+7*ROUNDUP((TODAY()-F20)/7,0),EDATE(F20,IF(E20="Mensuel",1,IF(E20="Trimestriel",3,12))*ROUNDUP((DATEDIF(F20,TODAY(),"m")+1)/IF(E20="Mensuel",1,IF(E20="Trimestriel",3,12)),0))))-TODAY())<=1," jour"," jours")))))
J21: =IF(B21="","",D21*IF(E21="Hebdo",52/12,IF(E21="Mensuel",1,IF(E21="Trimestriel",1/3,IF(E21="Annuel",1/12,0))))) | K21: =IF(B21="","",J21*12) | L21: =IF(OR(B21="",F21=""),"",IF(I21="Annuler","À annuler sous "&(IF(F21>=TODAY(),F21,IF(E21="Hebdo",F21+7*ROUNDUP((TODAY()-F21)/7,0),EDATE(F21,IF(E21="Mensuel",1,IF(E21="Trimestriel",3,12))*ROUNDUP((DATEDIF(F21,TODAY(),"m")+1)/IF(E21="Mensuel",1,IF(E21="Trimestriel",3,12)),0))))-TODAY())&IF((IF(F21>=TODAY(),F21,IF(E21="Hebdo",F21+7*ROUNDUP((TODAY()-F21)/7,0),EDATE(F21,IF(E21="Mensuel",1,IF(E21="Trimestriel",3,12))*ROUNDUP((DATEDIF(F21,TODAY(),"m")+1)/IF(E21="Mensuel",1,IF(E21="Trimestriel",3,12)),0))))-TODAY())<=1," jour"," jours"),IF(G21="Oui","Fin de l'essai dans "&(IF(F21>=TODAY(),F21,IF(E21="Hebdo",F21+7*ROUNDUP((TODAY()-F21)/7,0),EDATE(F21,IF(E21="Mensuel",1,IF(E21="Trimestriel",3,12))*ROUNDUP((DATEDIF(F21,TODAY(),"m")+1)/IF(E21="Mensuel",1,IF(E21="Trimestriel",3,12)),0))))-TODAY())&IF((IF(F21>=TODAY(),F21,IF(E21="Hebdo",F21+7*ROUNDUP((TODAY()-F21)/7,0),EDATE(F21,IF(E21="Mensuel",1,IF(E21="Trimestriel",3,12))*ROUNDUP((DATEDIF(F21,TODAY(),"m")+1)/IF(E21="Mensuel",1,IF(E21="Trimestriel",3,12)),0))))-TODAY())<=1," jour"," jours"),IF(AND(H21<>"",TODAY()-H21>30),"Pas utilisé depuis "&(TODAY()-H21)&" jours","Renouvellement dans "&(IF(F21>=TODAY(),F21,IF(E21="Hebdo",F21+7*ROUNDUP((TODAY()-F21)/7,0),EDATE(F21,IF(E21="Mensuel",1,IF(E21="Trimestriel",3,12))*ROUNDUP((DATEDIF(F21,TODAY(),"m")+1)/IF(E21="Mensuel",1,IF(E21="Trimestriel",3,12)),0))))-TODAY())&IF((IF(F21>=TODAY(),F21,IF(E21="Hebdo",F21+7*ROUNDUP((TODAY()-F21)/7,0),EDATE(F21,IF(E21="Mensuel",1,IF(E21="Trimestriel",3,12))*ROUNDUP((DATEDIF(F21,TODAY(),"m")+1)/IF(E21="Mensuel",1,IF(E21="Trimestriel",3,12)),0))))-TODAY())<=1," jour"," jours")))))
J22: =IF(B22="","",D22*IF(E22="Hebdo",52/12,IF(E22="Mensuel",1,IF(E22="Trimestriel",1/3,IF(E22="Annuel",1/12,0))))) | K22: =IF(B22="","",J22*12) | L22: =IF(OR(B22="",F22=""),"",IF(I22="Annuler","À annuler sous "&(IF(F22>=TODAY(),F22,IF(E22="Hebdo",F22+7*ROUNDUP((TODAY()-F22)/7,0),EDATE(F22,IF(E22="Mensuel",1,IF(E22="Trimestriel",3,12))*ROUNDUP((DATEDIF(F22,TODAY(),"m")+1)/IF(E22="Mensuel",1,IF(E22="Trimestriel",3,12)),0))))-TODAY())&IF((IF(F22>=TODAY(),F22,IF(E22="Hebdo",F22+7*ROUNDUP((TODAY()-F22)/7,0),EDATE(F22,IF(E22="Mensuel",1,IF(E22="Trimestriel",3,12))*ROUNDUP((DATEDIF(F22,TODAY(),"m")+1)/IF(E22="Mensuel",1,IF(E22="Trimestriel",3,12)),0))))-TODAY())<=1," jour"," jours"),IF(G22="Oui","Fin de l'essai dans "&(IF(F22>=TODAY(),F22,IF(E22="Hebdo",F22+7*ROUNDUP((TODAY()-F22)/7,0),EDATE(F22,IF(E22="Mensuel",1,IF(E22="Trimestriel",3,12))*ROUNDUP((DATEDIF(F22,TODAY(),"m")+1)/IF(E22="Mensuel",1,IF(E22="Trimestriel",3,12)),0))))-TODAY())&IF((IF(F22>=TODAY(),F22,IF(E22="Hebdo",F22+7*ROUNDUP((TODAY()-F22)/7,0),EDATE(F22,IF(E22="Mensuel",1,IF(E22="Trimestriel",3,12))*ROUNDUP((DATEDIF(F22,TODAY(),"m")+1)/IF(E22="Mensuel",1,IF(E22="Trimestriel",3,12)),0))))-TODAY())<=1," jour"," jours"),IF(AND(H22<>"",TODAY()-H22>30),"Pas utilisé depuis "&(TODAY()-H22)&" jours","Renouvellement dans "&(IF(F22>=TODAY(),F22,IF(E22="Hebdo",F22+7*ROUNDUP((TODAY()-F22)/7,0),EDATE(F22,IF(E22="Mensuel",1,IF(E22="Trimestriel",3,12))*ROUNDUP((DATEDIF(F22,TODAY(),"m")+1)/IF(E22="Mensuel",1,IF(E22="Trimestriel",3,12)),0))))-TODAY())&IF((IF(F22>=TODAY(),F22,IF(E22="Hebdo",F22+7*ROUNDUP((TODAY()-F22)/7,0),EDATE(F22,IF(E22="Mensuel",1,IF(E22="Trimestriel",3,12))*ROUNDUP((DATEDIF(F22,TODAY(),"m")+1)/IF(E22="Mensuel",1,IF(E22="Trimestriel",3,12)),0))))-TODAY())<=1," jour"," jours")))))
J23: =IF(B23="","",D23*IF(E23="Hebdo",52/12,IF(E23="Mensuel",1,IF(E23="Trimestriel",1/3,IF(E23="Annuel",1/12,0))))) | K23: =IF(B23="","",J23*12) | L23: =IF(OR(B23="",F23=""),"",IF(I23="Annuler","À annuler sous "&(IF(F23>=TODAY(),F23,IF(E23="Hebdo",F23+7*ROUNDUP((TODAY()-F23)/7,0),EDATE(F23,IF(E23="Mensuel",1,IF(E23="Trimestriel",3,12))*ROUNDUP((DATEDIF(F23,TODAY(),"m")+1)/IF(E23="Mensuel",1,IF(E23="Trimestriel",3,12)),0))))-TODAY())&IF((IF(F23>=TODAY(),F23,IF(E23="Hebdo",F23+7*ROUNDUP((TODAY()-F23)/7,0),EDATE(F23,IF(E23="Mensuel",1,IF(E23="Trimestriel",3,12))*ROUNDUP((DATEDIF(F23,TODAY(),"m")+1)/IF(E23="Mensuel",1,IF(E23="Trimestriel",3,12)),0))))-TODAY())<=1," jour"," jours"),IF(G23="Oui","Fin de l'essai dans "&(IF(F23>=TODAY(),F23,IF(E23="Hebdo",F23+7*ROUNDUP((TODAY()-F23)/7,0),EDATE(F23,IF(E23="Mensuel",1,IF(E23="Trimestriel",3,12))*ROUNDUP((DATEDIF(F23,TODAY(),"m")+1)/IF(E23="Mensuel",1,IF(E23="Trimestriel",3,12)),0))))-TODAY())&IF((IF(F23>=TODAY(),F23,IF(E23="Hebdo",F23+7*ROUNDUP((TODAY()-F23)/7,0),EDATE(F23,IF(E23="Mensuel",1,IF(E23="Trimestriel",3,12))*ROUNDUP((DATEDIF(F23,TODAY(),"m")+1)/IF(E23="Mensuel",1,IF(E23="Trimestriel",3,12)),0))))-TODAY())<=1," jour"," jours"),IF(AND(H23<>"",TODAY()-H23>30),"Pas utilisé depuis "&(TODAY()-H23)&" jours","Renouvellement dans "&(IF(F23>=TODAY(),F23,IF(E23="Hebdo",F23+7*ROUNDUP((TODAY()-F23)/7,0),EDATE(F23,IF(E23="Mensuel",1,IF(E23="Trimestriel",3,12))*ROUNDUP((DATEDIF(F23,TODAY(),"m")+1)/IF(E23="Mensuel",1,IF(E23="Trimestriel",3,12)),0))))-TODAY())&IF((IF(F23>=TODAY(),F23,IF(E23="Hebdo",F23+7*ROUNDUP((TODAY()-F23)/7,0),EDATE(F23,IF(E23="Mensuel",1,IF(E23="Trimestriel",3,12))*ROUNDUP((DATEDIF(F23,TODAY(),"m")+1)/IF(E23="Mensuel",1,IF(E23="Trimestriel",3,12)),0))))-TODAY())<=1," jour"," jours")))))
J24: =IF(B24="","",D24*IF(E24="Hebdo",52/12,IF(E24="Mensuel",1,IF(E24="Trimestriel",1/3,IF(E24="Annuel",1/12,0))))) | K24: =IF(B24="","",J24*12) | L24: =IF(OR(B24="",F24=""),"",IF(I24="Annuler","À annuler sous "&(IF(F24>=TODAY(),F24,IF(E24="Hebdo",F24+7*ROUNDUP((TODAY()-F24)/7,0),EDATE(F24,IF(E24="Mensuel",1,IF(E24="Trimestriel",3,12))*ROUNDUP((DATEDIF(F24,TODAY(),"m")+1)/IF(E24="Mensuel",1,IF(E24="Trimestriel",3,12)),0))))-TODAY())&IF((IF(F24>=TODAY(),F24,IF(E24="Hebdo",F24+7*ROUNDUP((TODAY()-F24)/7,0),EDATE(F24,IF(E24="Mensuel",1,IF(E24="Trimestriel",3,12))*ROUNDUP((DATEDIF(F24,TODAY(),"m")+1)/IF(E24="Mensuel",1,IF(E24="Trimestriel",3,12)),0))))-TODAY())<=1," jour"," jours"),IF(G24="Oui","Fin de l'essai dans "&(IF(F24>=TODAY(),F24,IF(E24="Hebdo",F24+7*ROUNDUP((TODAY()-F24)/7,0),EDATE(F24,IF(E24="Mensuel",1,IF(E24="Trimestriel",3,12))*ROUNDUP((DATEDIF(F24,TODAY(),"m")+1)/IF(E24="Mensuel",1,IF(E24="Trimestriel",3,12)),0))))-TODAY())&IF((IF(F24>=TODAY(),F24,IF(E24="Hebdo",F24+7*ROUNDUP((TODAY()-F24)/7,0),EDATE(F24,IF(E24="Mensuel",1,IF(E24="Trimestriel",3,12))*ROUNDUP((DATEDIF(F24,TODAY(),"m")+1)/IF(E24="Mensuel",1,IF(E24="Trimestriel",3,12)),0))))-TODAY())<=1," jour"," jours"),IF(AND(H24<>"",TODAY()-H24>30),"Pas utilisé depuis "&(TODAY()-H24)&" jours","Renouvellement dans "&(IF(F24>=TODAY(),F24,IF(E24="Hebdo",F24+7*ROUNDUP((TODAY()-F24)/7,0),EDATE(F24,IF(E24="Mensuel",1,IF(E24="Trimestriel",3,12))*ROUNDUP((DATEDIF(F24,TODAY(),"m")+1)/IF(E24="Mensuel",1,IF(E24="Trimestriel",3,12)),0))))-TODAY())&IF((IF(F24>=TODAY(),F24,IF(E24="Hebdo",F24+7*ROUNDUP((TODAY()-F24)/7,0),EDATE(F24,IF(E24="Mensuel",1,IF(E24="Trimestriel",3,12))*ROUNDUP((DATEDIF(F24,TODAY(),"m")+1)/IF(E24="Mensuel",1,IF(E24="Trimestriel",3,12)),0))))-TODAY())<=1," jour"," jours")))))
J25: =IF(B25="","",D25*IF(E25="Hebdo",52/12,IF(E25="Mensuel",1,IF(E25="Trimestriel",1/3,IF(E25="Annuel",1/12,0))))) | K25: =IF(B25="","",J25*12) | L25: =IF(OR(B25="",F25=""),"",IF(I25="Annuler","À annuler sous "&(IF(F25>=TODAY(),F25,IF(E25="Hebdo",F25+7*ROUNDUP((TODAY()-F25)/7,0),EDATE(F25,IF(E25="Mensuel",1,IF(E25="Trimestriel",3,12))*ROUNDUP((DATEDIF(F25,TODAY(),"m")+1)/IF(E25="Mensuel",1,IF(E25="Trimestriel",3,12)),0))))-TODAY())&IF((IF(F25>=TODAY(),F25,IF(E25="Hebdo",F25+7*ROUNDUP((TODAY()-F25)/7,0),EDATE(F25,IF(E25="Mensuel",1,IF(E25="Trimestriel",3,12))*ROUNDUP((DATEDIF(F25,TODAY(),"m")+1)/IF(E25="Mensuel",1,IF(E25="Trimestriel",3,12)),0))))-TODAY())<=1," jour"," jours"),IF(G25="Oui","Fin de l'essai dans "&(IF(F25>=TODAY(),F25,IF(E25="Hebdo",F25+7*ROUNDUP((TODAY()-F25)/7,0),EDATE(F25,IF(E25="Mensuel",1,IF(E25="Trimestriel",3,12))*ROUNDUP((DATEDIF(F25,TODAY(),"m")+1)/IF(E25="Mensuel",1,IF(E25="Trimestriel",3,12)),0))))-TODAY())&IF((IF(F25>=TODAY(),F25,IF(E25="Hebdo",F25+7*ROUNDUP((TODAY()-F25)/7,0),EDATE(F25,IF(E25="Mensuel",1,IF(E25="Trimestriel",3,12))*ROUNDUP((DATEDIF(F25,TODAY(),"m")+1)/IF(E25="Mensuel",1,IF(E25="Trimestriel",3,12)),0))))-TODAY())<=1," jour"," jours"),IF(AND(H25<>"",TODAY()-H25>30),"Pas utilisé depuis "&(TODAY()-H25)&" jours","Renouvellement dans "&(IF(F25>=TODAY(),F25,IF(E25="Hebdo",F25+7*ROUNDUP((TODAY()-F25)/7,0),EDATE(F25,IF(E25="Mensuel",1,IF(E25="Trimestriel",3,12))*ROUNDUP((DATEDIF(F25,TODAY(),"m")+1)/IF(E25="Mensuel",1,IF(E25="Trimestriel",3,12)),0))))-TODAY())&IF((IF(F25>=TODAY(),F25,IF(E25="Hebdo",F25+7*ROUNDUP((TODAY()-F25)/7,0),EDATE(F25,IF(E25="Mensuel",1,IF(E25="Trimestriel",3,12))*ROUNDUP((DATEDIF(F25,TODAY(),"m")+1)/IF(E25="Mensuel",1,IF(E25="Trimestriel",3,12)),0))))-TODAY())<=1," jour"," jours")))))
J26: =IF(B26="","",D26*IF(E26="Hebdo",52/12,IF(E26="Mensuel",1,IF(E26="Trimestriel",1/3,IF(E26="Annuel",1/12,0))))) | K26: =IF(B26="","",J26*12) | L26: =IF(OR(B26="",F26=""),"",IF(I26="Annuler","À annuler sous "&(IF(F26>=TODAY(),F26,IF(E26="Hebdo",F26+7*ROUNDUP((TODAY()-F26)/7,0),EDATE(F26,IF(E26="Mensuel",1,IF(E26="Trimestriel",3,12))*ROUNDUP((DATEDIF(F26,TODAY(),"m")+1)/IF(E26="Mensuel",1,IF(E26="Trimestriel",3,12)),0))))-TODAY())&IF((IF(F26>=TODAY(),F26,IF(E26="Hebdo",F26+7*ROUNDUP((TODAY()-F26)/7,0),EDATE(F26,IF(E26="Mensuel",1,IF(E26="Trimestriel",3,12))*ROUNDUP((DATEDIF(F26,TODAY(),"m")+1)/IF(E26="Mensuel",1,IF(E26="Trimestriel",3,12)),0))))-TODAY())<=1," jour"," jours"),IF(G26="Oui","Fin de l'essai dans "&(IF(F26>=TODAY(),F26,IF(E26="Hebdo",F26+7*ROUNDUP((TODAY()-F26)/7,0),EDATE(F26,IF(E26="Mensuel",1,IF(E26="Trimestriel",3,12))*ROUNDUP((DATEDIF(F26,TODAY(),"m")+1)/IF(E26="Mensuel",1,IF(E26="Trimestriel",3,12)),0))))-TODAY())&IF((IF(F26>=TODAY(),F26,IF(E26="Hebdo",F26+7*ROUNDUP((TODAY()-F26)/7,0),EDATE(F26,IF(E26="Mensuel",1,IF(E26="Trimestriel",3,12))*ROUNDUP((DATEDIF(F26,TODAY(),"m")+1)/IF(E26="Mensuel",1,IF(E26="Trimestriel",3,12)),0))))-TODAY())<=1," jour"," jours"),IF(AND(H26<>"",TODAY()-H26>30),"Pas utilisé depuis "&(TODAY()-H26)&" jours","Renouvellement dans "&(IF(F26>=TODAY(),F26,IF(E26="Hebdo",F26+7*ROUNDUP((TODAY()-F26)/7,0),EDATE(F26,IF(E26="Mensuel",1,IF(E26="Trimestriel",3,12))*ROUNDUP((DATEDIF(F26,TODAY(),"m")+1)/IF(E26="Mensuel",1,IF(E26="Trimestriel",3,12)),0))))-TODAY())&IF((IF(F26>=TODAY(),F26,IF(E26="Hebdo",F26+7*ROUNDUP((TODAY()-F26)/7,0),EDATE(F26,IF(E26="Mensuel",1,IF(E26="Trimestriel",3,12))*ROUNDUP((DATEDIF(F26,TODAY(),"m")+1)/IF(E26="Mensuel",1,IF(E26="Trimestriel",3,12)),0))))-TODAY())<=1," jour"," jours")))))
J27: =IF(B27="","",D27*IF(E27="Hebdo",52/12,IF(E27="Mensuel",1,IF(E27="Trimestriel",1/3,IF(E27="Annuel",1/12,0))))) | K27: =IF(B27="","",J27*12) | L27: =IF(OR(B27="",F27=""),"",IF(I27="Annuler","À annuler sous "&(IF(F27>=TODAY(),F27,IF(E27="Hebdo",F27+7*ROUNDUP((TODAY()-F27)/7,0),EDATE(F27,IF(E27="Mensuel",1,IF(E27="Trimestriel",3,12))*ROUNDUP((DATEDIF(F27,TODAY(),"m")+1)/IF(E27="Mensuel",1,IF(E27="Trimestriel",3,12)),0))))-TODAY())&IF((IF(F27>=TODAY(),F27,IF(E27="Hebdo",F27+7*ROUNDUP((TODAY()-F27)/7,0),EDATE(F27,IF(E27="Mensuel",1,IF(E27="Trimestriel",3,12))*ROUNDUP((DATEDIF(F27,TODAY(),"m")+1)/IF(E27="Mensuel",1,IF(E27="Trimestriel",3,12)),0))))-TODAY())<=1," jour"," jours"),IF(G27="Oui","Fin de l'essai dans "&(IF(F27>=TODAY(),F27,IF(E27="Hebdo",F27+7*ROUNDUP((TODAY()-F27)/7,0),EDATE(F27,IF(E27="Mensuel",1,IF(E27="Trimestriel",3,12))*ROUNDUP((DATEDIF(F27,TODAY(),"m")+1)/IF(E27="Mensuel",1,IF(E27="Trimestriel",3,12)),0))))-TODAY())&IF((IF(F27>=TODAY(),F27,IF(E27="Hebdo",F27+7*ROUNDUP((TODAY()-F27)/7,0),EDATE(F27,IF(E27="Mensuel",1,IF(E27="Trimestriel",3,12))*ROUNDUP((DATEDIF(F27,TODAY(),"m")+1)/IF(E27="Mensuel",1,IF(E27="Trimestriel",3,12)),0))))-TODAY())<=1," jour"," jours"),IF(AND(H27<>"",TODAY()-H27>30),"Pas utilisé depuis "&(TODAY()-H27)&" jours","Renouvellement dans "&(IF(F27>=TODAY(),F27,IF(E27="Hebdo",F27+7*ROUNDUP((TODAY()-F27)/7,0),EDATE(F27,IF(E27="Mensuel",1,IF(E27="Trimestriel",3,12))*ROUNDUP((DATEDIF(F27,TODAY(),"m")+1)/IF(E27="Mensuel",1,IF(E27="Trimestriel",3,12)),0))))-TODAY())&IF((IF(F27>=TODAY(),F27,IF(E27="Hebdo",F27+7*ROUNDUP((TODAY()-F27)/7,0),EDATE(F27,IF(E27="Mensuel",1,IF(E27="Trimestriel",3,12))*ROUNDUP((DATEDIF(F27,TODAY(),"m")+1)/IF(E27="Mensuel",1,IF(E27="Trimestriel",3,12)),0))))-TODAY())<=1," jour"," jours")))))
... J55: =IF(B55="","",D55*IF(E55="Hebdo",52/12,IF(E55="Mensuel",1,IF(E55="Trimestriel",1/3,IF(E55="Annuel",1/12,0))))) | K55: =IF(B55="","",J55*12) | L55: =IF(OR(B55="",F55=""),"",IF(I55="Annuler","À annuler sous "&(IF(F55>=TODAY(),F55,IF(E55="Hebdo",F55+7*ROUNDUP((TODAY()-F55)/7,0),EDATE(F55,IF(E55="Mensuel",1,IF(E55="Trimestriel",3,12))*ROUNDUP((DATEDIF(F55,TODAY(),"m")+1)/IF(E55="Mensuel",1,IF(E55="Trimestriel",3,12)),0))))-TODAY())&IF((IF(F55>=TODAY(),F55,IF(E55="Hebdo",F55+7*ROUNDUP((TODAY()-F55)/7,0),EDATE(F55,IF(E55="Mensuel",1,IF(E55="Trimestriel",3,12))*ROUNDUP((DATEDIF(F55,TODAY(),"m")+1)/IF(E55="Mensuel",1,IF(E55="Trimestriel",3,12)),0))))-TODAY())<=1," jour"," jours"),IF(G55="Oui","Fin de l'essai dans "&(IF(F55>=TODAY(),F55,IF(E55="Hebdo",F55+7*ROUNDUP((TODAY()-F55)/7,0),EDATE(F55,IF(E55="Mensuel",1,IF(E55="Trimestriel",3,12))*ROUNDUP((DATEDIF(F55,TODAY(),"m")+1)/IF(E55="Mensuel",1,IF(E55="Trimestriel",3,12)),0))))-TODAY())&IF((IF(F55>=TODAY(),F55,IF(E55="Hebdo",F55+7*ROUNDUP((TODAY()-F55)/7,0),EDATE(F55,IF(E55="Mensuel",1,IF(E55="Trimestriel",3,12))*ROUNDUP((DATEDIF(F55,TODAY(),"m")+1)/IF(E55="Mensuel",1,IF(E55="Trimestriel",3,12)),0))))-TODAY())<=1," jour"," jours"),IF(AND(H55<>"",TODAY()-H55>30),"Pas utilisé depuis "&(TODAY()-H55)&" jours","Renouvellement dans "&(IF(F55>=TODAY(),F55,IF(E55="Hebdo",F55+7*ROUNDUP((TODAY()-F55)/7,0),EDATE(F55,IF(E55="Mensuel",1,IF(E55="Trimestriel",3,12))*ROUNDUP((DATEDIF(F55,TODAY(),"m")+1)/IF(E55="Mensuel",1,IF(E55="Trimestriel",3,12)),0))))-TODAY())&IF((IF(F55>=TODAY(),F55,IF(E55="Hebdo",F55+7*ROUNDUP((TODAY()-F55)/7,0),EDATE(F55,IF(E55="Mensuel",1,IF(E55="Trimestriel",3,12))*ROUNDUP((DATEDIF(F55,TODAY(),"m")+1)/IF(E55="Mensuel",1,IF(E55="Trimestriel",3,12)),0))))-TODAY())<=1," jour"," jours")))))

Sheet Commencer ici
B2: Commencer ici
B3: Tapez uniquement dans les cases jaunes. Tout le reste est calculé.
B5: 1 | C5: Onglet Abonnements : ajoutez chaque abonnement. Le relevé bancaire et le magasin d'applis du téléphone aident à les retrouver.
B7: 2 | C7: Début ou dernier prélèvement : la date du dernier débit. Le prochain est calculé pour vous.
B9: 3 | C9: Essai gratuit : choisissez Oui et le statut passe en rouge, avec les jours restants avant le premier débit.
B11: 4 | C11: Dernière utilisation : mettez-la à jour de temps en temps. Après 30 jours sans utilisation, le statut passe en orange.
B13: 5 | C13: Garder : choisissez Garder, Annuler ou Décider. Le Tableau de bord montre l'économie par an.
C17: Les lignes d'exemple montrent comment ça marche. Supprimez-les et ajoutez les vôtres.
C19: Fonctionne dans Google Sheets (importez-le dans Drive, puis Fichier > Enregistrer au format Google Sheets) et dans Microsoft Excel.
