Workbook

Sheet Dashboard
B2: Hours and invoices
B3: The work on the left, the money on the right.
B4: Hours this week | C4: Hours this month | D4: Worth this month | E4: Worth this year | G4: To invoice | H4: Waiting | I4: Overdue | J4: Paid this year
B5: =SUMIFS(Timesheet!$M$6:$M$2005,Timesheet!$B$6:$B$2005,">="&TODAY()-WEEKDAY(TODAY(),3),Timesheet!$B$6:$B$2005,"<="&TODAY()-WEEKDAY(TODAY(),3)+6) | C5: =SUMIFS(Timesheet!$M$6:$M$2005,Timesheet!$B$6:$B$2005,">="&DATE(YEAR(TODAY()),MONTH(TODAY()),1),Timesheet!$B$6:$B$2005,"<="&EOMONTH(TODAY(),0)) | D5: =SUMIFS(Timesheet!$O$6:$O$2005,Timesheet!$B$6:$B$2005,">="&DATE(YEAR(TODAY()),MONTH(TODAY()),1),Timesheet!$B$6:$B$2005,"<="&EOMONTH(TODAY(),0)) | E5: =SUMIFS(Timesheet!$O$6:$O$2005,Timesheet!$B$6:$B$2005,">="&DATE(YEAR(TODAY()),1,1),Timesheet!$B$6:$B$2005,"<="&DATE(YEAR(TODAY()),12,31)) | G5: =SUMIFS(Timesheet!$O$6:$O$2005,Timesheet!$Q$6:$Q$2005,"To invoice")+SUMIFS(Timesheet!$O$6:$O$2005,Timesheet!$Q$6:$Q$2005,"Draft") | H5: =SUMIFS(Invoices!$J$6:$J$305,Invoices!$M$6:$M$305,"Waiting") | I5: =SUMIFS(Invoices!$J$6:$J$305,Invoices!$M$6:$M$305,"Overdue*") | J5: =SUMIFS(Invoices!$J$6:$J$305,Invoices!$L$6:$L$305,">="&DATE(YEAR(TODAY()),1,1),Invoices!$L$6:$L$305,"<="&DATE(YEAR(TODAY()),12,31))
B8: This week | C8: Hours | D8: Billable | E8: Worth | G8: Client | H8: Hours this month | I8: To invoice | J8: Not paid
B9: ="Monday "&DAY((TODAY()-WEEKDAY(TODAY(),3)+0))&" "&CHOOSE(MONTH((TODAY()-WEEKDAY(TODAY(),3)+0)),"Jan","Feb","Mar","Apr","May","Jun","Jul","Aug","Sep","Oct","Nov","Dec") | C9: =SUMIFS(Timesheet!$M$6:$M$2005,Timesheet!$B$6:$B$2005,(TODAY()-WEEKDAY(TODAY(),3)+0)) | D9: =SUMIFS(Timesheet!$U$6:$U$2005,Timesheet!$B$6:$B$2005,(TODAY()-WEEKDAY(TODAY(),3)+0)) | E9: =SUMIFS(Timesheet!$O$6:$O$2005,Timesheet!$B$6:$B$2005,(TODAY()-WEEKDAY(TODAY(),3)+0)) | G9: =IF(O9="","No work this month yet",INDEX(Clients!$B$6:$B$45,O9-5)) | H9: =IF(O9="","",SUMIFS(Timesheet!$M$6:$M$2005,Timesheet!$C$6:$C$2005,G9,Timesheet!$B$6:$B$2005,">="&DATE(YEAR(TODAY()),MONTH(TODAY()),1),Timesheet!$B$6:$B$2005,"<="&EOMONTH(TODAY(),0))) | I9: =IF(O9="","",SUMIFS(Timesheet!$O$6:$O$2005,Timesheet!$C$6:$C$2005,G9,Timesheet!$Q$6:$Q$2005,"To invoice")+SUMIFS(Timesheet!$O$6:$O$2005,Timesheet!$C$6:$C$2005,G9,Timesheet!$Q$6:$Q$2005,"Draft")) | J9: =IF(O9="","",SUMIFS(Invoices!$J$6:$J$305,Invoices!$C$6:$C$305,G9,Invoices!$M$6:$M$305,"Waiting")+SUMIFS(Invoices!$J$6:$J$305,Invoices!$C$6:$C$305,G9,Invoices!$M$6:$M$305,"Overdue*")) | O9: =IFERROR(SMALL(Clients!$J$6:$J$45,1),"")
B10: ="Tuesday "&DAY((TODAY()-WEEKDAY(TODAY(),3)+1))&" "&CHOOSE(MONTH((TODAY()-WEEKDAY(TODAY(),3)+1)),"Jan","Feb","Mar","Apr","May","Jun","Jul","Aug","Sep","Oct","Nov","Dec") | C10: =SUMIFS(Timesheet!$M$6:$M$2005,Timesheet!$B$6:$B$2005,(TODAY()-WEEKDAY(TODAY(),3)+1)) | D10: =SUMIFS(Timesheet!$U$6:$U$2005,Timesheet!$B$6:$B$2005,(TODAY()-WEEKDAY(TODAY(),3)+1)) | E10: =SUMIFS(Timesheet!$O$6:$O$2005,Timesheet!$B$6:$B$2005,(TODAY()-WEEKDAY(TODAY(),3)+1)) | G10: =IF(O10="","",INDEX(Clients!$B$6:$B$45,O10-5)) | H10: =IF(O10="","",SUMIFS(Timesheet!$M$6:$M$2005,Timesheet!$C$6:$C$2005,G10,Timesheet!$B$6:$B$2005,">="&DATE(YEAR(TODAY()),MONTH(TODAY()),1),Timesheet!$B$6:$B$2005,"<="&EOMONTH(TODAY(),0))) | I10: =IF(O10="","",SUMIFS(Timesheet!$O$6:$O$2005,Timesheet!$C$6:$C$2005,G10,Timesheet!$Q$6:$Q$2005,"To invoice")+SUMIFS(Timesheet!$O$6:$O$2005,Timesheet!$C$6:$C$2005,G10,Timesheet!$Q$6:$Q$2005,"Draft")) | J10: =IF(O10="","",SUMIFS(Invoices!$J$6:$J$305,Invoices!$C$6:$C$305,G10,Invoices!$M$6:$M$305,"Waiting")+SUMIFS(Invoices!$J$6:$J$305,Invoices!$C$6:$C$305,G10,Invoices!$M$6:$M$305,"Overdue*")) | O10: =IFERROR(SMALL(Clients!$J$6:$J$45,2),"")
B11: ="Wednesday "&DAY((TODAY()-WEEKDAY(TODAY(),3)+2))&" "&CHOOSE(MONTH((TODAY()-WEEKDAY(TODAY(),3)+2)),"Jan","Feb","Mar","Apr","May","Jun","Jul","Aug","Sep","Oct","Nov","Dec") | C11: =SUMIFS(Timesheet!$M$6:$M$2005,Timesheet!$B$6:$B$2005,(TODAY()-WEEKDAY(TODAY(),3)+2)) | D11: =SUMIFS(Timesheet!$U$6:$U$2005,Timesheet!$B$6:$B$2005,(TODAY()-WEEKDAY(TODAY(),3)+2)) | E11: =SUMIFS(Timesheet!$O$6:$O$2005,Timesheet!$B$6:$B$2005,(TODAY()-WEEKDAY(TODAY(),3)+2)) | G11: =IF(O11="","",INDEX(Clients!$B$6:$B$45,O11-5)) | H11: =IF(O11="","",SUMIFS(Timesheet!$M$6:$M$2005,Timesheet!$C$6:$C$2005,G11,Timesheet!$B$6:$B$2005,">="&DATE(YEAR(TODAY()),MONTH(TODAY()),1),Timesheet!$B$6:$B$2005,"<="&EOMONTH(TODAY(),0))) | I11: =IF(O11="","",SUMIFS(Timesheet!$O$6:$O$2005,Timesheet!$C$6:$C$2005,G11,Timesheet!$Q$6:$Q$2005,"To invoice")+SUMIFS(Timesheet!$O$6:$O$2005,Timesheet!$C$6:$C$2005,G11,Timesheet!$Q$6:$Q$2005,"Draft")) | J11: =IF(O11="","",SUMIFS(Invoices!$J$6:$J$305,Invoices!$C$6:$C$305,G11,Invoices!$M$6:$M$305,"Waiting")+SUMIFS(Invoices!$J$6:$J$305,Invoices!$C$6:$C$305,G11,Invoices!$M$6:$M$305,"Overdue*")) | O11: =IFERROR(SMALL(Clients!$J$6:$J$45,3),"")
B12: ="Thursday "&DAY((TODAY()-WEEKDAY(TODAY(),3)+3))&" "&CHOOSE(MONTH((TODAY()-WEEKDAY(TODAY(),3)+3)),"Jan","Feb","Mar","Apr","May","Jun","Jul","Aug","Sep","Oct","Nov","Dec") | C12: =SUMIFS(Timesheet!$M$6:$M$2005,Timesheet!$B$6:$B$2005,(TODAY()-WEEKDAY(TODAY(),3)+3)) | D12: =SUMIFS(Timesheet!$U$6:$U$2005,Timesheet!$B$6:$B$2005,(TODAY()-WEEKDAY(TODAY(),3)+3)) | E12: =SUMIFS(Timesheet!$O$6:$O$2005,Timesheet!$B$6:$B$2005,(TODAY()-WEEKDAY(TODAY(),3)+3)) | G12: =IF(O12="","",INDEX(Clients!$B$6:$B$45,O12-5)) | H12: =IF(O12="","",SUMIFS(Timesheet!$M$6:$M$2005,Timesheet!$C$6:$C$2005,G12,Timesheet!$B$6:$B$2005,">="&DATE(YEAR(TODAY()),MONTH(TODAY()),1),Timesheet!$B$6:$B$2005,"<="&EOMONTH(TODAY(),0))) | I12: =IF(O12="","",SUMIFS(Timesheet!$O$6:$O$2005,Timesheet!$C$6:$C$2005,G12,Timesheet!$Q$6:$Q$2005,"To invoice")+SUMIFS(Timesheet!$O$6:$O$2005,Timesheet!$C$6:$C$2005,G12,Timesheet!$Q$6:$Q$2005,"Draft")) | J12: =IF(O12="","",SUMIFS(Invoices!$J$6:$J$305,Invoices!$C$6:$C$305,G12,Invoices!$M$6:$M$305,"Waiting")+SUMIFS(Invoices!$J$6:$J$305,Invoices!$C$6:$C$305,G12,Invoices!$M$6:$M$305,"Overdue*")) | O12: =IFERROR(SMALL(Clients!$J$6:$J$45,4),"")
B13: ="Friday "&DAY((TODAY()-WEEKDAY(TODAY(),3)+4))&" "&CHOOSE(MONTH((TODAY()-WEEKDAY(TODAY(),3)+4)),"Jan","Feb","Mar","Apr","May","Jun","Jul","Aug","Sep","Oct","Nov","Dec") | C13: =SUMIFS(Timesheet!$M$6:$M$2005,Timesheet!$B$6:$B$2005,(TODAY()-WEEKDAY(TODAY(),3)+4)) | D13: =SUMIFS(Timesheet!$U$6:$U$2005,Timesheet!$B$6:$B$2005,(TODAY()-WEEKDAY(TODAY(),3)+4)) | E13: =SUMIFS(Timesheet!$O$6:$O$2005,Timesheet!$B$6:$B$2005,(TODAY()-WEEKDAY(TODAY(),3)+4)) | G13: =IF(O13="","",INDEX(Clients!$B$6:$B$45,O13-5)) | H13: =IF(O13="","",SUMIFS(Timesheet!$M$6:$M$2005,Timesheet!$C$6:$C$2005,G13,Timesheet!$B$6:$B$2005,">="&DATE(YEAR(TODAY()),MONTH(TODAY()),1),Timesheet!$B$6:$B$2005,"<="&EOMONTH(TODAY(),0))) | I13: =IF(O13="","",SUMIFS(Timesheet!$O$6:$O$2005,Timesheet!$C$6:$C$2005,G13,Timesheet!$Q$6:$Q$2005,"To invoice")+SUMIFS(Timesheet!$O$6:$O$2005,Timesheet!$C$6:$C$2005,G13,Timesheet!$Q$6:$Q$2005,"Draft")) | J13: =IF(O13="","",SUMIFS(Invoices!$J$6:$J$305,Invoices!$C$6:$C$305,G13,Invoices!$M$6:$M$305,"Waiting")+SUMIFS(Invoices!$J$6:$J$305,Invoices!$C$6:$C$305,G13,Invoices!$M$6:$M$305,"Overdue*")) | O13: =IFERROR(SMALL(Clients!$J$6:$J$45,5),"")
B14: ="Saturday "&DAY((TODAY()-WEEKDAY(TODAY(),3)+5))&" "&CHOOSE(MONTH((TODAY()-WEEKDAY(TODAY(),3)+5)),"Jan","Feb","Mar","Apr","May","Jun","Jul","Aug","Sep","Oct","Nov","Dec") | C14: =SUMIFS(Timesheet!$M$6:$M$2005,Timesheet!$B$6:$B$2005,(TODAY()-WEEKDAY(TODAY(),3)+5)) | D14: =SUMIFS(Timesheet!$U$6:$U$2005,Timesheet!$B$6:$B$2005,(TODAY()-WEEKDAY(TODAY(),3)+5)) | E14: =SUMIFS(Timesheet!$O$6:$O$2005,Timesheet!$B$6:$B$2005,(TODAY()-WEEKDAY(TODAY(),3)+5)) | G14: =IF(O14="","",INDEX(Clients!$B$6:$B$45,O14-5)) | H14: =IF(O14="","",SUMIFS(Timesheet!$M$6:$M$2005,Timesheet!$C$6:$C$2005,G14,Timesheet!$B$6:$B$2005,">="&DATE(YEAR(TODAY()),MONTH(TODAY()),1),Timesheet!$B$6:$B$2005,"<="&EOMONTH(TODAY(),0))) | I14: =IF(O14="","",SUMIFS(Timesheet!$O$6:$O$2005,Timesheet!$C$6:$C$2005,G14,Timesheet!$Q$6:$Q$2005,"To invoice")+SUMIFS(Timesheet!$O$6:$O$2005,Timesheet!$C$6:$C$2005,G14,Timesheet!$Q$6:$Q$2005,"Draft")) | J14: =IF(O14="","",SUMIFS(Invoices!$J$6:$J$305,Invoices!$C$6:$C$305,G14,Invoices!$M$6:$M$305,"Waiting")+SUMIFS(Invoices!$J$6:$J$305,Invoices!$C$6:$C$305,G14,Invoices!$M$6:$M$305,"Overdue*")) | O14: =IFERROR(SMALL(Clients!$J$6:$J$45,6),"")
B15: ="Sunday "&DAY((TODAY()-WEEKDAY(TODAY(),3)+6))&" "&CHOOSE(MONTH((TODAY()-WEEKDAY(TODAY(),3)+6)),"Jan","Feb","Mar","Apr","May","Jun","Jul","Aug","Sep","Oct","Nov","Dec") | C15: =SUMIFS(Timesheet!$M$6:$M$2005,Timesheet!$B$6:$B$2005,(TODAY()-WEEKDAY(TODAY(),3)+6)) | D15: =SUMIFS(Timesheet!$U$6:$U$2005,Timesheet!$B$6:$B$2005,(TODAY()-WEEKDAY(TODAY(),3)+6)) | E15: =SUMIFS(Timesheet!$O$6:$O$2005,Timesheet!$B$6:$B$2005,(TODAY()-WEEKDAY(TODAY(),3)+6)) | G15: =IF(O15="","",INDEX(Clients!$B$6:$B$45,O15-5)) | H15: =IF(O15="","",SUMIFS(Timesheet!$M$6:$M$2005,Timesheet!$C$6:$C$2005,G15,Timesheet!$B$6:$B$2005,">="&DATE(YEAR(TODAY()),MONTH(TODAY()),1),Timesheet!$B$6:$B$2005,"<="&EOMONTH(TODAY(),0))) | I15: =IF(O15="","",SUMIFS(Timesheet!$O$6:$O$2005,Timesheet!$C$6:$C$2005,G15,Timesheet!$Q$6:$Q$2005,"To invoice")+SUMIFS(Timesheet!$O$6:$O$2005,Timesheet!$C$6:$C$2005,G15,Timesheet!$Q$6:$Q$2005,"Draft")) | J15: =IF(O15="","",SUMIFS(Invoices!$J$6:$J$305,Invoices!$C$6:$C$305,G15,Invoices!$M$6:$M$305,"Waiting")+SUMIFS(Invoices!$J$6:$J$305,Invoices!$C$6:$C$305,G15,Invoices!$M$6:$M$305,"Overdue*")) | O15: =IFERROR(SMALL(Clients!$J$6:$J$45,7),"")
G16: =IF(O16="","",INDEX(Clients!$B$6:$B$45,O16-5)) | H16: =IF(O16="","",SUMIFS(Timesheet!$M$6:$M$2005,Timesheet!$C$6:$C$2005,G16,Timesheet!$B$6:$B$2005,">="&DATE(YEAR(TODAY()),MONTH(TODAY()),1),Timesheet!$B$6:$B$2005,"<="&EOMONTH(TODAY(),0))) | I16: =IF(O16="","",SUMIFS(Timesheet!$O$6:$O$2005,Timesheet!$C$6:$C$2005,G16,Timesheet!$Q$6:$Q$2005,"To invoice")+SUMIFS(Timesheet!$O$6:$O$2005,Timesheet!$C$6:$C$2005,G16,Timesheet!$Q$6:$Q$2005,"Draft")) | J16: =IF(O16="","",SUMIFS(Invoices!$J$6:$J$305,Invoices!$C$6:$C$305,G16,Invoices!$M$6:$M$305,"Waiting")+SUMIFS(Invoices!$J$6:$J$305,Invoices!$C$6:$C$305,G16,Invoices!$M$6:$M$305,"Overdue*")) | O16: =IFERROR(SMALL(Clients!$J$6:$J$45,8),"")
B19: Month | C19: Hours | D19: Worth | E19: Paid in | G19: Not paid yet | H19: Client | I19: Total | J19: Status
B20: =CHOOSE(MONTH(DATE(YEAR(TODAY()),MONTH(TODAY())-5,1)),"Jan","Feb","Mar","Apr","May","Jun","Jul","Aug","Sep","Oct","Nov","Dec")&" "&YEAR(DATE(YEAR(TODAY()),MONTH(TODAY())-5,1)) | C20: =SUMIFS(Timesheet!$M$6:$M$2005,Timesheet!$B$6:$B$2005,">="&DATE(YEAR(TODAY()),MONTH(TODAY())-5,1),Timesheet!$B$6:$B$2005,"<="&EOMONTH(DATE(YEAR(TODAY()),MONTH(TODAY())-5,1),0)) | D20: =SUMIFS(Timesheet!$O$6:$O$2005,Timesheet!$B$6:$B$2005,">="&DATE(YEAR(TODAY()),MONTH(TODAY())-5,1),Timesheet!$B$6:$B$2005,"<="&EOMONTH(DATE(YEAR(TODAY()),MONTH(TODAY())-5,1),0)) | E20: =SUMIFS(Invoices!$J$6:$J$305,Invoices!$L$6:$L$305,">="&DATE(YEAR(TODAY()),MONTH(TODAY())-5,1),Invoices!$L$6:$L$305,"<="&EOMONTH(DATE(YEAR(TODAY()),MONTH(TODAY())-5,1),0)) | G20: =IF(P20="","Every invoice is paid",INDEX(Invoices!$B$6:$B$305,MATCH(P20,Invoices!$P$6:$P$305,0))) | H20: =IF(P20="","",INDEX(Invoices!$C$6:$C$305,MATCH(P20,Invoices!$P$6:$P$305,0))) | I20: =IF(P20="","",INDEX(Invoices!$J$6:$J$305,MATCH(P20,Invoices!$P$6:$P$305,0))) | J20: =IF(P20="","",IF(INDEX(Invoices!$M$6:$M$305,MATCH(P20,Invoices!$P$6:$P$305,0))="Waiting","Due "&DAY(INT(P20))&" "&CHOOSE(MONTH(INT(P20)),"Jan","Feb","Mar","Apr","May","Jun","Jul","Aug","Sep","Oct","Nov","Dec"),INDEX(Invoices!$M$6:$M$305,MATCH(P20,Invoices!$P$6:$P$305,0)))) | P20: =IFERROR(SMALL(Invoices!$P$6:$P$305,1),"")
B21: =CHOOSE(MONTH(DATE(YEAR(TODAY()),MONTH(TODAY())-4,1)),"Jan","Feb","Mar","Apr","May","Jun","Jul","Aug","Sep","Oct","Nov","Dec")&" "&YEAR(DATE(YEAR(TODAY()),MONTH(TODAY())-4,1)) | C21: =SUMIFS(Timesheet!$M$6:$M$2005,Timesheet!$B$6:$B$2005,">="&DATE(YEAR(TODAY()),MONTH(TODAY())-4,1),Timesheet!$B$6:$B$2005,"<="&EOMONTH(DATE(YEAR(TODAY()),MONTH(TODAY())-4,1),0)) | D21: =SUMIFS(Timesheet!$O$6:$O$2005,Timesheet!$B$6:$B$2005,">="&DATE(YEAR(TODAY()),MONTH(TODAY())-4,1),Timesheet!$B$6:$B$2005,"<="&EOMONTH(DATE(YEAR(TODAY()),MONTH(TODAY())-4,1),0)) | E21: =SUMIFS(Invoices!$J$6:$J$305,Invoices!$L$6:$L$305,">="&DATE(YEAR(TODAY()),MONTH(TODAY())-4,1),Invoices!$L$6:$L$305,"<="&EOMONTH(DATE(YEAR(TODAY()),MONTH(TODAY())-4,1),0)) | G21: =IF(P21="","",INDEX(Invoices!$B$6:$B$305,MATCH(P21,Invoices!$P$6:$P$305,0))) | H21: =IF(P21="","",INDEX(Invoices!$C$6:$C$305,MATCH(P21,Invoices!$P$6:$P$305,0))) | I21: =IF(P21="","",INDEX(Invoices!$J$6:$J$305,MATCH(P21,Invoices!$P$6:$P$305,0))) | J21: =IF(P21="","",IF(INDEX(Invoices!$M$6:$M$305,MATCH(P21,Invoices!$P$6:$P$305,0))="Waiting","Due "&DAY(INT(P21))&" "&CHOOSE(MONTH(INT(P21)),"Jan","Feb","Mar","Apr","May","Jun","Jul","Aug","Sep","Oct","Nov","Dec"),INDEX(Invoices!$M$6:$M$305,MATCH(P21,Invoices!$P$6:$P$305,0)))) | P21: =IFERROR(SMALL(Invoices!$P$6:$P$305,2),"")
B22: =CHOOSE(MONTH(DATE(YEAR(TODAY()),MONTH(TODAY())-3,1)),"Jan","Feb","Mar","Apr","May","Jun","Jul","Aug","Sep","Oct","Nov","Dec")&" "&YEAR(DATE(YEAR(TODAY()),MONTH(TODAY())-3,1)) | C22: =SUMIFS(Timesheet!$M$6:$M$2005,Timesheet!$B$6:$B$2005,">="&DATE(YEAR(TODAY()),MONTH(TODAY())-3,1),Timesheet!$B$6:$B$2005,"<="&EOMONTH(DATE(YEAR(TODAY()),MONTH(TODAY())-3,1),0)) | D22: =SUMIFS(Timesheet!$O$6:$O$2005,Timesheet!$B$6:$B$2005,">="&DATE(YEAR(TODAY()),MONTH(TODAY())-3,1),Timesheet!$B$6:$B$2005,"<="&EOMONTH(DATE(YEAR(TODAY()),MONTH(TODAY())-3,1),0)) | E22: =SUMIFS(Invoices!$J$6:$J$305,Invoices!$L$6:$L$305,">="&DATE(YEAR(TODAY()),MONTH(TODAY())-3,1),Invoices!$L$6:$L$305,"<="&EOMONTH(DATE(YEAR(TODAY()),MONTH(TODAY())-3,1),0)) | G22: =IF(P22="","",INDEX(Invoices!$B$6:$B$305,MATCH(P22,Invoices!$P$6:$P$305,0))) | H22: =IF(P22="","",INDEX(Invoices!$C$6:$C$305,MATCH(P22,Invoices!$P$6:$P$305,0))) | I22: =IF(P22="","",INDEX(Invoices!$J$6:$J$305,MATCH(P22,Invoices!$P$6:$P$305,0))) | J22: =IF(P22="","",IF(INDEX(Invoices!$M$6:$M$305,MATCH(P22,Invoices!$P$6:$P$305,0))="Waiting","Due "&DAY(INT(P22))&" "&CHOOSE(MONTH(INT(P22)),"Jan","Feb","Mar","Apr","May","Jun","Jul","Aug","Sep","Oct","Nov","Dec"),INDEX(Invoices!$M$6:$M$305,MATCH(P22,Invoices!$P$6:$P$305,0)))) | P22: =IFERROR(SMALL(Invoices!$P$6:$P$305,3),"")
B23: =CHOOSE(MONTH(DATE(YEAR(TODAY()),MONTH(TODAY())-2,1)),"Jan","Feb","Mar","Apr","May","Jun","Jul","Aug","Sep","Oct","Nov","Dec")&" "&YEAR(DATE(YEAR(TODAY()),MONTH(TODAY())-2,1)) | C23: =SUMIFS(Timesheet!$M$6:$M$2005,Timesheet!$B$6:$B$2005,">="&DATE(YEAR(TODAY()),MONTH(TODAY())-2,1),Timesheet!$B$6:$B$2005,"<="&EOMONTH(DATE(YEAR(TODAY()),MONTH(TODAY())-2,1),0)) | D23: =SUMIFS(Timesheet!$O$6:$O$2005,Timesheet!$B$6:$B$2005,">="&DATE(YEAR(TODAY()),MONTH(TODAY())-2,1),Timesheet!$B$6:$B$2005,"<="&EOMONTH(DATE(YEAR(TODAY()),MONTH(TODAY())-2,1),0)) | E23: =SUMIFS(Invoices!$J$6:$J$305,Invoices!$L$6:$L$305,">="&DATE(YEAR(TODAY()),MONTH(TODAY())-2,1),Invoices!$L$6:$L$305,"<="&EOMONTH(DATE(YEAR(TODAY()),MONTH(TODAY())-2,1),0)) | G23: =IF(P23="","",INDEX(Invoices!$B$6:$B$305,MATCH(P23,Invoices!$P$6:$P$305,0))) | H23: =IF(P23="","",INDEX(Invoices!$C$6:$C$305,MATCH(P23,Invoices!$P$6:$P$305,0))) | I23: =IF(P23="","",INDEX(Invoices!$J$6:$J$305,MATCH(P23,Invoices!$P$6:$P$305,0))) | J23: =IF(P23="","",IF(INDEX(Invoices!$M$6:$M$305,MATCH(P23,Invoices!$P$6:$P$305,0))="Waiting","Due "&DAY(INT(P23))&" "&CHOOSE(MONTH(INT(P23)),"Jan","Feb","Mar","Apr","May","Jun","Jul","Aug","Sep","Oct","Nov","Dec"),INDEX(Invoices!$M$6:$M$305,MATCH(P23,Invoices!$P$6:$P$305,0)))) | P23: =IFERROR(SMALL(Invoices!$P$6:$P$305,4),"")
B24: =CHOOSE(MONTH(DATE(YEAR(TODAY()),MONTH(TODAY())-1,1)),"Jan","Feb","Mar","Apr","May","Jun","Jul","Aug","Sep","Oct","Nov","Dec")&" "&YEAR(DATE(YEAR(TODAY()),MONTH(TODAY())-1,1)) | C24: =SUMIFS(Timesheet!$M$6:$M$2005,Timesheet!$B$6:$B$2005,">="&DATE(YEAR(TODAY()),MONTH(TODAY())-1,1),Timesheet!$B$6:$B$2005,"<="&EOMONTH(DATE(YEAR(TODAY()),MONTH(TODAY())-1,1),0)) | D24: =SUMIFS(Timesheet!$O$6:$O$2005,Timesheet!$B$6:$B$2005,">="&DATE(YEAR(TODAY()),MONTH(TODAY())-1,1),Timesheet!$B$6:$B$2005,"<="&EOMONTH(DATE(YEAR(TODAY()),MONTH(TODAY())-1,1),0)) | E24: =SUMIFS(Invoices!$J$6:$J$305,Invoices!$L$6:$L$305,">="&DATE(YEAR(TODAY()),MONTH(TODAY())-1,1),Invoices!$L$6:$L$305,"<="&EOMONTH(DATE(YEAR(TODAY()),MONTH(TODAY())-1,1),0)) | G24: =IF(P24="","",INDEX(Invoices!$B$6:$B$305,MATCH(P24,Invoices!$P$6:$P$305,0))) | H24: =IF(P24="","",INDEX(Invoices!$C$6:$C$305,MATCH(P24,Invoices!$P$6:$P$305,0))) | I24: =IF(P24="","",INDEX(Invoices!$J$6:$J$305,MATCH(P24,Invoices!$P$6:$P$305,0))) | J24: =IF(P24="","",IF(INDEX(Invoices!$M$6:$M$305,MATCH(P24,Invoices!$P$6:$P$305,0))="Waiting","Due "&DAY(INT(P24))&" "&CHOOSE(MONTH(INT(P24)),"Jan","Feb","Mar","Apr","May","Jun","Jul","Aug","Sep","Oct","Nov","Dec"),INDEX(Invoices!$M$6:$M$305,MATCH(P24,Invoices!$P$6:$P$305,0)))) | P24: =IFERROR(SMALL(Invoices!$P$6:$P$305,5),"")
B25: =CHOOSE(MONTH(DATE(YEAR(TODAY()),MONTH(TODAY())-0,1)),"Jan","Feb","Mar","Apr","May","Jun","Jul","Aug","Sep","Oct","Nov","Dec")&" "&YEAR(DATE(YEAR(TODAY()),MONTH(TODAY())-0,1)) | C25: =SUMIFS(Timesheet!$M$6:$M$2005,Timesheet!$B$6:$B$2005,">="&DATE(YEAR(TODAY()),MONTH(TODAY())-0,1),Timesheet!$B$6:$B$2005,"<="&EOMONTH(DATE(YEAR(TODAY()),MONTH(TODAY())-0,1),0)) | D25: =SUMIFS(Timesheet!$O$6:$O$2005,Timesheet!$B$6:$B$2005,">="&DATE(YEAR(TODAY()),MONTH(TODAY())-0,1),Timesheet!$B$6:$B$2005,"<="&EOMONTH(DATE(YEAR(TODAY()),MONTH(TODAY())-0,1),0)) | E25: =SUMIFS(Invoices!$J$6:$J$305,Invoices!$L$6:$L$305,">="&DATE(YEAR(TODAY()),MONTH(TODAY())-0,1),Invoices!$L$6:$L$305,"<="&EOMONTH(DATE(YEAR(TODAY()),MONTH(TODAY())-0,1),0)) | G25: =IF(P25="","",INDEX(Invoices!$B$6:$B$305,MATCH(P25,Invoices!$P$6:$P$305,0))) | H25: =IF(P25="","",INDEX(Invoices!$C$6:$C$305,MATCH(P25,Invoices!$P$6:$P$305,0))) | I25: =IF(P25="","",INDEX(Invoices!$J$6:$J$305,MATCH(P25,Invoices!$P$6:$P$305,0))) | J25: =IF(P25="","",IF(INDEX(Invoices!$M$6:$M$305,MATCH(P25,Invoices!$P$6:$P$305,0))="Waiting","Due "&DAY(INT(P25))&" "&CHOOSE(MONTH(INT(P25)),"Jan","Feb","Mar","Apr","May","Jun","Jul","Aug","Sep","Oct","Nov","Dec"),INDEX(Invoices!$M$6:$M$305,MATCH(P25,Invoices!$P$6:$P$305,0)))) | P25: =IFERROR(SMALL(Invoices!$P$6:$P$305,6),"")
G26: =IF(P26="","",INDEX(Invoices!$B$6:$B$305,MATCH(P26,Invoices!$P$6:$P$305,0))) | H26: =IF(P26="","",INDEX(Invoices!$C$6:$C$305,MATCH(P26,Invoices!$P$6:$P$305,0))) | I26: =IF(P26="","",INDEX(Invoices!$J$6:$J$305,MATCH(P26,Invoices!$P$6:$P$305,0))) | J26: =IF(P26="","",IF(INDEX(Invoices!$M$6:$M$305,MATCH(P26,Invoices!$P$6:$P$305,0))="Waiting","Due "&DAY(INT(P26))&" "&CHOOSE(MONTH(INT(P26)),"Jan","Feb","Mar","Apr","May","Jun","Jul","Aug","Sep","Oct","Nov","Dec"),INDEX(Invoices!$M$6:$M$305,MATCH(P26,Invoices!$P$6:$P$305,0)))) | P26: =IFERROR(SMALL(Invoices!$P$6:$P$305,7),"")
G27: =IF(P27="","",INDEX(Invoices!$B$6:$B$305,MATCH(P27,Invoices!$P$6:$P$305,0))) | H27: =IF(P27="","",INDEX(Invoices!$C$6:$C$305,MATCH(P27,Invoices!$P$6:$P$305,0))) | I27: =IF(P27="","",INDEX(Invoices!$J$6:$J$305,MATCH(P27,Invoices!$P$6:$P$305,0))) | J27: =IF(P27="","",IF(INDEX(Invoices!$M$6:$M$305,MATCH(P27,Invoices!$P$6:$P$305,0))="Waiting","Due "&DAY(INT(P27))&" "&CHOOSE(MONTH(INT(P27)),"Jan","Feb","Mar","Apr","May","Jun","Jul","Aug","Sep","Oct","Nov","Dec"),INDEX(Invoices!$M$6:$M$305,MATCH(P27,Invoices!$P$6:$P$305,0)))) | P27: =IFERROR(SMALL(Invoices!$P$6:$P$305,8),"")

Sheet Timesheet
B2: Timesheet
B3: One line per piece of work: start and end times, or the hours typed in. Each line goes on the invoice for its client and dates by itself.
B5: Date | C5: Client | D5: Project | E5: What | F5: Start | G5: End | H5: Break (min) | I5: Hours typed | J5: Not billable | K5: Own rate | L5: Put on invoice | M5: Hours | N5: Rate | O5: Amount | P5: Invoice | Q5: Status
B6: 46113 | C6: Harbour Books | D6: Spring catalogue | E6: Cover design | F6: 0.39583333 | G6: 0.55208333 | H6: 15 | M6: =IF(B6="","",IF(AND(F6<>"",G6<>""),MAX(0,ROUND(MOD(G6-F6,1)*24-N(H6)/60,2)),N(I6))) | N6: =IF(B6="","",IF(K6<>"",K6,IF(N(IFERROR(INDEX(Projects!$D$6:$D$65,MATCH(D6,Projects!$B$6:$B$65,0)),""))>0,IFERROR(INDEX(Projects!$D$6:$D$65,MATCH(D6,Projects!$B$6:$B$65,0)),""),IFERROR(INDEX(Clients!$G$6:$G$45,MATCH(C6,Clients!$B$6:$B$45,0)),0)))) | O6: =IF(B6="","",IF(J6<>"",0,ROUND(M6*N6,2))) | P6: =IF(OR(B6="",J6<>""),"",IF(L6<>"",L6,IF(COUNTIFS(Invoices!$C$6:$C$305,C6,Invoices!$E$6:$E$305,"<="&B6,Invoices!$F$6:$F$305,">="&B6)=1,INDEX(Invoices!$B$6:$B$305,SUMIFS(Invoices!$O$6:$O$305,Invoices!$C$6:$C$305,C6,Invoices!$E$6:$E$305,"<="&B6,Invoices!$F$6:$F$305,">="&B6)),IF(COUNTIFS(Invoices!$C$6:$C$305,C6,Invoices!$E$6:$E$305,"<="&B6,Invoices!$F$6:$F$305,">="&B6)>1,"Two invoices","")))) | Q6: =IF(B6="","",IF(J6<>"","Not billable",IF(P6="","To invoice",IF(P6="Two invoices","Check dates",IF(ISNA(MATCH(P6,Invoices!$B$6:$B$305,0)),"Check number",IF(INDEX(Invoices!$M$6:$M$305,MATCH(P6,Invoices!$B$6:$B$305,0))="Paid","Paid",IF(INDEX(Invoices!$M$6:$M$305,MATCH(P6,Invoices!$B$6:$B$305,0))="Draft","Draft","Invoiced"))))))) | R6: =IF(AND(B6<>"",P6<>"",P6=Invoice!$G$4),B6+MOD(N(F6),1)+ROW()/10000000,"") | S6: =IF(R6="","",IF(D6="","Other work",D6)&IF(AND(K6<>"",E6<>""),", "&E6,"")) | T6: =IF(R6="","",R6) | U6: =IF(B6="","",IF(J6<>"",0,M6))
B7: 46114 | C7: Harbour Books | D7: Spring catalogue | E7: Cover design | I7: 2.5 | M7: =IF(B7="","",IF(AND(F7<>"",G7<>""),MAX(0,ROUND(MOD(G7-F7,1)*24-N(H7)/60,2)),N(I7))) | N7: =IF(B7="","",IF(K7<>"",K7,IF(N(IFERROR(INDEX(Projects!$D$6:$D$65,MATCH(D7,Projects!$B$6:$B$65,0)),""))>0,IFERROR(INDEX(Projects!$D$6:$D$65,MATCH(D7,Projects!$B$6:$B$65,0)),""),IFERROR(INDEX(Clients!$G$6:$G$45,MATCH(C7,Clients!$B$6:$B$45,0)),0)))) | O7: =IF(B7="","",IF(J7<>"",0,ROUND(M7*N7,2))) | P7: =IF(OR(B7="",J7<>""),"",IF(L7<>"",L7,IF(COUNTIFS(Invoices!$C$6:$C$305,C7,Invoices!$E$6:$E$305,"<="&B7,Invoices!$F$6:$F$305,">="&B7)=1,INDEX(Invoices!$B$6:$B$305,SUMIFS(Invoices!$O$6:$O$305,Invoices!$C$6:$C$305,C7,Invoices!$E$6:$E$305,"<="&B7,Invoices!$F$6:$F$305,">="&B7)),IF(COUNTIFS(Invoices!$C$6:$C$305,C7,Invoices!$E$6:$E$305,"<="&B7,Invoices!$F$6:$F$305,">="&B7)>1,"Two invoices","")))) | Q7: =IF(B7="","",IF(J7<>"","Not billable",IF(P7="","To invoice",IF(P7="Two invoices","Check dates",IF(ISNA(MATCH(P7,Invoices!$B$6:$B$305,0)),"Check number",IF(INDEX(Invoices!$M$6:$M$305,MATCH(P7,Invoices!$B$6:$B$305,0))="Paid","Paid",IF(INDEX(Invoices!$M$6:$M$305,MATCH(P7,Invoices!$B$6:$B$305,0))="Draft","Draft","Invoiced"))))))) | R7: =IF(AND(B7<>"",P7<>"",P7=Invoice!$G$4),B7+MOD(N(F7),1)+ROW()/10000000,"") | S7: =IF(R7="","",IF(D7="","Other work",D7)&IF(AND(K7<>"",E7<>""),", "&E7,"")) | T7: =IF(R7="","",IF(COUNTIFS(R$6:R6,">0",S$6:S6,S7,N$6:N6,N7)=0,R7,"")) | U7: =IF(B7="","",IF(J7<>"",0,M7))
B8: 46115 | C8: Greenleaf Studio | D8: Monthly social posts | E8: Captions and scheduling | F8: 0.375 | G8: 0.51041667 | H8: 15 | M8: =IF(B8="","",IF(AND(F8<>"",G8<>""),MAX(0,ROUND(MOD(G8-F8,1)*24-N(H8)/60,2)),N(I8))) | N8: =IF(B8="","",IF(K8<>"",K8,IF(N(IFERROR(INDEX(Projects!$D$6:$D$65,MATCH(D8,Projects!$B$6:$B$65,0)),""))>0,IFERROR(INDEX(Projects!$D$6:$D$65,MATCH(D8,Projects!$B$6:$B$65,0)),""),IFERROR(INDEX(Clients!$G$6:$G$45,MATCH(C8,Clients!$B$6:$B$45,0)),0)))) | O8: =IF(B8="","",IF(J8<>"",0,ROUND(M8*N8,2))) | P8: =IF(OR(B8="",J8<>""),"",IF(L8<>"",L8,IF(COUNTIFS(Invoices!$C$6:$C$305,C8,Invoices!$E$6:$E$305,"<="&B8,Invoices!$F$6:$F$305,">="&B8)=1,INDEX(Invoices!$B$6:$B$305,SUMIFS(Invoices!$O$6:$O$305,Invoices!$C$6:$C$305,C8,Invoices!$E$6:$E$305,"<="&B8,Invoices!$F$6:$F$305,">="&B8)),IF(COUNTIFS(Invoices!$C$6:$C$305,C8,Invoices!$E$6:$E$305,"<="&B8,Invoices!$F$6:$F$305,">="&B8)>1,"Two invoices","")))) | Q8: =IF(B8="","",IF(J8<>"","Not billable",IF(P8="","To invoice",IF(P8="Two invoices","Check dates",IF(ISNA(MATCH(P8,Invoices!$B$6:$B$305,0)),"Check number",IF(INDEX(Invoices!$M$6:$M$305,MATCH(P8,Invoices!$B$6:$B$305,0))="Paid","Paid",IF(INDEX(Invoices!$M$6:$M$305,MATCH(P8,Invoices!$B$6:$B$305,0))="Draft","Draft","Invoiced"))))))) | R8: =IF(AND(B8<>"",P8<>"",P8=Invoice!$G$4),B8+MOD(N(F8),1)+ROW()/10000000,"") | S8: =IF(R8="","",IF(D8="","Other work",D8)&IF(AND(K8<>"",E8<>""),", "&E8,"")) | T8: =IF(R8="","",IF(COUNTIFS(R$6:R7,">0",S$6:S7,S8,N$6:N7,N8)=0,R8,"")) | U8: =IF(B8="","",IF(J8<>"",0,M8))
B9: 46115 | C9: Harbour Books | D9: Spring catalogue | E9: Product pages | F9: 0.52083333 | G9: 0.625 | M9: =IF(B9="","",IF(AND(F9<>"",G9<>""),MAX(0,ROUND(MOD(G9-F9,1)*24-N(H9)/60,2)),N(I9))) | N9: =IF(B9="","",IF(K9<>"",K9,IF(N(IFERROR(INDEX(Projects!$D$6:$D$65,MATCH(D9,Projects!$B$6:$B$65,0)),""))>0,IFERROR(INDEX(Projects!$D$6:$D$65,MATCH(D9,Projects!$B$6:$B$65,0)),""),IFERROR(INDEX(Clients!$G$6:$G$45,MATCH(C9,Clients!$B$6:$B$45,0)),0)))) | O9: =IF(B9="","",IF(J9<>"",0,ROUND(M9*N9,2))) | P9: =IF(OR(B9="",J9<>""),"",IF(L9<>"",L9,IF(COUNTIFS(Invoices!$C$6:$C$305,C9,Invoices!$E$6:$E$305,"<="&B9,Invoices!$F$6:$F$305,">="&B9)=1,INDEX(Invoices!$B$6:$B$305,SUMIFS(Invoices!$O$6:$O$305,Invoices!$C$6:$C$305,C9,Invoices!$E$6:$E$305,"<="&B9,Invoices!$F$6:$F$305,">="&B9)),IF(COUNTIFS(Invoices!$C$6:$C$305,C9,Invoices!$E$6:$E$305,"<="&B9,Invoices!$F$6:$F$305,">="&B9)>1,"Two invoices","")))) | Q9: =IF(B9="","",IF(J9<>"","Not billable",IF(P9="","To invoice",IF(P9="Two invoices","Check dates",IF(ISNA(MATCH(P9,Invoices!$B$6:$B$305,0)),"Check number",IF(INDEX(Invoices!$M$6:$M$305,MATCH(P9,Invoices!$B$6:$B$305,0))="Paid","Paid",IF(INDEX(Invoices!$M$6:$M$305,MATCH(P9,Invoices!$B$6:$B$305,0))="Draft","Draft","Invoiced"))))))) | R9: =IF(AND(B9<>"",P9<>"",P9=Invoice!$G$4),B9+MOD(N(F9),1)+ROW()/10000000,"") | S9: =IF(R9="","",IF(D9="","Other work",D9)&IF(AND(K9<>"",E9<>""),", "&E9,"")) | T9: =IF(R9="","",IF(COUNTIFS(R$6:R8,">0",S$6:S8,S9,N$6:N8,N9)=0,R9,"")) | U9: =IF(B9="","",IF(J9<>"",0,M9))
B10: 46115 | C10: Harbour Books | D10: Spring catalogue | E10: Catalogue layout | F10: 0.63541667 | G10: 0.76041667 | M10: =IF(B10="","",IF(AND(F10<>"",G10<>""),MAX(0,ROUND(MOD(G10-F10,1)*24-N(H10)/60,2)),N(I10))) | N10: =IF(B10="","",IF(K10<>"",K10,IF(N(IFERROR(INDEX(Projects!$D$6:$D$65,MATCH(D10,Projects!$B$6:$B$65,0)),""))>0,IFERROR(INDEX(Projects!$D$6:$D$65,MATCH(D10,Projects!$B$6:$B$65,0)),""),IFERROR(INDEX(Clients!$G$6:$G$45,MATCH(C10,Clients!$B$6:$B$45,0)),0)))) | O10: =IF(B10="","",IF(J10<>"",0,ROUND(M10*N10,2))) | P10: =IF(OR(B10="",J10<>""),"",IF(L10<>"",L10,IF(COUNTIFS(Invoices!$C$6:$C$305,C10,Invoices!$E$6:$E$305,"<="&B10,Invoices!$F$6:$F$305,">="&B10)=1,INDEX(Invoices!$B$6:$B$305,SUMIFS(Invoices!$O$6:$O$305,Invoices!$C$6:$C$305,C10,Invoices!$E$6:$E$305,"<="&B10,Invoices!$F$6:$F$305,">="&B10)),IF(COUNTIFS(Invoices!$C$6:$C$305,C10,Invoices!$E$6:$E$305,"<="&B10,Invoices!$F$6:$F$305,">="&B10)>1,"Two invoices","")))) | Q10: =IF(B10="","",IF(J10<>"","Not billable",IF(P10="","To invoice",IF(P10="Two invoices","Check dates",IF(ISNA(MATCH(P10,Invoices!$B$6:$B$305,0)),"Check number",IF(INDEX(Invoices!$M$6:$M$305,MATCH(P10,Invoices!$B$6:$B$305,0))="Paid","Paid",IF(INDEX(Invoices!$M$6:$M$305,MATCH(P10,Invoices!$B$6:$B$305,0))="Draft","Draft","Invoiced"))))))) | R10: =IF(AND(B10<>"",P10<>"",P10=Invoice!$G$4),B10+MOD(N(F10),1)+ROW()/10000000,"") | S10: =IF(R10="","",IF(D10="","Other work",D10)&IF(AND(K10<>"",E10<>""),", "&E10,"")) | T10: =IF(R10="","",IF(COUNTIFS(R$6:R9,">0",S$6:S9,S10,N$6:N9,N10)=0,R10,"")) | U10: =IF(B10="","",IF(J10<>"",0,M10))
B11: 46118 | C11: Harbour Books | D11: Spring catalogue | E11: Cover design | F11: 0.39583333 | G11: 0.4375 | M11: =IF(B11="","",IF(AND(F11<>"",G11<>""),MAX(0,ROUND(MOD(G11-F11,1)*24-N(H11)/60,2)),N(I11))) | N11: =IF(B11="","",IF(K11<>"",K11,IF(N(IFERROR(INDEX(Projects!$D$6:$D$65,MATCH(D11,Projects!$B$6:$B$65,0)),""))>0,IFERROR(INDEX(Projects!$D$6:$D$65,MATCH(D11,Projects!$B$6:$B$65,0)),""),IFERROR(INDEX(Clients!$G$6:$G$45,MATCH(C11,Clients!$B$6:$B$45,0)),0)))) | O11: =IF(B11="","",IF(J11<>"",0,ROUND(M11*N11,2))) | P11: =IF(OR(B11="",J11<>""),"",IF(L11<>"",L11,IF(COUNTIFS(Invoices!$C$6:$C$305,C11,Invoices!$E$6:$E$305,"<="&B11,Invoices!$F$6:$F$305,">="&B11)=1,INDEX(Invoices!$B$6:$B$305,SUMIFS(Invoices!$O$6:$O$305,Invoices!$C$6:$C$305,C11,Invoices!$E$6:$E$305,"<="&B11,Invoices!$F$6:$F$305,">="&B11)),IF(COUNTIFS(Invoices!$C$6:$C$305,C11,Invoices!$E$6:$E$305,"<="&B11,Invoices!$F$6:$F$305,">="&B11)>1,"Two invoices","")))) | Q11: =IF(B11="","",IF(J11<>"","Not billable",IF(P11="","To invoice",IF(P11="Two invoices","Check dates",IF(ISNA(MATCH(P11,Invoices!$B$6:$B$305,0)),"Check number",IF(INDEX(Invoices!$M$6:$M$305,MATCH(P11,Invoices!$B$6:$B$305,0))="Paid","Paid",IF(INDEX(Invoices!$M$6:$M$305,MATCH(P11,Invoices!$B$6:$B$305,0))="Draft","Draft","Invoiced"))))))) | R11: =IF(AND(B11<>"",P11<>"",P11=Invoice!$G$4),B11+MOD(N(F11),1)+ROW()/10000000,"") | S11: =IF(R11="","",IF(D11="","Other work",D11)&IF(AND(K11<>"",E11<>""),", "&E11,"")) | T11: =IF(R11="","",IF(COUNTIFS(R$6:R10,">0",S$6:S10,S11,N$6:N10,N11)=0,R11,"")) | U11: =IF(B11="","",IF(J11<>"",0,M11))
B12: 46118 | C12: Harbour Books | D12: Spring catalogue | E12: Proof corrections | F12: 0.46875 | G12: 0.51041667 | M12: =IF(B12="","",IF(AND(F12<>"",G12<>""),MAX(0,ROUND(MOD(G12-F12,1)*24-N(H12)/60,2)),N(I12))) | N12: =IF(B12="","",IF(K12<>"",K12,IF(N(IFERROR(INDEX(Projects!$D$6:$D$65,MATCH(D12,Projects!$B$6:$B$65,0)),""))>0,IFERROR(INDEX(Projects!$D$6:$D$65,MATCH(D12,Projects!$B$6:$B$65,0)),""),IFERROR(INDEX(Clients!$G$6:$G$45,MATCH(C12,Clients!$B$6:$B$45,0)),0)))) | O12: =IF(B12="","",IF(J12<>"",0,ROUND(M12*N12,2))) | P12: =IF(OR(B12="",J12<>""),"",IF(L12<>"",L12,IF(COUNTIFS(Invoices!$C$6:$C$305,C12,Invoices!$E$6:$E$305,"<="&B12,Invoices!$F$6:$F$305,">="&B12)=1,INDEX(Invoices!$B$6:$B$305,SUMIFS(Invoices!$O$6:$O$305,Invoices!$C$6:$C$305,C12,Invoices!$E$6:$E$305,"<="&B12,Invoices!$F$6:$F$305,">="&B12)),IF(COUNTIFS(Invoices!$C$6:$C$305,C12,Invoices!$E$6:$E$305,"<="&B12,Invoices!$F$6:$F$305,">="&B12)>1,"Two invoices","")))) | Q12: =IF(B12="","",IF(J12<>"","Not billable",IF(P12="","To invoice",IF(P12="Two invoices","Check dates",IF(ISNA(MATCH(P12,Invoices!$B$6:$B$305,0)),"Check number",IF(INDEX(Invoices!$M$6:$M$305,MATCH(P12,Invoices!$B$6:$B$305,0))="Paid","Paid",IF(INDEX(Invoices!$M$6:$M$305,MATCH(P12,Invoices!$B$6:$B$305,0))="Draft","Draft","Invoiced"))))))) | R12: =IF(AND(B12<>"",P12<>"",P12=Invoice!$G$4),B12+MOD(N(F12),1)+ROW()/10000000,"") | S12: =IF(R12="","",IF(D12="","Other work",D12)&IF(AND(K12<>"",E12<>""),", "&E12,"")) | T12: =IF(R12="","",IF(COUNTIFS(R$6:R11,">0",S$6:S11,S12,N$6:N11,N12)=0,R12,"")) | U12: =IF(B12="","",IF(J12<>"",0,M12))
B13: 46119 | C13: Harbour Books | D13: Spring catalogue | E13: Proof corrections | F13: 0.375 | G13: 0.45833333 | M13: =IF(B13="","",IF(AND(F13<>"",G13<>""),MAX(0,ROUND(MOD(G13-F13,1)*24-N(H13)/60,2)),N(I13))) | N13: =IF(B13="","",IF(K13<>"",K13,IF(N(IFERROR(INDEX(Projects!$D$6:$D$65,MATCH(D13,Projects!$B$6:$B$65,0)),""))>0,IFERROR(INDEX(Projects!$D$6:$D$65,MATCH(D13,Projects!$B$6:$B$65,0)),""),IFERROR(INDEX(Clients!$G$6:$G$45,MATCH(C13,Clients!$B$6:$B$45,0)),0)))) | O13: =IF(B13="","",IF(J13<>"",0,ROUND(M13*N13,2))) | P13: =IF(OR(B13="",J13<>""),"",IF(L13<>"",L13,IF(COUNTIFS(Invoices!$C$6:$C$305,C13,Invoices!$E$6:$E$305,"<="&B13,Invoices!$F$6:$F$305,">="&B13)=1,INDEX(Invoices!$B$6:$B$305,SUMIFS(Invoices!$O$6:$O$305,Invoices!$C$6:$C$305,C13,Invoices!$E$6:$E$305,"<="&B13,Invoices!$F$6:$F$305,">="&B13)),IF(COUNTIFS(Invoices!$C$6:$C$305,C13,Invoices!$E$6:$E$305,"<="&B13,Invoices!$F$6:$F$305,">="&B13)>1,"Two invoices","")))) | Q13: =IF(B13="","",IF(J13<>"","Not billable",IF(P13="","To invoice",IF(P13="Two invoices","Check dates",IF(ISNA(MATCH(P13,Invoices!$B$6:$B$305,0)),"Check number",IF(INDEX(Invoices!$M$6:$M$305,MATCH(P13,Invoices!$B$6:$B$305,0))="Paid","Paid",IF(INDEX(Invoices!$M$6:$M$305,MATCH(P13,Invoices!$B$6:$B$305,0))="Draft","Draft","Invoiced"))))))) | R13: =IF(AND(B13<>"",P13<>"",P13=Invoice!$G$4),B13+MOD(N(F13),1)+ROW()/10000000,"") | S13: =IF(R13="","",IF(D13="","Other work",D13)&IF(AND(K13<>"",E13<>""),", "&E13,"")) | T13: =IF(R13="","",IF(COUNTIFS(R$6:R12,">0",S$6:S12,S13,N$6:N12,N13)=0,R13,"")) | U13: =IF(B13="","",IF(J13<>"",0,M13))
B14: 46119 | C14: Harbour Books | D14: Spring catalogue | E14: Catalogue layout | F14: 0.48958333 | G14: 0.53125 | M14: =IF(B14="","",IF(AND(F14<>"",G14<>""),MAX(0,ROUND(MOD(G14-F14,1)*24-N(H14)/60,2)),N(I14))) | N14: =IF(B14="","",IF(K14<>"",K14,IF(N(IFERROR(INDEX(Projects!$D$6:$D$65,MATCH(D14,Projects!$B$6:$B$65,0)),""))>0,IFERROR(INDEX(Projects!$D$6:$D$65,MATCH(D14,Projects!$B$6:$B$65,0)),""),IFERROR(INDEX(Clients!$G$6:$G$45,MATCH(C14,Clients!$B$6:$B$45,0)),0)))) | O14: =IF(B14="","",IF(J14<>"",0,ROUND(M14*N14,2))) | P14: =IF(OR(B14="",J14<>""),"",IF(L14<>"",L14,IF(COUNTIFS(Invoices!$C$6:$C$305,C14,Invoices!$E$6:$E$305,"<="&B14,Invoices!$F$6:$F$305,">="&B14)=1,INDEX(Invoices!$B$6:$B$305,SUMIFS(Invoices!$O$6:$O$305,Invoices!$C$6:$C$305,C14,Invoices!$E$6:$E$305,"<="&B14,Invoices!$F$6:$F$305,">="&B14)),IF(COUNTIFS(Invoices!$C$6:$C$305,C14,Invoices!$E$6:$E$305,"<="&B14,Invoices!$F$6:$F$305,">="&B14)>1,"Two invoices","")))) | Q14: =IF(B14="","",IF(J14<>"","Not billable",IF(P14="","To invoice",IF(P14="Two invoices","Check dates",IF(ISNA(MATCH(P14,Invoices!$B$6:$B$305,0)),"Check number",IF(INDEX(Invoices!$M$6:$M$305,MATCH(P14,Invoices!$B$6:$B$305,0))="Paid","Paid",IF(INDEX(Invoices!$M$6:$M$305,MATCH(P14,Invoices!$B$6:$B$305,0))="Draft","Draft","Invoiced"))))))) | R14: =IF(AND(B14<>"",P14<>"",P14=Invoice!$G$4),B14+MOD(N(F14),1)+ROW()/10000000,"") | S14: =IF(R14="","",IF(D14="","Other work",D14)&IF(AND(K14<>"",E14<>""),", "&E14,"")) | T14: =IF(R14="","",IF(COUNTIFS(R$6:R13,">0",S$6:S13,S14,N$6:N13,N14)=0,R14,"")) | U14: =IF(B14="","",IF(J14<>"",0,M14))
B15: 46120 | C15: Harbour Books | D15: Spring catalogue | E15: Product pages | F15: 0.39583333 | G15: 0.47916667 | M15: =IF(B15="","",IF(AND(F15<>"",G15<>""),MAX(0,ROUND(MOD(G15-F15,1)*24-N(H15)/60,2)),N(I15))) | N15: =IF(B15="","",IF(K15<>"",K15,IF(N(IFERROR(INDEX(Projects!$D$6:$D$65,MATCH(D15,Projects!$B$6:$B$65,0)),""))>0,IFERROR(INDEX(Projects!$D$6:$D$65,MATCH(D15,Projects!$B$6:$B$65,0)),""),IFERROR(INDEX(Clients!$G$6:$G$45,MATCH(C15,Clients!$B$6:$B$45,0)),0)))) | O15: =IF(B15="","",IF(J15<>"",0,ROUND(M15*N15,2))) | P15: =IF(OR(B15="",J15<>""),"",IF(L15<>"",L15,IF(COUNTIFS(Invoices!$C$6:$C$305,C15,Invoices!$E$6:$E$305,"<="&B15,Invoices!$F$6:$F$305,">="&B15)=1,INDEX(Invoices!$B$6:$B$305,SUMIFS(Invoices!$O$6:$O$305,Invoices!$C$6:$C$305,C15,Invoices!$E$6:$E$305,"<="&B15,Invoices!$F$6:$F$305,">="&B15)),IF(COUNTIFS(Invoices!$C$6:$C$305,C15,Invoices!$E$6:$E$305,"<="&B15,Invoices!$F$6:$F$305,">="&B15)>1,"Two invoices","")))) | Q15: =IF(B15="","",IF(J15<>"","Not billable",IF(P15="","To invoice",IF(P15="Two invoices","Check dates",IF(ISNA(MATCH(P15,Invoices!$B$6:$B$305,0)),"Check number",IF(INDEX(Invoices!$M$6:$M$305,MATCH(P15,Invoices!$B$6:$B$305,0))="Paid","Paid",IF(INDEX(Invoices!$M$6:$M$305,MATCH(P15,Invoices!$B$6:$B$305,0))="Draft","Draft","Invoiced"))))))) | R15: =IF(AND(B15<>"",P15<>"",P15=Invoice!$G$4),B15+MOD(N(F15),1)+ROW()/10000000,"") | S15: =IF(R15="","",IF(D15="","Other work",D15)&IF(AND(K15<>"",E15<>""),", "&E15,"")) | T15: =IF(R15="","",IF(COUNTIFS(R$6:R14,">0",S$6:S14,S15,N$6:N14,N15)=0,R15,"")) | U15: =IF(B15="","",IF(J15<>"",0,M15))
B16: 46120 | C16: Harbour Books | D16: Spring catalogue | E16: Cover design | F16: 0.5 | G16: 0.64583333 | M16: =IF(B16="","",IF(AND(F16<>"",G16<>""),MAX(0,ROUND(MOD(G16-F16,1)*24-N(H16)/60,2)),N(I16))) | N16: =IF(B16="","",IF(K16<>"",K16,IF(N(IFERROR(INDEX(Projects!$D$6:$D$65,MATCH(D16,Projects!$B$6:$B$65,0)),""))>0,IFERROR(INDEX(Projects!$D$6:$D$65,MATCH(D16,Projects!$B$6:$B$65,0)),""),IFERROR(INDEX(Clients!$G$6:$G$45,MATCH(C16,Clients!$B$6:$B$45,0)),0)))) | O16: =IF(B16="","",IF(J16<>"",0,ROUND(M16*N16,2))) | P16: =IF(OR(B16="",J16<>""),"",IF(L16<>"",L16,IF(COUNTIFS(Invoices!$C$6:$C$305,C16,Invoices!$E$6:$E$305,"<="&B16,Invoices!$F$6:$F$305,">="&B16)=1,INDEX(Invoices!$B$6:$B$305,SUMIFS(Invoices!$O$6:$O$305,Invoices!$C$6:$C$305,C16,Invoices!$E$6:$E$305,"<="&B16,Invoices!$F$6:$F$305,">="&B16)),IF(COUNTIFS(Invoices!$C$6:$C$305,C16,Invoices!$E$6:$E$305,"<="&B16,Invoices!$F$6:$F$305,">="&B16)>1,"Two invoices","")))) | Q16: =IF(B16="","",IF(J16<>"","Not billable",IF(P16="","To invoice",IF(P16="Two invoices","Check dates",IF(ISNA(MATCH(P16,Invoices!$B$6:$B$305,0)),"Check number",IF(INDEX(Invoices!$M$6:$M$305,MATCH(P16,Invoices!$B$6:$B$305,0))="Paid","Paid",IF(INDEX(Invoices!$M$6:$M$305,MATCH(P16,Invoices!$B$6:$B$305,0))="Draft","Draft","Invoiced"))))))) | R16: =IF(AND(B16<>"",P16<>"",P16=Invoice!$G$4),B16+MOD(N(F16),1)+ROW()/10000000,"") | S16: =IF(R16="","",IF(D16="","Other work",D16)&IF(AND(K16<>"",E16<>""),", "&E16,"")) | T16: =IF(R16="","",IF(COUNTIFS(R$6:R15,">0",S$6:S15,S16,N$6:N15,N16)=0,R16,"")) | U16: =IF(B16="","",IF(J16<>"",0,M16))
B17: 46120 | C17: Greenleaf Studio | D17: Monthly social posts | E17: Captions and scheduling | F17: 0.66666667 | G17: 0.75 | M17: =IF(B17="","",IF(AND(F17<>"",G17<>""),MAX(0,ROUND(MOD(G17-F17,1)*24-N(H17)/60,2)),N(I17))) | N17: =IF(B17="","",IF(K17<>"",K17,IF(N(IFERROR(INDEX(Projects!$D$6:$D$65,MATCH(D17,Projects!$B$6:$B$65,0)),""))>0,IFERROR(INDEX(Projects!$D$6:$D$65,MATCH(D17,Projects!$B$6:$B$65,0)),""),IFERROR(INDEX(Clients!$G$6:$G$45,MATCH(C17,Clients!$B$6:$B$45,0)),0)))) | O17: =IF(B17="","",IF(J17<>"",0,ROUND(M17*N17,2))) | P17: =IF(OR(B17="",J17<>""),"",IF(L17<>"",L17,IF(COUNTIFS(Invoices!$C$6:$C$305,C17,Invoices!$E$6:$E$305,"<="&B17,Invoices!$F$6:$F$305,">="&B17)=1,INDEX(Invoices!$B$6:$B$305,SUMIFS(Invoices!$O$6:$O$305,Invoices!$C$6:$C$305,C17,Invoices!$E$6:$E$305,"<="&B17,Invoices!$F$6:$F$305,">="&B17)),IF(COUNTIFS(Invoices!$C$6:$C$305,C17,Invoices!$E$6:$E$305,"<="&B17,Invoices!$F$6:$F$305,">="&B17)>1,"Two invoices","")))) | Q17: =IF(B17="","",IF(J17<>"","Not billable",IF(P17="","To invoice",IF(P17="Two invoices","Check dates",IF(ISNA(MATCH(P17,Invoices!$B$6:$B$305,0)),"Check number",IF(INDEX(Invoices!$M$6:$M$305,MATCH(P17,Invoices!$B$6:$B$305,0))="Paid","Paid",IF(INDEX(Invoices!$M$6:$M$305,MATCH(P17,Invoices!$B$6:$B$305,0))="Draft","Draft","Invoiced"))))))) | R17: =IF(AND(B17<>"",P17<>"",P17=Invoice!$G$4),B17+MOD(N(F17),1)+ROW()/10000000,"") | S17: =IF(R17="","",IF(D17="","Other work",D17)&IF(AND(K17<>"",E17<>""),", "&E17,"")) | T17: =IF(R17="","",IF(COUNTIFS(R$6:R16,">0",S$6:S16,S17,N$6:N16,N17)=0,R17,"")) | U17: =IF(B17="","",IF(J17<>"",0,M17))
B18: 46121 | C18: Greenleaf Studio | D18: Monthly social posts | E18: Captions and scheduling | I18: 2.5 | M18: =IF(B18="","",IF(AND(F18<>"",G18<>""),MAX(0,ROUND(MOD(G18-F18,1)*24-N(H18)/60,2)),N(I18))) | N18: =IF(B18="","",IF(K18<>"",K18,IF(N(IFERROR(INDEX(Projects!$D$6:$D$65,MATCH(D18,Projects!$B$6:$B$65,0)),""))>0,IFERROR(INDEX(Projects!$D$6:$D$65,MATCH(D18,Projects!$B$6:$B$65,0)),""),IFERROR(INDEX(Clients!$G$6:$G$45,MATCH(C18,Clients!$B$6:$B$45,0)),0)))) | O18: =IF(B18="","",IF(J18<>"",0,ROUND(M18*N18,2))) | P18: =IF(OR(B18="",J18<>""),"",IF(L18<>"",L18,IF(COUNTIFS(Invoices!$C$6:$C$305,C18,Invoices!$E$6:$E$305,"<="&B18,Invoices!$F$6:$F$305,">="&B18)=1,INDEX(Invoices!$B$6:$B$305,SUMIFS(Invoices!$O$6:$O$305,Invoices!$C$6:$C$305,C18,Invoices!$E$6:$E$305,"<="&B18,Invoices!$F$6:$F$305,">="&B18)),IF(COUNTIFS(Invoices!$C$6:$C$305,C18,Invoices!$E$6:$E$305,"<="&B18,Invoices!$F$6:$F$305,">="&B18)>1,"Two invoices","")))) | Q18: =IF(B18="","",IF(J18<>"","Not billable",IF(P18="","To invoice",IF(P18="Two invoices","Check dates",IF(ISNA(MATCH(P18,Invoices!$B$6:$B$305,0)),"Check number",IF(INDEX(Invoices!$M$6:$M$305,MATCH(P18,Invoices!$B$6:$B$305,0))="Paid","Paid",IF(INDEX(Invoices!$M$6:$M$305,MATCH(P18,Invoices!$B$6:$B$305,0))="Draft","Draft","Invoiced"))))))) | R18: =IF(AND(B18<>"",P18<>"",P18=Invoice!$G$4),B18+MOD(N(F18),1)+ROW()/10000000,"") | S18: =IF(R18="","",IF(D18="","Other work",D18)&IF(AND(K18<>"",E18<>""),", "&E18,"")) | T18: =IF(R18="","",IF(COUNTIFS(R$6:R17,">0",S$6:S17,S18,N$6:N17,N18)=0,R18,"")) | U18: =IF(B18="","",IF(J18<>"",0,M18))
B19: 46121 | C19: Harbour Books | D19: Spring catalogue | E19: Proof corrections | F19: 0.39583333 | G19: 0.54166667 | M19: =IF(B19="","",IF(AND(F19<>"",G19<>""),MAX(0,ROUND(MOD(G19-F19,1)*24-N(H19)/60,2)),N(I19))) | N19: =IF(B19="","",IF(K19<>"",K19,IF(N(IFERROR(INDEX(Projects!$D$6:$D$65,MATCH(D19,Projects!$B$6:$B$65,0)),""))>0,IFERROR(INDEX(Projects!$D$6:$D$65,MATCH(D19,Projects!$B$6:$B$65,0)),""),IFERROR(INDEX(Clients!$G$6:$G$45,MATCH(C19,Clients!$B$6:$B$45,0)),0)))) | O19: =IF(B19="","",IF(J19<>"",0,ROUND(M19*N19,2))) | P19: =IF(OR(B19="",J19<>""),"",IF(L19<>"",L19,IF(COUNTIFS(Invoices!$C$6:$C$305,C19,Invoices!$E$6:$E$305,"<="&B19,Invoices!$F$6:$F$305,">="&B19)=1,INDEX(Invoices!$B$6:$B$305,SUMIFS(Invoices!$O$6:$O$305,Invoices!$C$6:$C$305,C19,Invoices!$E$6:$E$305,"<="&B19,Invoices!$F$6:$F$305,">="&B19)),IF(COUNTIFS(Invoices!$C$6:$C$305,C19,Invoices!$E$6:$E$305,"<="&B19,Invoices!$F$6:$F$305,">="&B19)>1,"Two invoices","")))) | Q19: =IF(B19="","",IF(J19<>"","Not billable",IF(P19="","To invoice",IF(P19="Two invoices","Check dates",IF(ISNA(MATCH(P19,Invoices!$B$6:$B$305,0)),"Check number",IF(INDEX(Invoices!$M$6:$M$305,MATCH(P19,Invoices!$B$6:$B$305,0))="Paid","Paid",IF(INDEX(Invoices!$M$6:$M$305,MATCH(P19,Invoices!$B$6:$B$305,0))="Draft","Draft","Invoiced"))))))) | R19: =IF(AND(B19<>"",P19<>"",P19=Invoice!$G$4),B19+MOD(N(F19),1)+ROW()/10000000,"") | S19: =IF(R19="","",IF(D19="","Other work",D19)&IF(AND(K19<>"",E19<>""),", "&E19,"")) | T19: =IF(R19="","",IF(COUNTIFS(R$6:R18,">0",S$6:S18,S19,N$6:N18,N19)=0,R19,"")) | U19: =IF(B19="","",IF(J19<>"",0,M19))
B20: 46121 | C20: Harbour Books | D20: Spring catalogue | E20: Product pages | F20: 0.5625 | G20: 0.70833333 | M20: =IF(B20="","",IF(AND(F20<>"",G20<>""),MAX(0,ROUND(MOD(G20-F20,1)*24-N(H20)/60,2)),N(I20))) | N20: =IF(B20="","",IF(K20<>"",K20,IF(N(IFERROR(INDEX(Projects!$D$6:$D$65,MATCH(D20,Projects!$B$6:$B$65,0)),""))>0,IFERROR(INDEX(Projects!$D$6:$D$65,MATCH(D20,Projects!$B$6:$B$65,0)),""),IFERROR(INDEX(Clients!$G$6:$G$45,MATCH(C20,Clients!$B$6:$B$45,0)),0)))) | O20: =IF(B20="","",IF(J20<>"",0,ROUND(M20*N20,2))) | P20: =IF(OR(B20="",J20<>""),"",IF(L20<>"",L20,IF(COUNTIFS(Invoices!$C$6:$C$305,C20,Invoices!$E$6:$E$305,"<="&B20,Invoices!$F$6:$F$305,">="&B20)=1,INDEX(Invoices!$B$6:$B$305,SUMIFS(Invoices!$O$6:$O$305,Invoices!$C$6:$C$305,C20,Invoices!$E$6:$E$305,"<="&B20,Invoices!$F$6:$F$305,">="&B20)),IF(COUNTIFS(Invoices!$C$6:$C$305,C20,Invoices!$E$6:$E$305,"<="&B20,Invoices!$F$6:$F$305,">="&B20)>1,"Two invoices","")))) | Q20: =IF(B20="","",IF(J20<>"","Not billable",IF(P20="","To invoice",IF(P20="Two invoices","Check dates",IF(ISNA(MATCH(P20,Invoices!$B$6:$B$305,0)),"Check number",IF(INDEX(Invoices!$M$6:$M$305,MATCH(P20,Invoices!$B$6:$B$305,0))="Paid","Paid",IF(INDEX(Invoices!$M$6:$M$305,MATCH(P20,Invoices!$B$6:$B$305,0))="Draft","Draft","Invoiced"))))))) | R20: =IF(AND(B20<>"",P20<>"",P20=Invoice!$G$4),B20+MOD(N(F20),1)+ROW()/10000000,"") | S20: =IF(R20="","",IF(D20="","Other work",D20)&IF(AND(K20<>"",E20<>""),", "&E20,"")) | T20: =IF(R20="","",IF(COUNTIFS(R$6:R19,">0",S$6:S19,S20,N$6:N19,N20)=0,R20,"")) | U20: =IF(B20="","",IF(J20<>"",0,M20))
B21: 46122 | C21: Greenleaf Studio | D21: Monthly social posts | E21: Post designs | I21: 3 | M21: =IF(B21="","",IF(AND(F21<>"",G21<>""),MAX(0,ROUND(MOD(G21-F21,1)*24-N(H21)/60,2)),N(I21))) | N21: =IF(B21="","",IF(K21<>"",K21,IF(N(IFERROR(INDEX(Projects!$D$6:$D$65,MATCH(D21,Projects!$B$6:$B$65,0)),""))>0,IFERROR(INDEX(Projects!$D$6:$D$65,MATCH(D21,Projects!$B$6:$B$65,0)),""),IFERROR(INDEX(Clients!$G$6:$G$45,MATCH(C21,Clients!$B$6:$B$45,0)),0)))) | O21: =IF(B21="","",IF(J21<>"",0,ROUND(M21*N21,2))) | P21: =IF(OR(B21="",J21<>""),"",IF(L21<>"",L21,IF(COUNTIFS(Invoices!$C$6:$C$305,C21,Invoices!$E$6:$E$305,"<="&B21,Invoices!$F$6:$F$305,">="&B21)=1,INDEX(Invoices!$B$6:$B$305,SUMIFS(Invoices!$O$6:$O$305,Invoices!$C$6:$C$305,C21,Invoices!$E$6:$E$305,"<="&B21,Invoices!$F$6:$F$305,">="&B21)),IF(COUNTIFS(Invoices!$C$6:$C$305,C21,Invoices!$E$6:$E$305,"<="&B21,Invoices!$F$6:$F$305,">="&B21)>1,"Two invoices","")))) | Q21: =IF(B21="","",IF(J21<>"","Not billable",IF(P21="","To invoice",IF(P21="Two invoices","Check dates",IF(ISNA(MATCH(P21,Invoices!$B$6:$B$305,0)),"Check number",IF(INDEX(Invoices!$M$6:$M$305,MATCH(P21,Invoices!$B$6:$B$305,0))="Paid","Paid",IF(INDEX(Invoices!$M$6:$M$305,MATCH(P21,Invoices!$B$6:$B$305,0))="Draft","Draft","Invoiced"))))))) | R21: =IF(AND(B21<>"",P21<>"",P21=Invoice!$G$4),B21+MOD(N(F21),1)+ROW()/10000000,"") | S21: =IF(R21="","",IF(D21="","Other work",D21)&IF(AND(K21<>"",E21<>""),", "&E21,"")) | T21: =IF(R21="","",IF(COUNTIFS(R$6:R20,">0",S$6:S20,S21,N$6:N20,N21)=0,R21,"")) | U21: =IF(B21="","",IF(J21<>"",0,M21))
B22: 46125 | C22: Harbour Books | D22: Spring catalogue | E22: Cover design | I22: 3.5 | M22: =IF(B22="","",IF(AND(F22<>"",G22<>""),MAX(0,ROUND(MOD(G22-F22,1)*24-N(H22)/60,2)),N(I22))) | N22: =IF(B22="","",IF(K22<>"",K22,IF(N(IFERROR(INDEX(Projects!$D$6:$D$65,MATCH(D22,Projects!$B$6:$B$65,0)),""))>0,IFERROR(INDEX(Projects!$D$6:$D$65,MATCH(D22,Projects!$B$6:$B$65,0)),""),IFERROR(INDEX(Clients!$G$6:$G$45,MATCH(C22,Clients!$B$6:$B$45,0)),0)))) | O22: =IF(B22="","",IF(J22<>"",0,ROUND(M22*N22,2))) | P22: =IF(OR(B22="",J22<>""),"",IF(L22<>"",L22,IF(COUNTIFS(Invoices!$C$6:$C$305,C22,Invoices!$E$6:$E$305,"<="&B22,Invoices!$F$6:$F$305,">="&B22)=1,INDEX(Invoices!$B$6:$B$305,SUMIFS(Invoices!$O$6:$O$305,Invoices!$C$6:$C$305,C22,Invoices!$E$6:$E$305,"<="&B22,Invoices!$F$6:$F$305,">="&B22)),IF(COUNTIFS(Invoices!$C$6:$C$305,C22,Invoices!$E$6:$E$305,"<="&B22,Invoices!$F$6:$F$305,">="&B22)>1,"Two invoices","")))) | Q22: =IF(B22="","",IF(J22<>"","Not billable",IF(P22="","To invoice",IF(P22="Two invoices","Check dates",IF(ISNA(MATCH(P22,Invoices!$B$6:$B$305,0)),"Check number",IF(INDEX(Invoices!$M$6:$M$305,MATCH(P22,Invoices!$B$6:$B$305,0))="Paid","Paid",IF(INDEX(Invoices!$M$6:$M$305,MATCH(P22,Invoices!$B$6:$B$305,0))="Draft","Draft","Invoiced"))))))) | R22: =IF(AND(B22<>"",P22<>"",P22=Invoice!$G$4),B22+MOD(N(F22),1)+ROW()/10000000,"") | S22: =IF(R22="","",IF(D22="","Other work",D22)&IF(AND(K22<>"",E22<>""),", "&E22,"")) | T22: =IF(R22="","",IF(COUNTIFS(R$6:R21,">0",S$6:S21,S22,N$6:N21,N22)=0,R22,"")) | U22: =IF(B22="","",IF(J22<>"",0,M22))
B23: 46125 | C23: Greenleaf Studio | D23: Monthly social posts | E23: Post designs | F23: 0.39583333 | G23: 0.5 | M23: =IF(B23="","",IF(AND(F23<>"",G23<>""),MAX(0,ROUND(MOD(G23-F23,1)*24-N(H23)/60,2)),N(I23))) | N23: =IF(B23="","",IF(K23<>"",K23,IF(N(IFERROR(INDEX(Projects!$D$6:$D$65,MATCH(D23,Projects!$B$6:$B$65,0)),""))>0,IFERROR(INDEX(Projects!$D$6:$D$65,MATCH(D23,Projects!$B$6:$B$65,0)),""),IFERROR(INDEX(Clients!$G$6:$G$45,MATCH(C23,Clients!$B$6:$B$45,0)),0)))) | O23: =IF(B23="","",IF(J23<>"",0,ROUND(M23*N23,2))) | P23: =IF(OR(B23="",J23<>""),"",IF(L23<>"",L23,IF(COUNTIFS(Invoices!$C$6:$C$305,C23,Invoices!$E$6:$E$305,"<="&B23,Invoices!$F$6:$F$305,">="&B23)=1,INDEX(Invoices!$B$6:$B$305,SUMIFS(Invoices!$O$6:$O$305,Invoices!$C$6:$C$305,C23,Invoices!$E$6:$E$305,"<="&B23,Invoices!$F$6:$F$305,">="&B23)),IF(COUNTIFS(Invoices!$C$6:$C$305,C23,Invoices!$E$6:$E$305,"<="&B23,Invoices!$F$6:$F$305,">="&B23)>1,"Two invoices","")))) | Q23: =IF(B23="","",IF(J23<>"","Not billable",IF(P23="","To invoice",IF(P23="Two invoices","Check dates",IF(ISNA(MATCH(P23,Invoices!$B$6:$B$305,0)),"Check number",IF(INDEX(Invoices!$M$6:$M$305,MATCH(P23,Invoices!$B$6:$B$305,0))="Paid","Paid",IF(INDEX(Invoices!$M$6:$M$305,MATCH(P23,Invoices!$B$6:$B$305,0))="Draft","Draft","Invoiced"))))))) | R23: =IF(AND(B23<>"",P23<>"",P23=Invoice!$G$4),B23+MOD(N(F23),1)+ROW()/10000000,"") | S23: =IF(R23="","",IF(D23="","Other work",D23)&IF(AND(K23<>"",E23<>""),", "&E23,"")) | T23: =IF(R23="","",IF(COUNTIFS(R$6:R22,">0",S$6:S22,S23,N$6:N22,N23)=0,R23,"")) | U23: =IF(B23="","",IF(J23<>"",0,M23))
B24: 46126 | C24: Harbour Books | D24: Spring catalogue | E24: Catalogue layout | I24: 2 | M24: =IF(B24="","",IF(AND(F24<>"",G24<>""),MAX(0,ROUND(MOD(G24-F24,1)*24-N(H24)/60,2)),N(I24))) | N24: =IF(B24="","",IF(K24<>"",K24,IF(N(IFERROR(INDEX(Projects!$D$6:$D$65,MATCH(D24,Projects!$B$6:$B$65,0)),""))>0,IFERROR(INDEX(Projects!$D$6:$D$65,MATCH(D24,Projects!$B$6:$B$65,0)),""),IFERROR(INDEX(Clients!$G$6:$G$45,MATCH(C24,Clients!$B$6:$B$45,0)),0)))) | O24: =IF(B24="","",IF(J24<>"",0,ROUND(M24*N24,2))) | P24: =IF(OR(B24="",J24<>""),"",IF(L24<>"",L24,IF(COUNTIFS(Invoices!$C$6:$C$305,C24,Invoices!$E$6:$E$305,"<="&B24,Invoices!$F$6:$F$305,">="&B24)=1,INDEX(Invoices!$B$6:$B$305,SUMIFS(Invoices!$O$6:$O$305,Invoices!$C$6:$C$305,C24,Invoices!$E$6:$E$305,"<="&B24,Invoices!$F$6:$F$305,">="&B24)),IF(COUNTIFS(Invoices!$C$6:$C$305,C24,Invoices!$E$6:$E$305,"<="&B24,Invoices!$F$6:$F$305,">="&B24)>1,"Two invoices","")))) | Q24: =IF(B24="","",IF(J24<>"","Not billable",IF(P24="","To invoice",IF(P24="Two invoices","Check dates",IF(ISNA(MATCH(P24,Invoices!$B$6:$B$305,0)),"Check number",IF(INDEX(Invoices!$M$6:$M$305,MATCH(P24,Invoices!$B$6:$B$305,0))="Paid","Paid",IF(INDEX(Invoices!$M$6:$M$305,MATCH(P24,Invoices!$B$6:$B$305,0))="Draft","Draft","Invoiced"))))))) | R24: =IF(AND(B24<>"",P24<>"",P24=Invoice!$G$4),B24+MOD(N(F24),1)+ROW()/10000000,"") | S24: =IF(R24="","",IF(D24="","Other work",D24)&IF(AND(K24<>"",E24<>""),", "&E24,"")) | T24: =IF(R24="","",IF(COUNTIFS(R$6:R23,">0",S$6:S23,S24,N$6:N23,N24)=0,R24,"")) | U24: =IF(B24="","",IF(J24<>"",0,M24))
B25: 46126 | C25: Harbour Books | D25: Spring catalogue | E25: Proof corrections | F25: 0.375 | G25: 0.41666667 | M25: =IF(B25="","",IF(AND(F25<>"",G25<>""),MAX(0,ROUND(MOD(G25-F25,1)*24-N(H25)/60,2)),N(I25))) | N25: =IF(B25="","",IF(K25<>"",K25,IF(N(IFERROR(INDEX(Projects!$D$6:$D$65,MATCH(D25,Projects!$B$6:$B$65,0)),""))>0,IFERROR(INDEX(Projects!$D$6:$D$65,MATCH(D25,Projects!$B$6:$B$65,0)),""),IFERROR(INDEX(Clients!$G$6:$G$45,MATCH(C25,Clients!$B$6:$B$45,0)),0)))) | O25: =IF(B25="","",IF(J25<>"",0,ROUND(M25*N25,2))) | P25: =IF(OR(B25="",J25<>""),"",IF(L25<>"",L25,IF(COUNTIFS(Invoices!$C$6:$C$305,C25,Invoices!$E$6:$E$305,"<="&B25,Invoices!$F$6:$F$305,">="&B25)=1,INDEX(Invoices!$B$6:$B$305,SUMIFS(Invoices!$O$6:$O$305,Invoices!$C$6:$C$305,C25,Invoices!$E$6:$E$305,"<="&B25,Invoices!$F$6:$F$305,">="&B25)),IF(COUNTIFS(Invoices!$C$6:$C$305,C25,Invoices!$E$6:$E$305,"<="&B25,Invoices!$F$6:$F$305,">="&B25)>1,"Two invoices","")))) | Q25: =IF(B25="","",IF(J25<>"","Not billable",IF(P25="","To invoice",IF(P25="Two invoices","Check dates",IF(ISNA(MATCH(P25,Invoices!$B$6:$B$305,0)),"Check number",IF(INDEX(Invoices!$M$6:$M$305,MATCH(P25,Invoices!$B$6:$B$305,0))="Paid","Paid",IF(INDEX(Invoices!$M$6:$M$305,MATCH(P25,Invoices!$B$6:$B$305,0))="Draft","Draft","Invoiced"))))))) | R25: =IF(AND(B25<>"",P25<>"",P25=Invoice!$G$4),B25+MOD(N(F25),1)+ROW()/10000000,"") | S25: =IF(R25="","",IF(D25="","Other work",D25)&IF(AND(K25<>"",E25<>""),", "&E25,"")) | T25: =IF(R25="","",IF(COUNTIFS(R$6:R24,">0",S$6:S24,S25,N$6:N24,N25)=0,R25,"")) | U25: =IF(B25="","",IF(J25<>"",0,M25))
B26: 46127 | C26: Greenleaf Studio | D26: Monthly social posts | E26: Post designs | F26: 0.39583333 | G26: 0.47916667 | M26: =IF(B26="","",IF(AND(F26<>"",G26<>""),MAX(0,ROUND(MOD(G26-F26,1)*24-N(H26)/60,2)),N(I26))) | N26: =IF(B26="","",IF(K26<>"",K26,IF(N(IFERROR(INDEX(Projects!$D$6:$D$65,MATCH(D26,Projects!$B$6:$B$65,0)),""))>0,IFERROR(INDEX(Projects!$D$6:$D$65,MATCH(D26,Projects!$B$6:$B$65,0)),""),IFERROR(INDEX(Clients!$G$6:$G$45,MATCH(C26,Clients!$B$6:$B$45,0)),0)))) | O26: =IF(B26="","",IF(J26<>"",0,ROUND(M26*N26,2))) | P26: =IF(OR(B26="",J26<>""),"",IF(L26<>"",L26,IF(COUNTIFS(Invoices!$C$6:$C$305,C26,Invoices!$E$6:$E$305,"<="&B26,Invoices!$F$6:$F$305,">="&B26)=1,INDEX(Invoices!$B$6:$B$305,SUMIFS(Invoices!$O$6:$O$305,Invoices!$C$6:$C$305,C26,Invoices!$E$6:$E$305,"<="&B26,Invoices!$F$6:$F$305,">="&B26)),IF(COUNTIFS(Invoices!$C$6:$C$305,C26,Invoices!$E$6:$E$305,"<="&B26,Invoices!$F$6:$F$305,">="&B26)>1,"Two invoices","")))) | Q26: =IF(B26="","",IF(J26<>"","Not billable",IF(P26="","To invoice",IF(P26="Two invoices","Check dates",IF(ISNA(MATCH(P26,Invoices!$B$6:$B$305,0)),"Check number",IF(INDEX(Invoices!$M$6:$M$305,MATCH(P26,Invoices!$B$6:$B$305,0))="Paid","Paid",IF(INDEX(Invoices!$M$6:$M$305,MATCH(P26,Invoices!$B$6:$B$305,0))="Draft","Draft","Invoiced"))))))) | R26: =IF(AND(B26<>"",P26<>"",P26=Invoice!$G$4),B26+MOD(N(F26),1)+ROW()/10000000,"") | S26: =IF(R26="","",IF(D26="","Other work",D26)&IF(AND(K26<>"",E26<>""),", "&E26,"")) | T26: =IF(R26="","",IF(COUNTIFS(R$6:R25,">0",S$6:S25,S26,N$6:N25,N26)=0,R26,"")) | U26: =IF(B26="","",IF(J26<>"",0,M26))
B27: 46128 | C27: Harbour Books | D27: Spring catalogue | E27: Catalogue layout | I27: 2 | M27: =IF(B27="","",IF(AND(F27<>"",G27<>""),MAX(0,ROUND(MOD(G27-F27,1)*24-N(H27)/60,2)),N(I27))) | N27: =IF(B27="","",IF(K27<>"",K27,IF(N(IFERROR(INDEX(Projects!$D$6:$D$65,MATCH(D27,Projects!$B$6:$B$65,0)),""))>0,IFERROR(INDEX(Projects!$D$6:$D$65,MATCH(D27,Projects!$B$6:$B$65,0)),""),IFERROR(INDEX(Clients!$G$6:$G$45,MATCH(C27,Clients!$B$6:$B$45,0)),0)))) | O27: =IF(B27="","",IF(J27<>"",0,ROUND(M27*N27,2))) | P27: =IF(OR(B27="",J27<>""),"",IF(L27<>"",L27,IF(COUNTIFS(Invoices!$C$6:$C$305,C27,Invoices!$E$6:$E$305,"<="&B27,Invoices!$F$6:$F$305,">="&B27)=1,INDEX(Invoices!$B$6:$B$305,SUMIFS(Invoices!$O$6:$O$305,Invoices!$C$6:$C$305,C27,Invoices!$E$6:$E$305,"<="&B27,Invoices!$F$6:$F$305,">="&B27)),IF(COUNTIFS(Invoices!$C$6:$C$305,C27,Invoices!$E$6:$E$305,"<="&B27,Invoices!$F$6:$F$305,">="&B27)>1,"Two invoices","")))) | Q27: =IF(B27="","",IF(J27<>"","Not billable",IF(P27="","To invoice",IF(P27="Two invoices","Check dates",IF(ISNA(MATCH(P27,Invoices!$B$6:$B$305,0)),"Check number",IF(INDEX(Invoices!$M$6:$M$305,MATCH(P27,Invoices!$B$6:$B$305,0))="Paid","Paid",IF(INDEX(Invoices!$M$6:$M$305,MATCH(P27,Invoices!$B$6:$B$305,0))="Draft","Draft","Invoiced"))))))) | R27: =IF(AND(B27<>"",P27<>"",P27=Invoice!$G$4),B27+MOD(N(F27),1)+ROW()/10000000,"") | S27: =IF(R27="","",IF(D27="","Other work",D27)&IF(AND(K27<>"",E27<>""),", "&E27,"")) | T27: =IF(R27="","",IF(COUNTIFS(R$6:R26,">0",S$6:S26,S27,N$6:N26,N27)=0,R27,"")) | U27: =IF(B27="","",IF(J27<>"",0,M27))
B28: 46128 | C28: Harbour Books | D28: Spring catalogue | E28: Proof corrections | F28: 0.375 | G28: 0.53125 | H28: 15 | M28: =IF(B28="","",IF(AND(F28<>"",G28<>""),MAX(0,ROUND(MOD(G28-F28,1)*24-N(H28)/60,2)),N(I28))) | N28: =IF(B28="","",IF(K28<>"",K28,IF(N(IFERROR(INDEX(Projects!$D$6:$D$65,MATCH(D28,Projects!$B$6:$B$65,0)),""))>0,IFERROR(INDEX(Projects!$D$6:$D$65,MATCH(D28,Projects!$B$6:$B$65,0)),""),IFERROR(INDEX(Clients!$G$6:$G$45,MATCH(C28,Clients!$B$6:$B$45,0)),0)))) | O28: =IF(B28="","",IF(J28<>"",0,ROUND(M28*N28,2))) | P28: =IF(OR(B28="",J28<>""),"",IF(L28<>"",L28,IF(COUNTIFS(Invoices!$C$6:$C$305,C28,Invoices!$E$6:$E$305,"<="&B28,Invoices!$F$6:$F$305,">="&B28)=1,INDEX(Invoices!$B$6:$B$305,SUMIFS(Invoices!$O$6:$O$305,Invoices!$C$6:$C$305,C28,Invoices!$E$6:$E$305,"<="&B28,Invoices!$F$6:$F$305,">="&B28)),IF(COUNTIFS(Invoices!$C$6:$C$305,C28,Invoices!$E$6:$E$305,"<="&B28,Invoices!$F$6:$F$305,">="&B28)>1,"Two invoices","")))) | Q28: =IF(B28="","",IF(J28<>"","Not billable",IF(P28="","To invoice",IF(P28="Two invoices","Check dates",IF(ISNA(MATCH(P28,Invoices!$B$6:$B$305,0)),"Check number",IF(INDEX(Invoices!$M$6:$M$305,MATCH(P28,Invoices!$B$6:$B$305,0))="Paid","Paid",IF(INDEX(Invoices!$M$6:$M$305,MATCH(P28,Invoices!$B$6:$B$305,0))="Draft","Draft","Invoiced"))))))) | R28: =IF(AND(B28<>"",P28<>"",P28=Invoice!$G$4),B28+MOD(N(F28),1)+ROW()/10000000,"") | S28: =IF(R28="","",IF(D28="","Other work",D28)&IF(AND(K28<>"",E28<>""),", "&E28,"")) | T28: =IF(R28="","",IF(COUNTIFS(R$6:R27,">0",S$6:S27,S28,N$6:N27,N28)=0,R28,"")) | U28: =IF(B28="","",IF(J28<>"",0,M28))
B29: 46129 | C29: Harbour Books | D29: Spring catalogue | E29: Cover design | I29: 1 | M29: =IF(B29="","",IF(AND(F29<>"",G29<>""),MAX(0,ROUND(MOD(G29-F29,1)*24-N(H29)/60,2)),N(I29))) | N29: =IF(B29="","",IF(K29<>"",K29,IF(N(IFERROR(INDEX(Projects!$D$6:$D$65,MATCH(D29,Projects!$B$6:$B$65,0)),""))>0,IFERROR(INDEX(Projects!$D$6:$D$65,MATCH(D29,Projects!$B$6:$B$65,0)),""),IFERROR(INDEX(Clients!$G$6:$G$45,MATCH(C29,Clients!$B$6:$B$45,0)),0)))) | O29: =IF(B29="","",IF(J29<>"",0,ROUND(M29*N29,2))) | P29: =IF(OR(B29="",J29<>""),"",IF(L29<>"",L29,IF(COUNTIFS(Invoices!$C$6:$C$305,C29,Invoices!$E$6:$E$305,"<="&B29,Invoices!$F$6:$F$305,">="&B29)=1,INDEX(Invoices!$B$6:$B$305,SUMIFS(Invoices!$O$6:$O$305,Invoices!$C$6:$C$305,C29,Invoices!$E$6:$E$305,"<="&B29,Invoices!$F$6:$F$305,">="&B29)),IF(COUNTIFS(Invoices!$C$6:$C$305,C29,Invoices!$E$6:$E$305,"<="&B29,Invoices!$F$6:$F$305,">="&B29)>1,"Two invoices","")))) | Q29: =IF(B29="","",IF(J29<>"","Not billable",IF(P29="","To invoice",IF(P29="Two invoices","Check dates",IF(ISNA(MATCH(P29,Invoices!$B$6:$B$305,0)),"Check number",IF(INDEX(Invoices!$M$6:$M$305,MATCH(P29,Invoices!$B$6:$B$305,0))="Paid","Paid",IF(INDEX(Invoices!$M$6:$M$305,MATCH(P29,Invoices!$B$6:$B$305,0))="Draft","Draft","Invoiced"))))))) | R29: =IF(AND(B29<>"",P29<>"",P29=Invoice!$G$4),B29+MOD(N(F29),1)+ROW()/10000000,"") | S29: =IF(R29="","",IF(D29="","Other work",D29)&IF(AND(K29<>"",E29<>""),", "&E29,"")) | T29: =IF(R29="","",IF(COUNTIFS(R$6:R28,">0",S$6:S28,S29,N$6:N28,N29)=0,R29,"")) | U29: =IF(B29="","",IF(J29<>"",0,M29))
B30: 46132 | C30: Greenleaf Studio | D30: Monthly social posts | E30: Monthly report | I30: 3 | M30: =IF(B30="","",IF(AND(F30<>"",G30<>""),MAX(0,ROUND(MOD(G30-F30,1)*24-N(H30)/60,2)),N(I30))) | N30: =IF(B30="","",IF(K30<>"",K30,IF(N(IFERROR(INDEX(Projects!$D$6:$D$65,MATCH(D30,Projects!$B$6:$B$65,0)),""))>0,IFERROR(INDEX(Projects!$D$6:$D$65,MATCH(D30,Projects!$B$6:$B$65,0)),""),IFERROR(INDEX(Clients!$G$6:$G$45,MATCH(C30,Clients!$B$6:$B$45,0)),0)))) | O30: =IF(B30="","",IF(J30<>"",0,ROUND(M30*N30,2))) | P30: =IF(OR(B30="",J30<>""),"",IF(L30<>"",L30,IF(COUNTIFS(Invoices!$C$6:$C$305,C30,Invoices!$E$6:$E$305,"<="&B30,Invoices!$F$6:$F$305,">="&B30)=1,INDEX(Invoices!$B$6:$B$305,SUMIFS(Invoices!$O$6:$O$305,Invoices!$C$6:$C$305,C30,Invoices!$E$6:$E$305,"<="&B30,Invoices!$F$6:$F$305,">="&B30)),IF(COUNTIFS(Invoices!$C$6:$C$305,C30,Invoices!$E$6:$E$305,"<="&B30,Invoices!$F$6:$F$305,">="&B30)>1,"Two invoices","")))) | Q30: =IF(B30="","",IF(J30<>"","Not billable",IF(P30="","To invoice",IF(P30="Two invoices","Check dates",IF(ISNA(MATCH(P30,Invoices!$B$6:$B$305,0)),"Check number",IF(INDEX(Invoices!$M$6:$M$305,MATCH(P30,Invoices!$B$6:$B$305,0))="Paid","Paid",IF(INDEX(Invoices!$M$6:$M$305,MATCH(P30,Invoices!$B$6:$B$305,0))="Draft","Draft","Invoiced"))))))) | R30: =IF(AND(B30<>"",P30<>"",P30=Invoice!$G$4),B30+MOD(N(F30),1)+ROW()/10000000,"") | S30: =IF(R30="","",IF(D30="","Other work",D30)&IF(AND(K30<>"",E30<>""),", "&E30,"")) | T30: =IF(R30="","",IF(COUNTIFS(R$6:R29,">0",S$6:S29,S30,N$6:N29,N30)=0,R30,"")) | U30: =IF(B30="","",IF(J30<>"",0,M30))
B31: 46133 | C31: Greenleaf Studio | D31: Monthly social posts | E31: Post designs | I31: 2.5 | M31: =IF(B31="","",IF(AND(F31<>"",G31<>""),MAX(0,ROUND(MOD(G31-F31,1)*24-N(H31)/60,2)),N(I31))) | N31: =IF(B31="","",IF(K31<>"",K31,IF(N(IFERROR(INDEX(Projects!$D$6:$D$65,MATCH(D31,Projects!$B$6:$B$65,0)),""))>0,IFERROR(INDEX(Projects!$D$6:$D$65,MATCH(D31,Projects!$B$6:$B$65,0)),""),IFERROR(INDEX(Clients!$G$6:$G$45,MATCH(C31,Clients!$B$6:$B$45,0)),0)))) | O31: =IF(B31="","",IF(J31<>"",0,ROUND(M31*N31,2))) | P31: =IF(OR(B31="",J31<>""),"",IF(L31<>"",L31,IF(COUNTIFS(Invoices!$C$6:$C$305,C31,Invoices!$E$6:$E$305,"<="&B31,Invoices!$F$6:$F$305,">="&B31)=1,INDEX(Invoices!$B$6:$B$305,SUMIFS(Invoices!$O$6:$O$305,Invoices!$C$6:$C$305,C31,Invoices!$E$6:$E$305,"<="&B31,Invoices!$F$6:$F$305,">="&B31)),IF(COUNTIFS(Invoices!$C$6:$C$305,C31,Invoices!$E$6:$E$305,"<="&B31,Invoices!$F$6:$F$305,">="&B31)>1,"Two invoices","")))) | Q31: =IF(B31="","",IF(J31<>"","Not billable",IF(P31="","To invoice",IF(P31="Two invoices","Check dates",IF(ISNA(MATCH(P31,Invoices!$B$6:$B$305,0)),"Check number",IF(INDEX(Invoices!$M$6:$M$305,MATCH(P31,Invoices!$B$6:$B$305,0))="Paid","Paid",IF(INDEX(Invoices!$M$6:$M$305,MATCH(P31,Invoices!$B$6:$B$305,0))="Draft","Draft","Invoiced"))))))) | R31: =IF(AND(B31<>"",P31<>"",P31=Invoice!$G$4),B31+MOD(N(F31),1)+ROW()/10000000,"") | S31: =IF(R31="","",IF(D31="","Other work",D31)&IF(AND(K31<>"",E31<>""),", "&E31,"")) | T31: =IF(R31="","",IF(COUNTIFS(R$6:R30,">0",S$6:S30,S31,N$6:N30,N31)=0,R31,"")) | U31: =IF(B31="","",IF(J31<>"",0,M31))
B32: 46133 | C32: Harbour Books | D32: Spring catalogue | E32: Cover design | F32: 0.39583333 | G32: 0.47916667 | M32: =IF(B32="","",IF(AND(F32<>"",G32<>""),MAX(0,ROUND(MOD(G32-F32,1)*24-N(H32)/60,2)),N(I32))) | N32: =IF(B32="","",IF(K32<>"",K32,IF(N(IFERROR(INDEX(Projects!$D$6:$D$65,MATCH(D32,Projects!$B$6:$B$65,0)),""))>0,IFERROR(INDEX(Projects!$D$6:$D$65,MATCH(D32,Projects!$B$6:$B$65,0)),""),IFERROR(INDEX(Clients!$G$6:$G$45,MATCH(C32,Clients!$B$6:$B$45,0)),0)))) | O32: =IF(B32="","",IF(J32<>"",0,ROUND(M32*N32,2))) | P32: =IF(OR(B32="",J32<>""),"",IF(L32<>"",L32,IF(COUNTIFS(Invoices!$C$6:$C$305,C32,Invoices!$E$6:$E$305,"<="&B32,Invoices!$F$6:$F$305,">="&B32)=1,INDEX(Invoices!$B$6:$B$305,SUMIFS(Invoices!$O$6:$O$305,Invoices!$C$6:$C$305,C32,Invoices!$E$6:$E$305,"<="&B32,Invoices!$F$6:$F$305,">="&B32)),IF(COUNTIFS(Invoices!$C$6:$C$305,C32,Invoices!$E$6:$E$305,"<="&B32,Invoices!$F$6:$F$305,">="&B32)>1,"Two invoices","")))) | Q32: =IF(B32="","",IF(J32<>"","Not billable",IF(P32="","To invoice",IF(P32="Two invoices","Check dates",IF(ISNA(MATCH(P32,Invoices!$B$6:$B$305,0)),"Check number",IF(INDEX(Invoices!$M$6:$M$305,MATCH(P32,Invoices!$B$6:$B$305,0))="Paid","Paid",IF(INDEX(Invoices!$M$6:$M$305,MATCH(P32,Invoices!$B$6:$B$305,0))="Draft","Draft","Invoiced"))))))) | R32: =IF(AND(B32<>"",P32<>"",P32=Invoice!$G$4),B32+MOD(N(F32),1)+ROW()/10000000,"") | S32: =IF(R32="","",IF(D32="","Other work",D32)&IF(AND(K32<>"",E32<>""),", "&E32,"")) | T32: =IF(R32="","",IF(COUNTIFS(R$6:R31,">0",S$6:S31,S32,N$6:N31,N32)=0,R32,"")) | U32: =IF(B32="","",IF(J32<>"",0,M32))
B33: 46134 | C33: Harbour Books | D33: Spring catalogue | E33: Cover design | I33: 2.5 | M33: =IF(B33="","",IF(AND(F33<>"",G33<>""),MAX(0,ROUND(MOD(G33-F33,1)*24-N(H33)/60,2)),N(I33))) | N33: =IF(B33="","",IF(K33<>"",K33,IF(N(IFERROR(INDEX(Projects!$D$6:$D$65,MATCH(D33,Projects!$B$6:$B$65,0)),""))>0,IFERROR(INDEX(Projects!$D$6:$D$65,MATCH(D33,Projects!$B$6:$B$65,0)),""),IFERROR(INDEX(Clients!$G$6:$G$45,MATCH(C33,Clients!$B$6:$B$45,0)),0)))) | O33: =IF(B33="","",IF(J33<>"",0,ROUND(M33*N33,2))) | P33: =IF(OR(B33="",J33<>""),"",IF(L33<>"",L33,IF(COUNTIFS(Invoices!$C$6:$C$305,C33,Invoices!$E$6:$E$305,"<="&B33,Invoices!$F$6:$F$305,">="&B33)=1,INDEX(Invoices!$B$6:$B$305,SUMIFS(Invoices!$O$6:$O$305,Invoices!$C$6:$C$305,C33,Invoices!$E$6:$E$305,"<="&B33,Invoices!$F$6:$F$305,">="&B33)),IF(COUNTIFS(Invoices!$C$6:$C$305,C33,Invoices!$E$6:$E$305,"<="&B33,Invoices!$F$6:$F$305,">="&B33)>1,"Two invoices","")))) | Q33: =IF(B33="","",IF(J33<>"","Not billable",IF(P33="","To invoice",IF(P33="Two invoices","Check dates",IF(ISNA(MATCH(P33,Invoices!$B$6:$B$305,0)),"Check number",IF(INDEX(Invoices!$M$6:$M$305,MATCH(P33,Invoices!$B$6:$B$305,0))="Paid","Paid",IF(INDEX(Invoices!$M$6:$M$305,MATCH(P33,Invoices!$B$6:$B$305,0))="Draft","Draft","Invoiced"))))))) | R33: =IF(AND(B33<>"",P33<>"",P33=Invoice!$G$4),B33+MOD(N(F33),1)+ROW()/10000000,"") | S33: =IF(R33="","",IF(D33="","Other work",D33)&IF(AND(K33<>"",E33<>""),", "&E33,"")) | T33: =IF(R33="","",IF(COUNTIFS(R$6:R32,">0",S$6:S32,S33,N$6:N32,N33)=0,R33,"")) | U33: =IF(B33="","",IF(J33<>"",0,M33))
B34: 46134 | C34: Harbour Books | D34: Spring catalogue | E34: Product pages | I34: 1.5 | M34: =IF(B34="","",IF(AND(F34<>"",G34<>""),MAX(0,ROUND(MOD(G34-F34,1)*24-N(H34)/60,2)),N(I34))) | N34: =IF(B34="","",IF(K34<>"",K34,IF(N(IFERROR(INDEX(Projects!$D$6:$D$65,MATCH(D34,Projects!$B$6:$B$65,0)),""))>0,IFERROR(INDEX(Projects!$D$6:$D$65,MATCH(D34,Projects!$B$6:$B$65,0)),""),IFERROR(INDEX(Clients!$G$6:$G$45,MATCH(C34,Clients!$B$6:$B$45,0)),0)))) | O34: =IF(B34="","",IF(J34<>"",0,ROUND(M34*N34,2))) | P34: =IF(OR(B34="",J34<>""),"",IF(L34<>"",L34,IF(COUNTIFS(Invoices!$C$6:$C$305,C34,Invoices!$E$6:$E$305,"<="&B34,Invoices!$F$6:$F$305,">="&B34)=1,INDEX(Invoices!$B$6:$B$305,SUMIFS(Invoices!$O$6:$O$305,Invoices!$C$6:$C$305,C34,Invoices!$E$6:$E$305,"<="&B34,Invoices!$F$6:$F$305,">="&B34)),IF(COUNTIFS(Invoices!$C$6:$C$305,C34,Invoices!$E$6:$E$305,"<="&B34,Invoices!$F$6:$F$305,">="&B34)>1,"Two invoices","")))) | Q34: =IF(B34="","",IF(J34<>"","Not billable",IF(P34="","To invoice",IF(P34="Two invoices","Check dates",IF(ISNA(MATCH(P34,Invoices!$B$6:$B$305,0)),"Check number",IF(INDEX(Invoices!$M$6:$M$305,MATCH(P34,Invoices!$B$6:$B$305,0))="Paid","Paid",IF(INDEX(Invoices!$M$6:$M$305,MATCH(P34,Invoices!$B$6:$B$305,0))="Draft","Draft","Invoiced"))))))) | R34: =IF(AND(B34<>"",P34<>"",P34=Invoice!$G$4),B34+MOD(N(F34),1)+ROW()/10000000,"") | S34: =IF(R34="","",IF(D34="","Other work",D34)&IF(AND(K34<>"",E34<>""),", "&E34,"")) | T34: =IF(R34="","",IF(COUNTIFS(R$6:R33,">0",S$6:S33,S34,N$6:N33,N34)=0,R34,"")) | U34: =IF(B34="","",IF(J34<>"",0,M34))
B35: 46135 | C35: Harbour Books | D35: Spring catalogue | E35: Product pages | F35: 0.39583333 | G35: 0.47916667 | M35: =IF(B35="","",IF(AND(F35<>"",G35<>""),MAX(0,ROUND(MOD(G35-F35,1)*24-N(H35)/60,2)),N(I35))) | N35: =IF(B35="","",IF(K35<>"",K35,IF(N(IFERROR(INDEX(Projects!$D$6:$D$65,MATCH(D35,Projects!$B$6:$B$65,0)),""))>0,IFERROR(INDEX(Projects!$D$6:$D$65,MATCH(D35,Projects!$B$6:$B$65,0)),""),IFERROR(INDEX(Clients!$G$6:$G$45,MATCH(C35,Clients!$B$6:$B$45,0)),0)))) | O35: =IF(B35="","",IF(J35<>"",0,ROUND(M35*N35,2))) | P35: =IF(OR(B35="",J35<>""),"",IF(L35<>"",L35,IF(COUNTIFS(Invoices!$C$6:$C$305,C35,Invoices!$E$6:$E$305,"<="&B35,Invoices!$F$6:$F$305,">="&B35)=1,INDEX(Invoices!$B$6:$B$305,SUMIFS(Invoices!$O$6:$O$305,Invoices!$C$6:$C$305,C35,Invoices!$E$6:$E$305,"<="&B35,Invoices!$F$6:$F$305,">="&B35)),IF(COUNTIFS(Invoices!$C$6:$C$305,C35,Invoices!$E$6:$E$305,"<="&B35,Invoices!$F$6:$F$305,">="&B35)>1,"Two invoices","")))) | Q35: =IF(B35="","",IF(J35<>"","Not billable",IF(P35="","To invoice",IF(P35="Two invoices","Check dates",IF(ISNA(MATCH(P35,Invoices!$B$6:$B$305,0)),"Check number",IF(INDEX(Invoices!$M$6:$M$305,MATCH(P35,Invoices!$B$6:$B$305,0))="Paid","Paid",IF(INDEX(Invoices!$M$6:$M$305,MATCH(P35,Invoices!$B$6:$B$305,0))="Draft","Draft","Invoiced"))))))) | R35: =IF(AND(B35<>"",P35<>"",P35=Invoice!$G$4),B35+MOD(N(F35),1)+ROW()/10000000,"") | S35: =IF(R35="","",IF(D35="","Other work",D35)&IF(AND(K35<>"",E35<>""),", "&E35,"")) | T35: =IF(R35="","",IF(COUNTIFS(R$6:R34,">0",S$6:S34,S35,N$6:N34,N35)=0,R35,"")) | U35: =IF(B35="","",IF(J35<>"",0,M35))
B36: 46135 | C36: Harbour Books | D36: Spring catalogue | E36: Proof corrections | F36: 0.48958333 | G36: 0.53125 | M36: =IF(B36="","",IF(AND(F36<>"",G36<>""),MAX(0,ROUND(MOD(G36-F36,1)*24-N(H36)/60,2)),N(I36))) | N36: =IF(B36="","",IF(K36<>"",K36,IF(N(IFERROR(INDEX(Projects!$D$6:$D$65,MATCH(D36,Projects!$B$6:$B$65,0)),""))>0,IFERROR(INDEX(Projects!$D$6:$D$65,MATCH(D36,Projects!$B$6:$B$65,0)),""),IFERROR(INDEX(Clients!$G$6:$G$45,MATCH(C36,Clients!$B$6:$B$45,0)),0)))) | O36: =IF(B36="","",IF(J36<>"",0,ROUND(M36*N36,2))) | P36: =IF(OR(B36="",J36<>""),"",IF(L36<>"",L36,IF(COUNTIFS(Invoices!$C$6:$C$305,C36,Invoices!$E$6:$E$305,"<="&B36,Invoices!$F$6:$F$305,">="&B36)=1,INDEX(Invoices!$B$6:$B$305,SUMIFS(Invoices!$O$6:$O$305,Invoices!$C$6:$C$305,C36,Invoices!$E$6:$E$305,"<="&B36,Invoices!$F$6:$F$305,">="&B36)),IF(COUNTIFS(Invoices!$C$6:$C$305,C36,Invoices!$E$6:$E$305,"<="&B36,Invoices!$F$6:$F$305,">="&B36)>1,"Two invoices","")))) | Q36: =IF(B36="","",IF(J36<>"","Not billable",IF(P36="","To invoice",IF(P36="Two invoices","Check dates",IF(ISNA(MATCH(P36,Invoices!$B$6:$B$305,0)),"Check number",IF(INDEX(Invoices!$M$6:$M$305,MATCH(P36,Invoices!$B$6:$B$305,0))="Paid","Paid",IF(INDEX(Invoices!$M$6:$M$305,MATCH(P36,Invoices!$B$6:$B$305,0))="Draft","Draft","Invoiced"))))))) | R36: =IF(AND(B36<>"",P36<>"",P36=Invoice!$G$4),B36+MOD(N(F36),1)+ROW()/10000000,"") | S36: =IF(R36="","",IF(D36="","Other work",D36)&IF(AND(K36<>"",E36<>""),", "&E36,"")) | T36: =IF(R36="","",IF(COUNTIFS(R$6:R35,">0",S$6:S35,S36,N$6:N35,N36)=0,R36,"")) | U36: =IF(B36="","",IF(J36<>"",0,M36))
B37: 46136 | C37: Greenleaf Studio | D37: Monthly social posts | E37: Post designs | I37: 1 | M37: =IF(B37="","",IF(AND(F37<>"",G37<>""),MAX(0,ROUND(MOD(G37-F37,1)*24-N(H37)/60,2)),N(I37))) | N37: =IF(B37="","",IF(K37<>"",K37,IF(N(IFERROR(INDEX(Projects!$D$6:$D$65,MATCH(D37,Projects!$B$6:$B$65,0)),""))>0,IFERROR(INDEX(Projects!$D$6:$D$65,MATCH(D37,Projects!$B$6:$B$65,0)),""),IFERROR(INDEX(Clients!$G$6:$G$45,MATCH(C37,Clients!$B$6:$B$45,0)),0)))) | O37: =IF(B37="","",IF(J37<>"",0,ROUND(M37*N37,2))) | P37: =IF(OR(B37="",J37<>""),"",IF(L37<>"",L37,IF(COUNTIFS(Invoices!$C$6:$C$305,C37,Invoices!$E$6:$E$305,"<="&B37,Invoices!$F$6:$F$305,">="&B37)=1,INDEX(Invoices!$B$6:$B$305,SUMIFS(Invoices!$O$6:$O$305,Invoices!$C$6:$C$305,C37,Invoices!$E$6:$E$305,"<="&B37,Invoices!$F$6:$F$305,">="&B37)),IF(COUNTIFS(Invoices!$C$6:$C$305,C37,Invoices!$E$6:$E$305,"<="&B37,Invoices!$F$6:$F$305,">="&B37)>1,"Two invoices","")))) | Q37: =IF(B37="","",IF(J37<>"","Not billable",IF(P37="","To invoice",IF(P37="Two invoices","Check dates",IF(ISNA(MATCH(P37,Invoices!$B$6:$B$305,0)),"Check number",IF(INDEX(Invoices!$M$6:$M$305,MATCH(P37,Invoices!$B$6:$B$305,0))="Paid","Paid",IF(INDEX(Invoices!$M$6:$M$305,MATCH(P37,Invoices!$B$6:$B$305,0))="Draft","Draft","Invoiced"))))))) | R37: =IF(AND(B37<>"",P37<>"",P37=Invoice!$G$4),B37+MOD(N(F37),1)+ROW()/10000000,"") | S37: =IF(R37="","",IF(D37="","Other work",D37)&IF(AND(K37<>"",E37<>""),", "&E37,"")) | T37: =IF(R37="","",IF(COUNTIFS(R$6:R36,">0",S$6:S36,S37,N$6:N36,N37)=0,R37,"")) | U37: =IF(B37="","",IF(J37<>"",0,M37))
B38: 46136 | C38: Harbour Books | D38: Spring catalogue | E38: Product pages | I38: 2 | M38: =IF(B38="","",IF(AND(F38<>"",G38<>""),MAX(0,ROUND(MOD(G38-F38,1)*24-N(H38)/60,2)),N(I38))) | N38: =IF(B38="","",IF(K38<>"",K38,IF(N(IFERROR(INDEX(Projects!$D$6:$D$65,MATCH(D38,Projects!$B$6:$B$65,0)),""))>0,IFERROR(INDEX(Projects!$D$6:$D$65,MATCH(D38,Projects!$B$6:$B$65,0)),""),IFERROR(INDEX(Clients!$G$6:$G$45,MATCH(C38,Clients!$B$6:$B$45,0)),0)))) | O38: =IF(B38="","",IF(J38<>"",0,ROUND(M38*N38,2))) | P38: =IF(OR(B38="",J38<>""),"",IF(L38<>"",L38,IF(COUNTIFS(Invoices!$C$6:$C$305,C38,Invoices!$E$6:$E$305,"<="&B38,Invoices!$F$6:$F$305,">="&B38)=1,INDEX(Invoices!$B$6:$B$305,SUMIFS(Invoices!$O$6:$O$305,Invoices!$C$6:$C$305,C38,Invoices!$E$6:$E$305,"<="&B38,Invoices!$F$6:$F$305,">="&B38)),IF(COUNTIFS(Invoices!$C$6:$C$305,C38,Invoices!$E$6:$E$305,"<="&B38,Invoices!$F$6:$F$305,">="&B38)>1,"Two invoices","")))) | Q38: =IF(B38="","",IF(J38<>"","Not billable",IF(P38="","To invoice",IF(P38="Two invoices","Check dates",IF(ISNA(MATCH(P38,Invoices!$B$6:$B$305,0)),"Check number",IF(INDEX(Invoices!$M$6:$M$305,MATCH(P38,Invoices!$B$6:$B$305,0))="Paid","Paid",IF(INDEX(Invoices!$M$6:$M$305,MATCH(P38,Invoices!$B$6:$B$305,0))="Draft","Draft","Invoiced"))))))) | R38: =IF(AND(B38<>"",P38<>"",P38=Invoice!$G$4),B38+MOD(N(F38),1)+ROW()/10000000,"") | S38: =IF(R38="","",IF(D38="","Other work",D38)&IF(AND(K38<>"",E38<>""),", "&E38,"")) | T38: =IF(R38="","",IF(COUNTIFS(R$6:R37,">0",S$6:S37,S38,N$6:N37,N38)=0,R38,"")) | U38: =IF(B38="","",IF(J38<>"",0,M38))
B39: 46136 | C39: Greenleaf Studio | D39: Monthly social posts | E39: Monthly report | F39: 0.375 | G39: 0.45833333 | M39: =IF(B39="","",IF(AND(F39<>"",G39<>""),MAX(0,ROUND(MOD(G39-F39,1)*24-N(H39)/60,2)),N(I39))) | N39: =IF(B39="","",IF(K39<>"",K39,IF(N(IFERROR(INDEX(Projects!$D$6:$D$65,MATCH(D39,Projects!$B$6:$B$65,0)),""))>0,IFERROR(INDEX(Projects!$D$6:$D$65,MATCH(D39,Projects!$B$6:$B$65,0)),""),IFERROR(INDEX(Clients!$G$6:$G$45,MATCH(C39,Clients!$B$6:$B$45,0)),0)))) | O39: =IF(B39="","",IF(J39<>"",0,ROUND(M39*N39,2))) | P39: =IF(OR(B39="",J39<>""),"",IF(L39<>"",L39,IF(COUNTIFS(Invoices!$C$6:$C$305,C39,Invoices!$E$6:$E$305,"<="&B39,Invoices!$F$6:$F$305,">="&B39)=1,INDEX(Invoices!$B$6:$B$305,SUMIFS(Invoices!$O$6:$O$305,Invoices!$C$6:$C$305,C39,Invoices!$E$6:$E$305,"<="&B39,Invoices!$F$6:$F$305,">="&B39)),IF(COUNTIFS(Invoices!$C$6:$C$305,C39,Invoices!$E$6:$E$305,"<="&B39,Invoices!$F$6:$F$305,">="&B39)>1,"Two invoices","")))) | Q39: =IF(B39="","",IF(J39<>"","Not billable",IF(P39="","To invoice",IF(P39="Two invoices","Check dates",IF(ISNA(MATCH(P39,Invoices!$B$6:$B$305,0)),"Check number",IF(INDEX(Invoices!$M$6:$M$305,MATCH(P39,Invoices!$B$6:$B$305,0))="Paid","Paid",IF(INDEX(Invoices!$M$6:$M$305,MATCH(P39,Invoices!$B$6:$B$305,0))="Draft","Draft","Invoiced"))))))) | R39: =IF(AND(B39<>"",P39<>"",P39=Invoice!$G$4),B39+MOD(N(F39),1)+ROW()/10000000,"") | S39: =IF(R39="","",IF(D39="","Other work",D39)&IF(AND(K39<>"",E39<>""),", "&E39,"")) | T39: =IF(R39="","",IF(COUNTIFS(R$6:R38,">0",S$6:S38,S39,N$6:N38,N39)=0,R39,"")) | U39: =IF(B39="","",IF(J39<>"",0,M39))
B40: 46139 | C40: Harbour Books | D40: Spring catalogue | E40: Catalogue layout | I40: 2 | M40: =IF(B40="","",IF(AND(F40<>"",G40<>""),MAX(0,ROUND(MOD(G40-F40,1)*24-N(H40)/60,2)),N(I40))) | N40: =IF(B40="","",IF(K40<>"",K40,IF(N(IFERROR(INDEX(Projects!$D$6:$D$65,MATCH(D40,Projects!$B$6:$B$65,0)),""))>0,IFERROR(INDEX(Projects!$D$6:$D$65,MATCH(D40,Projects!$B$6:$B$65,0)),""),IFERROR(INDEX(Clients!$G$6:$G$45,MATCH(C40,Clients!$B$6:$B$45,0)),0)))) | O40: =IF(B40="","",IF(J40<>"",0,ROUND(M40*N40,2))) | P40: =IF(OR(B40="",J40<>""),"",IF(L40<>"",L40,IF(COUNTIFS(Invoices!$C$6:$C$305,C40,Invoices!$E$6:$E$305,"<="&B40,Invoices!$F$6:$F$305,">="&B40)=1,INDEX(Invoices!$B$6:$B$305,SUMIFS(Invoices!$O$6:$O$305,Invoices!$C$6:$C$305,C40,Invoices!$E$6:$E$305,"<="&B40,Invoices!$F$6:$F$305,">="&B40)),IF(COUNTIFS(Invoices!$C$6:$C$305,C40,Invoices!$E$6:$E$305,"<="&B40,Invoices!$F$6:$F$305,">="&B40)>1,"Two invoices","")))) | Q40: =IF(B40="","",IF(J40<>"","Not billable",IF(P40="","To invoice",IF(P40="Two invoices","Check dates",IF(ISNA(MATCH(P40,Invoices!$B$6:$B$305,0)),"Check number",IF(INDEX(Invoices!$M$6:$M$305,MATCH(P40,Invoices!$B$6:$B$305,0))="Paid","Paid",IF(INDEX(Invoices!$M$6:$M$305,MATCH(P40,Invoices!$B$6:$B$305,0))="Draft","Draft","Invoiced"))))))) | R40: =IF(AND(B40<>"",P40<>"",P40=Invoice!$G$4),B40+MOD(N(F40),1)+ROW()/10000000,"") | S40: =IF(R40="","",IF(D40="","Other work",D40)&IF(AND(K40<>"",E40<>""),", "&E40,"")) | T40: =IF(R40="","",IF(COUNTIFS(R$6:R39,">0",S$6:S39,S40,N$6:N39,N40)=0,R40,"")) | U40: =IF(B40="","",IF(J40<>"",0,M40))
B41: 46139 | C41: Harbour Books | D41: Spring catalogue | E41: Product pages | F41: 0.375 | G41: 0.45833333 | M41: =IF(B41="","",IF(AND(F41<>"",G41<>""),MAX(0,ROUND(MOD(G41-F41,1)*24-N(H41)/60,2)),N(I41))) | N41: =IF(B41="","",IF(K41<>"",K41,IF(N(IFERROR(INDEX(Projects!$D$6:$D$65,MATCH(D41,Projects!$B$6:$B$65,0)),""))>0,IFERROR(INDEX(Projects!$D$6:$D$65,MATCH(D41,Projects!$B$6:$B$65,0)),""),IFERROR(INDEX(Clients!$G$6:$G$45,MATCH(C41,Clients!$B$6:$B$45,0)),0)))) | O41: =IF(B41="","",IF(J41<>"",0,ROUND(M41*N41,2))) | P41: =IF(OR(B41="",J41<>""),"",IF(L41<>"",L41,IF(COUNTIFS(Invoices!$C$6:$C$305,C41,Invoices!$E$6:$E$305,"<="&B41,Invoices!$F$6:$F$305,">="&B41)=1,INDEX(Invoices!$B$6:$B$305,SUMIFS(Invoices!$O$6:$O$305,Invoices!$C$6:$C$305,C41,Invoices!$E$6:$E$305,"<="&B41,Invoices!$F$6:$F$305,">="&B41)),IF(COUNTIFS(Invoices!$C$6:$C$305,C41,Invoices!$E$6:$E$305,"<="&B41,Invoices!$F$6:$F$305,">="&B41)>1,"Two invoices","")))) | Q41: =IF(B41="","",IF(J41<>"","Not billable",IF(P41="","To invoice",IF(P41="Two invoices","Check dates",IF(ISNA(MATCH(P41,Invoices!$B$6:$B$305,0)),"Check number",IF(INDEX(Invoices!$M$6:$M$305,MATCH(P41,Invoices!$B$6:$B$305,0))="Paid","Paid",IF(INDEX(Invoices!$M$6:$M$305,MATCH(P41,Invoices!$B$6:$B$305,0))="Draft","Draft","Invoiced"))))))) | R41: =IF(AND(B41<>"",P41<>"",P41=Invoice!$G$4),B41+MOD(N(F41),1)+ROW()/10000000,"") | S41: =IF(R41="","",IF(D41="","Other work",D41)&IF(AND(K41<>"",E41<>""),", "&E41,"")) | T41: =IF(R41="","",IF(COUNTIFS(R$6:R40,">0",S$6:S40,S41,N$6:N40,N41)=0,R41,"")) | U41: =IF(B41="","",IF(J41<>"",0,M41))
B42: 46140 | C42: Harbour Books | D42: Spring catalogue | E42: Catalogue layout | I42: 2.5 | M42: =IF(B42="","",IF(AND(F42<>"",G42<>""),MAX(0,ROUND(MOD(G42-F42,1)*24-N(H42)/60,2)),N(I42))) | N42: =IF(B42="","",IF(K42<>"",K42,IF(N(IFERROR(INDEX(Projects!$D$6:$D$65,MATCH(D42,Projects!$B$6:$B$65,0)),""))>0,IFERROR(INDEX(Projects!$D$6:$D$65,MATCH(D42,Projects!$B$6:$B$65,0)),""),IFERROR(INDEX(Clients!$G$6:$G$45,MATCH(C42,Clients!$B$6:$B$45,0)),0)))) | O42: =IF(B42="","",IF(J42<>"",0,ROUND(M42*N42,2))) | P42: =IF(OR(B42="",J42<>""),"",IF(L42<>"",L42,IF(COUNTIFS(Invoices!$C$6:$C$305,C42,Invoices!$E$6:$E$305,"<="&B42,Invoices!$F$6:$F$305,">="&B42)=1,INDEX(Invoices!$B$6:$B$305,SUMIFS(Invoices!$O$6:$O$305,Invoices!$C$6:$C$305,C42,Invoices!$E$6:$E$305,"<="&B42,Invoices!$F$6:$F$305,">="&B42)),IF(COUNTIFS(Invoices!$C$6:$C$305,C42,Invoices!$E$6:$E$305,"<="&B42,Invoices!$F$6:$F$305,">="&B42)>1,"Two invoices","")))) | Q42: =IF(B42="","",IF(J42<>"","Not billable",IF(P42="","To invoice",IF(P42="Two invoices","Check dates",IF(ISNA(MATCH(P42,Invoices!$B$6:$B$305,0)),"Check number",IF(INDEX(Invoices!$M$6:$M$305,MATCH(P42,Invoices!$B$6:$B$305,0))="Paid","Paid",IF(INDEX(Invoices!$M$6:$M$305,MATCH(P42,Invoices!$B$6:$B$305,0))="Draft","Draft","Invoiced"))))))) | R42: =IF(AND(B42<>"",P42<>"",P42=Invoice!$G$4),B42+MOD(N(F42),1)+ROW()/10000000,"") | S42: =IF(R42="","",IF(D42="","Other work",D42)&IF(AND(K42<>"",E42<>""),", "&E42,"")) | T42: =IF(R42="","",IF(COUNTIFS(R$6:R41,">0",S$6:S41,S42,N$6:N41,N42)=0,R42,"")) | U42: =IF(B42="","",IF(J42<>"",0,M42))
B43: 46140 | C43: Harbour Books | D43: Spring catalogue | E43: Product pages | I43: 1.5 | M43: =IF(B43="","",IF(AND(F43<>"",G43<>""),MAX(0,ROUND(MOD(G43-F43,1)*24-N(H43)/60,2)),N(I43))) | N43: =IF(B43="","",IF(K43<>"",K43,IF(N(IFERROR(INDEX(Projects!$D$6:$D$65,MATCH(D43,Projects!$B$6:$B$65,0)),""))>0,IFERROR(INDEX(Projects!$D$6:$D$65,MATCH(D43,Projects!$B$6:$B$65,0)),""),IFERROR(INDEX(Clients!$G$6:$G$45,MATCH(C43,Clients!$B$6:$B$45,0)),0)))) | O43: =IF(B43="","",IF(J43<>"",0,ROUND(M43*N43,2))) | P43: =IF(OR(B43="",J43<>""),"",IF(L43<>"",L43,IF(COUNTIFS(Invoices!$C$6:$C$305,C43,Invoices!$E$6:$E$305,"<="&B43,Invoices!$F$6:$F$305,">="&B43)=1,INDEX(Invoices!$B$6:$B$305,SUMIFS(Invoices!$O$6:$O$305,Invoices!$C$6:$C$305,C43,Invoices!$E$6:$E$305,"<="&B43,Invoices!$F$6:$F$305,">="&B43)),IF(COUNTIFS(Invoices!$C$6:$C$305,C43,Invoices!$E$6:$E$305,"<="&B43,Invoices!$F$6:$F$305,">="&B43)>1,"Two invoices","")))) | Q43: =IF(B43="","",IF(J43<>"","Not billable",IF(P43="","To invoice",IF(P43="Two invoices","Check dates",IF(ISNA(MATCH(P43,Invoices!$B$6:$B$305,0)),"Check number",IF(INDEX(Invoices!$M$6:$M$305,MATCH(P43,Invoices!$B$6:$B$305,0))="Paid","Paid",IF(INDEX(Invoices!$M$6:$M$305,MATCH(P43,Invoices!$B$6:$B$305,0))="Draft","Draft","Invoiced"))))))) | R43: =IF(AND(B43<>"",P43<>"",P43=Invoice!$G$4),B43+MOD(N(F43),1)+ROW()/10000000,"") | S43: =IF(R43="","",IF(D43="","Other work",D43)&IF(AND(K43<>"",E43<>""),", "&E43,"")) | T43: =IF(R43="","",IF(COUNTIFS(R$6:R42,">0",S$6:S42,S43,N$6:N42,N43)=0,R43,"")) | U43: =IF(B43="","",IF(J43<>"",0,M43))
B44: 46141 | C44: Harbour Books | D44: Spring catalogue | E44: Cover design | I44: 2 | M44: =IF(B44="","",IF(AND(F44<>"",G44<>""),MAX(0,ROUND(MOD(G44-F44,1)*24-N(H44)/60,2)),N(I44))) | N44: =IF(B44="","",IF(K44<>"",K44,IF(N(IFERROR(INDEX(Projects!$D$6:$D$65,MATCH(D44,Projects!$B$6:$B$65,0)),""))>0,IFERROR(INDEX(Projects!$D$6:$D$65,MATCH(D44,Projects!$B$6:$B$65,0)),""),IFERROR(INDEX(Clients!$G$6:$G$45,MATCH(C44,Clients!$B$6:$B$45,0)),0)))) | O44: =IF(B44="","",IF(J44<>"",0,ROUND(M44*N44,2))) | P44: =IF(OR(B44="",J44<>""),"",IF(L44<>"",L44,IF(COUNTIFS(Invoices!$C$6:$C$305,C44,Invoices!$E$6:$E$305,"<="&B44,Invoices!$F$6:$F$305,">="&B44)=1,INDEX(Invoices!$B$6:$B$305,SUMIFS(Invoices!$O$6:$O$305,Invoices!$C$6:$C$305,C44,Invoices!$E$6:$E$305,"<="&B44,Invoices!$F$6:$F$305,">="&B44)),IF(COUNTIFS(Invoices!$C$6:$C$305,C44,Invoices!$E$6:$E$305,"<="&B44,Invoices!$F$6:$F$305,">="&B44)>1,"Two invoices","")))) | Q44: =IF(B44="","",IF(J44<>"","Not billable",IF(P44="","To invoice",IF(P44="Two invoices","Check dates",IF(ISNA(MATCH(P44,Invoices!$B$6:$B$305,0)),"Check number",IF(INDEX(Invoices!$M$6:$M$305,MATCH(P44,Invoices!$B$6:$B$305,0))="Paid","Paid",IF(INDEX(Invoices!$M$6:$M$305,MATCH(P44,Invoices!$B$6:$B$305,0))="Draft","Draft","Invoiced"))))))) | R44: =IF(AND(B44<>"",P44<>"",P44=Invoice!$G$4),B44+MOD(N(F44),1)+ROW()/10000000,"") | S44: =IF(R44="","",IF(D44="","Other work",D44)&IF(AND(K44<>"",E44<>""),", "&E44,"")) | T44: =IF(R44="","",IF(COUNTIFS(R$6:R43,">0",S$6:S43,S44,N$6:N43,N44)=0,R44,"")) | U44: =IF(B44="","",IF(J44<>"",0,M44))
B45: 46141 | C45: Greenleaf Studio | D45: Monthly social posts | E45: Post designs | F45: 0.39583333 | G45: 0.5 | M45: =IF(B45="","",IF(AND(F45<>"",G45<>""),MAX(0,ROUND(MOD(G45-F45,1)*24-N(H45)/60,2)),N(I45))) | N45: =IF(B45="","",IF(K45<>"",K45,IF(N(IFERROR(INDEX(Projects!$D$6:$D$65,MATCH(D45,Projects!$B$6:$B$65,0)),""))>0,IFERROR(INDEX(Projects!$D$6:$D$65,MATCH(D45,Projects!$B$6:$B$65,0)),""),IFERROR(INDEX(Clients!$G$6:$G$45,MATCH(C45,Clients!$B$6:$B$45,0)),0)))) | O45: =IF(B45="","",IF(J45<>"",0,ROUND(M45*N45,2))) | P45: =IF(OR(B45="",J45<>""),"",IF(L45<>"",L45,IF(COUNTIFS(Invoices!$C$6:$C$305,C45,Invoices!$E$6:$E$305,"<="&B45,Invoices!$F$6:$F$305,">="&B45)=1,INDEX(Invoices!$B$6:$B$305,SUMIFS(Invoices!$O$6:$O$305,Invoices!$C$6:$C$305,C45,Invoices!$E$6:$E$305,"<="&B45,Invoices!$F$6:$F$305,">="&B45)),IF(COUNTIFS(Invoices!$C$6:$C$305,C45,Invoices!$E$6:$E$305,"<="&B45,Invoices!$F$6:$F$305,">="&B45)>1,"Two invoices","")))) | Q45: =IF(B45="","",IF(J45<>"","Not billable",IF(P45="","To invoice",IF(P45="Two invoices","Check dates",IF(ISNA(MATCH(P45,Invoices!$B$6:$B$305,0)),"Check number",IF(INDEX(Invoices!$M$6:$M$305,MATCH(P45,Invoices!$B$6:$B$305,0))="Paid","Paid",IF(INDEX(Invoices!$M$6:$M$305,MATCH(P45,Invoices!$B$6:$B$305,0))="Draft","Draft","Invoiced"))))))) | R45: =IF(AND(B45<>"",P45<>"",P45=Invoice!$G$4),B45+MOD(N(F45),1)+ROW()/10000000,"") | S45: =IF(R45="","",IF(D45="","Other work",D45)&IF(AND(K45<>"",E45<>""),", "&E45,"")) | T45: =IF(R45="","",IF(COUNTIFS(R$6:R44,">0",S$6:S44,S45,N$6:N44,N45)=0,R45,"")) | U45: =IF(B45="","",IF(J45<>"",0,M45))
B46: 46142 | C46: Harbour Books | D46: Spring catalogue | E46: Proof corrections | I46: 1 | M46: =IF(B46="","",IF(AND(F46<>"",G46<>""),MAX(0,ROUND(MOD(G46-F46,1)*24-N(H46)/60,2)),N(I46))) | N46: =IF(B46="","",IF(K46<>"",K46,IF(N(IFERROR(INDEX(Projects!$D$6:$D$65,MATCH(D46,Projects!$B$6:$B$65,0)),""))>0,IFERROR(INDEX(Projects!$D$6:$D$65,MATCH(D46,Projects!$B$6:$B$65,0)),""),IFERROR(INDEX(Clients!$G$6:$G$45,MATCH(C46,Clients!$B$6:$B$45,0)),0)))) | O46: =IF(B46="","",IF(J46<>"",0,ROUND(M46*N46,2))) | P46: =IF(OR(B46="",J46<>""),"",IF(L46<>"",L46,IF(COUNTIFS(Invoices!$C$6:$C$305,C46,Invoices!$E$6:$E$305,"<="&B46,Invoices!$F$6:$F$305,">="&B46)=1,INDEX(Invoices!$B$6:$B$305,SUMIFS(Invoices!$O$6:$O$305,Invoices!$C$6:$C$305,C46,Invoices!$E$6:$E$305,"<="&B46,Invoices!$F$6:$F$305,">="&B46)),IF(COUNTIFS(Invoices!$C$6:$C$305,C46,Invoices!$E$6:$E$305,"<="&B46,Invoices!$F$6:$F$305,">="&B46)>1,"Two invoices","")))) | Q46: =IF(B46="","",IF(J46<>"","Not billable",IF(P46="","To invoice",IF(P46="Two invoices","Check dates",IF(ISNA(MATCH(P46,Invoices!$B$6:$B$305,0)),"Check number",IF(INDEX(Invoices!$M$6:$M$305,MATCH(P46,Invoices!$B$6:$B$305,0))="Paid","Paid",IF(INDEX(Invoices!$M$6:$M$305,MATCH(P46,Invoices!$B$6:$B$305,0))="Draft","Draft","Invoiced"))))))) | R46: =IF(AND(B46<>"",P46<>"",P46=Invoice!$G$4),B46+MOD(N(F46),1)+ROW()/10000000,"") | S46: =IF(R46="","",IF(D46="","Other work",D46)&IF(AND(K46<>"",E46<>""),", "&E46,"")) | T46: =IF(R46="","",IF(COUNTIFS(R$6:R45,">0",S$6:S45,S46,N$6:N45,N46)=0,R46,"")) | U46: =IF(B46="","",IF(J46<>"",0,M46))
B47: 46142 | C47: Harbour Books | D47: Spring catalogue | E47: Proof corrections | F47: 0.39583333 | G47: 0.53125 | H47: 15 | M47: =IF(B47="","",IF(AND(F47<>"",G47<>""),MAX(0,ROUND(MOD(G47-F47,1)*24-N(H47)/60,2)),N(I47))) | N47: =IF(B47="","",IF(K47<>"",K47,IF(N(IFERROR(INDEX(Projects!$D$6:$D$65,MATCH(D47,Projects!$B$6:$B$65,0)),""))>0,IFERROR(INDEX(Projects!$D$6:$D$65,MATCH(D47,Projects!$B$6:$B$65,0)),""),IFERROR(INDEX(Clients!$G$6:$G$45,MATCH(C47,Clients!$B$6:$B$45,0)),0)))) | O47: =IF(B47="","",IF(J47<>"",0,ROUND(M47*N47,2))) | P47: =IF(OR(B47="",J47<>""),"",IF(L47<>"",L47,IF(COUNTIFS(Invoices!$C$6:$C$305,C47,Invoices!$E$6:$E$305,"<="&B47,Invoices!$F$6:$F$305,">="&B47)=1,INDEX(Invoices!$B$6:$B$305,SUMIFS(Invoices!$O$6:$O$305,Invoices!$C$6:$C$305,C47,Invoices!$E$6:$E$305,"<="&B47,Invoices!$F$6:$F$305,">="&B47)),IF(COUNTIFS(Invoices!$C$6:$C$305,C47,Invoices!$E$6:$E$305,"<="&B47,Invoices!$F$6:$F$305,">="&B47)>1,"Two invoices","")))) | Q47: =IF(B47="","",IF(J47<>"","Not billable",IF(P47="","To invoice",IF(P47="Two invoices","Check dates",IF(ISNA(MATCH(P47,Invoices!$B$6:$B$305,0)),"Check number",IF(INDEX(Invoices!$M$6:$M$305,MATCH(P47,Invoices!$B$6:$B$305,0))="Paid","Paid",IF(INDEX(Invoices!$M$6:$M$305,MATCH(P47,Invoices!$B$6:$B$305,0))="Draft","Draft","Invoiced"))))))) | R47: =IF(AND(B47<>"",P47<>"",P47=Invoice!$G$4),B47+MOD(N(F47),1)+ROW()/10000000,"") | S47: =IF(R47="","",IF(D47="","Other work",D47)&IF(AND(K47<>"",E47<>""),", "&E47,"")) | T47: =IF(R47="","",IF(COUNTIFS(R$6:R46,">0",S$6:S46,S47,N$6:N46,N47)=0,R47,"")) | U47: =IF(B47="","",IF(J47<>"",0,M47))
B48: 46143 | C48: Harbour Books | D48: Spring catalogue | E48: Cover design | F48: 0.39583333 | G48: 0.5 | M48: =IF(B48="","",IF(AND(F48<>"",G48<>""),MAX(0,ROUND(MOD(G48-F48,1)*24-N(H48)/60,2)),N(I48))) | N48: =IF(B48="","",IF(K48<>"",K48,IF(N(IFERROR(INDEX(Projects!$D$6:$D$65,MATCH(D48,Projects!$B$6:$B$65,0)),""))>0,IFERROR(INDEX(Projects!$D$6:$D$65,MATCH(D48,Projects!$B$6:$B$65,0)),""),IFERROR(INDEX(Clients!$G$6:$G$45,MATCH(C48,Clients!$B$6:$B$45,0)),0)))) | O48: =IF(B48="","",IF(J48<>"",0,ROUND(M48*N48,2))) | P48: =IF(OR(B48="",J48<>""),"",IF(L48<>"",L48,IF(COUNTIFS(Invoices!$C$6:$C$305,C48,Invoices!$E$6:$E$305,"<="&B48,Invoices!$F$6:$F$305,">="&B48)=1,INDEX(Invoices!$B$6:$B$305,SUMIFS(Invoices!$O$6:$O$305,Invoices!$C$6:$C$305,C48,Invoices!$E$6:$E$305,"<="&B48,Invoices!$F$6:$F$305,">="&B48)),IF(COUNTIFS(Invoices!$C$6:$C$305,C48,Invoices!$E$6:$E$305,"<="&B48,Invoices!$F$6:$F$305,">="&B48)>1,"Two invoices","")))) | Q48: =IF(B48="","",IF(J48<>"","Not billable",IF(P48="","To invoice",IF(P48="Two invoices","Check dates",IF(ISNA(MATCH(P48,Invoices!$B$6:$B$305,0)),"Check number",IF(INDEX(Invoices!$M$6:$M$305,MATCH(P48,Invoices!$B$6:$B$305,0))="Paid","Paid",IF(INDEX(Invoices!$M$6:$M$305,MATCH(P48,Invoices!$B$6:$B$305,0))="Draft","Draft","Invoiced"))))))) | R48: =IF(AND(B48<>"",P48<>"",P48=Invoice!$G$4),B48+MOD(N(F48),1)+ROW()/10000000,"") | S48: =IF(R48="","",IF(D48="","Other work",D48)&IF(AND(K48<>"",E48<>""),", "&E48,"")) | T48: =IF(R48="","",IF(COUNTIFS(R$6:R47,">0",S$6:S47,S48,N$6:N47,N48)=0,R48,"")) | U48: =IF(B48="","",IF(J48<>"",0,M48))
B49: 46143 | C49: Harbour Books | D49: Spring catalogue | E49: Product pages | F49: 0.53125 | G49: 0.65625 | M49: =IF(B49="","",IF(AND(F49<>"",G49<>""),MAX(0,ROUND(MOD(G49-F49,1)*24-N(H49)/60,2)),N(I49))) | N49: =IF(B49="","",IF(K49<>"",K49,IF(N(IFERROR(INDEX(Projects!$D$6:$D$65,MATCH(D49,Projects!$B$6:$B$65,0)),""))>0,IFERROR(INDEX(Projects!$D$6:$D$65,MATCH(D49,Projects!$B$6:$B$65,0)),""),IFERROR(INDEX(Clients!$G$6:$G$45,MATCH(C49,Clients!$B$6:$B$45,0)),0)))) | O49: =IF(B49="","",IF(J49<>"",0,ROUND(M49*N49,2))) | P49: =IF(OR(B49="",J49<>""),"",IF(L49<>"",L49,IF(COUNTIFS(Invoices!$C$6:$C$305,C49,Invoices!$E$6:$E$305,"<="&B49,Invoices!$F$6:$F$305,">="&B49)=1,INDEX(Invoices!$B$6:$B$305,SUMIFS(Invoices!$O$6:$O$305,Invoices!$C$6:$C$305,C49,Invoices!$E$6:$E$305,"<="&B49,Invoices!$F$6:$F$305,">="&B49)),IF(COUNTIFS(Invoices!$C$6:$C$305,C49,Invoices!$E$6:$E$305,"<="&B49,Invoices!$F$6:$F$305,">="&B49)>1,"Two invoices","")))) | Q49: =IF(B49="","",IF(J49<>"","Not billable",IF(P49="","To invoice",IF(P49="Two invoices","Check dates",IF(ISNA(MATCH(P49,Invoices!$B$6:$B$305,0)),"Check number",IF(INDEX(Invoices!$M$6:$M$305,MATCH(P49,Invoices!$B$6:$B$305,0))="Paid","Paid",IF(INDEX(Invoices!$M$6:$M$305,MATCH(P49,Invoices!$B$6:$B$305,0))="Draft","Draft","Invoiced"))))))) | R49: =IF(AND(B49<>"",P49<>"",P49=Invoice!$G$4),B49+MOD(N(F49),1)+ROW()/10000000,"") | S49: =IF(R49="","",IF(D49="","Other work",D49)&IF(AND(K49<>"",E49<>""),", "&E49,"")) | T49: =IF(R49="","",IF(COUNTIFS(R$6:R48,">0",S$6:S48,S49,N$6:N48,N49)=0,R49,"")) | U49: =IF(B49="","",IF(J49<>"",0,M49))
B50: 46143 | C50: Greenleaf Studio | D50: Monthly social posts | E50: Monthly report | F50: 0.67708333 | G50: 0.76041667 | M50: =IF(B50="","",IF(AND(F50<>"",G50<>""),MAX(0,ROUND(MOD(G50-F50,1)*24-N(H50)/60,2)),N(I50))) | N50: =IF(B50="","",IF(K50<>"",K50,IF(N(IFERROR(INDEX(Projects!$D$6:$D$65,MATCH(D50,Projects!$B$6:$B$65,0)),""))>0,IFERROR(INDEX(Projects!$D$6:$D$65,MATCH(D50,Projects!$B$6:$B$65,0)),""),IFERROR(INDEX(Clients!$G$6:$G$45,MATCH(C50,Clients!$B$6:$B$45,0)),0)))) | O50: =IF(B50="","",IF(J50<>"",0,ROUND(M50*N50,2))) | P50: =IF(OR(B50="",J50<>""),"",IF(L50<>"",L50,IF(COUNTIFS(Invoices!$C$6:$C$305,C50,Invoices!$E$6:$E$305,"<="&B50,Invoices!$F$6:$F$305,">="&B50)=1,INDEX(Invoices!$B$6:$B$305,SUMIFS(Invoices!$O$6:$O$305,Invoices!$C$6:$C$305,C50,Invoices!$E$6:$E$305,"<="&B50,Invoices!$F$6:$F$305,">="&B50)),IF(COUNTIFS(Invoices!$C$6:$C$305,C50,Invoices!$E$6:$E$305,"<="&B50,Invoices!$F$6:$F$305,">="&B50)>1,"Two invoices","")))) | Q50: =IF(B50="","",IF(J50<>"","Not billable",IF(P50="","To invoice",IF(P50="Two invoices","Check dates",IF(ISNA(MATCH(P50,Invoices!$B$6:$B$305,0)),"Check number",IF(INDEX(Invoices!$M$6:$M$305,MATCH(P50,Invoices!$B$6:$B$305,0))="Paid","Paid",IF(INDEX(Invoices!$M$6:$M$305,MATCH(P50,Invoices!$B$6:$B$305,0))="Draft","Draft","Invoiced"))))))) | R50: =IF(AND(B50<>"",P50<>"",P50=Invoice!$G$4),B50+MOD(N(F50),1)+ROW()/10000000,"") | S50: =IF(R50="","",IF(D50="","Other work",D50)&IF(AND(K50<>"",E50<>""),", "&E50,"")) | T50: =IF(R50="","",IF(COUNTIFS(R$6:R49,">0",S$6:S49,S50,N$6:N49,N50)=0,R50,"")) | U50: =IF(B50="","",IF(J50<>"",0,M50))
B51: 46146 | C51: Harbour Books | D51: Spring catalogue | E51: Cover design | I51: 1 | M51: =IF(B51="","",IF(AND(F51<>"",G51<>""),MAX(0,ROUND(MOD(G51-F51,1)*24-N(H51)/60,2)),N(I51))) | N51: =IF(B51="","",IF(K51<>"",K51,IF(N(IFERROR(INDEX(Projects!$D$6:$D$65,MATCH(D51,Projects!$B$6:$B$65,0)),""))>0,IFERROR(INDEX(Projects!$D$6:$D$65,MATCH(D51,Projects!$B$6:$B$65,0)),""),IFERROR(INDEX(Clients!$G$6:$G$45,MATCH(C51,Clients!$B$6:$B$45,0)),0)))) | O51: =IF(B51="","",IF(J51<>"",0,ROUND(M51*N51,2))) | P51: =IF(OR(B51="",J51<>""),"",IF(L51<>"",L51,IF(COUNTIFS(Invoices!$C$6:$C$305,C51,Invoices!$E$6:$E$305,"<="&B51,Invoices!$F$6:$F$305,">="&B51)=1,INDEX(Invoices!$B$6:$B$305,SUMIFS(Invoices!$O$6:$O$305,Invoices!$C$6:$C$305,C51,Invoices!$E$6:$E$305,"<="&B51,Invoices!$F$6:$F$305,">="&B51)),IF(COUNTIFS(Invoices!$C$6:$C$305,C51,Invoices!$E$6:$E$305,"<="&B51,Invoices!$F$6:$F$305,">="&B51)>1,"Two invoices","")))) | Q51: =IF(B51="","",IF(J51<>"","Not billable",IF(P51="","To invoice",IF(P51="Two invoices","Check dates",IF(ISNA(MATCH(P51,Invoices!$B$6:$B$305,0)),"Check number",IF(INDEX(Invoices!$M$6:$M$305,MATCH(P51,Invoices!$B$6:$B$305,0))="Paid","Paid",IF(INDEX(Invoices!$M$6:$M$305,MATCH(P51,Invoices!$B$6:$B$305,0))="Draft","Draft","Invoiced"))))))) | R51: =IF(AND(B51<>"",P51<>"",P51=Invoice!$G$4),B51+MOD(N(F51),1)+ROW()/10000000,"") | S51: =IF(R51="","",IF(D51="","Other work",D51)&IF(AND(K51<>"",E51<>""),", "&E51,"")) | T51: =IF(R51="","",IF(COUNTIFS(R$6:R50,">0",S$6:S50,S51,N$6:N50,N51)=0,R51,"")) | U51: =IF(B51="","",IF(J51<>"",0,M51))
B52: 46147 | C52: Greenleaf Studio | D52: Monthly social posts | E52: Monthly report | I52: 3 | M52: =IF(B52="","",IF(AND(F52<>"",G52<>""),MAX(0,ROUND(MOD(G52-F52,1)*24-N(H52)/60,2)),N(I52))) | N52: =IF(B52="","",IF(K52<>"",K52,IF(N(IFERROR(INDEX(Projects!$D$6:$D$65,MATCH(D52,Projects!$B$6:$B$65,0)),""))>0,IFERROR(INDEX(Projects!$D$6:$D$65,MATCH(D52,Projects!$B$6:$B$65,0)),""),IFERROR(INDEX(Clients!$G$6:$G$45,MATCH(C52,Clients!$B$6:$B$45,0)),0)))) | O52: =IF(B52="","",IF(J52<>"",0,ROUND(M52*N52,2))) | P52: =IF(OR(B52="",J52<>""),"",IF(L52<>"",L52,IF(COUNTIFS(Invoices!$C$6:$C$305,C52,Invoices!$E$6:$E$305,"<="&B52,Invoices!$F$6:$F$305,">="&B52)=1,INDEX(Invoices!$B$6:$B$305,SUMIFS(Invoices!$O$6:$O$305,Invoices!$C$6:$C$305,C52,Invoices!$E$6:$E$305,"<="&B52,Invoices!$F$6:$F$305,">="&B52)),IF(COUNTIFS(Invoices!$C$6:$C$305,C52,Invoices!$E$6:$E$305,"<="&B52,Invoices!$F$6:$F$305,">="&B52)>1,"Two invoices","")))) | Q52: =IF(B52="","",IF(J52<>"","Not billable",IF(P52="","To invoice",IF(P52="Two invoices","Check dates",IF(ISNA(MATCH(P52,Invoices!$B$6:$B$305,0)),"Check number",IF(INDEX(Invoices!$M$6:$M$305,MATCH(P52,Invoices!$B$6:$B$305,0))="Paid","Paid",IF(INDEX(Invoices!$M$6:$M$305,MATCH(P52,Invoices!$B$6:$B$305,0))="Draft","Draft","Invoiced"))))))) | R52: =IF(AND(B52<>"",P52<>"",P52=Invoice!$G$4),B52+MOD(N(F52),1)+ROW()/10000000,"") | S52: =IF(R52="","",IF(D52="","Other work",D52)&IF(AND(K52<>"",E52<>""),", "&E52,"")) | T52: =IF(R52="","",IF(COUNTIFS(R$6:R51,">0",S$6:S51,S52,N$6:N51,N52)=0,R52,"")) | U52: =IF(B52="","",IF(J52<>"",0,M52))
B53: 46147 | C53: Harbour Books | D53: Spring catalogue | E53: Cover design | I53: 3.5 | M53: =IF(B53="","",IF(AND(F53<>"",G53<>""),MAX(0,ROUND(MOD(G53-F53,1)*24-N(H53)/60,2)),N(I53))) | N53: =IF(B53="","",IF(K53<>"",K53,IF(N(IFERROR(INDEX(Projects!$D$6:$D$65,MATCH(D53,Projects!$B$6:$B$65,0)),""))>0,IFERROR(INDEX(Projects!$D$6:$D$65,MATCH(D53,Projects!$B$6:$B$65,0)),""),IFERROR(INDEX(Clients!$G$6:$G$45,MATCH(C53,Clients!$B$6:$B$45,0)),0)))) | O53: =IF(B53="","",IF(J53<>"",0,ROUND(M53*N53,2))) | P53: =IF(OR(B53="",J53<>""),"",IF(L53<>"",L53,IF(COUNTIFS(Invoices!$C$6:$C$305,C53,Invoices!$E$6:$E$305,"<="&B53,Invoices!$F$6:$F$305,">="&B53)=1,INDEX(Invoices!$B$6:$B$305,SUMIFS(Invoices!$O$6:$O$305,Invoices!$C$6:$C$305,C53,Invoices!$E$6:$E$305,"<="&B53,Invoices!$F$6:$F$305,">="&B53)),IF(COUNTIFS(Invoices!$C$6:$C$305,C53,Invoices!$E$6:$E$305,"<="&B53,Invoices!$F$6:$F$305,">="&B53)>1,"Two invoices","")))) | Q53: =IF(B53="","",IF(J53<>"","Not billable",IF(P53="","To invoice",IF(P53="Two invoices","Check dates",IF(ISNA(MATCH(P53,Invoices!$B$6:$B$305,0)),"Check number",IF(INDEX(Invoices!$M$6:$M$305,MATCH(P53,Invoices!$B$6:$B$305,0))="Paid","Paid",IF(INDEX(Invoices!$M$6:$M$305,MATCH(P53,Invoices!$B$6:$B$305,0))="Draft","Draft","Invoiced"))))))) | R53: =IF(AND(B53<>"",P53<>"",P53=Invoice!$G$4),B53+MOD(N(F53),1)+ROW()/10000000,"") | S53: =IF(R53="","",IF(D53="","Other work",D53)&IF(AND(K53<>"",E53<>""),", "&E53,"")) | T53: =IF(R53="","",IF(COUNTIFS(R$6:R52,">0",S$6:S52,S53,N$6:N52,N53)=0,R53,"")) | U53: =IF(B53="","",IF(J53<>"",0,M53))
B54: 46147 | C54: Harbour Books | D54: Spring catalogue | E54: Cover design | F54: 0.39583333 | G54: 0.54166667 | M54: =IF(B54="","",IF(AND(F54<>"",G54<>""),MAX(0,ROUND(MOD(G54-F54,1)*24-N(H54)/60,2)),N(I54))) | N54: =IF(B54="","",IF(K54<>"",K54,IF(N(IFERROR(INDEX(Projects!$D$6:$D$65,MATCH(D54,Projects!$B$6:$B$65,0)),""))>0,IFERROR(INDEX(Projects!$D$6:$D$65,MATCH(D54,Projects!$B$6:$B$65,0)),""),IFERROR(INDEX(Clients!$G$6:$G$45,MATCH(C54,Clients!$B$6:$B$45,0)),0)))) | O54: =IF(B54="","",IF(J54<>"",0,ROUND(M54*N54,2))) | P54: =IF(OR(B54="",J54<>""),"",IF(L54<>"",L54,IF(COUNTIFS(Invoices!$C$6:$C$305,C54,Invoices!$E$6:$E$305,"<="&B54,Invoices!$F$6:$F$305,">="&B54)=1,INDEX(Invoices!$B$6:$B$305,SUMIFS(Invoices!$O$6:$O$305,Invoices!$C$6:$C$305,C54,Invoices!$E$6:$E$305,"<="&B54,Invoices!$F$6:$F$305,">="&B54)),IF(COUNTIFS(Invoices!$C$6:$C$305,C54,Invoices!$E$6:$E$305,"<="&B54,Invoices!$F$6:$F$305,">="&B54)>1,"Two invoices","")))) | Q54: =IF(B54="","",IF(J54<>"","Not billable",IF(P54="","To invoice",IF(P54="Two invoices","Check dates",IF(ISNA(MATCH(P54,Invoices!$B$6:$B$305,0)),"Check number",IF(INDEX(Invoices!$M$6:$M$305,MATCH(P54,Invoices!$B$6:$B$305,0))="Paid","Paid",IF(INDEX(Invoices!$M$6:$M$305,MATCH(P54,Invoices!$B$6:$B$305,0))="Draft","Draft","Invoiced"))))))) | R54: =IF(AND(B54<>"",P54<>"",P54=Invoice!$G$4),B54+MOD(N(F54),1)+ROW()/10000000,"") | S54: =IF(R54="","",IF(D54="","Other work",D54)&IF(AND(K54<>"",E54<>""),", "&E54,"")) | T54: =IF(R54="","",IF(COUNTIFS(R$6:R53,">0",S$6:S53,S54,N$6:N53,N54)=0,R54,"")) | U54: =IF(B54="","",IF(J54<>"",0,M54))
B55: 46148 | C55: Harbour Books | D55: Spring catalogue | E55: Cover design | F55: 0.375 | G55: 0.41666667 | M55: =IF(B55="","",IF(AND(F55<>"",G55<>""),MAX(0,ROUND(MOD(G55-F55,1)*24-N(H55)/60,2)),N(I55))) | N55: =IF(B55="","",IF(K55<>"",K55,IF(N(IFERROR(INDEX(Projects!$D$6:$D$65,MATCH(D55,Projects!$B$6:$B$65,0)),""))>0,IFERROR(INDEX(Projects!$D$6:$D$65,MATCH(D55,Projects!$B$6:$B$65,0)),""),IFERROR(INDEX(Clients!$G$6:$G$45,MATCH(C55,Clients!$B$6:$B$45,0)),0)))) | O55: =IF(B55="","",IF(J55<>"",0,ROUND(M55*N55,2))) | P55: =IF(OR(B55="",J55<>""),"",IF(L55<>"",L55,IF(COUNTIFS(Invoices!$C$6:$C$305,C55,Invoices!$E$6:$E$305,"<="&B55,Invoices!$F$6:$F$305,">="&B55)=1,INDEX(Invoices!$B$6:$B$305,SUMIFS(Invoices!$O$6:$O$305,Invoices!$C$6:$C$305,C55,Invoices!$E$6:$E$305,"<="&B55,Invoices!$F$6:$F$305,">="&B55)),IF(COUNTIFS(Invoices!$C$6:$C$305,C55,Invoices!$E$6:$E$305,"<="&B55,Invoices!$F$6:$F$305,">="&B55)>1,"Two invoices","")))) | Q55: =IF(B55="","",IF(J55<>"","Not billable",IF(P55="","To invoice",IF(P55="Two invoices","Check dates",IF(ISNA(MATCH(P55,Invoices!$B$6:$B$305,0)),"Check number",IF(INDEX(Invoices!$M$6:$M$305,MATCH(P55,Invoices!$B$6:$B$305,0))="Paid","Paid",IF(INDEX(Invoices!$M$6:$M$305,MATCH(P55,Invoices!$B$6:$B$305,0))="Draft","Draft","Invoiced"))))))) | R55: =IF(AND(B55<>"",P55<>"",P55=Invoice!$G$4),B55+MOD(N(F55),1)+ROW()/10000000,"") | S55: =IF(R55="","",IF(D55="","Other work",D55)&IF(AND(K55<>"",E55<>""),", "&E55,"")) | T55: =IF(R55="","",IF(COUNTIFS(R$6:R54,">0",S$6:S54,S55,N$6:N54,N55)=0,R55,"")) | U55: =IF(B55="","",IF(J55<>"",0,M55))
B56: 46148 | C56: Greenleaf Studio | D56: Monthly social posts | E56: Captions and scheduling | F56: 0.4375 | G56: 0.58333333 | M56: =IF(B56="","",IF(AND(F56<>"",G56<>""),MAX(0,ROUND(MOD(G56-F56,1)*24-N(H56)/60,2)),N(I56))) | N56: =IF(B56="","",IF(K56<>"",K56,IF(N(IFERROR(INDEX(Projects!$D$6:$D$65,MATCH(D56,Projects!$B$6:$B$65,0)),""))>0,IFERROR(INDEX(Projects!$D$6:$D$65,MATCH(D56,Projects!$B$6:$B$65,0)),""),IFERROR(INDEX(Clients!$G$6:$G$45,MATCH(C56,Clients!$B$6:$B$45,0)),0)))) | O56: =IF(B56="","",IF(J56<>"",0,ROUND(M56*N56,2))) | P56: =IF(OR(B56="",J56<>""),"",IF(L56<>"",L56,IF(COUNTIFS(Invoices!$C$6:$C$305,C56,Invoices!$E$6:$E$305,"<="&B56,Invoices!$F$6:$F$305,">="&B56)=1,INDEX(Invoices!$B$6:$B$305,SUMIFS(Invoices!$O$6:$O$305,Invoices!$C$6:$C$305,C56,Invoices!$E$6:$E$305,"<="&B56,Invoices!$F$6:$F$305,">="&B56)),IF(COUNTIFS(Invoices!$C$6:$C$305,C56,Invoices!$E$6:$E$305,"<="&B56,Invoices!$F$6:$F$305,">="&B56)>1,"Two invoices","")))) | Q56: =IF(B56="","",IF(J56<>"","Not billable",IF(P56="","To invoice",IF(P56="Two invoices","Check dates",IF(ISNA(MATCH(P56,Invoices!$B$6:$B$305,0)),"Check number",IF(INDEX(Invoices!$M$6:$M$305,MATCH(P56,Invoices!$B$6:$B$305,0))="Paid","Paid",IF(INDEX(Invoices!$M$6:$M$305,MATCH(P56,Invoices!$B$6:$B$305,0))="Draft","Draft","Invoiced"))))))) | R56: =IF(AND(B56<>"",P56<>"",P56=Invoice!$G$4),B56+MOD(N(F56),1)+ROW()/10000000,"") | S56: =IF(R56="","",IF(D56="","Other work",D56)&IF(AND(K56<>"",E56<>""),", "&E56,"")) | T56: =IF(R56="","",IF(COUNTIFS(R$6:R55,">0",S$6:S55,S56,N$6:N55,N56)=0,R56,"")) | U56: =IF(B56="","",IF(J56<>"",0,M56))
B57: 46149 | C57: Greenleaf Studio | D57: Monthly social posts | E57: Captions and scheduling | F57: 0.375 | G57: 0.45833333 | M57: =IF(B57="","",IF(AND(F57<>"",G57<>""),MAX(0,ROUND(MOD(G57-F57,1)*24-N(H57)/60,2)),N(I57))) | N57: =IF(B57="","",IF(K57<>"",K57,IF(N(IFERROR(INDEX(Projects!$D$6:$D$65,MATCH(D57,Projects!$B$6:$B$65,0)),""))>0,IFERROR(INDEX(Projects!$D$6:$D$65,MATCH(D57,Projects!$B$6:$B$65,0)),""),IFERROR(INDEX(Clients!$G$6:$G$45,MATCH(C57,Clients!$B$6:$B$45,0)),0)))) | O57: =IF(B57="","",IF(J57<>"",0,ROUND(M57*N57,2))) | P57: =IF(OR(B57="",J57<>""),"",IF(L57<>"",L57,IF(COUNTIFS(Invoices!$C$6:$C$305,C57,Invoices!$E$6:$E$305,"<="&B57,Invoices!$F$6:$F$305,">="&B57)=1,INDEX(Invoices!$B$6:$B$305,SUMIFS(Invoices!$O$6:$O$305,Invoices!$C$6:$C$305,C57,Invoices!$E$6:$E$305,"<="&B57,Invoices!$F$6:$F$305,">="&B57)),IF(COUNTIFS(Invoices!$C$6:$C$305,C57,Invoices!$E$6:$E$305,"<="&B57,Invoices!$F$6:$F$305,">="&B57)>1,"Two invoices","")))) | Q57: =IF(B57="","",IF(J57<>"","Not billable",IF(P57="","To invoice",IF(P57="Two invoices","Check dates",IF(ISNA(MATCH(P57,Invoices!$B$6:$B$305,0)),"Check number",IF(INDEX(Invoices!$M$6:$M$305,MATCH(P57,Invoices!$B$6:$B$305,0))="Paid","Paid",IF(INDEX(Invoices!$M$6:$M$305,MATCH(P57,Invoices!$B$6:$B$305,0))="Draft","Draft","Invoiced"))))))) | R57: =IF(AND(B57<>"",P57<>"",P57=Invoice!$G$4),B57+MOD(N(F57),1)+ROW()/10000000,"") | S57: =IF(R57="","",IF(D57="","Other work",D57)&IF(AND(K57<>"",E57<>""),", "&E57,"")) | T57: =IF(R57="","",IF(COUNTIFS(R$6:R56,">0",S$6:S56,S57,N$6:N56,N57)=0,R57,"")) | U57: =IF(B57="","",IF(J57<>"",0,M57))
B58: 46150 | C58: Greenleaf Studio | D58: Monthly social posts | E58: Post designs | F58: 0.375 | G58: 0.47916667 | M58: =IF(B58="","",IF(AND(F58<>"",G58<>""),MAX(0,ROUND(MOD(G58-F58,1)*24-N(H58)/60,2)),N(I58))) | N58: =IF(B58="","",IF(K58<>"",K58,IF(N(IFERROR(INDEX(Projects!$D$6:$D$65,MATCH(D58,Projects!$B$6:$B$65,0)),""))>0,IFERROR(INDEX(Projects!$D$6:$D$65,MATCH(D58,Projects!$B$6:$B$65,0)),""),IFERROR(INDEX(Clients!$G$6:$G$45,MATCH(C58,Clients!$B$6:$B$45,0)),0)))) | O58: =IF(B58="","",IF(J58<>"",0,ROUND(M58*N58,2))) | P58: =IF(OR(B58="",J58<>""),"",IF(L58<>"",L58,IF(COUNTIFS(Invoices!$C$6:$C$305,C58,Invoices!$E$6:$E$305,"<="&B58,Invoices!$F$6:$F$305,">="&B58)=1,INDEX(Invoices!$B$6:$B$305,SUMIFS(Invoices!$O$6:$O$305,Invoices!$C$6:$C$305,C58,Invoices!$E$6:$E$305,"<="&B58,Invoices!$F$6:$F$305,">="&B58)),IF(COUNTIFS(Invoices!$C$6:$C$305,C58,Invoices!$E$6:$E$305,"<="&B58,Invoices!$F$6:$F$305,">="&B58)>1,"Two invoices","")))) | Q58: =IF(B58="","",IF(J58<>"","Not billable",IF(P58="","To invoice",IF(P58="Two invoices","Check dates",IF(ISNA(MATCH(P58,Invoices!$B$6:$B$305,0)),"Check number",IF(INDEX(Invoices!$M$6:$M$305,MATCH(P58,Invoices!$B$6:$B$305,0))="Paid","Paid",IF(INDEX(Invoices!$M$6:$M$305,MATCH(P58,Invoices!$B$6:$B$305,0))="Draft","Draft","Invoiced"))))))) | R58: =IF(AND(B58<>"",P58<>"",P58=Invoice!$G$4),B58+MOD(N(F58),1)+ROW()/10000000,"") | S58: =IF(R58="","",IF(D58="","Other work",D58)&IF(AND(K58<>"",E58<>""),", "&E58,"")) | T58: =IF(R58="","",IF(COUNTIFS(R$6:R57,">0",S$6:S57,S58,N$6:N57,N58)=0,R58,"")) | U58: =IF(B58="","",IF(J58<>"",0,M58))
B59: 46150 | C59: Harbour Books | D59: Spring catalogue | E59: Cover design | F59: 0.51041667 | G59: 0.61458333 | M59: =IF(B59="","",IF(AND(F59<>"",G59<>""),MAX(0,ROUND(MOD(G59-F59,1)*24-N(H59)/60,2)),N(I59))) | N59: =IF(B59="","",IF(K59<>"",K59,IF(N(IFERROR(INDEX(Projects!$D$6:$D$65,MATCH(D59,Projects!$B$6:$B$65,0)),""))>0,IFERROR(INDEX(Projects!$D$6:$D$65,MATCH(D59,Projects!$B$6:$B$65,0)),""),IFERROR(INDEX(Clients!$G$6:$G$45,MATCH(C59,Clients!$B$6:$B$45,0)),0)))) | O59: =IF(B59="","",IF(J59<>"",0,ROUND(M59*N59,2))) | P59: =IF(OR(B59="",J59<>""),"",IF(L59<>"",L59,IF(COUNTIFS(Invoices!$C$6:$C$305,C59,Invoices!$E$6:$E$305,"<="&B59,Invoices!$F$6:$F$305,">="&B59)=1,INDEX(Invoices!$B$6:$B$305,SUMIFS(Invoices!$O$6:$O$305,Invoices!$C$6:$C$305,C59,Invoices!$E$6:$E$305,"<="&B59,Invoices!$F$6:$F$305,">="&B59)),IF(COUNTIFS(Invoices!$C$6:$C$305,C59,Invoices!$E$6:$E$305,"<="&B59,Invoices!$F$6:$F$305,">="&B59)>1,"Two invoices","")))) | Q59: =IF(B59="","",IF(J59<>"","Not billable",IF(P59="","To invoice",IF(P59="Two invoices","Check dates",IF(ISNA(MATCH(P59,Invoices!$B$6:$B$305,0)),"Check number",IF(INDEX(Invoices!$M$6:$M$305,MATCH(P59,Invoices!$B$6:$B$305,0))="Paid","Paid",IF(INDEX(Invoices!$M$6:$M$305,MATCH(P59,Invoices!$B$6:$B$305,0))="Draft","Draft","Invoiced"))))))) | R59: =IF(AND(B59<>"",P59<>"",P59=Invoice!$G$4),B59+MOD(N(F59),1)+ROW()/10000000,"") | S59: =IF(R59="","",IF(D59="","Other work",D59)&IF(AND(K59<>"",E59<>""),", "&E59,"")) | T59: =IF(R59="","",IF(COUNTIFS(R$6:R58,">0",S$6:S58,S59,N$6:N58,N59)=0,R59,"")) | U59: =IF(B59="","",IF(J59<>"",0,M59))
B60: 46153 | C60: Greenleaf Studio | D60: Monthly social posts | E60: Monthly report | I60: 3 | M60: =IF(B60="","",IF(AND(F60<>"",G60<>""),MAX(0,ROUND(MOD(G60-F60,1)*24-N(H60)/60,2)),N(I60))) | N60: =IF(B60="","",IF(K60<>"",K60,IF(N(IFERROR(INDEX(Projects!$D$6:$D$65,MATCH(D60,Projects!$B$6:$B$65,0)),""))>0,IFERROR(INDEX(Projects!$D$6:$D$65,MATCH(D60,Projects!$B$6:$B$65,0)),""),IFERROR(INDEX(Clients!$G$6:$G$45,MATCH(C60,Clients!$B$6:$B$45,0)),0)))) | O60: =IF(B60="","",IF(J60<>"",0,ROUND(M60*N60,2))) | P60: =IF(OR(B60="",J60<>""),"",IF(L60<>"",L60,IF(COUNTIFS(Invoices!$C$6:$C$305,C60,Invoices!$E$6:$E$305,"<="&B60,Invoices!$F$6:$F$305,">="&B60)=1,INDEX(Invoices!$B$6:$B$305,SUMIFS(Invoices!$O$6:$O$305,Invoices!$C$6:$C$305,C60,Invoices!$E$6:$E$305,"<="&B60,Invoices!$F$6:$F$305,">="&B60)),IF(COUNTIFS(Invoices!$C$6:$C$305,C60,Invoices!$E$6:$E$305,"<="&B60,Invoices!$F$6:$F$305,">="&B60)>1,"Two invoices","")))) | Q60: =IF(B60="","",IF(J60<>"","Not billable",IF(P60="","To invoice",IF(P60="Two invoices","Check dates",IF(ISNA(MATCH(P60,Invoices!$B$6:$B$305,0)),"Check number",IF(INDEX(Invoices!$M$6:$M$305,MATCH(P60,Invoices!$B$6:$B$305,0))="Paid","Paid",IF(INDEX(Invoices!$M$6:$M$305,MATCH(P60,Invoices!$B$6:$B$305,0))="Draft","Draft","Invoiced"))))))) | R60: =IF(AND(B60<>"",P60<>"",P60=Invoice!$G$4),B60+MOD(N(F60),1)+ROW()/10000000,"") | S60: =IF(R60="","",IF(D60="","Other work",D60)&IF(AND(K60<>"",E60<>""),", "&E60,"")) | T60: =IF(R60="","",IF(COUNTIFS(R$6:R59,">0",S$6:S59,S60,N$6:N59,N60)=0,R60,"")) | U60: =IF(B60="","",IF(J60<>"",0,M60))
B61: 46153 | C61: Greenleaf Studio | D61: Monthly social posts | E61: Captions and scheduling | F61: 0.375 | G61: 0.47916667 | M61: =IF(B61="","",IF(AND(F61<>"",G61<>""),MAX(0,ROUND(MOD(G61-F61,1)*24-N(H61)/60,2)),N(I61))) | N61: =IF(B61="","",IF(K61<>"",K61,IF(N(IFERROR(INDEX(Projects!$D$6:$D$65,MATCH(D61,Projects!$B$6:$B$65,0)),""))>0,IFERROR(INDEX(Projects!$D$6:$D$65,MATCH(D61,Projects!$B$6:$B$65,0)),""),IFERROR(INDEX(Clients!$G$6:$G$45,MATCH(C61,Clients!$B$6:$B$45,0)),0)))) | O61: =IF(B61="","",IF(J61<>"",0,ROUND(M61*N61,2))) | P61: =IF(OR(B61="",J61<>""),"",IF(L61<>"",L61,IF(COUNTIFS(Invoices!$C$6:$C$305,C61,Invoices!$E$6:$E$305,"<="&B61,Invoices!$F$6:$F$305,">="&B61)=1,INDEX(Invoices!$B$6:$B$305,SUMIFS(Invoices!$O$6:$O$305,Invoices!$C$6:$C$305,C61,Invoices!$E$6:$E$305,"<="&B61,Invoices!$F$6:$F$305,">="&B61)),IF(COUNTIFS(Invoices!$C$6:$C$305,C61,Invoices!$E$6:$E$305,"<="&B61,Invoices!$F$6:$F$305,">="&B61)>1,"Two invoices","")))) | Q61: =IF(B61="","",IF(J61<>"","Not billable",IF(P61="","To invoice",IF(P61="Two invoices","Check dates",IF(ISNA(MATCH(P61,Invoices!$B$6:$B$305,0)),"Check number",IF(INDEX(Invoices!$M$6:$M$305,MATCH(P61,Invoices!$B$6:$B$305,0))="Paid","Paid",IF(INDEX(Invoices!$M$6:$M$305,MATCH(P61,Invoices!$B$6:$B$305,0))="Draft","Draft","Invoiced"))))))) | R61: =IF(AND(B61<>"",P61<>"",P61=Invoice!$G$4),B61+MOD(N(F61),1)+ROW()/10000000,"") | S61: =IF(R61="","",IF(D61="","Other work",D61)&IF(AND(K61<>"",E61<>""),", "&E61,"")) | T61: =IF(R61="","",IF(COUNTIFS(R$6:R60,">0",S$6:S60,S61,N$6:N60,N61)=0,R61,"")) | U61: =IF(B61="","",IF(J61<>"",0,M61))
B62: 46153 | C62: Harbour Books | D62: Spring catalogue | E62: Proof corrections | F62: 0.52083333 | G62: 0.58333333 | M62: =IF(B62="","",IF(AND(F62<>"",G62<>""),MAX(0,ROUND(MOD(G62-F62,1)*24-N(H62)/60,2)),N(I62))) | N62: =IF(B62="","",IF(K62<>"",K62,IF(N(IFERROR(INDEX(Projects!$D$6:$D$65,MATCH(D62,Projects!$B$6:$B$65,0)),""))>0,IFERROR(INDEX(Projects!$D$6:$D$65,MATCH(D62,Projects!$B$6:$B$65,0)),""),IFERROR(INDEX(Clients!$G$6:$G$45,MATCH(C62,Clients!$B$6:$B$45,0)),0)))) | O62: =IF(B62="","",IF(J62<>"",0,ROUND(M62*N62,2))) | P62: =IF(OR(B62="",J62<>""),"",IF(L62<>"",L62,IF(COUNTIFS(Invoices!$C$6:$C$305,C62,Invoices!$E$6:$E$305,"<="&B62,Invoices!$F$6:$F$305,">="&B62)=1,INDEX(Invoices!$B$6:$B$305,SUMIFS(Invoices!$O$6:$O$305,Invoices!$C$6:$C$305,C62,Invoices!$E$6:$E$305,"<="&B62,Invoices!$F$6:$F$305,">="&B62)),IF(COUNTIFS(Invoices!$C$6:$C$305,C62,Invoices!$E$6:$E$305,"<="&B62,Invoices!$F$6:$F$305,">="&B62)>1,"Two invoices","")))) | Q62: =IF(B62="","",IF(J62<>"","Not billable",IF(P62="","To invoice",IF(P62="Two invoices","Check dates",IF(ISNA(MATCH(P62,Invoices!$B$6:$B$305,0)),"Check number",IF(INDEX(Invoices!$M$6:$M$305,MATCH(P62,Invoices!$B$6:$B$305,0))="Paid","Paid",IF(INDEX(Invoices!$M$6:$M$305,MATCH(P62,Invoices!$B$6:$B$305,0))="Draft","Draft","Invoiced"))))))) | R62: =IF(AND(B62<>"",P62<>"",P62=Invoice!$G$4),B62+MOD(N(F62),1)+ROW()/10000000,"") | S62: =IF(R62="","",IF(D62="","Other work",D62)&IF(AND(K62<>"",E62<>""),", "&E62,"")) | T62: =IF(R62="","",IF(COUNTIFS(R$6:R61,">0",S$6:S61,S62,N$6:N61,N62)=0,R62,"")) | U62: =IF(B62="","",IF(J62<>"",0,M62))
B63: 46154 | C63: Harbour Books | D63: Spring catalogue | E63: Proof corrections | I63: 3 | M63: =IF(B63="","",IF(AND(F63<>"",G63<>""),MAX(0,ROUND(MOD(G63-F63,1)*24-N(H63)/60,2)),N(I63))) | N63: =IF(B63="","",IF(K63<>"",K63,IF(N(IFERROR(INDEX(Projects!$D$6:$D$65,MATCH(D63,Projects!$B$6:$B$65,0)),""))>0,IFERROR(INDEX(Projects!$D$6:$D$65,MATCH(D63,Projects!$B$6:$B$65,0)),""),IFERROR(INDEX(Clients!$G$6:$G$45,MATCH(C63,Clients!$B$6:$B$45,0)),0)))) | O63: =IF(B63="","",IF(J63<>"",0,ROUND(M63*N63,2))) | P63: =IF(OR(B63="",J63<>""),"",IF(L63<>"",L63,IF(COUNTIFS(Invoices!$C$6:$C$305,C63,Invoices!$E$6:$E$305,"<="&B63,Invoices!$F$6:$F$305,">="&B63)=1,INDEX(Invoices!$B$6:$B$305,SUMIFS(Invoices!$O$6:$O$305,Invoices!$C$6:$C$305,C63,Invoices!$E$6:$E$305,"<="&B63,Invoices!$F$6:$F$305,">="&B63)),IF(COUNTIFS(Invoices!$C$6:$C$305,C63,Invoices!$E$6:$E$305,"<="&B63,Invoices!$F$6:$F$305,">="&B63)>1,"Two invoices","")))) | Q63: =IF(B63="","",IF(J63<>"","Not billable",IF(P63="","To invoice",IF(P63="Two invoices","Check dates",IF(ISNA(MATCH(P63,Invoices!$B$6:$B$305,0)),"Check number",IF(INDEX(Invoices!$M$6:$M$305,MATCH(P63,Invoices!$B$6:$B$305,0))="Paid","Paid",IF(INDEX(Invoices!$M$6:$M$305,MATCH(P63,Invoices!$B$6:$B$305,0))="Draft","Draft","Invoiced"))))))) | R63: =IF(AND(B63<>"",P63<>"",P63=Invoice!$G$4),B63+MOD(N(F63),1)+ROW()/10000000,"") | S63: =IF(R63="","",IF(D63="","Other work",D63)&IF(AND(K63<>"",E63<>""),", "&E63,"")) | T63: =IF(R63="","",IF(COUNTIFS(R$6:R62,">0",S$6:S62,S63,N$6:N62,N63)=0,R63,"")) | U63: =IF(B63="","",IF(J63<>"",0,M63))
B64: 46155 | C64: Harbour Books | D64: Spring catalogue | E64: Proof corrections | F64: 0.375 | G64: 0.45833333 | M64: =IF(B64="","",IF(AND(F64<>"",G64<>""),MAX(0,ROUND(MOD(G64-F64,1)*24-N(H64)/60,2)),N(I64))) | N64: =IF(B64="","",IF(K64<>"",K64,IF(N(IFERROR(INDEX(Projects!$D$6:$D$65,MATCH(D64,Projects!$B$6:$B$65,0)),""))>0,IFERROR(INDEX(Projects!$D$6:$D$65,MATCH(D64,Projects!$B$6:$B$65,0)),""),IFERROR(INDEX(Clients!$G$6:$G$45,MATCH(C64,Clients!$B$6:$B$45,0)),0)))) | O64: =IF(B64="","",IF(J64<>"",0,ROUND(M64*N64,2))) | P64: =IF(OR(B64="",J64<>""),"",IF(L64<>"",L64,IF(COUNTIFS(Invoices!$C$6:$C$305,C64,Invoices!$E$6:$E$305,"<="&B64,Invoices!$F$6:$F$305,">="&B64)=1,INDEX(Invoices!$B$6:$B$305,SUMIFS(Invoices!$O$6:$O$305,Invoices!$C$6:$C$305,C64,Invoices!$E$6:$E$305,"<="&B64,Invoices!$F$6:$F$305,">="&B64)),IF(COUNTIFS(Invoices!$C$6:$C$305,C64,Invoices!$E$6:$E$305,"<="&B64,Invoices!$F$6:$F$305,">="&B64)>1,"Two invoices","")))) | Q64: =IF(B64="","",IF(J64<>"","Not billable",IF(P64="","To invoice",IF(P64="Two invoices","Check dates",IF(ISNA(MATCH(P64,Invoices!$B$6:$B$305,0)),"Check number",IF(INDEX(Invoices!$M$6:$M$305,MATCH(P64,Invoices!$B$6:$B$305,0))="Paid","Paid",IF(INDEX(Invoices!$M$6:$M$305,MATCH(P64,Invoices!$B$6:$B$305,0))="Draft","Draft","Invoiced"))))))) | R64: =IF(AND(B64<>"",P64<>"",P64=Invoice!$G$4),B64+MOD(N(F64),1)+ROW()/10000000,"") | S64: =IF(R64="","",IF(D64="","Other work",D64)&IF(AND(K64<>"",E64<>""),", "&E64,"")) | T64: =IF(R64="","",IF(COUNTIFS(R$6:R63,">0",S$6:S63,S64,N$6:N63,N64)=0,R64,"")) | U64: =IF(B64="","",IF(J64<>"",0,M64))
B65: 46156 | C65: Harbour Books | D65: Spring catalogue | E65: Proof corrections | I65: 1 | M65: =IF(B65="","",IF(AND(F65<>"",G65<>""),MAX(0,ROUND(MOD(G65-F65,1)*24-N(H65)/60,2)),N(I65))) | N65: =IF(B65="","",IF(K65<>"",K65,IF(N(IFERROR(INDEX(Projects!$D$6:$D$65,MATCH(D65,Projects!$B$6:$B$65,0)),""))>0,IFERROR(INDEX(Projects!$D$6:$D$65,MATCH(D65,Projects!$B$6:$B$65,0)),""),IFERROR(INDEX(Clients!$G$6:$G$45,MATCH(C65,Clients!$B$6:$B$45,0)),0)))) | O65: =IF(B65="","",IF(J65<>"",0,ROUND(M65*N65,2))) | P65: =IF(OR(B65="",J65<>""),"",IF(L65<>"",L65,IF(COUNTIFS(Invoices!$C$6:$C$305,C65,Invoices!$E$6:$E$305,"<="&B65,Invoices!$F$6:$F$305,">="&B65)=1,INDEX(Invoices!$B$6:$B$305,SUMIFS(Invoices!$O$6:$O$305,Invoices!$C$6:$C$305,C65,Invoices!$E$6:$E$305,"<="&B65,Invoices!$F$6:$F$305,">="&B65)),IF(COUNTIFS(Invoices!$C$6:$C$305,C65,Invoices!$E$6:$E$305,"<="&B65,Invoices!$F$6:$F$305,">="&B65)>1,"Two invoices","")))) | Q65: =IF(B65="","",IF(J65<>"","Not billable",IF(P65="","To invoice",IF(P65="Two invoices","Check dates",IF(ISNA(MATCH(P65,Invoices!$B$6:$B$305,0)),"Check number",IF(INDEX(Invoices!$M$6:$M$305,MATCH(P65,Invoices!$B$6:$B$305,0))="Paid","Paid",IF(INDEX(Invoices!$M$6:$M$305,MATCH(P65,Invoices!$B$6:$B$305,0))="Draft","Draft","Invoiced"))))))) | R65: =IF(AND(B65<>"",P65<>"",P65=Invoice!$G$4),B65+MOD(N(F65),1)+ROW()/10000000,"") | S65: =IF(R65="","",IF(D65="","Other work",D65)&IF(AND(K65<>"",E65<>""),", "&E65,"")) | T65: =IF(R65="","",IF(COUNTIFS(R$6:R64,">0",S$6:S64,S65,N$6:N64,N65)=0,R65,"")) | U65: =IF(B65="","",IF(J65<>"",0,M65))
B66: 46156 | C66: Harbour Books | D66: Spring catalogue | E66: Product pages | F66: 0.375 | G66: 0.47916667 | M66: =IF(B66="","",IF(AND(F66<>"",G66<>""),MAX(0,ROUND(MOD(G66-F66,1)*24-N(H66)/60,2)),N(I66))) | N66: =IF(B66="","",IF(K66<>"",K66,IF(N(IFERROR(INDEX(Projects!$D$6:$D$65,MATCH(D66,Projects!$B$6:$B$65,0)),""))>0,IFERROR(INDEX(Projects!$D$6:$D$65,MATCH(D66,Projects!$B$6:$B$65,0)),""),IFERROR(INDEX(Clients!$G$6:$G$45,MATCH(C66,Clients!$B$6:$B$45,0)),0)))) | O66: =IF(B66="","",IF(J66<>"",0,ROUND(M66*N66,2))) | P66: =IF(OR(B66="",J66<>""),"",IF(L66<>"",L66,IF(COUNTIFS(Invoices!$C$6:$C$305,C66,Invoices!$E$6:$E$305,"<="&B66,Invoices!$F$6:$F$305,">="&B66)=1,INDEX(Invoices!$B$6:$B$305,SUMIFS(Invoices!$O$6:$O$305,Invoices!$C$6:$C$305,C66,Invoices!$E$6:$E$305,"<="&B66,Invoices!$F$6:$F$305,">="&B66)),IF(COUNTIFS(Invoices!$C$6:$C$305,C66,Invoices!$E$6:$E$305,"<="&B66,Invoices!$F$6:$F$305,">="&B66)>1,"Two invoices","")))) | Q66: =IF(B66="","",IF(J66<>"","Not billable",IF(P66="","To invoice",IF(P66="Two invoices","Check dates",IF(ISNA(MATCH(P66,Invoices!$B$6:$B$305,0)),"Check number",IF(INDEX(Invoices!$M$6:$M$305,MATCH(P66,Invoices!$B$6:$B$305,0))="Paid","Paid",IF(INDEX(Invoices!$M$6:$M$305,MATCH(P66,Invoices!$B$6:$B$305,0))="Draft","Draft","Invoiced"))))))) | R66: =IF(AND(B66<>"",P66<>"",P66=Invoice!$G$4),B66+MOD(N(F66),1)+ROW()/10000000,"") | S66: =IF(R66="","",IF(D66="","Other work",D66)&IF(AND(K66<>"",E66<>""),", "&E66,"")) | T66: =IF(R66="","",IF(COUNTIFS(R$6:R65,">0",S$6:S65,S66,N$6:N65,N66)=0,R66,"")) | U66: =IF(B66="","",IF(J66<>"",0,M66))
B67: 46157 | C67: Harbour Books | D67: Spring catalogue | E67: Product pages | I67: 2 | M67: =IF(B67="","",IF(AND(F67<>"",G67<>""),MAX(0,ROUND(MOD(G67-F67,1)*24-N(H67)/60,2)),N(I67))) | N67: =IF(B67="","",IF(K67<>"",K67,IF(N(IFERROR(INDEX(Projects!$D$6:$D$65,MATCH(D67,Projects!$B$6:$B$65,0)),""))>0,IFERROR(INDEX(Projects!$D$6:$D$65,MATCH(D67,Projects!$B$6:$B$65,0)),""),IFERROR(INDEX(Clients!$G$6:$G$45,MATCH(C67,Clients!$B$6:$B$45,0)),0)))) | O67: =IF(B67="","",IF(J67<>"",0,ROUND(M67*N67,2))) | P67: =IF(OR(B67="",J67<>""),"",IF(L67<>"",L67,IF(COUNTIFS(Invoices!$C$6:$C$305,C67,Invoices!$E$6:$E$305,"<="&B67,Invoices!$F$6:$F$305,">="&B67)=1,INDEX(Invoices!$B$6:$B$305,SUMIFS(Invoices!$O$6:$O$305,Invoices!$C$6:$C$305,C67,Invoices!$E$6:$E$305,"<="&B67,Invoices!$F$6:$F$305,">="&B67)),IF(COUNTIFS(Invoices!$C$6:$C$305,C67,Invoices!$E$6:$E$305,"<="&B67,Invoices!$F$6:$F$305,">="&B67)>1,"Two invoices","")))) | Q67: =IF(B67="","",IF(J67<>"","Not billable",IF(P67="","To invoice",IF(P67="Two invoices","Check dates",IF(ISNA(MATCH(P67,Invoices!$B$6:$B$305,0)),"Check number",IF(INDEX(Invoices!$M$6:$M$305,MATCH(P67,Invoices!$B$6:$B$305,0))="Paid","Paid",IF(INDEX(Invoices!$M$6:$M$305,MATCH(P67,Invoices!$B$6:$B$305,0))="Draft","Draft","Invoiced"))))))) | R67: =IF(AND(B67<>"",P67<>"",P67=Invoice!$G$4),B67+MOD(N(F67),1)+ROW()/10000000,"") | S67: =IF(R67="","",IF(D67="","Other work",D67)&IF(AND(K67<>"",E67<>""),", "&E67,"")) | T67: =IF(R67="","",IF(COUNTIFS(R$6:R66,">0",S$6:S66,S67,N$6:N66,N67)=0,R67,"")) | U67: =IF(B67="","",IF(J67<>"",0,M67))
B68: 46157 | C68: Greenleaf Studio | D68: Monthly social posts | E68: Captions and scheduling | F68: 0.375 | G68: 0.4375 | M68: =IF(B68="","",IF(AND(F68<>"",G68<>""),MAX(0,ROUND(MOD(G68-F68,1)*24-N(H68)/60,2)),N(I68))) | N68: =IF(B68="","",IF(K68<>"",K68,IF(N(IFERROR(INDEX(Projects!$D$6:$D$65,MATCH(D68,Projects!$B$6:$B$65,0)),""))>0,IFERROR(INDEX(Projects!$D$6:$D$65,MATCH(D68,Projects!$B$6:$B$65,0)),""),IFERROR(INDEX(Clients!$G$6:$G$45,MATCH(C68,Clients!$B$6:$B$45,0)),0)))) | O68: =IF(B68="","",IF(J68<>"",0,ROUND(M68*N68,2))) | P68: =IF(OR(B68="",J68<>""),"",IF(L68<>"",L68,IF(COUNTIFS(Invoices!$C$6:$C$305,C68,Invoices!$E$6:$E$305,"<="&B68,Invoices!$F$6:$F$305,">="&B68)=1,INDEX(Invoices!$B$6:$B$305,SUMIFS(Invoices!$O$6:$O$305,Invoices!$C$6:$C$305,C68,Invoices!$E$6:$E$305,"<="&B68,Invoices!$F$6:$F$305,">="&B68)),IF(COUNTIFS(Invoices!$C$6:$C$305,C68,Invoices!$E$6:$E$305,"<="&B68,Invoices!$F$6:$F$305,">="&B68)>1,"Two invoices","")))) | Q68: =IF(B68="","",IF(J68<>"","Not billable",IF(P68="","To invoice",IF(P68="Two invoices","Check dates",IF(ISNA(MATCH(P68,Invoices!$B$6:$B$305,0)),"Check number",IF(INDEX(Invoices!$M$6:$M$305,MATCH(P68,Invoices!$B$6:$B$305,0))="Paid","Paid",IF(INDEX(Invoices!$M$6:$M$305,MATCH(P68,Invoices!$B$6:$B$305,0))="Draft","Draft","Invoiced"))))))) | R68: =IF(AND(B68<>"",P68<>"",P68=Invoice!$G$4),B68+MOD(N(F68),1)+ROW()/10000000,"") | S68: =IF(R68="","",IF(D68="","Other work",D68)&IF(AND(K68<>"",E68<>""),", "&E68,"")) | T68: =IF(R68="","",IF(COUNTIFS(R$6:R67,">0",S$6:S67,S68,N$6:N67,N68)=0,R68,"")) | U68: =IF(B68="","",IF(J68<>"",0,M68))
B69: 46157 | C69: Harbour Books | D69: Spring catalogue | E69: Proof corrections | F69: 0.46875 | G69: 0.61458333 | M69: =IF(B69="","",IF(AND(F69<>"",G69<>""),MAX(0,ROUND(MOD(G69-F69,1)*24-N(H69)/60,2)),N(I69))) | N69: =IF(B69="","",IF(K69<>"",K69,IF(N(IFERROR(INDEX(Projects!$D$6:$D$65,MATCH(D69,Projects!$B$6:$B$65,0)),""))>0,IFERROR(INDEX(Projects!$D$6:$D$65,MATCH(D69,Projects!$B$6:$B$65,0)),""),IFERROR(INDEX(Clients!$G$6:$G$45,MATCH(C69,Clients!$B$6:$B$45,0)),0)))) | O69: =IF(B69="","",IF(J69<>"",0,ROUND(M69*N69,2))) | P69: =IF(OR(B69="",J69<>""),"",IF(L69<>"",L69,IF(COUNTIFS(Invoices!$C$6:$C$305,C69,Invoices!$E$6:$E$305,"<="&B69,Invoices!$F$6:$F$305,">="&B69)=1,INDEX(Invoices!$B$6:$B$305,SUMIFS(Invoices!$O$6:$O$305,Invoices!$C$6:$C$305,C69,Invoices!$E$6:$E$305,"<="&B69,Invoices!$F$6:$F$305,">="&B69)),IF(COUNTIFS(Invoices!$C$6:$C$305,C69,Invoices!$E$6:$E$305,"<="&B69,Invoices!$F$6:$F$305,">="&B69)>1,"Two invoices","")))) | Q69: =IF(B69="","",IF(J69<>"","Not billable",IF(P69="","To invoice",IF(P69="Two invoices","Check dates",IF(ISNA(MATCH(P69,Invoices!$B$6:$B$305,0)),"Check number",IF(INDEX(Invoices!$M$6:$M$305,MATCH(P69,Invoices!$B$6:$B$305,0))="Paid","Paid",IF(INDEX(Invoices!$M$6:$M$305,MATCH(P69,Invoices!$B$6:$B$305,0))="Draft","Draft","Invoiced"))))))) | R69: =IF(AND(B69<>"",P69<>"",P69=Invoice!$G$4),B69+MOD(N(F69),1)+ROW()/10000000,"") | S69: =IF(R69="","",IF(D69="","Other work",D69)&IF(AND(K69<>"",E69<>""),", "&E69,"")) | T69: =IF(R69="","",IF(COUNTIFS(R$6:R68,">0",S$6:S68,S69,N$6:N68,N69)=0,R69,"")) | U69: =IF(B69="","",IF(J69<>"",0,M69))
B70: 46160 | C70: Greenleaf Studio | D70: Monthly social posts | E70: Captions and scheduling | F70: 0.375 | G70: 0.5 | M70: =IF(B70="","",IF(AND(F70<>"",G70<>""),MAX(0,ROUND(MOD(G70-F70,1)*24-N(H70)/60,2)),N(I70))) | N70: =IF(B70="","",IF(K70<>"",K70,IF(N(IFERROR(INDEX(Projects!$D$6:$D$65,MATCH(D70,Projects!$B$6:$B$65,0)),""))>0,IFERROR(INDEX(Projects!$D$6:$D$65,MATCH(D70,Projects!$B$6:$B$65,0)),""),IFERROR(INDEX(Clients!$G$6:$G$45,MATCH(C70,Clients!$B$6:$B$45,0)),0)))) | O70: =IF(B70="","",IF(J70<>"",0,ROUND(M70*N70,2))) | P70: =IF(OR(B70="",J70<>""),"",IF(L70<>"",L70,IF(COUNTIFS(Invoices!$C$6:$C$305,C70,Invoices!$E$6:$E$305,"<="&B70,Invoices!$F$6:$F$305,">="&B70)=1,INDEX(Invoices!$B$6:$B$305,SUMIFS(Invoices!$O$6:$O$305,Invoices!$C$6:$C$305,C70,Invoices!$E$6:$E$305,"<="&B70,Invoices!$F$6:$F$305,">="&B70)),IF(COUNTIFS(Invoices!$C$6:$C$305,C70,Invoices!$E$6:$E$305,"<="&B70,Invoices!$F$6:$F$305,">="&B70)>1,"Two invoices","")))) | Q70: =IF(B70="","",IF(J70<>"","Not billable",IF(P70="","To invoice",IF(P70="Two invoices","Check dates",IF(ISNA(MATCH(P70,Invoices!$B$6:$B$305,0)),"Check number",IF(INDEX(Invoices!$M$6:$M$305,MATCH(P70,Invoices!$B$6:$B$305,0))="Paid","Paid",IF(INDEX(Invoices!$M$6:$M$305,MATCH(P70,Invoices!$B$6:$B$305,0))="Draft","Draft","Invoiced"))))))) | R70: =IF(AND(B70<>"",P70<>"",P70=Invoice!$G$4),B70+MOD(N(F70),1)+ROW()/10000000,"") | S70: =IF(R70="","",IF(D70="","Other work",D70)&IF(AND(K70<>"",E70<>""),", "&E70,"")) | T70: =IF(R70="","",IF(COUNTIFS(R$6:R69,">0",S$6:S69,S70,N$6:N69,N70)=0,R70,"")) | U70: =IF(B70="","",IF(J70<>"",0,M70))
B71: 46160 | C71: Harbour Books | D71: Spring catalogue | E71: Catalogue layout | F71: 0.52083333 | G71: 0.60416667 | M71: =IF(B71="","",IF(AND(F71<>"",G71<>""),MAX(0,ROUND(MOD(G71-F71,1)*24-N(H71)/60,2)),N(I71))) | N71: =IF(B71="","",IF(K71<>"",K71,IF(N(IFERROR(INDEX(Projects!$D$6:$D$65,MATCH(D71,Projects!$B$6:$B$65,0)),""))>0,IFERROR(INDEX(Projects!$D$6:$D$65,MATCH(D71,Projects!$B$6:$B$65,0)),""),IFERROR(INDEX(Clients!$G$6:$G$45,MATCH(C71,Clients!$B$6:$B$45,0)),0)))) | O71: =IF(B71="","",IF(J71<>"",0,ROUND(M71*N71,2))) | P71: =IF(OR(B71="",J71<>""),"",IF(L71<>"",L71,IF(COUNTIFS(Invoices!$C$6:$C$305,C71,Invoices!$E$6:$E$305,"<="&B71,Invoices!$F$6:$F$305,">="&B71)=1,INDEX(Invoices!$B$6:$B$305,SUMIFS(Invoices!$O$6:$O$305,Invoices!$C$6:$C$305,C71,Invoices!$E$6:$E$305,"<="&B71,Invoices!$F$6:$F$305,">="&B71)),IF(COUNTIFS(Invoices!$C$6:$C$305,C71,Invoices!$E$6:$E$305,"<="&B71,Invoices!$F$6:$F$305,">="&B71)>1,"Two invoices","")))) | Q71: =IF(B71="","",IF(J71<>"","Not billable",IF(P71="","To invoice",IF(P71="Two invoices","Check dates",IF(ISNA(MATCH(P71,Invoices!$B$6:$B$305,0)),"Check number",IF(INDEX(Invoices!$M$6:$M$305,MATCH(P71,Invoices!$B$6:$B$305,0))="Paid","Paid",IF(INDEX(Invoices!$M$6:$M$305,MATCH(P71,Invoices!$B$6:$B$305,0))="Draft","Draft","Invoiced"))))))) | R71: =IF(AND(B71<>"",P71<>"",P71=Invoice!$G$4),B71+MOD(N(F71),1)+ROW()/10000000,"") | S71: =IF(R71="","",IF(D71="","Other work",D71)&IF(AND(K71<>"",E71<>""),", "&E71,"")) | T71: =IF(R71="","",IF(COUNTIFS(R$6:R70,">0",S$6:S70,S71,N$6:N70,N71)=0,R71,"")) | U71: =IF(B71="","",IF(J71<>"",0,M71))
B72: 46160 | C72: Harbour Books | D72: Spring catalogue | E72: Proof corrections | F72: 0.64583333 | G72: 0.72916667 | M72: =IF(B72="","",IF(AND(F72<>"",G72<>""),MAX(0,ROUND(MOD(G72-F72,1)*24-N(H72)/60,2)),N(I72))) | N72: =IF(B72="","",IF(K72<>"",K72,IF(N(IFERROR(INDEX(Projects!$D$6:$D$65,MATCH(D72,Projects!$B$6:$B$65,0)),""))>0,IFERROR(INDEX(Projects!$D$6:$D$65,MATCH(D72,Projects!$B$6:$B$65,0)),""),IFERROR(INDEX(Clients!$G$6:$G$45,MATCH(C72,Clients!$B$6:$B$45,0)),0)))) | O72: =IF(B72="","",IF(J72<>"",0,ROUND(M72*N72,2))) | P72: =IF(OR(B72="",J72<>""),"",IF(L72<>"",L72,IF(COUNTIFS(Invoices!$C$6:$C$305,C72,Invoices!$E$6:$E$305,"<="&B72,Invoices!$F$6:$F$305,">="&B72)=1,INDEX(Invoices!$B$6:$B$305,SUMIFS(Invoices!$O$6:$O$305,Invoices!$C$6:$C$305,C72,Invoices!$E$6:$E$305,"<="&B72,Invoices!$F$6:$F$305,">="&B72)),IF(COUNTIFS(Invoices!$C$6:$C$305,C72,Invoices!$E$6:$E$305,"<="&B72,Invoices!$F$6:$F$305,">="&B72)>1,"Two invoices","")))) | Q72: =IF(B72="","",IF(J72<>"","Not billable",IF(P72="","To invoice",IF(P72="Two invoices","Check dates",IF(ISNA(MATCH(P72,Invoices!$B$6:$B$305,0)),"Check number",IF(INDEX(Invoices!$M$6:$M$305,MATCH(P72,Invoices!$B$6:$B$305,0))="Paid","Paid",IF(INDEX(Invoices!$M$6:$M$305,MATCH(P72,Invoices!$B$6:$B$305,0))="Draft","Draft","Invoiced"))))))) | R72: =IF(AND(B72<>"",P72<>"",P72=Invoice!$G$4),B72+MOD(N(F72),1)+ROW()/10000000,"") | S72: =IF(R72="","",IF(D72="","Other work",D72)&IF(AND(K72<>"",E72<>""),", "&E72,"")) | T72: =IF(R72="","",IF(COUNTIFS(R$6:R71,">0",S$6:S71,S72,N$6:N71,N72)=0,R72,"")) | U72: =IF(B72="","",IF(J72<>"",0,M72))
B73: 46161 | C73: Greenleaf Studio | D73: Monthly social posts | E73: Captions and scheduling | F73: 0.39583333 | G73: 0.47916667 | M73: =IF(B73="","",IF(AND(F73<>"",G73<>""),MAX(0,ROUND(MOD(G73-F73,1)*24-N(H73)/60,2)),N(I73))) | N73: =IF(B73="","",IF(K73<>"",K73,IF(N(IFERROR(INDEX(Projects!$D$6:$D$65,MATCH(D73,Projects!$B$6:$B$65,0)),""))>0,IFERROR(INDEX(Projects!$D$6:$D$65,MATCH(D73,Projects!$B$6:$B$65,0)),""),IFERROR(INDEX(Clients!$G$6:$G$45,MATCH(C73,Clients!$B$6:$B$45,0)),0)))) | O73: =IF(B73="","",IF(J73<>"",0,ROUND(M73*N73,2))) | P73: =IF(OR(B73="",J73<>""),"",IF(L73<>"",L73,IF(COUNTIFS(Invoices!$C$6:$C$305,C73,Invoices!$E$6:$E$305,"<="&B73,Invoices!$F$6:$F$305,">="&B73)=1,INDEX(Invoices!$B$6:$B$305,SUMIFS(Invoices!$O$6:$O$305,Invoices!$C$6:$C$305,C73,Invoices!$E$6:$E$305,"<="&B73,Invoices!$F$6:$F$305,">="&B73)),IF(COUNTIFS(Invoices!$C$6:$C$305,C73,Invoices!$E$6:$E$305,"<="&B73,Invoices!$F$6:$F$305,">="&B73)>1,"Two invoices","")))) | Q73: =IF(B73="","",IF(J73<>"","Not billable",IF(P73="","To invoice",IF(P73="Two invoices","Check dates",IF(ISNA(MATCH(P73,Invoices!$B$6:$B$305,0)),"Check number",IF(INDEX(Invoices!$M$6:$M$305,MATCH(P73,Invoices!$B$6:$B$305,0))="Paid","Paid",IF(INDEX(Invoices!$M$6:$M$305,MATCH(P73,Invoices!$B$6:$B$305,0))="Draft","Draft","Invoiced"))))))) | R73: =IF(AND(B73<>"",P73<>"",P73=Invoice!$G$4),B73+MOD(N(F73),1)+ROW()/10000000,"") | S73: =IF(R73="","",IF(D73="","Other work",D73)&IF(AND(K73<>"",E73<>""),", "&E73,"")) | T73: =IF(R73="","",IF(COUNTIFS(R$6:R72,">0",S$6:S72,S73,N$6:N72,N73)=0,R73,"")) | U73: =IF(B73="","",IF(J73<>"",0,M73))
B74: 46161 | C74: Harbour Books | D74: Spring catalogue | E74: Proof corrections | F74: 0.48958333 | G74: 0.64583333 | H74: 15 | M74: =IF(B74="","",IF(AND(F74<>"",G74<>""),MAX(0,ROUND(MOD(G74-F74,1)*24-N(H74)/60,2)),N(I74))) | N74: =IF(B74="","",IF(K74<>"",K74,IF(N(IFERROR(INDEX(Projects!$D$6:$D$65,MATCH(D74,Projects!$B$6:$B$65,0)),""))>0,IFERROR(INDEX(Projects!$D$6:$D$65,MATCH(D74,Projects!$B$6:$B$65,0)),""),IFERROR(INDEX(Clients!$G$6:$G$45,MATCH(C74,Clients!$B$6:$B$45,0)),0)))) | O74: =IF(B74="","",IF(J74<>"",0,ROUND(M74*N74,2))) | P74: =IF(OR(B74="",J74<>""),"",IF(L74<>"",L74,IF(COUNTIFS(Invoices!$C$6:$C$305,C74,Invoices!$E$6:$E$305,"<="&B74,Invoices!$F$6:$F$305,">="&B74)=1,INDEX(Invoices!$B$6:$B$305,SUMIFS(Invoices!$O$6:$O$305,Invoices!$C$6:$C$305,C74,Invoices!$E$6:$E$305,"<="&B74,Invoices!$F$6:$F$305,">="&B74)),IF(COUNTIFS(Invoices!$C$6:$C$305,C74,Invoices!$E$6:$E$305,"<="&B74,Invoices!$F$6:$F$305,">="&B74)>1,"Two invoices","")))) | Q74: =IF(B74="","",IF(J74<>"","Not billable",IF(P74="","To invoice",IF(P74="Two invoices","Check dates",IF(ISNA(MATCH(P74,Invoices!$B$6:$B$305,0)),"Check number",IF(INDEX(Invoices!$M$6:$M$305,MATCH(P74,Invoices!$B$6:$B$305,0))="Paid","Paid",IF(INDEX(Invoices!$M$6:$M$305,MATCH(P74,Invoices!$B$6:$B$305,0))="Draft","Draft","Invoiced"))))))) | R74: =IF(AND(B74<>"",P74<>"",P74=Invoice!$G$4),B74+MOD(N(F74),1)+ROW()/10000000,"") | S74: =IF(R74="","",IF(D74="","Other work",D74)&IF(AND(K74<>"",E74<>""),", "&E74,"")) | T74: =IF(R74="","",IF(COUNTIFS(R$6:R73,">0",S$6:S73,S74,N$6:N73,N74)=0,R74,"")) | U74: =IF(B74="","",IF(J74<>"",0,M74))
B75: 46162 | C75: Harbour Books | D75: Spring catalogue | E75: Catalogue layout | F75: 0.39583333 | G75: 0.45833333 | M75: =IF(B75="","",IF(AND(F75<>"",G75<>""),MAX(0,ROUND(MOD(G75-F75,1)*24-N(H75)/60,2)),N(I75))) | N75: =IF(B75="","",IF(K75<>"",K75,IF(N(IFERROR(INDEX(Projects!$D$6:$D$65,MATCH(D75,Projects!$B$6:$B$65,0)),""))>0,IFERROR(INDEX(Projects!$D$6:$D$65,MATCH(D75,Projects!$B$6:$B$65,0)),""),IFERROR(INDEX(Clients!$G$6:$G$45,MATCH(C75,Clients!$B$6:$B$45,0)),0)))) | O75: =IF(B75="","",IF(J75<>"",0,ROUND(M75*N75,2))) | P75: =IF(OR(B75="",J75<>""),"",IF(L75<>"",L75,IF(COUNTIFS(Invoices!$C$6:$C$305,C75,Invoices!$E$6:$E$305,"<="&B75,Invoices!$F$6:$F$305,">="&B75)=1,INDEX(Invoices!$B$6:$B$305,SUMIFS(Invoices!$O$6:$O$305,Invoices!$C$6:$C$305,C75,Invoices!$E$6:$E$305,"<="&B75,Invoices!$F$6:$F$305,">="&B75)),IF(COUNTIFS(Invoices!$C$6:$C$305,C75,Invoices!$E$6:$E$305,"<="&B75,Invoices!$F$6:$F$305,">="&B75)>1,"Two invoices","")))) | Q75: =IF(B75="","",IF(J75<>"","Not billable",IF(P75="","To invoice",IF(P75="Two invoices","Check dates",IF(ISNA(MATCH(P75,Invoices!$B$6:$B$305,0)),"Check number",IF(INDEX(Invoices!$M$6:$M$305,MATCH(P75,Invoices!$B$6:$B$305,0))="Paid","Paid",IF(INDEX(Invoices!$M$6:$M$305,MATCH(P75,Invoices!$B$6:$B$305,0))="Draft","Draft","Invoiced"))))))) | R75: =IF(AND(B75<>"",P75<>"",P75=Invoice!$G$4),B75+MOD(N(F75),1)+ROW()/10000000,"") | S75: =IF(R75="","",IF(D75="","Other work",D75)&IF(AND(K75<>"",E75<>""),", "&E75,"")) | T75: =IF(R75="","",IF(COUNTIFS(R$6:R74,">0",S$6:S74,S75,N$6:N74,N75)=0,R75,"")) | U75: =IF(B75="","",IF(J75<>"",0,M75))
B76: 46163 | C76: Greenleaf Studio | D76: Monthly social posts | E76: Captions and scheduling | F76: 0.375 | G76: 0.52083333 | M76: =IF(B76="","",IF(AND(F76<>"",G76<>""),MAX(0,ROUND(MOD(G76-F76,1)*24-N(H76)/60,2)),N(I76))) | N76: =IF(B76="","",IF(K76<>"",K76,IF(N(IFERROR(INDEX(Projects!$D$6:$D$65,MATCH(D76,Projects!$B$6:$B$65,0)),""))>0,IFERROR(INDEX(Projects!$D$6:$D$65,MATCH(D76,Projects!$B$6:$B$65,0)),""),IFERROR(INDEX(Clients!$G$6:$G$45,MATCH(C76,Clients!$B$6:$B$45,0)),0)))) | O76: =IF(B76="","",IF(J76<>"",0,ROUND(M76*N76,2))) | P76: =IF(OR(B76="",J76<>""),"",IF(L76<>"",L76,IF(COUNTIFS(Invoices!$C$6:$C$305,C76,Invoices!$E$6:$E$305,"<="&B76,Invoices!$F$6:$F$305,">="&B76)=1,INDEX(Invoices!$B$6:$B$305,SUMIFS(Invoices!$O$6:$O$305,Invoices!$C$6:$C$305,C76,Invoices!$E$6:$E$305,"<="&B76,Invoices!$F$6:$F$305,">="&B76)),IF(COUNTIFS(Invoices!$C$6:$C$305,C76,Invoices!$E$6:$E$305,"<="&B76,Invoices!$F$6:$F$305,">="&B76)>1,"Two invoices","")))) | Q76: =IF(B76="","",IF(J76<>"","Not billable",IF(P76="","To invoice",IF(P76="Two invoices","Check dates",IF(ISNA(MATCH(P76,Invoices!$B$6:$B$305,0)),"Check number",IF(INDEX(Invoices!$M$6:$M$305,MATCH(P76,Invoices!$B$6:$B$305,0))="Paid","Paid",IF(INDEX(Invoices!$M$6:$M$305,MATCH(P76,Invoices!$B$6:$B$305,0))="Draft","Draft","Invoiced"))))))) | R76: =IF(AND(B76<>"",P76<>"",P76=Invoice!$G$4),B76+MOD(N(F76),1)+ROW()/10000000,"") | S76: =IF(R76="","",IF(D76="","Other work",D76)&IF(AND(K76<>"",E76<>""),", "&E76,"")) | T76: =IF(R76="","",IF(COUNTIFS(R$6:R75,">0",S$6:S75,S76,N$6:N75,N76)=0,R76,"")) | U76: =IF(B76="","",IF(J76<>"",0,M76))
B77: 46164 | C77: Harbour Books | D77: Spring catalogue | E77: Proof corrections | F77: 0.39583333 | G77: 0.47916667 | M77: =IF(B77="","",IF(AND(F77<>"",G77<>""),MAX(0,ROUND(MOD(G77-F77,1)*24-N(H77)/60,2)),N(I77))) | N77: =IF(B77="","",IF(K77<>"",K77,IF(N(IFERROR(INDEX(Projects!$D$6:$D$65,MATCH(D77,Projects!$B$6:$B$65,0)),""))>0,IFERROR(INDEX(Projects!$D$6:$D$65,MATCH(D77,Projects!$B$6:$B$65,0)),""),IFERROR(INDEX(Clients!$G$6:$G$45,MATCH(C77,Clients!$B$6:$B$45,0)),0)))) | O77: =IF(B77="","",IF(J77<>"",0,ROUND(M77*N77,2))) | P77: =IF(OR(B77="",J77<>""),"",IF(L77<>"",L77,IF(COUNTIFS(Invoices!$C$6:$C$305,C77,Invoices!$E$6:$E$305,"<="&B77,Invoices!$F$6:$F$305,">="&B77)=1,INDEX(Invoices!$B$6:$B$305,SUMIFS(Invoices!$O$6:$O$305,Invoices!$C$6:$C$305,C77,Invoices!$E$6:$E$305,"<="&B77,Invoices!$F$6:$F$305,">="&B77)),IF(COUNTIFS(Invoices!$C$6:$C$305,C77,Invoices!$E$6:$E$305,"<="&B77,Invoices!$F$6:$F$305,">="&B77)>1,"Two invoices","")))) | Q77: =IF(B77="","",IF(J77<>"","Not billable",IF(P77="","To invoice",IF(P77="Two invoices","Check dates",IF(ISNA(MATCH(P77,Invoices!$B$6:$B$305,0)),"Check number",IF(INDEX(Invoices!$M$6:$M$305,MATCH(P77,Invoices!$B$6:$B$305,0))="Paid","Paid",IF(INDEX(Invoices!$M$6:$M$305,MATCH(P77,Invoices!$B$6:$B$305,0))="Draft","Draft","Invoiced"))))))) | R77: =IF(AND(B77<>"",P77<>"",P77=Invoice!$G$4),B77+MOD(N(F77),1)+ROW()/10000000,"") | S77: =IF(R77="","",IF(D77="","Other work",D77)&IF(AND(K77<>"",E77<>""),", "&E77,"")) | T77: =IF(R77="","",IF(COUNTIFS(R$6:R76,">0",S$6:S76,S77,N$6:N76,N77)=0,R77,"")) | U77: =IF(B77="","",IF(J77<>"",0,M77))
B78: 46164 | C78: Harbour Books | D78: Spring catalogue | E78: Catalogue layout | F78: 0.52083333 | G78: 0.58333333 | M78: =IF(B78="","",IF(AND(F78<>"",G78<>""),MAX(0,ROUND(MOD(G78-F78,1)*24-N(H78)/60,2)),N(I78))) | N78: =IF(B78="","",IF(K78<>"",K78,IF(N(IFERROR(INDEX(Projects!$D$6:$D$65,MATCH(D78,Projects!$B$6:$B$65,0)),""))>0,IFERROR(INDEX(Projects!$D$6:$D$65,MATCH(D78,Projects!$B$6:$B$65,0)),""),IFERROR(INDEX(Clients!$G$6:$G$45,MATCH(C78,Clients!$B$6:$B$45,0)),0)))) | O78: =IF(B78="","",IF(J78<>"",0,ROUND(M78*N78,2))) | P78: =IF(OR(B78="",J78<>""),"",IF(L78<>"",L78,IF(COUNTIFS(Invoices!$C$6:$C$305,C78,Invoices!$E$6:$E$305,"<="&B78,Invoices!$F$6:$F$305,">="&B78)=1,INDEX(Invoices!$B$6:$B$305,SUMIFS(Invoices!$O$6:$O$305,Invoices!$C$6:$C$305,C78,Invoices!$E$6:$E$305,"<="&B78,Invoices!$F$6:$F$305,">="&B78)),IF(COUNTIFS(Invoices!$C$6:$C$305,C78,Invoices!$E$6:$E$305,"<="&B78,Invoices!$F$6:$F$305,">="&B78)>1,"Two invoices","")))) | Q78: =IF(B78="","",IF(J78<>"","Not billable",IF(P78="","To invoice",IF(P78="Two invoices","Check dates",IF(ISNA(MATCH(P78,Invoices!$B$6:$B$305,0)),"Check number",IF(INDEX(Invoices!$M$6:$M$305,MATCH(P78,Invoices!$B$6:$B$305,0))="Paid","Paid",IF(INDEX(Invoices!$M$6:$M$305,MATCH(P78,Invoices!$B$6:$B$305,0))="Draft","Draft","Invoiced"))))))) | R78: =IF(AND(B78<>"",P78<>"",P78=Invoice!$G$4),B78+MOD(N(F78),1)+ROW()/10000000,"") | S78: =IF(R78="","",IF(D78="","Other work",D78)&IF(AND(K78<>"",E78<>""),", "&E78,"")) | T78: =IF(R78="","",IF(COUNTIFS(R$6:R77,">0",S$6:S77,S78,N$6:N77,N78)=0,R78,"")) | U78: =IF(B78="","",IF(J78<>"",0,M78))
B79: 46164 | C79: Greenleaf Studio | D79: Monthly social posts | E79: Post designs | F79: 0.59375 | G79: 0.63541667 | M79: =IF(B79="","",IF(AND(F79<>"",G79<>""),MAX(0,ROUND(MOD(G79-F79,1)*24-N(H79)/60,2)),N(I79))) | N79: =IF(B79="","",IF(K79<>"",K79,IF(N(IFERROR(INDEX(Projects!$D$6:$D$65,MATCH(D79,Projects!$B$6:$B$65,0)),""))>0,IFERROR(INDEX(Projects!$D$6:$D$65,MATCH(D79,Projects!$B$6:$B$65,0)),""),IFERROR(INDEX(Clients!$G$6:$G$45,MATCH(C79,Clients!$B$6:$B$45,0)),0)))) | O79: =IF(B79="","",IF(J79<>"",0,ROUND(M79*N79,2))) | P79: =IF(OR(B79="",J79<>""),"",IF(L79<>"",L79,IF(COUNTIFS(Invoices!$C$6:$C$305,C79,Invoices!$E$6:$E$305,"<="&B79,Invoices!$F$6:$F$305,">="&B79)=1,INDEX(Invoices!$B$6:$B$305,SUMIFS(Invoices!$O$6:$O$305,Invoices!$C$6:$C$305,C79,Invoices!$E$6:$E$305,"<="&B79,Invoices!$F$6:$F$305,">="&B79)),IF(COUNTIFS(Invoices!$C$6:$C$305,C79,Invoices!$E$6:$E$305,"<="&B79,Invoices!$F$6:$F$305,">="&B79)>1,"Two invoices","")))) | Q79: =IF(B79="","",IF(J79<>"","Not billable",IF(P79="","To invoice",IF(P79="Two invoices","Check dates",IF(ISNA(MATCH(P79,Invoices!$B$6:$B$305,0)),"Check number",IF(INDEX(Invoices!$M$6:$M$305,MATCH(P79,Invoices!$B$6:$B$305,0))="Paid","Paid",IF(INDEX(Invoices!$M$6:$M$305,MATCH(P79,Invoices!$B$6:$B$305,0))="Draft","Draft","Invoiced"))))))) | R79: =IF(AND(B79<>"",P79<>"",P79=Invoice!$G$4),B79+MOD(N(F79),1)+ROW()/10000000,"") | S79: =IF(R79="","",IF(D79="","Other work",D79)&IF(AND(K79<>"",E79<>""),", "&E79,"")) | T79: =IF(R79="","",IF(COUNTIFS(R$6:R78,">0",S$6:S78,S79,N$6:N78,N79)=0,R79,"")) | U79: =IF(B79="","",IF(J79<>"",0,M79))
B80: 46167 | C80: Greenleaf Studio | D80: Monthly social posts | E80: Monthly report | F80: 0.375 | G80: 0.45833333 | M80: =IF(B80="","",IF(AND(F80<>"",G80<>""),MAX(0,ROUND(MOD(G80-F80,1)*24-N(H80)/60,2)),N(I80))) | N80: =IF(B80="","",IF(K80<>"",K80,IF(N(IFERROR(INDEX(Projects!$D$6:$D$65,MATCH(D80,Projects!$B$6:$B$65,0)),""))>0,IFERROR(INDEX(Projects!$D$6:$D$65,MATCH(D80,Projects!$B$6:$B$65,0)),""),IFERROR(INDEX(Clients!$G$6:$G$45,MATCH(C80,Clients!$B$6:$B$45,0)),0)))) | O80: =IF(B80="","",IF(J80<>"",0,ROUND(M80*N80,2))) | P80: =IF(OR(B80="",J80<>""),"",IF(L80<>"",L80,IF(COUNTIFS(Invoices!$C$6:$C$305,C80,Invoices!$E$6:$E$305,"<="&B80,Invoices!$F$6:$F$305,">="&B80)=1,INDEX(Invoices!$B$6:$B$305,SUMIFS(Invoices!$O$6:$O$305,Invoices!$C$6:$C$305,C80,Invoices!$E$6:$E$305,"<="&B80,Invoices!$F$6:$F$305,">="&B80)),IF(COUNTIFS(Invoices!$C$6:$C$305,C80,Invoices!$E$6:$E$305,"<="&B80,Invoices!$F$6:$F$305,">="&B80)>1,"Two invoices","")))) | Q80: =IF(B80="","",IF(J80<>"","Not billable",IF(P80="","To invoice",IF(P80="Two invoices","Check dates",IF(ISNA(MATCH(P80,Invoices!$B$6:$B$305,0)),"Check number",IF(INDEX(Invoices!$M$6:$M$305,MATCH(P80,Invoices!$B$6:$B$305,0))="Paid","Paid",IF(INDEX(Invoices!$M$6:$M$305,MATCH(P80,Invoices!$B$6:$B$305,0))="Draft","Draft","Invoiced"))))))) | R80: =IF(AND(B80<>"",P80<>"",P80=Invoice!$G$4),B80+MOD(N(F80),1)+ROW()/10000000,"") | S80: =IF(R80="","",IF(D80="","Other work",D80)&IF(AND(K80<>"",E80<>""),", "&E80,"")) | T80: =IF(R80="","",IF(COUNTIFS(R$6:R79,">0",S$6:S79,S80,N$6:N79,N80)=0,R80,"")) | U80: =IF(B80="","",IF(J80<>"",0,M80))
B81: 46167 | C81: Greenleaf Studio | D81: Monthly social posts | E81: Post designs | F81: 0.47916667 | G81: 0.625 | M81: =IF(B81="","",IF(AND(F81<>"",G81<>""),MAX(0,ROUND(MOD(G81-F81,1)*24-N(H81)/60,2)),N(I81))) | N81: =IF(B81="","",IF(K81<>"",K81,IF(N(IFERROR(INDEX(Projects!$D$6:$D$65,MATCH(D81,Projects!$B$6:$B$65,0)),""))>0,IFERROR(INDEX(Projects!$D$6:$D$65,MATCH(D81,Projects!$B$6:$B$65,0)),""),IFERROR(INDEX(Clients!$G$6:$G$45,MATCH(C81,Clients!$B$6:$B$45,0)),0)))) | O81: =IF(B81="","",IF(J81<>"",0,ROUND(M81*N81,2))) | P81: =IF(OR(B81="",J81<>""),"",IF(L81<>"",L81,IF(COUNTIFS(Invoices!$C$6:$C$305,C81,Invoices!$E$6:$E$305,"<="&B81,Invoices!$F$6:$F$305,">="&B81)=1,INDEX(Invoices!$B$6:$B$305,SUMIFS(Invoices!$O$6:$O$305,Invoices!$C$6:$C$305,C81,Invoices!$E$6:$E$305,"<="&B81,Invoices!$F$6:$F$305,">="&B81)),IF(COUNTIFS(Invoices!$C$6:$C$305,C81,Invoices!$E$6:$E$305,"<="&B81,Invoices!$F$6:$F$305,">="&B81)>1,"Two invoices","")))) | Q81: =IF(B81="","",IF(J81<>"","Not billable",IF(P81="","To invoice",IF(P81="Two invoices","Check dates",IF(ISNA(MATCH(P81,Invoices!$B$6:$B$305,0)),"Check number",IF(INDEX(Invoices!$M$6:$M$305,MATCH(P81,Invoices!$B$6:$B$305,0))="Paid","Paid",IF(INDEX(Invoices!$M$6:$M$305,MATCH(P81,Invoices!$B$6:$B$305,0))="Draft","Draft","Invoiced"))))))) | R81: =IF(AND(B81<>"",P81<>"",P81=Invoice!$G$4),B81+MOD(N(F81),1)+ROW()/10000000,"") | S81: =IF(R81="","",IF(D81="","Other work",D81)&IF(AND(K81<>"",E81<>""),", "&E81,"")) | T81: =IF(R81="","",IF(COUNTIFS(R$6:R80,">0",S$6:S80,S81,N$6:N80,N81)=0,R81,"")) | U81: =IF(B81="","",IF(J81<>"",0,M81))
B82: 46167 | C82: Greenleaf Studio | D82: Monthly social posts | E82: Captions and scheduling | F82: 0.63541667 | G82: 0.78125 | M82: =IF(B82="","",IF(AND(F82<>"",G82<>""),MAX(0,ROUND(MOD(G82-F82,1)*24-N(H82)/60,2)),N(I82))) | N82: =IF(B82="","",IF(K82<>"",K82,IF(N(IFERROR(INDEX(Projects!$D$6:$D$65,MATCH(D82,Projects!$B$6:$B$65,0)),""))>0,IFERROR(INDEX(Projects!$D$6:$D$65,MATCH(D82,Projects!$B$6:$B$65,0)),""),IFERROR(INDEX(Clients!$G$6:$G$45,MATCH(C82,Clients!$B$6:$B$45,0)),0)))) | O82: =IF(B82="","",IF(J82<>"",0,ROUND(M82*N82,2))) | P82: =IF(OR(B82="",J82<>""),"",IF(L82<>"",L82,IF(COUNTIFS(Invoices!$C$6:$C$305,C82,Invoices!$E$6:$E$305,"<="&B82,Invoices!$F$6:$F$305,">="&B82)=1,INDEX(Invoices!$B$6:$B$305,SUMIFS(Invoices!$O$6:$O$305,Invoices!$C$6:$C$305,C82,Invoices!$E$6:$E$305,"<="&B82,Invoices!$F$6:$F$305,">="&B82)),IF(COUNTIFS(Invoices!$C$6:$C$305,C82,Invoices!$E$6:$E$305,"<="&B82,Invoices!$F$6:$F$305,">="&B82)>1,"Two invoices","")))) | Q82: =IF(B82="","",IF(J82<>"","Not billable",IF(P82="","To invoice",IF(P82="Two invoices","Check dates",IF(ISNA(MATCH(P82,Invoices!$B$6:$B$305,0)),"Check number",IF(INDEX(Invoices!$M$6:$M$305,MATCH(P82,Invoices!$B$6:$B$305,0))="Paid","Paid",IF(INDEX(Invoices!$M$6:$M$305,MATCH(P82,Invoices!$B$6:$B$305,0))="Draft","Draft","Invoiced"))))))) | R82: =IF(AND(B82<>"",P82<>"",P82=Invoice!$G$4),B82+MOD(N(F82),1)+ROW()/10000000,"") | S82: =IF(R82="","",IF(D82="","Other work",D82)&IF(AND(K82<>"",E82<>""),", "&E82,"")) | T82: =IF(R82="","",IF(COUNTIFS(R$6:R81,">0",S$6:S81,S82,N$6:N81,N82)=0,R82,"")) | U82: =IF(B82="","",IF(J82<>"",0,M82))
B83: 46168 | C83: Harbour Books | D83: Spring catalogue | E83: Product pages | I83: 3.5 | M83: =IF(B83="","",IF(AND(F83<>"",G83<>""),MAX(0,ROUND(MOD(G83-F83,1)*24-N(H83)/60,2)),N(I83))) | N83: =IF(B83="","",IF(K83<>"",K83,IF(N(IFERROR(INDEX(Projects!$D$6:$D$65,MATCH(D83,Projects!$B$6:$B$65,0)),""))>0,IFERROR(INDEX(Projects!$D$6:$D$65,MATCH(D83,Projects!$B$6:$B$65,0)),""),IFERROR(INDEX(Clients!$G$6:$G$45,MATCH(C83,Clients!$B$6:$B$45,0)),0)))) | O83: =IF(B83="","",IF(J83<>"",0,ROUND(M83*N83,2))) | P83: =IF(OR(B83="",J83<>""),"",IF(L83<>"",L83,IF(COUNTIFS(Invoices!$C$6:$C$305,C83,Invoices!$E$6:$E$305,"<="&B83,Invoices!$F$6:$F$305,">="&B83)=1,INDEX(Invoices!$B$6:$B$305,SUMIFS(Invoices!$O$6:$O$305,Invoices!$C$6:$C$305,C83,Invoices!$E$6:$E$305,"<="&B83,Invoices!$F$6:$F$305,">="&B83)),IF(COUNTIFS(Invoices!$C$6:$C$305,C83,Invoices!$E$6:$E$305,"<="&B83,Invoices!$F$6:$F$305,">="&B83)>1,"Two invoices","")))) | Q83: =IF(B83="","",IF(J83<>"","Not billable",IF(P83="","To invoice",IF(P83="Two invoices","Check dates",IF(ISNA(MATCH(P83,Invoices!$B$6:$B$305,0)),"Check number",IF(INDEX(Invoices!$M$6:$M$305,MATCH(P83,Invoices!$B$6:$B$305,0))="Paid","Paid",IF(INDEX(Invoices!$M$6:$M$305,MATCH(P83,Invoices!$B$6:$B$305,0))="Draft","Draft","Invoiced"))))))) | R83: =IF(AND(B83<>"",P83<>"",P83=Invoice!$G$4),B83+MOD(N(F83),1)+ROW()/10000000,"") | S83: =IF(R83="","",IF(D83="","Other work",D83)&IF(AND(K83<>"",E83<>""),", "&E83,"")) | T83: =IF(R83="","",IF(COUNTIFS(R$6:R82,">0",S$6:S82,S83,N$6:N82,N83)=0,R83,"")) | U83: =IF(B83="","",IF(J83<>"",0,M83))
B84: 46168 | C84: Greenleaf Studio | D84: Monthly social posts | E84: Captions and scheduling | I84: 2 | M84: =IF(B84="","",IF(AND(F84<>"",G84<>""),MAX(0,ROUND(MOD(G84-F84,1)*24-N(H84)/60,2)),N(I84))) | N84: =IF(B84="","",IF(K84<>"",K84,IF(N(IFERROR(INDEX(Projects!$D$6:$D$65,MATCH(D84,Projects!$B$6:$B$65,0)),""))>0,IFERROR(INDEX(Projects!$D$6:$D$65,MATCH(D84,Projects!$B$6:$B$65,0)),""),IFERROR(INDEX(Clients!$G$6:$G$45,MATCH(C84,Clients!$B$6:$B$45,0)),0)))) | O84: =IF(B84="","",IF(J84<>"",0,ROUND(M84*N84,2))) | P84: =IF(OR(B84="",J84<>""),"",IF(L84<>"",L84,IF(COUNTIFS(Invoices!$C$6:$C$305,C84,Invoices!$E$6:$E$305,"<="&B84,Invoices!$F$6:$F$305,">="&B84)=1,INDEX(Invoices!$B$6:$B$305,SUMIFS(Invoices!$O$6:$O$305,Invoices!$C$6:$C$305,C84,Invoices!$E$6:$E$305,"<="&B84,Invoices!$F$6:$F$305,">="&B84)),IF(COUNTIFS(Invoices!$C$6:$C$305,C84,Invoices!$E$6:$E$305,"<="&B84,Invoices!$F$6:$F$305,">="&B84)>1,"Two invoices","")))) | Q84: =IF(B84="","",IF(J84<>"","Not billable",IF(P84="","To invoice",IF(P84="Two invoices","Check dates",IF(ISNA(MATCH(P84,Invoices!$B$6:$B$305,0)),"Check number",IF(INDEX(Invoices!$M$6:$M$305,MATCH(P84,Invoices!$B$6:$B$305,0))="Paid","Paid",IF(INDEX(Invoices!$M$6:$M$305,MATCH(P84,Invoices!$B$6:$B$305,0))="Draft","Draft","Invoiced"))))))) | R84: =IF(AND(B84<>"",P84<>"",P84=Invoice!$G$4),B84+MOD(N(F84),1)+ROW()/10000000,"") | S84: =IF(R84="","",IF(D84="","Other work",D84)&IF(AND(K84<>"",E84<>""),", "&E84,"")) | T84: =IF(R84="","",IF(COUNTIFS(R$6:R83,">0",S$6:S83,S84,N$6:N83,N84)=0,R84,"")) | U84: =IF(B84="","",IF(J84<>"",0,M84))
B85: 46168 | C85: Greenleaf Studio | D85: Monthly social posts | E85: Post designs | F85: 0.375 | G85: 0.45833333 | M85: =IF(B85="","",IF(AND(F85<>"",G85<>""),MAX(0,ROUND(MOD(G85-F85,1)*24-N(H85)/60,2)),N(I85))) | N85: =IF(B85="","",IF(K85<>"",K85,IF(N(IFERROR(INDEX(Projects!$D$6:$D$65,MATCH(D85,Projects!$B$6:$B$65,0)),""))>0,IFERROR(INDEX(Projects!$D$6:$D$65,MATCH(D85,Projects!$B$6:$B$65,0)),""),IFERROR(INDEX(Clients!$G$6:$G$45,MATCH(C85,Clients!$B$6:$B$45,0)),0)))) | O85: =IF(B85="","",IF(J85<>"",0,ROUND(M85*N85,2))) | P85: =IF(OR(B85="",J85<>""),"",IF(L85<>"",L85,IF(COUNTIFS(Invoices!$C$6:$C$305,C85,Invoices!$E$6:$E$305,"<="&B85,Invoices!$F$6:$F$305,">="&B85)=1,INDEX(Invoices!$B$6:$B$305,SUMIFS(Invoices!$O$6:$O$305,Invoices!$C$6:$C$305,C85,Invoices!$E$6:$E$305,"<="&B85,Invoices!$F$6:$F$305,">="&B85)),IF(COUNTIFS(Invoices!$C$6:$C$305,C85,Invoices!$E$6:$E$305,"<="&B85,Invoices!$F$6:$F$305,">="&B85)>1,"Two invoices","")))) | Q85: =IF(B85="","",IF(J85<>"","Not billable",IF(P85="","To invoice",IF(P85="Two invoices","Check dates",IF(ISNA(MATCH(P85,Invoices!$B$6:$B$305,0)),"Check number",IF(INDEX(Invoices!$M$6:$M$305,MATCH(P85,Invoices!$B$6:$B$305,0))="Paid","Paid",IF(INDEX(Invoices!$M$6:$M$305,MATCH(P85,Invoices!$B$6:$B$305,0))="Draft","Draft","Invoiced"))))))) | R85: =IF(AND(B85<>"",P85<>"",P85=Invoice!$G$4),B85+MOD(N(F85),1)+ROW()/10000000,"") | S85: =IF(R85="","",IF(D85="","Other work",D85)&IF(AND(K85<>"",E85<>""),", "&E85,"")) | T85: =IF(R85="","",IF(COUNTIFS(R$6:R84,">0",S$6:S84,S85,N$6:N84,N85)=0,R85,"")) | U85: =IF(B85="","",IF(J85<>"",0,M85))
B86: 46169 | C86: Greenleaf Studio | D86: Monthly social posts | E86: Captions and scheduling | I86: 2.5 | M86: =IF(B86="","",IF(AND(F86<>"",G86<>""),MAX(0,ROUND(MOD(G86-F86,1)*24-N(H86)/60,2)),N(I86))) | N86: =IF(B86="","",IF(K86<>"",K86,IF(N(IFERROR(INDEX(Projects!$D$6:$D$65,MATCH(D86,Projects!$B$6:$B$65,0)),""))>0,IFERROR(INDEX(Projects!$D$6:$D$65,MATCH(D86,Projects!$B$6:$B$65,0)),""),IFERROR(INDEX(Clients!$G$6:$G$45,MATCH(C86,Clients!$B$6:$B$45,0)),0)))) | O86: =IF(B86="","",IF(J86<>"",0,ROUND(M86*N86,2))) | P86: =IF(OR(B86="",J86<>""),"",IF(L86<>"",L86,IF(COUNTIFS(Invoices!$C$6:$C$305,C86,Invoices!$E$6:$E$305,"<="&B86,Invoices!$F$6:$F$305,">="&B86)=1,INDEX(Invoices!$B$6:$B$305,SUMIFS(Invoices!$O$6:$O$305,Invoices!$C$6:$C$305,C86,Invoices!$E$6:$E$305,"<="&B86,Invoices!$F$6:$F$305,">="&B86)),IF(COUNTIFS(Invoices!$C$6:$C$305,C86,Invoices!$E$6:$E$305,"<="&B86,Invoices!$F$6:$F$305,">="&B86)>1,"Two invoices","")))) | Q86: =IF(B86="","",IF(J86<>"","Not billable",IF(P86="","To invoice",IF(P86="Two invoices","Check dates",IF(ISNA(MATCH(P86,Invoices!$B$6:$B$305,0)),"Check number",IF(INDEX(Invoices!$M$6:$M$305,MATCH(P86,Invoices!$B$6:$B$305,0))="Paid","Paid",IF(INDEX(Invoices!$M$6:$M$305,MATCH(P86,Invoices!$B$6:$B$305,0))="Draft","Draft","Invoiced"))))))) | R86: =IF(AND(B86<>"",P86<>"",P86=Invoice!$G$4),B86+MOD(N(F86),1)+ROW()/10000000,"") | S86: =IF(R86="","",IF(D86="","Other work",D86)&IF(AND(K86<>"",E86<>""),", "&E86,"")) | T86: =IF(R86="","",IF(COUNTIFS(R$6:R85,">0",S$6:S85,S86,N$6:N85,N86)=0,R86,"")) | U86: =IF(B86="","",IF(J86<>"",0,M86))
B87: 46169 | C87: Greenleaf Studio | D87: Monthly social posts | E87: Captions and scheduling | F87: 0.375 | G87: 0.41666667 | M87: =IF(B87="","",IF(AND(F87<>"",G87<>""),MAX(0,ROUND(MOD(G87-F87,1)*24-N(H87)/60,2)),N(I87))) | N87: =IF(B87="","",IF(K87<>"",K87,IF(N(IFERROR(INDEX(Projects!$D$6:$D$65,MATCH(D87,Projects!$B$6:$B$65,0)),""))>0,IFERROR(INDEX(Projects!$D$6:$D$65,MATCH(D87,Projects!$B$6:$B$65,0)),""),IFERROR(INDEX(Clients!$G$6:$G$45,MATCH(C87,Clients!$B$6:$B$45,0)),0)))) | O87: =IF(B87="","",IF(J87<>"",0,ROUND(M87*N87,2))) | P87: =IF(OR(B87="",J87<>""),"",IF(L87<>"",L87,IF(COUNTIFS(Invoices!$C$6:$C$305,C87,Invoices!$E$6:$E$305,"<="&B87,Invoices!$F$6:$F$305,">="&B87)=1,INDEX(Invoices!$B$6:$B$305,SUMIFS(Invoices!$O$6:$O$305,Invoices!$C$6:$C$305,C87,Invoices!$E$6:$E$305,"<="&B87,Invoices!$F$6:$F$305,">="&B87)),IF(COUNTIFS(Invoices!$C$6:$C$305,C87,Invoices!$E$6:$E$305,"<="&B87,Invoices!$F$6:$F$305,">="&B87)>1,"Two invoices","")))) | Q87: =IF(B87="","",IF(J87<>"","Not billable",IF(P87="","To invoice",IF(P87="Two invoices","Check dates",IF(ISNA(MATCH(P87,Invoices!$B$6:$B$305,0)),"Check number",IF(INDEX(Invoices!$M$6:$M$305,MATCH(P87,Invoices!$B$6:$B$305,0))="Paid","Paid",IF(INDEX(Invoices!$M$6:$M$305,MATCH(P87,Invoices!$B$6:$B$305,0))="Draft","Draft","Invoiced"))))))) | R87: =IF(AND(B87<>"",P87<>"",P87=Invoice!$G$4),B87+MOD(N(F87),1)+ROW()/10000000,"") | S87: =IF(R87="","",IF(D87="","Other work",D87)&IF(AND(K87<>"",E87<>""),", "&E87,"")) | T87: =IF(R87="","",IF(COUNTIFS(R$6:R86,">0",S$6:S86,S87,N$6:N86,N87)=0,R87,"")) | U87: =IF(B87="","",IF(J87<>"",0,M87))
B88: 46170 | C88: Greenleaf Studio | D88: Monthly social posts | E88: Post designs | F88: 0.39583333 | G88: 0.52083333 | M88: =IF(B88="","",IF(AND(F88<>"",G88<>""),MAX(0,ROUND(MOD(G88-F88,1)*24-N(H88)/60,2)),N(I88))) | N88: =IF(B88="","",IF(K88<>"",K88,IF(N(IFERROR(INDEX(Projects!$D$6:$D$65,MATCH(D88,Projects!$B$6:$B$65,0)),""))>0,IFERROR(INDEX(Projects!$D$6:$D$65,MATCH(D88,Projects!$B$6:$B$65,0)),""),IFERROR(INDEX(Clients!$G$6:$G$45,MATCH(C88,Clients!$B$6:$B$45,0)),0)))) | O88: =IF(B88="","",IF(J88<>"",0,ROUND(M88*N88,2))) | P88: =IF(OR(B88="",J88<>""),"",IF(L88<>"",L88,IF(COUNTIFS(Invoices!$C$6:$C$305,C88,Invoices!$E$6:$E$305,"<="&B88,Invoices!$F$6:$F$305,">="&B88)=1,INDEX(Invoices!$B$6:$B$305,SUMIFS(Invoices!$O$6:$O$305,Invoices!$C$6:$C$305,C88,Invoices!$E$6:$E$305,"<="&B88,Invoices!$F$6:$F$305,">="&B88)),IF(COUNTIFS(Invoices!$C$6:$C$305,C88,Invoices!$E$6:$E$305,"<="&B88,Invoices!$F$6:$F$305,">="&B88)>1,"Two invoices","")))) | Q88: =IF(B88="","",IF(J88<>"","Not billable",IF(P88="","To invoice",IF(P88="Two invoices","Check dates",IF(ISNA(MATCH(P88,Invoices!$B$6:$B$305,0)),"Check number",IF(INDEX(Invoices!$M$6:$M$305,MATCH(P88,Invoices!$B$6:$B$305,0))="Paid","Paid",IF(INDEX(Invoices!$M$6:$M$305,MATCH(P88,Invoices!$B$6:$B$305,0))="Draft","Draft","Invoiced"))))))) | R88: =IF(AND(B88<>"",P88<>"",P88=Invoice!$G$4),B88+MOD(N(F88),1)+ROW()/10000000,"") | S88: =IF(R88="","",IF(D88="","Other work",D88)&IF(AND(K88<>"",E88<>""),", "&E88,"")) | T88: =IF(R88="","",IF(COUNTIFS(R$6:R87,">0",S$6:S87,S88,N$6:N87,N88)=0,R88,"")) | U88: =IF(B88="","",IF(J88<>"",0,M88))
B89: 46171 | C89: Harbour Books | D89: Spring catalogue | E89: Catalogue layout | F89: 0.39583333 | G89: 0.53125 | H89: 15 | M89: =IF(B89="","",IF(AND(F89<>"",G89<>""),MAX(0,ROUND(MOD(G89-F89,1)*24-N(H89)/60,2)),N(I89))) | N89: =IF(B89="","",IF(K89<>"",K89,IF(N(IFERROR(INDEX(Projects!$D$6:$D$65,MATCH(D89,Projects!$B$6:$B$65,0)),""))>0,IFERROR(INDEX(Projects!$D$6:$D$65,MATCH(D89,Projects!$B$6:$B$65,0)),""),IFERROR(INDEX(Clients!$G$6:$G$45,MATCH(C89,Clients!$B$6:$B$45,0)),0)))) | O89: =IF(B89="","",IF(J89<>"",0,ROUND(M89*N89,2))) | P89: =IF(OR(B89="",J89<>""),"",IF(L89<>"",L89,IF(COUNTIFS(Invoices!$C$6:$C$305,C89,Invoices!$E$6:$E$305,"<="&B89,Invoices!$F$6:$F$305,">="&B89)=1,INDEX(Invoices!$B$6:$B$305,SUMIFS(Invoices!$O$6:$O$305,Invoices!$C$6:$C$305,C89,Invoices!$E$6:$E$305,"<="&B89,Invoices!$F$6:$F$305,">="&B89)),IF(COUNTIFS(Invoices!$C$6:$C$305,C89,Invoices!$E$6:$E$305,"<="&B89,Invoices!$F$6:$F$305,">="&B89)>1,"Two invoices","")))) | Q89: =IF(B89="","",IF(J89<>"","Not billable",IF(P89="","To invoice",IF(P89="Two invoices","Check dates",IF(ISNA(MATCH(P89,Invoices!$B$6:$B$305,0)),"Check number",IF(INDEX(Invoices!$M$6:$M$305,MATCH(P89,Invoices!$B$6:$B$305,0))="Paid","Paid",IF(INDEX(Invoices!$M$6:$M$305,MATCH(P89,Invoices!$B$6:$B$305,0))="Draft","Draft","Invoiced"))))))) | R89: =IF(AND(B89<>"",P89<>"",P89=Invoice!$G$4),B89+MOD(N(F89),1)+ROW()/10000000,"") | S89: =IF(R89="","",IF(D89="","Other work",D89)&IF(AND(K89<>"",E89<>""),", "&E89,"")) | T89: =IF(R89="","",IF(COUNTIFS(R$6:R88,">0",S$6:S88,S89,N$6:N88,N89)=0,R89,"")) | U89: =IF(B89="","",IF(J89<>"",0,M89))
B90: 46171 | C90: Greenleaf Studio | D90: Monthly social posts | E90: Captions and scheduling | F90: 0.57291667 | G90: 0.65625 | M90: =IF(B90="","",IF(AND(F90<>"",G90<>""),MAX(0,ROUND(MOD(G90-F90,1)*24-N(H90)/60,2)),N(I90))) | N90: =IF(B90="","",IF(K90<>"",K90,IF(N(IFERROR(INDEX(Projects!$D$6:$D$65,MATCH(D90,Projects!$B$6:$B$65,0)),""))>0,IFERROR(INDEX(Projects!$D$6:$D$65,MATCH(D90,Projects!$B$6:$B$65,0)),""),IFERROR(INDEX(Clients!$G$6:$G$45,MATCH(C90,Clients!$B$6:$B$45,0)),0)))) | O90: =IF(B90="","",IF(J90<>"",0,ROUND(M90*N90,2))) | P90: =IF(OR(B90="",J90<>""),"",IF(L90<>"",L90,IF(COUNTIFS(Invoices!$C$6:$C$305,C90,Invoices!$E$6:$E$305,"<="&B90,Invoices!$F$6:$F$305,">="&B90)=1,INDEX(Invoices!$B$6:$B$305,SUMIFS(Invoices!$O$6:$O$305,Invoices!$C$6:$C$305,C90,Invoices!$E$6:$E$305,"<="&B90,Invoices!$F$6:$F$305,">="&B90)),IF(COUNTIFS(Invoices!$C$6:$C$305,C90,Invoices!$E$6:$E$305,"<="&B90,Invoices!$F$6:$F$305,">="&B90)>1,"Two invoices","")))) | Q90: =IF(B90="","",IF(J90<>"","Not billable",IF(P90="","To invoice",IF(P90="Two invoices","Check dates",IF(ISNA(MATCH(P90,Invoices!$B$6:$B$305,0)),"Check number",IF(INDEX(Invoices!$M$6:$M$305,MATCH(P90,Invoices!$B$6:$B$305,0))="Paid","Paid",IF(INDEX(Invoices!$M$6:$M$305,MATCH(P90,Invoices!$B$6:$B$305,0))="Draft","Draft","Invoiced"))))))) | R90: =IF(AND(B90<>"",P90<>"",P90=Invoice!$G$4),B90+MOD(N(F90),1)+ROW()/10000000,"") | S90: =IF(R90="","",IF(D90="","Other work",D90)&IF(AND(K90<>"",E90<>""),", "&E90,"")) | T90: =IF(R90="","",IF(COUNTIFS(R$6:R89,">0",S$6:S89,S90,N$6:N89,N90)=0,R90,"")) | U90: =IF(B90="","",IF(J90<>"",0,M90))
B91: 46171 | C91: Harbour Books | D91: Spring catalogue | E91: Proof corrections | F91: 0.69791667 | G91: 0.78125 | M91: =IF(B91="","",IF(AND(F91<>"",G91<>""),MAX(0,ROUND(MOD(G91-F91,1)*24-N(H91)/60,2)),N(I91))) | N91: =IF(B91="","",IF(K91<>"",K91,IF(N(IFERROR(INDEX(Projects!$D$6:$D$65,MATCH(D91,Projects!$B$6:$B$65,0)),""))>0,IFERROR(INDEX(Projects!$D$6:$D$65,MATCH(D91,Projects!$B$6:$B$65,0)),""),IFERROR(INDEX(Clients!$G$6:$G$45,MATCH(C91,Clients!$B$6:$B$45,0)),0)))) | O91: =IF(B91="","",IF(J91<>"",0,ROUND(M91*N91,2))) | P91: =IF(OR(B91="",J91<>""),"",IF(L91<>"",L91,IF(COUNTIFS(Invoices!$C$6:$C$305,C91,Invoices!$E$6:$E$305,"<="&B91,Invoices!$F$6:$F$305,">="&B91)=1,INDEX(Invoices!$B$6:$B$305,SUMIFS(Invoices!$O$6:$O$305,Invoices!$C$6:$C$305,C91,Invoices!$E$6:$E$305,"<="&B91,Invoices!$F$6:$F$305,">="&B91)),IF(COUNTIFS(Invoices!$C$6:$C$305,C91,Invoices!$E$6:$E$305,"<="&B91,Invoices!$F$6:$F$305,">="&B91)>1,"Two invoices","")))) | Q91: =IF(B91="","",IF(J91<>"","Not billable",IF(P91="","To invoice",IF(P91="Two invoices","Check dates",IF(ISNA(MATCH(P91,Invoices!$B$6:$B$305,0)),"Check number",IF(INDEX(Invoices!$M$6:$M$305,MATCH(P91,Invoices!$B$6:$B$305,0))="Paid","Paid",IF(INDEX(Invoices!$M$6:$M$305,MATCH(P91,Invoices!$B$6:$B$305,0))="Draft","Draft","Invoiced"))))))) | R91: =IF(AND(B91<>"",P91<>"",P91=Invoice!$G$4),B91+MOD(N(F91),1)+ROW()/10000000,"") | S91: =IF(R91="","",IF(D91="","Other work",D91)&IF(AND(K91<>"",E91<>""),", "&E91,"")) | T91: =IF(R91="","",IF(COUNTIFS(R$6:R90,">0",S$6:S90,S91,N$6:N90,N91)=0,R91,"")) | U91: =IF(B91="","",IF(J91<>"",0,M91))
B92: 46174 | C92: Harbour Books | D92: Website redesign | E92: Page layouts | F92: 0.375 | G92: 0.45833333 | M92: =IF(B92="","",IF(AND(F92<>"",G92<>""),MAX(0,ROUND(MOD(G92-F92,1)*24-N(H92)/60,2)),N(I92))) | N92: =IF(B92="","",IF(K92<>"",K92,IF(N(IFERROR(INDEX(Projects!$D$6:$D$65,MATCH(D92,Projects!$B$6:$B$65,0)),""))>0,IFERROR(INDEX(Projects!$D$6:$D$65,MATCH(D92,Projects!$B$6:$B$65,0)),""),IFERROR(INDEX(Clients!$G$6:$G$45,MATCH(C92,Clients!$B$6:$B$45,0)),0)))) | O92: =IF(B92="","",IF(J92<>"",0,ROUND(M92*N92,2))) | P92: =IF(OR(B92="",J92<>""),"",IF(L92<>"",L92,IF(COUNTIFS(Invoices!$C$6:$C$305,C92,Invoices!$E$6:$E$305,"<="&B92,Invoices!$F$6:$F$305,">="&B92)=1,INDEX(Invoices!$B$6:$B$305,SUMIFS(Invoices!$O$6:$O$305,Invoices!$C$6:$C$305,C92,Invoices!$E$6:$E$305,"<="&B92,Invoices!$F$6:$F$305,">="&B92)),IF(COUNTIFS(Invoices!$C$6:$C$305,C92,Invoices!$E$6:$E$305,"<="&B92,Invoices!$F$6:$F$305,">="&B92)>1,"Two invoices","")))) | Q92: =IF(B92="","",IF(J92<>"","Not billable",IF(P92="","To invoice",IF(P92="Two invoices","Check dates",IF(ISNA(MATCH(P92,Invoices!$B$6:$B$305,0)),"Check number",IF(INDEX(Invoices!$M$6:$M$305,MATCH(P92,Invoices!$B$6:$B$305,0))="Paid","Paid",IF(INDEX(Invoices!$M$6:$M$305,MATCH(P92,Invoices!$B$6:$B$305,0))="Draft","Draft","Invoiced"))))))) | R92: =IF(AND(B92<>"",P92<>"",P92=Invoice!$G$4),B92+MOD(N(F92),1)+ROW()/10000000,"") | S92: =IF(R92="","",IF(D92="","Other work",D92)&IF(AND(K92<>"",E92<>""),", "&E92,"")) | T92: =IF(R92="","",IF(COUNTIFS(R$6:R91,">0",S$6:S91,S92,N$6:N91,N92)=0,R92,"")) | U92: =IF(B92="","",IF(J92<>"",0,M92))
B93: 46174 | C93: Harbour Books | D93: Website redesign | E93: Client call | F93: 0.5 | G93: 0.58333333 | M93: =IF(B93="","",IF(AND(F93<>"",G93<>""),MAX(0,ROUND(MOD(G93-F93,1)*24-N(H93)/60,2)),N(I93))) | N93: =IF(B93="","",IF(K93<>"",K93,IF(N(IFERROR(INDEX(Projects!$D$6:$D$65,MATCH(D93,Projects!$B$6:$B$65,0)),""))>0,IFERROR(INDEX(Projects!$D$6:$D$65,MATCH(D93,Projects!$B$6:$B$65,0)),""),IFERROR(INDEX(Clients!$G$6:$G$45,MATCH(C93,Clients!$B$6:$B$45,0)),0)))) | O93: =IF(B93="","",IF(J93<>"",0,ROUND(M93*N93,2))) | P93: =IF(OR(B93="",J93<>""),"",IF(L93<>"",L93,IF(COUNTIFS(Invoices!$C$6:$C$305,C93,Invoices!$E$6:$E$305,"<="&B93,Invoices!$F$6:$F$305,">="&B93)=1,INDEX(Invoices!$B$6:$B$305,SUMIFS(Invoices!$O$6:$O$305,Invoices!$C$6:$C$305,C93,Invoices!$E$6:$E$305,"<="&B93,Invoices!$F$6:$F$305,">="&B93)),IF(COUNTIFS(Invoices!$C$6:$C$305,C93,Invoices!$E$6:$E$305,"<="&B93,Invoices!$F$6:$F$305,">="&B93)>1,"Two invoices","")))) | Q93: =IF(B93="","",IF(J93<>"","Not billable",IF(P93="","To invoice",IF(P93="Two invoices","Check dates",IF(ISNA(MATCH(P93,Invoices!$B$6:$B$305,0)),"Check number",IF(INDEX(Invoices!$M$6:$M$305,MATCH(P93,Invoices!$B$6:$B$305,0))="Paid","Paid",IF(INDEX(Invoices!$M$6:$M$305,MATCH(P93,Invoices!$B$6:$B$305,0))="Draft","Draft","Invoiced"))))))) | R93: =IF(AND(B93<>"",P93<>"",P93=Invoice!$G$4),B93+MOD(N(F93),1)+ROW()/10000000,"") | S93: =IF(R93="","",IF(D93="","Other work",D93)&IF(AND(K93<>"",E93<>""),", "&E93,"")) | T93: =IF(R93="","",IF(COUNTIFS(R$6:R92,">0",S$6:S92,S93,N$6:N92,N93)=0,R93,"")) | U93: =IF(B93="","",IF(J93<>"",0,M93))
B94: 46174 | C94: Harbour Books | D94: Website redesign | E94: Style guide | F94: 0.61458333 | G94: 0.67708333 | M94: =IF(B94="","",IF(AND(F94<>"",G94<>""),MAX(0,ROUND(MOD(G94-F94,1)*24-N(H94)/60,2)),N(I94))) | N94: =IF(B94="","",IF(K94<>"",K94,IF(N(IFERROR(INDEX(Projects!$D$6:$D$65,MATCH(D94,Projects!$B$6:$B$65,0)),""))>0,IFERROR(INDEX(Projects!$D$6:$D$65,MATCH(D94,Projects!$B$6:$B$65,0)),""),IFERROR(INDEX(Clients!$G$6:$G$45,MATCH(C94,Clients!$B$6:$B$45,0)),0)))) | O94: =IF(B94="","",IF(J94<>"",0,ROUND(M94*N94,2))) | P94: =IF(OR(B94="",J94<>""),"",IF(L94<>"",L94,IF(COUNTIFS(Invoices!$C$6:$C$305,C94,Invoices!$E$6:$E$305,"<="&B94,Invoices!$F$6:$F$305,">="&B94)=1,INDEX(Invoices!$B$6:$B$305,SUMIFS(Invoices!$O$6:$O$305,Invoices!$C$6:$C$305,C94,Invoices!$E$6:$E$305,"<="&B94,Invoices!$F$6:$F$305,">="&B94)),IF(COUNTIFS(Invoices!$C$6:$C$305,C94,Invoices!$E$6:$E$305,"<="&B94,Invoices!$F$6:$F$305,">="&B94)>1,"Two invoices","")))) | Q94: =IF(B94="","",IF(J94<>"","Not billable",IF(P94="","To invoice",IF(P94="Two invoices","Check dates",IF(ISNA(MATCH(P94,Invoices!$B$6:$B$305,0)),"Check number",IF(INDEX(Invoices!$M$6:$M$305,MATCH(P94,Invoices!$B$6:$B$305,0))="Paid","Paid",IF(INDEX(Invoices!$M$6:$M$305,MATCH(P94,Invoices!$B$6:$B$305,0))="Draft","Draft","Invoiced"))))))) | R94: =IF(AND(B94<>"",P94<>"",P94=Invoice!$G$4),B94+MOD(N(F94),1)+ROW()/10000000,"") | S94: =IF(R94="","",IF(D94="","Other work",D94)&IF(AND(K94<>"",E94<>""),", "&E94,"")) | T94: =IF(R94="","",IF(COUNTIFS(R$6:R93,">0",S$6:S93,S94,N$6:N93,N94)=0,R94,"")) | U94: =IF(B94="","",IF(J94<>"",0,M94))
B95: 46175 | C95: Harbour Books | D95: Website redesign | E95: Client call | I95: 2 | M95: =IF(B95="","",IF(AND(F95<>"",G95<>""),MAX(0,ROUND(MOD(G95-F95,1)*24-N(H95)/60,2)),N(I95))) | N95: =IF(B95="","",IF(K95<>"",K95,IF(N(IFERROR(INDEX(Projects!$D$6:$D$65,MATCH(D95,Projects!$B$6:$B$65,0)),""))>0,IFERROR(INDEX(Projects!$D$6:$D$65,MATCH(D95,Projects!$B$6:$B$65,0)),""),IFERROR(INDEX(Clients!$G$6:$G$45,MATCH(C95,Clients!$B$6:$B$45,0)),0)))) | O95: =IF(B95="","",IF(J95<>"",0,ROUND(M95*N95,2))) | P95: =IF(OR(B95="",J95<>""),"",IF(L95<>"",L95,IF(COUNTIFS(Invoices!$C$6:$C$305,C95,Invoices!$E$6:$E$305,"<="&B95,Invoices!$F$6:$F$305,">="&B95)=1,INDEX(Invoices!$B$6:$B$305,SUMIFS(Invoices!$O$6:$O$305,Invoices!$C$6:$C$305,C95,Invoices!$E$6:$E$305,"<="&B95,Invoices!$F$6:$F$305,">="&B95)),IF(COUNTIFS(Invoices!$C$6:$C$305,C95,Invoices!$E$6:$E$305,"<="&B95,Invoices!$F$6:$F$305,">="&B95)>1,"Two invoices","")))) | Q95: =IF(B95="","",IF(J95<>"","Not billable",IF(P95="","To invoice",IF(P95="Two invoices","Check dates",IF(ISNA(MATCH(P95,Invoices!$B$6:$B$305,0)),"Check number",IF(INDEX(Invoices!$M$6:$M$305,MATCH(P95,Invoices!$B$6:$B$305,0))="Paid","Paid",IF(INDEX(Invoices!$M$6:$M$305,MATCH(P95,Invoices!$B$6:$B$305,0))="Draft","Draft","Invoiced"))))))) | R95: =IF(AND(B95<>"",P95<>"",P95=Invoice!$G$4),B95+MOD(N(F95),1)+ROW()/10000000,"") | S95: =IF(R95="","",IF(D95="","Other work",D95)&IF(AND(K95<>"",E95<>""),", "&E95,"")) | T95: =IF(R95="","",IF(COUNTIFS(R$6:R94,">0",S$6:S94,S95,N$6:N94,N95)=0,R95,"")) | U95: =IF(B95="","",IF(J95<>"",0,M95))
B96: 46175 | C96: Harbour Books | D96: Website redesign | E96: Style guide | F96: 0.375 | G96: 0.5 | M96: =IF(B96="","",IF(AND(F96<>"",G96<>""),MAX(0,ROUND(MOD(G96-F96,1)*24-N(H96)/60,2)),N(I96))) | N96: =IF(B96="","",IF(K96<>"",K96,IF(N(IFERROR(INDEX(Projects!$D$6:$D$65,MATCH(D96,Projects!$B$6:$B$65,0)),""))>0,IFERROR(INDEX(Projects!$D$6:$D$65,MATCH(D96,Projects!$B$6:$B$65,0)),""),IFERROR(INDEX(Clients!$G$6:$G$45,MATCH(C96,Clients!$B$6:$B$45,0)),0)))) | O96: =IF(B96="","",IF(J96<>"",0,ROUND(M96*N96,2))) | P96: =IF(OR(B96="",J96<>""),"",IF(L96<>"",L96,IF(COUNTIFS(Invoices!$C$6:$C$305,C96,Invoices!$E$6:$E$305,"<="&B96,Invoices!$F$6:$F$305,">="&B96)=1,INDEX(Invoices!$B$6:$B$305,SUMIFS(Invoices!$O$6:$O$305,Invoices!$C$6:$C$305,C96,Invoices!$E$6:$E$305,"<="&B96,Invoices!$F$6:$F$305,">="&B96)),IF(COUNTIFS(Invoices!$C$6:$C$305,C96,Invoices!$E$6:$E$305,"<="&B96,Invoices!$F$6:$F$305,">="&B96)>1,"Two invoices","")))) | Q96: =IF(B96="","",IF(J96<>"","Not billable",IF(P96="","To invoice",IF(P96="Two invoices","Check dates",IF(ISNA(MATCH(P96,Invoices!$B$6:$B$305,0)),"Check number",IF(INDEX(Invoices!$M$6:$M$305,MATCH(P96,Invoices!$B$6:$B$305,0))="Paid","Paid",IF(INDEX(Invoices!$M$6:$M$305,MATCH(P96,Invoices!$B$6:$B$305,0))="Draft","Draft","Invoiced"))))))) | R96: =IF(AND(B96<>"",P96<>"",P96=Invoice!$G$4),B96+MOD(N(F96),1)+ROW()/10000000,"") | S96: =IF(R96="","",IF(D96="","Other work",D96)&IF(AND(K96<>"",E96<>""),", "&E96,"")) | T96: =IF(R96="","",IF(COUNTIFS(R$6:R95,">0",S$6:S95,S96,N$6:N95,N96)=0,R96,"")) | U96: =IF(B96="","",IF(J96<>"",0,M96))
B97: 46175 | C97: Greenleaf Studio | D97: Monthly social posts | E97: Post designs | F97: 0.52083333 | G97: 0.67708333 | H97: 15 | M97: =IF(B97="","",IF(AND(F97<>"",G97<>""),MAX(0,ROUND(MOD(G97-F97,1)*24-N(H97)/60,2)),N(I97))) | N97: =IF(B97="","",IF(K97<>"",K97,IF(N(IFERROR(INDEX(Projects!$D$6:$D$65,MATCH(D97,Projects!$B$6:$B$65,0)),""))>0,IFERROR(INDEX(Projects!$D$6:$D$65,MATCH(D97,Projects!$B$6:$B$65,0)),""),IFERROR(INDEX(Clients!$G$6:$G$45,MATCH(C97,Clients!$B$6:$B$45,0)),0)))) | O97: =IF(B97="","",IF(J97<>"",0,ROUND(M97*N97,2))) | P97: =IF(OR(B97="",J97<>""),"",IF(L97<>"",L97,IF(COUNTIFS(Invoices!$C$6:$C$305,C97,Invoices!$E$6:$E$305,"<="&B97,Invoices!$F$6:$F$305,">="&B97)=1,INDEX(Invoices!$B$6:$B$305,SUMIFS(Invoices!$O$6:$O$305,Invoices!$C$6:$C$305,C97,Invoices!$E$6:$E$305,"<="&B97,Invoices!$F$6:$F$305,">="&B97)),IF(COUNTIFS(Invoices!$C$6:$C$305,C97,Invoices!$E$6:$E$305,"<="&B97,Invoices!$F$6:$F$305,">="&B97)>1,"Two invoices","")))) | Q97: =IF(B97="","",IF(J97<>"","Not billable",IF(P97="","To invoice",IF(P97="Two invoices","Check dates",IF(ISNA(MATCH(P97,Invoices!$B$6:$B$305,0)),"Check number",IF(INDEX(Invoices!$M$6:$M$305,MATCH(P97,Invoices!$B$6:$B$305,0))="Paid","Paid",IF(INDEX(Invoices!$M$6:$M$305,MATCH(P97,Invoices!$B$6:$B$305,0))="Draft","Draft","Invoiced"))))))) | R97: =IF(AND(B97<>"",P97<>"",P97=Invoice!$G$4),B97+MOD(N(F97),1)+ROW()/10000000,"") | S97: =IF(R97="","",IF(D97="","Other work",D97)&IF(AND(K97<>"",E97<>""),", "&E97,"")) | T97: =IF(R97="","",IF(COUNTIFS(R$6:R96,">0",S$6:S96,S97,N$6:N96,N97)=0,R97,"")) | U97: =IF(B97="","",IF(J97<>"",0,M97))
B98: 46176 | C98: Harbour Books | D98: Website redesign | E98: Page layouts | F98: 0.39583333 | G98: 0.47916667 | M98: =IF(B98="","",IF(AND(F98<>"",G98<>""),MAX(0,ROUND(MOD(G98-F98,1)*24-N(H98)/60,2)),N(I98))) | N98: =IF(B98="","",IF(K98<>"",K98,IF(N(IFERROR(INDEX(Projects!$D$6:$D$65,MATCH(D98,Projects!$B$6:$B$65,0)),""))>0,IFERROR(INDEX(Projects!$D$6:$D$65,MATCH(D98,Projects!$B$6:$B$65,0)),""),IFERROR(INDEX(Clients!$G$6:$G$45,MATCH(C98,Clients!$B$6:$B$45,0)),0)))) | O98: =IF(B98="","",IF(J98<>"",0,ROUND(M98*N98,2))) | P98: =IF(OR(B98="",J98<>""),"",IF(L98<>"",L98,IF(COUNTIFS(Invoices!$C$6:$C$305,C98,Invoices!$E$6:$E$305,"<="&B98,Invoices!$F$6:$F$305,">="&B98)=1,INDEX(Invoices!$B$6:$B$305,SUMIFS(Invoices!$O$6:$O$305,Invoices!$C$6:$C$305,C98,Invoices!$E$6:$E$305,"<="&B98,Invoices!$F$6:$F$305,">="&B98)),IF(COUNTIFS(Invoices!$C$6:$C$305,C98,Invoices!$E$6:$E$305,"<="&B98,Invoices!$F$6:$F$305,">="&B98)>1,"Two invoices","")))) | Q98: =IF(B98="","",IF(J98<>"","Not billable",IF(P98="","To invoice",IF(P98="Two invoices","Check dates",IF(ISNA(MATCH(P98,Invoices!$B$6:$B$305,0)),"Check number",IF(INDEX(Invoices!$M$6:$M$305,MATCH(P98,Invoices!$B$6:$B$305,0))="Paid","Paid",IF(INDEX(Invoices!$M$6:$M$305,MATCH(P98,Invoices!$B$6:$B$305,0))="Draft","Draft","Invoiced"))))))) | R98: =IF(AND(B98<>"",P98<>"",P98=Invoice!$G$4),B98+MOD(N(F98),1)+ROW()/10000000,"") | S98: =IF(R98="","",IF(D98="","Other work",D98)&IF(AND(K98<>"",E98<>""),", "&E98,"")) | T98: =IF(R98="","",IF(COUNTIFS(R$6:R97,">0",S$6:S97,S98,N$6:N97,N98)=0,R98,"")) | U98: =IF(B98="","",IF(J98<>"",0,M98))
B99: 46176 | C99: Harbour Books | D99: Website redesign | E99: Style guide | F99: 0.5 | G99: 0.625 | M99: =IF(B99="","",IF(AND(F99<>"",G99<>""),MAX(0,ROUND(MOD(G99-F99,1)*24-N(H99)/60,2)),N(I99))) | N99: =IF(B99="","",IF(K99<>"",K99,IF(N(IFERROR(INDEX(Projects!$D$6:$D$65,MATCH(D99,Projects!$B$6:$B$65,0)),""))>0,IFERROR(INDEX(Projects!$D$6:$D$65,MATCH(D99,Projects!$B$6:$B$65,0)),""),IFERROR(INDEX(Clients!$G$6:$G$45,MATCH(C99,Clients!$B$6:$B$45,0)),0)))) | O99: =IF(B99="","",IF(J99<>"",0,ROUND(M99*N99,2))) | P99: =IF(OR(B99="",J99<>""),"",IF(L99<>"",L99,IF(COUNTIFS(Invoices!$C$6:$C$305,C99,Invoices!$E$6:$E$305,"<="&B99,Invoices!$F$6:$F$305,">="&B99)=1,INDEX(Invoices!$B$6:$B$305,SUMIFS(Invoices!$O$6:$O$305,Invoices!$C$6:$C$305,C99,Invoices!$E$6:$E$305,"<="&B99,Invoices!$F$6:$F$305,">="&B99)),IF(COUNTIFS(Invoices!$C$6:$C$305,C99,Invoices!$E$6:$E$305,"<="&B99,Invoices!$F$6:$F$305,">="&B99)>1,"Two invoices","")))) | Q99: =IF(B99="","",IF(J99<>"","Not billable",IF(P99="","To invoice",IF(P99="Two invoices","Check dates",IF(ISNA(MATCH(P99,Invoices!$B$6:$B$305,0)),"Check number",IF(INDEX(Invoices!$M$6:$M$305,MATCH(P99,Invoices!$B$6:$B$305,0))="Paid","Paid",IF(INDEX(Invoices!$M$6:$M$305,MATCH(P99,Invoices!$B$6:$B$305,0))="Draft","Draft","Invoiced"))))))) | R99: =IF(AND(B99<>"",P99<>"",P99=Invoice!$G$4),B99+MOD(N(F99),1)+ROW()/10000000,"") | S99: =IF(R99="","",IF(D99="","Other work",D99)&IF(AND(K99<>"",E99<>""),", "&E99,"")) | T99: =IF(R99="","",IF(COUNTIFS(R$6:R98,">0",S$6:S98,S99,N$6:N98,N99)=0,R99,"")) | U99: =IF(B99="","",IF(J99<>"",0,M99))
B100: 46177 | C100: Harbour Books | D100: Website redesign | E100: Style guide | I100: 2.5 | M100: =IF(B100="","",IF(AND(F100<>"",G100<>""),MAX(0,ROUND(MOD(G100-F100,1)*24-N(H100)/60,2)),N(I100))) | N100: =IF(B100="","",IF(K100<>"",K100,IF(N(IFERROR(INDEX(Projects!$D$6:$D$65,MATCH(D100,Projects!$B$6:$B$65,0)),""))>0,IFERROR(INDEX(Projects!$D$6:$D$65,MATCH(D100,Projects!$B$6:$B$65,0)),""),IFERROR(INDEX(Clients!$G$6:$G$45,MATCH(C100,Clients!$B$6:$B$45,0)),0)))) | O100: =IF(B100="","",IF(J100<>"",0,ROUND(M100*N100,2))) | P100: =IF(OR(B100="",J100<>""),"",IF(L100<>"",L100,IF(COUNTIFS(Invoices!$C$6:$C$305,C100,Invoices!$E$6:$E$305,"<="&B100,Invoices!$F$6:$F$305,">="&B100)=1,INDEX(Invoices!$B$6:$B$305,SUMIFS(Invoices!$O$6:$O$305,Invoices!$C$6:$C$305,C100,Invoices!$E$6:$E$305,"<="&B100,Invoices!$F$6:$F$305,">="&B100)),IF(COUNTIFS(Invoices!$C$6:$C$305,C100,Invoices!$E$6:$E$305,"<="&B100,Invoices!$F$6:$F$305,">="&B100)>1,"Two invoices","")))) | Q100: =IF(B100="","",IF(J100<>"","Not billable",IF(P100="","To invoice",IF(P100="Two invoices","Check dates",IF(ISNA(MATCH(P100,Invoices!$B$6:$B$305,0)),"Check number",IF(INDEX(Invoices!$M$6:$M$305,MATCH(P100,Invoices!$B$6:$B$305,0))="Paid","Paid",IF(INDEX(Invoices!$M$6:$M$305,MATCH(P100,Invoices!$B$6:$B$305,0))="Draft","Draft","Invoiced"))))))) | R100: =IF(AND(B100<>"",P100<>"",P100=Invoice!$G$4),B100+MOD(N(F100),1)+ROW()/10000000,"") | S100: =IF(R100="","",IF(D100="","Other work",D100)&IF(AND(K100<>"",E100<>""),", "&E100,"")) | T100: =IF(R100="","",IF(COUNTIFS(R$6:R99,">0",S$6:S99,S100,N$6:N99,N100)=0,R100,"")) | U100: =IF(B100="","",IF(J100<>"",0,M100))
B101: 46177 | C101: Harbour Books | D101: Website redesign | E101: Revisions after feedback | F101: 0.39583333 | G101: 0.47916667 | M101: =IF(B101="","",IF(AND(F101<>"",G101<>""),MAX(0,ROUND(MOD(G101-F101,1)*24-N(H101)/60,2)),N(I101))) | N101: =IF(B101="","",IF(K101<>"",K101,IF(N(IFERROR(INDEX(Projects!$D$6:$D$65,MATCH(D101,Projects!$B$6:$B$65,0)),""))>0,IFERROR(INDEX(Projects!$D$6:$D$65,MATCH(D101,Projects!$B$6:$B$65,0)),""),IFERROR(INDEX(Clients!$G$6:$G$45,MATCH(C101,Clients!$B$6:$B$45,0)),0)))) | O101: =IF(B101="","",IF(J101<>"",0,ROUND(M101*N101,2))) | P101: =IF(OR(B101="",J101<>""),"",IF(L101<>"",L101,IF(COUNTIFS(Invoices!$C$6:$C$305,C101,Invoices!$E$6:$E$305,"<="&B101,Invoices!$F$6:$F$305,">="&B101)=1,INDEX(Invoices!$B$6:$B$305,SUMIFS(Invoices!$O$6:$O$305,Invoices!$C$6:$C$305,C101,Invoices!$E$6:$E$305,"<="&B101,Invoices!$F$6:$F$305,">="&B101)),IF(COUNTIFS(Invoices!$C$6:$C$305,C101,Invoices!$E$6:$E$305,"<="&B101,Invoices!$F$6:$F$305,">="&B101)>1,"Two invoices","")))) | Q101: =IF(B101="","",IF(J101<>"","Not billable",IF(P101="","To invoice",IF(P101="Two invoices","Check dates",IF(ISNA(MATCH(P101,Invoices!$B$6:$B$305,0)),"Check number",IF(INDEX(Invoices!$M$6:$M$305,MATCH(P101,Invoices!$B$6:$B$305,0))="Paid","Paid",IF(INDEX(Invoices!$M$6:$M$305,MATCH(P101,Invoices!$B$6:$B$305,0))="Draft","Draft","Invoiced"))))))) | R101: =IF(AND(B101<>"",P101<>"",P101=Invoice!$G$4),B101+MOD(N(F101),1)+ROW()/10000000,"") | S101: =IF(R101="","",IF(D101="","Other work",D101)&IF(AND(K101<>"",E101<>""),", "&E101,"")) | T101: =IF(R101="","",IF(COUNTIFS(R$6:R100,">0",S$6:S100,S101,N$6:N100,N101)=0,R101,"")) | U101: =IF(B101="","",IF(J101<>"",0,M101))
B102: 46178 | C102: Harbour Books | D102: Website redesign | E102: Client call | F102: 0.375 | G102: 0.52083333 | M102: =IF(B102="","",IF(AND(F102<>"",G102<>""),MAX(0,ROUND(MOD(G102-F102,1)*24-N(H102)/60,2)),N(I102))) | N102: =IF(B102="","",IF(K102<>"",K102,IF(N(IFERROR(INDEX(Projects!$D$6:$D$65,MATCH(D102,Projects!$B$6:$B$65,0)),""))>0,IFERROR(INDEX(Projects!$D$6:$D$65,MATCH(D102,Projects!$B$6:$B$65,0)),""),IFERROR(INDEX(Clients!$G$6:$G$45,MATCH(C102,Clients!$B$6:$B$45,0)),0)))) | O102: =IF(B102="","",IF(J102<>"",0,ROUND(M102*N102,2))) | P102: =IF(OR(B102="",J102<>""),"",IF(L102<>"",L102,IF(COUNTIFS(Invoices!$C$6:$C$305,C102,Invoices!$E$6:$E$305,"<="&B102,Invoices!$F$6:$F$305,">="&B102)=1,INDEX(Invoices!$B$6:$B$305,SUMIFS(Invoices!$O$6:$O$305,Invoices!$C$6:$C$305,C102,Invoices!$E$6:$E$305,"<="&B102,Invoices!$F$6:$F$305,">="&B102)),IF(COUNTIFS(Invoices!$C$6:$C$305,C102,Invoices!$E$6:$E$305,"<="&B102,Invoices!$F$6:$F$305,">="&B102)>1,"Two invoices","")))) | Q102: =IF(B102="","",IF(J102<>"","Not billable",IF(P102="","To invoice",IF(P102="Two invoices","Check dates",IF(ISNA(MATCH(P102,Invoices!$B$6:$B$305,0)),"Check number",IF(INDEX(Invoices!$M$6:$M$305,MATCH(P102,Invoices!$B$6:$B$305,0))="Paid","Paid",IF(INDEX(Invoices!$M$6:$M$305,MATCH(P102,Invoices!$B$6:$B$305,0))="Draft","Draft","Invoiced"))))))) | R102: =IF(AND(B102<>"",P102<>"",P102=Invoice!$G$4),B102+MOD(N(F102),1)+ROW()/10000000,"") | S102: =IF(R102="","",IF(D102="","Other work",D102)&IF(AND(K102<>"",E102<>""),", "&E102,"")) | T102: =IF(R102="","",IF(COUNTIFS(R$6:R101,">0",S$6:S101,S102,N$6:N101,N102)=0,R102,"")) | U102: =IF(B102="","",IF(J102<>"",0,M102))
...

Sheet Invoices
B2: Invoices
B3: One line per invoice. The work of that client in those dates goes on it by itself. Type the day it is paid.
B5: Number | C5: Client | D5: Date | E5: Work from | F5: Work to | G5: Hours | H5: Before tax | I5: Tax | J5: Total | K5: Due | L5: Paid on | M5: Status
B6: RDS-2026-001 | C6: Harbour Books | D6: 46143 | E6: 46113 | F6: 46142 | G6: =IF(B6="","",SUMIFS(Timesheet!$M$6:$M$2005,Timesheet!$P$6:$P$2005,B6)) | H6: =IF(B6="","",SUMIFS(Timesheet!$O$6:$O$2005,Timesheet!$P$6:$P$2005,B6)) | I6: =IF(B6="","",ROUND(H6*N(Settings!$C$12),2)) | J6: =IF(B6="","",H6+I6) | K6: =IF(OR(B6="",D6=""),"",D6+IFERROR(IF(INDEX(Clients!$H$6:$H$45,MATCH(C6,Clients!$B$6:$B$45,0))="",N(Settings!$C$13),INDEX(Clients!$H$6:$H$45,MATCH(C6,Clients!$B$6:$B$45,0))),N(Settings!$C$13))) | L6: 46168 | M6: =IF(B6="","",IF(L6<>"","Paid",IF(D6="","Draft",IF(K6<TODAY(),"Overdue "&(TODAY()-K6)&IF(TODAY()-K6=1," day"," days"),"Waiting")))) | O6: =IF(B6="","",ROW()-5) | P6: =IF(OR(B6="",L6<>"",D6=""),"",K6+ROW()/10000000)
B7: RDS-2026-002 | C7: Greenleaf Studio | D7: 46143 | E7: 46113 | F7: 46142 | G7: =IF(B7="","",SUMIFS(Timesheet!$M$6:$M$2005,Timesheet!$P$6:$P$2005,B7)) | H7: =IF(B7="","",SUMIFS(Timesheet!$O$6:$O$2005,Timesheet!$P$6:$P$2005,B7)) | I7: =IF(B7="","",ROUND(H7*N(Settings!$C$12),2)) | J7: =IF(B7="","",H7+I7) | K7: =IF(OR(B7="",D7=""),"",D7+IFERROR(IF(INDEX(Clients!$H$6:$H$45,MATCH(C7,Clients!$B$6:$B$45,0))="",N(Settings!$C$13),INDEX(Clients!$H$6:$H$45,MATCH(C7,Clients!$B$6:$B$45,0))),N(Settings!$C$13))) | L7: 46155 | M7: =IF(B7="","",IF(L7<>"","Paid",IF(D7="","Draft",IF(K7<TODAY(),"Overdue "&(TODAY()-K7)&IF(TODAY()-K7=1," day"," days"),"Waiting")))) | O7: =IF(B7="","",ROW()-5) | P7: =IF(OR(B7="",L7<>"",D7=""),"",K7+ROW()/10000000)
B8: RDS-2026-003 | C8: Harbour Books | D8: 46174 | E8: 46143 | F8: 46173 | G8: =IF(B8="","",SUMIFS(Timesheet!$M$6:$M$2005,Timesheet!$P$6:$P$2005,B8)) | H8: =IF(B8="","",SUMIFS(Timesheet!$O$6:$O$2005,Timesheet!$P$6:$P$2005,B8)) | I8: =IF(B8="","",ROUND(H8*N(Settings!$C$12),2)) | J8: =IF(B8="","",H8+I8) | K8: =IF(OR(B8="",D8=""),"",D8+IFERROR(IF(INDEX(Clients!$H$6:$H$45,MATCH(C8,Clients!$B$6:$B$45,0))="",N(Settings!$C$13),INDEX(Clients!$H$6:$H$45,MATCH(C8,Clients!$B$6:$B$45,0))),N(Settings!$C$13))) | L8: 46199 | M8: =IF(B8="","",IF(L8<>"","Paid",IF(D8="","Draft",IF(K8<TODAY(),"Overdue "&(TODAY()-K8)&IF(TODAY()-K8=1," day"," days"),"Waiting")))) | O8: =IF(B8="","",ROW()-5) | P8: =IF(OR(B8="",L8<>"",D8=""),"",K8+ROW()/10000000)
B9: RDS-2026-004 | C9: Greenleaf Studio | D9: 46174 | E9: 46143 | F9: 46173 | G9: =IF(B9="","",SUMIFS(Timesheet!$M$6:$M$2005,Timesheet!$P$6:$P$2005,B9)) | H9: =IF(B9="","",SUMIFS(Timesheet!$O$6:$O$2005,Timesheet!$P$6:$P$2005,B9)) | I9: =IF(B9="","",ROUND(H9*N(Settings!$C$12),2)) | J9: =IF(B9="","",H9+I9) | K9: =IF(OR(B9="",D9=""),"",D9+IFERROR(IF(INDEX(Clients!$H$6:$H$45,MATCH(C9,Clients!$B$6:$B$45,0))="",N(Settings!$C$13),INDEX(Clients!$H$6:$H$45,MATCH(C9,Clients!$B$6:$B$45,0))),N(Settings!$C$13))) | L9: 46185 | M9: =IF(B9="","",IF(L9<>"","Paid",IF(D9="","Draft",IF(K9<TODAY(),"Overdue "&(TODAY()-K9)&IF(TODAY()-K9=1," day"," days"),"Waiting")))) | O9: =IF(B9="","",ROW()-5) | P9: =IF(OR(B9="",L9<>"",D9=""),"",K9+ROW()/10000000)
B10: RDS-2026-005 | C10: Harbour Books | D10: 46204 | E10: 46174 | F10: 46203 | G10: =IF(B10="","",SUMIFS(Timesheet!$M$6:$M$2005,Timesheet!$P$6:$P$2005,B10)) | H10: =IF(B10="","",SUMIFS(Timesheet!$O$6:$O$2005,Timesheet!$P$6:$P$2005,B10)) | I10: =IF(B10="","",ROUND(H10*N(Settings!$C$12),2)) | J10: =IF(B10="","",H10+I10) | K10: =IF(OR(B10="",D10=""),"",D10+IFERROR(IF(INDEX(Clients!$H$6:$H$45,MATCH(C10,Clients!$B$6:$B$45,0))="",N(Settings!$C$13),INDEX(Clients!$H$6:$H$45,MATCH(C10,Clients!$B$6:$B$45,0))),N(Settings!$C$13))) | L10: 46232 | M10: =IF(B10="","",IF(L10<>"","Paid",IF(D10="","Draft",IF(K10<TODAY(),"Overdue "&(TODAY()-K10)&IF(TODAY()-K10=1," day"," days"),"Waiting")))) | O10: =IF(B10="","",ROW()-5) | P10: =IF(OR(B10="",L10<>"",D10=""),"",K10+ROW()/10000000)
B11: RDS-2026-006 | C11: Greenleaf Studio | D11: 46204 | E11: 46174 | F11: 46203 | G11: =IF(B11="","",SUMIFS(Timesheet!$M$6:$M$2005,Timesheet!$P$6:$P$2005,B11)) | H11: =IF(B11="","",SUMIFS(Timesheet!$O$6:$O$2005,Timesheet!$P$6:$P$2005,B11)) | I11: =IF(B11="","",ROUND(H11*N(Settings!$C$12),2)) | J11: =IF(B11="","",H11+I11) | K11: =IF(OR(B11="",D11=""),"",D11+IFERROR(IF(INDEX(Clients!$H$6:$H$45,MATCH(C11,Clients!$B$6:$B$45,0))="",N(Settings!$C$13),INDEX(Clients!$H$6:$H$45,MATCH(C11,Clients!$B$6:$B$45,0))),N(Settings!$C$13))) | L11: 46216 | M11: =IF(B11="","",IF(L11<>"","Paid",IF(D11="","Draft",IF(K11<TODAY(),"Overdue "&(TODAY()-K11)&IF(TODAY()-K11=1," day"," days"),"Waiting")))) | O11: =IF(B11="","",ROW()-5) | P11: =IF(OR(B11="",L11<>"",D11=""),"",K11+ROW()/10000000)
B12: RDS-2026-007 | C12: Harbour Books | D12: 46235 | E12: 46204 | F12: 46234 | G12: =IF(B12="","",SUMIFS(Timesheet!$M$6:$M$2005,Timesheet!$P$6:$P$2005,B12)) | H12: =IF(B12="","",SUMIFS(Timesheet!$O$6:$O$2005,Timesheet!$P$6:$P$2005,B12)) | I12: =IF(B12="","",ROUND(H12*N(Settings!$C$12),2)) | J12: =IF(B12="","",H12+I12) | K12: =IF(OR(B12="",D12=""),"",D12+IFERROR(IF(INDEX(Clients!$H$6:$H$45,MATCH(C12,Clients!$B$6:$B$45,0))="",N(Settings!$C$13),INDEX(Clients!$H$6:$H$45,MATCH(C12,Clients!$B$6:$B$45,0))),N(Settings!$C$13))) | L12: 46263 | M12: =IF(B12="","",IF(L12<>"","Paid",IF(D12="","Draft",IF(K12<TODAY(),"Overdue "&(TODAY()-K12)&IF(TODAY()-K12=1," day"," days"),"Waiting")))) | O12: =IF(B12="","",ROW()-5) | P12: =IF(OR(B12="",L12<>"",D12=""),"",K12+ROW()/10000000)
B13: RDS-2026-008 | C13: Greenleaf Studio | D13: 46235 | E13: 46204 | F13: 46234 | G13: =IF(B13="","",SUMIFS(Timesheet!$M$6:$M$2005,Timesheet!$P$6:$P$2005,B13)) | H13: =IF(B13="","",SUMIFS(Timesheet!$O$6:$O$2005,Timesheet!$P$6:$P$2005,B13)) | I13: =IF(B13="","",ROUND(H13*N(Settings!$C$12),2)) | J13: =IF(B13="","",H13+I13) | K13: =IF(OR(B13="",D13=""),"",D13+IFERROR(IF(INDEX(Clients!$H$6:$H$45,MATCH(C13,Clients!$B$6:$B$45,0))="",N(Settings!$C$13),INDEX(Clients!$H$6:$H$45,MATCH(C13,Clients!$B$6:$B$45,0))),N(Settings!$C$13))) | L13: 46244 | M13: =IF(B13="","",IF(L13<>"","Paid",IF(D13="","Draft",IF(K13<TODAY(),"Overdue "&(TODAY()-K13)&IF(TODAY()-K13=1," day"," days"),"Waiting")))) | O13: =IF(B13="","",ROW()-5) | P13: =IF(OR(B13="",L13<>"",D13=""),"",K13+ROW()/10000000)
B14: RDS-2026-009 | C14: Harbour Books | D14: 46266 | E14: 46235 | F14: 46265 | G14: =IF(B14="","",SUMIFS(Timesheet!$M$6:$M$2005,Timesheet!$P$6:$P$2005,B14)) | H14: =IF(B14="","",SUMIFS(Timesheet!$O$6:$O$2005,Timesheet!$P$6:$P$2005,B14)) | I14: =IF(B14="","",ROUND(H14*N(Settings!$C$12),2)) | J14: =IF(B14="","",H14+I14) | K14: =IF(OR(B14="",D14=""),"",D14+IFERROR(IF(INDEX(Clients!$H$6:$H$45,MATCH(C14,Clients!$B$6:$B$45,0))="",N(Settings!$C$13),INDEX(Clients!$H$6:$H$45,MATCH(C14,Clients!$B$6:$B$45,0))),N(Settings!$C$13))) | M14: =IF(B14="","",IF(L14<>"","Paid",IF(D14="","Draft",IF(K14<TODAY(),"Overdue "&(TODAY()-K14)&IF(TODAY()-K14=1," day"," days"),"Waiting")))) | O14: =IF(B14="","",ROW()-5) | P14: =IF(OR(B14="",L14<>"",D14=""),"",K14+ROW()/10000000)
B15: RDS-2026-010 | C15: Greenleaf Studio | D15: 46266 | E15: 46235 | F15: 46265 | G15: =IF(B15="","",SUMIFS(Timesheet!$M$6:$M$2005,Timesheet!$P$6:$P$2005,B15)) | H15: =IF(B15="","",SUMIFS(Timesheet!$O$6:$O$2005,Timesheet!$P$6:$P$2005,B15)) | I15: =IF(B15="","",ROUND(H15*N(Settings!$C$12),2)) | J15: =IF(B15="","",H15+I15) | K15: =IF(OR(B15="",D15=""),"",D15+IFERROR(IF(INDEX(Clients!$H$6:$H$45,MATCH(C15,Clients!$B$6:$B$45,0))="",N(Settings!$C$13),INDEX(Clients!$H$6:$H$45,MATCH(C15,Clients!$B$6:$B$45,0))),N(Settings!$C$13))) | L15: 46279 | M15: =IF(B15="","",IF(L15<>"","Paid",IF(D15="","Draft",IF(K15<TODAY(),"Overdue "&(TODAY()-K15)&IF(TODAY()-K15=1," day"," days"),"Waiting")))) | O15: =IF(B15="","",ROW()-5) | P15: =IF(OR(B15="",L15<>"",D15=""),"",K15+ROW()/10000000)
B16: RDS-2026-011 | C16: Atlas Fitness | D16: 46266 | E16: 46235 | F16: 46265 | G16: =IF(B16="","",SUMIFS(Timesheet!$M$6:$M$2005,Timesheet!$P$6:$P$2005,B16)) | H16: =IF(B16="","",SUMIFS(Timesheet!$O$6:$O$2005,Timesheet!$P$6:$P$2005,B16)) | I16: =IF(B16="","",ROUND(H16*N(Settings!$C$12),2)) | J16: =IF(B16="","",H16+I16) | K16: =IF(OR(B16="",D16=""),"",D16+IFERROR(IF(INDEX(Clients!$H$6:$H$45,MATCH(C16,Clients!$B$6:$B$45,0))="",N(Settings!$C$13),INDEX(Clients!$H$6:$H$45,MATCH(C16,Clients!$B$6:$B$45,0))),N(Settings!$C$13))) | M16: =IF(B16="","",IF(L16<>"","Paid",IF(D16="","Draft",IF(K16<TODAY(),"Overdue "&(TODAY()-K16)&IF(TODAY()-K16=1," day"," days"),"Waiting")))) | O16: =IF(B16="","",ROW()-5) | P16: =IF(OR(B16="",L16<>"",D16=""),"",K16+ROW()/10000000)
G17: =IF(B17="","",SUMIFS(Timesheet!$M$6:$M$2005,Timesheet!$P$6:$P$2005,B17)) | H17: =IF(B17="","",SUMIFS(Timesheet!$O$6:$O$2005,Timesheet!$P$6:$P$2005,B17)) | I17: =IF(B17="","",ROUND(H17*N(Settings!$C$12),2)) | J17: =IF(B17="","",H17+I17) | K17: =IF(OR(B17="",D17=""),"",D17+IFERROR(IF(INDEX(Clients!$H$6:$H$45,MATCH(C17,Clients!$B$6:$B$45,0))="",N(Settings!$C$13),INDEX(Clients!$H$6:$H$45,MATCH(C17,Clients!$B$6:$B$45,0))),N(Settings!$C$13))) | M17: =IF(B17="","",IF(L17<>"","Paid",IF(D17="","Draft",IF(K17<TODAY(),"Overdue "&(TODAY()-K17)&IF(TODAY()-K17=1," day"," days"),"Waiting")))) | O17: =IF(B17="","",ROW()-5) | P17: =IF(OR(B17="",L17<>"",D17=""),"",K17+ROW()/10000000)
G18: =IF(B18="","",SUMIFS(Timesheet!$M$6:$M$2005,Timesheet!$P$6:$P$2005,B18)) | H18: =IF(B18="","",SUMIFS(Timesheet!$O$6:$O$2005,Timesheet!$P$6:$P$2005,B18)) | I18: =IF(B18="","",ROUND(H18*N(Settings!$C$12),2)) | J18: =IF(B18="","",H18+I18) | K18: =IF(OR(B18="",D18=""),"",D18+IFERROR(IF(INDEX(Clients!$H$6:$H$45,MATCH(C18,Clients!$B$6:$B$45,0))="",N(Settings!$C$13),INDEX(Clients!$H$6:$H$45,MATCH(C18,Clients!$B$6:$B$45,0))),N(Settings!$C$13))) | M18: =IF(B18="","",IF(L18<>"","Paid",IF(D18="","Draft",IF(K18<TODAY(),"Overdue "&(TODAY()-K18)&IF(TODAY()-K18=1," day"," days"),"Waiting")))) | O18: =IF(B18="","",ROW()-5) | P18: =IF(OR(B18="",L18<>"",D18=""),"",K18+ROW()/10000000)
G19: =IF(B19="","",SUMIFS(Timesheet!$M$6:$M$2005,Timesheet!$P$6:$P$2005,B19)) | H19: =IF(B19="","",SUMIFS(Timesheet!$O$6:$O$2005,Timesheet!$P$6:$P$2005,B19)) | I19: =IF(B19="","",ROUND(H19*N(Settings!$C$12),2)) | J19: =IF(B19="","",H19+I19) | K19: =IF(OR(B19="",D19=""),"",D19+IFERROR(IF(INDEX(Clients!$H$6:$H$45,MATCH(C19,Clients!$B$6:$B$45,0))="",N(Settings!$C$13),INDEX(Clients!$H$6:$H$45,MATCH(C19,Clients!$B$6:$B$45,0))),N(Settings!$C$13))) | M19: =IF(B19="","",IF(L19<>"","Paid",IF(D19="","Draft",IF(K19<TODAY(),"Overdue "&(TODAY()-K19)&IF(TODAY()-K19=1," day"," days"),"Waiting")))) | O19: =IF(B19="","",ROW()-5) | P19: =IF(OR(B19="",L19<>"",D19=""),"",K19+ROW()/10000000)
G20: =IF(B20="","",SUMIFS(Timesheet!$M$6:$M$2005,Timesheet!$P$6:$P$2005,B20)) | H20: =IF(B20="","",SUMIFS(Timesheet!$O$6:$O$2005,Timesheet!$P$6:$P$2005,B20)) | I20: =IF(B20="","",ROUND(H20*N(Settings!$C$12),2)) | J20: =IF(B20="","",H20+I20) | K20: =IF(OR(B20="",D20=""),"",D20+IFERROR(IF(INDEX(Clients!$H$6:$H$45,MATCH(C20,Clients!$B$6:$B$45,0))="",N(Settings!$C$13),INDEX(Clients!$H$6:$H$45,MATCH(C20,Clients!$B$6:$B$45,0))),N(Settings!$C$13))) | M20: =IF(B20="","",IF(L20<>"","Paid",IF(D20="","Draft",IF(K20<TODAY(),"Overdue "&(TODAY()-K20)&IF(TODAY()-K20=1," day"," days"),"Waiting")))) | O20: =IF(B20="","",ROW()-5) | P20: =IF(OR(B20="",L20<>"",D20=""),"",K20+ROW()/10000000)
G21: =IF(B21="","",SUMIFS(Timesheet!$M$6:$M$2005,Timesheet!$P$6:$P$2005,B21)) | H21: =IF(B21="","",SUMIFS(Timesheet!$O$6:$O$2005,Timesheet!$P$6:$P$2005,B21)) | I21: =IF(B21="","",ROUND(H21*N(Settings!$C$12),2)) | J21: =IF(B21="","",H21+I21) | K21: =IF(OR(B21="",D21=""),"",D21+IFERROR(IF(INDEX(Clients!$H$6:$H$45,MATCH(C21,Clients!$B$6:$B$45,0))="",N(Settings!$C$13),INDEX(Clients!$H$6:$H$45,MATCH(C21,Clients!$B$6:$B$45,0))),N(Settings!$C$13))) | M21: =IF(B21="","",IF(L21<>"","Paid",IF(D21="","Draft",IF(K21<TODAY(),"Overdue "&(TODAY()-K21)&IF(TODAY()-K21=1," day"," days"),"Waiting")))) | O21: =IF(B21="","",ROW()-5) | P21: =IF(OR(B21="",L21<>"",D21=""),"",K21+ROW()/10000000)
G22: =IF(B22="","",SUMIFS(Timesheet!$M$6:$M$2005,Timesheet!$P$6:$P$2005,B22)) | H22: =IF(B22="","",SUMIFS(Timesheet!$O$6:$O$2005,Timesheet!$P$6:$P$2005,B22)) | I22: =IF(B22="","",ROUND(H22*N(Settings!$C$12),2)) | J22: =IF(B22="","",H22+I22) | K22: =IF(OR(B22="",D22=""),"",D22+IFERROR(IF(INDEX(Clients!$H$6:$H$45,MATCH(C22,Clients!$B$6:$B$45,0))="",N(Settings!$C$13),INDEX(Clients!$H$6:$H$45,MATCH(C22,Clients!$B$6:$B$45,0))),N(Settings!$C$13))) | M22: =IF(B22="","",IF(L22<>"","Paid",IF(D22="","Draft",IF(K22<TODAY(),"Overdue "&(TODAY()-K22)&IF(TODAY()-K22=1," day"," days"),"Waiting")))) | O22: =IF(B22="","",ROW()-5) | P22: =IF(OR(B22="",L22<>"",D22=""),"",K22+ROW()/10000000)
G23: =IF(B23="","",SUMIFS(Timesheet!$M$6:$M$2005,Timesheet!$P$6:$P$2005,B23)) | H23: =IF(B23="","",SUMIFS(Timesheet!$O$6:$O$2005,Timesheet!$P$6:$P$2005,B23)) | I23: =IF(B23="","",ROUND(H23*N(Settings!$C$12),2)) | J23: =IF(B23="","",H23+I23) | K23: =IF(OR(B23="",D23=""),"",D23+IFERROR(IF(INDEX(Clients!$H$6:$H$45,MATCH(C23,Clients!$B$6:$B$45,0))="",N(Settings!$C$13),INDEX(Clients!$H$6:$H$45,MATCH(C23,Clients!$B$6:$B$45,0))),N(Settings!$C$13))) | M23: =IF(B23="","",IF(L23<>"","Paid",IF(D23="","Draft",IF(K23<TODAY(),"Overdue "&(TODAY()-K23)&IF(TODAY()-K23=1," day"," days"),"Waiting")))) | O23: =IF(B23="","",ROW()-5) | P23: =IF(OR(B23="",L23<>"",D23=""),"",K23+ROW()/10000000)
G24: =IF(B24="","",SUMIFS(Timesheet!$M$6:$M$2005,Timesheet!$P$6:$P$2005,B24)) | H24: =IF(B24="","",SUMIFS(Timesheet!$O$6:$O$2005,Timesheet!$P$6:$P$2005,B24)) | I24: =IF(B24="","",ROUND(H24*N(Settings!$C$12),2)) | J24: =IF(B24="","",H24+I24) | K24: =IF(OR(B24="",D24=""),"",D24+IFERROR(IF(INDEX(Clients!$H$6:$H$45,MATCH(C24,Clients!$B$6:$B$45,0))="",N(Settings!$C$13),INDEX(Clients!$H$6:$H$45,MATCH(C24,Clients!$B$6:$B$45,0))),N(Settings!$C$13))) | M24: =IF(B24="","",IF(L24<>"","Paid",IF(D24="","Draft",IF(K24<TODAY(),"Overdue "&(TODAY()-K24)&IF(TODAY()-K24=1," day"," days"),"Waiting")))) | O24: =IF(B24="","",ROW()-5) | P24: =IF(OR(B24="",L24<>"",D24=""),"",K24+ROW()/10000000)
G25: =IF(B25="","",SUMIFS(Timesheet!$M$6:$M$2005,Timesheet!$P$6:$P$2005,B25)) | H25: =IF(B25="","",SUMIFS(Timesheet!$O$6:$O$2005,Timesheet!$P$6:$P$2005,B25)) | I25: =IF(B25="","",ROUND(H25*N(Settings!$C$12),2)) | J25: =IF(B25="","",H25+I25) | K25: =IF(OR(B25="",D25=""),"",D25+IFERROR(IF(INDEX(Clients!$H$6:$H$45,MATCH(C25,Clients!$B$6:$B$45,0))="",N(Settings!$C$13),INDEX(Clients!$H$6:$H$45,MATCH(C25,Clients!$B$6:$B$45,0))),N(Settings!$C$13))) | M25: =IF(B25="","",IF(L25<>"","Paid",IF(D25="","Draft",IF(K25<TODAY(),"Overdue "&(TODAY()-K25)&IF(TODAY()-K25=1," day"," days"),"Waiting")))) | O25: =IF(B25="","",ROW()-5) | P25: =IF(OR(B25="",L25<>"",D25=""),"",K25+ROW()/10000000)
G26: =IF(B26="","",SUMIFS(Timesheet!$M$6:$M$2005,Timesheet!$P$6:$P$2005,B26)) | H26: =IF(B26="","",SUMIFS(Timesheet!$O$6:$O$2005,Timesheet!$P$6:$P$2005,B26)) | I26: =IF(B26="","",ROUND(H26*N(Settings!$C$12),2)) | J26: =IF(B26="","",H26+I26) | K26: =IF(OR(B26="",D26=""),"",D26+IFERROR(IF(INDEX(Clients!$H$6:$H$45,MATCH(C26,Clients!$B$6:$B$45,0))="",N(Settings!$C$13),INDEX(Clients!$H$6:$H$45,MATCH(C26,Clients!$B$6:$B$45,0))),N(Settings!$C$13))) | M26: =IF(B26="","",IF(L26<>"","Paid",IF(D26="","Draft",IF(K26<TODAY(),"Overdue "&(TODAY()-K26)&IF(TODAY()-K26=1," day"," days"),"Waiting")))) | O26: =IF(B26="","",ROW()-5) | P26: =IF(OR(B26="",L26<>"",D26=""),"",K26+ROW()/10000000)
G27: =IF(B27="","",SUMIFS(Timesheet!$M$6:$M$2005,Timesheet!$P$6:$P$2005,B27)) | H27: =IF(B27="","",SUMIFS(Timesheet!$O$6:$O$2005,Timesheet!$P$6:$P$2005,B27)) | I27: =IF(B27="","",ROUND(H27*N(Settings!$C$12),2)) | J27: =IF(B27="","",H27+I27) | K27: =IF(OR(B27="",D27=""),"",D27+IFERROR(IF(INDEX(Clients!$H$6:$H$45,MATCH(C27,Clients!$B$6:$B$45,0))="",N(Settings!$C$13),INDEX(Clients!$H$6:$H$45,MATCH(C27,Clients!$B$6:$B$45,0))),N(Settings!$C$13))) | M27: =IF(B27="","",IF(L27<>"","Paid",IF(D27="","Draft",IF(K27<TODAY(),"Overdue "&(TODAY()-K27)&IF(TODAY()-K27=1," day"," days"),"Waiting")))) | O27: =IF(B27="","",ROW()-5) | P27: =IF(OR(B27="",L27<>"",D27=""),"",K27+ROW()/10000000)
G28: =IF(B28="","",SUMIFS(Timesheet!$M$6:$M$2005,Timesheet!$P$6:$P$2005,B28)) | H28: =IF(B28="","",SUMIFS(Timesheet!$O$6:$O$2005,Timesheet!$P$6:$P$2005,B28)) | I28: =IF(B28="","",ROUND(H28*N(Settings!$C$12),2)) | J28: =IF(B28="","",H28+I28) | K28: =IF(OR(B28="",D28=""),"",D28+IFERROR(IF(INDEX(Clients!$H$6:$H$45,MATCH(C28,Clients!$B$6:$B$45,0))="",N(Settings!$C$13),INDEX(Clients!$H$6:$H$45,MATCH(C28,Clients!$B$6:$B$45,0))),N(Settings!$C$13))) | M28: =IF(B28="","",IF(L28<>"","Paid",IF(D28="","Draft",IF(K28<TODAY(),"Overdue "&(TODAY()-K28)&IF(TODAY()-K28=1," day"," days"),"Waiting")))) | O28: =IF(B28="","",ROW()-5) | P28: =IF(OR(B28="",L28<>"",D28=""),"",K28+ROW()/10000000)
... G305: =IF(B305="","",SUMIFS(Timesheet!$M$6:$M$2005,Timesheet!$P$6:$P$2005,B305)) | H305: =IF(B305="","",SUMIFS(Timesheet!$O$6:$O$2005,Timesheet!$P$6:$P$2005,B305)) | I305: =IF(B305="","",ROUND(H305*N(Settings!$C$12),2)) | J305: =IF(B305="","",H305+I305) | K305: =IF(OR(B305="",D305=""),"",D305+IFERROR(IF(INDEX(Clients!$H$6:$H$45,MATCH(C305,Clients!$B$6:$B$45,0))="",N(Settings!$C$13),INDEX(Clients!$H$6:$H$45,MATCH(C305,Clients!$B$6:$B$45,0))),N(Settings!$C$13))) | M305: =IF(B305="","",IF(L305<>"","Paid",IF(D305="","Draft",IF(K305<TODAY(),"Overdue "&(TODAY()-K305)&IF(TODAY()-K305=1," day"," days"),"Waiting")))) | O305: =IF(B305="","",ROW()-5) | P305: =IF(OR(B305="",L305<>"",D305=""),"",K305+ROW()/10000000)

Sheet Invoice
B2: =Settings!$C$4 | F2: Invoice
B3: =IF(Settings!$C$5="","",Settings!$C$5)
B4: =IF(Settings!$C$6="","",Settings!$C$6) | F4: Number | G4: RDS-2026-009 | N4: =IFERROR(MATCH(Invoice!$G$4,Invoices!$B$6:$B$305,0),0)
B5: =IF(Settings!$C$7="","",Settings!$C$7) | F5: Date | G5: =IF(N4=0,"",IF(INDEX(Invoices!$D$6:$D$305,N4)="","Draft",INDEX(Invoices!$D$6:$D$305,N4))) | N5: =IF(N4=0,"",IF(INDEX(Invoices!$C$6:$C$305,N4)="","",INDEX(Invoices!$C$6:$C$305,N4)))
B6: =IF(Settings!$C$8="","",Settings!$C$8) | F6: Due | G6: =IF(N4=0,"",IF(INDEX(Invoices!$K$6:$K$305,N4)="","",INDEX(Invoices!$K$6:$K$305,N4)))
B7: =IF(Settings!$C$9="","","Tax number "&Settings!$C$9)
B9: Bill to
B10: =N5 | F10: Work from | G10: =IF(N4=0,"",IF(INDEX(Invoices!$E$6:$E$305,N4)="","",INDEX(Invoices!$E$6:$E$305,N4)))
B11: =IF(IFERROR(INDEX(Clients!$C$6:$C$45,MATCH($N$5,Clients!$B$6:$B$45,0)),"")="","",IFERROR(INDEX(Clients!$C$6:$C$45,MATCH($N$5,Clients!$B$6:$B$45,0)),"")) | F11: Work to | G11: =IF(N4=0,"",IF(INDEX(Invoices!$F$6:$F$305,N4)="","",INDEX(Invoices!$F$6:$F$305,N4)))
B12: =IF(IFERROR(INDEX(Clients!$E$6:$E$45,MATCH($N$5,Clients!$B$6:$B$45,0)),"")="","",IFERROR(INDEX(Clients!$E$6:$E$45,MATCH($N$5,Clients!$B$6:$B$45,0)),""))
B13: =IF(IFERROR(INDEX(Clients!$F$6:$F$45,MATCH($N$5,Clients!$B$6:$B$45,0)),"")="","",IFERROR(INDEX(Clients!$F$6:$F$45,MATCH($N$5,Clients!$B$6:$B$45,0)),""))
B14: =IF(IFERROR(INDEX(Clients!$D$6:$D$45,MATCH($N$5,Clients!$B$6:$B$45,0)),"")="","",IFERROR(INDEX(Clients!$D$6:$D$45,MATCH($N$5,Clients!$B$6:$B$45,0)),""))
B16: Description | E16: Hours | F16: Rate | G16: Amount
B17: =IF(N17="",IF(Invoice!$G$4="","Pick the invoice number at the top right.",IF(N4=0,"This number is not on the Invoices tab.","No work matches: check the client and the dates on the Invoices tab.")),INDEX(Timesheet!$S$6:$S$2005,MATCH(N17,Timesheet!$T$6:$T$2005,0))) | E17: =IF(N17="","",SUMIFS(Timesheet!$M$6:$M$2005,Timesheet!$R$6:$R$2005,">0",Timesheet!$S$6:$S$2005,B17,Timesheet!$N$6:$N$2005,F17)) | F17: =IF(N17="","",INDEX(Timesheet!$N$6:$N$2005,MATCH(N17,Timesheet!$T$6:$T$2005,0))) | G17: =IF(N17="","",SUMIFS(Timesheet!$O$6:$O$2005,Timesheet!$R$6:$R$2005,">0",Timesheet!$S$6:$S$2005,B17,Timesheet!$N$6:$N$2005,F17)) | N17: =IFERROR(SMALL(Timesheet!$T$6:$T$2005,1),"")
B18: =IF(N18="","",INDEX(Timesheet!$S$6:$S$2005,MATCH(N18,Timesheet!$T$6:$T$2005,0))) | E18: =IF(N18="","",SUMIFS(Timesheet!$M$6:$M$2005,Timesheet!$R$6:$R$2005,">0",Timesheet!$S$6:$S$2005,B18,Timesheet!$N$6:$N$2005,F18)) | F18: =IF(N18="","",INDEX(Timesheet!$N$6:$N$2005,MATCH(N18,Timesheet!$T$6:$T$2005,0))) | G18: =IF(N18="","",SUMIFS(Timesheet!$O$6:$O$2005,Timesheet!$R$6:$R$2005,">0",Timesheet!$S$6:$S$2005,B18,Timesheet!$N$6:$N$2005,F18)) | N18: =IFERROR(SMALL(Timesheet!$T$6:$T$2005,2),"")
B19: =IF(N19="","",INDEX(Timesheet!$S$6:$S$2005,MATCH(N19,Timesheet!$T$6:$T$2005,0))) | E19: =IF(N19="","",SUMIFS(Timesheet!$M$6:$M$2005,Timesheet!$R$6:$R$2005,">0",Timesheet!$S$6:$S$2005,B19,Timesheet!$N$6:$N$2005,F19)) | F19: =IF(N19="","",INDEX(Timesheet!$N$6:$N$2005,MATCH(N19,Timesheet!$T$6:$T$2005,0))) | G19: =IF(N19="","",SUMIFS(Timesheet!$O$6:$O$2005,Timesheet!$R$6:$R$2005,">0",Timesheet!$S$6:$S$2005,B19,Timesheet!$N$6:$N$2005,F19)) | N19: =IFERROR(SMALL(Timesheet!$T$6:$T$2005,3),"")
B20: =IF(N20="","",INDEX(Timesheet!$S$6:$S$2005,MATCH(N20,Timesheet!$T$6:$T$2005,0))) | E20: =IF(N20="","",SUMIFS(Timesheet!$M$6:$M$2005,Timesheet!$R$6:$R$2005,">0",Timesheet!$S$6:$S$2005,B20,Timesheet!$N$6:$N$2005,F20)) | F20: =IF(N20="","",INDEX(Timesheet!$N$6:$N$2005,MATCH(N20,Timesheet!$T$6:$T$2005,0))) | G20: =IF(N20="","",SUMIFS(Timesheet!$O$6:$O$2005,Timesheet!$R$6:$R$2005,">0",Timesheet!$S$6:$S$2005,B20,Timesheet!$N$6:$N$2005,F20)) | N20: =IFERROR(SMALL(Timesheet!$T$6:$T$2005,4),"")
B21: =IF(N21="","",INDEX(Timesheet!$S$6:$S$2005,MATCH(N21,Timesheet!$T$6:$T$2005,0))) | E21: =IF(N21="","",SUMIFS(Timesheet!$M$6:$M$2005,Timesheet!$R$6:$R$2005,">0",Timesheet!$S$6:$S$2005,B21,Timesheet!$N$6:$N$2005,F21)) | F21: =IF(N21="","",INDEX(Timesheet!$N$6:$N$2005,MATCH(N21,Timesheet!$T$6:$T$2005,0))) | G21: =IF(N21="","",SUMIFS(Timesheet!$O$6:$O$2005,Timesheet!$R$6:$R$2005,">0",Timesheet!$S$6:$S$2005,B21,Timesheet!$N$6:$N$2005,F21)) | N21: =IFERROR(SMALL(Timesheet!$T$6:$T$2005,5),"")
B22: =IF(N22="","",INDEX(Timesheet!$S$6:$S$2005,MATCH(N22,Timesheet!$T$6:$T$2005,0))) | E22: =IF(N22="","",SUMIFS(Timesheet!$M$6:$M$2005,Timesheet!$R$6:$R$2005,">0",Timesheet!$S$6:$S$2005,B22,Timesheet!$N$6:$N$2005,F22)) | F22: =IF(N22="","",INDEX(Timesheet!$N$6:$N$2005,MATCH(N22,Timesheet!$T$6:$T$2005,0))) | G22: =IF(N22="","",SUMIFS(Timesheet!$O$6:$O$2005,Timesheet!$R$6:$R$2005,">0",Timesheet!$S$6:$S$2005,B22,Timesheet!$N$6:$N$2005,F22)) | N22: =IFERROR(SMALL(Timesheet!$T$6:$T$2005,6),"")
B23: =IF(N23="","",INDEX(Timesheet!$S$6:$S$2005,MATCH(N23,Timesheet!$T$6:$T$2005,0))) | E23: =IF(N23="","",SUMIFS(Timesheet!$M$6:$M$2005,Timesheet!$R$6:$R$2005,">0",Timesheet!$S$6:$S$2005,B23,Timesheet!$N$6:$N$2005,F23)) | F23: =IF(N23="","",INDEX(Timesheet!$N$6:$N$2005,MATCH(N23,Timesheet!$T$6:$T$2005,0))) | G23: =IF(N23="","",SUMIFS(Timesheet!$O$6:$O$2005,Timesheet!$R$6:$R$2005,">0",Timesheet!$S$6:$S$2005,B23,Timesheet!$N$6:$N$2005,F23)) | N23: =IFERROR(SMALL(Timesheet!$T$6:$T$2005,7),"")
B24: =IF(N24="","",INDEX(Timesheet!$S$6:$S$2005,MATCH(N24,Timesheet!$T$6:$T$2005,0))) | E24: =IF(N24="","",SUMIFS(Timesheet!$M$6:$M$2005,Timesheet!$R$6:$R$2005,">0",Timesheet!$S$6:$S$2005,B24,Timesheet!$N$6:$N$2005,F24)) | F24: =IF(N24="","",INDEX(Timesheet!$N$6:$N$2005,MATCH(N24,Timesheet!$T$6:$T$2005,0))) | G24: =IF(N24="","",SUMIFS(Timesheet!$O$6:$O$2005,Timesheet!$R$6:$R$2005,">0",Timesheet!$S$6:$S$2005,B24,Timesheet!$N$6:$N$2005,F24)) | N24: =IFERROR(SMALL(Timesheet!$T$6:$T$2005,8),"")
B25: =IF(N25="","",INDEX(Timesheet!$S$6:$S$2005,MATCH(N25,Timesheet!$T$6:$T$2005,0))) | E25: =IF(N25="","",SUMIFS(Timesheet!$M$6:$M$2005,Timesheet!$R$6:$R$2005,">0",Timesheet!$S$6:$S$2005,B25,Timesheet!$N$6:$N$2005,F25)) | F25: =IF(N25="","",INDEX(Timesheet!$N$6:$N$2005,MATCH(N25,Timesheet!$T$6:$T$2005,0))) | G25: =IF(N25="","",SUMIFS(Timesheet!$O$6:$O$2005,Timesheet!$R$6:$R$2005,">0",Timesheet!$S$6:$S$2005,B25,Timesheet!$N$6:$N$2005,F25)) | N25: =IFERROR(SMALL(Timesheet!$T$6:$T$2005,9),"")
B26: =IF(N26="","",INDEX(Timesheet!$S$6:$S$2005,MATCH(N26,Timesheet!$T$6:$T$2005,0))) | E26: =IF(N26="","",SUMIFS(Timesheet!$M$6:$M$2005,Timesheet!$R$6:$R$2005,">0",Timesheet!$S$6:$S$2005,B26,Timesheet!$N$6:$N$2005,F26)) | F26: =IF(N26="","",INDEX(Timesheet!$N$6:$N$2005,MATCH(N26,Timesheet!$T$6:$T$2005,0))) | G26: =IF(N26="","",SUMIFS(Timesheet!$O$6:$O$2005,Timesheet!$R$6:$R$2005,">0",Timesheet!$S$6:$S$2005,B26,Timesheet!$N$6:$N$2005,F26)) | N26: =IFERROR(SMALL(Timesheet!$T$6:$T$2005,10),"")
B27: =IF(COUNT(Timesheet!$T$6:$T$2005)>10,"More than 10 kinds of work: split them over two invoices.","")
D28: Total hours | E28: =SUMIFS(Timesheet!$M$6:$M$2005,Timesheet!$R$6:$R$2005,">0") | F28: Before tax | G28: =SUMIFS(Timesheet!$O$6:$O$2005,Timesheet!$R$6:$R$2005,">0")
F29: =IF(N(Settings!$C$12)=0,"",Settings!$C$11&" "&ROUND(N(Settings!$C$12)*100,1)&"%") | G29: =IF(N(Settings!$C$12)=0,"",ROUND(G28*N(Settings!$C$12),2))
F30: ="Total ("&Settings!$C$10&")" | G30: =G28+N(G29)
B32: How to pay
B33: =IF(Settings!$C$14="","",Settings!$C$14)
B34: =IF(Settings!$C$15="","",Settings!$C$15)
B35: =IF(G4="","",IF(G6="","Please quote "&G4&" when you pay.","Please pay by "&DAY(G6)&" "&CHOOSE(MONTH(G6),"January","February","March","April","May","June","July","August","September","October","November","December")&" "&YEAR(G6)&", quoting "&G4&"."))
B37: =IF(Settings!$C$16="","",Settings!$C$16)

Sheet Hours report
B2: =IF(Invoice!$G$4="","Hours report","Hours for invoice "&Invoice!$G$4)
B3: =Invoice!$N$5&IF(OR(Invoice!$G$10="",Invoice!$G$11=""),"",", work from "&DAY(Invoice!$G$10)&" "&CHOOSE(MONTH(Invoice!$G$10),"Jan","Feb","Mar","Apr","May","Jun","Jul","Aug","Sep","Oct","Nov","Dec")&" to "&DAY(Invoice!$G$11)&" "&CHOOSE(MONTH(Invoice!$G$11),"January","February","March","April","May","June","July","August","September","October","November","December")&" "&YEAR(Invoice!$G$11))
B4: =Settings!$C$4
B6: Date | C6: Project | D6: What | E6: Start | F6: End | G6: Hours | H6: Amount
B7: =IF(J7="","",INT(J7)) | C7: =IF(J7="","",IF(INDEX(Timesheet!$D$6:$D$2005,MATCH(J7,Timesheet!$R$6:$R$2005,0))="","",INDEX(Timesheet!$D$6:$D$2005,MATCH(J7,Timesheet!$R$6:$R$2005,0)))) | D7: =IF(J7="","",IF(INDEX(Timesheet!$E$6:$E$2005,MATCH(J7,Timesheet!$R$6:$R$2005,0))="","",INDEX(Timesheet!$E$6:$E$2005,MATCH(J7,Timesheet!$R$6:$R$2005,0)))) | E7: =IF(J7="","",IF(INDEX(Timesheet!$F$6:$F$2005,MATCH(J7,Timesheet!$R$6:$R$2005,0))="","",INDEX(Timesheet!$F$6:$F$2005,MATCH(J7,Timesheet!$R$6:$R$2005,0)))) | F7: =IF(J7="","",IF(INDEX(Timesheet!$G$6:$G$2005,MATCH(J7,Timesheet!$R$6:$R$2005,0))="","",INDEX(Timesheet!$G$6:$G$2005,MATCH(J7,Timesheet!$R$6:$R$2005,0)))) | G7: =IF(J7="","",INDEX(Timesheet!$M$6:$M$2005,MATCH(J7,Timesheet!$R$6:$R$2005,0))) | H7: =IF(J7="","",INDEX(Timesheet!$O$6:$O$2005,MATCH(J7,Timesheet!$R$6:$R$2005,0))) | J7: =IFERROR(SMALL(Timesheet!$R$6:$R$2005,1),"")
B8: =IF(J8="","",INT(J8)) | C8: =IF(J8="","",IF(INDEX(Timesheet!$D$6:$D$2005,MATCH(J8,Timesheet!$R$6:$R$2005,0))="","",INDEX(Timesheet!$D$6:$D$2005,MATCH(J8,Timesheet!$R$6:$R$2005,0)))) | D8: =IF(J8="","",IF(INDEX(Timesheet!$E$6:$E$2005,MATCH(J8,Timesheet!$R$6:$R$2005,0))="","",INDEX(Timesheet!$E$6:$E$2005,MATCH(J8,Timesheet!$R$6:$R$2005,0)))) | E8: =IF(J8="","",IF(INDEX(Timesheet!$F$6:$F$2005,MATCH(J8,Timesheet!$R$6:$R$2005,0))="","",INDEX(Timesheet!$F$6:$F$2005,MATCH(J8,Timesheet!$R$6:$R$2005,0)))) | F8: =IF(J8="","",IF(INDEX(Timesheet!$G$6:$G$2005,MATCH(J8,Timesheet!$R$6:$R$2005,0))="","",INDEX(Timesheet!$G$6:$G$2005,MATCH(J8,Timesheet!$R$6:$R$2005,0)))) | G8: =IF(J8="","",INDEX(Timesheet!$M$6:$M$2005,MATCH(J8,Timesheet!$R$6:$R$2005,0))) | H8: =IF(J8="","",INDEX(Timesheet!$O$6:$O$2005,MATCH(J8,Timesheet!$R$6:$R$2005,0))) | J8: =IFERROR(SMALL(Timesheet!$R$6:$R$2005,2),"")
B9: =IF(J9="","",INT(J9)) | C9: =IF(J9="","",IF(INDEX(Timesheet!$D$6:$D$2005,MATCH(J9,Timesheet!$R$6:$R$2005,0))="","",INDEX(Timesheet!$D$6:$D$2005,MATCH(J9,Timesheet!$R$6:$R$2005,0)))) | D9: =IF(J9="","",IF(INDEX(Timesheet!$E$6:$E$2005,MATCH(J9,Timesheet!$R$6:$R$2005,0))="","",INDEX(Timesheet!$E$6:$E$2005,MATCH(J9,Timesheet!$R$6:$R$2005,0)))) | E9: =IF(J9="","",IF(INDEX(Timesheet!$F$6:$F$2005,MATCH(J9,Timesheet!$R$6:$R$2005,0))="","",INDEX(Timesheet!$F$6:$F$2005,MATCH(J9,Timesheet!$R$6:$R$2005,0)))) | F9: =IF(J9="","",IF(INDEX(Timesheet!$G$6:$G$2005,MATCH(J9,Timesheet!$R$6:$R$2005,0))="","",INDEX(Timesheet!$G$6:$G$2005,MATCH(J9,Timesheet!$R$6:$R$2005,0)))) | G9: =IF(J9="","",INDEX(Timesheet!$M$6:$M$2005,MATCH(J9,Timesheet!$R$6:$R$2005,0))) | H9: =IF(J9="","",INDEX(Timesheet!$O$6:$O$2005,MATCH(J9,Timesheet!$R$6:$R$2005,0))) | J9: =IFERROR(SMALL(Timesheet!$R$6:$R$2005,3),"")
