Workbook

Sheet Dashboard
B2: Blood sugar and medicines
B3: Readings on the left, medicines on the right.
B4: Last reading | C4: Today's average | D4: 7-day average | E4: 30-day average | G4: In range, 7 days | H4: Below, 7 days | I4: Above, 7 days | J4: Doses left today | O4: =IF(COUNT(Readings!$L$6:$L$1505)=0,"",INDEX(Readings!$G$6:$G$1505,MATCH(MAX(Readings!$L$6:$L$1505),Readings!$L$6:$L$1505,0)))
B5: =IF(COUNT(Readings!$L$6:$L$1505)=0,"",INDEX(Readings!$E$6:$E$1505,MATCH(MAX(Readings!$L$6:$L$1505),Readings!$L$6:$L$1505,0))) | C5: =IFERROR(ROUND(AVERAGEIFS(Readings!$E$6:$E$1505,Readings!$B$6:$B$1505,">="&(TODAY()-0),Readings!$B$6:$B$1505,"<="&TODAY()),1),"") | D5: =IFERROR(ROUND(AVERAGEIFS(Readings!$E$6:$E$1505,Readings!$B$6:$B$1505,">="&(TODAY()-6),Readings!$B$6:$B$1505,"<="&TODAY()),1),"") | E5: =IFERROR(ROUND(AVERAGEIFS(Readings!$E$6:$E$1505,Readings!$B$6:$B$1505,">="&(TODAY()-29),Readings!$B$6:$B$1505,"<="&TODAY()),1),"") | G5: =IFERROR(COUNTIFS(Readings!$G$6:$G$1505,"In range",Readings!$B$6:$B$1505,">="&(TODAY()-6),Readings!$B$6:$B$1505,"<="&TODAY())/(COUNTIFS(Readings!$G$6:$G$1505,"In range",Readings!$B$6:$B$1505,">="&(TODAY()-6),Readings!$B$6:$B$1505,"<="&TODAY())+COUNTIFS(Readings!$G$6:$G$1505,"Below",Readings!$B$6:$B$1505,">="&(TODAY()-6),Readings!$B$6:$B$1505,"<="&TODAY())+COUNTIFS(Readings!$G$6:$G$1505,"Above",Readings!$B$6:$B$1505,">="&(TODAY()-6),Readings!$B$6:$B$1505,"<="&TODAY())),"") | H5: =COUNTIFS(Readings!$G$6:$G$1505,"Below",Readings!$B$6:$B$1505,">="&(TODAY()-6),Readings!$B$6:$B$1505,"<="&TODAY()) | I5: =COUNTIFS(Readings!$G$6:$G$1505,"Above",Readings!$B$6:$B$1505,">="&(TODAY()-6),Readings!$B$6:$B$1505,"<="&TODAY()) | J5: =SUM(Medicines!$O$6:$O$25)
B6: =IF(COUNT(Readings!$L$6:$L$1505)=0,"",DAY(INT(MAX(Readings!$L$6:$L$1505)))&" "&CHOOSE(MONTH(INT(MAX(Readings!$L$6:$L$1505))),"Jan","Feb","Mar","Apr","May","Jun","Jul","Aug","Sep","Oct","Nov","Dec")&", "&HOUR(MAX(Readings!$L$6:$L$1505))&":"&RIGHT("0"&MINUTE(MAX(Readings!$L$6:$L$1505)),2)&IF(O4="",""," ("&LOWER(O4)&")"))
B8: Last 7 days | C8: Readings | D8: Average | E8: In range | G8: Today | H8: Medicine | I8: Dose | J8: Status
B9: Fasting | C9: =COUNTIFS(Readings!$D$6:$D$1505,B9,Readings!$B$6:$B$1505,">="&(TODAY()-6),Readings!$B$6:$B$1505,"<="&TODAY(),Readings!$E$6:$E$1505,">0") | D9: =IFERROR(ROUND(AVERAGEIFS(Readings!$E$6:$E$1505,Readings!$D$6:$D$1505,B9,Readings!$B$6:$B$1505,">="&(TODAY()-6),Readings!$B$6:$B$1505,"<="&TODAY()),1),"") | E9: =IFERROR(COUNTIFS(Readings!$D$6:$D$1505,B9,Readings!$B$6:$B$1505,">="&(TODAY()-6),Readings!$B$6:$B$1505,"<="&TODAY(),Readings!$G$6:$G$1505,"In range")/(COUNTIFS(Readings!$D$6:$D$1505,B9,Readings!$B$6:$B$1505,">="&(TODAY()-6),Readings!$B$6:$B$1505,"<="&TODAY(),Readings!$G$6:$G$1505,"In range")+COUNTIFS(Readings!$D$6:$D$1505,B9,Readings!$B$6:$B$1505,">="&(TODAY()-6),Readings!$B$6:$B$1505,"<="&TODAY(),Readings!$G$6:$G$1505,"Below")+COUNTIFS(Readings!$D$6:$D$1505,B9,Readings!$B$6:$B$1505,">="&(TODAY()-6),Readings!$B$6:$B$1505,"<="&TODAY(),Readings!$G$6:$G$1505,"Above")),"") | G9: =IF(P9="","Nothing to take today",ROUND(P9*1440,0)/1440) | H9: =IF(P9="","",INDEX(Medicines!$B$6:$B$25,Q9)) | I9: =IF(P9="","",IF(INDEX(Medicines!$C$6:$C$25,Q9)="","",INDEX(Medicines!$C$6:$C$25,Q9))) | J9: =IF(P9="","",IF(INDEX(Medicines!$T$6:$W$25,Q9,R9)<=INDEX(Medicines!$N$6:$N$25,Q9),"Taken",IF(G9<=MOD(NOW(),1),"Not taken","Later"))) | P9: =IFERROR(SMALL(Medicines!$P$6:$S$25,1),"") | Q9: =IF(P9="","",IFERROR(MATCH(P9,Medicines!$P$6:$P$25,0),IFERROR(MATCH(P9,Medicines!$Q$6:$Q$25,0),IFERROR(MATCH(P9,Medicines!$R$6:$R$25,0),MATCH(P9,Medicines!$S$6:$S$25,0))))) | R9: =IF(P9="","",IF(ISNUMBER(MATCH(P9,Medicines!$P$6:$P$25,0)),1,IF(ISNUMBER(MATCH(P9,Medicines!$Q$6:$Q$25,0)),2,IF(ISNUMBER(MATCH(P9,Medicines!$R$6:$R$25,0)),3,4))))
B10: After breakfast | C10: =COUNTIFS(Readings!$D$6:$D$1505,B10,Readings!$B$6:$B$1505,">="&(TODAY()-6),Readings!$B$6:$B$1505,"<="&TODAY(),Readings!$E$6:$E$1505,">0") | D10: =IFERROR(ROUND(AVERAGEIFS(Readings!$E$6:$E$1505,Readings!$D$6:$D$1505,B10,Readings!$B$6:$B$1505,">="&(TODAY()-6),Readings!$B$6:$B$1505,"<="&TODAY()),1),"") | E10: =IFERROR(COUNTIFS(Readings!$D$6:$D$1505,B10,Readings!$B$6:$B$1505,">="&(TODAY()-6),Readings!$B$6:$B$1505,"<="&TODAY(),Readings!$G$6:$G$1505,"In range")/(COUNTIFS(Readings!$D$6:$D$1505,B10,Readings!$B$6:$B$1505,">="&(TODAY()-6),Readings!$B$6:$B$1505,"<="&TODAY(),Readings!$G$6:$G$1505,"In range")+COUNTIFS(Readings!$D$6:$D$1505,B10,Readings!$B$6:$B$1505,">="&(TODAY()-6),Readings!$B$6:$B$1505,"<="&TODAY(),Readings!$G$6:$G$1505,"Below")+COUNTIFS(Readings!$D$6:$D$1505,B10,Readings!$B$6:$B$1505,">="&(TODAY()-6),Readings!$B$6:$B$1505,"<="&TODAY(),Readings!$G$6:$G$1505,"Above")),"") | G10: =IF(P10="","",ROUND(P10*1440,0)/1440) | H10: =IF(P10="","",INDEX(Medicines!$B$6:$B$25,Q10)) | I10: =IF(P10="","",IF(INDEX(Medicines!$C$6:$C$25,Q10)="","",INDEX(Medicines!$C$6:$C$25,Q10))) | J10: =IF(P10="","",IF(INDEX(Medicines!$T$6:$W$25,Q10,R10)<=INDEX(Medicines!$N$6:$N$25,Q10),"Taken",IF(G10<=MOD(NOW(),1),"Not taken","Later"))) | P10: =IFERROR(SMALL(Medicines!$P$6:$S$25,2),"") | Q10: =IF(P10="","",IFERROR(MATCH(P10,Medicines!$P$6:$P$25,0),IFERROR(MATCH(P10,Medicines!$Q$6:$Q$25,0),IFERROR(MATCH(P10,Medicines!$R$6:$R$25,0),MATCH(P10,Medicines!$S$6:$S$25,0))))) | R10: =IF(P10="","",IF(ISNUMBER(MATCH(P10,Medicines!$P$6:$P$25,0)),1,IF(ISNUMBER(MATCH(P10,Medicines!$Q$6:$Q$25,0)),2,IF(ISNUMBER(MATCH(P10,Medicines!$R$6:$R$25,0)),3,4))))
B11: Before lunch | C11: =COUNTIFS(Readings!$D$6:$D$1505,B11,Readings!$B$6:$B$1505,">="&(TODAY()-6),Readings!$B$6:$B$1505,"<="&TODAY(),Readings!$E$6:$E$1505,">0") | D11: =IFERROR(ROUND(AVERAGEIFS(Readings!$E$6:$E$1505,Readings!$D$6:$D$1505,B11,Readings!$B$6:$B$1505,">="&(TODAY()-6),Readings!$B$6:$B$1505,"<="&TODAY()),1),"") | E11: =IFERROR(COUNTIFS(Readings!$D$6:$D$1505,B11,Readings!$B$6:$B$1505,">="&(TODAY()-6),Readings!$B$6:$B$1505,"<="&TODAY(),Readings!$G$6:$G$1505,"In range")/(COUNTIFS(Readings!$D$6:$D$1505,B11,Readings!$B$6:$B$1505,">="&(TODAY()-6),Readings!$B$6:$B$1505,"<="&TODAY(),Readings!$G$6:$G$1505,"In range")+COUNTIFS(Readings!$D$6:$D$1505,B11,Readings!$B$6:$B$1505,">="&(TODAY()-6),Readings!$B$6:$B$1505,"<="&TODAY(),Readings!$G$6:$G$1505,"Below")+COUNTIFS(Readings!$D$6:$D$1505,B11,Readings!$B$6:$B$1505,">="&(TODAY()-6),Readings!$B$6:$B$1505,"<="&TODAY(),Readings!$G$6:$G$1505,"Above")),"") | G11: =IF(P11="","",ROUND(P11*1440,0)/1440) | H11: =IF(P11="","",INDEX(Medicines!$B$6:$B$25,Q11)) | I11: =IF(P11="","",IF(INDEX(Medicines!$C$6:$C$25,Q11)="","",INDEX(Medicines!$C$6:$C$25,Q11))) | J11: =IF(P11="","",IF(INDEX(Medicines!$T$6:$W$25,Q11,R11)<=INDEX(Medicines!$N$6:$N$25,Q11),"Taken",IF(G11<=MOD(NOW(),1),"Not taken","Later"))) | P11: =IFERROR(SMALL(Medicines!$P$6:$S$25,3),"") | Q11: =IF(P11="","",IFERROR(MATCH(P11,Medicines!$P$6:$P$25,0),IFERROR(MATCH(P11,Medicines!$Q$6:$Q$25,0),IFERROR(MATCH(P11,Medicines!$R$6:$R$25,0),MATCH(P11,Medicines!$S$6:$S$25,0))))) | R11: =IF(P11="","",IF(ISNUMBER(MATCH(P11,Medicines!$P$6:$P$25,0)),1,IF(ISNUMBER(MATCH(P11,Medicines!$Q$6:$Q$25,0)),2,IF(ISNUMBER(MATCH(P11,Medicines!$R$6:$R$25,0)),3,4))))
B12: After lunch | C12: =COUNTIFS(Readings!$D$6:$D$1505,B12,Readings!$B$6:$B$1505,">="&(TODAY()-6),Readings!$B$6:$B$1505,"<="&TODAY(),Readings!$E$6:$E$1505,">0") | D12: =IFERROR(ROUND(AVERAGEIFS(Readings!$E$6:$E$1505,Readings!$D$6:$D$1505,B12,Readings!$B$6:$B$1505,">="&(TODAY()-6),Readings!$B$6:$B$1505,"<="&TODAY()),1),"") | E12: =IFERROR(COUNTIFS(Readings!$D$6:$D$1505,B12,Readings!$B$6:$B$1505,">="&(TODAY()-6),Readings!$B$6:$B$1505,"<="&TODAY(),Readings!$G$6:$G$1505,"In range")/(COUNTIFS(Readings!$D$6:$D$1505,B12,Readings!$B$6:$B$1505,">="&(TODAY()-6),Readings!$B$6:$B$1505,"<="&TODAY(),Readings!$G$6:$G$1505,"In range")+COUNTIFS(Readings!$D$6:$D$1505,B12,Readings!$B$6:$B$1505,">="&(TODAY()-6),Readings!$B$6:$B$1505,"<="&TODAY(),Readings!$G$6:$G$1505,"Below")+COUNTIFS(Readings!$D$6:$D$1505,B12,Readings!$B$6:$B$1505,">="&(TODAY()-6),Readings!$B$6:$B$1505,"<="&TODAY(),Readings!$G$6:$G$1505,"Above")),"") | G12: =IF(P12="","",ROUND(P12*1440,0)/1440) | H12: =IF(P12="","",INDEX(Medicines!$B$6:$B$25,Q12)) | I12: =IF(P12="","",IF(INDEX(Medicines!$C$6:$C$25,Q12)="","",INDEX(Medicines!$C$6:$C$25,Q12))) | J12: =IF(P12="","",IF(INDEX(Medicines!$T$6:$W$25,Q12,R12)<=INDEX(Medicines!$N$6:$N$25,Q12),"Taken",IF(G12<=MOD(NOW(),1),"Not taken","Later"))) | P12: =IFERROR(SMALL(Medicines!$P$6:$S$25,4),"") | Q12: =IF(P12="","",IFERROR(MATCH(P12,Medicines!$P$6:$P$25,0),IFERROR(MATCH(P12,Medicines!$Q$6:$Q$25,0),IFERROR(MATCH(P12,Medicines!$R$6:$R$25,0),MATCH(P12,Medicines!$S$6:$S$25,0))))) | R12: =IF(P12="","",IF(ISNUMBER(MATCH(P12,Medicines!$P$6:$P$25,0)),1,IF(ISNUMBER(MATCH(P12,Medicines!$Q$6:$Q$25,0)),2,IF(ISNUMBER(MATCH(P12,Medicines!$R$6:$R$25,0)),3,4))))
B13: Before dinner | C13: =COUNTIFS(Readings!$D$6:$D$1505,B13,Readings!$B$6:$B$1505,">="&(TODAY()-6),Readings!$B$6:$B$1505,"<="&TODAY(),Readings!$E$6:$E$1505,">0") | D13: =IFERROR(ROUND(AVERAGEIFS(Readings!$E$6:$E$1505,Readings!$D$6:$D$1505,B13,Readings!$B$6:$B$1505,">="&(TODAY()-6),Readings!$B$6:$B$1505,"<="&TODAY()),1),"") | E13: =IFERROR(COUNTIFS(Readings!$D$6:$D$1505,B13,Readings!$B$6:$B$1505,">="&(TODAY()-6),Readings!$B$6:$B$1505,"<="&TODAY(),Readings!$G$6:$G$1505,"In range")/(COUNTIFS(Readings!$D$6:$D$1505,B13,Readings!$B$6:$B$1505,">="&(TODAY()-6),Readings!$B$6:$B$1505,"<="&TODAY(),Readings!$G$6:$G$1505,"In range")+COUNTIFS(Readings!$D$6:$D$1505,B13,Readings!$B$6:$B$1505,">="&(TODAY()-6),Readings!$B$6:$B$1505,"<="&TODAY(),Readings!$G$6:$G$1505,"Below")+COUNTIFS(Readings!$D$6:$D$1505,B13,Readings!$B$6:$B$1505,">="&(TODAY()-6),Readings!$B$6:$B$1505,"<="&TODAY(),Readings!$G$6:$G$1505,"Above")),"") | G13: =IF(P13="","",ROUND(P13*1440,0)/1440) | H13: =IF(P13="","",INDEX(Medicines!$B$6:$B$25,Q13)) | I13: =IF(P13="","",IF(INDEX(Medicines!$C$6:$C$25,Q13)="","",INDEX(Medicines!$C$6:$C$25,Q13))) | J13: =IF(P13="","",IF(INDEX(Medicines!$T$6:$W$25,Q13,R13)<=INDEX(Medicines!$N$6:$N$25,Q13),"Taken",IF(G13<=MOD(NOW(),1),"Not taken","Later"))) | P13: =IFERROR(SMALL(Medicines!$P$6:$S$25,5),"") | Q13: =IF(P13="","",IFERROR(MATCH(P13,Medicines!$P$6:$P$25,0),IFERROR(MATCH(P13,Medicines!$Q$6:$Q$25,0),IFERROR(MATCH(P13,Medicines!$R$6:$R$25,0),MATCH(P13,Medicines!$S$6:$S$25,0))))) | R13: =IF(P13="","",IF(ISNUMBER(MATCH(P13,Medicines!$P$6:$P$25,0)),1,IF(ISNUMBER(MATCH(P13,Medicines!$Q$6:$Q$25,0)),2,IF(ISNUMBER(MATCH(P13,Medicines!$R$6:$R$25,0)),3,4))))
B14: After dinner | C14: =COUNTIFS(Readings!$D$6:$D$1505,B14,Readings!$B$6:$B$1505,">="&(TODAY()-6),Readings!$B$6:$B$1505,"<="&TODAY(),Readings!$E$6:$E$1505,">0") | D14: =IFERROR(ROUND(AVERAGEIFS(Readings!$E$6:$E$1505,Readings!$D$6:$D$1505,B14,Readings!$B$6:$B$1505,">="&(TODAY()-6),Readings!$B$6:$B$1505,"<="&TODAY()),1),"") | E14: =IFERROR(COUNTIFS(Readings!$D$6:$D$1505,B14,Readings!$B$6:$B$1505,">="&(TODAY()-6),Readings!$B$6:$B$1505,"<="&TODAY(),Readings!$G$6:$G$1505,"In range")/(COUNTIFS(Readings!$D$6:$D$1505,B14,Readings!$B$6:$B$1505,">="&(TODAY()-6),Readings!$B$6:$B$1505,"<="&TODAY(),Readings!$G$6:$G$1505,"In range")+COUNTIFS(Readings!$D$6:$D$1505,B14,Readings!$B$6:$B$1505,">="&(TODAY()-6),Readings!$B$6:$B$1505,"<="&TODAY(),Readings!$G$6:$G$1505,"Below")+COUNTIFS(Readings!$D$6:$D$1505,B14,Readings!$B$6:$B$1505,">="&(TODAY()-6),Readings!$B$6:$B$1505,"<="&TODAY(),Readings!$G$6:$G$1505,"Above")),"") | G14: =IF(P14="","",ROUND(P14*1440,0)/1440) | H14: =IF(P14="","",INDEX(Medicines!$B$6:$B$25,Q14)) | I14: =IF(P14="","",IF(INDEX(Medicines!$C$6:$C$25,Q14)="","",INDEX(Medicines!$C$6:$C$25,Q14))) | J14: =IF(P14="","",IF(INDEX(Medicines!$T$6:$W$25,Q14,R14)<=INDEX(Medicines!$N$6:$N$25,Q14),"Taken",IF(G14<=MOD(NOW(),1),"Not taken","Later"))) | P14: =IFERROR(SMALL(Medicines!$P$6:$S$25,6),"") | Q14: =IF(P14="","",IFERROR(MATCH(P14,Medicines!$P$6:$P$25,0),IFERROR(MATCH(P14,Medicines!$Q$6:$Q$25,0),IFERROR(MATCH(P14,Medicines!$R$6:$R$25,0),MATCH(P14,Medicines!$S$6:$S$25,0))))) | R14: =IF(P14="","",IF(ISNUMBER(MATCH(P14,Medicines!$P$6:$P$25,0)),1,IF(ISNUMBER(MATCH(P14,Medicines!$Q$6:$Q$25,0)),2,IF(ISNUMBER(MATCH(P14,Medicines!$R$6:$R$25,0)),3,4))))
B15: Bedtime | C15: =COUNTIFS(Readings!$D$6:$D$1505,B15,Readings!$B$6:$B$1505,">="&(TODAY()-6),Readings!$B$6:$B$1505,"<="&TODAY(),Readings!$E$6:$E$1505,">0") | D15: =IFERROR(ROUND(AVERAGEIFS(Readings!$E$6:$E$1505,Readings!$D$6:$D$1505,B15,Readings!$B$6:$B$1505,">="&(TODAY()-6),Readings!$B$6:$B$1505,"<="&TODAY()),1),"") | E15: =IFERROR(COUNTIFS(Readings!$D$6:$D$1505,B15,Readings!$B$6:$B$1505,">="&(TODAY()-6),Readings!$B$6:$B$1505,"<="&TODAY(),Readings!$G$6:$G$1505,"In range")/(COUNTIFS(Readings!$D$6:$D$1505,B15,Readings!$B$6:$B$1505,">="&(TODAY()-6),Readings!$B$6:$B$1505,"<="&TODAY(),Readings!$G$6:$G$1505,"In range")+COUNTIFS(Readings!$D$6:$D$1505,B15,Readings!$B$6:$B$1505,">="&(TODAY()-6),Readings!$B$6:$B$1505,"<="&TODAY(),Readings!$G$6:$G$1505,"Below")+COUNTIFS(Readings!$D$6:$D$1505,B15,Readings!$B$6:$B$1505,">="&(TODAY()-6),Readings!$B$6:$B$1505,"<="&TODAY(),Readings!$G$6:$G$1505,"Above")),"") | G15: =IF(P15="","",ROUND(P15*1440,0)/1440) | H15: =IF(P15="","",INDEX(Medicines!$B$6:$B$25,Q15)) | I15: =IF(P15="","",IF(INDEX(Medicines!$C$6:$C$25,Q15)="","",INDEX(Medicines!$C$6:$C$25,Q15))) | J15: =IF(P15="","",IF(INDEX(Medicines!$T$6:$W$25,Q15,R15)<=INDEX(Medicines!$N$6:$N$25,Q15),"Taken",IF(G15<=MOD(NOW(),1),"Not taken","Later"))) | P15: =IFERROR(SMALL(Medicines!$P$6:$S$25,7),"") | Q15: =IF(P15="","",IFERROR(MATCH(P15,Medicines!$P$6:$P$25,0),IFERROR(MATCH(P15,Medicines!$Q$6:$Q$25,0),IFERROR(MATCH(P15,Medicines!$R$6:$R$25,0),MATCH(P15,Medicines!$S$6:$S$25,0))))) | R15: =IF(P15="","",IF(ISNUMBER(MATCH(P15,Medicines!$P$6:$P$25,0)),1,IF(ISNUMBER(MATCH(P15,Medicines!$Q$6:$Q$25,0)),2,IF(ISNUMBER(MATCH(P15,Medicines!$R$6:$R$25,0)),3,4))))
B16: Night | C16: =COUNTIFS(Readings!$D$6:$D$1505,B16,Readings!$B$6:$B$1505,">="&(TODAY()-6),Readings!$B$6:$B$1505,"<="&TODAY(),Readings!$E$6:$E$1505,">0") | D16: =IFERROR(ROUND(AVERAGEIFS(Readings!$E$6:$E$1505,Readings!$D$6:$D$1505,B16,Readings!$B$6:$B$1505,">="&(TODAY()-6),Readings!$B$6:$B$1505,"<="&TODAY()),1),"") | E16: =IFERROR(COUNTIFS(Readings!$D$6:$D$1505,B16,Readings!$B$6:$B$1505,">="&(TODAY()-6),Readings!$B$6:$B$1505,"<="&TODAY(),Readings!$G$6:$G$1505,"In range")/(COUNTIFS(Readings!$D$6:$D$1505,B16,Readings!$B$6:$B$1505,">="&(TODAY()-6),Readings!$B$6:$B$1505,"<="&TODAY(),Readings!$G$6:$G$1505,"In range")+COUNTIFS(Readings!$D$6:$D$1505,B16,Readings!$B$6:$B$1505,">="&(TODAY()-6),Readings!$B$6:$B$1505,"<="&TODAY(),Readings!$G$6:$G$1505,"Below")+COUNTIFS(Readings!$D$6:$D$1505,B16,Readings!$B$6:$B$1505,">="&(TODAY()-6),Readings!$B$6:$B$1505,"<="&TODAY(),Readings!$G$6:$G$1505,"Above")),"") | G16: =IF(P16="","",ROUND(P16*1440,0)/1440) | H16: =IF(P16="","",INDEX(Medicines!$B$6:$B$25,Q16)) | I16: =IF(P16="","",IF(INDEX(Medicines!$C$6:$C$25,Q16)="","",INDEX(Medicines!$C$6:$C$25,Q16))) | J16: =IF(P16="","",IF(INDEX(Medicines!$T$6:$W$25,Q16,R16)<=INDEX(Medicines!$N$6:$N$25,Q16),"Taken",IF(G16<=MOD(NOW(),1),"Not taken","Later"))) | P16: =IFERROR(SMALL(Medicines!$P$6:$S$25,8),"") | Q16: =IF(P16="","",IFERROR(MATCH(P16,Medicines!$P$6:$P$25,0),IFERROR(MATCH(P16,Medicines!$Q$6:$Q$25,0),IFERROR(MATCH(P16,Medicines!$R$6:$R$25,0),MATCH(P16,Medicines!$S$6:$S$25,0))))) | R16: =IF(P16="","",IF(ISNUMBER(MATCH(P16,Medicines!$P$6:$P$25,0)),1,IF(ISNUMBER(MATCH(P16,Medicines!$Q$6:$Q$25,0)),2,IF(ISNUMBER(MATCH(P16,Medicines!$R$6:$R$25,0)),3,4))))
B17: Other | C17: =COUNTIFS(Readings!$D$6:$D$1505,B17,Readings!$B$6:$B$1505,">="&(TODAY()-6),Readings!$B$6:$B$1505,"<="&TODAY(),Readings!$E$6:$E$1505,">0") | D17: =IFERROR(ROUND(AVERAGEIFS(Readings!$E$6:$E$1505,Readings!$D$6:$D$1505,B17,Readings!$B$6:$B$1505,">="&(TODAY()-6),Readings!$B$6:$B$1505,"<="&TODAY()),1),"") | E17: =IFERROR(COUNTIFS(Readings!$D$6:$D$1505,B17,Readings!$B$6:$B$1505,">="&(TODAY()-6),Readings!$B$6:$B$1505,"<="&TODAY(),Readings!$G$6:$G$1505,"In range")/(COUNTIFS(Readings!$D$6:$D$1505,B17,Readings!$B$6:$B$1505,">="&(TODAY()-6),Readings!$B$6:$B$1505,"<="&TODAY(),Readings!$G$6:$G$1505,"In range")+COUNTIFS(Readings!$D$6:$D$1505,B17,Readings!$B$6:$B$1505,">="&(TODAY()-6),Readings!$B$6:$B$1505,"<="&TODAY(),Readings!$G$6:$G$1505,"Below")+COUNTIFS(Readings!$D$6:$D$1505,B17,Readings!$B$6:$B$1505,">="&(TODAY()-6),Readings!$B$6:$B$1505,"<="&TODAY(),Readings!$G$6:$G$1505,"Above")),"") | G17: =IF(P17="","",ROUND(P17*1440,0)/1440) | H17: =IF(P17="","",INDEX(Medicines!$B$6:$B$25,Q17)) | I17: =IF(P17="","",IF(INDEX(Medicines!$C$6:$C$25,Q17)="","",INDEX(Medicines!$C$6:$C$25,Q17))) | J17: =IF(P17="","",IF(INDEX(Medicines!$T$6:$W$25,Q17,R17)<=INDEX(Medicines!$N$6:$N$25,Q17),"Taken",IF(G17<=MOD(NOW(),1),"Not taken","Later"))) | P17: =IFERROR(SMALL(Medicines!$P$6:$S$25,9),"") | Q17: =IF(P17="","",IFERROR(MATCH(P17,Medicines!$P$6:$P$25,0),IFERROR(MATCH(P17,Medicines!$Q$6:$Q$25,0),IFERROR(MATCH(P17,Medicines!$R$6:$R$25,0),MATCH(P17,Medicines!$S$6:$S$25,0))))) | R17: =IF(P17="","",IF(ISNUMBER(MATCH(P17,Medicines!$P$6:$P$25,0)),1,IF(ISNUMBER(MATCH(P17,Medicines!$Q$6:$Q$25,0)),2,IF(ISNUMBER(MATCH(P17,Medicines!$R$6:$R$25,0)),3,4))))
G18: =IF(P18="","",ROUND(P18*1440,0)/1440) | H18: =IF(P18="","",INDEX(Medicines!$B$6:$B$25,Q18)) | I18: =IF(P18="","",IF(INDEX(Medicines!$C$6:$C$25,Q18)="","",INDEX(Medicines!$C$6:$C$25,Q18))) | J18: =IF(P18="","",IF(INDEX(Medicines!$T$6:$W$25,Q18,R18)<=INDEX(Medicines!$N$6:$N$25,Q18),"Taken",IF(G18<=MOD(NOW(),1),"Not taken","Later"))) | P18: =IFERROR(SMALL(Medicines!$P$6:$S$25,10),"") | Q18: =IF(P18="","",IFERROR(MATCH(P18,Medicines!$P$6:$P$25,0),IFERROR(MATCH(P18,Medicines!$Q$6:$Q$25,0),IFERROR(MATCH(P18,Medicines!$R$6:$R$25,0),MATCH(P18,Medicines!$S$6:$S$25,0))))) | R18: =IF(P18="","",IF(ISNUMBER(MATCH(P18,Medicines!$P$6:$P$25,0)),1,IF(ISNUMBER(MATCH(P18,Medicines!$Q$6:$Q$25,0)),2,IF(ISNUMBER(MATCH(P18,Medicines!$R$6:$R$25,0)),3,4))))
B20: Last 14 days | C20: Average | D20: Lowest | E20: Highest
B21: =(TODAY()-13) | C21: =IFERROR(ROUND(AVERAGEIFS(Readings!$E$6:$E$1505,Readings!$B$6:$B$1505,B21),1),"") | D21: =IF(C21="","",IFERROR(SMALL(Readings!$O$6:$O$1505,COUNTIF(Readings!$O$6:$O$1505,"<"&B21*10000)+1)-B21*10000,"")) | E21: =IF(C21="","",IFERROR(LARGE(Readings!$O$6:$O$1505,COUNTIF(Readings!$O$6:$O$1505,">="&(B21+1)*10000)+1)-B21*10000,"")) | G21: =DAY(B21)&" "&CHOOSE(MONTH(B21),"Jan","Feb","Mar","Apr","May","Jun","Jul","Aug","Sep","Oct","Nov","Dec") | H21: =IF(C21="",NA(),C21) | I21: =IF(D21="",NA(),D21) | J21: =IF(E21="",NA(),E21)
B22: =(TODAY()-12) | C22: =IFERROR(ROUND(AVERAGEIFS(Readings!$E$6:$E$1505,Readings!$B$6:$B$1505,B22),1),"") | D22: =IF(C22="","",IFERROR(SMALL(Readings!$O$6:$O$1505,COUNTIF(Readings!$O$6:$O$1505,"<"&B22*10000)+1)-B22*10000,"")) | E22: =IF(C22="","",IFERROR(LARGE(Readings!$O$6:$O$1505,COUNTIF(Readings!$O$6:$O$1505,">="&(B22+1)*10000)+1)-B22*10000,"")) | G22: =DAY(B22)&" "&CHOOSE(MONTH(B22),"Jan","Feb","Mar","Apr","May","Jun","Jul","Aug","Sep","Oct","Nov","Dec") | H22: =IF(C22="",NA(),C22) | I22: =IF(D22="",NA(),D22) | J22: =IF(E22="",NA(),E22)
B23: =(TODAY()-11) | C23: =IFERROR(ROUND(AVERAGEIFS(Readings!$E$6:$E$1505,Readings!$B$6:$B$1505,B23),1),"") | D23: =IF(C23="","",IFERROR(SMALL(Readings!$O$6:$O$1505,COUNTIF(Readings!$O$6:$O$1505,"<"&B23*10000)+1)-B23*10000,"")) | E23: =IF(C23="","",IFERROR(LARGE(Readings!$O$6:$O$1505,COUNTIF(Readings!$O$6:$O$1505,">="&(B23+1)*10000)+1)-B23*10000,"")) | G23: =DAY(B23)&" "&CHOOSE(MONTH(B23),"Jan","Feb","Mar","Apr","May","Jun","Jul","Aug","Sep","Oct","Nov","Dec") | H23: =IF(C23="",NA(),C23) | I23: =IF(D23="",NA(),D23) | J23: =IF(E23="",NA(),E23)
B24: =(TODAY()-10) | C24: =IFERROR(ROUND(AVERAGEIFS(Readings!$E$6:$E$1505,Readings!$B$6:$B$1505,B24),1),"") | D24: =IF(C24="","",IFERROR(SMALL(Readings!$O$6:$O$1505,COUNTIF(Readings!$O$6:$O$1505,"<"&B24*10000)+1)-B24*10000,"")) | E24: =IF(C24="","",IFERROR(LARGE(Readings!$O$6:$O$1505,COUNTIF(Readings!$O$6:$O$1505,">="&(B24+1)*10000)+1)-B24*10000,"")) | G24: =DAY(B24)&" "&CHOOSE(MONTH(B24),"Jan","Feb","Mar","Apr","May","Jun","Jul","Aug","Sep","Oct","Nov","Dec") | H24: =IF(C24="",NA(),C24) | I24: =IF(D24="",NA(),D24) | J24: =IF(E24="",NA(),E24)
B25: =(TODAY()-9) | C25: =IFERROR(ROUND(AVERAGEIFS(Readings!$E$6:$E$1505,Readings!$B$6:$B$1505,B25),1),"") | D25: =IF(C25="","",IFERROR(SMALL(Readings!$O$6:$O$1505,COUNTIF(Readings!$O$6:$O$1505,"<"&B25*10000)+1)-B25*10000,"")) | E25: =IF(C25="","",IFERROR(LARGE(Readings!$O$6:$O$1505,COUNTIF(Readings!$O$6:$O$1505,">="&(B25+1)*10000)+1)-B25*10000,"")) | G25: =DAY(B25)&" "&CHOOSE(MONTH(B25),"Jan","Feb","Mar","Apr","May","Jun","Jul","Aug","Sep","Oct","Nov","Dec") | H25: =IF(C25="",NA(),C25) | I25: =IF(D25="",NA(),D25) | J25: =IF(E25="",NA(),E25)
B26: =(TODAY()-8) | C26: =IFERROR(ROUND(AVERAGEIFS(Readings!$E$6:$E$1505,Readings!$B$6:$B$1505,B26),1),"") | D26: =IF(C26="","",IFERROR(SMALL(Readings!$O$6:$O$1505,COUNTIF(Readings!$O$6:$O$1505,"<"&B26*10000)+1)-B26*10000,"")) | E26: =IF(C26="","",IFERROR(LARGE(Readings!$O$6:$O$1505,COUNTIF(Readings!$O$6:$O$1505,">="&(B26+1)*10000)+1)-B26*10000,"")) | G26: =DAY(B26)&" "&CHOOSE(MONTH(B26),"Jan","Feb","Mar","Apr","May","Jun","Jul","Aug","Sep","Oct","Nov","Dec") | H26: =IF(C26="",NA(),C26) | I26: =IF(D26="",NA(),D26) | J26: =IF(E26="",NA(),E26)
B27: =(TODAY()-7) | C27: =IFERROR(ROUND(AVERAGEIFS(Readings!$E$6:$E$1505,Readings!$B$6:$B$1505,B27),1),"") | D27: =IF(C27="","",IFERROR(SMALL(Readings!$O$6:$O$1505,COUNTIF(Readings!$O$6:$O$1505,"<"&B27*10000)+1)-B27*10000,"")) | E27: =IF(C27="","",IFERROR(LARGE(Readings!$O$6:$O$1505,COUNTIF(Readings!$O$6:$O$1505,">="&(B27+1)*10000)+1)-B27*10000,"")) | G27: =DAY(B27)&" "&CHOOSE(MONTH(B27),"Jan","Feb","Mar","Apr","May","Jun","Jul","Aug","Sep","Oct","Nov","Dec") | H27: =IF(C27="",NA(),C27) | I27: =IF(D27="",NA(),D27) | J27: =IF(E27="",NA(),E27)
B28: =(TODAY()-6) | C28: =IFERROR(ROUND(AVERAGEIFS(Readings!$E$6:$E$1505,Readings!$B$6:$B$1505,B28),1),"") | D28: =IF(C28="","",IFERROR(SMALL(Readings!$O$6:$O$1505,COUNTIF(Readings!$O$6:$O$1505,"<"&B28*10000)+1)-B28*10000,"")) | E28: =IF(C28="","",IFERROR(LARGE(Readings!$O$6:$O$1505,COUNTIF(Readings!$O$6:$O$1505,">="&(B28+1)*10000)+1)-B28*10000,"")) | G28: =DAY(B28)&" "&CHOOSE(MONTH(B28),"Jan","Feb","Mar","Apr","May","Jun","Jul","Aug","Sep","Oct","Nov","Dec") | H28: =IF(C28="",NA(),C28) | I28: =IF(D28="",NA(),D28) | J28: =IF(E28="",NA(),E28)
B29: =(TODAY()-5) | C29: =IFERROR(ROUND(AVERAGEIFS(Readings!$E$6:$E$1505,Readings!$B$6:$B$1505,B29),1),"") | D29: =IF(C29="","",IFERROR(SMALL(Readings!$O$6:$O$1505,COUNTIF(Readings!$O$6:$O$1505,"<"&B29*10000)+1)-B29*10000,"")) | E29: =IF(C29="","",IFERROR(LARGE(Readings!$O$6:$O$1505,COUNTIF(Readings!$O$6:$O$1505,">="&(B29+1)*10000)+1)-B29*10000,"")) | G29: =DAY(B29)&" "&CHOOSE(MONTH(B29),"Jan","Feb","Mar","Apr","May","Jun","Jul","Aug","Sep","Oct","Nov","Dec") | H29: =IF(C29="",NA(),C29) | I29: =IF(D29="",NA(),D29) | J29: =IF(E29="",NA(),E29)
B30: =(TODAY()-4) | C30: =IFERROR(ROUND(AVERAGEIFS(Readings!$E$6:$E$1505,Readings!$B$6:$B$1505,B30),1),"") | D30: =IF(C30="","",IFERROR(SMALL(Readings!$O$6:$O$1505,COUNTIF(Readings!$O$6:$O$1505,"<"&B30*10000)+1)-B30*10000,"")) | E30: =IF(C30="","",IFERROR(LARGE(Readings!$O$6:$O$1505,COUNTIF(Readings!$O$6:$O$1505,">="&(B30+1)*10000)+1)-B30*10000,"")) | G30: =DAY(B30)&" "&CHOOSE(MONTH(B30),"Jan","Feb","Mar","Apr","May","Jun","Jul","Aug","Sep","Oct","Nov","Dec") | H30: =IF(C30="",NA(),C30) | I30: =IF(D30="",NA(),D30) | J30: =IF(E30="",NA(),E30)
B31: =(TODAY()-3) | C31: =IFERROR(ROUND(AVERAGEIFS(Readings!$E$6:$E$1505,Readings!$B$6:$B$1505,B31),1),"") | D31: =IF(C31="","",IFERROR(SMALL(Readings!$O$6:$O$1505,COUNTIF(Readings!$O$6:$O$1505,"<"&B31*10000)+1)-B31*10000,"")) | E31: =IF(C31="","",IFERROR(LARGE(Readings!$O$6:$O$1505,COUNTIF(Readings!$O$6:$O$1505,">="&(B31+1)*10000)+1)-B31*10000,"")) | G31: =DAY(B31)&" "&CHOOSE(MONTH(B31),"Jan","Feb","Mar","Apr","May","Jun","Jul","Aug","Sep","Oct","Nov","Dec") | H31: =IF(C31="",NA(),C31) | I31: =IF(D31="",NA(),D31) | J31: =IF(E31="",NA(),E31)
B32: =(TODAY()-2) | C32: =IFERROR(ROUND(AVERAGEIFS(Readings!$E$6:$E$1505,Readings!$B$6:$B$1505,B32),1),"") | D32: =IF(C32="","",IFERROR(SMALL(Readings!$O$6:$O$1505,COUNTIF(Readings!$O$6:$O$1505,"<"&B32*10000)+1)-B32*10000,"")) | E32: =IF(C32="","",IFERROR(LARGE(Readings!$O$6:$O$1505,COUNTIF(Readings!$O$6:$O$1505,">="&(B32+1)*10000)+1)-B32*10000,"")) | G32: =DAY(B32)&" "&CHOOSE(MONTH(B32),"Jan","Feb","Mar","Apr","May","Jun","Jul","Aug","Sep","Oct","Nov","Dec") | H32: =IF(C32="",NA(),C32) | I32: =IF(D32="",NA(),D32) | J32: =IF(E32="",NA(),E32)
B33: =(TODAY()-1) | C33: =IFERROR(ROUND(AVERAGEIFS(Readings!$E$6:$E$1505,Readings!$B$6:$B$1505,B33),1),"") | D33: =IF(C33="","",IFERROR(SMALL(Readings!$O$6:$O$1505,COUNTIF(Readings!$O$6:$O$1505,"<"&B33*10000)+1)-B33*10000,"")) | E33: =IF(C33="","",IFERROR(LARGE(Readings!$O$6:$O$1505,COUNTIF(Readings!$O$6:$O$1505,">="&(B33+1)*10000)+1)-B33*10000,"")) | G33: =DAY(B33)&" "&CHOOSE(MONTH(B33),"Jan","Feb","Mar","Apr","May","Jun","Jul","Aug","Sep","Oct","Nov","Dec") | H33: =IF(C33="",NA(),C33) | I33: =IF(D33="",NA(),D33) | J33: =IF(E33="",NA(),E33)
B34: =(TODAY()-0) | C34: =IFERROR(ROUND(AVERAGEIFS(Readings!$E$6:$E$1505,Readings!$B$6:$B$1505,B34),1),"") | D34: =IF(C34="","",IFERROR(SMALL(Readings!$O$6:$O$1505,COUNTIF(Readings!$O$6:$O$1505,"<"&B34*10000)+1)-B34*10000,"")) | E34: =IF(C34="","",IFERROR(LARGE(Readings!$O$6:$O$1505,COUNTIF(Readings!$O$6:$O$1505,">="&(B34+1)*10000)+1)-B34*10000,"")) | G34: =DAY(B34)&" "&CHOOSE(MONTH(B34),"Jan","Feb","Mar","Apr","May","Jun","Jul","Aug","Sep","Oct","Nov","Dec") | H34: =IF(C34="",NA(),C34) | I34: =IF(D34="",NA(),D34) | J34: =IF(E34="",NA(),E34)

Sheet Readings
B2: Readings
B3: One line per reading. Each is marked against the range for its moment on the Settings tab.
B5: Date | C5: Time | D5: Moment | E5: Reading | F5: Notes | G5: Range
B6: 46249 | C6: 0.29513889 | D6: Fasting | E6: 122 | G6: =IF(OR(B6="",E6="",J6="",K6=""),"",IF(E6<J6,"Below",IF(E6>K6,"Above","In range"))) | J6: =IF(M6="","",IF(INDEX(Settings!$C$10:$C$18,M6)="","",INDEX(Settings!$C$10:$C$18,M6))) | K6: =IF(M6="","",IF(INDEX(Settings!$D$10:$D$18,M6)="","",INDEX(Settings!$D$10:$D$18,M6))) | L6: =IF(OR(B6="",E6=""),"",B6+MOD(N(C6),1)+ROW()/10000000) | M6: =IF(D6="","",IFERROR(MATCH(D6,Settings!$B$10:$B$18,0),"")) | N6: =IF(OR(B6="",E6="",M6=""),"",IF(AND(B6>=Settings!$C$6,B6<=Settings!$C$7),M6*10000+E6,"")) | O6: =IF(OR(B6="",E6=""),"",B6*10000+E6) | P6: =IF(N6="","",E6)
B7: 46249 | C7: 0.40625 | D7: After breakfast | E7: 187 | G7: =IF(OR(B7="",E7="",J7="",K7=""),"",IF(E7<J7,"Below",IF(E7>K7,"Above","In range"))) | J7: =IF(M7="","",IF(INDEX(Settings!$C$10:$C$18,M7)="","",INDEX(Settings!$C$10:$C$18,M7))) | K7: =IF(M7="","",IF(INDEX(Settings!$D$10:$D$18,M7)="","",INDEX(Settings!$D$10:$D$18,M7))) | L7: =IF(OR(B7="",E7=""),"",B7+MOD(N(C7),1)+ROW()/10000000) | M7: =IF(D7="","",IFERROR(MATCH(D7,Settings!$B$10:$B$18,0),"")) | N7: =IF(OR(B7="",E7="",M7=""),"",IF(AND(B7>=Settings!$C$6,B7<=Settings!$C$7),M7*10000+E7,"")) | O7: =IF(OR(B7="",E7=""),"",B7*10000+E7) | P7: =IF(N7="","",E7)
B8: 46249 | C8: 0.76041667 | D8: Before dinner | E8: 104 | G8: =IF(OR(B8="",E8="",J8="",K8=""),"",IF(E8<J8,"Below",IF(E8>K8,"Above","In range"))) | J8: =IF(M8="","",IF(INDEX(Settings!$C$10:$C$18,M8)="","",INDEX(Settings!$C$10:$C$18,M8))) | K8: =IF(M8="","",IF(INDEX(Settings!$D$10:$D$18,M8)="","",INDEX(Settings!$D$10:$D$18,M8))) | L8: =IF(OR(B8="",E8=""),"",B8+MOD(N(C8),1)+ROW()/10000000) | M8: =IF(D8="","",IFERROR(MATCH(D8,Settings!$B$10:$B$18,0),"")) | N8: =IF(OR(B8="",E8="",M8=""),"",IF(AND(B8>=Settings!$C$6,B8<=Settings!$C$7),M8*10000+E8,"")) | O8: =IF(OR(B8="",E8=""),"",B8*10000+E8) | P8: =IF(N8="","",E8)
B9: 46249 | C9: 0.86458333 | D9: After dinner | E9: 143 | G9: =IF(OR(B9="",E9="",J9="",K9=""),"",IF(E9<J9,"Below",IF(E9>K9,"Above","In range"))) | J9: =IF(M9="","",IF(INDEX(Settings!$C$10:$C$18,M9)="","",INDEX(Settings!$C$10:$C$18,M9))) | K9: =IF(M9="","",IF(INDEX(Settings!$D$10:$D$18,M9)="","",INDEX(Settings!$D$10:$D$18,M9))) | L9: =IF(OR(B9="",E9=""),"",B9+MOD(N(C9),1)+ROW()/10000000) | M9: =IF(D9="","",IFERROR(MATCH(D9,Settings!$B$10:$B$18,0),"")) | N9: =IF(OR(B9="",E9="",M9=""),"",IF(AND(B9>=Settings!$C$6,B9<=Settings!$C$7),M9*10000+E9,"")) | O9: =IF(OR(B9="",E9=""),"",B9*10000+E9) | P9: =IF(N9="","",E9)
B10: 46250 | C10: 0.30208333 | D10: Fasting | E10: 93 | G10: =IF(OR(B10="",E10="",J10="",K10=""),"",IF(E10<J10,"Below",IF(E10>K10,"Above","In range"))) | J10: =IF(M10="","",IF(INDEX(Settings!$C$10:$C$18,M10)="","",INDEX(Settings!$C$10:$C$18,M10))) | K10: =IF(M10="","",IF(INDEX(Settings!$D$10:$D$18,M10)="","",INDEX(Settings!$D$10:$D$18,M10))) | L10: =IF(OR(B10="",E10=""),"",B10+MOD(N(C10),1)+ROW()/10000000) | M10: =IF(D10="","",IFERROR(MATCH(D10,Settings!$B$10:$B$18,0),"")) | N10: =IF(OR(B10="",E10="",M10=""),"",IF(AND(B10>=Settings!$C$6,B10<=Settings!$C$7),M10*10000+E10,"")) | O10: =IF(OR(B10="",E10=""),"",B10*10000+E10) | P10: =IF(N10="","",E10)
B11: 46250 | C11: 0.40277778 | D11: After breakfast | E11: 153 | G11: =IF(OR(B11="",E11="",J11="",K11=""),"",IF(E11<J11,"Below",IF(E11>K11,"Above","In range"))) | J11: =IF(M11="","",IF(INDEX(Settings!$C$10:$C$18,M11)="","",INDEX(Settings!$C$10:$C$18,M11))) | K11: =IF(M11="","",IF(INDEX(Settings!$D$10:$D$18,M11)="","",INDEX(Settings!$D$10:$D$18,M11))) | L11: =IF(OR(B11="",E11=""),"",B11+MOD(N(C11),1)+ROW()/10000000) | M11: =IF(D11="","",IFERROR(MATCH(D11,Settings!$B$10:$B$18,0),"")) | N11: =IF(OR(B11="",E11="",M11=""),"",IF(AND(B11>=Settings!$C$6,B11<=Settings!$C$7),M11*10000+E11,"")) | O11: =IF(OR(B11="",E11=""),"",B11*10000+E11) | P11: =IF(N11="","",E11)
B12: 46250 | C12: 0.77083333 | D12: Before dinner | E12: 115 | G12: =IF(OR(B12="",E12="",J12="",K12=""),"",IF(E12<J12,"Below",IF(E12>K12,"Above","In range"))) | J12: =IF(M12="","",IF(INDEX(Settings!$C$10:$C$18,M12)="","",INDEX(Settings!$C$10:$C$18,M12))) | K12: =IF(M12="","",IF(INDEX(Settings!$D$10:$D$18,M12)="","",INDEX(Settings!$D$10:$D$18,M12))) | L12: =IF(OR(B12="",E12=""),"",B12+MOD(N(C12),1)+ROW()/10000000) | M12: =IF(D12="","",IFERROR(MATCH(D12,Settings!$B$10:$B$18,0),"")) | N12: =IF(OR(B12="",E12="",M12=""),"",IF(AND(B12>=Settings!$C$6,B12<=Settings!$C$7),M12*10000+E12,"")) | O12: =IF(OR(B12="",E12=""),"",B12*10000+E12) | P12: =IF(N12="","",E12)
B13: 46250 | C13: 0.9375 | D13: Bedtime | E13: 110 | G13: =IF(OR(B13="",E13="",J13="",K13=""),"",IF(E13<J13,"Below",IF(E13>K13,"Above","In range"))) | J13: =IF(M13="","",IF(INDEX(Settings!$C$10:$C$18,M13)="","",INDEX(Settings!$C$10:$C$18,M13))) | K13: =IF(M13="","",IF(INDEX(Settings!$D$10:$D$18,M13)="","",INDEX(Settings!$D$10:$D$18,M13))) | L13: =IF(OR(B13="",E13=""),"",B13+MOD(N(C13),1)+ROW()/10000000) | M13: =IF(D13="","",IFERROR(MATCH(D13,Settings!$B$10:$B$18,0),"")) | N13: =IF(OR(B13="",E13="",M13=""),"",IF(AND(B13>=Settings!$C$6,B13<=Settings!$C$7),M13*10000+E13,"")) | O13: =IF(OR(B13="",E13=""),"",B13*10000+E13) | P13: =IF(N13="","",E13)
B14: 46251 | C14: 0.30208333 | D14: Fasting | E14: 119 | G14: =IF(OR(B14="",E14="",J14="",K14=""),"",IF(E14<J14,"Below",IF(E14>K14,"Above","In range"))) | J14: =IF(M14="","",IF(INDEX(Settings!$C$10:$C$18,M14)="","",INDEX(Settings!$C$10:$C$18,M14))) | K14: =IF(M14="","",IF(INDEX(Settings!$D$10:$D$18,M14)="","",INDEX(Settings!$D$10:$D$18,M14))) | L14: =IF(OR(B14="",E14=""),"",B14+MOD(N(C14),1)+ROW()/10000000) | M14: =IF(D14="","",IFERROR(MATCH(D14,Settings!$B$10:$B$18,0),"")) | N14: =IF(OR(B14="",E14="",M14=""),"",IF(AND(B14>=Settings!$C$6,B14<=Settings!$C$7),M14*10000+E14,"")) | O14: =IF(OR(B14="",E14=""),"",B14*10000+E14) | P14: =IF(N14="","",E14)
B15: 46251 | C15: 0.40277778 | D15: After breakfast | E15: 163 | G15: =IF(OR(B15="",E15="",J15="",K15=""),"",IF(E15<J15,"Below",IF(E15>K15,"Above","In range"))) | J15: =IF(M15="","",IF(INDEX(Settings!$C$10:$C$18,M15)="","",INDEX(Settings!$C$10:$C$18,M15))) | K15: =IF(M15="","",IF(INDEX(Settings!$D$10:$D$18,M15)="","",INDEX(Settings!$D$10:$D$18,M15))) | L15: =IF(OR(B15="",E15=""),"",B15+MOD(N(C15),1)+ROW()/10000000) | M15: =IF(D15="","",IFERROR(MATCH(D15,Settings!$B$10:$B$18,0),"")) | N15: =IF(OR(B15="",E15="",M15=""),"",IF(AND(B15>=Settings!$C$6,B15<=Settings!$C$7),M15*10000+E15,"")) | O15: =IF(OR(B15="",E15=""),"",B15*10000+E15) | P15: =IF(N15="","",E15)
B16: 46252 | C16: 0.29861111 | D16: Fasting | E16: 118 | F16: Walked 30 min after lunch | G16: =IF(OR(B16="",E16="",J16="",K16=""),"",IF(E16<J16,"Below",IF(E16>K16,"Above","In range"))) | J16: =IF(M16="","",IF(INDEX(Settings!$C$10:$C$18,M16)="","",INDEX(Settings!$C$10:$C$18,M16))) | K16: =IF(M16="","",IF(INDEX(Settings!$D$10:$D$18,M16)="","",INDEX(Settings!$D$10:$D$18,M16))) | L16: =IF(OR(B16="",E16=""),"",B16+MOD(N(C16),1)+ROW()/10000000) | M16: =IF(D16="","",IFERROR(MATCH(D16,Settings!$B$10:$B$18,0),"")) | N16: =IF(OR(B16="",E16="",M16=""),"",IF(AND(B16>=Settings!$C$6,B16<=Settings!$C$7),M16*10000+E16,"")) | O16: =IF(OR(B16="",E16=""),"",B16*10000+E16) | P16: =IF(N16="","",E16)
B17: 46252 | C17: 0.39583333 | D17: After breakfast | E17: 132 | G17: =IF(OR(B17="",E17="",J17="",K17=""),"",IF(E17<J17,"Below",IF(E17>K17,"Above","In range"))) | J17: =IF(M17="","",IF(INDEX(Settings!$C$10:$C$18,M17)="","",INDEX(Settings!$C$10:$C$18,M17))) | K17: =IF(M17="","",IF(INDEX(Settings!$D$10:$D$18,M17)="","",INDEX(Settings!$D$10:$D$18,M17))) | L17: =IF(OR(B17="",E17=""),"",B17+MOD(N(C17),1)+ROW()/10000000) | M17: =IF(D17="","",IFERROR(MATCH(D17,Settings!$B$10:$B$18,0),"")) | N17: =IF(OR(B17="",E17="",M17=""),"",IF(AND(B17>=Settings!$C$6,B17<=Settings!$C$7),M17*10000+E17,"")) | O17: =IF(OR(B17="",E17=""),"",B17*10000+E17) | P17: =IF(N17="","",E17)
B18: 46252 | C18: 0.85416667 | D18: After dinner | E18: 154 | G18: =IF(OR(B18="",E18="",J18="",K18=""),"",IF(E18<J18,"Below",IF(E18>K18,"Above","In range"))) | J18: =IF(M18="","",IF(INDEX(Settings!$C$10:$C$18,M18)="","",INDEX(Settings!$C$10:$C$18,M18))) | K18: =IF(M18="","",IF(INDEX(Settings!$D$10:$D$18,M18)="","",INDEX(Settings!$D$10:$D$18,M18))) | L18: =IF(OR(B18="",E18=""),"",B18+MOD(N(C18),1)+ROW()/10000000) | M18: =IF(D18="","",IFERROR(MATCH(D18,Settings!$B$10:$B$18,0),"")) | N18: =IF(OR(B18="",E18="",M18=""),"",IF(AND(B18>=Settings!$C$6,B18<=Settings!$C$7),M18*10000+E18,"")) | O18: =IF(OR(B18="",E18=""),"",B18*10000+E18) | P18: =IF(N18="","",E18)
B19: 46252 | C19: 0.9375 | D19: Bedtime | E19: 150 | G19: =IF(OR(B19="",E19="",J19="",K19=""),"",IF(E19<J19,"Below",IF(E19>K19,"Above","In range"))) | J19: =IF(M19="","",IF(INDEX(Settings!$C$10:$C$18,M19)="","",INDEX(Settings!$C$10:$C$18,M19))) | K19: =IF(M19="","",IF(INDEX(Settings!$D$10:$D$18,M19)="","",INDEX(Settings!$D$10:$D$18,M19))) | L19: =IF(OR(B19="",E19=""),"",B19+MOD(N(C19),1)+ROW()/10000000) | M19: =IF(D19="","",IFERROR(MATCH(D19,Settings!$B$10:$B$18,0),"")) | N19: =IF(OR(B19="",E19="",M19=""),"",IF(AND(B19>=Settings!$C$6,B19<=Settings!$C$7),M19*10000+E19,"")) | O19: =IF(OR(B19="",E19=""),"",B19*10000+E19) | P19: =IF(N19="","",E19)
B20: 46253 | C20: 0.29861111 | D20: Fasting | E20: 106 | G20: =IF(OR(B20="",E20="",J20="",K20=""),"",IF(E20<J20,"Below",IF(E20>K20,"Above","In range"))) | J20: =IF(M20="","",IF(INDEX(Settings!$C$10:$C$18,M20)="","",INDEX(Settings!$C$10:$C$18,M20))) | K20: =IF(M20="","",IF(INDEX(Settings!$D$10:$D$18,M20)="","",INDEX(Settings!$D$10:$D$18,M20))) | L20: =IF(OR(B20="",E20=""),"",B20+MOD(N(C20),1)+ROW()/10000000) | M20: =IF(D20="","",IFERROR(MATCH(D20,Settings!$B$10:$B$18,0),"")) | N20: =IF(OR(B20="",E20="",M20=""),"",IF(AND(B20>=Settings!$C$6,B20<=Settings!$C$7),M20*10000+E20,"")) | O20: =IF(OR(B20="",E20=""),"",B20*10000+E20) | P20: =IF(N20="","",E20)
B21: 46253 | C21: 0.40625 | D21: After breakfast | E21: 181 | G21: =IF(OR(B21="",E21="",J21="",K21=""),"",IF(E21<J21,"Below",IF(E21>K21,"Above","In range"))) | J21: =IF(M21="","",IF(INDEX(Settings!$C$10:$C$18,M21)="","",INDEX(Settings!$C$10:$C$18,M21))) | K21: =IF(M21="","",IF(INDEX(Settings!$D$10:$D$18,M21)="","",INDEX(Settings!$D$10:$D$18,M21))) | L21: =IF(OR(B21="",E21=""),"",B21+MOD(N(C21),1)+ROW()/10000000) | M21: =IF(D21="","",IFERROR(MATCH(D21,Settings!$B$10:$B$18,0),"")) | N21: =IF(OR(B21="",E21="",M21=""),"",IF(AND(B21>=Settings!$C$6,B21<=Settings!$C$7),M21*10000+E21,"")) | O21: =IF(OR(B21="",E21=""),"",B21*10000+E21) | P21: =IF(N21="","",E21)
B22: 46253 | C22: 0.75 | D22: Before dinner | E22: 105 | G22: =IF(OR(B22="",E22="",J22="",K22=""),"",IF(E22<J22,"Below",IF(E22>K22,"Above","In range"))) | J22: =IF(M22="","",IF(INDEX(Settings!$C$10:$C$18,M22)="","",INDEX(Settings!$C$10:$C$18,M22))) | K22: =IF(M22="","",IF(INDEX(Settings!$D$10:$D$18,M22)="","",INDEX(Settings!$D$10:$D$18,M22))) | L22: =IF(OR(B22="",E22=""),"",B22+MOD(N(C22),1)+ROW()/10000000) | M22: =IF(D22="","",IFERROR(MATCH(D22,Settings!$B$10:$B$18,0),"")) | N22: =IF(OR(B22="",E22="",M22=""),"",IF(AND(B22>=Settings!$C$6,B22<=Settings!$C$7),M22*10000+E22,"")) | O22: =IF(OR(B22="",E22=""),"",B22*10000+E22) | P22: =IF(N22="","",E22)
B23: 46254 | C23: 0.29166667 | D23: Fasting | E23: 96 | G23: =IF(OR(B23="",E23="",J23="",K23=""),"",IF(E23<J23,"Below",IF(E23>K23,"Above","In range"))) | J23: =IF(M23="","",IF(INDEX(Settings!$C$10:$C$18,M23)="","",INDEX(Settings!$C$10:$C$18,M23))) | K23: =IF(M23="","",IF(INDEX(Settings!$D$10:$D$18,M23)="","",INDEX(Settings!$D$10:$D$18,M23))) | L23: =IF(OR(B23="",E23=""),"",B23+MOD(N(C23),1)+ROW()/10000000) | M23: =IF(D23="","",IFERROR(MATCH(D23,Settings!$B$10:$B$18,0),"")) | N23: =IF(OR(B23="",E23="",M23=""),"",IF(AND(B23>=Settings!$C$6,B23<=Settings!$C$7),M23*10000+E23,"")) | O23: =IF(OR(B23="",E23=""),"",B23*10000+E23) | P23: =IF(N23="","",E23)
B24: 46254 | C24: 0.39583333 | D24: After breakfast | E24: 180 | G24: =IF(OR(B24="",E24="",J24="",K24=""),"",IF(E24<J24,"Below",IF(E24>K24,"Above","In range"))) | J24: =IF(M24="","",IF(INDEX(Settings!$C$10:$C$18,M24)="","",INDEX(Settings!$C$10:$C$18,M24))) | K24: =IF(M24="","",IF(INDEX(Settings!$D$10:$D$18,M24)="","",INDEX(Settings!$D$10:$D$18,M24))) | L24: =IF(OR(B24="",E24=""),"",B24+MOD(N(C24),1)+ROW()/10000000) | M24: =IF(D24="","",IFERROR(MATCH(D24,Settings!$B$10:$B$18,0),"")) | N24: =IF(OR(B24="",E24="",M24=""),"",IF(AND(B24>=Settings!$C$6,B24<=Settings!$C$7),M24*10000+E24,"")) | O24: =IF(OR(B24="",E24=""),"",B24*10000+E24) | P24: =IF(N24="","",E24)
B25: 46254 | C25: 0.76041667 | D25: Before dinner | E25: 100 | G25: =IF(OR(B25="",E25="",J25="",K25=""),"",IF(E25<J25,"Below",IF(E25>K25,"Above","In range"))) | J25: =IF(M25="","",IF(INDEX(Settings!$C$10:$C$18,M25)="","",INDEX(Settings!$C$10:$C$18,M25))) | K25: =IF(M25="","",IF(INDEX(Settings!$D$10:$D$18,M25)="","",INDEX(Settings!$D$10:$D$18,M25))) | L25: =IF(OR(B25="",E25=""),"",B25+MOD(N(C25),1)+ROW()/10000000) | M25: =IF(D25="","",IFERROR(MATCH(D25,Settings!$B$10:$B$18,0),"")) | N25: =IF(OR(B25="",E25="",M25=""),"",IF(AND(B25>=Settings!$C$6,B25<=Settings!$C$7),M25*10000+E25,"")) | O25: =IF(OR(B25="",E25=""),"",B25*10000+E25) | P25: =IF(N25="","",E25)
B26: 46254 | C26: 0.85416667 | D26: After dinner | E26: 137 | G26: =IF(OR(B26="",E26="",J26="",K26=""),"",IF(E26<J26,"Below",IF(E26>K26,"Above","In range"))) | J26: =IF(M26="","",IF(INDEX(Settings!$C$10:$C$18,M26)="","",INDEX(Settings!$C$10:$C$18,M26))) | K26: =IF(M26="","",IF(INDEX(Settings!$D$10:$D$18,M26)="","",INDEX(Settings!$D$10:$D$18,M26))) | L26: =IF(OR(B26="",E26=""),"",B26+MOD(N(C26),1)+ROW()/10000000) | M26: =IF(D26="","",IFERROR(MATCH(D26,Settings!$B$10:$B$18,0),"")) | N26: =IF(OR(B26="",E26="",M26=""),"",IF(AND(B26>=Settings!$C$6,B26<=Settings!$C$7),M26*10000+E26,"")) | O26: =IF(OR(B26="",E26=""),"",B26*10000+E26) | P26: =IF(N26="","",E26)
B27: 46254 | C27: 0.92708333 | D27: Bedtime | E27: 150 | G27: =IF(OR(B27="",E27="",J27="",K27=""),"",IF(E27<J27,"Below",IF(E27>K27,"Above","In range"))) | J27: =IF(M27="","",IF(INDEX(Settings!$C$10:$C$18,M27)="","",INDEX(Settings!$C$10:$C$18,M27))) | K27: =IF(M27="","",IF(INDEX(Settings!$D$10:$D$18,M27)="","",INDEX(Settings!$D$10:$D$18,M27))) | L27: =IF(OR(B27="",E27=""),"",B27+MOD(N(C27),1)+ROW()/10000000) | M27: =IF(D27="","",IFERROR(MATCH(D27,Settings!$B$10:$B$18,0),"")) | N27: =IF(OR(B27="",E27="",M27=""),"",IF(AND(B27>=Settings!$C$6,B27<=Settings!$C$7),M27*10000+E27,"")) | O27: =IF(OR(B27="",E27=""),"",B27*10000+E27) | P27: =IF(N27="","",E27)
B28: 46255 | C28: 0.29861111 | D28: Fasting | E28: 102 | G28: =IF(OR(B28="",E28="",J28="",K28=""),"",IF(E28<J28,"Below",IF(E28>K28,"Above","In range"))) | J28: =IF(M28="","",IF(INDEX(Settings!$C$10:$C$18,M28)="","",INDEX(Settings!$C$10:$C$18,M28))) | K28: =IF(M28="","",IF(INDEX(Settings!$D$10:$D$18,M28)="","",INDEX(Settings!$D$10:$D$18,M28))) | L28: =IF(OR(B28="",E28=""),"",B28+MOD(N(C28),1)+ROW()/10000000) | M28: =IF(D28="","",IFERROR(MATCH(D28,Settings!$B$10:$B$18,0),"")) | N28: =IF(OR(B28="",E28="",M28=""),"",IF(AND(B28>=Settings!$C$6,B28<=Settings!$C$7),M28*10000+E28,"")) | O28: =IF(OR(B28="",E28=""),"",B28*10000+E28) | P28: =IF(N28="","",E28)
... B38: 46258 | C38: 0.40277778 | D38: After breakfast | E38: 180 | G38: =IF(OR(B38="",E38="",J38="",K38=""),"",IF(E38<J38,"Below",IF(E38>K38,"Above","In range"))) | J38: =IF(M38="","",IF(INDEX(Settings!$C$10:$C$18,M38)="","",INDEX(Settings!$C$10:$C$18,M38))) | K38: =IF(M38="","",IF(INDEX(Settings!$D$10:$D$18,M38)="","",INDEX(Settings!$D$10:$D$18,M38))) | L38: =IF(OR(B38="",E38=""),"",B38+MOD(N(C38),1)+ROW()/10000000) | M38: =IF(D38="","",IFERROR(MATCH(D38,Settings!$B$10:$B$18,0),"")) | N38: =IF(OR(B38="",E38="",M38=""),"",IF(AND(B38>=Settings!$C$6,B38<=Settings!$C$7),M38*10000+E38,"")) | O38: =IF(OR(B38="",E38=""),"",B38*10000+E38) | P38: =IF(N38="","",E38)
B39: 46258 | C39: 0.77083333 | D39: Before dinner | E39: 118 | F39: Pasta for dinner | G39: =IF(OR(B39="",E39="",J39="",K39=""),"",IF(E39<J39,"Below",IF(E39>K39,"Above","In range"))) | J39: =IF(M39="","",IF(INDEX(Settings!$C$10:$C$18,M39)="","",INDEX(Settings!$C$10:$C$18,M39))) | K39: =IF(M39="","",IF(INDEX(Settings!$D$10:$D$18,M39)="","",INDEX(Settings!$D$10:$D$18,M39))) | L39: =IF(OR(B39="",E39=""),"",B39+MOD(N(C39),1)+ROW()/10000000) | M39: =IF(D39="","",IFERROR(MATCH(D39,Settings!$B$10:$B$18,0),"")) | N39: =IF(OR(B39="",E39="",M39=""),"",IF(AND(B39>=Settings!$C$6,B39<=Settings!$C$7),M39*10000+E39,"")) | O39: =IF(OR(B39="",E39=""),"",B39*10000+E39) | P39: =IF(N39="","",E39)
B40: 46259 | C40: 0.29861111 | D40: Fasting | E40: 122 | G40: =IF(OR(B40="",E40="",J40="",K40=""),"",IF(E40<J40,"Below",IF(E40>K40,"Above","In range"))) | J40: =IF(M40="","",IF(INDEX(Settings!$C$10:$C$18,M40)="","",INDEX(Settings!$C$10:$C$18,M40))) | K40: =IF(M40="","",IF(INDEX(Settings!$D$10:$D$18,M40)="","",INDEX(Settings!$D$10:$D$18,M40))) | L40: =IF(OR(B40="",E40=""),"",B40+MOD(N(C40),1)+ROW()/10000000) | M40: =IF(D40="","",IFERROR(MATCH(D40,Settings!$B$10:$B$18,0),"")) | N40: =IF(OR(B40="",E40="",M40=""),"",IF(AND(B40>=Settings!$C$6,B40<=Settings!$C$7),M40*10000+E40,"")) | O40: =IF(OR(B40="",E40=""),"",B40*10000+E40) | P40: =IF(N40="","",E40)
B41: 46259 | C41: 0.39583333 | D41: After breakfast | E41: 151 | G41: =IF(OR(B41="",E41="",J41="",K41=""),"",IF(E41<J41,"Below",IF(E41>K41,"Above","In range"))) | J41: =IF(M41="","",IF(INDEX(Settings!$C$10:$C$18,M41)="","",INDEX(Settings!$C$10:$C$18,M41))) | K41: =IF(M41="","",IF(INDEX(Settings!$D$10:$D$18,M41)="","",INDEX(Settings!$D$10:$D$18,M41))) | L41: =IF(OR(B41="",E41=""),"",B41+MOD(N(C41),1)+ROW()/10000000) | M41: =IF(D41="","",IFERROR(MATCH(D41,Settings!$B$10:$B$18,0),"")) | N41: =IF(OR(B41="",E41="",M41=""),"",IF(AND(B41>=Settings!$C$6,B41<=Settings!$C$7),M41*10000+E41,"")) | O41: =IF(OR(B41="",E41=""),"",B41*10000+E41) | P41: =IF(N41="","",E41)
B42: 46259 | C42: 0.75 | D42: Before dinner | E42: 114 | G42: =IF(OR(B42="",E42="",J42="",K42=""),"",IF(E42<J42,"Below",IF(E42>K42,"Above","In range"))) | J42: =IF(M42="","",IF(INDEX(Settings!$C$10:$C$18,M42)="","",INDEX(Settings!$C$10:$C$18,M42))) | K42: =IF(M42="","",IF(INDEX(Settings!$D$10:$D$18,M42)="","",INDEX(Settings!$D$10:$D$18,M42))) | L42: =IF(OR(B42="",E42=""),"",B42+MOD(N(C42),1)+ROW()/10000000) | M42: =IF(D42="","",IFERROR(MATCH(D42,Settings!$B$10:$B$18,0),"")) | N42: =IF(OR(B42="",E42="",M42=""),"",IF(AND(B42>=Settings!$C$6,B42<=Settings!$C$7),M42*10000+E42,"")) | O42: =IF(OR(B42="",E42=""),"",B42*10000+E42) | P42: =IF(N42="","",E42)
B43: 46259 | C43: 0.9375 | D43: Bedtime | E43: 125 | G43: =IF(OR(B43="",E43="",J43="",K43=""),"",IF(E43<J43,"Below",IF(E43>K43,"Above","In range"))) | J43: =IF(M43="","",IF(INDEX(Settings!$C$10:$C$18,M43)="","",INDEX(Settings!$C$10:$C$18,M43))) | K43: =IF(M43="","",IF(INDEX(Settings!$D$10:$D$18,M43)="","",INDEX(Settings!$D$10:$D$18,M43))) | L43: =IF(OR(B43="",E43=""),"",B43+MOD(N(C43),1)+ROW()/10000000) | M43: =IF(D43="","",IFERROR(MATCH(D43,Settings!$B$10:$B$18,0),"")) | N43: =IF(OR(B43="",E43="",M43=""),"",IF(AND(B43>=Settings!$C$6,B43<=Settings!$C$7),M43*10000+E43,"")) | O43: =IF(OR(B43="",E43=""),"",B43*10000+E43) | P43: =IF(N43="","",E43)
B44: 46260 | C44: 0.30208333 | D44: Fasting | E44: 116 | G44: =IF(OR(B44="",E44="",J44="",K44=""),"",IF(E44<J44,"Below",IF(E44>K44,"Above","In range"))) | J44: =IF(M44="","",IF(INDEX(Settings!$C$10:$C$18,M44)="","",INDEX(Settings!$C$10:$C$18,M44))) | K44: =IF(M44="","",IF(INDEX(Settings!$D$10:$D$18,M44)="","",INDEX(Settings!$D$10:$D$18,M44))) | L44: =IF(OR(B44="",E44=""),"",B44+MOD(N(C44),1)+ROW()/10000000) | M44: =IF(D44="","",IFERROR(MATCH(D44,Settings!$B$10:$B$18,0),"")) | N44: =IF(OR(B44="",E44="",M44=""),"",IF(AND(B44>=Settings!$C$6,B44<=Settings!$C$7),M44*10000+E44,"")) | O44: =IF(OR(B44="",E44=""),"",B44*10000+E44) | P44: =IF(N44="","",E44)
B45: 46260 | C45: 0.40277778 | D45: After breakfast | E45: 129 | G45: =IF(OR(B45="",E45="",J45="",K45=""),"",IF(E45<J45,"Below",IF(E45>K45,"Above","In range"))) | J45: =IF(M45="","",IF(INDEX(Settings!$C$10:$C$18,M45)="","",INDEX(Settings!$C$10:$C$18,M45))) | K45: =IF(M45="","",IF(INDEX(Settings!$D$10:$D$18,M45)="","",INDEX(Settings!$D$10:$D$18,M45))) | L45: =IF(OR(B45="",E45=""),"",B45+MOD(N(C45),1)+ROW()/10000000) | M45: =IF(D45="","",IFERROR(MATCH(D45,Settings!$B$10:$B$18,0),"")) | N45: =IF(OR(B45="",E45="",M45=""),"",IF(AND(B45>=Settings!$C$6,B45<=Settings!$C$7),M45*10000+E45,"")) | O45: =IF(OR(B45="",E45=""),"",B45*10000+E45) | P45: =IF(N45="","",E45)
B46: 46260 | C46: 0.86458333 | D46: After dinner | E46: 113 | G46: =IF(OR(B46="",E46="",J46="",K46=""),"",IF(E46<J46,"Below",IF(E46>K46,"Above","In range"))) | J46: =IF(M46="","",IF(INDEX(Settings!$C$10:$C$18,M46)="","",INDEX(Settings!$C$10:$C$18,M46))) | K46: =IF(M46="","",IF(INDEX(Settings!$D$10:$D$18,M46)="","",INDEX(Settings!$D$10:$D$18,M46))) | L46: =IF(OR(B46="",E46=""),"",B46+MOD(N(C46),1)+ROW()/10000000) | M46: =IF(D46="","",IFERROR(MATCH(D46,Settings!$B$10:$B$18,0),"")) | N46: =IF(OR(B46="",E46="",M46=""),"",IF(AND(B46>=Settings!$C$6,B46<=Settings!$C$7),M46*10000+E46,"")) | O46: =IF(OR(B46="",E46=""),"",B46*10000+E46) | P46: =IF(N46="","",E46)
B47: 46261 | C47: 0.29166667 | D47: Fasting | E47: 114 | G47: =IF(OR(B47="",E47="",J47="",K47=""),"",IF(E47<J47,"Below",IF(E47>K47,"Above","In range"))) | J47: =IF(M47="","",IF(INDEX(Settings!$C$10:$C$18,M47)="","",INDEX(Settings!$C$10:$C$18,M47))) | K47: =IF(M47="","",IF(INDEX(Settings!$D$10:$D$18,M47)="","",INDEX(Settings!$D$10:$D$18,M47))) | L47: =IF(OR(B47="",E47=""),"",B47+MOD(N(C47),1)+ROW()/10000000) | M47: =IF(D47="","",IFERROR(MATCH(D47,Settings!$B$10:$B$18,0),"")) | N47: =IF(OR(B47="",E47="",M47=""),"",IF(AND(B47>=Settings!$C$6,B47<=Settings!$C$7),M47*10000+E47,"")) | O47: =IF(OR(B47="",E47=""),"",B47*10000+E47) | P47: =IF(N47="","",E47)
B48: 46261 | C48: 0.39583333 | D48: After breakfast | E48: 163 | G48: =IF(OR(B48="",E48="",J48="",K48=""),"",IF(E48<J48,"Below",IF(E48>K48,"Above","In range"))) | J48: =IF(M48="","",IF(INDEX(Settings!$C$10:$C$18,M48)="","",INDEX(Settings!$C$10:$C$18,M48))) | K48: =IF(M48="","",IF(INDEX(Settings!$D$10:$D$18,M48)="","",INDEX(Settings!$D$10:$D$18,M48))) | L48: =IF(OR(B48="",E48=""),"",B48+MOD(N(C48),1)+ROW()/10000000) | M48: =IF(D48="","",IFERROR(MATCH(D48,Settings!$B$10:$B$18,0),"")) | N48: =IF(OR(B48="",E48="",M48=""),"",IF(AND(B48>=Settings!$C$6,B48<=Settings!$C$7),M48*10000+E48,"")) | O48: =IF(OR(B48="",E48=""),"",B48*10000+E48) | P48: =IF(N48="","",E48)
B49: 46261 | C49: 0.76041667 | D49: Before dinner | E49: 125 | G49: =IF(OR(B49="",E49="",J49="",K49=""),"",IF(E49<J49,"Below",IF(E49>K49,"Above","In range"))) | J49: =IF(M49="","",IF(INDEX(Settings!$C$10:$C$18,M49)="","",INDEX(Settings!$C$10:$C$18,M49))) | K49: =IF(M49="","",IF(INDEX(Settings!$D$10:$D$18,M49)="","",INDEX(Settings!$D$10:$D$18,M49))) | L49: =IF(OR(B49="",E49=""),"",B49+MOD(N(C49),1)+ROW()/10000000) | M49: =IF(D49="","",IFERROR(MATCH(D49,Settings!$B$10:$B$18,0),"")) | N49: =IF(OR(B49="",E49="",M49=""),"",IF(AND(B49>=Settings!$C$6,B49<=Settings!$C$7),M49*10000+E49,"")) | O49: =IF(OR(B49="",E49=""),"",B49*10000+E49) | P49: =IF(N49="","",E49)
B50: 46261 | C50: 0.92708333 | D50: Bedtime | E50: 143 | G50: =IF(OR(B50="",E50="",J50="",K50=""),"",IF(E50<J50,"Below",IF(E50>K50,"Above","In range"))) | J50: =IF(M50="","",IF(INDEX(Settings!$C$10:$C$18,M50)="","",INDEX(Settings!$C$10:$C$18,M50))) | K50: =IF(M50="","",IF(INDEX(Settings!$D$10:$D$18,M50)="","",INDEX(Settings!$D$10:$D$18,M50))) | L50: =IF(OR(B50="",E50=""),"",B50+MOD(N(C50),1)+ROW()/10000000) | M50: =IF(D50="","",IFERROR(MATCH(D50,Settings!$B$10:$B$18,0),"")) | N50: =IF(OR(B50="",E50="",M50=""),"",IF(AND(B50>=Settings!$C$6,B50<=Settings!$C$7),M50*10000+E50,"")) | O50: =IF(OR(B50="",E50=""),"",B50*10000+E50) | P50: =IF(N50="","",E50)
B51: 46262 | C51: 0.29166667 | D51: Fasting | E51: 115 | G51: =IF(OR(B51="",E51="",J51="",K51=""),"",IF(E51<J51,"Below",IF(E51>K51,"Above","In range"))) | J51: =IF(M51="","",IF(INDEX(Settings!$C$10:$C$18,M51)="","",INDEX(Settings!$C$10:$C$18,M51))) | K51: =IF(M51="","",IF(INDEX(Settings!$D$10:$D$18,M51)="","",INDEX(Settings!$D$10:$D$18,M51))) | L51: =IF(OR(B51="",E51=""),"",B51+MOD(N(C51),1)+ROW()/10000000) | M51: =IF(D51="","",IFERROR(MATCH(D51,Settings!$B$10:$B$18,0),"")) | N51: =IF(OR(B51="",E51="",M51=""),"",IF(AND(B51>=Settings!$C$6,B51<=Settings!$C$7),M51*10000+E51,"")) | O51: =IF(OR(B51="",E51=""),"",B51*10000+E51) | P51: =IF(N51="","",E51)
... B58: 46263 | C58: 0.92708333 | D58: Bedtime | E58: 151 | G58: =IF(OR(B58="",E58="",J58="",K58=""),"",IF(E58<J58,"Below",IF(E58>K58,"Above","In range"))) | J58: =IF(M58="","",IF(INDEX(Settings!$C$10:$C$18,M58)="","",INDEX(Settings!$C$10:$C$18,M58))) | K58: =IF(M58="","",IF(INDEX(Settings!$D$10:$D$18,M58)="","",INDEX(Settings!$D$10:$D$18,M58))) | L58: =IF(OR(B58="",E58=""),"",B58+MOD(N(C58),1)+ROW()/10000000) | M58: =IF(D58="","",IFERROR(MATCH(D58,Settings!$B$10:$B$18,0),"")) | N58: =IF(OR(B58="",E58="",M58=""),"",IF(AND(B58>=Settings!$C$6,B58<=Settings!$C$7),M58*10000+E58,"")) | O58: =IF(OR(B58="",E58=""),"",B58*10000+E58) | P58: =IF(N58="","",E58)
B59: 46264 | C59: 0.29861111 | D59: Fasting | E59: 66 | F59: Felt shaky, had juice | G59: =IF(OR(B59="",E59="",J59="",K59=""),"",IF(E59<J59,"Below",IF(E59>K59,"Above","In range"))) | J59: =IF(M59="","",IF(INDEX(Settings!$C$10:$C$18,M59)="","",INDEX(Settings!$C$10:$C$18,M59))) | K59: =IF(M59="","",IF(INDEX(Settings!$D$10:$D$18,M59)="","",INDEX(Settings!$D$10:$D$18,M59))) | L59: =IF(OR(B59="",E59=""),"",B59+MOD(N(C59),1)+ROW()/10000000) | M59: =IF(D59="","",IFERROR(MATCH(D59,Settings!$B$10:$B$18,0),"")) | N59: =IF(OR(B59="",E59="",M59=""),"",IF(AND(B59>=Settings!$C$6,B59<=Settings!$C$7),M59*10000+E59,"")) | O59: =IF(OR(B59="",E59=""),"",B59*10000+E59) | P59: =IF(N59="","",E59)
B60: 46264 | C60: 0.39583333 | D60: After breakfast | E60: 140 | G60: =IF(OR(B60="",E60="",J60="",K60=""),"",IF(E60<J60,"Below",IF(E60>K60,"Above","In range"))) | J60: =IF(M60="","",IF(INDEX(Settings!$C$10:$C$18,M60)="","",INDEX(Settings!$C$10:$C$18,M60))) | K60: =IF(M60="","",IF(INDEX(Settings!$D$10:$D$18,M60)="","",INDEX(Settings!$D$10:$D$18,M60))) | L60: =IF(OR(B60="",E60=""),"",B60+MOD(N(C60),1)+ROW()/10000000) | M60: =IF(D60="","",IFERROR(MATCH(D60,Settings!$B$10:$B$18,0),"")) | N60: =IF(OR(B60="",E60="",M60=""),"",IF(AND(B60>=Settings!$C$6,B60<=Settings!$C$7),M60*10000+E60,"")) | O60: =IF(OR(B60="",E60=""),"",B60*10000+E60) | P60: =IF(N60="","",E60)
B61: 46264 | C61: 0.92708333 | D61: Bedtime | E61: 138 | G61: =IF(OR(B61="",E61="",J61="",K61=""),"",IF(E61<J61,"Below",IF(E61>K61,"Above","In range"))) | J61: =IF(M61="","",IF(INDEX(Settings!$C$10:$C$18,M61)="","",INDEX(Settings!$C$10:$C$18,M61))) | K61: =IF(M61="","",IF(INDEX(Settings!$D$10:$D$18,M61)="","",INDEX(Settings!$D$10:$D$18,M61))) | L61: =IF(OR(B61="",E61=""),"",B61+MOD(N(C61),1)+ROW()/10000000) | M61: =IF(D61="","",IFERROR(MATCH(D61,Settings!$B$10:$B$18,0),"")) | N61: =IF(OR(B61="",E61="",M61=""),"",IF(AND(B61>=Settings!$C$6,B61<=Settings!$C$7),M61*10000+E61,"")) | O61: =IF(OR(B61="",E61=""),"",B61*10000+E61) | P61: =IF(N61="","",E61)
B62: 46265 | C62: 0.29861111 | D62: Fasting | E62: 113 | G62: =IF(OR(B62="",E62="",J62="",K62=""),"",IF(E62<J62,"Below",IF(E62>K62,"Above","In range"))) | J62: =IF(M62="","",IF(INDEX(Settings!$C$10:$C$18,M62)="","",INDEX(Settings!$C$10:$C$18,M62))) | K62: =IF(M62="","",IF(INDEX(Settings!$D$10:$D$18,M62)="","",INDEX(Settings!$D$10:$D$18,M62))) | L62: =IF(OR(B62="",E62=""),"",B62+MOD(N(C62),1)+ROW()/10000000) | M62: =IF(D62="","",IFERROR(MATCH(D62,Settings!$B$10:$B$18,0),"")) | N62: =IF(OR(B62="",E62="",M62=""),"",IF(AND(B62>=Settings!$C$6,B62<=Settings!$C$7),M62*10000+E62,"")) | O62: =IF(OR(B62="",E62=""),"",B62*10000+E62) | P62: =IF(N62="","",E62)
B63: 46265 | C63: 0.40277778 | D63: After breakfast | E63: 202 | G63: =IF(OR(B63="",E63="",J63="",K63=""),"",IF(E63<J63,"Below",IF(E63>K63,"Above","In range"))) | J63: =IF(M63="","",IF(INDEX(Settings!$C$10:$C$18,M63)="","",INDEX(Settings!$C$10:$C$18,M63))) | K63: =IF(M63="","",IF(INDEX(Settings!$D$10:$D$18,M63)="","",INDEX(Settings!$D$10:$D$18,M63))) | L63: =IF(OR(B63="",E63=""),"",B63+MOD(N(C63),1)+ROW()/10000000) | M63: =IF(D63="","",IFERROR(MATCH(D63,Settings!$B$10:$B$18,0),"")) | N63: =IF(OR(B63="",E63="",M63=""),"",IF(AND(B63>=Settings!$C$6,B63<=Settings!$C$7),M63*10000+E63,"")) | O63: =IF(OR(B63="",E63=""),"",B63*10000+E63) | P63: =IF(N63="","",E63)
B64: 46265 | C64: 0.77083333 | D64: Before dinner | E64: 90 | G64: =IF(OR(B64="",E64="",J64="",K64=""),"",IF(E64<J64,"Below",IF(E64>K64,"Above","In range"))) | J64: =IF(M64="","",IF(INDEX(Settings!$C$10:$C$18,M64)="","",INDEX(Settings!$C$10:$C$18,M64))) | K64: =IF(M64="","",IF(INDEX(Settings!$D$10:$D$18,M64)="","",INDEX(Settings!$D$10:$D$18,M64))) | L64: =IF(OR(B64="",E64=""),"",B64+MOD(N(C64),1)+ROW()/10000000) | M64: =IF(D64="","",IFERROR(MATCH(D64,Settings!$B$10:$B$18,0),"")) | N64: =IF(OR(B64="",E64="",M64=""),"",IF(AND(B64>=Settings!$C$6,B64<=Settings!$C$7),M64*10000+E64,"")) | O64: =IF(OR(B64="",E64=""),"",B64*10000+E64) | P64: =IF(N64="","",E64)
B65: 46265 | C65: 0.85416667 | D65: After dinner | E65: 155 | G65: =IF(OR(B65="",E65="",J65="",K65=""),"",IF(E65<J65,"Below",IF(E65>K65,"Above","In range"))) | J65: =IF(M65="","",IF(INDEX(Settings!$C$10:$C$18,M65)="","",INDEX(Settings!$C$10:$C$18,M65))) | K65: =IF(M65="","",IF(INDEX(Settings!$D$10:$D$18,M65)="","",INDEX(Settings!$D$10:$D$18,M65))) | L65: =IF(OR(B65="",E65=""),"",B65+MOD(N(C65),1)+ROW()/10000000) | M65: =IF(D65="","",IFERROR(MATCH(D65,Settings!$B$10:$B$18,0),"")) | N65: =IF(OR(B65="",E65="",M65=""),"",IF(AND(B65>=Settings!$C$6,B65<=Settings!$C$7),M65*10000+E65,"")) | O65: =IF(OR(B65="",E65=""),"",B65*10000+E65) | P65: =IF(N65="","",E65)
B66: 46265 | C66: 0.9375 | D66: Bedtime | E66: 138 | G66: =IF(OR(B66="",E66="",J66="",K66=""),"",IF(E66<J66,"Below",IF(E66>K66,"Above","In range"))) | J66: =IF(M66="","",IF(INDEX(Settings!$C$10:$C$18,M66)="","",INDEX(Settings!$C$10:$C$18,M66))) | K66: =IF(M66="","",IF(INDEX(Settings!$D$10:$D$18,M66)="","",INDEX(Settings!$D$10:$D$18,M66))) | L66: =IF(OR(B66="",E66=""),"",B66+MOD(N(C66),1)+ROW()/10000000) | M66: =IF(D66="","",IFERROR(MATCH(D66,Settings!$B$10:$B$18,0),"")) | N66: =IF(OR(B66="",E66="",M66=""),"",IF(AND(B66>=Settings!$C$6,B66<=Settings!$C$7),M66*10000+E66,"")) | O66: =IF(OR(B66="",E66=""),"",B66*10000+E66) | P66: =IF(N66="","",E66)
B67: 46266 | C67: 0.29513889 | D67: Fasting | E67: 123 | G67: =IF(OR(B67="",E67="",J67="",K67=""),"",IF(E67<J67,"Below",IF(E67>K67,"Above","In range"))) | J67: =IF(M67="","",IF(INDEX(Settings!$C$10:$C$18,M67)="","",INDEX(Settings!$C$10:$C$18,M67))) | K67: =IF(M67="","",IF(INDEX(Settings!$D$10:$D$18,M67)="","",INDEX(Settings!$D$10:$D$18,M67))) | L67: =IF(OR(B67="",E67=""),"",B67+MOD(N(C67),1)+ROW()/10000000) | M67: =IF(D67="","",IFERROR(MATCH(D67,Settings!$B$10:$B$18,0),"")) | N67: =IF(OR(B67="",E67="",M67=""),"",IF(AND(B67>=Settings!$C$6,B67<=Settings!$C$7),M67*10000+E67,"")) | O67: =IF(OR(B67="",E67=""),"",B67*10000+E67) | P67: =IF(N67="","",E67)
B68: 46266 | C68: 0.39583333 | D68: After breakfast | E68: 163 | G68: =IF(OR(B68="",E68="",J68="",K68=""),"",IF(E68<J68,"Below",IF(E68>K68,"Above","In range"))) | J68: =IF(M68="","",IF(INDEX(Settings!$C$10:$C$18,M68)="","",INDEX(Settings!$C$10:$C$18,M68))) | K68: =IF(M68="","",IF(INDEX(Settings!$D$10:$D$18,M68)="","",INDEX(Settings!$D$10:$D$18,M68))) | L68: =IF(OR(B68="",E68=""),"",B68+MOD(N(C68),1)+ROW()/10000000) | M68: =IF(D68="","",IFERROR(MATCH(D68,Settings!$B$10:$B$18,0),"")) | N68: =IF(OR(B68="",E68="",M68=""),"",IF(AND(B68>=Settings!$C$6,B68<=Settings!$C$7),M68*10000+E68,"")) | O68: =IF(OR(B68="",E68=""),"",B68*10000+E68) | P68: =IF(N68="","",E68)
B69: 46266 | C69: 0.85416667 | D69: After dinner | E69: 164 | G69: =IF(OR(B69="",E69="",J69="",K69=""),"",IF(E69<J69,"Below",IF(E69>K69,"Above","In range"))) | J69: =IF(M69="","",IF(INDEX(Settings!$C$10:$C$18,M69)="","",INDEX(Settings!$C$10:$C$18,M69))) | K69: =IF(M69="","",IF(INDEX(Settings!$D$10:$D$18,M69)="","",INDEX(Settings!$D$10:$D$18,M69))) | L69: =IF(OR(B69="",E69=""),"",B69+MOD(N(C69),1)+ROW()/10000000) | M69: =IF(D69="","",IFERROR(MATCH(D69,Settings!$B$10:$B$18,0),"")) | N69: =IF(OR(B69="",E69="",M69=""),"",IF(AND(B69>=Settings!$C$6,B69<=Settings!$C$7),M69*10000+E69,"")) | O69: =IF(OR(B69="",E69=""),"",B69*10000+E69) | P69: =IF(N69="","",E69)
B70: 46266 | C70: 0.92708333 | D70: Bedtime | E70: 143 | G70: =IF(OR(B70="",E70="",J70="",K70=""),"",IF(E70<J70,"Below",IF(E70>K70,"Above","In range"))) | J70: =IF(M70="","",IF(INDEX(Settings!$C$10:$C$18,M70)="","",INDEX(Settings!$C$10:$C$18,M70))) | K70: =IF(M70="","",IF(INDEX(Settings!$D$10:$D$18,M70)="","",INDEX(Settings!$D$10:$D$18,M70))) | L70: =IF(OR(B70="",E70=""),"",B70+MOD(N(C70),1)+ROW()/10000000) | M70: =IF(D70="","",IFERROR(MATCH(D70,Settings!$B$10:$B$18,0),"")) | N70: =IF(OR(B70="",E70="",M70=""),"",IF(AND(B70>=Settings!$C$6,B70<=Settings!$C$7),M70*10000+E70,"")) | O70: =IF(OR(B70="",E70=""),"",B70*10000+E70) | P70: =IF(N70="","",E70)
B71: 46267 | C71: 0.29861111 | D71: Fasting | E71: 122 | G71: =IF(OR(B71="",E71="",J71="",K71=""),"",IF(E71<J71,"Below",IF(E71>K71,"Above","In range"))) | J71: =IF(M71="","",IF(INDEX(Settings!$C$10:$C$18,M71)="","",INDEX(Settings!$C$10:$C$18,M71))) | K71: =IF(M71="","",IF(INDEX(Settings!$D$10:$D$18,M71)="","",INDEX(Settings!$D$10:$D$18,M71))) | L71: =IF(OR(B71="",E71=""),"",B71+MOD(N(C71),1)+ROW()/10000000) | M71: =IF(D71="","",IFERROR(MATCH(D71,Settings!$B$10:$B$18,0),"")) | N71: =IF(OR(B71="",E71="",M71=""),"",IF(AND(B71>=Settings!$C$6,B71<=Settings!$C$7),M71*10000+E71,"")) | O71: =IF(OR(B71="",E71=""),"",B71*10000+E71) | P71: =IF(N71="","",E71)
... B90: 46271 | C90: 0.85416667 | D90: After dinner | E90: 173 | G90: =IF(OR(B90="",E90="",J90="",K90=""),"",IF(E90<J90,"Below",IF(E90>K90,"Above","In range"))) | J90: =IF(M90="","",IF(INDEX(Settings!$C$10:$C$18,M90)="","",INDEX(Settings!$C$10:$C$18,M90))) | K90: =IF(M90="","",IF(INDEX(Settings!$D$10:$D$18,M90)="","",INDEX(Settings!$D$10:$D$18,M90))) | L90: =IF(OR(B90="",E90=""),"",B90+MOD(N(C90),1)+ROW()/10000000) | M90: =IF(D90="","",IFERROR(MATCH(D90,Settings!$B$10:$B$18,0),"")) | N90: =IF(OR(B90="",E90="",M90=""),"",IF(AND(B90>=Settings!$C$6,B90<=Settings!$C$7),M90*10000+E90,"")) | O90: =IF(OR(B90="",E90=""),"",B90*10000+E90) | P90: =IF(N90="","",E90)
B91: 46271 | C91: 0.92708333 | D91: Bedtime | E91: 232 | F91: Birthday cake | G91: =IF(OR(B91="",E91="",J91="",K91=""),"",IF(E91<J91,"Below",IF(E91>K91,"Above","In range"))) | J91: =IF(M91="","",IF(INDEX(Settings!$C$10:$C$18,M91)="","",INDEX(Settings!$C$10:$C$18,M91))) | K91: =IF(M91="","",IF(INDEX(Settings!$D$10:$D$18,M91)="","",INDEX(Settings!$D$10:$D$18,M91))) | L91: =IF(OR(B91="",E91=""),"",B91+MOD(N(C91),1)+ROW()/10000000) | M91: =IF(D91="","",IFERROR(MATCH(D91,Settings!$B$10:$B$18,0),"")) | N91: =IF(OR(B91="",E91="",M91=""),"",IF(AND(B91>=Settings!$C$6,B91<=Settings!$C$7),M91*10000+E91,"")) | O91: =IF(OR(B91="",E91=""),"",B91*10000+E91) | P91: =IF(N91="","",E91)
B92: 46272 | C92: 0.29513889 | D92: Fasting | E92: 111 | G92: =IF(OR(B92="",E92="",J92="",K92=""),"",IF(E92<J92,"Below",IF(E92>K92,"Above","In range"))) | J92: =IF(M92="","",IF(INDEX(Settings!$C$10:$C$18,M92)="","",INDEX(Settings!$C$10:$C$18,M92))) | K92: =IF(M92="","",IF(INDEX(Settings!$D$10:$D$18,M92)="","",INDEX(Settings!$D$10:$D$18,M92))) | L92: =IF(OR(B92="",E92=""),"",B92+MOD(N(C92),1)+ROW()/10000000) | M92: =IF(D92="","",IFERROR(MATCH(D92,Settings!$B$10:$B$18,0),"")) | N92: =IF(OR(B92="",E92="",M92=""),"",IF(AND(B92>=Settings!$C$6,B92<=Settings!$C$7),M92*10000+E92,"")) | O92: =IF(OR(B92="",E92=""),"",B92*10000+E92) | P92: =IF(N92="","",E92)
B93: 46272 | C93: 0.40277778 | D93: After breakfast | E93: 164 | G93: =IF(OR(B93="",E93="",J93="",K93=""),"",IF(E93<J93,"Below",IF(E93>K93,"Above","In range"))) | J93: =IF(M93="","",IF(INDEX(Settings!$C$10:$C$18,M93)="","",INDEX(Settings!$C$10:$C$18,M93))) | K93: =IF(M93="","",IF(INDEX(Settings!$D$10:$D$18,M93)="","",INDEX(Settings!$D$10:$D$18,M93))) | L93: =IF(OR(B93="",E93=""),"",B93+MOD(N(C93),1)+ROW()/10000000) | M93: =IF(D93="","",IFERROR(MATCH(D93,Settings!$B$10:$B$18,0),"")) | N93: =IF(OR(B93="",E93="",M93=""),"",IF(AND(B93>=Settings!$C$6,B93<=Settings!$C$7),M93*10000+E93,"")) | O93: =IF(OR(B93="",E93=""),"",B93*10000+E93) | P93: =IF(N93="","",E93)
B94: 46272 | C94: 0.75 | D94: Before dinner | E94: 130 | G94: =IF(OR(B94="",E94="",J94="",K94=""),"",IF(E94<J94,"Below",IF(E94>K94,"Above","In range"))) | J94: =IF(M94="","",IF(INDEX(Settings!$C$10:$C$18,M94)="","",INDEX(Settings!$C$10:$C$18,M94))) | K94: =IF(M94="","",IF(INDEX(Settings!$D$10:$D$18,M94)="","",INDEX(Settings!$D$10:$D$18,M94))) | L94: =IF(OR(B94="",E94=""),"",B94+MOD(N(C94),1)+ROW()/10000000) | M94: =IF(D94="","",IFERROR(MATCH(D94,Settings!$B$10:$B$18,0),"")) | N94: =IF(OR(B94="",E94="",M94=""),"",IF(AND(B94>=Settings!$C$6,B94<=Settings!$C$7),M94*10000+E94,"")) | O94: =IF(OR(B94="",E94=""),"",B94*10000+E94) | P94: =IF(N94="","",E94)
B95: 46272 | C95: 0.84375 | D95: After dinner | E95: 149 | G95: =IF(OR(B95="",E95="",J95="",K95=""),"",IF(E95<J95,"Below",IF(E95>K95,"Above","In range"))) | J95: =IF(M95="","",IF(INDEX(Settings!$C$10:$C$18,M95)="","",INDEX(Settings!$C$10:$C$18,M95))) | K95: =IF(M95="","",IF(INDEX(Settings!$D$10:$D$18,M95)="","",INDEX(Settings!$D$10:$D$18,M95))) | L95: =IF(OR(B95="",E95=""),"",B95+MOD(N(C95),1)+ROW()/10000000) | M95: =IF(D95="","",IFERROR(MATCH(D95,Settings!$B$10:$B$18,0),"")) | N95: =IF(OR(B95="",E95="",M95=""),"",IF(AND(B95>=Settings!$C$6,B95<=Settings!$C$7),M95*10000+E95,"")) | O95: =IF(OR(B95="",E95=""),"",B95*10000+E95) | P95: =IF(N95="","",E95)
B96: 46273 | C96: 0.30208333 | D96: Fasting | E96: 125 | G96: =IF(OR(B96="",E96="",J96="",K96=""),"",IF(E96<J96,"Below",IF(E96>K96,"Above","In range"))) | J96: =IF(M96="","",IF(INDEX(Settings!$C$10:$C$18,M96)="","",INDEX(Settings!$C$10:$C$18,M96))) | K96: =IF(M96="","",IF(INDEX(Settings!$D$10:$D$18,M96)="","",INDEX(Settings!$D$10:$D$18,M96))) | L96: =IF(OR(B96="",E96=""),"",B96+MOD(N(C96),1)+ROW()/10000000) | M96: =IF(D96="","",IFERROR(MATCH(D96,Settings!$B$10:$B$18,0),"")) | N96: =IF(OR(B96="",E96="",M96=""),"",IF(AND(B96>=Settings!$C$6,B96<=Settings!$C$7),M96*10000+E96,"")) | O96: =IF(OR(B96="",E96=""),"",B96*10000+E96) | P96: =IF(N96="","",E96)
B97: 46273 | C97: 0.39583333 | D97: After breakfast | E97: 90 | G97: =IF(OR(B97="",E97="",J97="",K97=""),"",IF(E97<J97,"Below",IF(E97>K97,"Above","In range"))) | J97: =IF(M97="","",IF(INDEX(Settings!$C$10:$C$18,M97)="","",INDEX(Settings!$C$10:$C$18,M97))) | K97: =IF(M97="","",IF(INDEX(Settings!$D$10:$D$18,M97)="","",INDEX(Settings!$D$10:$D$18,M97))) | L97: =IF(OR(B97="",E97=""),"",B97+MOD(N(C97),1)+ROW()/10000000) | M97: =IF(D97="","",IFERROR(MATCH(D97,Settings!$B$10:$B$18,0),"")) | N97: =IF(OR(B97="",E97="",M97=""),"",IF(AND(B97>=Settings!$C$6,B97<=Settings!$C$7),M97*10000+E97,"")) | O97: =IF(OR(B97="",E97=""),"",B97*10000+E97) | P97: =IF(N97="","",E97)
B98: 46273 | C98: 0.85416667 | D98: After dinner | E98: 133 | G98: =IF(OR(B98="",E98="",J98="",K98=""),"",IF(E98<J98,"Below",IF(E98>K98,"Above","In range"))) | J98: =IF(M98="","",IF(INDEX(Settings!$C$10:$C$18,M98)="","",INDEX(Settings!$C$10:$C$18,M98))) | K98: =IF(M98="","",IF(INDEX(Settings!$D$10:$D$18,M98)="","",INDEX(Settings!$D$10:$D$18,M98))) | L98: =IF(OR(B98="",E98=""),"",B98+MOD(N(C98),1)+ROW()/10000000) | M98: =IF(D98="","",IFERROR(MATCH(D98,Settings!$B$10:$B$18,0),"")) | N98: =IF(OR(B98="",E98="",M98=""),"",IF(AND(B98>=Settings!$C$6,B98<=Settings!$C$7),M98*10000+E98,"")) | O98: =IF(OR(B98="",E98=""),"",B98*10000+E98) | P98: =IF(N98="","",E98)
B99: 46273 | C99: 0.92708333 | D99: Bedtime | E99: 139 | G99: =IF(OR(B99="",E99="",J99="",K99=""),"",IF(E99<J99,"Below",IF(E99>K99,"Above","In range"))) | J99: =IF(M99="","",IF(INDEX(Settings!$C$10:$C$18,M99)="","",INDEX(Settings!$C$10:$C$18,M99))) | K99: =IF(M99="","",IF(INDEX(Settings!$D$10:$D$18,M99)="","",INDEX(Settings!$D$10:$D$18,M99))) | L99: =IF(OR(B99="",E99=""),"",B99+MOD(N(C99),1)+ROW()/10000000) | M99: =IF(D99="","",IFERROR(MATCH(D99,Settings!$B$10:$B$18,0),"")) | N99: =IF(OR(B99="",E99="",M99=""),"",IF(AND(B99>=Settings!$C$6,B99<=Settings!$C$7),M99*10000+E99,"")) | O99: =IF(OR(B99="",E99=""),"",B99*10000+E99) | P99: =IF(N99="","",E99)
B100: 46274 | C100: 0.29861111 | D100: Fasting | E100: 123 | G100: =IF(OR(B100="",E100="",J100="",K100=""),"",IF(E100<J100,"Below",IF(E100>K100,"Above","In range"))) | J100: =IF(M100="","",IF(INDEX(Settings!$C$10:$C$18,M100)="","",INDEX(Settings!$C$10:$C$18,M100))) | K100: =IF(M100="","",IF(INDEX(Settings!$D$10:$D$18,M100)="","",INDEX(Settings!$D$10:$D$18,M100))) | L100: =IF(OR(B100="",E100=""),"",B100+MOD(N(C100),1)+ROW()/10000000) | M100: =IF(D100="","",IFERROR(MATCH(D100,Settings!$B$10:$B$18,0),"")) | N100: =IF(OR(B100="",E100="",M100=""),"",IF(AND(B100>=Settings!$C$6,B100<=Settings!$C$7),M100*10000+E100,"")) | O100: =IF(OR(B100="",E100=""),"",B100*10000+E100) | P100: =IF(N100="","",E100)
B101: 46274 | C101: 0.39583333 | D101: After breakfast | E101: 150 | G101: =IF(OR(B101="",E101="",J101="",K101=""),"",IF(E101<J101,"Below",IF(E101>K101,"Above","In range"))) | J101: =IF(M101="","",IF(INDEX(Settings!$C$10:$C$18,M101)="","",INDEX(Settings!$C$10:$C$18,M101))) | K101: =IF(M101="","",IF(INDEX(Settings!$D$10:$D$18,M101)="","",INDEX(Settings!$D$10:$D$18,M101))) | L101: =IF(OR(B101="",E101=""),"",B101+MOD(N(C101),1)+ROW()/10000000) | M101: =IF(D101="","",IFERROR(MATCH(D101,Settings!$B$10:$B$18,0),"")) | N101: =IF(OR(B101="",E101="",M101=""),"",IF(AND(B101>=Settings!$C$6,B101<=Settings!$C$7),M101*10000+E101,"")) | O101: =IF(OR(B101="",E101=""),"",B101*10000+E101) | P101: =IF(N101="","",E101)
B102: 46274 | C102: 0.77083333 | D102: Before dinner | E102: 116 | G102: =IF(OR(B102="",E102="",J102="",K102=""),"",IF(E102<J102,"Below",IF(E102>K102,"Above","In range"))) | J102: =IF(M102="","",IF(INDEX(Settings!$C$10:$C$18,M102)="","",INDEX(Settings!$C$10:$C$18,M102))) | K102: =IF(M102="","",IF(INDEX(Settings!$D$10:$D$18,M102)="","",INDEX(Settings!$D$10:$D$18,M102))) | L102: =IF(OR(B102="",E102=""),"",B102+MOD(N(C102),1)+ROW()/10000000) | M102: =IF(D102="","",IFERROR(MATCH(D102,Settings!$B$10:$B$18,0),"")) | N102: =IF(OR(B102="",E102="",M102=""),"",IF(AND(B102>=Settings!$C$6,B102<=Settings!$C$7),M102*10000+E102,"")) | O102: =IF(OR(B102="",E102=""),"",B102*10000+E102) | P102: =IF(N102="","",E102)
B103: 46274 | C103: 0.86458333 | D103: After dinner | E103: 186 | G103: =IF(OR(B103="",E103="",J103="",K103=""),"",IF(E103<J103,"Below",IF(E103>K103,"Above","In range"))) | J103: =IF(M103="","",IF(INDEX(Settings!$C$10:$C$18,M103)="","",INDEX(Settings!$C$10:$C$18,M103))) | K103: =IF(M103="","",IF(INDEX(Settings!$D$10:$D$18,M103)="","",INDEX(Settings!$D$10:$D$18,M103))) | L103: =IF(OR(B103="",E103=""),"",B103+MOD(N(C103),1)+ROW()/10000000) | M103: =IF(D103="","",IFERROR(MATCH(D103,Settings!$B$10:$B$18,0),"")) | N103: =IF(OR(B103="",E103="",M103=""),"",IF(AND(B103>=Settings!$C$6,B103<=Settings!$C$7),M103*10000+E103,"")) | O103: =IF(OR(B103="",E103=""),"",B103*10000+E103) | P103: =IF(N103="","",E103)
... B118: 46279 | C118: 0.40625 | D118: After breakfast | E118: 136 | G118: =IF(OR(B118="",E118="",J118="",K118=""),"",IF(E118<J118,"Below",IF(E118>K118,"Above","In range"))) | J118: =IF(M118="","",IF(INDEX(Settings!$C$10:$C$18,M118)="","",INDEX(Settings!$C$10:$C$18,M118))) | K118: =IF(M118="","",IF(INDEX(Settings!$D$10:$D$18,M118)="","",INDEX(Settings!$D$10:$D$18,M118))) | L118: =IF(OR(B118="",E118=""),"",B118+MOD(N(C118),1)+ROW()/10000000) | M118: =IF(D118="","",IFERROR(MATCH(D118,Settings!$B$10:$B$18,0),"")) | N118: =IF(OR(B118="",E118="",M118=""),"",IF(AND(B118>=Settings!$C$6,B118<=Settings!$C$7),M118*10000+E118,"")) | O118: =IF(OR(B118="",E118=""),"",B118*10000+E118) | P118: =IF(N118="","",E118)
B119: 46279 | C119: 0.92708333 | D119: Bedtime | E119: 128 | F119: Busy day, late dinner | G119: =IF(OR(B119="",E119="",J119="",K119=""),"",IF(E119<J119,"Below",IF(E119>K119,"Above","In range"))) | J119: =IF(M119="","",IF(INDEX(Settings!$C$10:$C$18,M119)="","",INDEX(Settings!$C$10:$C$18,M119))) | K119: =IF(M119="","",IF(INDEX(Settings!$D$10:$D$18,M119)="","",INDEX(Settings!$D$10:$D$18,M119))) | L119: =IF(OR(B119="",E119=""),"",B119+MOD(N(C119),1)+ROW()/10000000) | M119: =IF(D119="","",IFERROR(MATCH(D119,Settings!$B$10:$B$18,0),"")) | N119: =IF(OR(B119="",E119="",M119=""),"",IF(AND(B119>=Settings!$C$6,B119<=Settings!$C$7),M119*10000+E119,"")) | O119: =IF(OR(B119="",E119=""),"",B119*10000+E119) | P119: =IF(N119="","",E119)
B120: 46280 | C120: 0.30208333 | D120: Fasting | E120: 126 | G120: =IF(OR(B120="",E120="",J120="",K120=""),"",IF(E120<J120,"Below",IF(E120>K120,"Above","In range"))) | J120: =IF(M120="","",IF(INDEX(Settings!$C$10:$C$18,M120)="","",INDEX(Settings!$C$10:$C$18,M120))) | K120: =IF(M120="","",IF(INDEX(Settings!$D$10:$D$18,M120)="","",INDEX(Settings!$D$10:$D$18,M120))) | L120: =IF(OR(B120="",E120=""),"",B120+MOD(N(C120),1)+ROW()/10000000) | M120: =IF(D120="","",IFERROR(MATCH(D120,Settings!$B$10:$B$18,0),"")) | N120: =IF(OR(B120="",E120="",M120=""),"",IF(AND(B120>=Settings!$C$6,B120<=Settings!$C$7),M120*10000+E120,"")) | O120: =IF(OR(B120="",E120=""),"",B120*10000+E120) | P120: =IF(N120="","",E120)
B121: 46280 | C121: 0.40625 | D121: After breakfast | E121: 169 | G121: =IF(OR(B121="",E121="",J121="",K121=""),"",IF(E121<J121,"Below",IF(E121>K121,"Above","In range"))) | J121: =IF(M121="","",IF(INDEX(Settings!$C$10:$C$18,M121)="","",INDEX(Settings!$C$10:$C$18,M121))) | K121: =IF(M121="","",IF(INDEX(Settings!$D$10:$D$18,M121)="","",INDEX(Settings!$D$10:$D$18,M121))) | L121: =IF(OR(B121="",E121=""),"",B121+MOD(N(C121),1)+ROW()/10000000) | M121: =IF(D121="","",IFERROR(MATCH(D121,Settings!$B$10:$B$18,0),"")) | N121: =IF(OR(B121="",E121="",M121=""),"",IF(AND(B121>=Settings!$C$6,B121<=Settings!$C$7),M121*10000+E121,"")) | O121: =IF(OR(B121="",E121=""),"",B121*10000+E121) | P121: =IF(N121="","",E121)
B122: 46280 | C122: 0.85416667 | D122: After dinner | E122: 156 | G122: =IF(OR(B122="",E122="",J122="",K122=""),"",IF(E122<J122,"Below",IF(E122>K122,"Above","In range"))) | J122: =IF(M122="","",IF(INDEX(Settings!$C$10:$C$18,M122)="","",INDEX(Settings!$C$10:$C$18,M122))) | K122: =IF(M122="","",IF(INDEX(Settings!$D$10:$D$18,M122)="","",INDEX(Settings!$D$10:$D$18,M122))) | L122: =IF(OR(B122="",E122=""),"",B122+MOD(N(C122),1)+ROW()/10000000) | M122: =IF(D122="","",IFERROR(MATCH(D122,Settings!$B$10:$B$18,0),"")) | N122: =IF(OR(B122="",E122="",M122=""),"",IF(AND(B122>=Settings!$C$6,B122<=Settings!$C$7),M122*10000+E122,"")) | O122: =IF(OR(B122="",E122=""),"",B122*10000+E122) | P122: =IF(N122="","",E122)
B123: 46281 | C123: 0.29513889 | D123: Fasting | E123: 122 | G123: =IF(OR(B123="",E123="",J123="",K123=""),"",IF(E123<J123,"Below",IF(E123>K123,"Above","In range"))) | J123: =IF(M123="","",IF(INDEX(Settings!$C$10:$C$18,M123)="","",INDEX(Settings!$C$10:$C$18,M123))) | K123: =IF(M123="","",IF(INDEX(Settings!$D$10:$D$18,M123)="","",INDEX(Settings!$D$10:$D$18,M123))) | L123: =IF(OR(B123="",E123=""),"",B123+MOD(N(C123),1)+ROW()/10000000) | M123: =IF(D123="","",IFERROR(MATCH(D123,Settings!$B$10:$B$18,0),"")) | N123: =IF(OR(B123="",E123="",M123=""),"",IF(AND(B123>=Settings!$C$6,B123<=Settings!$C$7),M123*10000+E123,"")) | O123: =IF(OR(B123="",E123=""),"",B123*10000+E123) | P123: =IF(N123="","",E123)
B124: 46281 | C124: 0.40625 | D124: After breakfast | E124: 151 | G124: =IF(OR(B124="",E124="",J124="",K124=""),"",IF(E124<J124,"Below",IF(E124>K124,"Above","In range"))) | J124: =IF(M124="","",IF(INDEX(Settings!$C$10:$C$18,M124)="","",INDEX(Settings!$C$10:$C$18,M124))) | K124: =IF(M124="","",IF(INDEX(Settings!$D$10:$D$18,M124)="","",INDEX(Settings!$D$10:$D$18,M124))) | L124: =IF(OR(B124="",E124=""),"",B124+MOD(N(C124),1)+ROW()/10000000) | M124: =IF(D124="","",IFERROR(MATCH(D124,Settings!$B$10:$B$18,0),"")) | N124: =IF(OR(B124="",E124="",M124=""),"",IF(AND(B124>=Settings!$C$6,B124<=Settings!$C$7),M124*10000+E124,"")) | O124: =IF(OR(B124="",E124=""),"",B124*10000+E124) | P124: =IF(N124="","",E124)
B125: 46281 | C125: 0.77083333 | D125: Before dinner | E125: 136 | G125: =IF(OR(B125="",E125="",J125="",K125=""),"",IF(E125<J125,"Below",IF(E125>K125,"Above","In range"))) | J125: =IF(M125="","",IF(INDEX(Settings!$C$10:$C$18,M125)="","",INDEX(Settings!$C$10:$C$18,M125))) | K125: =IF(M125="","",IF(INDEX(Settings!$D$10:$D$18,M125)="","",INDEX(Settings!$D$10:$D$18,M125))) | L125: =IF(OR(B125="",E125=""),"",B125+MOD(N(C125),1)+ROW()/10000000) | M125: =IF(D125="","",IFERROR(MATCH(D125,Settings!$B$10:$B$18,0),"")) | N125: =IF(OR(B125="",E125="",M125=""),"",IF(AND(B125>=Settings!$C$6,B125<=Settings!$C$7),M125*10000+E125,"")) | O125: =IF(OR(B125="",E125=""),"",B125*10000+E125) | P125: =IF(N125="","",E125)
B126: 46281 | C126: 0.85416667 | D126: After dinner | E126: 179 | G126: =IF(OR(B126="",E126="",J126="",K126=""),"",IF(E126<J126,"Below",IF(E126>K126,"Above","In range"))) | J126: =IF(M126="","",IF(INDEX(Settings!$C$10:$C$18,M126)="","",INDEX(Settings!$C$10:$C$18,M126))) | K126: =IF(M126="","",IF(INDEX(Settings!$D$10:$D$18,M126)="","",INDEX(Settings!$D$10:$D$18,M126))) | L126: =IF(OR(B126="",E126=""),"",B126+MOD(N(C126),1)+ROW()/10000000) | M126: =IF(D126="","",IFERROR(MATCH(D126,Settings!$B$10:$B$18,0),"")) | N126: =IF(OR(B126="",E126="",M126=""),"",IF(AND(B126>=Settings!$C$6,B126<=Settings!$C$7),M126*10000+E126,"")) | O126: =IF(OR(B126="",E126=""),"",B126*10000+E126) | P126: =IF(N126="","",E126)
B127: 46281 | C127: 0.9375 | D127: Bedtime | E127: 138 | G127: =IF(OR(B127="",E127="",J127="",K127=""),"",IF(E127<J127,"Below",IF(E127>K127,"Above","In range"))) | J127: =IF(M127="","",IF(INDEX(Settings!$C$10:$C$18,M127)="","",INDEX(Settings!$C$10:$C$18,M127))) | K127: =IF(M127="","",IF(INDEX(Settings!$D$10:$D$18,M127)="","",INDEX(Settings!$D$10:$D$18,M127))) | L127: =IF(OR(B127="",E127=""),"",B127+MOD(N(C127),1)+ROW()/10000000) | M127: =IF(D127="","",IFERROR(MATCH(D127,Settings!$B$10:$B$18,0),"")) | N127: =IF(OR(B127="",E127="",M127=""),"",IF(AND(B127>=Settings!$C$6,B127<=Settings!$C$7),M127*10000+E127,"")) | O127: =IF(OR(B127="",E127=""),"",B127*10000+E127) | P127: =IF(N127="","",E127)
B128: 46282 | C128: 0.29166667 | D128: Fasting | E128: 130 | G128: =IF(OR(B128="",E128="",J128="",K128=""),"",IF(E128<J128,"Below",IF(E128>K128,"Above","In range"))) | J128: =IF(M128="","",IF(INDEX(Settings!$C$10:$C$18,M128)="","",INDEX(Settings!$C$10:$C$18,M128))) | K128: =IF(M128="","",IF(INDEX(Settings!$D$10:$D$18,M128)="","",INDEX(Settings!$D$10:$D$18,M128))) | L128: =IF(OR(B128="",E128=""),"",B128+MOD(N(C128),1)+ROW()/10000000) | M128: =IF(D128="","",IFERROR(MATCH(D128,Settings!$B$10:$B$18,0),"")) | N128: =IF(OR(B128="",E128="",M128=""),"",IF(AND(B128>=Settings!$C$6,B128<=Settings!$C$7),M128*10000+E128,"")) | O128: =IF(OR(B128="",E128=""),"",B128*10000+E128) | P128: =IF(N128="","",E128)
B129: 46282 | C129: 0.40277778 | D129: After breakfast | E129: 144 | G129: =IF(OR(B129="",E129="",J129="",K129=""),"",IF(E129<J129,"Below",IF(E129>K129,"Above","In range"))) | J129: =IF(M129="","",IF(INDEX(Settings!$C$10:$C$18,M129)="","",INDEX(Settings!$C$10:$C$18,M129))) | K129: =IF(M129="","",IF(INDEX(Settings!$D$10:$D$18,M129)="","",INDEX(Settings!$D$10:$D$18,M129))) | L129: =IF(OR(B129="",E129=""),"",B129+MOD(N(C129),1)+ROW()/10000000) | M129: =IF(D129="","",IFERROR(MATCH(D129,Settings!$B$10:$B$18,0),"")) | N129: =IF(OR(B129="",E129="",M129=""),"",IF(AND(B129>=Settings!$C$6,B129<=Settings!$C$7),M129*10000+E129,"")) | O129: =IF(OR(B129="",E129=""),"",B129*10000+E129) | P129: =IF(N129="","",E129)
B130: 46282 | C130: 0.77083333 | D130: Before dinner | E130: 109 | G130: =IF(OR(B130="",E130="",J130="",K130=""),"",IF(E130<J130,"Below",IF(E130>K130,"Above","In range"))) | J130: =IF(M130="","",IF(INDEX(Settings!$C$10:$C$18,M130)="","",INDEX(Settings!$C$10:$C$18,M130))) | K130: =IF(M130="","",IF(INDEX(Settings!$D$10:$D$18,M130)="","",INDEX(Settings!$D$10:$D$18,M130))) | L130: =IF(OR(B130="",E130=""),"",B130+MOD(N(C130),1)+ROW()/10000000) | M130: =IF(D130="","",IFERROR(MATCH(D130,Settings!$B$10:$B$18,0),"")) | N130: =IF(OR(B130="",E130="",M130=""),"",IF(AND(B130>=Settings!$C$6,B130<=Settings!$C$7),M130*10000+E130,"")) | O130: =IF(OR(B130="",E130=""),"",B130*10000+E130) | P130: =IF(N130="","",E130)
B131: 46282 | C131: 0.92708333 | D131: Bedtime | E131: 142 | G131: =IF(OR(B131="",E131="",J131="",K131=""),"",IF(E131<J131,"Below",IF(E131>K131,"Above","In range"))) | J131: =IF(M131="","",IF(INDEX(Settings!$C$10:$C$18,M131)="","",INDEX(Settings!$C$10:$C$18,M131))) | K131: =IF(M131="","",IF(INDEX(Settings!$D$10:$D$18,M131)="","",INDEX(Settings!$D$10:$D$18,M131))) | L131: =IF(OR(B131="",E131=""),"",B131+MOD(N(C131),1)+ROW()/10000000) | M131: =IF(D131="","",IFERROR(MATCH(D131,Settings!$B$10:$B$18,0),"")) | N131: =IF(OR(B131="",E131="",M131=""),"",IF(AND(B131>=Settings!$C$6,B131<=Settings!$C$7),M131*10000+E131,"")) | O131: =IF(OR(B131="",E131=""),"",B131*10000+E131) | P131: =IF(N131="","",E131)
... B141: 46285 | C141: 0.75 | D141: Before dinner | E141: 112 | G141: =IF(OR(B141="",E141="",J141="",K141=""),"",IF(E141<J141,"Below",IF(E141>K141,"Above","In range"))) | J141: =IF(M141="","",IF(INDEX(Settings!$C$10:$C$18,M141)="","",INDEX(Settings!$C$10:$C$18,M141))) | K141: =IF(M141="","",IF(INDEX(Settings!$D$10:$D$18,M141)="","",INDEX(Settings!$D$10:$D$18,M141))) | L141: =IF(OR(B141="",E141=""),"",B141+MOD(N(C141),1)+ROW()/10000000) | M141: =IF(D141="","",IFERROR(MATCH(D141,Settings!$B$10:$B$18,0),"")) | N141: =IF(OR(B141="",E141="",M141=""),"",IF(AND(B141>=Settings!$C$6,B141<=Settings!$C$7),M141*10000+E141,"")) | O141: =IF(OR(B141="",E141=""),"",B141*10000+E141) | P141: =IF(N141="","",E141)
B142: 46286 | C142: 0.29166667 | D142: Fasting | E142: 130 | F142: Swim in the morning | G142: =IF(OR(B142="",E142="",J142="",K142=""),"",IF(E142<J142,"Below",IF(E142>K142,"Above","In range"))) | J142: =IF(M142="","",IF(INDEX(Settings!$C$10:$C$18,M142)="","",INDEX(Settings!$C$10:$C$18,M142))) | K142: =IF(M142="","",IF(INDEX(Settings!$D$10:$D$18,M142)="","",INDEX(Settings!$D$10:$D$18,M142))) | L142: =IF(OR(B142="",E142=""),"",B142+MOD(N(C142),1)+ROW()/10000000) | M142: =IF(D142="","",IFERROR(MATCH(D142,Settings!$B$10:$B$18,0),"")) | N142: =IF(OR(B142="",E142="",M142=""),"",IF(AND(B142>=Settings!$C$6,B142<=Settings!$C$7),M142*10000+E142,"")) | O142: =IF(OR(B142="",E142=""),"",B142*10000+E142) | P142: =IF(N142="","",E142)
B143: 46286 | C143: 0.40625 | D143: After breakfast | E143: 146 | G143: =IF(OR(B143="",E143="",J143="",K143=""),"",IF(E143<J143,"Below",IF(E143>K143,"Above","In range"))) | J143: =IF(M143="","",IF(INDEX(Settings!$C$10:$C$18,M143)="","",INDEX(Settings!$C$10:$C$18,M143))) | K143: =IF(M143="","",IF(INDEX(Settings!$D$10:$D$18,M143)="","",INDEX(Settings!$D$10:$D$18,M143))) | L143: =IF(OR(B143="",E143=""),"",B143+MOD(N(C143),1)+ROW()/10000000) | M143: =IF(D143="","",IFERROR(MATCH(D143,Settings!$B$10:$B$18,0),"")) | N143: =IF(OR(B143="",E143="",M143=""),"",IF(AND(B143>=Settings!$C$6,B143<=Settings!$C$7),M143*10000+E143,"")) | O143: =IF(OR(B143="",E143=""),"",B143*10000+E143) | P143: =IF(N143="","",E143)
B144: 46286 | C144: 0.75 | D144: Before dinner | E144: 132 | G144: =IF(OR(B144="",E144="",J144="",K144=""),"",IF(E144<J144,"Below",IF(E144>K144,"Above","In range"))) | J144: =IF(M144="","",IF(INDEX(Settings!$C$10:$C$18,M144)="","",INDEX(Settings!$C$10:$C$18,M144))) | K144: =IF(M144="","",IF(INDEX(Settings!$D$10:$D$18,M144)="","",INDEX(Settings!$D$10:$D$18,M144))) | L144: =IF(OR(B144="",E144=""),"",B144+MOD(N(C144),1)+ROW()/10000000) | M144: =IF(D144="","",IFERROR(MATCH(D144,Settings!$B$10:$B$18,0),"")) | N144: =IF(OR(B144="",E144="",M144=""),"",IF(AND(B144>=Settings!$C$6,B144<=Settings!$C$7),M144*10000+E144,"")) | O144: =IF(OR(B144="",E144=""),"",B144*10000+E144) | P144: =IF(N144="","",E144)
B145: 46287 | C145: 0.30208333 | D145: Fasting | E145: 103 | G145: =IF(OR(B145="",E145="",J145="",K145=""),"",IF(E145<J145,"Below",IF(E145>K145,"Above","In range"))) | J145: =IF(M145="","",IF(INDEX(Settings!$C$10:$C$18,M145)="","",INDEX(Settings!$C$10:$C$18,M145))) | K145: =IF(M145="","",IF(INDEX(Settings!$D$10:$D$18,M145)="","",INDEX(Settings!$D$10:$D$18,M145))) | L145: =IF(OR(B145="",E145=""),"",B145+MOD(N(C145),1)+ROW()/10000000) | M145: =IF(D145="","",IFERROR(MATCH(D145,Settings!$B$10:$B$18,0),"")) | N145: =IF(OR(B145="",E145="",M145=""),"",IF(AND(B145>=Settings!$C$6,B145<=Settings!$C$7),M145*10000+E145,"")) | O145: =IF(OR(B145="",E145=""),"",B145*10000+E145) | P145: =IF(N145="","",E145)
B146: 46287 | C146: 0.39583333 | D146: After breakfast | E146: 196 | G146: =IF(OR(B146="",E146="",J146="",K146=""),"",IF(E146<J146,"Below",IF(E146>K146,"Above","In range"))) | J146: =IF(M146="","",IF(INDEX(Settings!$C$10:$C$18,M146)="","",INDEX(Settings!$C$10:$C$18,M146))) | K146: =IF(M146="","",IF(INDEX(Settings!$D$10:$D$18,M146)="","",INDEX(Settings!$D$10:$D$18,M146))) | L146: =IF(OR(B146="",E146=""),"",B146+MOD(N(C146),1)+ROW()/10000000) | M146: =IF(D146="","",IFERROR(MATCH(D146,Settings!$B$10:$B$18,0),"")) | N146: =IF(OR(B146="",E146="",M146=""),"",IF(AND(B146>=Settings!$C$6,B146<=Settings!$C$7),M146*10000+E146,"")) | O146: =IF(OR(B146="",E146=""),"",B146*10000+E146) | P146: =IF(N146="","",E146)
B147: 46287 | C147: 0.85416667 | D147: After dinner | E147: 130 | G147: =IF(OR(B147="",E147="",J147="",K147=""),"",IF(E147<J147,"Below",IF(E147>K147,"Above","In range"))) | J147: =IF(M147="","",IF(INDEX(Settings!$C$10:$C$18,M147)="","",INDEX(Settings!$C$10:$C$18,M147))) | K147: =IF(M147="","",IF(INDEX(Settings!$D$10:$D$18,M147)="","",INDEX(Settings!$D$10:$D$18,M147))) | L147: =IF(OR(B147="",E147=""),"",B147+MOD(N(C147),1)+ROW()/10000000) | M147: =IF(D147="","",IFERROR(MATCH(D147,Settings!$B$10:$B$18,0),"")) | N147: =IF(OR(B147="",E147="",M147=""),"",IF(AND(B147>=Settings!$C$6,B147<=Settings!$C$7),M147*10000+E147,"")) | O147: =IF(OR(B147="",E147=""),"",B147*10000+E147) | P147: =IF(N147="","",E147)
B148: 46288 | C148: 0.29513889 | D148: Fasting | E148: 115 | G148: =IF(OR(B148="",E148="",J148="",K148=""),"",IF(E148<J148,"Below",IF(E148>K148,"Above","In range"))) | J148: =IF(M148="","",IF(INDEX(Settings!$C$10:$C$18,M148)="","",INDEX(Settings!$C$10:$C$18,M148))) | K148: =IF(M148="","",IF(INDEX(Settings!$D$10:$D$18,M148)="","",INDEX(Settings!$D$10:$D$18,M148))) | L148: =IF(OR(B148="",E148=""),"",B148+MOD(N(C148),1)+ROW()/10000000) | M148: =IF(D148="","",IFERROR(MATCH(D148,Settings!$B$10:$B$18,0),"")) | N148: =IF(OR(B148="",E148="",M148=""),"",IF(AND(B148>=Settings!$C$6,B148<=Settings!$C$7),M148*10000+E148,"")) | O148: =IF(OR(B148="",E148=""),"",B148*10000+E148) | P148: =IF(N148="","",E148)
B149: 46288 | C149: 0.40277778 | D149: After breakfast | E149: 132 | G149: =IF(OR(B149="",E149="",J149="",K149=""),"",IF(E149<J149,"Below",IF(E149>K149,"Above","In range"))) | J149: =IF(M149="","",IF(INDEX(Settings!$C$10:$C$18,M149)="","",INDEX(Settings!$C$10:$C$18,M149))) | K149: =IF(M149="","",IF(INDEX(Settings!$D$10:$D$18,M149)="","",INDEX(Settings!$D$10:$D$18,M149))) | L149: =IF(OR(B149="",E149=""),"",B149+MOD(N(C149),1)+ROW()/10000000) | M149: =IF(D149="","",IFERROR(MATCH(D149,Settings!$B$10:$B$18,0),"")) | N149: =IF(OR(B149="",E149="",M149=""),"",IF(AND(B149>=Settings!$C$6,B149<=Settings!$C$7),M149*10000+E149,"")) | O149: =IF(OR(B149="",E149=""),"",B149*10000+E149) | P149: =IF(N149="","",E149)
B150: 46288 | C150: 0.51388889 | D150: Before lunch | E150: 71 | F150: After the gym | G150: =IF(OR(B150="",E150="",J150="",K150=""),"",IF(E150<J150,"Below",IF(E150>K150,"Above","In range"))) | J150: =IF(M150="","",IF(INDEX(Settings!$C$10:$C$18,M150)="","",INDEX(Settings!$C$10:$C$18,M150))) | K150: =IF(M150="","",IF(INDEX(Settings!$D$10:$D$18,M150)="","",INDEX(Settings!$D$10:$D$18,M150))) | L150: =IF(OR(B150="",E150=""),"",B150+MOD(N(C150),1)+ROW()/10000000) | M150: =IF(D150="","",IFERROR(MATCH(D150,Settings!$B$10:$B$18,0),"")) | N150: =IF(OR(B150="",E150="",M150=""),"",IF(AND(B150>=Settings!$C$6,B150<=Settings!$C$7),M150*10000+E150,"")) | O150: =IF(OR(B150="",E150=""),"",B150*10000+E150) | P150: =IF(N150="","",E150)
B151: 46288 | C151: 0.9375 | D151: Bedtime | E151: 133 | G151: =IF(OR(B151="",E151="",J151="",K151=""),"",IF(E151<J151,"Below",IF(E151>K151,"Above","In range"))) | J151: =IF(M151="","",IF(INDEX(Settings!$C$10:$C$18,M151)="","",INDEX(Settings!$C$10:$C$18,M151))) | K151: =IF(M151="","",IF(INDEX(Settings!$D$10:$D$18,M151)="","",INDEX(Settings!$D$10:$D$18,M151))) | L151: =IF(OR(B151="",E151=""),"",B151+MOD(N(C151),1)+ROW()/10000000) | M151: =IF(D151="","",IFERROR(MATCH(D151,Settings!$B$10:$B$18,0),"")) | N151: =IF(OR(B151="",E151="",M151=""),"",IF(AND(B151>=Settings!$C$6,B151<=Settings!$C$7),M151*10000+E151,"")) | O151: =IF(OR(B151="",E151=""),"",B151*10000+E151) | P151: =IF(N151="","",E151)
B152: 46289 | C152: 0.29513889 | D152: Fasting | E152: 111 | G152: =IF(OR(B152="",E152="",J152="",K152=""),"",IF(E152<J152,"Below",IF(E152>K152,"Above","In range"))) | J152: =IF(M152="","",IF(INDEX(Settings!$C$10:$C$18,M152)="","",INDEX(Settings!$C$10:$C$18,M152))) | K152: =IF(M152="","",IF(INDEX(Settings!$D$10:$D$18,M152)="","",INDEX(Settings!$D$10:$D$18,M152))) | L152: =IF(OR(B152="",E152=""),"",B152+MOD(N(C152),1)+ROW()/10000000) | M152: =IF(D152="","",IFERROR(MATCH(D152,Settings!$B$10:$B$18,0),"")) | N152: =IF(OR(B152="",E152="",M152=""),"",IF(AND(B152>=Settings!$C$6,B152<=Settings!$C$7),M152*10000+E152,"")) | O152: =IF(OR(B152="",E152=""),"",B152*10000+E152) | P152: =IF(N152="","",E152)
B153: 46289 | C153: 0.39583333 | D153: After breakfast | E153: 170 | G153: =IF(OR(B153="",E153="",J153="",K153=""),"",IF(E153<J153,"Below",IF(E153>K153,"Above","In range"))) | J153: =IF(M153="","",IF(INDEX(Settings!$C$10:$C$18,M153)="","",INDEX(Settings!$C$10:$C$18,M153))) | K153: =IF(M153="","",IF(INDEX(Settings!$D$10:$D$18,M153)="","",INDEX(Settings!$D$10:$D$18,M153))) | L153: =IF(OR(B153="",E153=""),"",B153+MOD(N(C153),1)+ROW()/10000000) | M153: =IF(D153="","",IFERROR(MATCH(D153,Settings!$B$10:$B$18,0),"")) | N153: =IF(OR(B153="",E153="",M153=""),"",IF(AND(B153>=Settings!$C$6,B153<=Settings!$C$7),M153*10000+E153,"")) | O153: =IF(OR(B153="",E153=""),"",B153*10000+E153) | P153: =IF(N153="","",E153)
B154: 46289 | C154: 0.77083333 | D154: Before dinner | E154: 115 | G154: =IF(OR(B154="",E154="",J154="",K154=""),"",IF(E154<J154,"Below",IF(E154>K154,"Above","In range"))) | J154: =IF(M154="","",IF(INDEX(Settings!$C$10:$C$18,M154)="","",INDEX(Settings!$C$10:$C$18,M154))) | K154: =IF(M154="","",IF(INDEX(Settings!$D$10:$D$18,M154)="","",INDEX(Settings!$D$10:$D$18,M154))) | L154: =IF(OR(B154="",E154=""),"",B154+MOD(N(C154),1)+ROW()/10000000) | M154: =IF(D154="","",IFERROR(MATCH(D154,Settings!$B$10:$B$18,0),"")) | N154: =IF(OR(B154="",E154="",M154=""),"",IF(AND(B154>=Settings!$C$6,B154<=Settings!$C$7),M154*10000+E154,"")) | O154: =IF(OR(B154="",E154=""),"",B154*10000+E154) | P154: =IF(N154="","",E154)
B155: 46290 | C155: 0.29166667 | D155: Fasting | E155: 112 | G155: =IF(OR(B155="",E155="",J155="",K155=""),"",IF(E155<J155,"Below",IF(E155>K155,"Above","In range"))) | J155: =IF(M155="","",IF(INDEX(Settings!$C$10:$C$18,M155)="","",INDEX(Settings!$C$10:$C$18,M155))) | K155: =IF(M155="","",IF(INDEX(Settings!$D$10:$D$18,M155)="","",INDEX(Settings!$D$10:$D$18,M155))) | L155: =IF(OR(B155="",E155=""),"",B155+MOD(N(C155),1)+ROW()/10000000) | M155: =IF(D155="","",IFERROR(MATCH(D155,Settings!$B$10:$B$18,0),"")) | N155: =IF(OR(B155="",E155="",M155=""),"",IF(AND(B155>=Settings!$C$6,B155<=Settings!$C$7),M155*10000+E155,"")) | O155: =IF(OR(B155="",E155=""),"",B155*10000+E155) | P155: =IF(N155="","",E155)
B156: 46290 | C156: 0.39583333 | D156: After breakfast | E156: 139 | G156: =IF(OR(B156="",E156="",J156="",K156=""),"",IF(E156<J156,"Below",IF(E156>K156,"Above","In range"))) | J156: =IF(M156="","",IF(INDEX(Settings!$C$10:$C$18,M156)="","",INDEX(Settings!$C$10:$C$18,M156))) | K156: =IF(M156="","",IF(INDEX(Settings!$D$10:$D$18,M156)="","",INDEX(Settings!$D$10:$D$18,M156))) | L156: =IF(OR(B156="",E156=""),"",B156+MOD(N(C156),1)+ROW()/10000000) | M156: =IF(D156="","",IFERROR(MATCH(D156,Settings!$B$10:$B$18,0),"")) | N156: =IF(OR(B156="",E156="",M156=""),"",IF(AND(B156>=Settings!$C$6,B156<=Settings!$C$7),M156*10000+E156,"")) | O156: =IF(OR(B156="",E156=""),"",B156*10000+E156) | P156: =IF(N156="","",E156)
B157: 46290 | C157: 0.76041667 | D157: Before dinner | E157: 104 | G157: =IF(OR(B157="",E157="",J157="",K157=""),"",IF(E157<J157,"Below",IF(E157>K157,"Above","In range"))) | J157: =IF(M157="","",IF(INDEX(Settings!$C$10:$C$18,M157)="","",INDEX(Settings!$C$10:$C$18,M157))) | K157: =IF(M157="","",IF(INDEX(Settings!$D$10:$D$18,M157)="","",INDEX(Settings!$D$10:$D$18,M157))) | L157: =IF(OR(B157="",E157=""),"",B157+MOD(N(C157),1)+ROW()/10000000) | M157: =IF(D157="","",IFERROR(MATCH(D157,Settings!$B$10:$B$18,0),"")) | N157: =IF(OR(B157="",E157="",M157=""),"",IF(AND(B157>=Settings!$C$6,B157<=Settings!$C$7),M157*10000+E157,"")) | O157: =IF(OR(B157="",E157=""),"",B157*10000+E157) | P157: =IF(N157="","",E157)
B158: 46291 | C158: 0.13194444 | D158: Night | E158: 102 | F158: Woke up, checked | G158: =IF(OR(B158="",E158="",J158="",K158=""),"",IF(E158<J158,"Below",IF(E158>K158,"Above","In range"))) | J158: =IF(M158="","",IF(INDEX(Settings!$C$10:$C$18,M158)="","",INDEX(Settings!$C$10:$C$18,M158))) | K158: =IF(M158="","",IF(INDEX(Settings!$D$10:$D$18,M158)="","",INDEX(Settings!$D$10:$D$18,M158))) | L158: =IF(OR(B158="",E158=""),"",B158+MOD(N(C158),1)+ROW()/10000000) | M158: =IF(D158="","",IFERROR(MATCH(D158,Settings!$B$10:$B$18,0),"")) | N158: =IF(OR(B158="",E158="",M158=""),"",IF(AND(B158>=Settings!$C$6,B158<=Settings!$C$7),M158*10000+E158,"")) | O158: =IF(OR(B158="",E158=""),"",B158*10000+E158) | P158: =IF(N158="","",E158)
...

Sheet Medicines
B2: Medicines
B3: What you take and when. Up to four times a day. Tick them off on the Doses tab.
B5: Medicine | C5: Dose | D5: Time 1 | E5: Time 2 | F5: Time 3 | G5: Time 4 | H5: With food | I5: Started | J5: Stopped | K5: Notes | L5: Status | M5: A day | N5: Today | O5: Left
B6: Tablet A | C6: 1 tablet | D6: 0.33333333 | E6: 0.83333333 | H6: Yes | I6: 45717 | L6: =IF(B6="","",IF(AND(J6<>"",J6<=TODAY()),"Stopped",IF(AND(I6<>"",I6>TODAY()),"Not started","Taking"))) | M6: =IF(L6<>"Taking","",COUNT(D6:G6)) | N6: =IF(B6="","",COUNTIFS(Doses!$B$6:$B$2005,TODAY(),Doses!$D$6:$D$2005,B6)) | O6: =IF(L6<>"Taking","",MAX(0,M6-N6)) | P6: =IF(OR(L6<>"Taking",D6=""),"",MOD(D6,1)+(61)/10000000) | Q6: =IF(OR(L6<>"Taking",E6=""),"",MOD(E6,1)+(62)/10000000) | R6: =IF(OR(L6<>"Taking",F6=""),"",MOD(F6,1)+(63)/10000000) | S6: =IF(OR(L6<>"Taking",G6=""),"",MOD(G6,1)+(64)/10000000) | T6: =IF(D6="","",(D6<>"")*(N(D6)<=N(D6))+(E6<>"")*(N(E6)<=N(D6))+(F6<>"")*(N(F6)<=N(D6))+(G6<>"")*(N(G6)<=N(D6))) | U6: =IF(E6="","",(D6<>"")*(N(D6)<=N(E6))+(E6<>"")*(N(E6)<=N(E6))+(F6<>"")*(N(F6)<=N(E6))+(G6<>"")*(N(G6)<=N(E6))) | V6: =IF(F6="","",(D6<>"")*(N(D6)<=N(F6))+(E6<>"")*(N(E6)<=N(F6))+(F6<>"")*(N(F6)<=N(F6))+(G6<>"")*(N(G6)<=N(F6))) | W6: =IF(G6="","",(D6<>"")*(N(D6)<=N(G6))+(E6<>"")*(N(E6)<=N(G6))+(F6<>"")*(N(F6)<=N(G6))+(G6<>"")*(N(G6)<=N(G6))) | X6: =IF(L6="Taking",ROW(),"")
B7: Tablet B | C7: 1 tablet | D7: 0.33333333 | H7: Yes | I7: 46154 | L7: =IF(B7="","",IF(AND(J7<>"",J7<=TODAY()),"Stopped",IF(AND(I7<>"",I7>TODAY()),"Not started","Taking"))) | M7: =IF(L7<>"Taking","",COUNT(D7:G7)) | N7: =IF(B7="","",COUNTIFS(Doses!$B$6:$B$2005,TODAY(),Doses!$D$6:$D$2005,B7)) | O7: =IF(L7<>"Taking","",MAX(0,M7-N7)) | P7: =IF(OR(L7<>"Taking",D7=""),"",MOD(D7,1)+(71)/10000000) | Q7: =IF(OR(L7<>"Taking",E7=""),"",MOD(E7,1)+(72)/10000000) | R7: =IF(OR(L7<>"Taking",F7=""),"",MOD(F7,1)+(73)/10000000) | S7: =IF(OR(L7<>"Taking",G7=""),"",MOD(G7,1)+(74)/10000000) | T7: =IF(D7="","",(D7<>"")*(N(D7)<=N(D7))+(E7<>"")*(N(E7)<=N(D7))+(F7<>"")*(N(F7)<=N(D7))+(G7<>"")*(N(G7)<=N(D7))) | U7: =IF(E7="","",(D7<>"")*(N(D7)<=N(E7))+(E7<>"")*(N(E7)<=N(E7))+(F7<>"")*(N(F7)<=N(E7))+(G7<>"")*(N(G7)<=N(E7))) | V7: =IF(F7="","",(D7<>"")*(N(D7)<=N(F7))+(E7<>"")*(N(E7)<=N(F7))+(F7<>"")*(N(F7)<=N(F7))+(G7<>"")*(N(G7)<=N(F7))) | W7: =IF(G7="","",(D7<>"")*(N(D7)<=N(G7))+(E7<>"")*(N(E7)<=N(G7))+(F7<>"")*(N(F7)<=N(G7))+(G7<>"")*(N(G7)<=N(G7))) | X7: =IF(L7="Taking",ROW(),"")
B8: Vitamin D | C8: 1 capsule | D8: 0.33333333 | I8: 46032 | K8: Winter months | L8: =IF(B8="","",IF(AND(J8<>"",J8<=TODAY()),"Stopped",IF(AND(I8<>"",I8>TODAY()),"Not started","Taking"))) | M8: =IF(L8<>"Taking","",COUNT(D8:G8)) | N8: =IF(B8="","",COUNTIFS(Doses!$B$6:$B$2005,TODAY(),Doses!$D$6:$D$2005,B8)) | O8: =IF(L8<>"Taking","",MAX(0,M8-N8)) | P8: =IF(OR(L8<>"Taking",D8=""),"",MOD(D8,1)+(81)/10000000) | Q8: =IF(OR(L8<>"Taking",E8=""),"",MOD(E8,1)+(82)/10000000) | R8: =IF(OR(L8<>"Taking",F8=""),"",MOD(F8,1)+(83)/10000000) | S8: =IF(OR(L8<>"Taking",G8=""),"",MOD(G8,1)+(84)/10000000) | T8: =IF(D8="","",(D8<>"")*(N(D8)<=N(D8))+(E8<>"")*(N(E8)<=N(D8))+(F8<>"")*(N(F8)<=N(D8))+(G8<>"")*(N(G8)<=N(D8))) | U8: =IF(E8="","",(D8<>"")*(N(D8)<=N(E8))+(E8<>"")*(N(E8)<=N(E8))+(F8<>"")*(N(F8)<=N(E8))+(G8<>"")*(N(G8)<=N(E8))) | V8: =IF(F8="","",(D8<>"")*(N(D8)<=N(F8))+(E8<>"")*(N(E8)<=N(F8))+(F8<>"")*(N(F8)<=N(F8))+(G8<>"")*(N(G8)<=N(F8))) | W8: =IF(G8="","",(D8<>"")*(N(D8)<=N(G8))+(E8<>"")*(N(E8)<=N(G8))+(F8<>"")*(N(F8)<=N(G8))+(G8<>"")*(N(G8)<=N(G8))) | X8: =IF(L8="Taking",ROW(),"")
B9: Tablet C | C9: 1 tablet | D9: 0.91666667 | I9: 45901 | L9: =IF(B9="","",IF(AND(J9<>"",J9<=TODAY()),"Stopped",IF(AND(I9<>"",I9>TODAY()),"Not started","Taking"))) | M9: =IF(L9<>"Taking","",COUNT(D9:G9)) | N9: =IF(B9="","",COUNTIFS(Doses!$B$6:$B$2005,TODAY(),Doses!$D$6:$D$2005,B9)) | O9: =IF(L9<>"Taking","",MAX(0,M9-N9)) | P9: =IF(OR(L9<>"Taking",D9=""),"",MOD(D9,1)+(91)/10000000) | Q9: =IF(OR(L9<>"Taking",E9=""),"",MOD(E9,1)+(92)/10000000) | R9: =IF(OR(L9<>"Taking",F9=""),"",MOD(F9,1)+(93)/10000000) | S9: =IF(OR(L9<>"Taking",G9=""),"",MOD(G9,1)+(94)/10000000) | T9: =IF(D9="","",(D9<>"")*(N(D9)<=N(D9))+(E9<>"")*(N(E9)<=N(D9))+(F9<>"")*(N(F9)<=N(D9))+(G9<>"")*(N(G9)<=N(D9))) | U9: =IF(E9="","",(D9<>"")*(N(D9)<=N(E9))+(E9<>"")*(N(E9)<=N(E9))+(F9<>"")*(N(F9)<=N(E9))+(G9<>"")*(N(G9)<=N(E9))) | V9: =IF(F9="","",(D9<>"")*(N(D9)<=N(F9))+(E9<>"")*(N(E9)<=N(F9))+(F9<>"")*(N(F9)<=N(F9))+(G9<>"")*(N(G9)<=N(F9))) | W9: =IF(G9="","",(D9<>"")*(N(D9)<=N(G9))+(E9<>"")*(N(E9)<=N(G9))+(F9<>"")*(N(F9)<=N(G9))+(G9<>"")*(N(G9)<=N(G9))) | X9: =IF(L9="Taking",ROW(),"")
B10: Old tablet | C10: 1 tablet | D10: 0.5 | H10: Yes | I10: 45717 | J10: 46279 | K10: Stopped at the last check-up | L10: =IF(B10="","",IF(AND(J10<>"",J10<=TODAY()),"Stopped",IF(AND(I10<>"",I10>TODAY()),"Not started","Taking"))) | M10: =IF(L10<>"Taking","",COUNT(D10:G10)) | N10: =IF(B10="","",COUNTIFS(Doses!$B$6:$B$2005,TODAY(),Doses!$D$6:$D$2005,B10)) | O10: =IF(L10<>"Taking","",MAX(0,M10-N10)) | P10: =IF(OR(L10<>"Taking",D10=""),"",MOD(D10,1)+(101)/10000000) | Q10: =IF(OR(L10<>"Taking",E10=""),"",MOD(E10,1)+(102)/10000000) | R10: =IF(OR(L10<>"Taking",F10=""),"",MOD(F10,1)+(103)/10000000) | S10: =IF(OR(L10<>"Taking",G10=""),"",MOD(G10,1)+(104)/10000000) | T10: =IF(D10="","",(D10<>"")*(N(D10)<=N(D10))+(E10<>"")*(N(E10)<=N(D10))+(F10<>"")*(N(F10)<=N(D10))+(G10<>"")*(N(G10)<=N(D10))) | U10: =IF(E10="","",(D10<>"")*(N(D10)<=N(E10))+(E10<>"")*(N(E10)<=N(E10))+(F10<>"")*(N(F10)<=N(E10))+(G10<>"")*(N(G10)<=N(E10))) | V10: =IF(F10="","",(D10<>"")*(N(D10)<=N(F10))+(E10<>"")*(N(E10)<=N(F10))+(F10<>"")*(N(F10)<=N(F10))+(G10<>"")*(N(G10)<=N(F10))) | W10: =IF(G10="","",(D10<>"")*(N(D10)<=N(G10))+(E10<>"")*(N(E10)<=N(G10))+(F10<>"")*(N(F10)<=N(G10))+(G10<>"")*(N(G10)<=N(G10))) | X10: =IF(L10="Taking",ROW(),"")
L11: =IF(B11="","",IF(AND(J11<>"",J11<=TODAY()),"Stopped",IF(AND(I11<>"",I11>TODAY()),"Not started","Taking"))) | M11: =IF(L11<>"Taking","",COUNT(D11:G11)) | N11: =IF(B11="","",COUNTIFS(Doses!$B$6:$B$2005,TODAY(),Doses!$D$6:$D$2005,B11)) | O11: =IF(L11<>"Taking","",MAX(0,M11-N11)) | P11: =IF(OR(L11<>"Taking",D11=""),"",MOD(D11,1)+(111)/10000000) | Q11: =IF(OR(L11<>"Taking",E11=""),"",MOD(E11,1)+(112)/10000000) | R11: =IF(OR(L11<>"Taking",F11=""),"",MOD(F11,1)+(113)/10000000) | S11: =IF(OR(L11<>"Taking",G11=""),"",MOD(G11,1)+(114)/10000000) | T11: =IF(D11="","",(D11<>"")*(N(D11)<=N(D11))+(E11<>"")*(N(E11)<=N(D11))+(F11<>"")*(N(F11)<=N(D11))+(G11<>"")*(N(G11)<=N(D11))) | U11: =IF(E11="","",(D11<>"")*(N(D11)<=N(E11))+(E11<>"")*(N(E11)<=N(E11))+(F11<>"")*(N(F11)<=N(E11))+(G11<>"")*(N(G11)<=N(E11))) | V11: =IF(F11="","",(D11<>"")*(N(D11)<=N(F11))+(E11<>"")*(N(E11)<=N(F11))+(F11<>"")*(N(F11)<=N(F11))+(G11<>"")*(N(G11)<=N(F11))) | W11: =IF(G11="","",(D11<>"")*(N(D11)<=N(G11))+(E11<>"")*(N(E11)<=N(G11))+(F11<>"")*(N(F11)<=N(G11))+(G11<>"")*(N(G11)<=N(G11))) | X11: =IF(L11="Taking",ROW(),"")
L12: =IF(B12="","",IF(AND(J12<>"",J12<=TODAY()),"Stopped",IF(AND(I12<>"",I12>TODAY()),"Not started","Taking"))) | M12: =IF(L12<>"Taking","",COUNT(D12:G12)) | N12: =IF(B12="","",COUNTIFS(Doses!$B$6:$B$2005,TODAY(),Doses!$D$6:$D$2005,B12)) | O12: =IF(L12<>"Taking","",MAX(0,M12-N12)) | P12: =IF(OR(L12<>"Taking",D12=""),"",MOD(D12,1)+(121)/10000000) | Q12: =IF(OR(L12<>"Taking",E12=""),"",MOD(E12,1)+(122)/10000000) | R12: =IF(OR(L12<>"Taking",F12=""),"",MOD(F12,1)+(123)/10000000) | S12: =IF(OR(L12<>"Taking",G12=""),"",MOD(G12,1)+(124)/10000000) | T12: =IF(D12="","",(D12<>"")*(N(D12)<=N(D12))+(E12<>"")*(N(E12)<=N(D12))+(F12<>"")*(N(F12)<=N(D12))+(G12<>"")*(N(G12)<=N(D12))) | U12: =IF(E12="","",(D12<>"")*(N(D12)<=N(E12))+(E12<>"")*(N(E12)<=N(E12))+(F12<>"")*(N(F12)<=N(E12))+(G12<>"")*(N(G12)<=N(E12))) | V12: =IF(F12="","",(D12<>"")*(N(D12)<=N(F12))+(E12<>"")*(N(E12)<=N(F12))+(F12<>"")*(N(F12)<=N(F12))+(G12<>"")*(N(G12)<=N(F12))) | W12: =IF(G12="","",(D12<>"")*(N(D12)<=N(G12))+(E12<>"")*(N(E12)<=N(G12))+(F12<>"")*(N(F12)<=N(G12))+(G12<>"")*(N(G12)<=N(G12))) | X12: =IF(L12="Taking",ROW(),"")
L13: =IF(B13="","",IF(AND(J13<>"",J13<=TODAY()),"Stopped",IF(AND(I13<>"",I13>TODAY()),"Not started","Taking"))) | M13: =IF(L13<>"Taking","",COUNT(D13:G13)) | N13: =IF(B13="","",COUNTIFS(Doses!$B$6:$B$2005,TODAY(),Doses!$D$6:$D$2005,B13)) | O13: =IF(L13<>"Taking","",MAX(0,M13-N13)) | P13: =IF(OR(L13<>"Taking",D13=""),"",MOD(D13,1)+(131)/10000000) | Q13: =IF(OR(L13<>"Taking",E13=""),"",MOD(E13,1)+(132)/10000000) | R13: =IF(OR(L13<>"Taking",F13=""),"",MOD(F13,1)+(133)/10000000) | S13: =IF(OR(L13<>"Taking",G13=""),"",MOD(G13,1)+(134)/10000000) | T13: =IF(D13="","",(D13<>"")*(N(D13)<=N(D13))+(E13<>"")*(N(E13)<=N(D13))+(F13<>"")*(N(F13)<=N(D13))+(G13<>"")*(N(G13)<=N(D13))) | U13: =IF(E13="","",(D13<>"")*(N(D13)<=N(E13))+(E13<>"")*(N(E13)<=N(E13))+(F13<>"")*(N(F13)<=N(E13))+(G13<>"")*(N(G13)<=N(E13))) | V13: =IF(F13="","",(D13<>"")*(N(D13)<=N(F13))+(E13<>"")*(N(E13)<=N(F13))+(F13<>"")*(N(F13)<=N(F13))+(G13<>"")*(N(G13)<=N(F13))) | W13: =IF(G13="","",(D13<>"")*(N(D13)<=N(G13))+(E13<>"")*(N(E13)<=N(G13))+(F13<>"")*(N(F13)<=N(G13))+(G13<>"")*(N(G13)<=N(G13))) | X13: =IF(L13="Taking",ROW(),"")
L14: =IF(B14="","",IF(AND(J14<>"",J14<=TODAY()),"Stopped",IF(AND(I14<>"",I14>TODAY()),"Not started","Taking"))) | M14: =IF(L14<>"Taking","",COUNT(D14:G14)) | N14: =IF(B14="","",COUNTIFS(Doses!$B$6:$B$2005,TODAY(),Doses!$D$6:$D$2005,B14)) | O14: =IF(L14<>"Taking","",MAX(0,M14-N14)) | P14: =IF(OR(L14<>"Taking",D14=""),"",MOD(D14,1)+(141)/10000000) | Q14: =IF(OR(L14<>"Taking",E14=""),"",MOD(E14,1)+(142)/10000000) | R14: =IF(OR(L14<>"Taking",F14=""),"",MOD(F14,1)+(143)/10000000) | S14: =IF(OR(L14<>"Taking",G14=""),"",MOD(G14,1)+(144)/10000000) | T14: =IF(D14="","",(D14<>"")*(N(D14)<=N(D14))+(E14<>"")*(N(E14)<=N(D14))+(F14<>"")*(N(F14)<=N(D14))+(G14<>"")*(N(G14)<=N(D14))) | U14: =IF(E14="","",(D14<>"")*(N(D14)<=N(E14))+(E14<>"")*(N(E14)<=N(E14))+(F14<>"")*(N(F14)<=N(E14))+(G14<>"")*(N(G14)<=N(E14))) | V14: =IF(F14="","",(D14<>"")*(N(D14)<=N(F14))+(E14<>"")*(N(E14)<=N(F14))+(F14<>"")*(N(F14)<=N(F14))+(G14<>"")*(N(G14)<=N(F14))) | W14: =IF(G14="","",(D14<>"")*(N(D14)<=N(G14))+(E14<>"")*(N(E14)<=N(G14))+(F14<>"")*(N(F14)<=N(G14))+(G14<>"")*(N(G14)<=N(G14))) | X14: =IF(L14="Taking",ROW(),"")
L15: =IF(B15="","",IF(AND(J15<>"",J15<=TODAY()),"Stopped",IF(AND(I15<>"",I15>TODAY()),"Not started","Taking"))) | M15: =IF(L15<>"Taking","",COUNT(D15:G15)) | N15: =IF(B15="","",COUNTIFS(Doses!$B$6:$B$2005,TODAY(),Doses!$D$6:$D$2005,B15)) | O15: =IF(L15<>"Taking","",MAX(0,M15-N15)) | P15: =IF(OR(L15<>"Taking",D15=""),"",MOD(D15,1)+(151)/10000000) | Q15: =IF(OR(L15<>"Taking",E15=""),"",MOD(E15,1)+(152)/10000000) | R15: =IF(OR(L15<>"Taking",F15=""),"",MOD(F15,1)+(153)/10000000) | S15: =IF(OR(L15<>"Taking",G15=""),"",MOD(G15,1)+(154)/10000000) | T15: =IF(D15="","",(D15<>"")*(N(D15)<=N(D15))+(E15<>"")*(N(E15)<=N(D15))+(F15<>"")*(N(F15)<=N(D15))+(G15<>"")*(N(G15)<=N(D15))) | U15: =IF(E15="","",(D15<>"")*(N(D15)<=N(E15))+(E15<>"")*(N(E15)<=N(E15))+(F15<>"")*(N(F15)<=N(E15))+(G15<>"")*(N(G15)<=N(E15))) | V15: =IF(F15="","",(D15<>"")*(N(D15)<=N(F15))+(E15<>"")*(N(E15)<=N(F15))+(F15<>"")*(N(F15)<=N(F15))+(G15<>"")*(N(G15)<=N(F15))) | W15: =IF(G15="","",(D15<>"")*(N(D15)<=N(G15))+(E15<>"")*(N(E15)<=N(G15))+(F15<>"")*(N(F15)<=N(G15))+(G15<>"")*(N(G15)<=N(G15))) | X15: =IF(L15="Taking",ROW(),"")
L16: =IF(B16="","",IF(AND(J16<>"",J16<=TODAY()),"Stopped",IF(AND(I16<>"",I16>TODAY()),"Not started","Taking"))) | M16: =IF(L16<>"Taking","",COUNT(D16:G16)) | N16: =IF(B16="","",COUNTIFS(Doses!$B$6:$B$2005,TODAY(),Doses!$D$6:$D$2005,B16)) | O16: =IF(L16<>"Taking","",MAX(0,M16-N16)) | P16: =IF(OR(L16<>"Taking",D16=""),"",MOD(D16,1)+(161)/10000000) | Q16: =IF(OR(L16<>"Taking",E16=""),"",MOD(E16,1)+(162)/10000000) | R16: =IF(OR(L16<>"Taking",F16=""),"",MOD(F16,1)+(163)/10000000) | S16: =IF(OR(L16<>"Taking",G16=""),"",MOD(G16,1)+(164)/10000000) | T16: =IF(D16="","",(D16<>"")*(N(D16)<=N(D16))+(E16<>"")*(N(E16)<=N(D16))+(F16<>"")*(N(F16)<=N(D16))+(G16<>"")*(N(G16)<=N(D16))) | U16: =IF(E16="","",(D16<>"")*(N(D16)<=N(E16))+(E16<>"")*(N(E16)<=N(E16))+(F16<>"")*(N(F16)<=N(E16))+(G16<>"")*(N(G16)<=N(E16))) | V16: =IF(F16="","",(D16<>"")*(N(D16)<=N(F16))+(E16<>"")*(N(E16)<=N(F16))+(F16<>"")*(N(F16)<=N(F16))+(G16<>"")*(N(G16)<=N(F16))) | W16: =IF(G16="","",(D16<>"")*(N(D16)<=N(G16))+(E16<>"")*(N(E16)<=N(G16))+(F16<>"")*(N(F16)<=N(G16))+(G16<>"")*(N(G16)<=N(G16))) | X16: =IF(L16="Taking",ROW(),"")
L17: =IF(B17="","",IF(AND(J17<>"",J17<=TODAY()),"Stopped",IF(AND(I17<>"",I17>TODAY()),"Not started","Taking"))) | M17: =IF(L17<>"Taking","",COUNT(D17:G17)) | N17: =IF(B17="","",COUNTIFS(Doses!$B$6:$B$2005,TODAY(),Doses!$D$6:$D$2005,B17)) | O17: =IF(L17<>"Taking","",MAX(0,M17-N17)) | P17: =IF(OR(L17<>"Taking",D17=""),"",MOD(D17,1)+(171)/10000000) | Q17: =IF(OR(L17<>"Taking",E17=""),"",MOD(E17,1)+(172)/10000000) | R17: =IF(OR(L17<>"Taking",F17=""),"",MOD(F17,1)+(173)/10000000) | S17: =IF(OR(L17<>"Taking",G17=""),"",MOD(G17,1)+(174)/10000000) | T17: =IF(D17="","",(D17<>"")*(N(D17)<=N(D17))+(E17<>"")*(N(E17)<=N(D17))+(F17<>"")*(N(F17)<=N(D17))+(G17<>"")*(N(G17)<=N(D17))) | U17: =IF(E17="","",(D17<>"")*(N(D17)<=N(E17))+(E17<>"")*(N(E17)<=N(E17))+(F17<>"")*(N(F17)<=N(E17))+(G17<>"")*(N(G17)<=N(E17))) | V17: =IF(F17="","",(D17<>"")*(N(D17)<=N(F17))+(E17<>"")*(N(E17)<=N(F17))+(F17<>"")*(N(F17)<=N(F17))+(G17<>"")*(N(G17)<=N(F17))) | W17: =IF(G17="","",(D17<>"")*(N(D17)<=N(G17))+(E17<>"")*(N(E17)<=N(G17))+(F17<>"")*(N(F17)<=N(G17))+(G17<>"")*(N(G17)<=N(G17))) | X17: =IF(L17="Taking",ROW(),"")
L18: =IF(B18="","",IF(AND(J18<>"",J18<=TODAY()),"Stopped",IF(AND(I18<>"",I18>TODAY()),"Not started","Taking"))) | M18: =IF(L18<>"Taking","",COUNT(D18:G18)) | N18: =IF(B18="","",COUNTIFS(Doses!$B$6:$B$2005,TODAY(),Doses!$D$6:$D$2005,B18)) | O18: =IF(L18<>"Taking","",MAX(0,M18-N18)) | P18: =IF(OR(L18<>"Taking",D18=""),"",MOD(D18,1)+(181)/10000000) | Q18: =IF(OR(L18<>"Taking",E18=""),"",MOD(E18,1)+(182)/10000000) | R18: =IF(OR(L18<>"Taking",F18=""),"",MOD(F18,1)+(183)/10000000) | S18: =IF(OR(L18<>"Taking",G18=""),"",MOD(G18,1)+(184)/10000000) | T18: =IF(D18="","",(D18<>"")*(N(D18)<=N(D18))+(E18<>"")*(N(E18)<=N(D18))+(F18<>"")*(N(F18)<=N(D18))+(G18<>"")*(N(G18)<=N(D18))) | U18: =IF(E18="","",(D18<>"")*(N(D18)<=N(E18))+(E18<>"")*(N(E18)<=N(E18))+(F18<>"")*(N(F18)<=N(E18))+(G18<>"")*(N(G18)<=N(E18))) | V18: =IF(F18="","",(D18<>"")*(N(D18)<=N(F18))+(E18<>"")*(N(E18)<=N(F18))+(F18<>"")*(N(F18)<=N(F18))+(G18<>"")*(N(G18)<=N(F18))) | W18: =IF(G18="","",(D18<>"")*(N(D18)<=N(G18))+(E18<>"")*(N(E18)<=N(G18))+(F18<>"")*(N(F18)<=N(G18))+(G18<>"")*(N(G18)<=N(G18))) | X18: =IF(L18="Taking",ROW(),"")
L19: =IF(B19="","",IF(AND(J19<>"",J19<=TODAY()),"Stopped",IF(AND(I19<>"",I19>TODAY()),"Not started","Taking"))) | M19: =IF(L19<>"Taking","",COUNT(D19:G19)) | N19: =IF(B19="","",COUNTIFS(Doses!$B$6:$B$2005,TODAY(),Doses!$D$6:$D$2005,B19)) | O19: =IF(L19<>"Taking","",MAX(0,M19-N19)) | P19: =IF(OR(L19<>"Taking",D19=""),"",MOD(D19,1)+(191)/10000000) | Q19: =IF(OR(L19<>"Taking",E19=""),"",MOD(E19,1)+(192)/10000000) | R19: =IF(OR(L19<>"Taking",F19=""),"",MOD(F19,1)+(193)/10000000) | S19: =IF(OR(L19<>"Taking",G19=""),"",MOD(G19,1)+(194)/10000000) | T19: =IF(D19="","",(D19<>"")*(N(D19)<=N(D19))+(E19<>"")*(N(E19)<=N(D19))+(F19<>"")*(N(F19)<=N(D19))+(G19<>"")*(N(G19)<=N(D19))) | U19: =IF(E19="","",(D19<>"")*(N(D19)<=N(E19))+(E19<>"")*(N(E19)<=N(E19))+(F19<>"")*(N(F19)<=N(E19))+(G19<>"")*(N(G19)<=N(E19))) | V19: =IF(F19="","",(D19<>"")*(N(D19)<=N(F19))+(E19<>"")*(N(E19)<=N(F19))+(F19<>"")*(N(F19)<=N(F19))+(G19<>"")*(N(G19)<=N(F19))) | W19: =IF(G19="","",(D19<>"")*(N(D19)<=N(G19))+(E19<>"")*(N(E19)<=N(G19))+(F19<>"")*(N(F19)<=N(G19))+(G19<>"")*(N(G19)<=N(G19))) | X19: =IF(L19="Taking",ROW(),"")
L20: =IF(B20="","",IF(AND(J20<>"",J20<=TODAY()),"Stopped",IF(AND(I20<>"",I20>TODAY()),"Not started","Taking"))) | M20: =IF(L20<>"Taking","",COUNT(D20:G20)) | N20: =IF(B20="","",COUNTIFS(Doses!$B$6:$B$2005,TODAY(),Doses!$D$6:$D$2005,B20)) | O20: =IF(L20<>"Taking","",MAX(0,M20-N20)) | P20: =IF(OR(L20<>"Taking",D20=""),"",MOD(D20,1)+(201)/10000000) | Q20: =IF(OR(L20<>"Taking",E20=""),"",MOD(E20,1)+(202)/10000000) | R20: =IF(OR(L20<>"Taking",F20=""),"",MOD(F20,1)+(203)/10000000) | S20: =IF(OR(L20<>"Taking",G20=""),"",MOD(G20,1)+(204)/10000000) | T20: =IF(D20="","",(D20<>"")*(N(D20)<=N(D20))+(E20<>"")*(N(E20)<=N(D20))+(F20<>"")*(N(F20)<=N(D20))+(G20<>"")*(N(G20)<=N(D20))) | U20: =IF(E20="","",(D20<>"")*(N(D20)<=N(E20))+(E20<>"")*(N(E20)<=N(E20))+(F20<>"")*(N(F20)<=N(E20))+(G20<>"")*(N(G20)<=N(E20))) | V20: =IF(F20="","",(D20<>"")*(N(D20)<=N(F20))+(E20<>"")*(N(E20)<=N(F20))+(F20<>"")*(N(F20)<=N(F20))+(G20<>"")*(N(G20)<=N(F20))) | W20: =IF(G20="","",(D20<>"")*(N(D20)<=N(G20))+(E20<>"")*(N(E20)<=N(G20))+(F20<>"")*(N(F20)<=N(G20))+(G20<>"")*(N(G20)<=N(G20))) | X20: =IF(L20="Taking",ROW(),"")
L21: =IF(B21="","",IF(AND(J21<>"",J21<=TODAY()),"Stopped",IF(AND(I21<>"",I21>TODAY()),"Not started","Taking"))) | M21: =IF(L21<>"Taking","",COUNT(D21:G21)) | N21: =IF(B21="","",COUNTIFS(Doses!$B$6:$B$2005,TODAY(),Doses!$D$6:$D$2005,B21)) | O21: =IF(L21<>"Taking","",MAX(0,M21-N21)) | P21: =IF(OR(L21<>"Taking",D21=""),"",MOD(D21,1)+(211)/10000000) | Q21: =IF(OR(L21<>"Taking",E21=""),"",MOD(E21,1)+(212)/10000000) | R21: =IF(OR(L21<>"Taking",F21=""),"",MOD(F21,1)+(213)/10000000) | S21: =IF(OR(L21<>"Taking",G21=""),"",MOD(G21,1)+(214)/10000000) | T21: =IF(D21="","",(D21<>"")*(N(D21)<=N(D21))+(E21<>"")*(N(E21)<=N(D21))+(F21<>"")*(N(F21)<=N(D21))+(G21<>"")*(N(G21)<=N(D21))) | U21: =IF(E21="","",(D21<>"")*(N(D21)<=N(E21))+(E21<>"")*(N(E21)<=N(E21))+(F21<>"")*(N(F21)<=N(E21))+(G21<>"")*(N(G21)<=N(E21))) | V21: =IF(F21="","",(D21<>"")*(N(D21)<=N(F21))+(E21<>"")*(N(E21)<=N(F21))+(F21<>"")*(N(F21)<=N(F21))+(G21<>"")*(N(G21)<=N(F21))) | W21: =IF(G21="","",(D21<>"")*(N(D21)<=N(G21))+(E21<>"")*(N(E21)<=N(G21))+(F21<>"")*(N(F21)<=N(G21))+(G21<>"")*(N(G21)<=N(G21))) | X21: =IF(L21="Taking",ROW(),"")
L22: =IF(B22="","",IF(AND(J22<>"",J22<=TODAY()),"Stopped",IF(AND(I22<>"",I22>TODAY()),"Not started","Taking"))) | M22: =IF(L22<>"Taking","",COUNT(D22:G22)) | N22: =IF(B22="","",COUNTIFS(Doses!$B$6:$B$2005,TODAY(),Doses!$D$6:$D$2005,B22)) | O22: =IF(L22<>"Taking","",MAX(0,M22-N22)) | P22: =IF(OR(L22<>"Taking",D22=""),"",MOD(D22,1)+(221)/10000000) | Q22: =IF(OR(L22<>"Taking",E22=""),"",MOD(E22,1)+(222)/10000000) | R22: =IF(OR(L22<>"Taking",F22=""),"",MOD(F22,1)+(223)/10000000) | S22: =IF(OR(L22<>"Taking",G22=""),"",MOD(G22,1)+(224)/10000000) | T22: =IF(D22="","",(D22<>"")*(N(D22)<=N(D22))+(E22<>"")*(N(E22)<=N(D22))+(F22<>"")*(N(F22)<=N(D22))+(G22<>"")*(N(G22)<=N(D22))) | U22: =IF(E22="","",(D22<>"")*(N(D22)<=N(E22))+(E22<>"")*(N(E22)<=N(E22))+(F22<>"")*(N(F22)<=N(E22))+(G22<>"")*(N(G22)<=N(E22))) | V22: =IF(F22="","",(D22<>"")*(N(D22)<=N(F22))+(E22<>"")*(N(E22)<=N(F22))+(F22<>"")*(N(F22)<=N(F22))+(G22<>"")*(N(G22)<=N(F22))) | W22: =IF(G22="","",(D22<>"")*(N(D22)<=N(G22))+(E22<>"")*(N(E22)<=N(G22))+(F22<>"")*(N(F22)<=N(G22))+(G22<>"")*(N(G22)<=N(G22))) | X22: =IF(L22="Taking",ROW(),"")
L23: =IF(B23="","",IF(AND(J23<>"",J23<=TODAY()),"Stopped",IF(AND(I23<>"",I23>TODAY()),"Not started","Taking"))) | M23: =IF(L23<>"Taking","",COUNT(D23:G23)) | N23: =IF(B23="","",COUNTIFS(Doses!$B$6:$B$2005,TODAY(),Doses!$D$6:$D$2005,B23)) | O23: =IF(L23<>"Taking","",MAX(0,M23-N23)) | P23: =IF(OR(L23<>"Taking",D23=""),"",MOD(D23,1)+(231)/10000000) | Q23: =IF(OR(L23<>"Taking",E23=""),"",MOD(E23,1)+(232)/10000000) | R23: =IF(OR(L23<>"Taking",F23=""),"",MOD(F23,1)+(233)/10000000) | S23: =IF(OR(L23<>"Taking",G23=""),"",MOD(G23,1)+(234)/10000000) | T23: =IF(D23="","",(D23<>"")*(N(D23)<=N(D23))+(E23<>"")*(N(E23)<=N(D23))+(F23<>"")*(N(F23)<=N(D23))+(G23<>"")*(N(G23)<=N(D23))) | U23: =IF(E23="","",(D23<>"")*(N(D23)<=N(E23))+(E23<>"")*(N(E23)<=N(E23))+(F23<>"")*(N(F23)<=N(E23))+(G23<>"")*(N(G23)<=N(E23))) | V23: =IF(F23="","",(D23<>"")*(N(D23)<=N(F23))+(E23<>"")*(N(E23)<=N(F23))+(F23<>"")*(N(F23)<=N(F23))+(G23<>"")*(N(G23)<=N(F23))) | W23: =IF(G23="","",(D23<>"")*(N(D23)<=N(G23))+(E23<>"")*(N(E23)<=N(G23))+(F23<>"")*(N(F23)<=N(G23))+(G23<>"")*(N(G23)<=N(G23))) | X23: =IF(L23="Taking",ROW(),"")
L24: =IF(B24="","",IF(AND(J24<>"",J24<=TODAY()),"Stopped",IF(AND(I24<>"",I24>TODAY()),"Not started","Taking"))) | M24: =IF(L24<>"Taking","",COUNT(D24:G24)) | N24: =IF(B24="","",COUNTIFS(Doses!$B$6:$B$2005,TODAY(),Doses!$D$6:$D$2005,B24)) | O24: =IF(L24<>"Taking","",MAX(0,M24-N24)) | P24: =IF(OR(L24<>"Taking",D24=""),"",MOD(D24,1)+(241)/10000000) | Q24: =IF(OR(L24<>"Taking",E24=""),"",MOD(E24,1)+(242)/10000000) | R24: =IF(OR(L24<>"Taking",F24=""),"",MOD(F24,1)+(243)/10000000) | S24: =IF(OR(L24<>"Taking",G24=""),"",MOD(G24,1)+(244)/10000000) | T24: =IF(D24="","",(D24<>"")*(N(D24)<=N(D24))+(E24<>"")*(N(E24)<=N(D24))+(F24<>"")*(N(F24)<=N(D24))+(G24<>"")*(N(G24)<=N(D24))) | U24: =IF(E24="","",(D24<>"")*(N(D24)<=N(E24))+(E24<>"")*(N(E24)<=N(E24))+(F24<>"")*(N(F24)<=N(E24))+(G24<>"")*(N(G24)<=N(E24))) | V24: =IF(F24="","",(D24<>"")*(N(D24)<=N(F24))+(E24<>"")*(N(E24)<=N(F24))+(F24<>"")*(N(F24)<=N(F24))+(G24<>"")*(N(G24)<=N(F24))) | W24: =IF(G24="","",(D24<>"")*(N(D24)<=N(G24))+(E24<>"")*(N(E24)<=N(G24))+(F24<>"")*(N(F24)<=N(G24))+(G24<>"")*(N(G24)<=N(G24))) | X24: =IF(L24="Taking",ROW(),"")
L25: =IF(B25="","",IF(AND(J25<>"",J25<=TODAY()),"Stopped",IF(AND(I25<>"",I25>TODAY()),"Not started","Taking"))) | M25: =IF(L25<>"Taking","",COUNT(D25:G25)) | N25: =IF(B25="","",COUNTIFS(Doses!$B$6:$B$2005,TODAY(),Doses!$D$6:$D$2005,B25)) | O25: =IF(L25<>"Taking","",MAX(0,M25-N25)) | P25: =IF(OR(L25<>"Taking",D25=""),"",MOD(D25,1)+(251)/10000000) | Q25: =IF(OR(L25<>"Taking",E25=""),"",MOD(E25,1)+(252)/10000000) | R25: =IF(OR(L25<>"Taking",F25=""),"",MOD(F25,1)+(253)/10000000) | S25: =IF(OR(L25<>"Taking",G25=""),"",MOD(G25,1)+(254)/10000000) | T25: =IF(D25="","",(D25<>"")*(N(D25)<=N(D25))+(E25<>"")*(N(E25)<=N(D25))+(F25<>"")*(N(F25)<=N(D25))+(G25<>"")*(N(G25)<=N(D25))) | U25: =IF(E25="","",(D25<>"")*(N(D25)<=N(E25))+(E25<>"")*(N(E25)<=N(E25))+(F25<>"")*(N(F25)<=N(E25))+(G25<>"")*(N(G25)<=N(E25))) | V25: =IF(F25="","",(D25<>"")*(N(D25)<=N(F25))+(E25<>"")*(N(E25)<=N(F25))+(F25<>"")*(N(F25)<=N(F25))+(G25<>"")*(N(G25)<=N(F25))) | W25: =IF(G25="","",(D25<>"")*(N(D25)<=N(G25))+(E25<>"")*(N(E25)<=N(G25))+(F25<>"")*(N(F25)<=N(G25))+(G25<>"")*(N(G25)<=N(G25))) | X25: =IF(L25="Taking",ROW(),"")

Sheet Doses
B2: Doses
B3: One line each time you take a medicine. The Dashboard shows what is still to take today.
B5: Date | C5: Time | D5: Medicine | E5: Notes
B6: 46249 | C6: 0.33680556 | D6: Tablet A
B7: 46249 | C7: 0.34722222 | D7: Tablet B
B8: 46249 | C8: 0.34722222 | D8: Vitamin D
B9: 46249 | C9: 0.51388889 | D9: Old tablet
B10: 46249 | C10: 0.84722222 | D10: Tablet A
B11: 46249 | C11: 0.92013889 | D11: Tablet C
B12: 46250 | C12: 0.34027778 | D12: Tablet A
B13: 46250 | C13: 0.34027778 | D13: Tablet B
B14: 46250 | C14: 0.34027778 | D14: Vitamin D
B15: 46250 | C15: 0.50694444 | D15: Old tablet
B16: 46250 | C16: 0.83680556 | D16: Tablet A
B17: 46250 | C17: 0.91666667 | D17: Tablet C
... B245: 46293 | C245: 0.33680556 | D245: Tablet B

Sheet Report
B2: Blood sugar report
B3: =Settings!$C$4&IF(Settings!$C$4="","",", ")&DAY(Settings!$C$6)&" "&CHOOSE(MONTH(Settings!$C$6),"January","February","March","April","May","June","July","August","September","October","November","December")&" "&YEAR(Settings!$C$6)&" to "&DAY(Settings!$C$7)&" "&CHOOSE(MONTH(Settings!$C$7),"January","February","March","April","May","June","July","August","September","October","November","December")&" "&YEAR(Settings!$C$7)&", in "&Settings!$C$5
B5: Moment | C5: From | D5: To | E5: Readings | F5: Average | G5: Lowest | H5: Highest | I5: In range | J5: Below | K5: Above
B6: Fasting | C6: =IF(Settings!C10="","",Settings!C10) | D6: =IF(Settings!D10="","",Settings!D10) | E6: =COUNTIFS(Readings!$N$6:$N$1505,">="&10000,Readings!$N$6:$N$1505,"<"&20000) | F6: =IF(E6=0,"",ROUND(SUMIFS(Readings!$E$6:$E$1505,Readings!$N$6:$N$1505,">="&10000,Readings!$N$6:$N$1505,"<"&20000)/E6,1)) | G6: =IF(E6=0,"",IFERROR(SMALL(Readings!$N$6:$N$1505,COUNTIF(Readings!$N$6:$N$1505,"<"&10000)+1)-10000,"")) | H6: =IF(E6=0,"",IFERROR(LARGE(Readings!$N$6:$N$1505,COUNTIF(Readings!$N$6:$N$1505,">="&20000)+1)-10000,"")) | I6: =IF(E6=0,"",COUNTIFS(Readings!$N$6:$N$1505,">="&10000,Readings!$N$6:$N$1505,"<"&20000,Readings!$G$6:$G$1505,"In range")/E6) | J6: =IF(E6=0,"",COUNTIFS(Readings!$N$6:$N$1505,">="&10000,Readings!$N$6:$N$1505,"<"&20000,Readings!$G$6:$G$1505,"Below")) | K6: =IF(E6=0,"",COUNTIFS(Readings!$N$6:$N$1505,">="&10000,Readings!$N$6:$N$1505,"<"&20000,Readings!$G$6:$G$1505,"Above"))
B7: After breakfast | C7: =IF(Settings!C11="","",Settings!C11) | D7: =IF(Settings!D11="","",Settings!D11) | E7: =COUNTIFS(Readings!$N$6:$N$1505,">="&20000,Readings!$N$6:$N$1505,"<"&30000) | F7: =IF(E7=0,"",ROUND(SUMIFS(Readings!$E$6:$E$1505,Readings!$N$6:$N$1505,">="&20000,Readings!$N$6:$N$1505,"<"&30000)/E7,1)) | G7: =IF(E7=0,"",IFERROR(SMALL(Readings!$N$6:$N$1505,COUNTIF(Readings!$N$6:$N$1505,"<"&20000)+1)-20000,"")) | H7: =IF(E7=0,"",IFERROR(LARGE(Readings!$N$6:$N$1505,COUNTIF(Readings!$N$6:$N$1505,">="&30000)+1)-20000,"")) | I7: =IF(E7=0,"",COUNTIFS(Readings!$N$6:$N$1505,">="&20000,Readings!$N$6:$N$1505,"<"&30000,Readings!$G$6:$G$1505,"In range")/E7) | J7: =IF(E7=0,"",COUNTIFS(Readings!$N$6:$N$1505,">="&20000,Readings!$N$6:$N$1505,"<"&30000,Readings!$G$6:$G$1505,"Below")) | K7: =IF(E7=0,"",COUNTIFS(Readings!$N$6:$N$1505,">="&20000,Readings!$N$6:$N$1505,"<"&30000,Readings!$G$6:$G$1505,"Above"))
B8: Before lunch | C8: =IF(Settings!C12="","",Settings!C12) | D8: =IF(Settings!D12="","",Settings!D12) | E8: =COUNTIFS(Readings!$N$6:$N$1505,">="&30000,Readings!$N$6:$N$1505,"<"&40000) | F8: =IF(E8=0,"",ROUND(SUMIFS(Readings!$E$6:$E$1505,Readings!$N$6:$N$1505,">="&30000,Readings!$N$6:$N$1505,"<"&40000)/E8,1)) | G8: =IF(E8=0,"",IFERROR(SMALL(Readings!$N$6:$N$1505,COUNTIF(Readings!$N$6:$N$1505,"<"&30000)+1)-30000,"")) | H8: =IF(E8=0,"",IFERROR(LARGE(Readings!$N$6:$N$1505,COUNTIF(Readings!$N$6:$N$1505,">="&40000)+1)-30000,"")) | I8: =IF(E8=0,"",COUNTIFS(Readings!$N$6:$N$1505,">="&30000,Readings!$N$6:$N$1505,"<"&40000,Readings!$G$6:$G$1505,"In range")/E8) | J8: =IF(E8=0,"",COUNTIFS(Readings!$N$6:$N$1505,">="&30000,Readings!$N$6:$N$1505,"<"&40000,Readings!$G$6:$G$1505,"Below")) | K8: =IF(E8=0,"",COUNTIFS(Readings!$N$6:$N$1505,">="&30000,Readings!$N$6:$N$1505,"<"&40000,Readings!$G$6:$G$1505,"Above"))
B9: After lunch | C9: =IF(Settings!C13="","",Settings!C13) | D9: =IF(Settings!D13="","",Settings!D13) | E9: =COUNTIFS(Readings!$N$6:$N$1505,">="&40000,Readings!$N$6:$N$1505,"<"&50000) | F9: =IF(E9=0,"",ROUND(SUMIFS(Readings!$E$6:$E$1505,Readings!$N$6:$N$1505,">="&40000,Readings!$N$6:$N$1505,"<"&50000)/E9,1)) | G9: =IF(E9=0,"",IFERROR(SMALL(Readings!$N$6:$N$1505,COUNTIF(Readings!$N$6:$N$1505,"<"&40000)+1)-40000,"")) | H9: =IF(E9=0,"",IFERROR(LARGE(Readings!$N$6:$N$1505,COUNTIF(Readings!$N$6:$N$1505,">="&50000)+1)-40000,"")) | I9: =IF(E9=0,"",COUNTIFS(Readings!$N$6:$N$1505,">="&40000,Readings!$N$6:$N$1505,"<"&50000,Readings!$G$6:$G$1505,"In range")/E9) | J9: =IF(E9=0,"",COUNTIFS(Readings!$N$6:$N$1505,">="&40000,Readings!$N$6:$N$1505,"<"&50000,Readings!$G$6:$G$1505,"Below")) | K9: =IF(E9=0,"",COUNTIFS(Readings!$N$6:$N$1505,">="&40000,Readings!$N$6:$N$1505,"<"&50000,Readings!$G$6:$G$1505,"Above"))
B10: Before dinner | C10: =IF(Settings!C14="","",Settings!C14) | D10: =IF(Settings!D14="","",Settings!D14) | E10: =COUNTIFS(Readings!$N$6:$N$1505,">="&50000,Readings!$N$6:$N$1505,"<"&60000) | F10: =IF(E10=0,"",ROUND(SUMIFS(Readings!$E$6:$E$1505,Readings!$N$6:$N$1505,">="&50000,Readings!$N$6:$N$1505,"<"&60000)/E10,1)) | G10: =IF(E10=0,"",IFERROR(SMALL(Readings!$N$6:$N$1505,COUNTIF(Readings!$N$6:$N$1505,"<"&50000)+1)-50000,"")) | H10: =IF(E10=0,"",IFERROR(LARGE(Readings!$N$6:$N$1505,COUNTIF(Readings!$N$6:$N$1505,">="&60000)+1)-50000,"")) | I10: =IF(E10=0,"",COUNTIFS(Readings!$N$6:$N$1505,">="&50000,Readings!$N$6:$N$1505,"<"&60000,Readings!$G$6:$G$1505,"In range")/E10) | J10: =IF(E10=0,"",COUNTIFS(Readings!$N$6:$N$1505,">="&50000,Readings!$N$6:$N$1505,"<"&60000,Readings!$G$6:$G$1505,"Below")) | K10: =IF(E10=0,"",COUNTIFS(Readings!$N$6:$N$1505,">="&50000,Readings!$N$6:$N$1505,"<"&60000,Readings!$G$6:$G$1505,"Above"))
B11: After dinner | C11: =IF(Settings!C15="","",Settings!C15) | D11: =IF(Settings!D15="","",Settings!D15) | E11: =COUNTIFS(Readings!$N$6:$N$1505,">="&60000,Readings!$N$6:$N$1505,"<"&70000) | F11: =IF(E11=0,"",ROUND(SUMIFS(Readings!$E$6:$E$1505,Readings!$N$6:$N$1505,">="&60000,Readings!$N$6:$N$1505,"<"&70000)/E11,1)) | G11: =IF(E11=0,"",IFERROR(SMALL(Readings!$N$6:$N$1505,COUNTIF(Readings!$N$6:$N$1505,"<"&60000)+1)-60000,"")) | H11: =IF(E11=0,"",IFERROR(LARGE(Readings!$N$6:$N$1505,COUNTIF(Readings!$N$6:$N$1505,">="&70000)+1)-60000,"")) | I11: =IF(E11=0,"",COUNTIFS(Readings!$N$6:$N$1505,">="&60000,Readings!$N$6:$N$1505,"<"&70000,Readings!$G$6:$G$1505,"In range")/E11) | J11: =IF(E11=0,"",COUNTIFS(Readings!$N$6:$N$1505,">="&60000,Readings!$N$6:$N$1505,"<"&70000,Readings!$G$6:$G$1505,"Below")) | K11: =IF(E11=0,"",COUNTIFS(Readings!$N$6:$N$1505,">="&60000,Readings!$N$6:$N$1505,"<"&70000,Readings!$G$6:$G$1505,"Above"))
B12: Bedtime | C12: =IF(Settings!C16="","",Settings!C16) | D12: =IF(Settings!D16="","",Settings!D16) | E12: =COUNTIFS(Readings!$N$6:$N$1505,">="&70000,Readings!$N$6:$N$1505,"<"&80000) | F12: =IF(E12=0,"",ROUND(SUMIFS(Readings!$E$6:$E$1505,Readings!$N$6:$N$1505,">="&70000,Readings!$N$6:$N$1505,"<"&80000)/E12,1)) | G12: =IF(E12=0,"",IFERROR(SMALL(Readings!$N$6:$N$1505,COUNTIF(Readings!$N$6:$N$1505,"<"&70000)+1)-70000,"")) | H12: =IF(E12=0,"",IFERROR(LARGE(Readings!$N$6:$N$1505,COUNTIF(Readings!$N$6:$N$1505,">="&80000)+1)-70000,"")) | I12: =IF(E12=0,"",COUNTIFS(Readings!$N$6:$N$1505,">="&70000,Readings!$N$6:$N$1505,"<"&80000,Readings!$G$6:$G$1505,"In range")/E12) | J12: =IF(E12=0,"",COUNTIFS(Readings!$N$6:$N$1505,">="&70000,Readings!$N$6:$N$1505,"<"&80000,Readings!$G$6:$G$1505,"Below")) | K12: =IF(E12=0,"",COUNTIFS(Readings!$N$6:$N$1505,">="&70000,Readings!$N$6:$N$1505,"<"&80000,Readings!$G$6:$G$1505,"Above"))
B13: Night | C13: =IF(Settings!C17="","",Settings!C17) | D13: =IF(Settings!D17="","",Settings!D17) | E13: =COUNTIFS(Readings!$N$6:$N$1505,">="&80000,Readings!$N$6:$N$1505,"<"&90000) | F13: =IF(E13=0,"",ROUND(SUMIFS(Readings!$E$6:$E$1505,Readings!$N$6:$N$1505,">="&80000,Readings!$N$6:$N$1505,"<"&90000)/E13,1)) | G13: =IF(E13=0,"",IFERROR(SMALL(Readings!$N$6:$N$1505,COUNTIF(Readings!$N$6:$N$1505,"<"&80000)+1)-80000,"")) | H13: =IF(E13=0,"",IFERROR(LARGE(Readings!$N$6:$N$1505,COUNTIF(Readings!$N$6:$N$1505,">="&90000)+1)-80000,"")) | I13: =IF(E13=0,"",COUNTIFS(Readings!$N$6:$N$1505,">="&80000,Readings!$N$6:$N$1505,"<"&90000,Readings!$G$6:$G$1505,"In range")/E13) | J13: =IF(E13=0,"",COUNTIFS(Readings!$N$6:$N$1505,">="&80000,Readings!$N$6:$N$1505,"<"&90000,Readings!$G$6:$G$1505,"Below")) | K13: =IF(E13=0,"",COUNTIFS(Readings!$N$6:$N$1505,">="&80000,Readings!$N$6:$N$1505,"<"&90000,Readings!$G$6:$G$1505,"Above"))
B14: Other | C14: =IF(Settings!C18="","",Settings!C18) | D14: =IF(Settings!D18="","",Settings!D18) | E14: =COUNTIFS(Readings!$N$6:$N$1505,">="&90000,Readings!$N$6:$N$1505,"<"&100000) | F14: =IF(E14=0,"",ROUND(SUMIFS(Readings!$E$6:$E$1505,Readings!$N$6:$N$1505,">="&90000,Readings!$N$6:$N$1505,"<"&100000)/E14,1)) | G14: =IF(E14=0,"",IFERROR(SMALL(Readings!$N$6:$N$1505,COUNTIF(Readings!$N$6:$N$1505,"<"&90000)+1)-90000,"")) | H14: =IF(E14=0,"",IFERROR(LARGE(Readings!$N$6:$N$1505,COUNTIF(Readings!$N$6:$N$1505,">="&100000)+1)-90000,"")) | I14: =IF(E14=0,"",COUNTIFS(Readings!$N$6:$N$1505,">="&90000,Readings!$N$6:$N$1505,"<"&100000,Readings!$G$6:$G$1505,"In range")/E14) | J14: =IF(E14=0,"",COUNTIFS(Readings!$N$6:$N$1505,">="&90000,Readings!$N$6:$N$1505,"<"&100000,Readings!$G$6:$G$1505,"Below")) | K14: =IF(E14=0,"",COUNTIFS(Readings!$N$6:$N$1505,">="&90000,Readings!$N$6:$N$1505,"<"&100000,Readings!$G$6:$G$1505,"Above"))
B15: All | E15: =SUM(E6:E14) | F15: =IF(E15=0,"",ROUND(SUM(Readings!$P$6:$P$1505)/E15,1)) | G15: =IF(E15=0,"",MIN(Readings!$P$6:$P$1505)) | H15: =IF(E15=0,"",MAX(Readings!$P$6:$P$1505)) | I15: =IF(E15=0,"",COUNTIFS(Readings!$N$6:$N$1505,">0",Readings!$G$6:$G$1505,"In range")/E15) | J15: =IF(E15=0,"",SUM(J6:J14)) | K15: =IF(E15=0,"",SUM(K6:K14))
B17: Medicine | C17: Dose | E17: Times | H17: With food | I17: Since
B18: =IF(N18="",IF(0=0,"None",""),INDEX(Medicines!$B$6:$B$25,N18-5)) | C18: =IF(N18="","",IF(INDEX(Medicines!$C$6:$C$25,N18-5)="","",INDEX(Medicines!$C$6:$C$25,N18-5))) | E18: =IF(N18="","",MID(IF(INDEX(Medicines!$D$6:$D$25,N18-5)="","",", "&HOUR(INDEX(Medicines!$D$6:$D$25,N18-5))&":"&RIGHT("0"&MINUTE(INDEX(Medicines!$D$6:$D$25,N18-5)),2))&IF(INDEX(Medicines!$E$6:$E$25,N18-5)="","",", "&HOUR(INDEX(Medicines!$E$6:$E$25,N18-5))&":"&RIGHT("0"&MINUTE(INDEX(Medicines!$E$6:$E$25,N18-5)),2))&IF(INDEX(Medicines!$F$6:$F$25,N18-5)="","",", "&HOUR(INDEX(Medicines!$F$6:$F$25,N18-5))&":"&RIGHT("0"&MINUTE(INDEX(Medicines!$F$6:$F$25,N18-5)),2))&IF(INDEX(Medicines!$G$6:$G$25,N18-5)="","",", "&HOUR(INDEX(Medicines!$G$6:$G$25,N18-5))&":"&RIGHT("0"&MINUTE(INDEX(Medicines!$G$6:$G$25,N18-5)),2)),3,60)) | H18: =IF(N18="","",IF(INDEX(Medicines!$H$6:$H$25,N18-5)="","",INDEX(Medicines!$H$6:$H$25,N18-5))) | I18: =IF(N18="","",IF(INDEX(Medicines!$I$6:$I$25,N18-5)="","",INDEX(Medicines!$I$6:$I$25,N18-5))) | N18: =IFERROR(SMALL(Medicines!$X$6:$X$25,1),"")
B19: =IF(N19="",IF(1=0,"None",""),INDEX(Medicines!$B$6:$B$25,N19-5)) | C19: =IF(N19="","",IF(INDEX(Medicines!$C$6:$C$25,N19-5)="","",INDEX(Medicines!$C$6:$C$25,N19-5))) | E19: =IF(N19="","",MID(IF(INDEX(Medicines!$D$6:$D$25,N19-5)="","",", "&HOUR(INDEX(Medicines!$D$6:$D$25,N19-5))&":"&RIGHT("0"&MINUTE(INDEX(Medicines!$D$6:$D$25,N19-5)),2))&IF(INDEX(Medicines!$E$6:$E$25,N19-5)="","",", "&HOUR(INDEX(Medicines!$E$6:$E$25,N19-5))&":"&RIGHT("0"&MINUTE(INDEX(Medicines!$E$6:$E$25,N19-5)),2))&IF(INDEX(Medicines!$F$6:$F$25,N19-5)="","",", "&HOUR(INDEX(Medicines!$F$6:$F$25,N19-5))&":"&RIGHT("0"&MINUTE(INDEX(Medicines!$F$6:$F$25,N19-5)),2))&IF(INDEX(Medicines!$G$6:$G$25,N19-5)="","",", "&HOUR(INDEX(Medicines!$G$6:$G$25,N19-5))&":"&RIGHT("0"&MINUTE(INDEX(Medicines!$G$6:$G$25,N19-5)),2)),3,60)) | H19: =IF(N19="","",IF(INDEX(Medicines!$H$6:$H$25,N19-5)="","",INDEX(Medicines!$H$6:$H$25,N19-5))) | I19: =IF(N19="","",IF(INDEX(Medicines!$I$6:$I$25,N19-5)="","",INDEX(Medicines!$I$6:$I$25,N19-5))) | N19: =IFERROR(SMALL(Medicines!$X$6:$X$25,2),"")
B20: =IF(N20="",IF(2=0,"None",""),INDEX(Medicines!$B$6:$B$25,N20-5)) | C20: =IF(N20="","",IF(INDEX(Medicines!$C$6:$C$25,N20-5)="","",INDEX(Medicines!$C$6:$C$25,N20-5))) | E20: =IF(N20="","",MID(IF(INDEX(Medicines!$D$6:$D$25,N20-5)="","",", "&HOUR(INDEX(Medicines!$D$6:$D$25,N20-5))&":"&RIGHT("0"&MINUTE(INDEX(Medicines!$D$6:$D$25,N20-5)),2))&IF(INDEX(Medicines!$E$6:$E$25,N20-5)="","",", "&HOUR(INDEX(Medicines!$E$6:$E$25,N20-5))&":"&RIGHT("0"&MINUTE(INDEX(Medicines!$E$6:$E$25,N20-5)),2))&IF(INDEX(Medicines!$F$6:$F$25,N20-5)="","",", "&HOUR(INDEX(Medicines!$F$6:$F$25,N20-5))&":"&RIGHT("0"&MINUTE(INDEX(Medicines!$F$6:$F$25,N20-5)),2))&IF(INDEX(Medicines!$G$6:$G$25,N20-5)="","",", "&HOUR(INDEX(Medicines!$G$6:$G$25,N20-5))&":"&RIGHT("0"&MINUTE(INDEX(Medicines!$G$6:$G$25,N20-5)),2)),3,60)) | H20: =IF(N20="","",IF(INDEX(Medicines!$H$6:$H$25,N20-5)="","",INDEX(Medicines!$H$6:$H$25,N20-5))) | I20: =IF(N20="","",IF(INDEX(Medicines!$I$6:$I$25,N20-5)="","",INDEX(Medicines!$I$6:$I$25,N20-5))) | N20: =IFERROR(SMALL(Medicines!$X$6:$X$25,3),"")
B21: =IF(N21="",IF(3=0,"None",""),INDEX(Medicines!$B$6:$B$25,N21-5)) | C21: =IF(N21="","",IF(INDEX(Medicines!$C$6:$C$25,N21-5)="","",INDEX(Medicines!$C$6:$C$25,N21-5))) | E21: =IF(N21="","",MID(IF(INDEX(Medicines!$D$6:$D$25,N21-5)="","",", "&HOUR(INDEX(Medicines!$D$6:$D$25,N21-5))&":"&RIGHT("0"&MINUTE(INDEX(Medicines!$D$6:$D$25,N21-5)),2))&IF(INDEX(Medicines!$E$6:$E$25,N21-5)="","",", "&HOUR(INDEX(Medicines!$E$6:$E$25,N21-5))&":"&RIGHT("0"&MINUTE(INDEX(Medicines!$E$6:$E$25,N21-5)),2))&IF(INDEX(Medicines!$F$6:$F$25,N21-5)="","",", "&HOUR(INDEX(Medicines!$F$6:$F$25,N21-5))&":"&RIGHT("0"&MINUTE(INDEX(Medicines!$F$6:$F$25,N21-5)),2))&IF(INDEX(Medicines!$G$6:$G$25,N21-5)="","",", "&HOUR(INDEX(Medicines!$G$6:$G$25,N21-5))&":"&RIGHT("0"&MINUTE(INDEX(Medicines!$G$6:$G$25,N21-5)),2)),3,60)) | H21: =IF(N21="","",IF(INDEX(Medicines!$H$6:$H$25,N21-5)="","",INDEX(Medicines!$H$6:$H$25,N21-5))) | I21: =IF(N21="","",IF(INDEX(Medicines!$I$6:$I$25,N21-5)="","",INDEX(Medicines!$I$6:$I$25,N21-5))) | N21: =IFERROR(SMALL(Medicines!$X$6:$X$25,4),"")
B22: =IF(N22="",IF(4=0,"None",""),INDEX(Medicines!$B$6:$B$25,N22-5)) | C22: =IF(N22="","",IF(INDEX(Medicines!$C$6:$C$25,N22-5)="","",INDEX(Medicines!$C$6:$C$25,N22-5))) | E22: =IF(N22="","",MID(IF(INDEX(Medicines!$D$6:$D$25,N22-5)="","",", "&HOUR(INDEX(Medicines!$D$6:$D$25,N22-5))&":"&RIGHT("0"&MINUTE(INDEX(Medicines!$D$6:$D$25,N22-5)),2))&IF(INDEX(Medicines!$E$6:$E$25,N22-5)="","",", "&HOUR(INDEX(Medicines!$E$6:$E$25,N22-5))&":"&RIGHT("0"&MINUTE(INDEX(Medicines!$E$6:$E$25,N22-5)),2))&IF(INDEX(Medicines!$F$6:$F$25,N22-5)="","",", "&HOUR(INDEX(Medicines!$F$6:$F$25,N22-5))&":"&RIGHT("0"&MINUTE(INDEX(Medicines!$F$6:$F$25,N22-5)),2))&IF(INDEX(Medicines!$G$6:$G$25,N22-5)="","",", "&HOUR(INDEX(Medicines!$G$6:$G$25,N22-5))&":"&RIGHT("0"&MINUTE(INDEX(Medicines!$G$6:$G$25,N22-5)),2)),3,60)) | H22: =IF(N22="","",IF(INDEX(Medicines!$H$6:$H$25,N22-5)="","",INDEX(Medicines!$H$6:$H$25,N22-5))) | I22: =IF(N22="","",IF(INDEX(Medicines!$I$6:$I$25,N22-5)="","",INDEX(Medicines!$I$6:$I$25,N22-5))) | N22: =IFERROR(SMALL(Medicines!$X$6:$X$25,5),"")
B23: =IF(N23="",IF(5=0,"None",""),INDEX(Medicines!$B$6:$B$25,N23-5)) | C23: =IF(N23="","",IF(INDEX(Medicines!$C$6:$C$25,N23-5)="","",INDEX(Medicines!$C$6:$C$25,N23-5))) | E23: =IF(N23="","",MID(IF(INDEX(Medicines!$D$6:$D$25,N23-5)="","",", "&HOUR(INDEX(Medicines!$D$6:$D$25,N23-5))&":"&RIGHT("0"&MINUTE(INDEX(Medicines!$D$6:$D$25,N23-5)),2))&IF(INDEX(Medicines!$E$6:$E$25,N23-5)="","",", "&HOUR(INDEX(Medicines!$E$6:$E$25,N23-5))&":"&RIGHT("0"&MINUTE(INDEX(Medicines!$E$6:$E$25,N23-5)),2))&IF(INDEX(Medicines!$F$6:$F$25,N23-5)="","",", "&HOUR(INDEX(Medicines!$F$6:$F$25,N23-5))&":"&RIGHT("0"&MINUTE(INDEX(Medicines!$F$6:$F$25,N23-5)),2))&IF(INDEX(Medicines!$G$6:$G$25,N23-5)="","",", "&HOUR(INDEX(Medicines!$G$6:$G$25,N23-5))&":"&RIGHT("0"&MINUTE(INDEX(Medicines!$G$6:$G$25,N23-5)),2)),3,60)) | H23: =IF(N23="","",IF(INDEX(Medicines!$H$6:$H$25,N23-5)="","",INDEX(Medicines!$H$6:$H$25,N23-5))) | I23: =IF(N23="","",IF(INDEX(Medicines!$I$6:$I$25,N23-5)="","",INDEX(Medicines!$I$6:$I$25,N23-5))) | N23: =IFERROR(SMALL(Medicines!$X$6:$X$25,6),"")
B25: Date | C25: Fasting | D25: After breakfast | E25: Before lunch | F25: After lunch | G25: Before dinner | H25: After dinner | I25: Bedtime | J25: Night
B26: =IF((MAX(Settings!$C$6,Settings!$C$7-30)+0)>Settings!$C$7,"",(MAX(Settings!$C$6,Settings!$C$7-30)+0)) | C26: =IF($B26="","",IFERROR(ROUND(AVERAGEIFS(Readings!$E$6:$E$1505,Readings!$B$6:$B$1505,$B26,Readings!$D$6:$D$1505,"Fasting"),1),"")) | D26: =IF($B26="","",IFERROR(ROUND(AVERAGEIFS(Readings!$E$6:$E$1505,Readings!$B$6:$B$1505,$B26,Readings!$D$6:$D$1505,"After breakfast"),1),"")) | E26: =IF($B26="","",IFERROR(ROUND(AVERAGEIFS(Readings!$E$6:$E$1505,Readings!$B$6:$B$1505,$B26,Readings!$D$6:$D$1505,"Before lunch"),1),"")) | F26: =IF($B26="","",IFERROR(ROUND(AVERAGEIFS(Readings!$E$6:$E$1505,Readings!$B$6:$B$1505,$B26,Readings!$D$6:$D$1505,"After lunch"),1),"")) | G26: =IF($B26="","",IFERROR(ROUND(AVERAGEIFS(Readings!$E$6:$E$1505,Readings!$B$6:$B$1505,$B26,Readings!$D$6:$D$1505,"Before dinner"),1),"")) | H26: =IF($B26="","",IFERROR(ROUND(AVERAGEIFS(Readings!$E$6:$E$1505,Readings!$B$6:$B$1505,$B26,Readings!$D$6:$D$1505,"After dinner"),1),"")) | I26: =IF($B26="","",IFERROR(ROUND(AVERAGEIFS(Readings!$E$6:$E$1505,Readings!$B$6:$B$1505,$B26,Readings!$D$6:$D$1505,"Bedtime"),1),"")) | J26: =IF($B26="","",IFERROR(ROUND(AVERAGEIFS(Readings!$E$6:$E$1505,Readings!$B$6:$B$1505,$B26,Readings!$D$6:$D$1505,"Night"),1),""))
B27: =IF((MAX(Settings!$C$6,Settings!$C$7-30)+1)>Settings!$C$7,"",(MAX(Settings!$C$6,Settings!$C$7-30)+1)) | C27: =IF($B27="","",IFERROR(ROUND(AVERAGEIFS(Readings!$E$6:$E$1505,Readings!$B$6:$B$1505,$B27,Readings!$D$6:$D$1505,"Fasting"),1),"")) | D27: =IF($B27="","",IFERROR(ROUND(AVERAGEIFS(Readings!$E$6:$E$1505,Readings!$B$6:$B$1505,$B27,Readings!$D$6:$D$1505,"After breakfast"),1),"")) | E27: =IF($B27="","",IFERROR(ROUND(AVERAGEIFS(Readings!$E$6:$E$1505,Readings!$B$6:$B$1505,$B27,Readings!$D$6:$D$1505,"Before lunch"),1),"")) | F27: =IF($B27="","",IFERROR(ROUND(AVERAGEIFS(Readings!$E$6:$E$1505,Readings!$B$6:$B$1505,$B27,Readings!$D$6:$D$1505,"After lunch"),1),"")) | G27: =IF($B27="","",IFERROR(ROUND(AVERAGEIFS(Readings!$E$6:$E$1505,Readings!$B$6:$B$1505,$B27,Readings!$D$6:$D$1505,"Before dinner"),1),"")) | H27: =IF($B27="","",IFERROR(ROUND(AVERAGEIFS(Readings!$E$6:$E$1505,Readings!$B$6:$B$1505,$B27,Readings!$D$6:$D$1505,"After dinner"),1),"")) | I27: =IF($B27="","",IFERROR(ROUND(AVERAGEIFS(Readings!$E$6:$E$1505,Readings!$B$6:$B$1505,$B27,Readings!$D$6:$D$1505,"Bedtime"),1),"")) | J27: =IF($B27="","",IFERROR(ROUND(AVERAGEIFS(Readings!$E$6:$E$1505,Readings!$B$6:$B$1505,$B27,Readings!$D$6:$D$1505,"Night"),1),""))
B28: =IF((MAX(Settings!$C$6,Settings!$C$7-30)+2)>Settings!$C$7,"",(MAX(Settings!$C$6,Settings!$C$7-30)+2)) | C28: =IF($B28="","",IFERROR(ROUND(AVERAGEIFS(Readings!$E$6:$E$1505,Readings!$B$6:$B$1505,$B28,Readings!$D$6:$D$1505,"Fasting"),1),"")) | D28: =IF($B28="","",IFERROR(ROUND(AVERAGEIFS(Readings!$E$6:$E$1505,Readings!$B$6:$B$1505,$B28,Readings!$D$6:$D$1505,"After breakfast"),1),"")) | E28: =IF($B28="","",IFERROR(ROUND(AVERAGEIFS(Readings!$E$6:$E$1505,Readings!$B$6:$B$1505,$B28,Readings!$D$6:$D$1505,"Before lunch"),1),"")) | F28: =IF($B28="","",IFERROR(ROUND(AVERAGEIFS(Readings!$E$6:$E$1505,Readings!$B$6:$B$1505,$B28,Readings!$D$6:$D$1505,"After lunch"),1),"")) | G28: =IF($B28="","",IFERROR(ROUND(AVERAGEIFS(Readings!$E$6:$E$1505,Readings!$B$6:$B$1505,$B28,Readings!$D$6:$D$1505,"Before dinner"),1),"")) | H28: =IF($B28="","",IFERROR(ROUND(AVERAGEIFS(Readings!$E$6:$E$1505,Readings!$B$6:$B$1505,$B28,Readings!$D$6:$D$1505,"After dinner"),1),"")) | I28: =IF($B28="","",IFERROR(ROUND(AVERAGEIFS(Readings!$E$6:$E$1505,Readings!$B$6:$B$1505,$B28,Readings!$D$6:$D$1505,"Bedtime"),1),"")) | J28: =IF($B28="","",IFERROR(ROUND(AVERAGEIFS(Readings!$E$6:$E$1505,Readings!$B$6:$B$1505,$B28,Readings!$D$6:$D$1505,"Night"),1),""))
B29: =IF((MAX(Settings!$C$6,Settings!$C$7-30)+3)>Settings!$C$7,"",(MAX(Settings!$C$6,Settings!$C$7-30)+3)) | C29: =IF($B29="","",IFERROR(ROUND(AVERAGEIFS(Readings!$E$6:$E$1505,Readings!$B$6:$B$1505,$B29,Readings!$D$6:$D$1505,"Fasting"),1),"")) | D29: =IF($B29="","",IFERROR(ROUND(AVERAGEIFS(Readings!$E$6:$E$1505,Readings!$B$6:$B$1505,$B29,Readings!$D$6:$D$1505,"After breakfast"),1),"")) | E29: =IF($B29="","",IFERROR(ROUND(AVERAGEIFS(Readings!$E$6:$E$1505,Readings!$B$6:$B$1505,$B29,Readings!$D$6:$D$1505,"Before lunch"),1),"")) | F29: =IF($B29="","",IFERROR(ROUND(AVERAGEIFS(Readings!$E$6:$E$1505,Readings!$B$6:$B$1505,$B29,Readings!$D$6:$D$1505,"After lunch"),1),"")) | G29: =IF($B29="","",IFERROR(ROUND(AVERAGEIFS(Readings!$E$6:$E$1505,Readings!$B$6:$B$1505,$B29,Readings!$D$6:$D$1505,"Before dinner"),1),"")) | H29: =IF($B29="","",IFERROR(ROUND(AVERAGEIFS(Readings!$E$6:$E$1505,Readings!$B$6:$B$1505,$B29,Readings!$D$6:$D$1505,"After dinner"),1),"")) | I29: =IF($B29="","",IFERROR(ROUND(AVERAGEIFS(Readings!$E$6:$E$1505,Readings!$B$6:$B$1505,$B29,Readings!$D$6:$D$1505,"Bedtime"),1),"")) | J29: =IF($B29="","",IFERROR(ROUND(AVERAGEIFS(Readings!$E$6:$E$1505,Readings!$B$6:$B$1505,$B29,Readings!$D$6:$D$1505,"Night"),1),""))
B30: =IF((MAX(Settings!$C$6,Settings!$C$7-30)+4)>Settings!$C$7,"",(MAX(Settings!$C$6,Settings!$C$7-30)+4)) | C30: =IF($B30="","",IFERROR(ROUND(AVERAGEIFS(Readings!$E$6:$E$1505,Readings!$B$6:$B$1505,$B30,Readings!$D$6:$D$1505,"Fasting"),1),"")) | D30: =IF($B30="","",IFERROR(ROUND(AVERAGEIFS(Readings!$E$6:$E$1505,Readings!$B$6:$B$1505,$B30,Readings!$D$6:$D$1505,"After breakfast"),1),"")) | E30: =IF($B30="","",IFERROR(ROUND(AVERAGEIFS(Readings!$E$6:$E$1505,Readings!$B$6:$B$1505,$B30,Readings!$D$6:$D$1505,"Before lunch"),1),"")) | F30: =IF($B30="","",IFERROR(ROUND(AVERAGEIFS(Readings!$E$6:$E$1505,Readings!$B$6:$B$1505,$B30,Readings!$D$6:$D$1505,"After lunch"),1),"")) | G30: =IF($B30="","",IFERROR(ROUND(AVERAGEIFS(Readings!$E$6:$E$1505,Readings!$B$6:$B$1505,$B30,Readings!$D$6:$D$1505,"Before dinner"),1),"")) | H30: =IF($B30="","",IFERROR(ROUND(AVERAGEIFS(Readings!$E$6:$E$1505,Readings!$B$6:$B$1505,$B30,Readings!$D$6:$D$1505,"After dinner"),1),"")) | I30: =IF($B30="","",IFERROR(ROUND(AVERAGEIFS(Readings!$E$6:$E$1505,Readings!$B$6:$B$1505,$B30,Readings!$D$6:$D$1505,"Bedtime"),1),"")) | J30: =IF($B30="","",IFERROR(ROUND(AVERAGEIFS(Readings!$E$6:$E$1505,Readings!$B$6:$B$1505,$B30,Readings!$D$6:$D$1505,"Night"),1),""))
B31: =IF((MAX(Settings!$C$6,Settings!$C$7-30)+5)>Settings!$C$7,"",(MAX(Settings!$C$6,Settings!$C$7-30)+5)) | C31: =IF($B31="","",IFERROR(ROUND(AVERAGEIFS(Readings!$E$6:$E$1505,Readings!$B$6:$B$1505,$B31,Readings!$D$6:$D$1505,"Fasting"),1),"")) | D31: =IF($B31="","",IFERROR(ROUND(AVERAGEIFS(Readings!$E$6:$E$1505,Readings!$B$6:$B$1505,$B31,Readings!$D$6:$D$1505,"After breakfast"),1),"")) | E31: =IF($B31="","",IFERROR(ROUND(AVERAGEIFS(Readings!$E$6:$E$1505,Readings!$B$6:$B$1505,$B31,Readings!$D$6:$D$1505,"Before lunch"),1),"")) | F31: =IF($B31="","",IFERROR(ROUND(AVERAGEIFS(Readings!$E$6:$E$1505,Readings!$B$6:$B$1505,$B31,Readings!$D$6:$D$1505,"After lunch"),1),"")) | G31: =IF($B31="","",IFERROR(ROUND(AVERAGEIFS(Readings!$E$6:$E$1505,Readings!$B$6:$B$1505,$B31,Readings!$D$6:$D$1505,"Before dinner"),1),"")) | H31: =IF($B31="","",IFERROR(ROUND(AVERAGEIFS(Readings!$E$6:$E$1505,Readings!$B$6:$B$1505,$B31,Readings!$D$6:$D$1505,"After dinner"),1),"")) | I31: =IF($B31="","",IFERROR(ROUND(AVERAGEIFS(Readings!$E$6:$E$1505,Readings!$B$6:$B$1505,$B31,Readings!$D$6:$D$1505,"Bedtime"),1),"")) | J31: =IF($B31="","",IFERROR(ROUND(AVERAGEIFS(Readings!$E$6:$E$1505,Readings!$B$6:$B$1505,$B31,Readings!$D$6:$D$1505,"Night"),1),""))
B32: =IF((MAX(Settings!$C$6,Settings!$C$7-30)+6)>Settings!$C$7,"",(MAX(Settings!$C$6,Settings!$C$7-30)+6)) | C32: =IF($B32="","",IFERROR(ROUND(AVERAGEIFS(Readings!$E$6:$E$1505,Readings!$B$6:$B$1505,$B32,Readings!$D$6:$D$1505,"Fasting"),1),"")) | D32: =IF($B32="","",IFERROR(ROUND(AVERAGEIFS(Readings!$E$6:$E$1505,Readings!$B$6:$B$1505,$B32,Readings!$D$6:$D$1505,"After breakfast"),1),"")) | E32: =IF($B32="","",IFERROR(ROUND(AVERAGEIFS(Readings!$E$6:$E$1505,Readings!$B$6:$B$1505,$B32,Readings!$D$6:$D$1505,"Before lunch"),1),"")) | F32: =IF($B32="","",IFERROR(ROUND(AVERAGEIFS(Readings!$E$6:$E$1505,Readings!$B$6:$B$1505,$B32,Readings!$D$6:$D$1505,"After lunch"),1),"")) | G32: =IF($B32="","",IFERROR(ROUND(AVERAGEIFS(Readings!$E$6:$E$1505,Readings!$B$6:$B$1505,$B32,Readings!$D$6:$D$1505,"Before dinner"),1),"")) | H32: =IF($B32="","",IFERROR(ROUND(AVERAGEIFS(Readings!$E$6:$E$1505,Readings!$B$6:$B$1505,$B32,Readings!$D$6:$D$1505,"After dinner"),1),"")) | I32: =IF($B32="","",IFERROR(ROUND(AVERAGEIFS(Readings!$E$6:$E$1505,Readings!$B$6:$B$1505,$B32,Readings!$D$6:$D$1505,"Bedtime"),1),"")) | J32: =IF($B32="","",IFERROR(ROUND(AVERAGEIFS(Readings!$E$6:$E$1505,Readings!$B$6:$B$1505,$B32,Readings!$D$6:$D$1505,"Night"),1),""))
B33: =IF((MAX(Settings!$C$6,Settings!$C$7-30)+7)>Settings!$C$7,"",(MAX(Settings!$C$6,Settings!$C$7-30)+7)) | C33: =IF($B33="","",IFERROR(ROUND(AVERAGEIFS(Readings!$E$6:$E$1505,Readings!$B$6:$B$1505,$B33,Readings!$D$6:$D$1505,"Fasting"),1),"")) | D33: =IF($B33="","",IFERROR(ROUND(AVERAGEIFS(Readings!$E$6:$E$1505,Readings!$B$6:$B$1505,$B33,Readings!$D$6:$D$1505,"After breakfast"),1),"")) | E33: =IF($B33="","",IFERROR(ROUND(AVERAGEIFS(Readings!$E$6:$E$1505,Readings!$B$6:$B$1505,$B33,Readings!$D$6:$D$1505,"Before lunch"),1),"")) | F33: =IF($B33="","",IFERROR(ROUND(AVERAGEIFS(Readings!$E$6:$E$1505,Readings!$B$6:$B$1505,$B33,Readings!$D$6:$D$1505,"After lunch"),1),"")) | G33: =IF($B33="","",IFERROR(ROUND(AVERAGEIFS(Readings!$E$6:$E$1505,Readings!$B$6:$B$1505,$B33,Readings!$D$6:$D$1505,"Before dinner"),1),"")) | H33: =IF($B33="","",IFERROR(ROUND(AVERAGEIFS(Readings!$E$6:$E$1505,Readings!$B$6:$B$1505,$B33,Readings!$D$6:$D$1505,"After dinner"),1),"")) | I33: =IF($B33="","",IFERROR(ROUND(AVERAGEIFS(Readings!$E$6:$E$1505,Readings!$B$6:$B$1505,$B33,Readings!$D$6:$D$1505,"Bedtime"),1),"")) | J33: =IF($B33="","",IFERROR(ROUND(AVERAGEIFS(Readings!$E$6:$E$1505,Readings!$B$6:$B$1505,$B33,Readings!$D$6:$D$1505,"Night"),1),""))
B34: =IF((MAX(Settings!$C$6,Settings!$C$7-30)+8)>Settings!$C$7,"",(MAX(Settings!$C$6,Settings!$C$7-30)+8)) | C34: =IF($B34="","",IFERROR(ROUND(AVERAGEIFS(Readings!$E$6:$E$1505,Readings!$B$6:$B$1505,$B34,Readings!$D$6:$D$1505,"Fasting"),1),"")) | D34: =IF($B34="","",IFERROR(ROUND(AVERAGEIFS(Readings!$E$6:$E$1505,Readings!$B$6:$B$1505,$B34,Readings!$D$6:$D$1505,"After breakfast"),1),"")) | E34: =IF($B34="","",IFERROR(ROUND(AVERAGEIFS(Readings!$E$6:$E$1505,Readings!$B$6:$B$1505,$B34,Readings!$D$6:$D$1505,"Before lunch"),1),"")) | F34: =IF($B34="","",IFERROR(ROUND(AVERAGEIFS(Readings!$E$6:$E$1505,Readings!$B$6:$B$1505,$B34,Readings!$D$6:$D$1505,"After lunch"),1),"")) | G34: =IF($B34="","",IFERROR(ROUND(AVERAGEIFS(Readings!$E$6:$E$1505,Readings!$B$6:$B$1505,$B34,Readings!$D$6:$D$1505,"Before dinner"),1),"")) | H34: =IF($B34="","",IFERROR(ROUND(AVERAGEIFS(Readings!$E$6:$E$1505,Readings!$B$6:$B$1505,$B34,Readings!$D$6:$D$1505,"After dinner"),1),"")) | I34: =IF($B34="","",IFERROR(ROUND(AVERAGEIFS(Readings!$E$6:$E$1505,Readings!$B$6:$B$1505,$B34,Readings!$D$6:$D$1505,"Bedtime"),1),"")) | J34: =IF($B34="","",IFERROR(ROUND(AVERAGEIFS(Readings!$E$6:$E$1505,Readings!$B$6:$B$1505,$B34,Readings!$D$6:$D$1505,"Night"),1),""))
B35: =IF((MAX(Settings!$C$6,Settings!$C$7-30)+9)>Settings!$C$7,"",(MAX(Settings!$C$6,Settings!$C$7-30)+9)) | C35: =IF($B35="","",IFERROR(ROUND(AVERAGEIFS(Readings!$E$6:$E$1505,Readings!$B$6:$B$1505,$B35,Readings!$D$6:$D$1505,"Fasting"),1),"")) | D35: =IF($B35="","",IFERROR(ROUND(AVERAGEIFS(Readings!$E$6:$E$1505,Readings!$B$6:$B$1505,$B35,Readings!$D$6:$D$1505,"After breakfast"),1),"")) | E35: =IF($B35="","",IFERROR(ROUND(AVERAGEIFS(Readings!$E$6:$E$1505,Readings!$B$6:$B$1505,$B35,Readings!$D$6:$D$1505,"Before lunch"),1),"")) | F35: =IF($B35="","",IFERROR(ROUND(AVERAGEIFS(Readings!$E$6:$E$1505,Readings!$B$6:$B$1505,$B35,Readings!$D$6:$D$1505,"After lunch"),1),"")) | G35: =IF($B35="","",IFERROR(ROUND(AVERAGEIFS(Readings!$E$6:$E$1505,Readings!$B$6:$B$1505,$B35,Readings!$D$6:$D$1505,"Before dinner"),1),"")) | H35: =IF($B35="","",IFERROR(ROUND(AVERAGEIFS(Readings!$E$6:$E$1505,Readings!$B$6:$B$1505,$B35,Readings!$D$6:$D$1505,"After dinner"),1),"")) | I35: =IF($B35="","",IFERROR(ROUND(AVERAGEIFS(Readings!$E$6:$E$1505,Readings!$B$6:$B$1505,$B35,Readings!$D$6:$D$1505,"Bedtime"),1),"")) | J35: =IF($B35="","",IFERROR(ROUND(AVERAGEIFS(Readings!$E$6:$E$1505,Readings!$B$6:$B$1505,$B35,Readings!$D$6:$D$1505,"Night"),1),""))
B36: =IF((MAX(Settings!$C$6,Settings!$C$7-30)+10)>Settings!$C$7,"",(MAX(Settings!$C$6,Settings!$C$7-30)+10)) | C36: =IF($B36="","",IFERROR(ROUND(AVERAGEIFS(Readings!$E$6:$E$1505,Readings!$B$6:$B$1505,$B36,Readings!$D$6:$D$1505,"Fasting"),1),"")) | D36: =IF($B36="","",IFERROR(ROUND(AVERAGEIFS(Readings!$E$6:$E$1505,Readings!$B$6:$B$1505,$B36,Readings!$D$6:$D$1505,"After breakfast"),1),"")) | E36: =IF($B36="","",IFERROR(ROUND(AVERAGEIFS(Readings!$E$6:$E$1505,Readings!$B$6:$B$1505,$B36,Readings!$D$6:$D$1505,"Before lunch"),1),"")) | F36: =IF($B36="","",IFERROR(ROUND(AVERAGEIFS(Readings!$E$6:$E$1505,Readings!$B$6:$B$1505,$B36,Readings!$D$6:$D$1505,"After lunch"),1),"")) | G36: =IF($B36="","",IFERROR(ROUND(AVERAGEIFS(Readings!$E$6:$E$1505,Readings!$B$6:$B$1505,$B36,Readings!$D$6:$D$1505,"Before dinner"),1),"")) | H36: =IF($B36="","",IFERROR(ROUND(AVERAGEIFS(Readings!$E$6:$E$1505,Readings!$B$6:$B$1505,$B36,Readings!$D$6:$D$1505,"After dinner"),1),"")) | I36: =IF($B36="","",IFERROR(ROUND(AVERAGEIFS(Readings!$E$6:$E$1505,Readings!$B$6:$B$1505,$B36,Readings!$D$6:$D$1505,"Bedtime"),1),"")) | J36: =IF($B36="","",IFERROR(ROUND(AVERAGEIFS(Readings!$E$6:$E$1505,Readings!$B$6:$B$1505,$B36,Readings!$D$6:$D$1505,"Night"),1),""))
B37: =IF((MAX(Settings!$C$6,Settings!$C$7-30)+11)>Settings!$C$7,"",(MAX(Settings!$C$6,Settings!$C$7-30)+11)) | C37: =IF($B37="","",IFERROR(ROUND(AVERAGEIFS(Readings!$E$6:$E$1505,Readings!$B$6:$B$1505,$B37,Readings!$D$6:$D$1505,"Fasting"),1),"")) | D37: =IF($B37="","",IFERROR(ROUND(AVERAGEIFS(Readings!$E$6:$E$1505,Readings!$B$6:$B$1505,$B37,Readings!$D$6:$D$1505,"After breakfast"),1),"")) | E37: =IF($B37="","",IFERROR(ROUND(AVERAGEIFS(Readings!$E$6:$E$1505,Readings!$B$6:$B$1505,$B37,Readings!$D$6:$D$1505,"Before lunch"),1),"")) | F37: =IF($B37="","",IFERROR(ROUND(AVERAGEIFS(Readings!$E$6:$E$1505,Readings!$B$6:$B$1505,$B37,Readings!$D$6:$D$1505,"After lunch"),1),"")) | G37: =IF($B37="","",IFERROR(ROUND(AVERAGEIFS(Readings!$E$6:$E$1505,Readings!$B$6:$B$1505,$B37,Readings!$D$6:$D$1505,"Before dinner"),1),"")) | H37: =IF($B37="","",IFERROR(ROUND(AVERAGEIFS(Readings!$E$6:$E$1505,Readings!$B$6:$B$1505,$B37,Readings!$D$6:$D$1505,"After dinner"),1),"")) | I37: =IF($B37="","",IFERROR(ROUND(AVERAGEIFS(Readings!$E$6:$E$1505,Readings!$B$6:$B$1505,$B37,Readings!$D$6:$D$1505,"Bedtime"),1),"")) | J37: =IF($B37="","",IFERROR(ROUND(AVERAGEIFS(Readings!$E$6:$E$1505,Readings!$B$6:$B$1505,$B37,Readings!$D$6:$D$1505,"Night"),1),""))
B38: =IF((MAX(Settings!$C$6,Settings!$C$7-30)+12)>Settings!$C$7,"",(MAX(Settings!$C$6,Settings!$C$7-30)+12)) | C38: =IF($B38="","",IFERROR(ROUND(AVERAGEIFS(Readings!$E$6:$E$1505,Readings!$B$6:$B$1505,$B38,Readings!$D$6:$D$1505,"Fasting"),1),"")) | D38: =IF($B38="","",IFERROR(ROUND(AVERAGEIFS(Readings!$E$6:$E$1505,Readings!$B$6:$B$1505,$B38,Readings!$D$6:$D$1505,"After breakfast"),1),"")) | E38: =IF($B38="","",IFERROR(ROUND(AVERAGEIFS(Readings!$E$6:$E$1505,Readings!$B$6:$B$1505,$B38,Readings!$D$6:$D$1505,"Before lunch"),1),"")) | F38: =IF($B38="","",IFERROR(ROUND(AVERAGEIFS(Readings!$E$6:$E$1505,Readings!$B$6:$B$1505,$B38,Readings!$D$6:$D$1505,"After lunch"),1),"")) | G38: =IF($B38="","",IFERROR(ROUND(AVERAGEIFS(Readings!$E$6:$E$1505,Readings!$B$6:$B$1505,$B38,Readings!$D$6:$D$1505,"Before dinner"),1),"")) | H38: =IF($B38="","",IFERROR(ROUND(AVERAGEIFS(Readings!$E$6:$E$1505,Readings!$B$6:$B$1505,$B38,Readings!$D$6:$D$1505,"After dinner"),1),"")) | I38: =IF($B38="","",IFERROR(ROUND(AVERAGEIFS(Readings!$E$6:$E$1505,Readings!$B$6:$B$1505,$B38,Readings!$D$6:$D$1505,"Bedtime"),1),"")) | J38: =IF($B38="","",IFERROR(ROUND(AVERAGEIFS(Readings!$E$6:$E$1505,Readings!$B$6:$B$1505,$B38,Readings!$D$6:$D$1505,"Night"),1),""))
B39: =IF((MAX(Settings!$C$6,Settings!$C$7-30)+13)>Settings!$C$7,"",(MAX(Settings!$C$6,Settings!$C$7-30)+13)) | C39: =IF($B39="","",IFERROR(ROUND(AVERAGEIFS(Readings!$E$6:$E$1505,Readings!$B$6:$B$1505,$B39,Readings!$D$6:$D$1505,"Fasting"),1),"")) | D39: =IF($B39="","",IFERROR(ROUND(AVERAGEIFS(Readings!$E$6:$E$1505,Readings!$B$6:$B$1505,$B39,Readings!$D$6:$D$1505,"After breakfast"),1),"")) | E39: =IF($B39="","",IFERROR(ROUND(AVERAGEIFS(Readings!$E$6:$E$1505,Readings!$B$6:$B$1505,$B39,Readings!$D$6:$D$1505,"Before lunch"),1),"")) | F39: =IF($B39="","",IFERROR(ROUND(AVERAGEIFS(Readings!$E$6:$E$1505,Readings!$B$6:$B$1505,$B39,Readings!$D$6:$D$1505,"After lunch"),1),"")) | G39: =IF($B39="","",IFERROR(ROUND(AVERAGEIFS(Readings!$E$6:$E$1505,Readings!$B$6:$B$1505,$B39,Readings!$D$6:$D$1505,"Before dinner"),1),"")) | H39: =IF($B39="","",IFERROR(ROUND(AVERAGEIFS(Readings!$E$6:$E$1505,Readings!$B$6:$B$1505,$B39,Readings!$D$6:$D$1505,"After dinner"),1),"")) | I39: =IF($B39="","",IFERROR(ROUND(AVERAGEIFS(Readings!$E$6:$E$1505,Readings!$B$6:$B$1505,$B39,Readings!$D$6:$D$1505,"Bedtime"),1),"")) | J39: =IF($B39="","",IFERROR(ROUND(AVERAGEIFS(Readings!$E$6:$E$1505,Readings!$B$6:$B$1505,$B39,Readings!$D$6:$D$1505,"Night"),1),""))
B40: =IF((MAX(Settings!$C$6,Settings!$C$7-30)+14)>Settings!$C$7,"",(MAX(Settings!$C$6,Settings!$C$7-30)+14)) | C40: =IF($B40="","",IFERROR(ROUND(AVERAGEIFS(Readings!$E$6:$E$1505,Readings!$B$6:$B$1505,$B40,Readings!$D$6:$D$1505,"Fasting"),1),"")) | D40: =IF($B40="","",IFERROR(ROUND(AVERAGEIFS(Readings!$E$6:$E$1505,Readings!$B$6:$B$1505,$B40,Readings!$D$6:$D$1505,"After breakfast"),1),"")) | E40: =IF($B40="","",IFERROR(ROUND(AVERAGEIFS(Readings!$E$6:$E$1505,Readings!$B$6:$B$1505,$B40,Readings!$D$6:$D$1505,"Before lunch"),1),"")) | F40: =IF($B40="","",IFERROR(ROUND(AVERAGEIFS(Readings!$E$6:$E$1505,Readings!$B$6:$B$1505,$B40,Readings!$D$6:$D$1505,"After lunch"),1),"")) | G40: =IF($B40="","",IFERROR(ROUND(AVERAGEIFS(Readings!$E$6:$E$1505,Readings!$B$6:$B$1505,$B40,Readings!$D$6:$D$1505,"Before dinner"),1),"")) | H40: =IF($B40="","",IFERROR(ROUND(AVERAGEIFS(Readings!$E$6:$E$1505,Readings!$B$6:$B$1505,$B40,Readings!$D$6:$D$1505,"After dinner"),1),"")) | I40: =IF($B40="","",IFERROR(ROUND(AVERAGEIFS(Readings!$E$6:$E$1505,Readings!$B$6:$B$1505,$B40,Readings!$D$6:$D$1505,"Bedtime"),1),"")) | J40: =IF($B40="","",IFERROR(ROUND(AVERAGEIFS(Readings!$E$6:$E$1505,Readings!$B$6:$B$1505,$B40,Readings!$D$6:$D$1505,"Night"),1),""))
B41: =IF((MAX(Settings!$C$6,Settings!$C$7-30)+15)>Settings!$C$7,"",(MAX(Settings!$C$6,Settings!$C$7-30)+15)) | C41: =IF($B41="","",IFERROR(ROUND(AVERAGEIFS(Readings!$E$6:$E$1505,Readings!$B$6:$B$1505,$B41,Readings!$D$6:$D$1505,"Fasting"),1),"")) | D41: =IF($B41="","",IFERROR(ROUND(AVERAGEIFS(Readings!$E$6:$E$1505,Readings!$B$6:$B$1505,$B41,Readings!$D$6:$D$1505,"After breakfast"),1),"")) | E41: =IF($B41="","",IFERROR(ROUND(AVERAGEIFS(Readings!$E$6:$E$1505,Readings!$B$6:$B$1505,$B41,Readings!$D$6:$D$1505,"Before lunch"),1),"")) | F41: =IF($B41="","",IFERROR(ROUND(AVERAGEIFS(Readings!$E$6:$E$1505,Readings!$B$6:$B$1505,$B41,Readings!$D$6:$D$1505,"After lunch"),1),"")) | G41: =IF($B41="","",IFERROR(ROUND(AVERAGEIFS(Readings!$E$6:$E$1505,Readings!$B$6:$B$1505,$B41,Readings!$D$6:$D$1505,"Before dinner"),1),"")) | H41: =IF($B41="","",IFERROR(ROUND(AVERAGEIFS(Readings!$E$6:$E$1505,Readings!$B$6:$B$1505,$B41,Readings!$D$6:$D$1505,"After dinner"),1),"")) | I41: =IF($B41="","",IFERROR(ROUND(AVERAGEIFS(Readings!$E$6:$E$1505,Readings!$B$6:$B$1505,$B41,Readings!$D$6:$D$1505,"Bedtime"),1),"")) | J41: =IF($B41="","",IFERROR(ROUND(AVERAGEIFS(Readings!$E$6:$E$1505,Readings!$B$6:$B$1505,$B41,Readings!$D$6:$D$1505,"Night"),1),""))
B42: =IF((MAX(Settings!$C$6,Settings!$C$7-30)+16)>Settings!$C$7,"",(MAX(Settings!$C$6,Settings!$C$7-30)+16)) | C42: =IF($B42="","",IFERROR(ROUND(AVERAGEIFS(Readings!$E$6:$E$1505,Readings!$B$6:$B$1505,$B42,Readings!$D$6:$D$1505,"Fasting"),1),"")) | D42: =IF($B42="","",IFERROR(ROUND(AVERAGEIFS(Readings!$E$6:$E$1505,Readings!$B$6:$B$1505,$B42,Readings!$D$6:$D$1505,"After breakfast"),1),"")) | E42: =IF($B42="","",IFERROR(ROUND(AVERAGEIFS(Readings!$E$6:$E$1505,Readings!$B$6:$B$1505,$B42,Readings!$D$6:$D$1505,"Before lunch"),1),"")) | F42: =IF($B42="","",IFERROR(ROUND(AVERAGEIFS(Readings!$E$6:$E$1505,Readings!$B$6:$B$1505,$B42,Readings!$D$6:$D$1505,"After lunch"),1),"")) | G42: =IF($B42="","",IFERROR(ROUND(AVERAGEIFS(Readings!$E$6:$E$1505,Readings!$B$6:$B$1505,$B42,Readings!$D$6:$D$1505,"Before dinner"),1),"")) | H42: =IF($B42="","",IFERROR(ROUND(AVERAGEIFS(Readings!$E$6:$E$1505,Readings!$B$6:$B$1505,$B42,Readings!$D$6:$D$1505,"After dinner"),1),"")) | I42: =IF($B42="","",IFERROR(ROUND(AVERAGEIFS(Readings!$E$6:$E$1505,Readings!$B$6:$B$1505,$B42,Readings!$D$6:$D$1505,"Bedtime"),1),"")) | J42: =IF($B42="","",IFERROR(ROUND(AVERAGEIFS(Readings!$E$6:$E$1505,Readings!$B$6:$B$1505,$B42,Readings!$D$6:$D$1505,"Night"),1),""))
B43: =IF((MAX(Settings!$C$6,Settings!$C$7-30)+17)>Settings!$C$7,"",(MAX(Settings!$C$6,Settings!$C$7-30)+17)) | C43: =IF($B43="","",IFERROR(ROUND(AVERAGEIFS(Readings!$E$6:$E$1505,Readings!$B$6:$B$1505,$B43,Readings!$D$6:$D$1505,"Fasting"),1),"")) | D43: =IF($B43="","",IFERROR(ROUND(AVERAGEIFS(Readings!$E$6:$E$1505,Readings!$B$6:$B$1505,$B43,Readings!$D$6:$D$1505,"After breakfast"),1),"")) | E43: =IF($B43="","",IFERROR(ROUND(AVERAGEIFS(Readings!$E$6:$E$1505,Readings!$B$6:$B$1505,$B43,Readings!$D$6:$D$1505,"Before lunch"),1),"")) | F43: =IF($B43="","",IFERROR(ROUND(AVERAGEIFS(Readings!$E$6:$E$1505,Readings!$B$6:$B$1505,$B43,Readings!$D$6:$D$1505,"After lunch"),1),"")) | G43: =IF($B43="","",IFERROR(ROUND(AVERAGEIFS(Readings!$E$6:$E$1505,Readings!$B$6:$B$1505,$B43,Readings!$D$6:$D$1505,"Before dinner"),1),"")) | H43: =IF($B43="","",IFERROR(ROUND(AVERAGEIFS(Readings!$E$6:$E$1505,Readings!$B$6:$B$1505,$B43,Readings!$D$6:$D$1505,"After dinner"),1),"")) | I43: =IF($B43="","",IFERROR(ROUND(AVERAGEIFS(Readings!$E$6:$E$1505,Readings!$B$6:$B$1505,$B43,Readings!$D$6:$D$1505,"Bedtime"),1),"")) | J43: =IF($B43="","",IFERROR(ROUND(AVERAGEIFS(Readings!$E$6:$E$1505,Readings!$B$6:$B$1505,$B43,Readings!$D$6:$D$1505,"Night"),1),""))
B44: =IF((MAX(Settings!$C$6,Settings!$C$7-30)+18)>Settings!$C$7,"",(MAX(Settings!$C$6,Settings!$C$7-30)+18)) | C44: =IF($B44="","",IFERROR(ROUND(AVERAGEIFS(Readings!$E$6:$E$1505,Readings!$B$6:$B$1505,$B44,Readings!$D$6:$D$1505,"Fasting"),1),"")) | D44: =IF($B44="","",IFERROR(ROUND(AVERAGEIFS(Readings!$E$6:$E$1505,Readings!$B$6:$B$1505,$B44,Readings!$D$6:$D$1505,"After breakfast"),1),"")) | E44: =IF($B44="","",IFERROR(ROUND(AVERAGEIFS(Readings!$E$6:$E$1505,Readings!$B$6:$B$1505,$B44,Readings!$D$6:$D$1505,"Before lunch"),1),"")) | F44: =IF($B44="","",IFERROR(ROUND(AVERAGEIFS(Readings!$E$6:$E$1505,Readings!$B$6:$B$1505,$B44,Readings!$D$6:$D$1505,"After lunch"),1),"")) | G44: =IF($B44="","",IFERROR(ROUND(AVERAGEIFS(Readings!$E$6:$E$1505,Readings!$B$6:$B$1505,$B44,Readings!$D$6:$D$1505,"Before dinner"),1),"")) | H44: =IF($B44="","",IFERROR(ROUND(AVERAGEIFS(Readings!$E$6:$E$1505,Readings!$B$6:$B$1505,$B44,Readings!$D$6:$D$1505,"After dinner"),1),"")) | I44: =IF($B44="","",IFERROR(ROUND(AVERAGEIFS(Readings!$E$6:$E$1505,Readings!$B$6:$B$1505,$B44,Readings!$D$6:$D$1505,"Bedtime"),1),"")) | J44: =IF($B44="","",IFERROR(ROUND(AVERAGEIFS(Readings!$E$6:$E$1505,Readings!$B$6:$B$1505,$B44,Readings!$D$6:$D$1505,"Night"),1),""))
B45: =IF((MAX(Settings!$C$6,Settings!$C$7-30)+19)>Settings!$C$7,"",(MAX(Settings!$C$6,Settings!$C$7-30)+19)) | C45: =IF($B45="","",IFERROR(ROUND(AVERAGEIFS(Readings!$E$6:$E$1505,Readings!$B$6:$B$1505,$B45,Readings!$D$6:$D$1505,"Fasting"),1),"")) | D45: =IF($B45="","",IFERROR(ROUND(AVERAGEIFS(Readings!$E$6:$E$1505,Readings!$B$6:$B$1505,$B45,Readings!$D$6:$D$1505,"After breakfast"),1),"")) | E45: =IF($B45="","",IFERROR(ROUND(AVERAGEIFS(Readings!$E$6:$E$1505,Readings!$B$6:$B$1505,$B45,Readings!$D$6:$D$1505,"Before lunch"),1),"")) | F45: =IF($B45="","",IFERROR(ROUND(AVERAGEIFS(Readings!$E$6:$E$1505,Readings!$B$6:$B$1505,$B45,Readings!$D$6:$D$1505,"After lunch"),1),"")) | G45: =IF($B45="","",IFERROR(ROUND(AVERAGEIFS(Readings!$E$6:$E$1505,Readings!$B$6:$B$1505,$B45,Readings!$D$6:$D$1505,"Before dinner"),1),"")) | H45: =IF($B45="","",IFERROR(ROUND(AVERAGEIFS(Readings!$E$6:$E$1505,Readings!$B$6:$B$1505,$B45,Readings!$D$6:$D$1505,"After dinner"),1),"")) | I45: =IF($B45="","",IFERROR(ROUND(AVERAGEIFS(Readings!$E$6:$E$1505,Readings!$B$6:$B$1505,$B45,Readings!$D$6:$D$1505,"Bedtime"),1),"")) | J45: =IF($B45="","",IFERROR(ROUND(AVERAGEIFS(Readings!$E$6:$E$1505,Readings!$B$6:$B$1505,$B45,Readings!$D$6:$D$1505,"Night"),1),""))
B46: =IF((MAX(Settings!$C$6,Settings!$C$7-30)+20)>Settings!$C$7,"",(MAX(Settings!$C$6,Settings!$C$7-30)+20)) | C46: =IF($B46="","",IFERROR(ROUND(AVERAGEIFS(Readings!$E$6:$E$1505,Readings!$B$6:$B$1505,$B46,Readings!$D$6:$D$1505,"Fasting"),1),"")) | D46: =IF($B46="","",IFERROR(ROUND(AVERAGEIFS(Readings!$E$6:$E$1505,Readings!$B$6:$B$1505,$B46,Readings!$D$6:$D$1505,"After breakfast"),1),"")) | E46: =IF($B46="","",IFERROR(ROUND(AVERAGEIFS(Readings!$E$6:$E$1505,Readings!$B$6:$B$1505,$B46,Readings!$D$6:$D$1505,"Before lunch"),1),"")) | F46: =IF($B46="","",IFERROR(ROUND(AVERAGEIFS(Readings!$E$6:$E$1505,Readings!$B$6:$B$1505,$B46,Readings!$D$6:$D$1505,"After lunch"),1),"")) | G46: =IF($B46="","",IFERROR(ROUND(AVERAGEIFS(Readings!$E$6:$E$1505,Readings!$B$6:$B$1505,$B46,Readings!$D$6:$D$1505,"Before dinner"),1),"")) | H46: =IF($B46="","",IFERROR(ROUND(AVERAGEIFS(Readings!$E$6:$E$1505,Readings!$B$6:$B$1505,$B46,Readings!$D$6:$D$1505,"After dinner"),1),"")) | I46: =IF($B46="","",IFERROR(ROUND(AVERAGEIFS(Readings!$E$6:$E$1505,Readings!$B$6:$B$1505,$B46,Readings!$D$6:$D$1505,"Bedtime"),1),"")) | J46: =IF($B46="","",IFERROR(ROUND(AVERAGEIFS(Readings!$E$6:$E$1505,Readings!$B$6:$B$1505,$B46,Readings!$D$6:$D$1505,"Night"),1),""))
B47: =IF((MAX(Settings!$C$6,Settings!$C$7-30)+21)>Settings!$C$7,"",(MAX(Settings!$C$6,Settings!$C$7-30)+21)) | C47: =IF($B47="","",IFERROR(ROUND(AVERAGEIFS(Readings!$E$6:$E$1505,Readings!$B$6:$B$1505,$B47,Readings!$D$6:$D$1505,"Fasting"),1),"")) | D47: =IF($B47="","",IFERROR(ROUND(AVERAGEIFS(Readings!$E$6:$E$1505,Readings!$B$6:$B$1505,$B47,Readings!$D$6:$D$1505,"After breakfast"),1),"")) | E47: =IF($B47="","",IFERROR(ROUND(AVERAGEIFS(Readings!$E$6:$E$1505,Readings!$B$6:$B$1505,$B47,Readings!$D$6:$D$1505,"Before lunch"),1),"")) | F47: =IF($B47="","",IFERROR(ROUND(AVERAGEIFS(Readings!$E$6:$E$1505,Readings!$B$6:$B$1505,$B47,Readings!$D$6:$D$1505,"After lunch"),1),"")) | G47: =IF($B47="","",IFERROR(ROUND(AVERAGEIFS(Readings!$E$6:$E$1505,Readings!$B$6:$B$1505,$B47,Readings!$D$6:$D$1505,"Before dinner"),1),"")) | H47: =IF($B47="","",IFERROR(ROUND(AVERAGEIFS(Readings!$E$6:$E$1505,Readings!$B$6:$B$1505,$B47,Readings!$D$6:$D$1505,"After dinner"),1),"")) | I47: =IF($B47="","",IFERROR(ROUND(AVERAGEIFS(Readings!$E$6:$E$1505,Readings!$B$6:$B$1505,$B47,Readings!$D$6:$D$1505,"Bedtime"),1),"")) | J47: =IF($B47="","",IFERROR(ROUND(AVERAGEIFS(Readings!$E$6:$E$1505,Readings!$B$6:$B$1505,$B47,Readings!$D$6:$D$1505,"Night"),1),""))
B48: =IF((MAX(Settings!$C$6,Settings!$C$7-30)+22)>Settings!$C$7,"",(MAX(Settings!$C$6,Settings!$C$7-30)+22)) | C48: =IF($B48="","",IFERROR(ROUND(AVERAGEIFS(Readings!$E$6:$E$1505,Readings!$B$6:$B$1505,$B48,Readings!$D$6:$D$1505,"Fasting"),1),"")) | D48: =IF($B48="","",IFERROR(ROUND(AVERAGEIFS(Readings!$E$6:$E$1505,Readings!$B$6:$B$1505,$B48,Readings!$D$6:$D$1505,"After breakfast"),1),"")) | E48: =IF($B48="","",IFERROR(ROUND(AVERAGEIFS(Readings!$E$6:$E$1505,Readings!$B$6:$B$1505,$B48,Readings!$D$6:$D$1505,"Before lunch"),1),"")) | F48: =IF($B48="","",IFERROR(ROUND(AVERAGEIFS(Readings!$E$6:$E$1505,Readings!$B$6:$B$1505,$B48,Readings!$D$6:$D$1505,"After lunch"),1),"")) | G48: =IF($B48="","",IFERROR(ROUND(AVERAGEIFS(Readings!$E$6:$E$1505,Readings!$B$6:$B$1505,$B48,Readings!$D$6:$D$1505,"Before dinner"),1),"")) | H48: =IF($B48="","",IFERROR(ROUND(AVERAGEIFS(Readings!$E$6:$E$1505,Readings!$B$6:$B$1505,$B48,Readings!$D$6:$D$1505,"After dinner"),1),"")) | I48: =IF($B48="","",IFERROR(ROUND(AVERAGEIFS(Readings!$E$6:$E$1505,Readings!$B$6:$B$1505,$B48,Readings!$D$6:$D$1505,"Bedtime"),1),"")) | J48: =IF($B48="","",IFERROR(ROUND(AVERAGEIFS(Readings!$E$6:$E$1505,Readings!$B$6:$B$1505,$B48,Readings!$D$6:$D$1505,"Night"),1),""))
B49: =IF((MAX(Settings!$C$6,Settings!$C$7-30)+23)>Settings!$C$7,"",(MAX(Settings!$C$6,Settings!$C$7-30)+23)) | C49: =IF($B49="","",IFERROR(ROUND(AVERAGEIFS(Readings!$E$6:$E$1505,Readings!$B$6:$B$1505,$B49,Readings!$D$6:$D$1505,"Fasting"),1),"")) | D49: =IF($B49="","",IFERROR(ROUND(AVERAGEIFS(Readings!$E$6:$E$1505,Readings!$B$6:$B$1505,$B49,Readings!$D$6:$D$1505,"After breakfast"),1),"")) | E49: =IF($B49="","",IFERROR(ROUND(AVERAGEIFS(Readings!$E$6:$E$1505,Readings!$B$6:$B$1505,$B49,Readings!$D$6:$D$1505,"Before lunch"),1),"")) | F49: =IF($B49="","",IFERROR(ROUND(AVERAGEIFS(Readings!$E$6:$E$1505,Readings!$B$6:$B$1505,$B49,Readings!$D$6:$D$1505,"After lunch"),1),"")) | G49: =IF($B49="","",IFERROR(ROUND(AVERAGEIFS(Readings!$E$6:$E$1505,Readings!$B$6:$B$1505,$B49,Readings!$D$6:$D$1505,"Before dinner"),1),"")) | H49: =IF($B49="","",IFERROR(ROUND(AVERAGEIFS(Readings!$E$6:$E$1505,Readings!$B$6:$B$1505,$B49,Readings!$D$6:$D$1505,"After dinner"),1),"")) | I49: =IF($B49="","",IFERROR(ROUND(AVERAGEIFS(Readings!$E$6:$E$1505,Readings!$B$6:$B$1505,$B49,Readings!$D$6:$D$1505,"Bedtime"),1),"")) | J49: =IF($B49="","",IFERROR(ROUND(AVERAGEIFS(Readings!$E$6:$E$1505,Readings!$B$6:$B$1505,$B49,Readings!$D$6:$D$1505,"Night"),1),""))
B50: =IF((MAX(Settings!$C$6,Settings!$C$7-30)+24)>Settings!$C$7,"",(MAX(Settings!$C$6,Settings!$C$7-30)+24)) | C50: =IF($B50="","",IFERROR(ROUND(AVERAGEIFS(Readings!$E$6:$E$1505,Readings!$B$6:$B$1505,$B50,Readings!$D$6:$D$1505,"Fasting"),1),"")) | D50: =IF($B50="","",IFERROR(ROUND(AVERAGEIFS(Readings!$E$6:$E$1505,Readings!$B$6:$B$1505,$B50,Readings!$D$6:$D$1505,"After breakfast"),1),"")) | E50: =IF($B50="","",IFERROR(ROUND(AVERAGEIFS(Readings!$E$6:$E$1505,Readings!$B$6:$B$1505,$B50,Readings!$D$6:$D$1505,"Before lunch"),1),"")) | F50: =IF($B50="","",IFERROR(ROUND(AVERAGEIFS(Readings!$E$6:$E$1505,Readings!$B$6:$B$1505,$B50,Readings!$D$6:$D$1505,"After lunch"),1),"")) | G50: =IF($B50="","",IFERROR(ROUND(AVERAGEIFS(Readings!$E$6:$E$1505,Readings!$B$6:$B$1505,$B50,Readings!$D$6:$D$1505,"Before dinner"),1),"")) | H50: =IF($B50="","",IFERROR(ROUND(AVERAGEIFS(Readings!$E$6:$E$1505,Readings!$B$6:$B$1505,$B50,Readings!$D$6:$D$1505,"After dinner"),1),"")) | I50: =IF($B50="","",IFERROR(ROUND(AVERAGEIFS(Readings!$E$6:$E$1505,Readings!$B$6:$B$1505,$B50,Readings!$D$6:$D$1505,"Bedtime"),1),"")) | J50: =IF($B50="","",IFERROR(ROUND(AVERAGEIFS(Readings!$E$6:$E$1505,Readings!$B$6:$B$1505,$B50,Readings!$D$6:$D$1505,"Night"),1),""))
B51: =IF((MAX(Settings!$C$6,Settings!$C$7-30)+25)>Settings!$C$7,"",(MAX(Settings!$C$6,Settings!$C$7-30)+25)) | C51: =IF($B51="","",IFERROR(ROUND(AVERAGEIFS(Readings!$E$6:$E$1505,Readings!$B$6:$B$1505,$B51,Readings!$D$6:$D$1505,"Fasting"),1),"")) | D51: =IF($B51="","",IFERROR(ROUND(AVERAGEIFS(Readings!$E$6:$E$1505,Readings!$B$6:$B$1505,$B51,Readings!$D$6:$D$1505,"After breakfast"),1),"")) | E51: =IF($B51="","",IFERROR(ROUND(AVERAGEIFS(Readings!$E$6:$E$1505,Readings!$B$6:$B$1505,$B51,Readings!$D$6:$D$1505,"Before lunch"),1),"")) | F51: =IF($B51="","",IFERROR(ROUND(AVERAGEIFS(Readings!$E$6:$E$1505,Readings!$B$6:$B$1505,$B51,Readings!$D$6:$D$1505,"After lunch"),1),"")) | G51: =IF($B51="","",IFERROR(ROUND(AVERAGEIFS(Readings!$E$6:$E$1505,Readings!$B$6:$B$1505,$B51,Readings!$D$6:$D$1505,"Before dinner"),1),"")) | H51: =IF($B51="","",IFERROR(ROUND(AVERAGEIFS(Readings!$E$6:$E$1505,Readings!$B$6:$B$1505,$B51,Readings!$D$6:$D$1505,"After dinner"),1),"")) | I51: =IF($B51="","",IFERROR(ROUND(AVERAGEIFS(Readings!$E$6:$E$1505,Readings!$B$6:$B$1505,$B51,Readings!$D$6:$D$1505,"Bedtime"),1),"")) | J51: =IF($B51="","",IFERROR(ROUND(AVERAGEIFS(Readings!$E$6:$E$1505,Readings!$B$6:$B$1505,$B51,Readings!$D$6:$D$1505,"Night"),1),""))
B52: =IF((MAX(Settings!$C$6,Settings!$C$7-30)+26)>Settings!$C$7,"",(MAX(Settings!$C$6,Settings!$C$7-30)+26)) | C52: =IF($B52="","",IFERROR(ROUND(AVERAGEIFS(Readings!$E$6:$E$1505,Readings!$B$6:$B$1505,$B52,Readings!$D$6:$D$1505,"Fasting"),1),"")) | D52: =IF($B52="","",IFERROR(ROUND(AVERAGEIFS(Readings!$E$6:$E$1505,Readings!$B$6:$B$1505,$B52,Readings!$D$6:$D$1505,"After breakfast"),1),"")) | E52: =IF($B52="","",IFERROR(ROUND(AVERAGEIFS(Readings!$E$6:$E$1505,Readings!$B$6:$B$1505,$B52,Readings!$D$6:$D$1505,"Before lunch"),1),"")) | F52: =IF($B52="","",IFERROR(ROUND(AVERAGEIFS(Readings!$E$6:$E$1505,Readings!$B$6:$B$1505,$B52,Readings!$D$6:$D$1505,"After lunch"),1),"")) | G52: =IF($B52="","",IFERROR(ROUND(AVERAGEIFS(Readings!$E$6:$E$1505,Readings!$B$6:$B$1505,$B52,Readings!$D$6:$D$1505,"Before dinner"),1),"")) | H52: =IF($B52="","",IFERROR(ROUND(AVERAGEIFS(Readings!$E$6:$E$1505,Readings!$B$6:$B$1505,$B52,Readings!$D$6:$D$1505,"After dinner"),1),"")) | I52: =IF($B52="","",IFERROR(ROUND(AVERAGEIFS(Readings!$E$6:$E$1505,Readings!$B$6:$B$1505,$B52,Readings!$D$6:$D$1505,"Bedtime"),1),"")) | J52: =IF($B52="","",IFERROR(ROUND(AVERAGEIFS(Readings!$E$6:$E$1505,Readings!$B$6:$B$1505,$B52,Readings!$D$6:$D$1505,"Night"),1),""))
B53: =IF((MAX(Settings!$C$6,Settings!$C$7-30)+27)>Settings!$C$7,"",(MAX(Settings!$C$6,Settings!$C$7-30)+27)) | C53: =IF($B53="","",IFERROR(ROUND(AVERAGEIFS(Readings!$E$6:$E$1505,Readings!$B$6:$B$1505,$B53,Readings!$D$6:$D$1505,"Fasting"),1),"")) | D53: =IF($B53="","",IFERROR(ROUND(AVERAGEIFS(Readings!$E$6:$E$1505,Readings!$B$6:$B$1505,$B53,Readings!$D$6:$D$1505,"After breakfast"),1),"")) | E53: =IF($B53="","",IFERROR(ROUND(AVERAGEIFS(Readings!$E$6:$E$1505,Readings!$B$6:$B$1505,$B53,Readings!$D$6:$D$1505,"Before lunch"),1),"")) | F53: =IF($B53="","",IFERROR(ROUND(AVERAGEIFS(Readings!$E$6:$E$1505,Readings!$B$6:$B$1505,$B53,Readings!$D$6:$D$1505,"After lunch"),1),"")) | G53: =IF($B53="","",IFERROR(ROUND(AVERAGEIFS(Readings!$E$6:$E$1505,Readings!$B$6:$B$1505,$B53,Readings!$D$6:$D$1505,"Before dinner"),1),"")) | H53: =IF($B53="","",IFERROR(ROUND(AVERAGEIFS(Readings!$E$6:$E$1505,Readings!$B$6:$B$1505,$B53,Readings!$D$6:$D$1505,"After dinner"),1),"")) | I53: =IF($B53="","",IFERROR(ROUND(AVERAGEIFS(Readings!$E$6:$E$1505,Readings!$B$6:$B$1505,$B53,Readings!$D$6:$D$1505,"Bedtime"),1),"")) | J53: =IF($B53="","",IFERROR(ROUND(AVERAGEIFS(Readings!$E$6:$E$1505,Readings!$B$6:$B$1505,$B53,Readings!$D$6:$D$1505,"Night"),1),""))
B54: =IF((MAX(Settings!$C$6,Settings!$C$7-30)+28)>Settings!$C$7,"",(MAX(Settings!$C$6,Settings!$C$7-30)+28)) | C54: =IF($B54="","",IFERROR(ROUND(AVERAGEIFS(Readings!$E$6:$E$1505,Readings!$B$6:$B$1505,$B54,Readings!$D$6:$D$1505,"Fasting"),1),"")) | D54: =IF($B54="","",IFERROR(ROUND(AVERAGEIFS(Readings!$E$6:$E$1505,Readings!$B$6:$B$1505,$B54,Readings!$D$6:$D$1505,"After breakfast"),1),"")) | E54: =IF($B54="","",IFERROR(ROUND(AVERAGEIFS(Readings!$E$6:$E$1505,Readings!$B$6:$B$1505,$B54,Readings!$D$6:$D$1505,"Before lunch"),1),"")) | F54: =IF($B54="","",IFERROR(ROUND(AVERAGEIFS(Readings!$E$6:$E$1505,Readings!$B$6:$B$1505,$B54,Readings!$D$6:$D$1505,"After lunch"),1),"")) | G54: =IF($B54="","",IFERROR(ROUND(AVERAGEIFS(Readings!$E$6:$E$1505,Readings!$B$6:$B$1505,$B54,Readings!$D$6:$D$1505,"Before dinner"),1),"")) | H54: =IF($B54="","",IFERROR(ROUND(AVERAGEIFS(Readings!$E$6:$E$1505,Readings!$B$6:$B$1505,$B54,Readings!$D$6:$D$1505,"After dinner"),1),"")) | I54: =IF($B54="","",IFERROR(ROUND(AVERAGEIFS(Readings!$E$6:$E$1505,Readings!$B$6:$B$1505,$B54,Readings!$D$6:$D$1505,"Bedtime"),1),"")) | J54: =IF($B54="","",IFERROR(ROUND(AVERAGEIFS(Readings!$E$6:$E$1505,Readings!$B$6:$B$1505,$B54,Readings!$D$6:$D$1505,"Night"),1),""))
B55: =IF((MAX(Settings!$C$6,Settings!$C$7-30)+29)>Settings!$C$7,"",(MAX(Settings!$C$6,Settings!$C$7-30)+29)) | C55: =IF($B55="","",IFERROR(ROUND(AVERAGEIFS(Readings!$E$6:$E$1505,Readings!$B$6:$B$1505,$B55,Readings!$D$6:$D$1505,"Fasting"),1),"")) | D55: =IF($B55="","",IFERROR(ROUND(AVERAGEIFS(Readings!$E$6:$E$1505,Readings!$B$6:$B$1505,$B55,Readings!$D$6:$D$1505,"After breakfast"),1),"")) | E55: =IF($B55="","",IFERROR(ROUND(AVERAGEIFS(Readings!$E$6:$E$1505,Readings!$B$6:$B$1505,$B55,Readings!$D$6:$D$1505,"Before lunch"),1),"")) | F55: =IF($B55="","",IFERROR(ROUND(AVERAGEIFS(Readings!$E$6:$E$1505,Readings!$B$6:$B$1505,$B55,Readings!$D$6:$D$1505,"After lunch"),1),"")) | G55: =IF($B55="","",IFERROR(ROUND(AVERAGEIFS(Readings!$E$6:$E$1505,Readings!$B$6:$B$1505,$B55,Readings!$D$6:$D$1505,"Before dinner"),1),"")) | H55: =IF($B55="","",IFERROR(ROUND(AVERAGEIFS(Readings!$E$6:$E$1505,Readings!$B$6:$B$1505,$B55,Readings!$D$6:$D$1505,"After dinner"),1),"")) | I55: =IF($B55="","",IFERROR(ROUND(AVERAGEIFS(Readings!$E$6:$E$1505,Readings!$B$6:$B$1505,$B55,Readings!$D$6:$D$1505,"Bedtime"),1),"")) | J55: =IF($B55="","",IFERROR(ROUND(AVERAGEIFS(Readings!$E$6:$E$1505,Readings!$B$6:$B$1505,$B55,Readings!$D$6:$D$1505,"Night"),1),""))
B56: =IF((MAX(Settings!$C$6,Settings!$C$7-30)+30)>Settings!$C$7,"",(MAX(Settings!$C$6,Settings!$C$7-30)+30)) | C56: =IF($B56="","",IFERROR(ROUND(AVERAGEIFS(Readings!$E$6:$E$1505,Readings!$B$6:$B$1505,$B56,Readings!$D$6:$D$1505,"Fasting"),1),"")) | D56: =IF($B56="","",IFERROR(ROUND(AVERAGEIFS(Readings!$E$6:$E$1505,Readings!$B$6:$B$1505,$B56,Readings!$D$6:$D$1505,"After breakfast"),1),"")) | E56: =IF($B56="","",IFERROR(ROUND(AVERAGEIFS(Readings!$E$6:$E$1505,Readings!$B$6:$B$1505,$B56,Readings!$D$6:$D$1505,"Before lunch"),1),"")) | F56: =IF($B56="","",IFERROR(ROUND(AVERAGEIFS(Readings!$E$6:$E$1505,Readings!$B$6:$B$1505,$B56,Readings!$D$6:$D$1505,"After lunch"),1),"")) | G56: =IF($B56="","",IFERROR(ROUND(AVERAGEIFS(Readings!$E$6:$E$1505,Readings!$B$6:$B$1505,$B56,Readings!$D$6:$D$1505,"Before dinner"),1),"")) | H56: =IF($B56="","",IFERROR(ROUND(AVERAGEIFS(Readings!$E$6:$E$1505,Readings!$B$6:$B$1505,$B56,Readings!$D$6:$D$1505,"After dinner"),1),"")) | I56: =IF($B56="","",IFERROR(ROUND(AVERAGEIFS(Readings!$E$6:$E$1505,Readings!$B$6:$B$1505,$B56,Readings!$D$6:$D$1505,"Bedtime"),1),"")) | J56: =IF($B56="","",IFERROR(ROUND(AVERAGEIFS(Readings!$E$6:$E$1505,Readings!$B$6:$B$1505,$B56,Readings!$D$6:$D$1505,"Night"),1),""))
B58: =IF(Settings!$C$7-Settings!$C$6>30,"The grid shows the last 31 days. The summary covers all the dates.","")
B59: Red: below the range typed for that moment. Amber: above it. A record only, with no advice.

Sheet Settings
B2: Settings
B3: Your name, the units, the dates of the report, and the range for each moment of the day.
B4: Name on the report | C4: Jamie | F4: Type the range your doctor or nurse gave you for each moment.
B5: Units | C5: mg/dL | F5: The example numbers are made up. This file only keeps a record: it gives no advice.
B6: Report from | C6: =TODAY()-29 | F6: Report from and to: the dates the Report tab covers. As typed, the last 30 days.
B7: Report to | C7: =TODAY() | F7: Units: only a label. Type every reading in the same units.
B9: Moment | C9: Lowest | D9: Highest
B10: Fasting | C10: 80 | D10: 130
B11: After breakfast | C11: 80 | D11: 180
B12: Before lunch | C12: 80 | D12: 130
B13: After lunch | C13: 80 | D13: 180
B14: Before dinner | C14: 80 | D14: 130
B15: After dinner | C15: 80 | D15: 180
B16: Bedtime | C16: 90 | D16: 150
B17: Night | C17: 80 | D17: 130
B18: Other | C18: 80 | D18: 180

Sheet Start Here
B2: Start here
B3: Type only in the yellow cells. Everything else is calculated.
B5: 1 | C5: Settings: your name, the units, and the range your doctor or nurse gave you for each moment of the day.
B7: 2 | C7: Readings: one line per reading with the date, time and moment. Notes are for food, exercise, how you felt.
B9: 3 | C9: Medicines: what you take, the dose and up to four times a day.
B11: 4 | C11: Doses: one line each time you take one. The Dashboard shows what is still to take today.
B13: 5 | C13: Report: set the dates on Settings, then print the Report tab or save it as a PDF for an appointment.
C16: This file keeps a record and gives no medical advice. Ask your doctor or nurse about your numbers.
C18: The example person and every number in it are made up. Delete them and add your own.
C20: Works in Google Sheets and Microsoft Excel, in mg/dL or mmol/L.
