Workbook

Sheet Dashboard
V1: =DATE(YEAR(Settings!$C$6),MONTH(Settings!$C$6),1)
B2: Cash envelopes | V2: =DATE(YEAR(Settings!$C$6),MONTH(Settings!$C$6)+1,1)-1
B3: =CHOOSE(MONTH(V1),"January","February","March","April","May","June","July","August","September","October","November","December")&" "&YEAR(V1)&": what went into each envelope, what came out, and what is left."
B4: In your envelopes | C4: Stuffed | D4: Spent | E4: Left to spend | F4: In sinking funds | G4: Low now | J4: Plan per payday | K4: Last payday
B5: =SUM(Envelopes!$L$6:$L$21) | C5: =SUM(D8:D23) | D5: =SUM(E8:E23) | E5: =SUMIFS(G8:G23,Q8:Q23,"Spending") | F5: =SUMIFS(G8:G23,Q8:Q23,"Sinking fund") | G5: =COUNTIF(Envelopes!$M$6:$M$21,"Low") | J5: =SUM(Envelopes!$D$6:$D$21) | K5: =IF(COUNT(Paydays!$B$6:$B$205)=0,"",MAX(Paydays!$B$6:$B$205))
B7: Envelope | C7: Carried in | D7: Stuffed | E7: Spent | F7: Moved | G7: Left | H7: Used | J7: Sinking fund | K7: Target | L7: Saved | N7: By | O7: Per payday
B8: =IF(Envelopes!$B$6="","",Envelopes!$B$6) | C8: =IF(B8="","",N(Envelopes!$H$6)+SUMIFS(Paydays!$E$6:$E$205,Paydays!$W$6:$W$205,">0",Paydays!$W$6:$W$205,"<"&Dashboard!$V$1)-SUMIFS(Spending!$D$6:$D$1005,Spending!$C$6:$C$1005,Envelopes!$B$6,Spending!$I$6:$I$1005,1,Spending!$H$6:$H$1005,"<"&Dashboard!$V$1)+SUMIFS(Spending!$D$6:$D$1005,Spending!$F$6:$F$1005,Envelopes!$B$6,Spending!$J$6:$J$1005,1,Spending!$H$6:$H$1005,"<"&Dashboard!$V$1)-SUMIFS(Spending!$D$6:$D$1005,Spending!$C$6:$C$1005,Envelopes!$B$6,Spending!$J$6:$J$1005,1,Spending!$H$6:$H$1005,"<"&Dashboard!$V$1)) | D8: =IF(B8="","",SUMIFS(Paydays!$E$6:$E$205,Paydays!$W$6:$W$205,">0",Paydays!$W$6:$W$205,">="&Dashboard!$V$1,Paydays!$W$6:$W$205,"<="&Dashboard!$V$2)) | E8: =IF(B8="","",SUMIFS(Spending!$D$6:$D$1005,Spending!$C$6:$C$1005,Envelopes!$B$6,Spending!$I$6:$I$1005,1,Spending!$H$6:$H$1005,">="&Dashboard!$V$1,Spending!$H$6:$H$1005,"<="&Dashboard!$V$2)) | F8: =IF(B8="","",SUMIFS(Spending!$D$6:$D$1005,Spending!$F$6:$F$1005,Envelopes!$B$6,Spending!$J$6:$J$1005,1,Spending!$H$6:$H$1005,">="&Dashboard!$V$1,Spending!$H$6:$H$1005,"<="&Dashboard!$V$2)-SUMIFS(Spending!$D$6:$D$1005,Spending!$C$6:$C$1005,Envelopes!$B$6,Spending!$J$6:$J$1005,1,Spending!$H$6:$H$1005,">="&Dashboard!$V$1,Spending!$H$6:$H$1005,"<="&Dashboard!$V$2)) | G8: =IF(B8="","",C8+D8-E8+F8) | H8: =IF(B8="","",IF(C8+D8+MAX(0,F8)<=0,"",REPT("█",MIN(10,MAX(0,ROUND((E8/(C8+D8+MAX(0,F8)))*10,0))))&REPT("░",10-MIN(10,MAX(0,ROUND((E8/(C8+D8+MAX(0,F8)))*10,0)))))) | J8: =IF(S8="","",INDEX(Envelopes!$B$1:$B$21,S8)) | K8: =IF(S8="","",IF(N(INDEX(Envelopes!$F$1:$F$21,S8))=0,"",INDEX(Envelopes!$F$1:$F$21,S8))) | L8: =IF(S8="","",INDEX(Envelopes!$L$1:$L$21,S8)) | M8: =IF(OR(S8="",K8=""),"",REPT("█",MIN(10,MAX(0,ROUND((L8/K8)*10,0))))&REPT("░",10-MIN(10,MAX(0,ROUND((L8/K8)*10,0))))) | N8: =IF(S8="","",IF(INDEX(Envelopes!$G$1:$G$21,S8)="","",INDEX(Envelopes!$G$1:$G$21,S8))) | O8: =IF(S8="","",IF(INDEX(Envelopes!$M$1:$M$21,S8)="Reached","Reached",IF(INDEX(Envelopes!$N$1:$N$21,S8)="","",INDEX(Envelopes!$N$1:$N$21,S8)))) | Q8: =IF(B8="","",IF(Envelopes!$C$6="Sinking fund","Sinking fund","Spending")) | R8: =IF(B8="","",Envelopes!$M$6) | S8: =IFERROR(SMALL(Envelopes!$P$6:$P$21,1),"")
B9: =IF(Envelopes!$B$7="","",Envelopes!$B$7) | C9: =IF(B9="","",N(Envelopes!$H$7)+SUMIFS(Paydays!$F$6:$F$205,Paydays!$W$6:$W$205,">0",Paydays!$W$6:$W$205,"<"&Dashboard!$V$1)-SUMIFS(Spending!$D$6:$D$1005,Spending!$C$6:$C$1005,Envelopes!$B$7,Spending!$I$6:$I$1005,1,Spending!$H$6:$H$1005,"<"&Dashboard!$V$1)+SUMIFS(Spending!$D$6:$D$1005,Spending!$F$6:$F$1005,Envelopes!$B$7,Spending!$J$6:$J$1005,1,Spending!$H$6:$H$1005,"<"&Dashboard!$V$1)-SUMIFS(Spending!$D$6:$D$1005,Spending!$C$6:$C$1005,Envelopes!$B$7,Spending!$J$6:$J$1005,1,Spending!$H$6:$H$1005,"<"&Dashboard!$V$1)) | D9: =IF(B9="","",SUMIFS(Paydays!$F$6:$F$205,Paydays!$W$6:$W$205,">0",Paydays!$W$6:$W$205,">="&Dashboard!$V$1,Paydays!$W$6:$W$205,"<="&Dashboard!$V$2)) | E9: =IF(B9="","",SUMIFS(Spending!$D$6:$D$1005,Spending!$C$6:$C$1005,Envelopes!$B$7,Spending!$I$6:$I$1005,1,Spending!$H$6:$H$1005,">="&Dashboard!$V$1,Spending!$H$6:$H$1005,"<="&Dashboard!$V$2)) | F9: =IF(B9="","",SUMIFS(Spending!$D$6:$D$1005,Spending!$F$6:$F$1005,Envelopes!$B$7,Spending!$J$6:$J$1005,1,Spending!$H$6:$H$1005,">="&Dashboard!$V$1,Spending!$H$6:$H$1005,"<="&Dashboard!$V$2)-SUMIFS(Spending!$D$6:$D$1005,Spending!$C$6:$C$1005,Envelopes!$B$7,Spending!$J$6:$J$1005,1,Spending!$H$6:$H$1005,">="&Dashboard!$V$1,Spending!$H$6:$H$1005,"<="&Dashboard!$V$2)) | G9: =IF(B9="","",C9+D9-E9+F9) | H9: =IF(B9="","",IF(C9+D9+MAX(0,F9)<=0,"",REPT("█",MIN(10,MAX(0,ROUND((E9/(C9+D9+MAX(0,F9)))*10,0))))&REPT("░",10-MIN(10,MAX(0,ROUND((E9/(C9+D9+MAX(0,F9)))*10,0)))))) | J9: =IF(S9="","",INDEX(Envelopes!$B$1:$B$21,S9)) | K9: =IF(S9="","",IF(N(INDEX(Envelopes!$F$1:$F$21,S9))=0,"",INDEX(Envelopes!$F$1:$F$21,S9))) | L9: =IF(S9="","",INDEX(Envelopes!$L$1:$L$21,S9)) | M9: =IF(OR(S9="",K9=""),"",REPT("█",MIN(10,MAX(0,ROUND((L9/K9)*10,0))))&REPT("░",10-MIN(10,MAX(0,ROUND((L9/K9)*10,0))))) | N9: =IF(S9="","",IF(INDEX(Envelopes!$G$1:$G$21,S9)="","",INDEX(Envelopes!$G$1:$G$21,S9))) | O9: =IF(S9="","",IF(INDEX(Envelopes!$M$1:$M$21,S9)="Reached","Reached",IF(INDEX(Envelopes!$N$1:$N$21,S9)="","",INDEX(Envelopes!$N$1:$N$21,S9)))) | Q9: =IF(B9="","",IF(Envelopes!$C$7="Sinking fund","Sinking fund","Spending")) | R9: =IF(B9="","",Envelopes!$M$7) | S9: =IFERROR(SMALL(Envelopes!$P$6:$P$21,2),"")
B10: =IF(Envelopes!$B$8="","",Envelopes!$B$8) | C10: =IF(B10="","",N(Envelopes!$H$8)+SUMIFS(Paydays!$G$6:$G$205,Paydays!$W$6:$W$205,">0",Paydays!$W$6:$W$205,"<"&Dashboard!$V$1)-SUMIFS(Spending!$D$6:$D$1005,Spending!$C$6:$C$1005,Envelopes!$B$8,Spending!$I$6:$I$1005,1,Spending!$H$6:$H$1005,"<"&Dashboard!$V$1)+SUMIFS(Spending!$D$6:$D$1005,Spending!$F$6:$F$1005,Envelopes!$B$8,Spending!$J$6:$J$1005,1,Spending!$H$6:$H$1005,"<"&Dashboard!$V$1)-SUMIFS(Spending!$D$6:$D$1005,Spending!$C$6:$C$1005,Envelopes!$B$8,Spending!$J$6:$J$1005,1,Spending!$H$6:$H$1005,"<"&Dashboard!$V$1)) | D10: =IF(B10="","",SUMIFS(Paydays!$G$6:$G$205,Paydays!$W$6:$W$205,">0",Paydays!$W$6:$W$205,">="&Dashboard!$V$1,Paydays!$W$6:$W$205,"<="&Dashboard!$V$2)) | E10: =IF(B10="","",SUMIFS(Spending!$D$6:$D$1005,Spending!$C$6:$C$1005,Envelopes!$B$8,Spending!$I$6:$I$1005,1,Spending!$H$6:$H$1005,">="&Dashboard!$V$1,Spending!$H$6:$H$1005,"<="&Dashboard!$V$2)) | F10: =IF(B10="","",SUMIFS(Spending!$D$6:$D$1005,Spending!$F$6:$F$1005,Envelopes!$B$8,Spending!$J$6:$J$1005,1,Spending!$H$6:$H$1005,">="&Dashboard!$V$1,Spending!$H$6:$H$1005,"<="&Dashboard!$V$2)-SUMIFS(Spending!$D$6:$D$1005,Spending!$C$6:$C$1005,Envelopes!$B$8,Spending!$J$6:$J$1005,1,Spending!$H$6:$H$1005,">="&Dashboard!$V$1,Spending!$H$6:$H$1005,"<="&Dashboard!$V$2)) | G10: =IF(B10="","",C10+D10-E10+F10) | H10: =IF(B10="","",IF(C10+D10+MAX(0,F10)<=0,"",REPT("█",MIN(10,MAX(0,ROUND((E10/(C10+D10+MAX(0,F10)))*10,0))))&REPT("░",10-MIN(10,MAX(0,ROUND((E10/(C10+D10+MAX(0,F10)))*10,0)))))) | J10: =IF(S10="","",INDEX(Envelopes!$B$1:$B$21,S10)) | K10: =IF(S10="","",IF(N(INDEX(Envelopes!$F$1:$F$21,S10))=0,"",INDEX(Envelopes!$F$1:$F$21,S10))) | L10: =IF(S10="","",INDEX(Envelopes!$L$1:$L$21,S10)) | M10: =IF(OR(S10="",K10=""),"",REPT("█",MIN(10,MAX(0,ROUND((L10/K10)*10,0))))&REPT("░",10-MIN(10,MAX(0,ROUND((L10/K10)*10,0))))) | N10: =IF(S10="","",IF(INDEX(Envelopes!$G$1:$G$21,S10)="","",INDEX(Envelopes!$G$1:$G$21,S10))) | O10: =IF(S10="","",IF(INDEX(Envelopes!$M$1:$M$21,S10)="Reached","Reached",IF(INDEX(Envelopes!$N$1:$N$21,S10)="","",INDEX(Envelopes!$N$1:$N$21,S10)))) | Q10: =IF(B10="","",IF(Envelopes!$C$8="Sinking fund","Sinking fund","Spending")) | R10: =IF(B10="","",Envelopes!$M$8) | S10: =IFERROR(SMALL(Envelopes!$P$6:$P$21,3),"")
B11: =IF(Envelopes!$B$9="","",Envelopes!$B$9) | C11: =IF(B11="","",N(Envelopes!$H$9)+SUMIFS(Paydays!$H$6:$H$205,Paydays!$W$6:$W$205,">0",Paydays!$W$6:$W$205,"<"&Dashboard!$V$1)-SUMIFS(Spending!$D$6:$D$1005,Spending!$C$6:$C$1005,Envelopes!$B$9,Spending!$I$6:$I$1005,1,Spending!$H$6:$H$1005,"<"&Dashboard!$V$1)+SUMIFS(Spending!$D$6:$D$1005,Spending!$F$6:$F$1005,Envelopes!$B$9,Spending!$J$6:$J$1005,1,Spending!$H$6:$H$1005,"<"&Dashboard!$V$1)-SUMIFS(Spending!$D$6:$D$1005,Spending!$C$6:$C$1005,Envelopes!$B$9,Spending!$J$6:$J$1005,1,Spending!$H$6:$H$1005,"<"&Dashboard!$V$1)) | D11: =IF(B11="","",SUMIFS(Paydays!$H$6:$H$205,Paydays!$W$6:$W$205,">0",Paydays!$W$6:$W$205,">="&Dashboard!$V$1,Paydays!$W$6:$W$205,"<="&Dashboard!$V$2)) | E11: =IF(B11="","",SUMIFS(Spending!$D$6:$D$1005,Spending!$C$6:$C$1005,Envelopes!$B$9,Spending!$I$6:$I$1005,1,Spending!$H$6:$H$1005,">="&Dashboard!$V$1,Spending!$H$6:$H$1005,"<="&Dashboard!$V$2)) | F11: =IF(B11="","",SUMIFS(Spending!$D$6:$D$1005,Spending!$F$6:$F$1005,Envelopes!$B$9,Spending!$J$6:$J$1005,1,Spending!$H$6:$H$1005,">="&Dashboard!$V$1,Spending!$H$6:$H$1005,"<="&Dashboard!$V$2)-SUMIFS(Spending!$D$6:$D$1005,Spending!$C$6:$C$1005,Envelopes!$B$9,Spending!$J$6:$J$1005,1,Spending!$H$6:$H$1005,">="&Dashboard!$V$1,Spending!$H$6:$H$1005,"<="&Dashboard!$V$2)) | G11: =IF(B11="","",C11+D11-E11+F11) | H11: =IF(B11="","",IF(C11+D11+MAX(0,F11)<=0,"",REPT("█",MIN(10,MAX(0,ROUND((E11/(C11+D11+MAX(0,F11)))*10,0))))&REPT("░",10-MIN(10,MAX(0,ROUND((E11/(C11+D11+MAX(0,F11)))*10,0)))))) | J11: =IF(S11="","",INDEX(Envelopes!$B$1:$B$21,S11)) | K11: =IF(S11="","",IF(N(INDEX(Envelopes!$F$1:$F$21,S11))=0,"",INDEX(Envelopes!$F$1:$F$21,S11))) | L11: =IF(S11="","",INDEX(Envelopes!$L$1:$L$21,S11)) | M11: =IF(OR(S11="",K11=""),"",REPT("█",MIN(10,MAX(0,ROUND((L11/K11)*10,0))))&REPT("░",10-MIN(10,MAX(0,ROUND((L11/K11)*10,0))))) | N11: =IF(S11="","",IF(INDEX(Envelopes!$G$1:$G$21,S11)="","",INDEX(Envelopes!$G$1:$G$21,S11))) | O11: =IF(S11="","",IF(INDEX(Envelopes!$M$1:$M$21,S11)="Reached","Reached",IF(INDEX(Envelopes!$N$1:$N$21,S11)="","",INDEX(Envelopes!$N$1:$N$21,S11)))) | Q11: =IF(B11="","",IF(Envelopes!$C$9="Sinking fund","Sinking fund","Spending")) | R11: =IF(B11="","",Envelopes!$M$9) | S11: =IFERROR(SMALL(Envelopes!$P$6:$P$21,4),"")
B12: =IF(Envelopes!$B$10="","",Envelopes!$B$10) | C12: =IF(B12="","",N(Envelopes!$H$10)+SUMIFS(Paydays!$I$6:$I$205,Paydays!$W$6:$W$205,">0",Paydays!$W$6:$W$205,"<"&Dashboard!$V$1)-SUMIFS(Spending!$D$6:$D$1005,Spending!$C$6:$C$1005,Envelopes!$B$10,Spending!$I$6:$I$1005,1,Spending!$H$6:$H$1005,"<"&Dashboard!$V$1)+SUMIFS(Spending!$D$6:$D$1005,Spending!$F$6:$F$1005,Envelopes!$B$10,Spending!$J$6:$J$1005,1,Spending!$H$6:$H$1005,"<"&Dashboard!$V$1)-SUMIFS(Spending!$D$6:$D$1005,Spending!$C$6:$C$1005,Envelopes!$B$10,Spending!$J$6:$J$1005,1,Spending!$H$6:$H$1005,"<"&Dashboard!$V$1)) | D12: =IF(B12="","",SUMIFS(Paydays!$I$6:$I$205,Paydays!$W$6:$W$205,">0",Paydays!$W$6:$W$205,">="&Dashboard!$V$1,Paydays!$W$6:$W$205,"<="&Dashboard!$V$2)) | E12: =IF(B12="","",SUMIFS(Spending!$D$6:$D$1005,Spending!$C$6:$C$1005,Envelopes!$B$10,Spending!$I$6:$I$1005,1,Spending!$H$6:$H$1005,">="&Dashboard!$V$1,Spending!$H$6:$H$1005,"<="&Dashboard!$V$2)) | F12: =IF(B12="","",SUMIFS(Spending!$D$6:$D$1005,Spending!$F$6:$F$1005,Envelopes!$B$10,Spending!$J$6:$J$1005,1,Spending!$H$6:$H$1005,">="&Dashboard!$V$1,Spending!$H$6:$H$1005,"<="&Dashboard!$V$2)-SUMIFS(Spending!$D$6:$D$1005,Spending!$C$6:$C$1005,Envelopes!$B$10,Spending!$J$6:$J$1005,1,Spending!$H$6:$H$1005,">="&Dashboard!$V$1,Spending!$H$6:$H$1005,"<="&Dashboard!$V$2)) | G12: =IF(B12="","",C12+D12-E12+F12) | H12: =IF(B12="","",IF(C12+D12+MAX(0,F12)<=0,"",REPT("█",MIN(10,MAX(0,ROUND((E12/(C12+D12+MAX(0,F12)))*10,0))))&REPT("░",10-MIN(10,MAX(0,ROUND((E12/(C12+D12+MAX(0,F12)))*10,0)))))) | J12: =IF(S12="","",INDEX(Envelopes!$B$1:$B$21,S12)) | K12: =IF(S12="","",IF(N(INDEX(Envelopes!$F$1:$F$21,S12))=0,"",INDEX(Envelopes!$F$1:$F$21,S12))) | L12: =IF(S12="","",INDEX(Envelopes!$L$1:$L$21,S12)) | M12: =IF(OR(S12="",K12=""),"",REPT("█",MIN(10,MAX(0,ROUND((L12/K12)*10,0))))&REPT("░",10-MIN(10,MAX(0,ROUND((L12/K12)*10,0))))) | N12: =IF(S12="","",IF(INDEX(Envelopes!$G$1:$G$21,S12)="","",INDEX(Envelopes!$G$1:$G$21,S12))) | O12: =IF(S12="","",IF(INDEX(Envelopes!$M$1:$M$21,S12)="Reached","Reached",IF(INDEX(Envelopes!$N$1:$N$21,S12)="","",INDEX(Envelopes!$N$1:$N$21,S12)))) | Q12: =IF(B12="","",IF(Envelopes!$C$10="Sinking fund","Sinking fund","Spending")) | R12: =IF(B12="","",Envelopes!$M$10) | S12: =IFERROR(SMALL(Envelopes!$P$6:$P$21,5),"")
B13: =IF(Envelopes!$B$11="","",Envelopes!$B$11) | C13: =IF(B13="","",N(Envelopes!$H$11)+SUMIFS(Paydays!$J$6:$J$205,Paydays!$W$6:$W$205,">0",Paydays!$W$6:$W$205,"<"&Dashboard!$V$1)-SUMIFS(Spending!$D$6:$D$1005,Spending!$C$6:$C$1005,Envelopes!$B$11,Spending!$I$6:$I$1005,1,Spending!$H$6:$H$1005,"<"&Dashboard!$V$1)+SUMIFS(Spending!$D$6:$D$1005,Spending!$F$6:$F$1005,Envelopes!$B$11,Spending!$J$6:$J$1005,1,Spending!$H$6:$H$1005,"<"&Dashboard!$V$1)-SUMIFS(Spending!$D$6:$D$1005,Spending!$C$6:$C$1005,Envelopes!$B$11,Spending!$J$6:$J$1005,1,Spending!$H$6:$H$1005,"<"&Dashboard!$V$1)) | D13: =IF(B13="","",SUMIFS(Paydays!$J$6:$J$205,Paydays!$W$6:$W$205,">0",Paydays!$W$6:$W$205,">="&Dashboard!$V$1,Paydays!$W$6:$W$205,"<="&Dashboard!$V$2)) | E13: =IF(B13="","",SUMIFS(Spending!$D$6:$D$1005,Spending!$C$6:$C$1005,Envelopes!$B$11,Spending!$I$6:$I$1005,1,Spending!$H$6:$H$1005,">="&Dashboard!$V$1,Spending!$H$6:$H$1005,"<="&Dashboard!$V$2)) | F13: =IF(B13="","",SUMIFS(Spending!$D$6:$D$1005,Spending!$F$6:$F$1005,Envelopes!$B$11,Spending!$J$6:$J$1005,1,Spending!$H$6:$H$1005,">="&Dashboard!$V$1,Spending!$H$6:$H$1005,"<="&Dashboard!$V$2)-SUMIFS(Spending!$D$6:$D$1005,Spending!$C$6:$C$1005,Envelopes!$B$11,Spending!$J$6:$J$1005,1,Spending!$H$6:$H$1005,">="&Dashboard!$V$1,Spending!$H$6:$H$1005,"<="&Dashboard!$V$2)) | G13: =IF(B13="","",C13+D13-E13+F13) | H13: =IF(B13="","",IF(C13+D13+MAX(0,F13)<=0,"",REPT("█",MIN(10,MAX(0,ROUND((E13/(C13+D13+MAX(0,F13)))*10,0))))&REPT("░",10-MIN(10,MAX(0,ROUND((E13/(C13+D13+MAX(0,F13)))*10,0)))))) | J13: =IF(S13="","",INDEX(Envelopes!$B$1:$B$21,S13)) | K13: =IF(S13="","",IF(N(INDEX(Envelopes!$F$1:$F$21,S13))=0,"",INDEX(Envelopes!$F$1:$F$21,S13))) | L13: =IF(S13="","",INDEX(Envelopes!$L$1:$L$21,S13)) | M13: =IF(OR(S13="",K13=""),"",REPT("█",MIN(10,MAX(0,ROUND((L13/K13)*10,0))))&REPT("░",10-MIN(10,MAX(0,ROUND((L13/K13)*10,0))))) | N13: =IF(S13="","",IF(INDEX(Envelopes!$G$1:$G$21,S13)="","",INDEX(Envelopes!$G$1:$G$21,S13))) | O13: =IF(S13="","",IF(INDEX(Envelopes!$M$1:$M$21,S13)="Reached","Reached",IF(INDEX(Envelopes!$N$1:$N$21,S13)="","",INDEX(Envelopes!$N$1:$N$21,S13)))) | Q13: =IF(B13="","",IF(Envelopes!$C$11="Sinking fund","Sinking fund","Spending")) | R13: =IF(B13="","",Envelopes!$M$11) | S13: =IFERROR(SMALL(Envelopes!$P$6:$P$21,6),"")
B14: =IF(Envelopes!$B$12="","",Envelopes!$B$12) | C14: =IF(B14="","",N(Envelopes!$H$12)+SUMIFS(Paydays!$K$6:$K$205,Paydays!$W$6:$W$205,">0",Paydays!$W$6:$W$205,"<"&Dashboard!$V$1)-SUMIFS(Spending!$D$6:$D$1005,Spending!$C$6:$C$1005,Envelopes!$B$12,Spending!$I$6:$I$1005,1,Spending!$H$6:$H$1005,"<"&Dashboard!$V$1)+SUMIFS(Spending!$D$6:$D$1005,Spending!$F$6:$F$1005,Envelopes!$B$12,Spending!$J$6:$J$1005,1,Spending!$H$6:$H$1005,"<"&Dashboard!$V$1)-SUMIFS(Spending!$D$6:$D$1005,Spending!$C$6:$C$1005,Envelopes!$B$12,Spending!$J$6:$J$1005,1,Spending!$H$6:$H$1005,"<"&Dashboard!$V$1)) | D14: =IF(B14="","",SUMIFS(Paydays!$K$6:$K$205,Paydays!$W$6:$W$205,">0",Paydays!$W$6:$W$205,">="&Dashboard!$V$1,Paydays!$W$6:$W$205,"<="&Dashboard!$V$2)) | E14: =IF(B14="","",SUMIFS(Spending!$D$6:$D$1005,Spending!$C$6:$C$1005,Envelopes!$B$12,Spending!$I$6:$I$1005,1,Spending!$H$6:$H$1005,">="&Dashboard!$V$1,Spending!$H$6:$H$1005,"<="&Dashboard!$V$2)) | F14: =IF(B14="","",SUMIFS(Spending!$D$6:$D$1005,Spending!$F$6:$F$1005,Envelopes!$B$12,Spending!$J$6:$J$1005,1,Spending!$H$6:$H$1005,">="&Dashboard!$V$1,Spending!$H$6:$H$1005,"<="&Dashboard!$V$2)-SUMIFS(Spending!$D$6:$D$1005,Spending!$C$6:$C$1005,Envelopes!$B$12,Spending!$J$6:$J$1005,1,Spending!$H$6:$H$1005,">="&Dashboard!$V$1,Spending!$H$6:$H$1005,"<="&Dashboard!$V$2)) | G14: =IF(B14="","",C14+D14-E14+F14) | H14: =IF(B14="","",IF(C14+D14+MAX(0,F14)<=0,"",REPT("█",MIN(10,MAX(0,ROUND((E14/(C14+D14+MAX(0,F14)))*10,0))))&REPT("░",10-MIN(10,MAX(0,ROUND((E14/(C14+D14+MAX(0,F14)))*10,0)))))) | J14: =IF(S14="","",INDEX(Envelopes!$B$1:$B$21,S14)) | K14: =IF(S14="","",IF(N(INDEX(Envelopes!$F$1:$F$21,S14))=0,"",INDEX(Envelopes!$F$1:$F$21,S14))) | L14: =IF(S14="","",INDEX(Envelopes!$L$1:$L$21,S14)) | M14: =IF(OR(S14="",K14=""),"",REPT("█",MIN(10,MAX(0,ROUND((L14/K14)*10,0))))&REPT("░",10-MIN(10,MAX(0,ROUND((L14/K14)*10,0))))) | N14: =IF(S14="","",IF(INDEX(Envelopes!$G$1:$G$21,S14)="","",INDEX(Envelopes!$G$1:$G$21,S14))) | O14: =IF(S14="","",IF(INDEX(Envelopes!$M$1:$M$21,S14)="Reached","Reached",IF(INDEX(Envelopes!$N$1:$N$21,S14)="","",INDEX(Envelopes!$N$1:$N$21,S14)))) | Q14: =IF(B14="","",IF(Envelopes!$C$12="Sinking fund","Sinking fund","Spending")) | R14: =IF(B14="","",Envelopes!$M$12) | S14: =IFERROR(SMALL(Envelopes!$P$6:$P$21,7),"")
B15: =IF(Envelopes!$B$13="","",Envelopes!$B$13) | C15: =IF(B15="","",N(Envelopes!$H$13)+SUMIFS(Paydays!$L$6:$L$205,Paydays!$W$6:$W$205,">0",Paydays!$W$6:$W$205,"<"&Dashboard!$V$1)-SUMIFS(Spending!$D$6:$D$1005,Spending!$C$6:$C$1005,Envelopes!$B$13,Spending!$I$6:$I$1005,1,Spending!$H$6:$H$1005,"<"&Dashboard!$V$1)+SUMIFS(Spending!$D$6:$D$1005,Spending!$F$6:$F$1005,Envelopes!$B$13,Spending!$J$6:$J$1005,1,Spending!$H$6:$H$1005,"<"&Dashboard!$V$1)-SUMIFS(Spending!$D$6:$D$1005,Spending!$C$6:$C$1005,Envelopes!$B$13,Spending!$J$6:$J$1005,1,Spending!$H$6:$H$1005,"<"&Dashboard!$V$1)) | D15: =IF(B15="","",SUMIFS(Paydays!$L$6:$L$205,Paydays!$W$6:$W$205,">0",Paydays!$W$6:$W$205,">="&Dashboard!$V$1,Paydays!$W$6:$W$205,"<="&Dashboard!$V$2)) | E15: =IF(B15="","",SUMIFS(Spending!$D$6:$D$1005,Spending!$C$6:$C$1005,Envelopes!$B$13,Spending!$I$6:$I$1005,1,Spending!$H$6:$H$1005,">="&Dashboard!$V$1,Spending!$H$6:$H$1005,"<="&Dashboard!$V$2)) | F15: =IF(B15="","",SUMIFS(Spending!$D$6:$D$1005,Spending!$F$6:$F$1005,Envelopes!$B$13,Spending!$J$6:$J$1005,1,Spending!$H$6:$H$1005,">="&Dashboard!$V$1,Spending!$H$6:$H$1005,"<="&Dashboard!$V$2)-SUMIFS(Spending!$D$6:$D$1005,Spending!$C$6:$C$1005,Envelopes!$B$13,Spending!$J$6:$J$1005,1,Spending!$H$6:$H$1005,">="&Dashboard!$V$1,Spending!$H$6:$H$1005,"<="&Dashboard!$V$2)) | G15: =IF(B15="","",C15+D15-E15+F15) | H15: =IF(B15="","",IF(C15+D15+MAX(0,F15)<=0,"",REPT("█",MIN(10,MAX(0,ROUND((E15/(C15+D15+MAX(0,F15)))*10,0))))&REPT("░",10-MIN(10,MAX(0,ROUND((E15/(C15+D15+MAX(0,F15)))*10,0)))))) | J15: =IF(S15="","",INDEX(Envelopes!$B$1:$B$21,S15)) | K15: =IF(S15="","",IF(N(INDEX(Envelopes!$F$1:$F$21,S15))=0,"",INDEX(Envelopes!$F$1:$F$21,S15))) | L15: =IF(S15="","",INDEX(Envelopes!$L$1:$L$21,S15)) | M15: =IF(OR(S15="",K15=""),"",REPT("█",MIN(10,MAX(0,ROUND((L15/K15)*10,0))))&REPT("░",10-MIN(10,MAX(0,ROUND((L15/K15)*10,0))))) | N15: =IF(S15="","",IF(INDEX(Envelopes!$G$1:$G$21,S15)="","",INDEX(Envelopes!$G$1:$G$21,S15))) | O15: =IF(S15="","",IF(INDEX(Envelopes!$M$1:$M$21,S15)="Reached","Reached",IF(INDEX(Envelopes!$N$1:$N$21,S15)="","",INDEX(Envelopes!$N$1:$N$21,S15)))) | Q15: =IF(B15="","",IF(Envelopes!$C$13="Sinking fund","Sinking fund","Spending")) | R15: =IF(B15="","",Envelopes!$M$13) | S15: =IFERROR(SMALL(Envelopes!$P$6:$P$21,8),"")
B16: =IF(Envelopes!$B$14="","",Envelopes!$B$14) | C16: =IF(B16="","",N(Envelopes!$H$14)+SUMIFS(Paydays!$M$6:$M$205,Paydays!$W$6:$W$205,">0",Paydays!$W$6:$W$205,"<"&Dashboard!$V$1)-SUMIFS(Spending!$D$6:$D$1005,Spending!$C$6:$C$1005,Envelopes!$B$14,Spending!$I$6:$I$1005,1,Spending!$H$6:$H$1005,"<"&Dashboard!$V$1)+SUMIFS(Spending!$D$6:$D$1005,Spending!$F$6:$F$1005,Envelopes!$B$14,Spending!$J$6:$J$1005,1,Spending!$H$6:$H$1005,"<"&Dashboard!$V$1)-SUMIFS(Spending!$D$6:$D$1005,Spending!$C$6:$C$1005,Envelopes!$B$14,Spending!$J$6:$J$1005,1,Spending!$H$6:$H$1005,"<"&Dashboard!$V$1)) | D16: =IF(B16="","",SUMIFS(Paydays!$M$6:$M$205,Paydays!$W$6:$W$205,">0",Paydays!$W$6:$W$205,">="&Dashboard!$V$1,Paydays!$W$6:$W$205,"<="&Dashboard!$V$2)) | E16: =IF(B16="","",SUMIFS(Spending!$D$6:$D$1005,Spending!$C$6:$C$1005,Envelopes!$B$14,Spending!$I$6:$I$1005,1,Spending!$H$6:$H$1005,">="&Dashboard!$V$1,Spending!$H$6:$H$1005,"<="&Dashboard!$V$2)) | F16: =IF(B16="","",SUMIFS(Spending!$D$6:$D$1005,Spending!$F$6:$F$1005,Envelopes!$B$14,Spending!$J$6:$J$1005,1,Spending!$H$6:$H$1005,">="&Dashboard!$V$1,Spending!$H$6:$H$1005,"<="&Dashboard!$V$2)-SUMIFS(Spending!$D$6:$D$1005,Spending!$C$6:$C$1005,Envelopes!$B$14,Spending!$J$6:$J$1005,1,Spending!$H$6:$H$1005,">="&Dashboard!$V$1,Spending!$H$6:$H$1005,"<="&Dashboard!$V$2)) | G16: =IF(B16="","",C16+D16-E16+F16) | H16: =IF(B16="","",IF(C16+D16+MAX(0,F16)<=0,"",REPT("█",MIN(10,MAX(0,ROUND((E16/(C16+D16+MAX(0,F16)))*10,0))))&REPT("░",10-MIN(10,MAX(0,ROUND((E16/(C16+D16+MAX(0,F16)))*10,0)))))) | Q16: =IF(B16="","",IF(Envelopes!$C$14="Sinking fund","Sinking fund","Spending")) | R16: =IF(B16="","",Envelopes!$M$14)
B17: =IF(Envelopes!$B$15="","",Envelopes!$B$15) | C17: =IF(B17="","",N(Envelopes!$H$15)+SUMIFS(Paydays!$N$6:$N$205,Paydays!$W$6:$W$205,">0",Paydays!$W$6:$W$205,"<"&Dashboard!$V$1)-SUMIFS(Spending!$D$6:$D$1005,Spending!$C$6:$C$1005,Envelopes!$B$15,Spending!$I$6:$I$1005,1,Spending!$H$6:$H$1005,"<"&Dashboard!$V$1)+SUMIFS(Spending!$D$6:$D$1005,Spending!$F$6:$F$1005,Envelopes!$B$15,Spending!$J$6:$J$1005,1,Spending!$H$6:$H$1005,"<"&Dashboard!$V$1)-SUMIFS(Spending!$D$6:$D$1005,Spending!$C$6:$C$1005,Envelopes!$B$15,Spending!$J$6:$J$1005,1,Spending!$H$6:$H$1005,"<"&Dashboard!$V$1)) | D17: =IF(B17="","",SUMIFS(Paydays!$N$6:$N$205,Paydays!$W$6:$W$205,">0",Paydays!$W$6:$W$205,">="&Dashboard!$V$1,Paydays!$W$6:$W$205,"<="&Dashboard!$V$2)) | E17: =IF(B17="","",SUMIFS(Spending!$D$6:$D$1005,Spending!$C$6:$C$1005,Envelopes!$B$15,Spending!$I$6:$I$1005,1,Spending!$H$6:$H$1005,">="&Dashboard!$V$1,Spending!$H$6:$H$1005,"<="&Dashboard!$V$2)) | F17: =IF(B17="","",SUMIFS(Spending!$D$6:$D$1005,Spending!$F$6:$F$1005,Envelopes!$B$15,Spending!$J$6:$J$1005,1,Spending!$H$6:$H$1005,">="&Dashboard!$V$1,Spending!$H$6:$H$1005,"<="&Dashboard!$V$2)-SUMIFS(Spending!$D$6:$D$1005,Spending!$C$6:$C$1005,Envelopes!$B$15,Spending!$J$6:$J$1005,1,Spending!$H$6:$H$1005,">="&Dashboard!$V$1,Spending!$H$6:$H$1005,"<="&Dashboard!$V$2)) | G17: =IF(B17="","",C17+D17-E17+F17) | H17: =IF(B17="","",IF(C17+D17+MAX(0,F17)<=0,"",REPT("█",MIN(10,MAX(0,ROUND((E17/(C17+D17+MAX(0,F17)))*10,0))))&REPT("░",10-MIN(10,MAX(0,ROUND((E17/(C17+D17+MAX(0,F17)))*10,0)))))) | J17: Latest spending | K17: Date | L17: Envelope | M17: Amount | Q17: =IF(B17="","",IF(Envelopes!$C$15="Sinking fund","Sinking fund","Spending")) | R17: =IF(B17="","",Envelopes!$M$15)
B18: =IF(Envelopes!$B$16="","",Envelopes!$B$16) | C18: =IF(B18="","",N(Envelopes!$H$16)+SUMIFS(Paydays!$O$6:$O$205,Paydays!$W$6:$W$205,">0",Paydays!$W$6:$W$205,"<"&Dashboard!$V$1)-SUMIFS(Spending!$D$6:$D$1005,Spending!$C$6:$C$1005,Envelopes!$B$16,Spending!$I$6:$I$1005,1,Spending!$H$6:$H$1005,"<"&Dashboard!$V$1)+SUMIFS(Spending!$D$6:$D$1005,Spending!$F$6:$F$1005,Envelopes!$B$16,Spending!$J$6:$J$1005,1,Spending!$H$6:$H$1005,"<"&Dashboard!$V$1)-SUMIFS(Spending!$D$6:$D$1005,Spending!$C$6:$C$1005,Envelopes!$B$16,Spending!$J$6:$J$1005,1,Spending!$H$6:$H$1005,"<"&Dashboard!$V$1)) | D18: =IF(B18="","",SUMIFS(Paydays!$O$6:$O$205,Paydays!$W$6:$W$205,">0",Paydays!$W$6:$W$205,">="&Dashboard!$V$1,Paydays!$W$6:$W$205,"<="&Dashboard!$V$2)) | E18: =IF(B18="","",SUMIFS(Spending!$D$6:$D$1005,Spending!$C$6:$C$1005,Envelopes!$B$16,Spending!$I$6:$I$1005,1,Spending!$H$6:$H$1005,">="&Dashboard!$V$1,Spending!$H$6:$H$1005,"<="&Dashboard!$V$2)) | F18: =IF(B18="","",SUMIFS(Spending!$D$6:$D$1005,Spending!$F$6:$F$1005,Envelopes!$B$16,Spending!$J$6:$J$1005,1,Spending!$H$6:$H$1005,">="&Dashboard!$V$1,Spending!$H$6:$H$1005,"<="&Dashboard!$V$2)-SUMIFS(Spending!$D$6:$D$1005,Spending!$C$6:$C$1005,Envelopes!$B$16,Spending!$J$6:$J$1005,1,Spending!$H$6:$H$1005,">="&Dashboard!$V$1,Spending!$H$6:$H$1005,"<="&Dashboard!$V$2)) | G18: =IF(B18="","",C18+D18-E18+F18) | H18: =IF(B18="","",IF(C18+D18+MAX(0,F18)<=0,"",REPT("█",MIN(10,MAX(0,ROUND((E18/(C18+D18+MAX(0,F18)))*10,0))))&REPT("░",10-MIN(10,MAX(0,ROUND((E18/(C18+D18+MAX(0,F18)))*10,0)))))) | J18: =IF(T18="","",IF(INDEX(Spending!$E$1:$E$1005,MOD(T18,10000))="","",INDEX(Spending!$E$1:$E$1005,MOD(T18,10000)))) | K18: =IF(T18="","",INDEX(Spending!$B$1:$B$1005,MOD(T18,10000))) | L18: =IF(T18="","",INDEX(Spending!$C$1:$C$1005,MOD(T18,10000))) | M18: =IF(T18="","",INDEX(Spending!$D$1:$D$1005,MOD(T18,10000))) | Q18: =IF(B18="","",IF(Envelopes!$C$16="Sinking fund","Sinking fund","Spending")) | R18: =IF(B18="","",Envelopes!$M$16) | T18: =IFERROR(LARGE(Spending!$K$6:$K$1005,1),"")
B19: =IF(Envelopes!$B$17="","",Envelopes!$B$17) | C19: =IF(B19="","",N(Envelopes!$H$17)+SUMIFS(Paydays!$P$6:$P$205,Paydays!$W$6:$W$205,">0",Paydays!$W$6:$W$205,"<"&Dashboard!$V$1)-SUMIFS(Spending!$D$6:$D$1005,Spending!$C$6:$C$1005,Envelopes!$B$17,Spending!$I$6:$I$1005,1,Spending!$H$6:$H$1005,"<"&Dashboard!$V$1)+SUMIFS(Spending!$D$6:$D$1005,Spending!$F$6:$F$1005,Envelopes!$B$17,Spending!$J$6:$J$1005,1,Spending!$H$6:$H$1005,"<"&Dashboard!$V$1)-SUMIFS(Spending!$D$6:$D$1005,Spending!$C$6:$C$1005,Envelopes!$B$17,Spending!$J$6:$J$1005,1,Spending!$H$6:$H$1005,"<"&Dashboard!$V$1)) | D19: =IF(B19="","",SUMIFS(Paydays!$P$6:$P$205,Paydays!$W$6:$W$205,">0",Paydays!$W$6:$W$205,">="&Dashboard!$V$1,Paydays!$W$6:$W$205,"<="&Dashboard!$V$2)) | E19: =IF(B19="","",SUMIFS(Spending!$D$6:$D$1005,Spending!$C$6:$C$1005,Envelopes!$B$17,Spending!$I$6:$I$1005,1,Spending!$H$6:$H$1005,">="&Dashboard!$V$1,Spending!$H$6:$H$1005,"<="&Dashboard!$V$2)) | F19: =IF(B19="","",SUMIFS(Spending!$D$6:$D$1005,Spending!$F$6:$F$1005,Envelopes!$B$17,Spending!$J$6:$J$1005,1,Spending!$H$6:$H$1005,">="&Dashboard!$V$1,Spending!$H$6:$H$1005,"<="&Dashboard!$V$2)-SUMIFS(Spending!$D$6:$D$1005,Spending!$C$6:$C$1005,Envelopes!$B$17,Spending!$J$6:$J$1005,1,Spending!$H$6:$H$1005,">="&Dashboard!$V$1,Spending!$H$6:$H$1005,"<="&Dashboard!$V$2)) | G19: =IF(B19="","",C19+D19-E19+F19) | H19: =IF(B19="","",IF(C19+D19+MAX(0,F19)<=0,"",REPT("█",MIN(10,MAX(0,ROUND((E19/(C19+D19+MAX(0,F19)))*10,0))))&REPT("░",10-MIN(10,MAX(0,ROUND((E19/(C19+D19+MAX(0,F19)))*10,0)))))) | J19: =IF(T19="","",IF(INDEX(Spending!$E$1:$E$1005,MOD(T19,10000))="","",INDEX(Spending!$E$1:$E$1005,MOD(T19,10000)))) | K19: =IF(T19="","",INDEX(Spending!$B$1:$B$1005,MOD(T19,10000))) | L19: =IF(T19="","",INDEX(Spending!$C$1:$C$1005,MOD(T19,10000))) | M19: =IF(T19="","",INDEX(Spending!$D$1:$D$1005,MOD(T19,10000))) | Q19: =IF(B19="","",IF(Envelopes!$C$17="Sinking fund","Sinking fund","Spending")) | R19: =IF(B19="","",Envelopes!$M$17) | T19: =IFERROR(LARGE(Spending!$K$6:$K$1005,2),"")
B20: =IF(Envelopes!$B$18="","",Envelopes!$B$18) | C20: =IF(B20="","",N(Envelopes!$H$18)+SUMIFS(Paydays!$Q$6:$Q$205,Paydays!$W$6:$W$205,">0",Paydays!$W$6:$W$205,"<"&Dashboard!$V$1)-SUMIFS(Spending!$D$6:$D$1005,Spending!$C$6:$C$1005,Envelopes!$B$18,Spending!$I$6:$I$1005,1,Spending!$H$6:$H$1005,"<"&Dashboard!$V$1)+SUMIFS(Spending!$D$6:$D$1005,Spending!$F$6:$F$1005,Envelopes!$B$18,Spending!$J$6:$J$1005,1,Spending!$H$6:$H$1005,"<"&Dashboard!$V$1)-SUMIFS(Spending!$D$6:$D$1005,Spending!$C$6:$C$1005,Envelopes!$B$18,Spending!$J$6:$J$1005,1,Spending!$H$6:$H$1005,"<"&Dashboard!$V$1)) | D20: =IF(B20="","",SUMIFS(Paydays!$Q$6:$Q$205,Paydays!$W$6:$W$205,">0",Paydays!$W$6:$W$205,">="&Dashboard!$V$1,Paydays!$W$6:$W$205,"<="&Dashboard!$V$2)) | E20: =IF(B20="","",SUMIFS(Spending!$D$6:$D$1005,Spending!$C$6:$C$1005,Envelopes!$B$18,Spending!$I$6:$I$1005,1,Spending!$H$6:$H$1005,">="&Dashboard!$V$1,Spending!$H$6:$H$1005,"<="&Dashboard!$V$2)) | F20: =IF(B20="","",SUMIFS(Spending!$D$6:$D$1005,Spending!$F$6:$F$1005,Envelopes!$B$18,Spending!$J$6:$J$1005,1,Spending!$H$6:$H$1005,">="&Dashboard!$V$1,Spending!$H$6:$H$1005,"<="&Dashboard!$V$2)-SUMIFS(Spending!$D$6:$D$1005,Spending!$C$6:$C$1005,Envelopes!$B$18,Spending!$J$6:$J$1005,1,Spending!$H$6:$H$1005,">="&Dashboard!$V$1,Spending!$H$6:$H$1005,"<="&Dashboard!$V$2)) | G20: =IF(B20="","",C20+D20-E20+F20) | H20: =IF(B20="","",IF(C20+D20+MAX(0,F20)<=0,"",REPT("█",MIN(10,MAX(0,ROUND((E20/(C20+D20+MAX(0,F20)))*10,0))))&REPT("░",10-MIN(10,MAX(0,ROUND((E20/(C20+D20+MAX(0,F20)))*10,0)))))) | J20: =IF(T20="","",IF(INDEX(Spending!$E$1:$E$1005,MOD(T20,10000))="","",INDEX(Spending!$E$1:$E$1005,MOD(T20,10000)))) | K20: =IF(T20="","",INDEX(Spending!$B$1:$B$1005,MOD(T20,10000))) | L20: =IF(T20="","",INDEX(Spending!$C$1:$C$1005,MOD(T20,10000))) | M20: =IF(T20="","",INDEX(Spending!$D$1:$D$1005,MOD(T20,10000))) | Q20: =IF(B20="","",IF(Envelopes!$C$18="Sinking fund","Sinking fund","Spending")) | R20: =IF(B20="","",Envelopes!$M$18) | T20: =IFERROR(LARGE(Spending!$K$6:$K$1005,3),"")
B21: =IF(Envelopes!$B$19="","",Envelopes!$B$19) | C21: =IF(B21="","",N(Envelopes!$H$19)+SUMIFS(Paydays!$R$6:$R$205,Paydays!$W$6:$W$205,">0",Paydays!$W$6:$W$205,"<"&Dashboard!$V$1)-SUMIFS(Spending!$D$6:$D$1005,Spending!$C$6:$C$1005,Envelopes!$B$19,Spending!$I$6:$I$1005,1,Spending!$H$6:$H$1005,"<"&Dashboard!$V$1)+SUMIFS(Spending!$D$6:$D$1005,Spending!$F$6:$F$1005,Envelopes!$B$19,Spending!$J$6:$J$1005,1,Spending!$H$6:$H$1005,"<"&Dashboard!$V$1)-SUMIFS(Spending!$D$6:$D$1005,Spending!$C$6:$C$1005,Envelopes!$B$19,Spending!$J$6:$J$1005,1,Spending!$H$6:$H$1005,"<"&Dashboard!$V$1)) | D21: =IF(B21="","",SUMIFS(Paydays!$R$6:$R$205,Paydays!$W$6:$W$205,">0",Paydays!$W$6:$W$205,">="&Dashboard!$V$1,Paydays!$W$6:$W$205,"<="&Dashboard!$V$2)) | E21: =IF(B21="","",SUMIFS(Spending!$D$6:$D$1005,Spending!$C$6:$C$1005,Envelopes!$B$19,Spending!$I$6:$I$1005,1,Spending!$H$6:$H$1005,">="&Dashboard!$V$1,Spending!$H$6:$H$1005,"<="&Dashboard!$V$2)) | F21: =IF(B21="","",SUMIFS(Spending!$D$6:$D$1005,Spending!$F$6:$F$1005,Envelopes!$B$19,Spending!$J$6:$J$1005,1,Spending!$H$6:$H$1005,">="&Dashboard!$V$1,Spending!$H$6:$H$1005,"<="&Dashboard!$V$2)-SUMIFS(Spending!$D$6:$D$1005,Spending!$C$6:$C$1005,Envelopes!$B$19,Spending!$J$6:$J$1005,1,Spending!$H$6:$H$1005,">="&Dashboard!$V$1,Spending!$H$6:$H$1005,"<="&Dashboard!$V$2)) | G21: =IF(B21="","",C21+D21-E21+F21) | H21: =IF(B21="","",IF(C21+D21+MAX(0,F21)<=0,"",REPT("█",MIN(10,MAX(0,ROUND((E21/(C21+D21+MAX(0,F21)))*10,0))))&REPT("░",10-MIN(10,MAX(0,ROUND((E21/(C21+D21+MAX(0,F21)))*10,0)))))) | J21: =IF(T21="","",IF(INDEX(Spending!$E$1:$E$1005,MOD(T21,10000))="","",INDEX(Spending!$E$1:$E$1005,MOD(T21,10000)))) | K21: =IF(T21="","",INDEX(Spending!$B$1:$B$1005,MOD(T21,10000))) | L21: =IF(T21="","",INDEX(Spending!$C$1:$C$1005,MOD(T21,10000))) | M21: =IF(T21="","",INDEX(Spending!$D$1:$D$1005,MOD(T21,10000))) | Q21: =IF(B21="","",IF(Envelopes!$C$19="Sinking fund","Sinking fund","Spending")) | R21: =IF(B21="","",Envelopes!$M$19) | T21: =IFERROR(LARGE(Spending!$K$6:$K$1005,4),"")
B22: =IF(Envelopes!$B$20="","",Envelopes!$B$20) | C22: =IF(B22="","",N(Envelopes!$H$20)+SUMIFS(Paydays!$S$6:$S$205,Paydays!$W$6:$W$205,">0",Paydays!$W$6:$W$205,"<"&Dashboard!$V$1)-SUMIFS(Spending!$D$6:$D$1005,Spending!$C$6:$C$1005,Envelopes!$B$20,Spending!$I$6:$I$1005,1,Spending!$H$6:$H$1005,"<"&Dashboard!$V$1)+SUMIFS(Spending!$D$6:$D$1005,Spending!$F$6:$F$1005,Envelopes!$B$20,Spending!$J$6:$J$1005,1,Spending!$H$6:$H$1005,"<"&Dashboard!$V$1)-SUMIFS(Spending!$D$6:$D$1005,Spending!$C$6:$C$1005,Envelopes!$B$20,Spending!$J$6:$J$1005,1,Spending!$H$6:$H$1005,"<"&Dashboard!$V$1)) | D22: =IF(B22="","",SUMIFS(Paydays!$S$6:$S$205,Paydays!$W$6:$W$205,">0",Paydays!$W$6:$W$205,">="&Dashboard!$V$1,Paydays!$W$6:$W$205,"<="&Dashboard!$V$2)) | E22: =IF(B22="","",SUMIFS(Spending!$D$6:$D$1005,Spending!$C$6:$C$1005,Envelopes!$B$20,Spending!$I$6:$I$1005,1,Spending!$H$6:$H$1005,">="&Dashboard!$V$1,Spending!$H$6:$H$1005,"<="&Dashboard!$V$2)) | F22: =IF(B22="","",SUMIFS(Spending!$D$6:$D$1005,Spending!$F$6:$F$1005,Envelopes!$B$20,Spending!$J$6:$J$1005,1,Spending!$H$6:$H$1005,">="&Dashboard!$V$1,Spending!$H$6:$H$1005,"<="&Dashboard!$V$2)-SUMIFS(Spending!$D$6:$D$1005,Spending!$C$6:$C$1005,Envelopes!$B$20,Spending!$J$6:$J$1005,1,Spending!$H$6:$H$1005,">="&Dashboard!$V$1,Spending!$H$6:$H$1005,"<="&Dashboard!$V$2)) | G22: =IF(B22="","",C22+D22-E22+F22) | H22: =IF(B22="","",IF(C22+D22+MAX(0,F22)<=0,"",REPT("█",MIN(10,MAX(0,ROUND((E22/(C22+D22+MAX(0,F22)))*10,0))))&REPT("░",10-MIN(10,MAX(0,ROUND((E22/(C22+D22+MAX(0,F22)))*10,0)))))) | J22: =IF(T22="","",IF(INDEX(Spending!$E$1:$E$1005,MOD(T22,10000))="","",INDEX(Spending!$E$1:$E$1005,MOD(T22,10000)))) | K22: =IF(T22="","",INDEX(Spending!$B$1:$B$1005,MOD(T22,10000))) | L22: =IF(T22="","",INDEX(Spending!$C$1:$C$1005,MOD(T22,10000))) | M22: =IF(T22="","",INDEX(Spending!$D$1:$D$1005,MOD(T22,10000))) | Q22: =IF(B22="","",IF(Envelopes!$C$20="Sinking fund","Sinking fund","Spending")) | R22: =IF(B22="","",Envelopes!$M$20) | T22: =IFERROR(LARGE(Spending!$K$6:$K$1005,5),"")
B23: =IF(Envelopes!$B$21="","",Envelopes!$B$21) | C23: =IF(B23="","",N(Envelopes!$H$21)+SUMIFS(Paydays!$T$6:$T$205,Paydays!$W$6:$W$205,">0",Paydays!$W$6:$W$205,"<"&Dashboard!$V$1)-SUMIFS(Spending!$D$6:$D$1005,Spending!$C$6:$C$1005,Envelopes!$B$21,Spending!$I$6:$I$1005,1,Spending!$H$6:$H$1005,"<"&Dashboard!$V$1)+SUMIFS(Spending!$D$6:$D$1005,Spending!$F$6:$F$1005,Envelopes!$B$21,Spending!$J$6:$J$1005,1,Spending!$H$6:$H$1005,"<"&Dashboard!$V$1)-SUMIFS(Spending!$D$6:$D$1005,Spending!$C$6:$C$1005,Envelopes!$B$21,Spending!$J$6:$J$1005,1,Spending!$H$6:$H$1005,"<"&Dashboard!$V$1)) | D23: =IF(B23="","",SUMIFS(Paydays!$T$6:$T$205,Paydays!$W$6:$W$205,">0",Paydays!$W$6:$W$205,">="&Dashboard!$V$1,Paydays!$W$6:$W$205,"<="&Dashboard!$V$2)) | E23: =IF(B23="","",SUMIFS(Spending!$D$6:$D$1005,Spending!$C$6:$C$1005,Envelopes!$B$21,Spending!$I$6:$I$1005,1,Spending!$H$6:$H$1005,">="&Dashboard!$V$1,Spending!$H$6:$H$1005,"<="&Dashboard!$V$2)) | F23: =IF(B23="","",SUMIFS(Spending!$D$6:$D$1005,Spending!$F$6:$F$1005,Envelopes!$B$21,Spending!$J$6:$J$1005,1,Spending!$H$6:$H$1005,">="&Dashboard!$V$1,Spending!$H$6:$H$1005,"<="&Dashboard!$V$2)-SUMIFS(Spending!$D$6:$D$1005,Spending!$C$6:$C$1005,Envelopes!$B$21,Spending!$J$6:$J$1005,1,Spending!$H$6:$H$1005,">="&Dashboard!$V$1,Spending!$H$6:$H$1005,"<="&Dashboard!$V$2)) | G23: =IF(B23="","",C23+D23-E23+F23) | H23: =IF(B23="","",IF(C23+D23+MAX(0,F23)<=0,"",REPT("█",MIN(10,MAX(0,ROUND((E23/(C23+D23+MAX(0,F23)))*10,0))))&REPT("░",10-MIN(10,MAX(0,ROUND((E23/(C23+D23+MAX(0,F23)))*10,0)))))) | J23: =IF(T23="","",IF(INDEX(Spending!$E$1:$E$1005,MOD(T23,10000))="","",INDEX(Spending!$E$1:$E$1005,MOD(T23,10000)))) | K23: =IF(T23="","",INDEX(Spending!$B$1:$B$1005,MOD(T23,10000))) | L23: =IF(T23="","",INDEX(Spending!$C$1:$C$1005,MOD(T23,10000))) | M23: =IF(T23="","",INDEX(Spending!$D$1:$D$1005,MOD(T23,10000))) | Q23: =IF(B23="","",IF(Envelopes!$C$21="Sinking fund","Sinking fund","Spending")) | R23: =IF(B23="","",Envelopes!$M$21) | T23: =IFERROR(LARGE(Spending!$K$6:$K$1005,6),"")
J24: =IF(T24="","",IF(INDEX(Spending!$E$1:$E$1005,MOD(T24,10000))="","",INDEX(Spending!$E$1:$E$1005,MOD(T24,10000)))) | K24: =IF(T24="","",INDEX(Spending!$B$1:$B$1005,MOD(T24,10000))) | L24: =IF(T24="","",INDEX(Spending!$C$1:$C$1005,MOD(T24,10000))) | M24: =IF(T24="","",INDEX(Spending!$D$1:$D$1005,MOD(T24,10000))) | T24: =IFERROR(LARGE(Spending!$K$6:$K$1005,7),"")
J25: =IF(T25="","",IF(INDEX(Spending!$E$1:$E$1005,MOD(T25,10000))="","",INDEX(Spending!$E$1:$E$1005,MOD(T25,10000)))) | K25: =IF(T25="","",INDEX(Spending!$B$1:$B$1005,MOD(T25,10000))) | L25: =IF(T25="","",INDEX(Spending!$C$1:$C$1005,MOD(T25,10000))) | M25: =IF(T25="","",INDEX(Spending!$D$1:$D$1005,MOD(T25,10000))) | T25: =IFERROR(LARGE(Spending!$K$6:$K$1005,8),"")
B26: Month | C26: Stuffed | D26: Spent
B27: Jan | C27: =SUMIFS(Paydays!$D$6:$D$205,Paydays!$W$6:$W$205,">="&DATE(YEAR(Dashboard!$V$1),1,1),Paydays!$W$6:$W$205,"<="&DATE(YEAR(Dashboard!$V$1),2,1)-1) | D27: =SUMIFS(Spending!$D$6:$D$1005,Spending!$I$6:$I$1005,1,Spending!$H$6:$H$1005,">="&DATE(YEAR(Dashboard!$V$1),1,1),Spending!$H$6:$H$1005,"<="&DATE(YEAR(Dashboard!$V$1),2,1)-1)
B28: Feb | C28: =SUMIFS(Paydays!$D$6:$D$205,Paydays!$W$6:$W$205,">="&DATE(YEAR(Dashboard!$V$1),2,1),Paydays!$W$6:$W$205,"<="&DATE(YEAR(Dashboard!$V$1),3,1)-1) | D28: =SUMIFS(Spending!$D$6:$D$1005,Spending!$I$6:$I$1005,1,Spending!$H$6:$H$1005,">="&DATE(YEAR(Dashboard!$V$1),2,1),Spending!$H$6:$H$1005,"<="&DATE(YEAR(Dashboard!$V$1),3,1)-1)
B29: Mar | C29: =SUMIFS(Paydays!$D$6:$D$205,Paydays!$W$6:$W$205,">="&DATE(YEAR(Dashboard!$V$1),3,1),Paydays!$W$6:$W$205,"<="&DATE(YEAR(Dashboard!$V$1),4,1)-1) | D29: =SUMIFS(Spending!$D$6:$D$1005,Spending!$I$6:$I$1005,1,Spending!$H$6:$H$1005,">="&DATE(YEAR(Dashboard!$V$1),3,1),Spending!$H$6:$H$1005,"<="&DATE(YEAR(Dashboard!$V$1),4,1)-1)
B30: Apr | C30: =SUMIFS(Paydays!$D$6:$D$205,Paydays!$W$6:$W$205,">="&DATE(YEAR(Dashboard!$V$1),4,1),Paydays!$W$6:$W$205,"<="&DATE(YEAR(Dashboard!$V$1),5,1)-1) | D30: =SUMIFS(Spending!$D$6:$D$1005,Spending!$I$6:$I$1005,1,Spending!$H$6:$H$1005,">="&DATE(YEAR(Dashboard!$V$1),4,1),Spending!$H$6:$H$1005,"<="&DATE(YEAR(Dashboard!$V$1),5,1)-1)
B31: May | C31: =SUMIFS(Paydays!$D$6:$D$205,Paydays!$W$6:$W$205,">="&DATE(YEAR(Dashboard!$V$1),5,1),Paydays!$W$6:$W$205,"<="&DATE(YEAR(Dashboard!$V$1),6,1)-1) | D31: =SUMIFS(Spending!$D$6:$D$1005,Spending!$I$6:$I$1005,1,Spending!$H$6:$H$1005,">="&DATE(YEAR(Dashboard!$V$1),5,1),Spending!$H$6:$H$1005,"<="&DATE(YEAR(Dashboard!$V$1),6,1)-1)
B32: Jun | C32: =SUMIFS(Paydays!$D$6:$D$205,Paydays!$W$6:$W$205,">="&DATE(YEAR(Dashboard!$V$1),6,1),Paydays!$W$6:$W$205,"<="&DATE(YEAR(Dashboard!$V$1),7,1)-1) | D32: =SUMIFS(Spending!$D$6:$D$1005,Spending!$I$6:$I$1005,1,Spending!$H$6:$H$1005,">="&DATE(YEAR(Dashboard!$V$1),6,1),Spending!$H$6:$H$1005,"<="&DATE(YEAR(Dashboard!$V$1),7,1)-1)
B33: Jul | C33: =SUMIFS(Paydays!$D$6:$D$205,Paydays!$W$6:$W$205,">="&DATE(YEAR(Dashboard!$V$1),7,1),Paydays!$W$6:$W$205,"<="&DATE(YEAR(Dashboard!$V$1),8,1)-1) | D33: =SUMIFS(Spending!$D$6:$D$1005,Spending!$I$6:$I$1005,1,Spending!$H$6:$H$1005,">="&DATE(YEAR(Dashboard!$V$1),7,1),Spending!$H$6:$H$1005,"<="&DATE(YEAR(Dashboard!$V$1),8,1)-1)
B34: Aug | C34: =SUMIFS(Paydays!$D$6:$D$205,Paydays!$W$6:$W$205,">="&DATE(YEAR(Dashboard!$V$1),8,1),Paydays!$W$6:$W$205,"<="&DATE(YEAR(Dashboard!$V$1),9,1)-1) | D34: =SUMIFS(Spending!$D$6:$D$1005,Spending!$I$6:$I$1005,1,Spending!$H$6:$H$1005,">="&DATE(YEAR(Dashboard!$V$1),8,1),Spending!$H$6:$H$1005,"<="&DATE(YEAR(Dashboard!$V$1),9,1)-1)
B35: Sep | C35: =SUMIFS(Paydays!$D$6:$D$205,Paydays!$W$6:$W$205,">="&DATE(YEAR(Dashboard!$V$1),9,1),Paydays!$W$6:$W$205,"<="&DATE(YEAR(Dashboard!$V$1),10,1)-1) | D35: =SUMIFS(Spending!$D$6:$D$1005,Spending!$I$6:$I$1005,1,Spending!$H$6:$H$1005,">="&DATE(YEAR(Dashboard!$V$1),9,1),Spending!$H$6:$H$1005,"<="&DATE(YEAR(Dashboard!$V$1),10,1)-1)
B36: Oct | C36: =SUMIFS(Paydays!$D$6:$D$205,Paydays!$W$6:$W$205,">="&DATE(YEAR(Dashboard!$V$1),10,1),Paydays!$W$6:$W$205,"<="&DATE(YEAR(Dashboard!$V$1),11,1)-1) | D36: =SUMIFS(Spending!$D$6:$D$1005,Spending!$I$6:$I$1005,1,Spending!$H$6:$H$1005,">="&DATE(YEAR(Dashboard!$V$1),10,1),Spending!$H$6:$H$1005,"<="&DATE(YEAR(Dashboard!$V$1),11,1)-1)
B37: Nov | C37: =SUMIFS(Paydays!$D$6:$D$205,Paydays!$W$6:$W$205,">="&DATE(YEAR(Dashboard!$V$1),11,1),Paydays!$W$6:$W$205,"<="&DATE(YEAR(Dashboard!$V$1),12,1)-1) | D37: =SUMIFS(Spending!$D$6:$D$1005,Spending!$I$6:$I$1005,1,Spending!$H$6:$H$1005,">="&DATE(YEAR(Dashboard!$V$1),11,1),Spending!$H$6:$H$1005,"<="&DATE(YEAR(Dashboard!$V$1),12,1)-1)
B38: Dec | C38: =SUMIFS(Paydays!$D$6:$D$205,Paydays!$W$6:$W$205,">="&DATE(YEAR(Dashboard!$V$1),12,1),Paydays!$W$6:$W$205,"<="&DATE(YEAR(Dashboard!$V$1),13,1)-1) | D38: =SUMIFS(Spending!$D$6:$D$1005,Spending!$I$6:$I$1005,1,Spending!$H$6:$H$1005,">="&DATE(YEAR(Dashboard!$V$1),12,1),Spending!$H$6:$H$1005,"<="&DATE(YEAR(Dashboard!$V$1),13,1)-1)

Sheet Paydays
B2: Paydays
B3: Each payday, what goes into each envelope. The plan row above the names shows your usual amounts.
D4: Plan | E4: =IF(Envelopes!$B$6="","",N(Envelopes!$D$6)) | F4: =IF(Envelopes!$B$7="","",N(Envelopes!$D$7)) | G4: =IF(Envelopes!$B$8="","",N(Envelopes!$D$8)) | H4: =IF(Envelopes!$B$9="","",N(Envelopes!$D$9)) | I4: =IF(Envelopes!$B$10="","",N(Envelopes!$D$10)) | J4: =IF(Envelopes!$B$11="","",N(Envelopes!$D$11)) | K4: =IF(Envelopes!$B$12="","",N(Envelopes!$D$12)) | L4: =IF(Envelopes!$B$13="","",N(Envelopes!$D$13)) | M4: =IF(Envelopes!$B$14="","",N(Envelopes!$D$14)) | N4: =IF(Envelopes!$B$15="","",N(Envelopes!$D$15)) | O4: =IF(Envelopes!$B$16="","",N(Envelopes!$D$16)) | P4: =IF(Envelopes!$B$17="","",N(Envelopes!$D$17)) | Q4: =IF(Envelopes!$B$18="","",N(Envelopes!$D$18)) | R4: =IF(Envelopes!$B$19="","",N(Envelopes!$D$19)) | S4: =IF(Envelopes!$B$20="","",N(Envelopes!$D$20)) | T4: =IF(Envelopes!$B$21="","",N(Envelopes!$D$21))
B5: Payday | C5: Paycheck | D5: Stuffed | E5: =IF(Envelopes!$B$6="","",Envelopes!$B$6) | F5: =IF(Envelopes!$B$7="","",Envelopes!$B$7) | G5: =IF(Envelopes!$B$8="","",Envelopes!$B$8) | H5: =IF(Envelopes!$B$9="","",Envelopes!$B$9) | I5: =IF(Envelopes!$B$10="","",Envelopes!$B$10) | J5: =IF(Envelopes!$B$11="","",Envelopes!$B$11) | K5: =IF(Envelopes!$B$12="","",Envelopes!$B$12) | L5: =IF(Envelopes!$B$13="","",Envelopes!$B$13) | M5: =IF(Envelopes!$B$14="","",Envelopes!$B$14) | N5: =IF(Envelopes!$B$15="","",Envelopes!$B$15) | O5: =IF(Envelopes!$B$16="","",Envelopes!$B$16) | P5: =IF(Envelopes!$B$17="","",Envelopes!$B$17) | Q5: =IF(Envelopes!$B$18="","",Envelopes!$B$18) | R5: =IF(Envelopes!$B$19="","",Envelopes!$B$19) | S5: =IF(Envelopes!$B$20="","",Envelopes!$B$20) | T5: =IF(Envelopes!$B$21="","",Envelopes!$B$21) | U5: Not in envelopes | V5: Check
B6: 45989 | C6: 1480 | D6: =IF(AND(B6="",SUMPRODUCT((E6:T6<>"")*1)=0),"",SUMPRODUCT((E$5:T$5<>"")*1,E6:T6)) | E6: 180 | F6: 60 | G6: 40 | H6: 30 | I6: 25 | J6: 30 | K6: 35 | L6: 25 | M6: 20 | N6: 40 | O6: 15 | P6: 50 | U6: =IF(OR(NOT(ISNUMBER(C6)),D6=""),"",C6-D6) | V6: =IF(AND(B6="",C6="",SUMPRODUCT((E6:T6<>"")*1)=0),"",IF(NOT(ISNUMBER(B6)),"Needs a date",IF(SUMPRODUCT((E6:T6<>"")*(1-ISNUMBER(E6:T6)))>0,"Amount not a number",IF(SUMPRODUCT((E$5:T$5="")*(E6:T6<>""))>0,"Amount under no envelope",IF(COUNTIF(E6:T6,"<0")>0,"Amount below zero",IF(AND(ISNUMBER(C6),N(D6)>C6),"More than the paycheck","")))))) | W6: =IF(ISNUMBER(B6),INT(B6),0)
B7: 46003 | C7: 1480 | D7: =IF(AND(B7="",SUMPRODUCT((E7:T7<>"")*1)=0),"",SUMPRODUCT((E$5:T$5<>"")*1,E7:T7)) | E7: 180 | F7: 60 | G7: 40 | H7: 30 | I7: 25 | J7: 30 | K7: 35 | L7: 25 | M7: 20 | N7: 40 | O7: 15 | P7: 50 | U7: =IF(OR(NOT(ISNUMBER(C7)),D7=""),"",C7-D7) | V7: =IF(AND(B7="",C7="",SUMPRODUCT((E7:T7<>"")*1)=0),"",IF(NOT(ISNUMBER(B7)),"Needs a date",IF(SUMPRODUCT((E7:T7<>"")*(1-ISNUMBER(E7:T7)))>0,"Amount not a number",IF(SUMPRODUCT((E$5:T$5="")*(E7:T7<>""))>0,"Amount under no envelope",IF(COUNTIF(E7:T7,"<0")>0,"Amount below zero",IF(AND(ISNUMBER(C7),N(D7)>C7),"More than the paycheck","")))))) | W7: =IF(ISNUMBER(B7),INT(B7),0)
B8: 46017 | C8: 1480 | D8: =IF(AND(B8="",SUMPRODUCT((E8:T8<>"")*1)=0),"",SUMPRODUCT((E$5:T$5<>"")*1,E8:T8)) | E8: 180 | F8: 60 | G8: 40 | H8: 30 | I8: 25 | J8: 30 | K8: 35 | L8: 25 | M8: 20 | N8: 40 | O8: 15 | P8: 50 | U8: =IF(OR(NOT(ISNUMBER(C8)),D8=""),"",C8-D8) | V8: =IF(AND(B8="",C8="",SUMPRODUCT((E8:T8<>"")*1)=0),"",IF(NOT(ISNUMBER(B8)),"Needs a date",IF(SUMPRODUCT((E8:T8<>"")*(1-ISNUMBER(E8:T8)))>0,"Amount not a number",IF(SUMPRODUCT((E$5:T$5="")*(E8:T8<>""))>0,"Amount under no envelope",IF(COUNTIF(E8:T8,"<0")>0,"Amount below zero",IF(AND(ISNUMBER(C8),N(D8)>C8),"More than the paycheck","")))))) | W8: =IF(ISNUMBER(B8),INT(B8),0)
B9: 46031 | C9: 1480 | D9: =IF(AND(B9="",SUMPRODUCT((E9:T9<>"")*1)=0),"",SUMPRODUCT((E$5:T$5<>"")*1,E9:T9)) | E9: 180 | F9: 60 | G9: 40 | H9: 30 | I9: 25 | J9: 30 | K9: 35 | L9: 25 | M9: 20 | N9: 40 | O9: 15 | P9: 50 | U9: =IF(OR(NOT(ISNUMBER(C9)),D9=""),"",C9-D9) | V9: =IF(AND(B9="",C9="",SUMPRODUCT((E9:T9<>"")*1)=0),"",IF(NOT(ISNUMBER(B9)),"Needs a date",IF(SUMPRODUCT((E9:T9<>"")*(1-ISNUMBER(E9:T9)))>0,"Amount not a number",IF(SUMPRODUCT((E$5:T$5="")*(E9:T9<>""))>0,"Amount under no envelope",IF(COUNTIF(E9:T9,"<0")>0,"Amount below zero",IF(AND(ISNUMBER(C9),N(D9)>C9),"More than the paycheck","")))))) | W9: =IF(ISNUMBER(B9),INT(B9),0)
B10: 46045 | C10: 1480 | D10: =IF(AND(B10="",SUMPRODUCT((E10:T10<>"")*1)=0),"",SUMPRODUCT((E$5:T$5<>"")*1,E10:T10)) | E10: 180 | F10: 60 | G10: 40 | H10: 30 | I10: 25 | J10: 30 | K10: 35 | L10: 25 | M10: 20 | N10: 40 | O10: 15 | P10: 50 | U10: =IF(OR(NOT(ISNUMBER(C10)),D10=""),"",C10-D10) | V10: =IF(AND(B10="",C10="",SUMPRODUCT((E10:T10<>"")*1)=0),"",IF(NOT(ISNUMBER(B10)),"Needs a date",IF(SUMPRODUCT((E10:T10<>"")*(1-ISNUMBER(E10:T10)))>0,"Amount not a number",IF(SUMPRODUCT((E$5:T$5="")*(E10:T10<>""))>0,"Amount under no envelope",IF(COUNTIF(E10:T10,"<0")>0,"Amount below zero",IF(AND(ISNUMBER(C10),N(D10)>C10),"More than the paycheck","")))))) | W10: =IF(ISNUMBER(B10),INT(B10),0)
B11: 46059 | C11: 1480 | D11: =IF(AND(B11="",SUMPRODUCT((E11:T11<>"")*1)=0),"",SUMPRODUCT((E$5:T$5<>"")*1,E11:T11)) | E11: 180 | F11: 60 | G11: 40 | H11: 30 | I11: 25 | J11: 30 | K11: 35 | L11: 25 | M11: 20 | N11: 40 | O11: 15 | P11: 50 | U11: =IF(OR(NOT(ISNUMBER(C11)),D11=""),"",C11-D11) | V11: =IF(AND(B11="",C11="",SUMPRODUCT((E11:T11<>"")*1)=0),"",IF(NOT(ISNUMBER(B11)),"Needs a date",IF(SUMPRODUCT((E11:T11<>"")*(1-ISNUMBER(E11:T11)))>0,"Amount not a number",IF(SUMPRODUCT((E$5:T$5="")*(E11:T11<>""))>0,"Amount under no envelope",IF(COUNTIF(E11:T11,"<0")>0,"Amount below zero",IF(AND(ISNUMBER(C11),N(D11)>C11),"More than the paycheck","")))))) | W11: =IF(ISNUMBER(B11),INT(B11),0)
B12: 46073 | C12: 1480 | D12: =IF(AND(B12="",SUMPRODUCT((E12:T12<>"")*1)=0),"",SUMPRODUCT((E$5:T$5<>"")*1,E12:T12)) | E12: 180 | F12: 60 | G12: 40 | H12: 30 | I12: 25 | J12: 30 | K12: 35 | L12: 25 | M12: 20 | N12: 40 | O12: 15 | P12: 50 | U12: =IF(OR(NOT(ISNUMBER(C12)),D12=""),"",C12-D12) | V12: =IF(AND(B12="",C12="",SUMPRODUCT((E12:T12<>"")*1)=0),"",IF(NOT(ISNUMBER(B12)),"Needs a date",IF(SUMPRODUCT((E12:T12<>"")*(1-ISNUMBER(E12:T12)))>0,"Amount not a number",IF(SUMPRODUCT((E$5:T$5="")*(E12:T12<>""))>0,"Amount under no envelope",IF(COUNTIF(E12:T12,"<0")>0,"Amount below zero",IF(AND(ISNUMBER(C12),N(D12)>C12),"More than the paycheck","")))))) | W12: =IF(ISNUMBER(B12),INT(B12),0)
B13: 46087 | C13: 1480 | D13: =IF(AND(B13="",SUMPRODUCT((E13:T13<>"")*1)=0),"",SUMPRODUCT((E$5:T$5<>"")*1,E13:T13)) | E13: 180 | F13: 60 | G13: 40 | H13: 30 | I13: 25 | J13: 30 | K13: 35 | L13: 25 | M13: 20 | N13: 40 | O13: 15 | P13: 50 | U13: =IF(OR(NOT(ISNUMBER(C13)),D13=""),"",C13-D13) | V13: =IF(AND(B13="",C13="",SUMPRODUCT((E13:T13<>"")*1)=0),"",IF(NOT(ISNUMBER(B13)),"Needs a date",IF(SUMPRODUCT((E13:T13<>"")*(1-ISNUMBER(E13:T13)))>0,"Amount not a number",IF(SUMPRODUCT((E$5:T$5="")*(E13:T13<>""))>0,"Amount under no envelope",IF(COUNTIF(E13:T13,"<0")>0,"Amount below zero",IF(AND(ISNUMBER(C13),N(D13)>C13),"More than the paycheck","")))))) | W13: =IF(ISNUMBER(B13),INT(B13),0)
B14: 46101 | C14: 1480 | D14: =IF(AND(B14="",SUMPRODUCT((E14:T14<>"")*1)=0),"",SUMPRODUCT((E$5:T$5<>"")*1,E14:T14)) | E14: 180 | F14: 60 | G14: 40 | H14: 30 | I14: 25 | J14: 30 | K14: 35 | L14: 25 | M14: 20 | N14: 40 | O14: 15 | P14: 50 | U14: =IF(OR(NOT(ISNUMBER(C14)),D14=""),"",C14-D14) | V14: =IF(AND(B14="",C14="",SUMPRODUCT((E14:T14<>"")*1)=0),"",IF(NOT(ISNUMBER(B14)),"Needs a date",IF(SUMPRODUCT((E14:T14<>"")*(1-ISNUMBER(E14:T14)))>0,"Amount not a number",IF(SUMPRODUCT((E$5:T$5="")*(E14:T14<>""))>0,"Amount under no envelope",IF(COUNTIF(E14:T14,"<0")>0,"Amount below zero",IF(AND(ISNUMBER(C14),N(D14)>C14),"More than the paycheck","")))))) | W14: =IF(ISNUMBER(B14),INT(B14),0)
B15: 46115 | C15: 1780 | D15: =IF(AND(B15="",SUMPRODUCT((E15:T15<>"")*1)=0),"",SUMPRODUCT((E$5:T$5<>"")*1,E15:T15)) | E15: 180 | F15: 60 | G15: 40 | H15: 30 | I15: 25 | J15: 30 | K15: 35 | L15: 25 | M15: 20 | N15: 140 | O15: 15 | P15: 150 | U15: =IF(OR(NOT(ISNUMBER(C15)),D15=""),"",C15-D15) | V15: =IF(AND(B15="",C15="",SUMPRODUCT((E15:T15<>"")*1)=0),"",IF(NOT(ISNUMBER(B15)),"Needs a date",IF(SUMPRODUCT((E15:T15<>"")*(1-ISNUMBER(E15:T15)))>0,"Amount not a number",IF(SUMPRODUCT((E$5:T$5="")*(E15:T15<>""))>0,"Amount under no envelope",IF(COUNTIF(E15:T15,"<0")>0,"Amount below zero",IF(AND(ISNUMBER(C15),N(D15)>C15),"More than the paycheck","")))))) | W15: =IF(ISNUMBER(B15),INT(B15),0)
B16: 46129 | C16: 1480 | D16: =IF(AND(B16="",SUMPRODUCT((E16:T16<>"")*1)=0),"",SUMPRODUCT((E$5:T$5<>"")*1,E16:T16)) | E16: 180 | F16: 60 | G16: 40 | H16: 30 | I16: 25 | J16: 30 | K16: 35 | L16: 25 | M16: 20 | N16: 40 | O16: 15 | P16: 50 | U16: =IF(OR(NOT(ISNUMBER(C16)),D16=""),"",C16-D16) | V16: =IF(AND(B16="",C16="",SUMPRODUCT((E16:T16<>"")*1)=0),"",IF(NOT(ISNUMBER(B16)),"Needs a date",IF(SUMPRODUCT((E16:T16<>"")*(1-ISNUMBER(E16:T16)))>0,"Amount not a number",IF(SUMPRODUCT((E$5:T$5="")*(E16:T16<>""))>0,"Amount under no envelope",IF(COUNTIF(E16:T16,"<0")>0,"Amount below zero",IF(AND(ISNUMBER(C16),N(D16)>C16),"More than the paycheck","")))))) | W16: =IF(ISNUMBER(B16),INT(B16),0)
B17: 46143 | C17: 1480 | D17: =IF(AND(B17="",SUMPRODUCT((E17:T17<>"")*1)=0),"",SUMPRODUCT((E$5:T$5<>"")*1,E17:T17)) | E17: 180 | F17: 60 | G17: 40 | H17: 30 | I17: 25 | J17: 30 | K17: 35 | L17: 25 | M17: 20 | N17: 40 | O17: 15 | P17: 50 | U17: =IF(OR(NOT(ISNUMBER(C17)),D17=""),"",C17-D17) | V17: =IF(AND(B17="",C17="",SUMPRODUCT((E17:T17<>"")*1)=0),"",IF(NOT(ISNUMBER(B17)),"Needs a date",IF(SUMPRODUCT((E17:T17<>"")*(1-ISNUMBER(E17:T17)))>0,"Amount not a number",IF(SUMPRODUCT((E$5:T$5="")*(E17:T17<>""))>0,"Amount under no envelope",IF(COUNTIF(E17:T17,"<0")>0,"Amount below zero",IF(AND(ISNUMBER(C17),N(D17)>C17),"More than the paycheck","")))))) | W17: =IF(ISNUMBER(B17),INT(B17),0)
... B27: 46283 | C27: 1480 | D27: =IF(AND(B27="",SUMPRODUCT((E27:T27<>"")*1)=0),"",SUMPRODUCT((E$5:T$5<>"")*1,E27:T27)) | E27: 180 | F27: 62.5 | G27: 40 | H27: 33 | I27: 25 | J27: 30 | K27: 35 | L27: 25 | M27: 20 | N27: 40 | O27: 15 | P27: 50 | U27: =IF(OR(NOT(ISNUMBER(C27)),D27=""),"",C27-D27) | V27: =IF(AND(B27="",C27="",SUMPRODUCT((E27:T27<>"")*1)=0),"",IF(NOT(ISNUMBER(B27)),"Needs a date",IF(SUMPRODUCT((E27:T27<>"")*(1-ISNUMBER(E27:T27)))>0,"Amount not a number",IF(SUMPRODUCT((E$5:T$5="")*(E27:T27<>""))>0,"Amount under no envelope",IF(COUNTIF(E27:T27,"<0")>0,"Amount below zero",IF(AND(ISNUMBER(C27),N(D27)>C27),"More than the paycheck","")))))) | W27: =IF(ISNUMBER(B27),INT(B27),0)
D28: =IF(AND(B28="",SUMPRODUCT((E28:T28<>"")*1)=0),"",SUMPRODUCT((E$5:T$5<>"")*1,E28:T28)) | U28: =IF(OR(NOT(ISNUMBER(C28)),D28=""),"",C28-D28) | V28: =IF(AND(B28="",C28="",SUMPRODUCT((E28:T28<>"")*1)=0),"",IF(NOT(ISNUMBER(B28)),"Needs a date",IF(SUMPRODUCT((E28:T28<>"")*(1-ISNUMBER(E28:T28)))>0,"Amount not a number",IF(SUMPRODUCT((E$5:T$5="")*(E28:T28<>""))>0,"Amount under no envelope",IF(COUNTIF(E28:T28,"<0")>0,"Amount below zero",IF(AND(ISNUMBER(C28),N(D28)>C28),"More than the paycheck","")))))) | W28: =IF(ISNUMBER(B28),INT(B28),0)
D29: =IF(AND(B29="",SUMPRODUCT((E29:T29<>"")*1)=0),"",SUMPRODUCT((E$5:T$5<>"")*1,E29:T29)) | U29: =IF(OR(NOT(ISNUMBER(C29)),D29=""),"",C29-D29) | V29: =IF(AND(B29="",C29="",SUMPRODUCT((E29:T29<>"")*1)=0),"",IF(NOT(ISNUMBER(B29)),"Needs a date",IF(SUMPRODUCT((E29:T29<>"")*(1-ISNUMBER(E29:T29)))>0,"Amount not a number",IF(SUMPRODUCT((E$5:T$5="")*(E29:T29<>""))>0,"Amount under no envelope",IF(COUNTIF(E29:T29,"<0")>0,"Amount below zero",IF(AND(ISNUMBER(C29),N(D29)>C29),"More than the paycheck","")))))) | W29: =IF(ISNUMBER(B29),INT(B29),0)
D30: =IF(AND(B30="",SUMPRODUCT((E30:T30<>"")*1)=0),"",SUMPRODUCT((E$5:T$5<>"")*1,E30:T30)) | U30: =IF(OR(NOT(ISNUMBER(C30)),D30=""),"",C30-D30) | V30: =IF(AND(B30="",C30="",SUMPRODUCT((E30:T30<>"")*1)=0),"",IF(NOT(ISNUMBER(B30)),"Needs a date",IF(SUMPRODUCT((E30:T30<>"")*(1-ISNUMBER(E30:T30)))>0,"Amount not a number",IF(SUMPRODUCT((E$5:T$5="")*(E30:T30<>""))>0,"Amount under no envelope",IF(COUNTIF(E30:T30,"<0")>0,"Amount below zero",IF(AND(ISNUMBER(C30),N(D30)>C30),"More than the paycheck","")))))) | W30: =IF(ISNUMBER(B30),INT(B30),0)
D31: =IF(AND(B31="",SUMPRODUCT((E31:T31<>"")*1)=0),"",SUMPRODUCT((E$5:T$5<>"")*1,E31:T31)) | U31: =IF(OR(NOT(ISNUMBER(C31)),D31=""),"",C31-D31) | V31: =IF(AND(B31="",C31="",SUMPRODUCT((E31:T31<>"")*1)=0),"",IF(NOT(ISNUMBER(B31)),"Needs a date",IF(SUMPRODUCT((E31:T31<>"")*(1-ISNUMBER(E31:T31)))>0,"Amount not a number",IF(SUMPRODUCT((E$5:T$5="")*(E31:T31<>""))>0,"Amount under no envelope",IF(COUNTIF(E31:T31,"<0")>0,"Amount below zero",IF(AND(ISNUMBER(C31),N(D31)>C31),"More than the paycheck","")))))) | W31: =IF(ISNUMBER(B31),INT(B31),0)
D32: =IF(AND(B32="",SUMPRODUCT((E32:T32<>"")*1)=0),"",SUMPRODUCT((E$5:T$5<>"")*1,E32:T32)) | U32: =IF(OR(NOT(ISNUMBER(C32)),D32=""),"",C32-D32) | V32: =IF(AND(B32="",C32="",SUMPRODUCT((E32:T32<>"")*1)=0),"",IF(NOT(ISNUMBER(B32)),"Needs a date",IF(SUMPRODUCT((E32:T32<>"")*(1-ISNUMBER(E32:T32)))>0,"Amount not a number",IF(SUMPRODUCT((E$5:T$5="")*(E32:T32<>""))>0,"Amount under no envelope",IF(COUNTIF(E32:T32,"<0")>0,"Amount below zero",IF(AND(ISNUMBER(C32),N(D32)>C32),"More than the paycheck","")))))) | W32: =IF(ISNUMBER(B32),INT(B32),0)
D33: =IF(AND(B33="",SUMPRODUCT((E33:T33<>"")*1)=0),"",SUMPRODUCT((E$5:T$5<>"")*1,E33:T33)) | U33: =IF(OR(NOT(ISNUMBER(C33)),D33=""),"",C33-D33) | V33: =IF(AND(B33="",C33="",SUMPRODUCT((E33:T33<>"")*1)=0),"",IF(NOT(ISNUMBER(B33)),"Needs a date",IF(SUMPRODUCT((E33:T33<>"")*(1-ISNUMBER(E33:T33)))>0,"Amount not a number",IF(SUMPRODUCT((E$5:T$5="")*(E33:T33<>""))>0,"Amount under no envelope",IF(COUNTIF(E33:T33,"<0")>0,"Amount below zero",IF(AND(ISNUMBER(C33),N(D33)>C33),"More than the paycheck","")))))) | W33: =IF(ISNUMBER(B33),INT(B33),0)
D34: =IF(AND(B34="",SUMPRODUCT((E34:T34<>"")*1)=0),"",SUMPRODUCT((E$5:T$5<>"")*1,E34:T34)) | U34: =IF(OR(NOT(ISNUMBER(C34)),D34=""),"",C34-D34) | V34: =IF(AND(B34="",C34="",SUMPRODUCT((E34:T34<>"")*1)=0),"",IF(NOT(ISNUMBER(B34)),"Needs a date",IF(SUMPRODUCT((E34:T34<>"")*(1-ISNUMBER(E34:T34)))>0,"Amount not a number",IF(SUMPRODUCT((E$5:T$5="")*(E34:T34<>""))>0,"Amount under no envelope",IF(COUNTIF(E34:T34,"<0")>0,"Amount below zero",IF(AND(ISNUMBER(C34),N(D34)>C34),"More than the paycheck","")))))) | W34: =IF(ISNUMBER(B34),INT(B34),0)
D35: =IF(AND(B35="",SUMPRODUCT((E35:T35<>"")*1)=0),"",SUMPRODUCT((E$5:T$5<>"")*1,E35:T35)) | U35: =IF(OR(NOT(ISNUMBER(C35)),D35=""),"",C35-D35) | V35: =IF(AND(B35="",C35="",SUMPRODUCT((E35:T35<>"")*1)=0),"",IF(NOT(ISNUMBER(B35)),"Needs a date",IF(SUMPRODUCT((E35:T35<>"")*(1-ISNUMBER(E35:T35)))>0,"Amount not a number",IF(SUMPRODUCT((E$5:T$5="")*(E35:T35<>""))>0,"Amount under no envelope",IF(COUNTIF(E35:T35,"<0")>0,"Amount below zero",IF(AND(ISNUMBER(C35),N(D35)>C35),"More than the paycheck","")))))) | W35: =IF(ISNUMBER(B35),INT(B35),0)
D36: =IF(AND(B36="",SUMPRODUCT((E36:T36<>"")*1)=0),"",SUMPRODUCT((E$5:T$5<>"")*1,E36:T36)) | U36: =IF(OR(NOT(ISNUMBER(C36)),D36=""),"",C36-D36) | V36: =IF(AND(B36="",C36="",SUMPRODUCT((E36:T36<>"")*1)=0),"",IF(NOT(ISNUMBER(B36)),"Needs a date",IF(SUMPRODUCT((E36:T36<>"")*(1-ISNUMBER(E36:T36)))>0,"Amount not a number",IF(SUMPRODUCT((E$5:T$5="")*(E36:T36<>""))>0,"Amount under no envelope",IF(COUNTIF(E36:T36,"<0")>0,"Amount below zero",IF(AND(ISNUMBER(C36),N(D36)>C36),"More than the paycheck","")))))) | W36: =IF(ISNUMBER(B36),INT(B36),0)
D37: =IF(AND(B37="",SUMPRODUCT((E37:T37<>"")*1)=0),"",SUMPRODUCT((E$5:T$5<>"")*1,E37:T37)) | U37: =IF(OR(NOT(ISNUMBER(C37)),D37=""),"",C37-D37) | V37: =IF(AND(B37="",C37="",SUMPRODUCT((E37:T37<>"")*1)=0),"",IF(NOT(ISNUMBER(B37)),"Needs a date",IF(SUMPRODUCT((E37:T37<>"")*(1-ISNUMBER(E37:T37)))>0,"Amount not a number",IF(SUMPRODUCT((E$5:T$5="")*(E37:T37<>""))>0,"Amount under no envelope",IF(COUNTIF(E37:T37,"<0")>0,"Amount below zero",IF(AND(ISNUMBER(C37),N(D37)>C37),"More than the paycheck","")))))) | W37: =IF(ISNUMBER(B37),INT(B37),0)
D38: =IF(AND(B38="",SUMPRODUCT((E38:T38<>"")*1)=0),"",SUMPRODUCT((E$5:T$5<>"")*1,E38:T38)) | U38: =IF(OR(NOT(ISNUMBER(C38)),D38=""),"",C38-D38) | V38: =IF(AND(B38="",C38="",SUMPRODUCT((E38:T38<>"")*1)=0),"",IF(NOT(ISNUMBER(B38)),"Needs a date",IF(SUMPRODUCT((E38:T38<>"")*(1-ISNUMBER(E38:T38)))>0,"Amount not a number",IF(SUMPRODUCT((E$5:T$5="")*(E38:T38<>""))>0,"Amount under no envelope",IF(COUNTIF(E38:T38,"<0")>0,"Amount below zero",IF(AND(ISNUMBER(C38),N(D38)>C38),"More than the paycheck","")))))) | W38: =IF(ISNUMBER(B38),INT(B38),0)
D39: =IF(AND(B39="",SUMPRODUCT((E39:T39<>"")*1)=0),"",SUMPRODUCT((E$5:T$5<>"")*1,E39:T39)) | U39: =IF(OR(NOT(ISNUMBER(C39)),D39=""),"",C39-D39) | V39: =IF(AND(B39="",C39="",SUMPRODUCT((E39:T39<>"")*1)=0),"",IF(NOT(ISNUMBER(B39)),"Needs a date",IF(SUMPRODUCT((E39:T39<>"")*(1-ISNUMBER(E39:T39)))>0,"Amount not a number",IF(SUMPRODUCT((E$5:T$5="")*(E39:T39<>""))>0,"Amount under no envelope",IF(COUNTIF(E39:T39,"<0")>0,"Amount below zero",IF(AND(ISNUMBER(C39),N(D39)>C39),"More than the paycheck","")))))) | W39: =IF(ISNUMBER(B39),INT(B39),0)
... D205: =IF(AND(B205="",SUMPRODUCT((E205:T205<>"")*1)=0),"",SUMPRODUCT((E$5:T$5<>"")*1,E205:T205)) | U205: =IF(OR(NOT(ISNUMBER(C205)),D205=""),"",C205-D205) | V205: =IF(AND(B205="",C205="",SUMPRODUCT((E205:T205<>"")*1)=0),"",IF(NOT(ISNUMBER(B205)),"Needs a date",IF(SUMPRODUCT((E205:T205<>"")*(1-ISNUMBER(E205:T205)))>0,"Amount not a number",IF(SUMPRODUCT((E$5:T$5="")*(E205:T205<>""))>0,"Amount under no envelope",IF(COUNTIF(E205:T205,"<0")>0,"Amount below zero",IF(AND(ISNUMBER(C205),N(D205)>C205),"More than the paycheck","")))))) | W205: =IF(ISNUMBER(B205),INT(B205),0)

Sheet Spending
B2: Spending
B3: Each time you spend cash from an envelope. To move cash to another envelope, pick it under Moved to.
B5: Date | C5: Envelope | D5: Amount | E5: What | F5: Moved to | G5: Check
B6: 45991 | C6: Personal care | D6: 24.65 | E6: Pharmacy | G6: =IF(AND(C6="",D6=""),"",IF(NOT(ISNUMBER(B6)),"Needs a date",IF(NOT(ISNUMBER(D6)),"Needs the amount",IF(C6="","Needs an envelope",IF(COUNTIF(Envelopes!$B$6:$B$21,C6)=0,"Not on Envelopes",IF(F6="",IF(D6=0,"Needs the amount",""),IF(COUNTIF(Envelopes!$B$6:$B$21,F6)=0,"Moved to: not on Envelopes",IF(D6<=0,"A move needs an amount",IF(F6=C6,"Moved to the same envelope",""))))))))) | H6: =IF(ISNUMBER(B6),INT(B6),0) | I6: =IF(AND(H6>0,ISNUMBER(D6),COUNTIF(Envelopes!$B$6:$B$21,C6)>0,F6=""),1,0) | J6: =IF(AND(H6>0,ISNUMBER(D6),COUNTIF(Envelopes!$B$6:$B$21,C6)>0,F6<>"",COUNTIF(Envelopes!$B$6:$B$21,F6)>0),1,0) | K6: =IF(I6=1,H6*10000+ROW(),"")
B7: 45991 | C7: Kids | D7: 32.59 | E7: Swimming | G7: =IF(AND(C7="",D7=""),"",IF(NOT(ISNUMBER(B7)),"Needs a date",IF(NOT(ISNUMBER(D7)),"Needs the amount",IF(C7="","Needs an envelope",IF(COUNTIF(Envelopes!$B$6:$B$21,C7)=0,"Not on Envelopes",IF(F7="",IF(D7=0,"Needs the amount",""),IF(COUNTIF(Envelopes!$B$6:$B$21,F7)=0,"Moved to: not on Envelopes",IF(D7<=0,"A move needs an amount",IF(F7=C7,"Moved to the same envelope",""))))))))) | H7: =IF(ISNUMBER(B7),INT(B7),0) | I7: =IF(AND(H7>0,ISNUMBER(D7),COUNTIF(Envelopes!$B$6:$B$21,C7)>0,F7=""),1,0) | J7: =IF(AND(H7>0,ISNUMBER(D7),COUNTIF(Envelopes!$B$6:$B$21,C7)>0,F7<>"",COUNTIF(Envelopes!$B$6:$B$21,F7)>0),1,0) | K7: =IF(I7=1,H7*10000+ROW(),"")
B8: 45992 | C8: Groceries | D8: 43.59 | E8: Supermarket | G8: =IF(AND(C8="",D8=""),"",IF(NOT(ISNUMBER(B8)),"Needs a date",IF(NOT(ISNUMBER(D8)),"Needs the amount",IF(C8="","Needs an envelope",IF(COUNTIF(Envelopes!$B$6:$B$21,C8)=0,"Not on Envelopes",IF(F8="",IF(D8=0,"Needs the amount",""),IF(COUNTIF(Envelopes!$B$6:$B$21,F8)=0,"Moved to: not on Envelopes",IF(D8<=0,"A move needs an amount",IF(F8=C8,"Moved to the same envelope",""))))))))) | H8: =IF(ISNUMBER(B8),INT(B8),0) | I8: =IF(AND(H8>0,ISNUMBER(D8),COUNTIF(Envelopes!$B$6:$B$21,C8)>0,F8=""),1,0) | J8: =IF(AND(H8>0,ISNUMBER(D8),COUNTIF(Envelopes!$B$6:$B$21,C8)>0,F8<>"",COUNTIF(Envelopes!$B$6:$B$21,F8)>0),1,0) | K8: =IF(I8=1,H8*10000+ROW(),"")
B9: 45994 | C9: Gas | D9: 44.04 | E9: Gas station | G9: =IF(AND(C9="",D9=""),"",IF(NOT(ISNUMBER(B9)),"Needs a date",IF(NOT(ISNUMBER(D9)),"Needs the amount",IF(C9="","Needs an envelope",IF(COUNTIF(Envelopes!$B$6:$B$21,C9)=0,"Not on Envelopes",IF(F9="",IF(D9=0,"Needs the amount",""),IF(COUNTIF(Envelopes!$B$6:$B$21,F9)=0,"Moved to: not on Envelopes",IF(D9<=0,"A move needs an amount",IF(F9=C9,"Moved to the same envelope",""))))))))) | H9: =IF(ISNUMBER(B9),INT(B9),0) | I9: =IF(AND(H9>0,ISNUMBER(D9),COUNTIF(Envelopes!$B$6:$B$21,C9)>0,F9=""),1,0) | J9: =IF(AND(H9>0,ISNUMBER(D9),COUNTIF(Envelopes!$B$6:$B$21,C9)>0,F9<>"",COUNTIF(Envelopes!$B$6:$B$21,F9)>0),1,0) | K9: =IF(I9=1,H9*10000+ROW(),"")
B10: 45995 | C10: Groceries | D10: 24.11 | E10: Supermarket | G10: =IF(AND(C10="",D10=""),"",IF(NOT(ISNUMBER(B10)),"Needs a date",IF(NOT(ISNUMBER(D10)),"Needs the amount",IF(C10="","Needs an envelope",IF(COUNTIF(Envelopes!$B$6:$B$21,C10)=0,"Not on Envelopes",IF(F10="",IF(D10=0,"Needs the amount",""),IF(COUNTIF(Envelopes!$B$6:$B$21,F10)=0,"Moved to: not on Envelopes",IF(D10<=0,"A move needs an amount",IF(F10=C10,"Moved to the same envelope",""))))))))) | H10: =IF(ISNUMBER(B10),INT(B10),0) | I10: =IF(AND(H10>0,ISNUMBER(D10),COUNTIF(Envelopes!$B$6:$B$21,C10)>0,F10=""),1,0) | J10: =IF(AND(H10>0,ISNUMBER(D10),COUNTIF(Envelopes!$B$6:$B$21,C10)>0,F10<>"",COUNTIF(Envelopes!$B$6:$B$21,F10)>0),1,0) | K10: =IF(I10=1,H10*10000+ROW(),"")
B11: 45995 | C11: Eating out | D11: 5.69 | E11: Tacos | G11: =IF(AND(C11="",D11=""),"",IF(NOT(ISNUMBER(B11)),"Needs a date",IF(NOT(ISNUMBER(D11)),"Needs the amount",IF(C11="","Needs an envelope",IF(COUNTIF(Envelopes!$B$6:$B$21,C11)=0,"Not on Envelopes",IF(F11="",IF(D11=0,"Needs the amount",""),IF(COUNTIF(Envelopes!$B$6:$B$21,F11)=0,"Moved to: not on Envelopes",IF(D11<=0,"A move needs an amount",IF(F11=C11,"Moved to the same envelope",""))))))))) | H11: =IF(ISNUMBER(B11),INT(B11),0) | I11: =IF(AND(H11>0,ISNUMBER(D11),COUNTIF(Envelopes!$B$6:$B$21,C11)>0,F11=""),1,0) | J11: =IF(AND(H11>0,ISNUMBER(D11),COUNTIF(Envelopes!$B$6:$B$21,C11)>0,F11<>"",COUNTIF(Envelopes!$B$6:$B$21,F11)>0),1,0) | K11: =IF(I11=1,H11*10000+ROW(),"")
B12: 45996 | C12: Groceries | D12: 6.3 | E12: Farmers market | G12: =IF(AND(C12="",D12=""),"",IF(NOT(ISNUMBER(B12)),"Needs a date",IF(NOT(ISNUMBER(D12)),"Needs the amount",IF(C12="","Needs an envelope",IF(COUNTIF(Envelopes!$B$6:$B$21,C12)=0,"Not on Envelopes",IF(F12="",IF(D12=0,"Needs the amount",""),IF(COUNTIF(Envelopes!$B$6:$B$21,F12)=0,"Moved to: not on Envelopes",IF(D12<=0,"A move needs an amount",IF(F12=C12,"Moved to the same envelope",""))))))))) | H12: =IF(ISNUMBER(B12),INT(B12),0) | I12: =IF(AND(H12>0,ISNUMBER(D12),COUNTIF(Envelopes!$B$6:$B$21,C12)>0,F12=""),1,0) | J12: =IF(AND(H12>0,ISNUMBER(D12),COUNTIF(Envelopes!$B$6:$B$21,C12)>0,F12<>"",COUNTIF(Envelopes!$B$6:$B$21,F12)>0),1,0) | K12: =IF(I12=1,H12*10000+ROW(),"")
B13: 45997 | C13: Gas | D13: 25.91 | E13: Gas station | G13: =IF(AND(C13="",D13=""),"",IF(NOT(ISNUMBER(B13)),"Needs a date",IF(NOT(ISNUMBER(D13)),"Needs the amount",IF(C13="","Needs an envelope",IF(COUNTIF(Envelopes!$B$6:$B$21,C13)=0,"Not on Envelopes",IF(F13="",IF(D13=0,"Needs the amount",""),IF(COUNTIF(Envelopes!$B$6:$B$21,F13)=0,"Moved to: not on Envelopes",IF(D13<=0,"A move needs an amount",IF(F13=C13,"Moved to the same envelope",""))))))))) | H13: =IF(ISNUMBER(B13),INT(B13),0) | I13: =IF(AND(H13>0,ISNUMBER(D13),COUNTIF(Envelopes!$B$6:$B$21,C13)>0,F13=""),1,0) | J13: =IF(AND(H13>0,ISNUMBER(D13),COUNTIF(Envelopes!$B$6:$B$21,C13)>0,F13<>"",COUNTIF(Envelopes!$B$6:$B$21,F13)>0),1,0) | K13: =IF(I13=1,H13*10000+ROW(),"")
B14: 45997 | C14: Christmas | D14: 180 | E14: Presents | G14: =IF(AND(C14="",D14=""),"",IF(NOT(ISNUMBER(B14)),"Needs a date",IF(NOT(ISNUMBER(D14)),"Needs the amount",IF(C14="","Needs an envelope",IF(COUNTIF(Envelopes!$B$6:$B$21,C14)=0,"Not on Envelopes",IF(F14="",IF(D14=0,"Needs the amount",""),IF(COUNTIF(Envelopes!$B$6:$B$21,F14)=0,"Moved to: not on Envelopes",IF(D14<=0,"A move needs an amount",IF(F14=C14,"Moved to the same envelope",""))))))))) | H14: =IF(ISNUMBER(B14),INT(B14),0) | I14: =IF(AND(H14>0,ISNUMBER(D14),COUNTIF(Envelopes!$B$6:$B$21,C14)>0,F14=""),1,0) | J14: =IF(AND(H14>0,ISNUMBER(D14),COUNTIF(Envelopes!$B$6:$B$21,C14)>0,F14<>"",COUNTIF(Envelopes!$B$6:$B$21,F14)>0),1,0) | K14: =IF(I14=1,H14*10000+ROW(),"")
B15: 45998 | C15: Eating out | D15: 22.22 | E15: Lunch out | G15: =IF(AND(C15="",D15=""),"",IF(NOT(ISNUMBER(B15)),"Needs a date",IF(NOT(ISNUMBER(D15)),"Needs the amount",IF(C15="","Needs an envelope",IF(COUNTIF(Envelopes!$B$6:$B$21,C15)=0,"Not on Envelopes",IF(F15="",IF(D15=0,"Needs the amount",""),IF(COUNTIF(Envelopes!$B$6:$B$21,F15)=0,"Moved to: not on Envelopes",IF(D15<=0,"A move needs an amount",IF(F15=C15,"Moved to the same envelope",""))))))))) | H15: =IF(ISNUMBER(B15),INT(B15),0) | I15: =IF(AND(H15>0,ISNUMBER(D15),COUNTIF(Envelopes!$B$6:$B$21,C15)>0,F15=""),1,0) | J15: =IF(AND(H15>0,ISNUMBER(D15),COUNTIF(Envelopes!$B$6:$B$21,C15)>0,F15<>"",COUNTIF(Envelopes!$B$6:$B$21,F15)>0),1,0) | K15: =IF(I15=1,H15*10000+ROW(),"")
B16: 45999 | C16: Fun money | D16: 35.39 | E16: Cinema | G16: =IF(AND(C16="",D16=""),"",IF(NOT(ISNUMBER(B16)),"Needs a date",IF(NOT(ISNUMBER(D16)),"Needs the amount",IF(C16="","Needs an envelope",IF(COUNTIF(Envelopes!$B$6:$B$21,C16)=0,"Not on Envelopes",IF(F16="",IF(D16=0,"Needs the amount",""),IF(COUNTIF(Envelopes!$B$6:$B$21,F16)=0,"Moved to: not on Envelopes",IF(D16<=0,"A move needs an amount",IF(F16=C16,"Moved to the same envelope",""))))))))) | H16: =IF(ISNUMBER(B16),INT(B16),0) | I16: =IF(AND(H16>0,ISNUMBER(D16),COUNTIF(Envelopes!$B$6:$B$21,C16)>0,F16=""),1,0) | J16: =IF(AND(H16>0,ISNUMBER(D16),COUNTIF(Envelopes!$B$6:$B$21,C16)>0,F16<>"",COUNTIF(Envelopes!$B$6:$B$21,F16)>0),1,0) | K16: =IF(I16=1,H16*10000+ROW(),"")
B17: 46000 | C17: Groceries | D17: 128.74 | E17: Supermarket | G17: =IF(AND(C17="",D17=""),"",IF(NOT(ISNUMBER(B17)),"Needs a date",IF(NOT(ISNUMBER(D17)),"Needs the amount",IF(C17="","Needs an envelope",IF(COUNTIF(Envelopes!$B$6:$B$21,C17)=0,"Not on Envelopes",IF(F17="",IF(D17=0,"Needs the amount",""),IF(COUNTIF(Envelopes!$B$6:$B$21,F17)=0,"Moved to: not on Envelopes",IF(D17<=0,"A move needs an amount",IF(F17=C17,"Moved to the same envelope",""))))))))) | H17: =IF(ISNUMBER(B17),INT(B17),0) | I17: =IF(AND(H17>0,ISNUMBER(D17),COUNTIF(Envelopes!$B$6:$B$21,C17)>0,F17=""),1,0) | J17: =IF(AND(H17>0,ISNUMBER(D17),COUNTIF(Envelopes!$B$6:$B$21,C17)>0,F17<>"",COUNTIF(Envelopes!$B$6:$B$21,F17)>0),1,0) | K17: =IF(I17=1,H17*10000+ROW(),"")
... B32: 46016 | C32: Personal care | D32: 23.93 | E32: Shampoo | G32: =IF(AND(C32="",D32=""),"",IF(NOT(ISNUMBER(B32)),"Needs a date",IF(NOT(ISNUMBER(D32)),"Needs the amount",IF(C32="","Needs an envelope",IF(COUNTIF(Envelopes!$B$6:$B$21,C32)=0,"Not on Envelopes",IF(F32="",IF(D32=0,"Needs the amount",""),IF(COUNTIF(Envelopes!$B$6:$B$21,F32)=0,"Moved to: not on Envelopes",IF(D32<=0,"A move needs an amount",IF(F32=C32,"Moved to the same envelope",""))))))))) | H32: =IF(ISNUMBER(B32),INT(B32),0) | I32: =IF(AND(H32>0,ISNUMBER(D32),COUNTIF(Envelopes!$B$6:$B$21,C32)>0,F32=""),1,0) | J32: =IF(AND(H32>0,ISNUMBER(D32),COUNTIF(Envelopes!$B$6:$B$21,C32)>0,F32<>"",COUNTIF(Envelopes!$B$6:$B$21,F32)>0),1,0) | K32: =IF(I32=1,H32*10000+ROW(),"")
B33: 46016 | C33: Eating out | D33: 6.1 | E33: Leftover to savings | F33: Emergency fund | G33: =IF(AND(C33="",D33=""),"",IF(NOT(ISNUMBER(B33)),"Needs a date",IF(NOT(ISNUMBER(D33)),"Needs the amount",IF(C33="","Needs an envelope",IF(COUNTIF(Envelopes!$B$6:$B$21,C33)=0,"Not on Envelopes",IF(F33="",IF(D33=0,"Needs the amount",""),IF(COUNTIF(Envelopes!$B$6:$B$21,F33)=0,"Moved to: not on Envelopes",IF(D33<=0,"A move needs an amount",IF(F33=C33,"Moved to the same envelope",""))))))))) | H33: =IF(ISNUMBER(B33),INT(B33),0) | I33: =IF(AND(H33>0,ISNUMBER(D33),COUNTIF(Envelopes!$B$6:$B$21,C33)>0,F33=""),1,0) | J33: =IF(AND(H33>0,ISNUMBER(D33),COUNTIF(Envelopes!$B$6:$B$21,C33)>0,F33<>"",COUNTIF(Envelopes!$B$6:$B$21,F33)>0),1,0) | K33: =IF(I33=1,H33*10000+ROW(),"")
B34: 46016 | C34: Fun money | D34: 7.01 | E34: Leftover to savings | F34: Emergency fund | G34: =IF(AND(C34="",D34=""),"",IF(NOT(ISNUMBER(B34)),"Needs a date",IF(NOT(ISNUMBER(D34)),"Needs the amount",IF(C34="","Needs an envelope",IF(COUNTIF(Envelopes!$B$6:$B$21,C34)=0,"Not on Envelopes",IF(F34="",IF(D34=0,"Needs the amount",""),IF(COUNTIF(Envelopes!$B$6:$B$21,F34)=0,"Moved to: not on Envelopes",IF(D34<=0,"A move needs an amount",IF(F34=C34,"Moved to the same envelope",""))))))))) | H34: =IF(ISNUMBER(B34),INT(B34),0) | I34: =IF(AND(H34>0,ISNUMBER(D34),COUNTIF(Envelopes!$B$6:$B$21,C34)>0,F34=""),1,0) | J34: =IF(AND(H34>0,ISNUMBER(D34),COUNTIF(Envelopes!$B$6:$B$21,C34)>0,F34<>"",COUNTIF(Envelopes!$B$6:$B$21,F34)>0),1,0) | K34: =IF(I34=1,H34*10000+ROW(),"")
B35: 46018 | C35: Eating out | D35: 25.85 | E35: Tacos | G35: =IF(AND(C35="",D35=""),"",IF(NOT(ISNUMBER(B35)),"Needs a date",IF(NOT(ISNUMBER(D35)),"Needs the amount",IF(C35="","Needs an envelope",IF(COUNTIF(Envelopes!$B$6:$B$21,C35)=0,"Not on Envelopes",IF(F35="",IF(D35=0,"Needs the amount",""),IF(COUNTIF(Envelopes!$B$6:$B$21,F35)=0,"Moved to: not on Envelopes",IF(D35<=0,"A move needs an amount",IF(F35=C35,"Moved to the same envelope",""))))))))) | H35: =IF(ISNUMBER(B35),INT(B35),0) | I35: =IF(AND(H35>0,ISNUMBER(D35),COUNTIF(Envelopes!$B$6:$B$21,C35)>0,F35=""),1,0) | J35: =IF(AND(H35>0,ISNUMBER(D35),COUNTIF(Envelopes!$B$6:$B$21,C35)>0,F35<>"",COUNTIF(Envelopes!$B$6:$B$21,F35)>0),1,0) | K35: =IF(I35=1,H35*10000+ROW(),"")
B36: 46019 | C36: Gas | D36: 35.2 | E36: Gas station | G36: =IF(AND(C36="",D36=""),"",IF(NOT(ISNUMBER(B36)),"Needs a date",IF(NOT(ISNUMBER(D36)),"Needs the amount",IF(C36="","Needs an envelope",IF(COUNTIF(Envelopes!$B$6:$B$21,C36)=0,"Not on Envelopes",IF(F36="",IF(D36=0,"Needs the amount",""),IF(COUNTIF(Envelopes!$B$6:$B$21,F36)=0,"Moved to: not on Envelopes",IF(D36<=0,"A move needs an amount",IF(F36=C36,"Moved to the same envelope",""))))))))) | H36: =IF(ISNUMBER(B36),INT(B36),0) | I36: =IF(AND(H36>0,ISNUMBER(D36),COUNTIF(Envelopes!$B$6:$B$21,C36)>0,F36=""),1,0) | J36: =IF(AND(H36>0,ISNUMBER(D36),COUNTIF(Envelopes!$B$6:$B$21,C36)>0,F36<>"",COUNTIF(Envelopes!$B$6:$B$21,F36)>0),1,0) | K36: =IF(I36=1,H36*10000+ROW(),"")
B37: 46019 | C37: Fun money | D37: 20.54 | E37: Book | G37: =IF(AND(C37="",D37=""),"",IF(NOT(ISNUMBER(B37)),"Needs a date",IF(NOT(ISNUMBER(D37)),"Needs the amount",IF(C37="","Needs an envelope",IF(COUNTIF(Envelopes!$B$6:$B$21,C37)=0,"Not on Envelopes",IF(F37="",IF(D37=0,"Needs the amount",""),IF(COUNTIF(Envelopes!$B$6:$B$21,F37)=0,"Moved to: not on Envelopes",IF(D37<=0,"A move needs an amount",IF(F37=C37,"Moved to the same envelope",""))))))))) | H37: =IF(ISNUMBER(B37),INT(B37),0) | I37: =IF(AND(H37>0,ISNUMBER(D37),COUNTIF(Envelopes!$B$6:$B$21,C37)>0,F37=""),1,0) | J37: =IF(AND(H37>0,ISNUMBER(D37),COUNTIF(Envelopes!$B$6:$B$21,C37)>0,F37<>"",COUNTIF(Envelopes!$B$6:$B$21,F37)>0),1,0) | K37: =IF(I37=1,H37*10000+ROW(),"")
B38: 46020 | C38: Groceries | D38: 38.34 | E38: Bakery | G38: =IF(AND(C38="",D38=""),"",IF(NOT(ISNUMBER(B38)),"Needs a date",IF(NOT(ISNUMBER(D38)),"Needs the amount",IF(C38="","Needs an envelope",IF(COUNTIF(Envelopes!$B$6:$B$21,C38)=0,"Not on Envelopes",IF(F38="",IF(D38=0,"Needs the amount",""),IF(COUNTIF(Envelopes!$B$6:$B$21,F38)=0,"Moved to: not on Envelopes",IF(D38<=0,"A move needs an amount",IF(F38=C38,"Moved to the same envelope",""))))))))) | H38: =IF(ISNUMBER(B38),INT(B38),0) | I38: =IF(AND(H38>0,ISNUMBER(D38),COUNTIF(Envelopes!$B$6:$B$21,C38)>0,F38=""),1,0) | J38: =IF(AND(H38>0,ISNUMBER(D38),COUNTIF(Envelopes!$B$6:$B$21,C38)>0,F38<>"",COUNTIF(Envelopes!$B$6:$B$21,F38)>0),1,0) | K38: =IF(I38=1,H38*10000+ROW(),"")
B39: 46021 | C39: Groceries | D39: 32.15 | E39: Corner shop | G39: =IF(AND(C39="",D39=""),"",IF(NOT(ISNUMBER(B39)),"Needs a date",IF(NOT(ISNUMBER(D39)),"Needs the amount",IF(C39="","Needs an envelope",IF(COUNTIF(Envelopes!$B$6:$B$21,C39)=0,"Not on Envelopes",IF(F39="",IF(D39=0,"Needs the amount",""),IF(COUNTIF(Envelopes!$B$6:$B$21,F39)=0,"Moved to: not on Envelopes",IF(D39<=0,"A move needs an amount",IF(F39=C39,"Moved to the same envelope",""))))))))) | H39: =IF(ISNUMBER(B39),INT(B39),0) | I39: =IF(AND(H39>0,ISNUMBER(D39),COUNTIF(Envelopes!$B$6:$B$21,C39)>0,F39=""),1,0) | J39: =IF(AND(H39>0,ISNUMBER(D39),COUNTIF(Envelopes!$B$6:$B$21,C39)>0,F39<>"",COUNTIF(Envelopes!$B$6:$B$21,F39)>0),1,0) | K39: =IF(I39=1,H39*10000+ROW(),"")
B40: 46023 | C40: Personal care | D40: 23.45 | E40: Haircut | G40: =IF(AND(C40="",D40=""),"",IF(NOT(ISNUMBER(B40)),"Needs a date",IF(NOT(ISNUMBER(D40)),"Needs the amount",IF(C40="","Needs an envelope",IF(COUNTIF(Envelopes!$B$6:$B$21,C40)=0,"Not on Envelopes",IF(F40="",IF(D40=0,"Needs the amount",""),IF(COUNTIF(Envelopes!$B$6:$B$21,F40)=0,"Moved to: not on Envelopes",IF(D40<=0,"A move needs an amount",IF(F40=C40,"Moved to the same envelope",""))))))))) | H40: =IF(ISNUMBER(B40),INT(B40),0) | I40: =IF(AND(H40>0,ISNUMBER(D40),COUNTIF(Envelopes!$B$6:$B$21,C40)>0,F40=""),1,0) | J40: =IF(AND(H40>0,ISNUMBER(D40),COUNTIF(Envelopes!$B$6:$B$21,C40)>0,F40<>"",COUNTIF(Envelopes!$B$6:$B$21,F40)>0),1,0) | K40: =IF(I40=1,H40*10000+ROW(),"")
B41: 46025 | C41: Groceries | D41: 38.76 | E41: Corner shop | G41: =IF(AND(C41="",D41=""),"",IF(NOT(ISNUMBER(B41)),"Needs a date",IF(NOT(ISNUMBER(D41)),"Needs the amount",IF(C41="","Needs an envelope",IF(COUNTIF(Envelopes!$B$6:$B$21,C41)=0,"Not on Envelopes",IF(F41="",IF(D41=0,"Needs the amount",""),IF(COUNTIF(Envelopes!$B$6:$B$21,F41)=0,"Moved to: not on Envelopes",IF(D41<=0,"A move needs an amount",IF(F41=C41,"Moved to the same envelope",""))))))))) | H41: =IF(ISNUMBER(B41),INT(B41),0) | I41: =IF(AND(H41>0,ISNUMBER(D41),COUNTIF(Envelopes!$B$6:$B$21,C41)>0,F41=""),1,0) | J41: =IF(AND(H41>0,ISNUMBER(D41),COUNTIF(Envelopes!$B$6:$B$21,C41)>0,F41<>"",COUNTIF(Envelopes!$B$6:$B$21,F41)>0),1,0) | K41: =IF(I41=1,H41*10000+ROW(),"")
B42: 46025 | C42: Eating out | D42: 6.53 | E42: Pizza night | G42: =IF(AND(C42="",D42=""),"",IF(NOT(ISNUMBER(B42)),"Needs a date",IF(NOT(ISNUMBER(D42)),"Needs the amount",IF(C42="","Needs an envelope",IF(COUNTIF(Envelopes!$B$6:$B$21,C42)=0,"Not on Envelopes",IF(F42="",IF(D42=0,"Needs the amount",""),IF(COUNTIF(Envelopes!$B$6:$B$21,F42)=0,"Moved to: not on Envelopes",IF(D42<=0,"A move needs an amount",IF(F42=C42,"Moved to the same envelope",""))))))))) | H42: =IF(ISNUMBER(B42),INT(B42),0) | I42: =IF(AND(H42>0,ISNUMBER(D42),COUNTIF(Envelopes!$B$6:$B$21,C42)>0,F42=""),1,0) | J42: =IF(AND(H42>0,ISNUMBER(D42),COUNTIF(Envelopes!$B$6:$B$21,C42)>0,F42<>"",COUNTIF(Envelopes!$B$6:$B$21,F42)>0),1,0) | K42: =IF(I42=1,H42*10000+ROW(),"")
B43: 46025 | C43: Household | D43: 31.37 | E43: Light bulbs | G43: =IF(AND(C43="",D43=""),"",IF(NOT(ISNUMBER(B43)),"Needs a date",IF(NOT(ISNUMBER(D43)),"Needs the amount",IF(C43="","Needs an envelope",IF(COUNTIF(Envelopes!$B$6:$B$21,C43)=0,"Not on Envelopes",IF(F43="",IF(D43=0,"Needs the amount",""),IF(COUNTIF(Envelopes!$B$6:$B$21,F43)=0,"Moved to: not on Envelopes",IF(D43<=0,"A move needs an amount",IF(F43=C43,"Moved to the same envelope",""))))))))) | H43: =IF(ISNUMBER(B43),INT(B43),0) | I43: =IF(AND(H43>0,ISNUMBER(D43),COUNTIF(Envelopes!$B$6:$B$21,C43)>0,F43=""),1,0) | J43: =IF(AND(H43>0,ISNUMBER(D43),COUNTIF(Envelopes!$B$6:$B$21,C43)>0,F43<>"",COUNTIF(Envelopes!$B$6:$B$21,F43)>0),1,0) | K43: =IF(I43=1,H43*10000+ROW(),"")
B44: 46028 | C44: Groceries | D44: 50.69 | E44: Farmers market | G44: =IF(AND(C44="",D44=""),"",IF(NOT(ISNUMBER(B44)),"Needs a date",IF(NOT(ISNUMBER(D44)),"Needs the amount",IF(C44="","Needs an envelope",IF(COUNTIF(Envelopes!$B$6:$B$21,C44)=0,"Not on Envelopes",IF(F44="",IF(D44=0,"Needs the amount",""),IF(COUNTIF(Envelopes!$B$6:$B$21,F44)=0,"Moved to: not on Envelopes",IF(D44<=0,"A move needs an amount",IF(F44=C44,"Moved to the same envelope",""))))))))) | H44: =IF(ISNUMBER(B44),INT(B44),0) | I44: =IF(AND(H44>0,ISNUMBER(D44),COUNTIF(Envelopes!$B$6:$B$21,C44)>0,F44=""),1,0) | J44: =IF(AND(H44>0,ISNUMBER(D44),COUNTIF(Envelopes!$B$6:$B$21,C44)>0,F44<>"",COUNTIF(Envelopes!$B$6:$B$21,F44)>0),1,0) | K44: =IF(I44=1,H44*10000+ROW(),"")
B45: 46030 | C45: Gas | D45: 30.38 | E45: Gas station | G45: =IF(AND(C45="",D45=""),"",IF(NOT(ISNUMBER(B45)),"Needs a date",IF(NOT(ISNUMBER(D45)),"Needs the amount",IF(C45="","Needs an envelope",IF(COUNTIF(Envelopes!$B$6:$B$21,C45)=0,"Not on Envelopes",IF(F45="",IF(D45=0,"Needs the amount",""),IF(COUNTIF(Envelopes!$B$6:$B$21,F45)=0,"Moved to: not on Envelopes",IF(D45<=0,"A move needs an amount",IF(F45=C45,"Moved to the same envelope",""))))))))) | H45: =IF(ISNUMBER(B45),INT(B45),0) | I45: =IF(AND(H45>0,ISNUMBER(D45),COUNTIF(Envelopes!$B$6:$B$21,C45)>0,F45=""),1,0) | J45: =IF(AND(H45>0,ISNUMBER(D45),COUNTIF(Envelopes!$B$6:$B$21,C45)>0,F45<>"",COUNTIF(Envelopes!$B$6:$B$21,F45)>0),1,0) | K45: =IF(I45=1,H45*10000+ROW(),"")
B46: 46030 | C46: Kids | D46: 36.64 | E46: School trip | G46: =IF(AND(C46="",D46=""),"",IF(NOT(ISNUMBER(B46)),"Needs a date",IF(NOT(ISNUMBER(D46)),"Needs the amount",IF(C46="","Needs an envelope",IF(COUNTIF(Envelopes!$B$6:$B$21,C46)=0,"Not on Envelopes",IF(F46="",IF(D46=0,"Needs the amount",""),IF(COUNTIF(Envelopes!$B$6:$B$21,F46)=0,"Moved to: not on Envelopes",IF(D46<=0,"A move needs an amount",IF(F46=C46,"Moved to the same envelope",""))))))))) | H46: =IF(ISNUMBER(B46),INT(B46),0) | I46: =IF(AND(H46>0,ISNUMBER(D46),COUNTIF(Envelopes!$B$6:$B$21,C46)>0,F46=""),1,0) | J46: =IF(AND(H46>0,ISNUMBER(D46),COUNTIF(Envelopes!$B$6:$B$21,C46)>0,F46<>"",COUNTIF(Envelopes!$B$6:$B$21,F46)>0),1,0) | K46: =IF(I46=1,H46*10000+ROW(),"")
... B58: 46044 | C58: Gas | D58: 18.33 | E58: Gas station | G58: =IF(AND(C58="",D58=""),"",IF(NOT(ISNUMBER(B58)),"Needs a date",IF(NOT(ISNUMBER(D58)),"Needs the amount",IF(C58="","Needs an envelope",IF(COUNTIF(Envelopes!$B$6:$B$21,C58)=0,"Not on Envelopes",IF(F58="",IF(D58=0,"Needs the amount",""),IF(COUNTIF(Envelopes!$B$6:$B$21,F58)=0,"Moved to: not on Envelopes",IF(D58<=0,"A move needs an amount",IF(F58=C58,"Moved to the same envelope",""))))))))) | H58: =IF(ISNUMBER(B58),INT(B58),0) | I58: =IF(AND(H58>0,ISNUMBER(D58),COUNTIF(Envelopes!$B$6:$B$21,C58)>0,F58=""),1,0) | J58: =IF(AND(H58>0,ISNUMBER(D58),COUNTIF(Envelopes!$B$6:$B$21,C58)>0,F58<>"",COUNTIF(Envelopes!$B$6:$B$21,F58)>0),1,0) | K58: =IF(I58=1,H58*10000+ROW(),"")
B59: 46044 | C59: Eating out | D59: 12.42 | E59: Leftover to savings | F59: Emergency fund | G59: =IF(AND(C59="",D59=""),"",IF(NOT(ISNUMBER(B59)),"Needs a date",IF(NOT(ISNUMBER(D59)),"Needs the amount",IF(C59="","Needs an envelope",IF(COUNTIF(Envelopes!$B$6:$B$21,C59)=0,"Not on Envelopes",IF(F59="",IF(D59=0,"Needs the amount",""),IF(COUNTIF(Envelopes!$B$6:$B$21,F59)=0,"Moved to: not on Envelopes",IF(D59<=0,"A move needs an amount",IF(F59=C59,"Moved to the same envelope",""))))))))) | H59: =IF(ISNUMBER(B59),INT(B59),0) | I59: =IF(AND(H59>0,ISNUMBER(D59),COUNTIF(Envelopes!$B$6:$B$21,C59)>0,F59=""),1,0) | J59: =IF(AND(H59>0,ISNUMBER(D59),COUNTIF(Envelopes!$B$6:$B$21,C59)>0,F59<>"",COUNTIF(Envelopes!$B$6:$B$21,F59)>0),1,0) | K59: =IF(I59=1,H59*10000+ROW(),"")
B60: 46044 | C60: Fun money | D60: 7.49 | E60: Leftover to savings | F60: Emergency fund | G60: =IF(AND(C60="",D60=""),"",IF(NOT(ISNUMBER(B60)),"Needs a date",IF(NOT(ISNUMBER(D60)),"Needs the amount",IF(C60="","Needs an envelope",IF(COUNTIF(Envelopes!$B$6:$B$21,C60)=0,"Not on Envelopes",IF(F60="",IF(D60=0,"Needs the amount",""),IF(COUNTIF(Envelopes!$B$6:$B$21,F60)=0,"Moved to: not on Envelopes",IF(D60<=0,"A move needs an amount",IF(F60=C60,"Moved to the same envelope",""))))))))) | H60: =IF(ISNUMBER(B60),INT(B60),0) | I60: =IF(AND(H60>0,ISNUMBER(D60),COUNTIF(Envelopes!$B$6:$B$21,C60)>0,F60=""),1,0) | J60: =IF(AND(H60>0,ISNUMBER(D60),COUNTIF(Envelopes!$B$6:$B$21,C60)>0,F60<>"",COUNTIF(Envelopes!$B$6:$B$21,F60)>0),1,0) | K60: =IF(I60=1,H60*10000+ROW(),"")
B61: 46048 | C61: Groceries | D61: 48.57 | E61: Farmers market | G61: =IF(AND(C61="",D61=""),"",IF(NOT(ISNUMBER(B61)),"Needs a date",IF(NOT(ISNUMBER(D61)),"Needs the amount",IF(C61="","Needs an envelope",IF(COUNTIF(Envelopes!$B$6:$B$21,C61)=0,"Not on Envelopes",IF(F61="",IF(D61=0,"Needs the amount",""),IF(COUNTIF(Envelopes!$B$6:$B$21,F61)=0,"Moved to: not on Envelopes",IF(D61<=0,"A move needs an amount",IF(F61=C61,"Moved to the same envelope",""))))))))) | H61: =IF(ISNUMBER(B61),INT(B61),0) | I61: =IF(AND(H61>0,ISNUMBER(D61),COUNTIF(Envelopes!$B$6:$B$21,C61)>0,F61=""),1,0) | J61: =IF(AND(H61>0,ISNUMBER(D61),COUNTIF(Envelopes!$B$6:$B$21,C61)>0,F61<>"",COUNTIF(Envelopes!$B$6:$B$21,F61)>0),1,0) | K61: =IF(I61=1,H61*10000+ROW(),"")
B62: 46048 | C62: Gas | D62: 35.27 | E62: Gas station | G62: =IF(AND(C62="",D62=""),"",IF(NOT(ISNUMBER(B62)),"Needs a date",IF(NOT(ISNUMBER(D62)),"Needs the amount",IF(C62="","Needs an envelope",IF(COUNTIF(Envelopes!$B$6:$B$21,C62)=0,"Not on Envelopes",IF(F62="",IF(D62=0,"Needs the amount",""),IF(COUNTIF(Envelopes!$B$6:$B$21,F62)=0,"Moved to: not on Envelopes",IF(D62<=0,"A move needs an amount",IF(F62=C62,"Moved to the same envelope",""))))))))) | H62: =IF(ISNUMBER(B62),INT(B62),0) | I62: =IF(AND(H62>0,ISNUMBER(D62),COUNTIF(Envelopes!$B$6:$B$21,C62)>0,F62=""),1,0) | J62: =IF(AND(H62>0,ISNUMBER(D62),COUNTIF(Envelopes!$B$6:$B$21,C62)>0,F62<>"",COUNTIF(Envelopes!$B$6:$B$21,F62)>0),1,0) | K62: =IF(I62=1,H62*10000+ROW(),"")
B63: 46049 | C63: Eating out | D63: 7.52 | E63: Lunch out | G63: =IF(AND(C63="",D63=""),"",IF(NOT(ISNUMBER(B63)),"Needs a date",IF(NOT(ISNUMBER(D63)),"Needs the amount",IF(C63="","Needs an envelope",IF(COUNTIF(Envelopes!$B$6:$B$21,C63)=0,"Not on Envelopes",IF(F63="",IF(D63=0,"Needs the amount",""),IF(COUNTIF(Envelopes!$B$6:$B$21,F63)=0,"Moved to: not on Envelopes",IF(D63<=0,"A move needs an amount",IF(F63=C63,"Moved to the same envelope",""))))))))) | H63: =IF(ISNUMBER(B63),INT(B63),0) | I63: =IF(AND(H63>0,ISNUMBER(D63),COUNTIF(Envelopes!$B$6:$B$21,C63)>0,F63=""),1,0) | J63: =IF(AND(H63>0,ISNUMBER(D63),COUNTIF(Envelopes!$B$6:$B$21,C63)>0,F63<>"",COUNTIF(Envelopes!$B$6:$B$21,F63)>0),1,0) | K63: =IF(I63=1,H63*10000+ROW(),"")
B64: 46049 | C64: Personal care | D64: 28.21 | E64: Shampoo | G64: =IF(AND(C64="",D64=""),"",IF(NOT(ISNUMBER(B64)),"Needs a date",IF(NOT(ISNUMBER(D64)),"Needs the amount",IF(C64="","Needs an envelope",IF(COUNTIF(Envelopes!$B$6:$B$21,C64)=0,"Not on Envelopes",IF(F64="",IF(D64=0,"Needs the amount",""),IF(COUNTIF(Envelopes!$B$6:$B$21,F64)=0,"Moved to: not on Envelopes",IF(D64<=0,"A move needs an amount",IF(F64=C64,"Moved to the same envelope",""))))))))) | H64: =IF(ISNUMBER(B64),INT(B64),0) | I64: =IF(AND(H64>0,ISNUMBER(D64),COUNTIF(Envelopes!$B$6:$B$21,C64)>0,F64=""),1,0) | J64: =IF(AND(H64>0,ISNUMBER(D64),COUNTIF(Envelopes!$B$6:$B$21,C64)>0,F64<>"",COUNTIF(Envelopes!$B$6:$B$21,F64)>0),1,0) | K64: =IF(I64=1,H64*10000+ROW(),"")
B65: 46050 | C65: Groceries | D65: 43.06 | E65: Corner shop | G65: =IF(AND(C65="",D65=""),"",IF(NOT(ISNUMBER(B65)),"Needs a date",IF(NOT(ISNUMBER(D65)),"Needs the amount",IF(C65="","Needs an envelope",IF(COUNTIF(Envelopes!$B$6:$B$21,C65)=0,"Not on Envelopes",IF(F65="",IF(D65=0,"Needs the amount",""),IF(COUNTIF(Envelopes!$B$6:$B$21,F65)=0,"Moved to: not on Envelopes",IF(D65<=0,"A move needs an amount",IF(F65=C65,"Moved to the same envelope",""))))))))) | H65: =IF(ISNUMBER(B65),INT(B65),0) | I65: =IF(AND(H65>0,ISNUMBER(D65),COUNTIF(Envelopes!$B$6:$B$21,C65)>0,F65=""),1,0) | J65: =IF(AND(H65>0,ISNUMBER(D65),COUNTIF(Envelopes!$B$6:$B$21,C65)>0,F65<>"",COUNTIF(Envelopes!$B$6:$B$21,F65)>0),1,0) | K65: =IF(I65=1,H65*10000+ROW(),"")
B66: 46052 | C66: Eating out | D66: 27.84 | E66: Pizza night | G66: =IF(AND(C66="",D66=""),"",IF(NOT(ISNUMBER(B66)),"Needs a date",IF(NOT(ISNUMBER(D66)),"Needs the amount",IF(C66="","Needs an envelope",IF(COUNTIF(Envelopes!$B$6:$B$21,C66)=0,"Not on Envelopes",IF(F66="",IF(D66=0,"Needs the amount",""),IF(COUNTIF(Envelopes!$B$6:$B$21,F66)=0,"Moved to: not on Envelopes",IF(D66<=0,"A move needs an amount",IF(F66=C66,"Moved to the same envelope",""))))))))) | H66: =IF(ISNUMBER(B66),INT(B66),0) | I66: =IF(AND(H66>0,ISNUMBER(D66),COUNTIF(Envelopes!$B$6:$B$21,C66)>0,F66=""),1,0) | J66: =IF(AND(H66>0,ISNUMBER(D66),COUNTIF(Envelopes!$B$6:$B$21,C66)>0,F66<>"",COUNTIF(Envelopes!$B$6:$B$21,F66)>0),1,0) | K66: =IF(I66=1,H66*10000+ROW(),"")
B67: 46053 | C67: Gas | D67: 24.52 | E67: Gas station | G67: =IF(AND(C67="",D67=""),"",IF(NOT(ISNUMBER(B67)),"Needs a date",IF(NOT(ISNUMBER(D67)),"Needs the amount",IF(C67="","Needs an envelope",IF(COUNTIF(Envelopes!$B$6:$B$21,C67)=0,"Not on Envelopes",IF(F67="",IF(D67=0,"Needs the amount",""),IF(COUNTIF(Envelopes!$B$6:$B$21,F67)=0,"Moved to: not on Envelopes",IF(D67<=0,"A move needs an amount",IF(F67=C67,"Moved to the same envelope",""))))))))) | H67: =IF(ISNUMBER(B67),INT(B67),0) | I67: =IF(AND(H67>0,ISNUMBER(D67),COUNTIF(Envelopes!$B$6:$B$21,C67)>0,F67=""),1,0) | J67: =IF(AND(H67>0,ISNUMBER(D67),COUNTIF(Envelopes!$B$6:$B$21,C67)>0,F67<>"",COUNTIF(Envelopes!$B$6:$B$21,F67)>0),1,0) | K67: =IF(I67=1,H67*10000+ROW(),"")
B68: 46053 | C68: Household | D68: 28.9 | E68: Hardware store | G68: =IF(AND(C68="",D68=""),"",IF(NOT(ISNUMBER(B68)),"Needs a date",IF(NOT(ISNUMBER(D68)),"Needs the amount",IF(C68="","Needs an envelope",IF(COUNTIF(Envelopes!$B$6:$B$21,C68)=0,"Not on Envelopes",IF(F68="",IF(D68=0,"Needs the amount",""),IF(COUNTIF(Envelopes!$B$6:$B$21,F68)=0,"Moved to: not on Envelopes",IF(D68<=0,"A move needs an amount",IF(F68=C68,"Moved to the same envelope",""))))))))) | H68: =IF(ISNUMBER(B68),INT(B68),0) | I68: =IF(AND(H68>0,ISNUMBER(D68),COUNTIF(Envelopes!$B$6:$B$21,C68)>0,F68=""),1,0) | J68: =IF(AND(H68>0,ISNUMBER(D68),COUNTIF(Envelopes!$B$6:$B$21,C68)>0,F68<>"",COUNTIF(Envelopes!$B$6:$B$21,F68)>0),1,0) | K68: =IF(I68=1,H68*10000+ROW(),"")
B69: 46053 | C69: Kids | D69: 35.06 | E69: Swimming | G69: =IF(AND(C69="",D69=""),"",IF(NOT(ISNUMBER(B69)),"Needs a date",IF(NOT(ISNUMBER(D69)),"Needs the amount",IF(C69="","Needs an envelope",IF(COUNTIF(Envelopes!$B$6:$B$21,C69)=0,"Not on Envelopes",IF(F69="",IF(D69=0,"Needs the amount",""),IF(COUNTIF(Envelopes!$B$6:$B$21,F69)=0,"Moved to: not on Envelopes",IF(D69<=0,"A move needs an amount",IF(F69=C69,"Moved to the same envelope",""))))))))) | H69: =IF(ISNUMBER(B69),INT(B69),0) | I69: =IF(AND(H69>0,ISNUMBER(D69),COUNTIF(Envelopes!$B$6:$B$21,C69)>0,F69=""),1,0) | J69: =IF(AND(H69>0,ISNUMBER(D69),COUNTIF(Envelopes!$B$6:$B$21,C69)>0,F69<>"",COUNTIF(Envelopes!$B$6:$B$21,F69)>0),1,0) | K69: =IF(I69=1,H69*10000+ROW(),"")
B70: 46055 | C70: Groceries | D70: 47.11 | E70: Farmers market | G70: =IF(AND(C70="",D70=""),"",IF(NOT(ISNUMBER(B70)),"Needs a date",IF(NOT(ISNUMBER(D70)),"Needs the amount",IF(C70="","Needs an envelope",IF(COUNTIF(Envelopes!$B$6:$B$21,C70)=0,"Not on Envelopes",IF(F70="",IF(D70=0,"Needs the amount",""),IF(COUNTIF(Envelopes!$B$6:$B$21,F70)=0,"Moved to: not on Envelopes",IF(D70<=0,"A move needs an amount",IF(F70=C70,"Moved to the same envelope",""))))))))) | H70: =IF(ISNUMBER(B70),INT(B70),0) | I70: =IF(AND(H70>0,ISNUMBER(D70),COUNTIF(Envelopes!$B$6:$B$21,C70)>0,F70=""),1,0) | J70: =IF(AND(H70>0,ISNUMBER(D70),COUNTIF(Envelopes!$B$6:$B$21,C70)>0,F70<>"",COUNTIF(Envelopes!$B$6:$B$21,F70)>0),1,0) | K70: =IF(I70=1,H70*10000+ROW(),"")
B71: 46057 | C71: Fun money | D71: 25.28 | E71: Bowling | G71: =IF(AND(C71="",D71=""),"",IF(NOT(ISNUMBER(B71)),"Needs a date",IF(NOT(ISNUMBER(D71)),"Needs the amount",IF(C71="","Needs an envelope",IF(COUNTIF(Envelopes!$B$6:$B$21,C71)=0,"Not on Envelopes",IF(F71="",IF(D71=0,"Needs the amount",""),IF(COUNTIF(Envelopes!$B$6:$B$21,F71)=0,"Moved to: not on Envelopes",IF(D71<=0,"A move needs an amount",IF(F71=C71,"Moved to the same envelope",""))))))))) | H71: =IF(ISNUMBER(B71),INT(B71),0) | I71: =IF(AND(H71>0,ISNUMBER(D71),COUNTIF(Envelopes!$B$6:$B$21,C71)>0,F71=""),1,0) | J71: =IF(AND(H71>0,ISNUMBER(D71),COUNTIF(Envelopes!$B$6:$B$21,C71)>0,F71<>"",COUNTIF(Envelopes!$B$6:$B$21,F71)>0),1,0) | K71: =IF(I71=1,H71*10000+ROW(),"")
B72: 46058 | C72: Groceries | D72: 37.6 | E72: Corner shop | G72: =IF(AND(C72="",D72=""),"",IF(NOT(ISNUMBER(B72)),"Needs a date",IF(NOT(ISNUMBER(D72)),"Needs the amount",IF(C72="","Needs an envelope",IF(COUNTIF(Envelopes!$B$6:$B$21,C72)=0,"Not on Envelopes",IF(F72="",IF(D72=0,"Needs the amount",""),IF(COUNTIF(Envelopes!$B$6:$B$21,F72)=0,"Moved to: not on Envelopes",IF(D72<=0,"A move needs an amount",IF(F72=C72,"Moved to the same envelope",""))))))))) | H72: =IF(ISNUMBER(B72),INT(B72),0) | I72: =IF(AND(H72>0,ISNUMBER(D72),COUNTIF(Envelopes!$B$6:$B$21,C72)>0,F72=""),1,0) | J72: =IF(AND(H72>0,ISNUMBER(D72),COUNTIF(Envelopes!$B$6:$B$21,C72)>0,F72<>"",COUNTIF(Envelopes!$B$6:$B$21,F72)>0),1,0) | K72: =IF(I72=1,H72*10000+ROW(),"")
... B84: 46072 | C84: Household | D84: 27.82 | E84: Cleaning things | G84: =IF(AND(C84="",D84=""),"",IF(NOT(ISNUMBER(B84)),"Needs a date",IF(NOT(ISNUMBER(D84)),"Needs the amount",IF(C84="","Needs an envelope",IF(COUNTIF(Envelopes!$B$6:$B$21,C84)=0,"Not on Envelopes",IF(F84="",IF(D84=0,"Needs the amount",""),IF(COUNTIF(Envelopes!$B$6:$B$21,F84)=0,"Moved to: not on Envelopes",IF(D84<=0,"A move needs an amount",IF(F84=C84,"Moved to the same envelope",""))))))))) | H84: =IF(ISNUMBER(B84),INT(B84),0) | I84: =IF(AND(H84>0,ISNUMBER(D84),COUNTIF(Envelopes!$B$6:$B$21,C84)>0,F84=""),1,0) | J84: =IF(AND(H84>0,ISNUMBER(D84),COUNTIF(Envelopes!$B$6:$B$21,C84)>0,F84<>"",COUNTIF(Envelopes!$B$6:$B$21,F84)>0),1,0) | K84: =IF(I84=1,H84*10000+ROW(),"")
B85: 46072 | C85: Eating out | D85: 9.36 | E85: Leftover to savings | F85: Emergency fund | G85: =IF(AND(C85="",D85=""),"",IF(NOT(ISNUMBER(B85)),"Needs a date",IF(NOT(ISNUMBER(D85)),"Needs the amount",IF(C85="","Needs an envelope",IF(COUNTIF(Envelopes!$B$6:$B$21,C85)=0,"Not on Envelopes",IF(F85="",IF(D85=0,"Needs the amount",""),IF(COUNTIF(Envelopes!$B$6:$B$21,F85)=0,"Moved to: not on Envelopes",IF(D85<=0,"A move needs an amount",IF(F85=C85,"Moved to the same envelope",""))))))))) | H85: =IF(ISNUMBER(B85),INT(B85),0) | I85: =IF(AND(H85>0,ISNUMBER(D85),COUNTIF(Envelopes!$B$6:$B$21,C85)>0,F85=""),1,0) | J85: =IF(AND(H85>0,ISNUMBER(D85),COUNTIF(Envelopes!$B$6:$B$21,C85)>0,F85<>"",COUNTIF(Envelopes!$B$6:$B$21,F85)>0),1,0) | K85: =IF(I85=1,H85*10000+ROW(),"")
B86: 46072 | C86: Fun money | D86: 6.32 | E86: Leftover to savings | F86: Emergency fund | G86: =IF(AND(C86="",D86=""),"",IF(NOT(ISNUMBER(B86)),"Needs a date",IF(NOT(ISNUMBER(D86)),"Needs the amount",IF(C86="","Needs an envelope",IF(COUNTIF(Envelopes!$B$6:$B$21,C86)=0,"Not on Envelopes",IF(F86="",IF(D86=0,"Needs the amount",""),IF(COUNTIF(Envelopes!$B$6:$B$21,F86)=0,"Moved to: not on Envelopes",IF(D86<=0,"A move needs an amount",IF(F86=C86,"Moved to the same envelope",""))))))))) | H86: =IF(ISNUMBER(B86),INT(B86),0) | I86: =IF(AND(H86>0,ISNUMBER(D86),COUNTIF(Envelopes!$B$6:$B$21,C86)>0,F86=""),1,0) | J86: =IF(AND(H86>0,ISNUMBER(D86),COUNTIF(Envelopes!$B$6:$B$21,C86)>0,F86<>"",COUNTIF(Envelopes!$B$6:$B$21,F86)>0),1,0) | K86: =IF(I86=1,H86*10000+ROW(),"")
B87: 46075 | C87: Groceries | D87: 32.85 | E87: Corner shop | G87: =IF(AND(C87="",D87=""),"",IF(NOT(ISNUMBER(B87)),"Needs a date",IF(NOT(ISNUMBER(D87)),"Needs the amount",IF(C87="","Needs an envelope",IF(COUNTIF(Envelopes!$B$6:$B$21,C87)=0,"Not on Envelopes",IF(F87="",IF(D87=0,"Needs the amount",""),IF(COUNTIF(Envelopes!$B$6:$B$21,F87)=0,"Moved to: not on Envelopes",IF(D87<=0,"A move needs an amount",IF(F87=C87,"Moved to the same envelope",""))))))))) | H87: =IF(ISNUMBER(B87),INT(B87),0) | I87: =IF(AND(H87>0,ISNUMBER(D87),COUNTIF(Envelopes!$B$6:$B$21,C87)>0,F87=""),1,0) | J87: =IF(AND(H87>0,ISNUMBER(D87),COUNTIF(Envelopes!$B$6:$B$21,C87)>0,F87<>"",COUNTIF(Envelopes!$B$6:$B$21,F87)>0),1,0) | K87: =IF(I87=1,H87*10000+ROW(),"")
B88: 46075 | C88: Eating out | D88: 22.04 | E88: Pizza night | G88: =IF(AND(C88="",D88=""),"",IF(NOT(ISNUMBER(B88)),"Needs a date",IF(NOT(ISNUMBER(D88)),"Needs the amount",IF(C88="","Needs an envelope",IF(COUNTIF(Envelopes!$B$6:$B$21,C88)=0,"Not on Envelopes",IF(F88="",IF(D88=0,"Needs the amount",""),IF(COUNTIF(Envelopes!$B$6:$B$21,F88)=0,"Moved to: not on Envelopes",IF(D88<=0,"A move needs an amount",IF(F88=C88,"Moved to the same envelope",""))))))))) | H88: =IF(ISNUMBER(B88),INT(B88),0) | I88: =IF(AND(H88>0,ISNUMBER(D88),COUNTIF(Envelopes!$B$6:$B$21,C88)>0,F88=""),1,0) | J88: =IF(AND(H88>0,ISNUMBER(D88),COUNTIF(Envelopes!$B$6:$B$21,C88)>0,F88<>"",COUNTIF(Envelopes!$B$6:$B$21,F88)>0),1,0) | K88: =IF(I88=1,H88*10000+ROW(),"")
B89: 46078 | C89: Groceries | D89: 15.91 | E89: Corner shop | G89: =IF(AND(C89="",D89=""),"",IF(NOT(ISNUMBER(B89)),"Needs a date",IF(NOT(ISNUMBER(D89)),"Needs the amount",IF(C89="","Needs an envelope",IF(COUNTIF(Envelopes!$B$6:$B$21,C89)=0,"Not on Envelopes",IF(F89="",IF(D89=0,"Needs the amount",""),IF(COUNTIF(Envelopes!$B$6:$B$21,F89)=0,"Moved to: not on Envelopes",IF(D89<=0,"A move needs an amount",IF(F89=C89,"Moved to the same envelope",""))))))))) | H89: =IF(ISNUMBER(B89),INT(B89),0) | I89: =IF(AND(H89>0,ISNUMBER(D89),COUNTIF(Envelopes!$B$6:$B$21,C89)>0,F89=""),1,0) | J89: =IF(AND(H89>0,ISNUMBER(D89),COUNTIF(Envelopes!$B$6:$B$21,C89)>0,F89<>"",COUNTIF(Envelopes!$B$6:$B$21,F89)>0),1,0) | K89: =IF(I89=1,H89*10000+ROW(),"")
B90: 46078 | C90: Gas | D90: 29.07 | E90: Gas station | G90: =IF(AND(C90="",D90=""),"",IF(NOT(ISNUMBER(B90)),"Needs a date",IF(NOT(ISNUMBER(D90)),"Needs the amount",IF(C90="","Needs an envelope",IF(COUNTIF(Envelopes!$B$6:$B$21,C90)=0,"Not on Envelopes",IF(F90="",IF(D90=0,"Needs the amount",""),IF(COUNTIF(Envelopes!$B$6:$B$21,F90)=0,"Moved to: not on Envelopes",IF(D90<=0,"A move needs an amount",IF(F90=C90,"Moved to the same envelope",""))))))))) | H90: =IF(ISNUMBER(B90),INT(B90),0) | I90: =IF(AND(H90>0,ISNUMBER(D90),COUNTIF(Envelopes!$B$6:$B$21,C90)>0,F90=""),1,0) | J90: =IF(AND(H90>0,ISNUMBER(D90),COUNTIF(Envelopes!$B$6:$B$21,C90)>0,F90<>"",COUNTIF(Envelopes!$B$6:$B$21,F90)>0),1,0) | K90: =IF(I90=1,H90*10000+ROW(),"")
B91: 46080 | C91: Gas | D91: 26.27 | E91: Gas station | G91: =IF(AND(C91="",D91=""),"",IF(NOT(ISNUMBER(B91)),"Needs a date",IF(NOT(ISNUMBER(D91)),"Needs the amount",IF(C91="","Needs an envelope",IF(COUNTIF(Envelopes!$B$6:$B$21,C91)=0,"Not on Envelopes",IF(F91="",IF(D91=0,"Needs the amount",""),IF(COUNTIF(Envelopes!$B$6:$B$21,F91)=0,"Moved to: not on Envelopes",IF(D91<=0,"A move needs an amount",IF(F91=C91,"Moved to the same envelope",""))))))))) | H91: =IF(ISNUMBER(B91),INT(B91),0) | I91: =IF(AND(H91>0,ISNUMBER(D91),COUNTIF(Envelopes!$B$6:$B$21,C91)>0,F91=""),1,0) | J91: =IF(AND(H91>0,ISNUMBER(D91),COUNTIF(Envelopes!$B$6:$B$21,C91)>0,F91<>"",COUNTIF(Envelopes!$B$6:$B$21,F91)>0),1,0) | K91: =IF(I91=1,H91*10000+ROW(),"")
B92: 46081 | C92: Groceries | D92: 72.25 | E92: Bakery | G92: =IF(AND(C92="",D92=""),"",IF(NOT(ISNUMBER(B92)),"Needs a date",IF(NOT(ISNUMBER(D92)),"Needs the amount",IF(C92="","Needs an envelope",IF(COUNTIF(Envelopes!$B$6:$B$21,C92)=0,"Not on Envelopes",IF(F92="",IF(D92=0,"Needs the amount",""),IF(COUNTIF(Envelopes!$B$6:$B$21,F92)=0,"Moved to: not on Envelopes",IF(D92<=0,"A move needs an amount",IF(F92=C92,"Moved to the same envelope",""))))))))) | H92: =IF(ISNUMBER(B92),INT(B92),0) | I92: =IF(AND(H92>0,ISNUMBER(D92),COUNTIF(Envelopes!$B$6:$B$21,C92)>0,F92=""),1,0) | J92: =IF(AND(H92>0,ISNUMBER(D92),COUNTIF(Envelopes!$B$6:$B$21,C92)>0,F92<>"",COUNTIF(Envelopes!$B$6:$B$21,F92)>0),1,0) | K92: =IF(I92=1,H92*10000+ROW(),"")
B93: 46081 | C93: Household | D93: 33.25 | E93: Hardware store | G93: =IF(AND(C93="",D93=""),"",IF(NOT(ISNUMBER(B93)),"Needs a date",IF(NOT(ISNUMBER(D93)),"Needs the amount",IF(C93="","Needs an envelope",IF(COUNTIF(Envelopes!$B$6:$B$21,C93)=0,"Not on Envelopes",IF(F93="",IF(D93=0,"Needs the amount",""),IF(COUNTIF(Envelopes!$B$6:$B$21,F93)=0,"Moved to: not on Envelopes",IF(D93<=0,"A move needs an amount",IF(F93=C93,"Moved to the same envelope",""))))))))) | H93: =IF(ISNUMBER(B93),INT(B93),0) | I93: =IF(AND(H93>0,ISNUMBER(D93),COUNTIF(Envelopes!$B$6:$B$21,C93)>0,F93=""),1,0) | J93: =IF(AND(H93>0,ISNUMBER(D93),COUNTIF(Envelopes!$B$6:$B$21,C93)>0,F93<>"",COUNTIF(Envelopes!$B$6:$B$21,F93)>0),1,0) | K93: =IF(I93=1,H93*10000+ROW(),"")
B94: 46082 | C94: Fun money | D94: 22.54 | E94: Book | G94: =IF(AND(C94="",D94=""),"",IF(NOT(ISNUMBER(B94)),"Needs a date",IF(NOT(ISNUMBER(D94)),"Needs the amount",IF(C94="","Needs an envelope",IF(COUNTIF(Envelopes!$B$6:$B$21,C94)=0,"Not on Envelopes",IF(F94="",IF(D94=0,"Needs the amount",""),IF(COUNTIF(Envelopes!$B$6:$B$21,F94)=0,"Moved to: not on Envelopes",IF(D94<=0,"A move needs an amount",IF(F94=C94,"Moved to the same envelope",""))))))))) | H94: =IF(ISNUMBER(B94),INT(B94),0) | I94: =IF(AND(H94>0,ISNUMBER(D94),COUNTIF(Envelopes!$B$6:$B$21,C94)>0,F94=""),1,0) | J94: =IF(AND(H94>0,ISNUMBER(D94),COUNTIF(Envelopes!$B$6:$B$21,C94)>0,F94<>"",COUNTIF(Envelopes!$B$6:$B$21,F94)>0),1,0) | K94: =IF(I94=1,H94*10000+ROW(),"")
B95: 46082 | C95: Kids | D95: 35.44 | E95: Art supplies | G95: =IF(AND(C95="",D95=""),"",IF(NOT(ISNUMBER(B95)),"Needs a date",IF(NOT(ISNUMBER(D95)),"Needs the amount",IF(C95="","Needs an envelope",IF(COUNTIF(Envelopes!$B$6:$B$21,C95)=0,"Not on Envelopes",IF(F95="",IF(D95=0,"Needs the amount",""),IF(COUNTIF(Envelopes!$B$6:$B$21,F95)=0,"Moved to: not on Envelopes",IF(D95<=0,"A move needs an amount",IF(F95=C95,"Moved to the same envelope",""))))))))) | H95: =IF(ISNUMBER(B95),INT(B95),0) | I95: =IF(AND(H95>0,ISNUMBER(D95),COUNTIF(Envelopes!$B$6:$B$21,C95)>0,F95=""),1,0) | J95: =IF(AND(H95>0,ISNUMBER(D95),COUNTIF(Envelopes!$B$6:$B$21,C95)>0,F95<>"",COUNTIF(Envelopes!$B$6:$B$21,F95)>0),1,0) | K95: =IF(I95=1,H95*10000+ROW(),"")
B96: 46084 | C96: Groceries | D96: 42.2 | E96: Supermarket | G96: =IF(AND(C96="",D96=""),"",IF(NOT(ISNUMBER(B96)),"Needs a date",IF(NOT(ISNUMBER(D96)),"Needs the amount",IF(C96="","Needs an envelope",IF(COUNTIF(Envelopes!$B$6:$B$21,C96)=0,"Not on Envelopes",IF(F96="",IF(D96=0,"Needs the amount",""),IF(COUNTIF(Envelopes!$B$6:$B$21,F96)=0,"Moved to: not on Envelopes",IF(D96<=0,"A move needs an amount",IF(F96=C96,"Moved to the same envelope",""))))))))) | H96: =IF(ISNUMBER(B96),INT(B96),0) | I96: =IF(AND(H96>0,ISNUMBER(D96),COUNTIF(Envelopes!$B$6:$B$21,C96)>0,F96=""),1,0) | J96: =IF(AND(H96>0,ISNUMBER(D96),COUNTIF(Envelopes!$B$6:$B$21,C96)>0,F96<>"",COUNTIF(Envelopes!$B$6:$B$21,F96)>0),1,0) | K96: =IF(I96=1,H96*10000+ROW(),"")
B97: 46086 | C97: Eating out | D97: 8.93 | E97: Pizza night | G97: =IF(AND(C97="",D97=""),"",IF(NOT(ISNUMBER(B97)),"Needs a date",IF(NOT(ISNUMBER(D97)),"Needs the amount",IF(C97="","Needs an envelope",IF(COUNTIF(Envelopes!$B$6:$B$21,C97)=0,"Not on Envelopes",IF(F97="",IF(D97=0,"Needs the amount",""),IF(COUNTIF(Envelopes!$B$6:$B$21,F97)=0,"Moved to: not on Envelopes",IF(D97<=0,"A move needs an amount",IF(F97=C97,"Moved to the same envelope",""))))))))) | H97: =IF(ISNUMBER(B97),INT(B97),0) | I97: =IF(AND(H97>0,ISNUMBER(D97),COUNTIF(Envelopes!$B$6:$B$21,C97)>0,F97=""),1,0) | J97: =IF(AND(H97>0,ISNUMBER(D97),COUNTIF(Envelopes!$B$6:$B$21,C97)>0,F97<>"",COUNTIF(Envelopes!$B$6:$B$21,F97)>0),1,0) | K97: =IF(I97=1,H97*10000+ROW(),"")
B98: 46086 | C98: Personal care | D98: 23.68 | E98: Shampoo | G98: =IF(AND(C98="",D98=""),"",IF(NOT(ISNUMBER(B98)),"Needs a date",IF(NOT(ISNUMBER(D98)),"Needs the amount",IF(C98="","Needs an envelope",IF(COUNTIF(Envelopes!$B$6:$B$21,C98)=0,"Not on Envelopes",IF(F98="",IF(D98=0,"Needs the amount",""),IF(COUNTIF(Envelopes!$B$6:$B$21,F98)=0,"Moved to: not on Envelopes",IF(D98<=0,"A move needs an amount",IF(F98=C98,"Moved to the same envelope",""))))))))) | H98: =IF(ISNUMBER(B98),INT(B98),0) | I98: =IF(AND(H98>0,ISNUMBER(D98),COUNTIF(Envelopes!$B$6:$B$21,C98)>0,F98=""),1,0) | J98: =IF(AND(H98>0,ISNUMBER(D98),COUNTIF(Envelopes!$B$6:$B$21,C98)>0,F98<>"",COUNTIF(Envelopes!$B$6:$B$21,F98)>0),1,0) | K98: =IF(I98=1,H98*10000+ROW(),"")
... B111: 46100 | C111: Gas | D111: 43.71 | E111: Gas station | G111: =IF(AND(C111="",D111=""),"",IF(NOT(ISNUMBER(B111)),"Needs a date",IF(NOT(ISNUMBER(D111)),"Needs the amount",IF(C111="","Needs an envelope",IF(COUNTIF(Envelopes!$B$6:$B$21,C111)=0,"Not on Envelopes",IF(F111="",IF(D111=0,"Needs the amount",""),IF(COUNTIF(Envelopes!$B$6:$B$21,F111)=0,"Moved to: not on Envelopes",IF(D111<=0,"A move needs an amount",IF(F111=C111,"Moved to the same envelope",""))))))))) | H111: =IF(ISNUMBER(B111),INT(B111),0) | I111: =IF(AND(H111>0,ISNUMBER(D111),COUNTIF(Envelopes!$B$6:$B$21,C111)>0,F111=""),1,0) | J111: =IF(AND(H111>0,ISNUMBER(D111),COUNTIF(Envelopes!$B$6:$B$21,C111)>0,F111<>"",COUNTIF(Envelopes!$B$6:$B$21,F111)>0),1,0) | K111: =IF(I111=1,H111*10000+ROW(),"")
B112: 46100 | C112: Eating out | D112: 6.85 | E112: Leftover to savings | F112: Emergency fund | G112: =IF(AND(C112="",D112=""),"",IF(NOT(ISNUMBER(B112)),"Needs a date",IF(NOT(ISNUMBER(D112)),"Needs the amount",IF(C112="","Needs an envelope",IF(COUNTIF(Envelopes!$B$6:$B$21,C112)=0,"Not on Envelopes",IF(F112="",IF(D112=0,"Needs the amount",""),IF(COUNTIF(Envelopes!$B$6:$B$21,F112)=0,"Moved to: not on Envelopes",IF(D112<=0,"A move needs an amount",IF(F112=C112,"Moved to the same envelope",""))))))))) | H112: =IF(ISNUMBER(B112),INT(B112),0) | I112: =IF(AND(H112>0,ISNUMBER(D112),COUNTIF(Envelopes!$B$6:$B$21,C112)>0,F112=""),1,0) | J112: =IF(AND(H112>0,ISNUMBER(D112),COUNTIF(Envelopes!$B$6:$B$21,C112)>0,F112<>"",COUNTIF(Envelopes!$B$6:$B$21,F112)>0),1,0) | K112: =IF(I112=1,H112*10000+ROW(),"")
B113: 46100 | C113: Fun money | D113: 8.01 | E113: Leftover to savings | F113: Emergency fund | G113: =IF(AND(C113="",D113=""),"",IF(NOT(ISNUMBER(B113)),"Needs a date",IF(NOT(ISNUMBER(D113)),"Needs the amount",IF(C113="","Needs an envelope",IF(COUNTIF(Envelopes!$B$6:$B$21,C113)=0,"Not on Envelopes",IF(F113="",IF(D113=0,"Needs the amount",""),IF(COUNTIF(Envelopes!$B$6:$B$21,F113)=0,"Moved to: not on Envelopes",IF(D113<=0,"A move needs an amount",IF(F113=C113,"Moved to the same envelope",""))))))))) | H113: =IF(ISNUMBER(B113),INT(B113),0) | I113: =IF(AND(H113>0,ISNUMBER(D113),COUNTIF(Envelopes!$B$6:$B$21,C113)>0,F113=""),1,0) | J113: =IF(AND(H113>0,ISNUMBER(D113),COUNTIF(Envelopes!$B$6:$B$21,C113)>0,F113<>"",COUNTIF(Envelopes!$B$6:$B$21,F113)>0),1,0) | K113: =IF(I113=1,H113*10000+ROW(),"")
B114: 46102 | C114: Fun money | D114: 23.78 | E114: Bowling | G114: =IF(AND(C114="",D114=""),"",IF(NOT(ISNUMBER(B114)),"Needs a date",IF(NOT(ISNUMBER(D114)),"Needs the amount",IF(C114="","Needs an envelope",IF(COUNTIF(Envelopes!$B$6:$B$21,C114)=0,"Not on Envelopes",IF(F114="",IF(D114=0,"Needs the amount",""),IF(COUNTIF(Envelopes!$B$6:$B$21,F114)=0,"Moved to: not on Envelopes",IF(D114<=0,"A move needs an amount",IF(F114=C114,"Moved to the same envelope",""))))))))) | H114: =IF(ISNUMBER(B114),INT(B114),0) | I114: =IF(AND(H114>0,ISNUMBER(D114),COUNTIF(Envelopes!$B$6:$B$21,C114)>0,F114=""),1,0) | J114: =IF(AND(H114>0,ISNUMBER(D114),COUNTIF(Envelopes!$B$6:$B$21,C114)>0,F114<>"",COUNTIF(Envelopes!$B$6:$B$21,F114)>0),1,0) | K114: =IF(I114=1,H114*10000+ROW(),"")
B115: 46104 | C115: Groceries | D115: 71.58 | E115: Supermarket | G115: =IF(AND(C115="",D115=""),"",IF(NOT(ISNUMBER(B115)),"Needs a date",IF(NOT(ISNUMBER(D115)),"Needs the amount",IF(C115="","Needs an envelope",IF(COUNTIF(Envelopes!$B$6:$B$21,C115)=0,"Not on Envelopes",IF(F115="",IF(D115=0,"Needs the amount",""),IF(COUNTIF(Envelopes!$B$6:$B$21,F115)=0,"Moved to: not on Envelopes",IF(D115<=0,"A move needs an amount",IF(F115=C115,"Moved to the same envelope",""))))))))) | H115: =IF(ISNUMBER(B115),INT(B115),0) | I115: =IF(AND(H115>0,ISNUMBER(D115),COUNTIF(Envelopes!$B$6:$B$21,C115)>0,F115=""),1,0) | J115: =IF(AND(H115>0,ISNUMBER(D115),COUNTIF(Envelopes!$B$6:$B$21,C115)>0,F115<>"",COUNTIF(Envelopes!$B$6:$B$21,F115)>0),1,0) | K115: =IF(I115=1,H115*10000+ROW(),"")
B116: 46104 | C116: Household | D116: 29.95 | E116: Cleaning things | G116: =IF(AND(C116="",D116=""),"",IF(NOT(ISNUMBER(B116)),"Needs a date",IF(NOT(ISNUMBER(D116)),"Needs the amount",IF(C116="","Needs an envelope",IF(COUNTIF(Envelopes!$B$6:$B$21,C116)=0,"Not on Envelopes",IF(F116="",IF(D116=0,"Needs the amount",""),IF(COUNTIF(Envelopes!$B$6:$B$21,F116)=0,"Moved to: not on Envelopes",IF(D116<=0,"A move needs an amount",IF(F116=C116,"Moved to the same envelope",""))))))))) | H116: =IF(ISNUMBER(B116),INT(B116),0) | I116: =IF(AND(H116>0,ISNUMBER(D116),COUNTIF(Envelopes!$B$6:$B$21,C116)>0,F116=""),1,0) | J116: =IF(AND(H116>0,ISNUMBER(D116),COUNTIF(Envelopes!$B$6:$B$21,C116)>0,F116<>"",COUNTIF(Envelopes!$B$6:$B$21,F116)>0),1,0) | K116: =IF(I116=1,H116*10000+ROW(),"")
B117: 46105 | C117: Groceries | D117: 26.91 | E117: Corner shop | G117: =IF(AND(C117="",D117=""),"",IF(NOT(ISNUMBER(B117)),"Needs a date",IF(NOT(ISNUMBER(D117)),"Needs the amount",IF(C117="","Needs an envelope",IF(COUNTIF(Envelopes!$B$6:$B$21,C117)=0,"Not on Envelopes",IF(F117="",IF(D117=0,"Needs the amount",""),IF(COUNTIF(Envelopes!$B$6:$B$21,F117)=0,"Moved to: not on Envelopes",IF(D117<=0,"A move needs an amount",IF(F117=C117,"Moved to the same envelope",""))))))))) | H117: =IF(ISNUMBER(B117),INT(B117),0) | I117: =IF(AND(H117>0,ISNUMBER(D117),COUNTIF(Envelopes!$B$6:$B$21,C117)>0,F117=""),1,0) | J117: =IF(AND(H117>0,ISNUMBER(D117),COUNTIF(Envelopes!$B$6:$B$21,C117)>0,F117<>"",COUNTIF(Envelopes!$B$6:$B$21,F117)>0),1,0) | K117: =IF(I117=1,H117*10000+ROW(),"")
B118: 46106 | C118: Gas | D118: 21.01 | E118: Gas station | G118: =IF(AND(C118="",D118=""),"",IF(NOT(ISNUMBER(B118)),"Needs a date",IF(NOT(ISNUMBER(D118)),"Needs the amount",IF(C118="","Needs an envelope",IF(COUNTIF(Envelopes!$B$6:$B$21,C118)=0,"Not on Envelopes",IF(F118="",IF(D118=0,"Needs the amount",""),IF(COUNTIF(Envelopes!$B$6:$B$21,F118)=0,"Moved to: not on Envelopes",IF(D118<=0,"A move needs an amount",IF(F118=C118,"Moved to the same envelope",""))))))))) | H118: =IF(ISNUMBER(B118),INT(B118),0) | I118: =IF(AND(H118>0,ISNUMBER(D118),COUNTIF(Envelopes!$B$6:$B$21,C118)>0,F118=""),1,0) | J118: =IF(AND(H118>0,ISNUMBER(D118),COUNTIF(Envelopes!$B$6:$B$21,C118)>0,F118<>"",COUNTIF(Envelopes!$B$6:$B$21,F118)>0),1,0) | K118: =IF(I118=1,H118*10000+ROW(),"")
B119: 46106 | C119: Kids | D119: 32.93 | E119: Swimming | G119: =IF(AND(C119="",D119=""),"",IF(NOT(ISNUMBER(B119)),"Needs a date",IF(NOT(ISNUMBER(D119)),"Needs the amount",IF(C119="","Needs an envelope",IF(COUNTIF(Envelopes!$B$6:$B$21,C119)=0,"Not on Envelopes",IF(F119="",IF(D119=0,"Needs the amount",""),IF(COUNTIF(Envelopes!$B$6:$B$21,F119)=0,"Moved to: not on Envelopes",IF(D119<=0,"A move needs an amount",IF(F119=C119,"Moved to the same envelope",""))))))))) | H119: =IF(ISNUMBER(B119),INT(B119),0) | I119: =IF(AND(H119>0,ISNUMBER(D119),COUNTIF(Envelopes!$B$6:$B$21,C119)>0,F119=""),1,0) | J119: =IF(AND(H119>0,ISNUMBER(D119),COUNTIF(Envelopes!$B$6:$B$21,C119)>0,F119<>"",COUNTIF(Envelopes!$B$6:$B$21,F119)>0),1,0) | K119: =IF(I119=1,H119*10000+ROW(),"")
B120: 46107 | C120: Eating out | D120: 25.73 | E120: Pizza night | G120: =IF(AND(C120="",D120=""),"",IF(NOT(ISNUMBER(B120)),"Needs a date",IF(NOT(ISNUMBER(D120)),"Needs the amount",IF(C120="","Needs an envelope",IF(COUNTIF(Envelopes!$B$6:$B$21,C120)=0,"Not on Envelopes",IF(F120="",IF(D120=0,"Needs the amount",""),IF(COUNTIF(Envelopes!$B$6:$B$21,F120)=0,"Moved to: not on Envelopes",IF(D120<=0,"A move needs an amount",IF(F120=C120,"Moved to the same envelope",""))))))))) | H120: =IF(ISNUMBER(B120),INT(B120),0) | I120: =IF(AND(H120>0,ISNUMBER(D120),COUNTIF(Envelopes!$B$6:$B$21,C120)>0,F120=""),1,0) | J120: =IF(AND(H120>0,ISNUMBER(D120),COUNTIF(Envelopes!$B$6:$B$21,C120)>0,F120<>"",COUNTIF(Envelopes!$B$6:$B$21,F120)>0),1,0) | K120: =IF(I120=1,H120*10000+ROW(),"")
B121: 46111 | C121: Groceries | D121: 17.46 | E121: Supermarket | G121: =IF(AND(C121="",D121=""),"",IF(NOT(ISNUMBER(B121)),"Needs a date",IF(NOT(ISNUMBER(D121)),"Needs the amount",IF(C121="","Needs an envelope",IF(COUNTIF(Envelopes!$B$6:$B$21,C121)=0,"Not on Envelopes",IF(F121="",IF(D121=0,"Needs the amount",""),IF(COUNTIF(Envelopes!$B$6:$B$21,F121)=0,"Moved to: not on Envelopes",IF(D121<=0,"A move needs an amount",IF(F121=C121,"Moved to the same envelope",""))))))))) | H121: =IF(ISNUMBER(B121),INT(B121),0) | I121: =IF(AND(H121>0,ISNUMBER(D121),COUNTIF(Envelopes!$B$6:$B$21,C121)>0,F121=""),1,0) | J121: =IF(AND(H121>0,ISNUMBER(D121),COUNTIF(Envelopes!$B$6:$B$21,C121)>0,F121<>"",COUNTIF(Envelopes!$B$6:$B$21,F121)>0),1,0) | K121: =IF(I121=1,H121*10000+ROW(),"")
B122: 46111 | C122: Groceries | D122: 83.79 | E122: Farmers market | G122: =IF(AND(C122="",D122=""),"",IF(NOT(ISNUMBER(B122)),"Needs a date",IF(NOT(ISNUMBER(D122)),"Needs the amount",IF(C122="","Needs an envelope",IF(COUNTIF(Envelopes!$B$6:$B$21,C122)=0,"Not on Envelopes",IF(F122="",IF(D122=0,"Needs the amount",""),IF(COUNTIF(Envelopes!$B$6:$B$21,F122)=0,"Moved to: not on Envelopes",IF(D122<=0,"A move needs an amount",IF(F122=C122,"Moved to the same envelope",""))))))))) | H122: =IF(ISNUMBER(B122),INT(B122),0) | I122: =IF(AND(H122>0,ISNUMBER(D122),COUNTIF(Envelopes!$B$6:$B$21,C122)>0,F122=""),1,0) | J122: =IF(AND(H122>0,ISNUMBER(D122),COUNTIF(Envelopes!$B$6:$B$21,C122)>0,F122<>"",COUNTIF(Envelopes!$B$6:$B$21,F122)>0),1,0) | K122: =IF(I122=1,H122*10000+ROW(),"")
B123: 46112 | C123: Gas | D123: 37.81 | E123: Gas station | G123: =IF(AND(C123="",D123=""),"",IF(NOT(ISNUMBER(B123)),"Needs a date",IF(NOT(ISNUMBER(D123)),"Needs the amount",IF(C123="","Needs an envelope",IF(COUNTIF(Envelopes!$B$6:$B$21,C123)=0,"Not on Envelopes",IF(F123="",IF(D123=0,"Needs the amount",""),IF(COUNTIF(Envelopes!$B$6:$B$21,F123)=0,"Moved to: not on Envelopes",IF(D123<=0,"A move needs an amount",IF(F123=C123,"Moved to the same envelope",""))))))))) | H123: =IF(ISNUMBER(B123),INT(B123),0) | I123: =IF(AND(H123>0,ISNUMBER(D123),COUNTIF(Envelopes!$B$6:$B$21,C123)>0,F123=""),1,0) | J123: =IF(AND(H123>0,ISNUMBER(D123),COUNTIF(Envelopes!$B$6:$B$21,C123)>0,F123<>"",COUNTIF(Envelopes!$B$6:$B$21,F123)>0),1,0) | K123: =IF(I123=1,H123*10000+ROW(),"")
B124: 46112 | C124: Personal care | D124: 25.15 | E124: Haircut | G124: =IF(AND(C124="",D124=""),"",IF(NOT(ISNUMBER(B124)),"Needs a date",IF(NOT(ISNUMBER(D124)),"Needs the amount",IF(C124="","Needs an envelope",IF(COUNTIF(Envelopes!$B$6:$B$21,C124)=0,"Not on Envelopes",IF(F124="",IF(D124=0,"Needs the amount",""),IF(COUNTIF(Envelopes!$B$6:$B$21,F124)=0,"Moved to: not on Envelopes",IF(D124<=0,"A move needs an amount",IF(F124=C124,"Moved to the same envelope",""))))))))) | H124: =IF(ISNUMBER(B124),INT(B124),0) | I124: =IF(AND(H124>0,ISNUMBER(D124),COUNTIF(Envelopes!$B$6:$B$21,C124)>0,F124=""),1,0) | J124: =IF(AND(H124>0,ISNUMBER(D124),COUNTIF(Envelopes!$B$6:$B$21,C124)>0,F124<>"",COUNTIF(Envelopes!$B$6:$B$21,F124)>0),1,0) | K124: =IF(I124=1,H124*10000+ROW(),"")
B125: 46113 | C125: Eating out | D125: 9.52 | E125: Lunch out | G125: =IF(AND(C125="",D125=""),"",IF(NOT(ISNUMBER(B125)),"Needs a date",IF(NOT(ISNUMBER(D125)),"Needs the amount",IF(C125="","Needs an envelope",IF(COUNTIF(Envelopes!$B$6:$B$21,C125)=0,"Not on Envelopes",IF(F125="",IF(D125=0,"Needs the amount",""),IF(COUNTIF(Envelopes!$B$6:$B$21,F125)=0,"Moved to: not on Envelopes",IF(D125<=0,"A move needs an amount",IF(F125=C125,"Moved to the same envelope",""))))))))) | H125: =IF(ISNUMBER(B125),INT(B125),0) | I125: =IF(AND(H125>0,ISNUMBER(D125),COUNTIF(Envelopes!$B$6:$B$21,C125)>0,F125=""),1,0) | J125: =IF(AND(H125>0,ISNUMBER(D125),COUNTIF(Envelopes!$B$6:$B$21,C125)>0,F125<>"",COUNTIF(Envelopes!$B$6:$B$21,F125)>0),1,0) | K125: =IF(I125=1,H125*10000+ROW(),"")
... B137: 46128 | C137: Groceries | D137: 38.93 | E137: Corner shop | G137: =IF(AND(C137="",D137=""),"",IF(NOT(ISNUMBER(B137)),"Needs a date",IF(NOT(ISNUMBER(D137)),"Needs the amount",IF(C137="","Needs an envelope",IF(COUNTIF(Envelopes!$B$6:$B$21,C137)=0,"Not on Envelopes",IF(F137="",IF(D137=0,"Needs the amount",""),IF(COUNTIF(Envelopes!$B$6:$B$21,F137)=0,"Moved to: not on Envelopes",IF(D137<=0,"A move needs an amount",IF(F137=C137,"Moved to the same envelope",""))))))))) | H137: =IF(ISNUMBER(B137),INT(B137),0) | I137: =IF(AND(H137>0,ISNUMBER(D137),COUNTIF(Envelopes!$B$6:$B$21,C137)>0,F137=""),1,0) | J137: =IF(AND(H137>0,ISNUMBER(D137),COUNTIF(Envelopes!$B$6:$B$21,C137)>0,F137<>"",COUNTIF(Envelopes!$B$6:$B$21,F137)>0),1,0) | K137: =IF(I137=1,H137*10000+ROW(),"")
B138: 46128 | C138: Eating out | D138: 7.83 | E138: Leftover to savings | F138: Emergency fund | G138: =IF(AND(C138="",D138=""),"",IF(NOT(ISNUMBER(B138)),"Needs a date",IF(NOT(ISNUMBER(D138)),"Needs the amount",IF(C138="","Needs an envelope",IF(COUNTIF(Envelopes!$B$6:$B$21,C138)=0,"Not on Envelopes",IF(F138="",IF(D138=0,"Needs the amount",""),IF(COUNTIF(Envelopes!$B$6:$B$21,F138)=0,"Moved to: not on Envelopes",IF(D138<=0,"A move needs an amount",IF(F138=C138,"Moved to the same envelope",""))))))))) | H138: =IF(ISNUMBER(B138),INT(B138),0) | I138: =IF(AND(H138>0,ISNUMBER(D138),COUNTIF(Envelopes!$B$6:$B$21,C138)>0,F138=""),1,0) | J138: =IF(AND(H138>0,ISNUMBER(D138),COUNTIF(Envelopes!$B$6:$B$21,C138)>0,F138<>"",COUNTIF(Envelopes!$B$6:$B$21,F138)>0),1,0) | K138: =IF(I138=1,H138*10000+ROW(),"")
B139: 46128 | C139: Fun money | D139: 5.62 | E139: Leftover to savings | F139: Emergency fund | G139: =IF(AND(C139="",D139=""),"",IF(NOT(ISNUMBER(B139)),"Needs a date",IF(NOT(ISNUMBER(D139)),"Needs the amount",IF(C139="","Needs an envelope",IF(COUNTIF(Envelopes!$B$6:$B$21,C139)=0,"Not on Envelopes",IF(F139="",IF(D139=0,"Needs the amount",""),IF(COUNTIF(Envelopes!$B$6:$B$21,F139)=0,"Moved to: not on Envelopes",IF(D139<=0,"A move needs an amount",IF(F139=C139,"Moved to the same envelope",""))))))))) | H139: =IF(ISNUMBER(B139),INT(B139),0) | I139: =IF(AND(H139>0,ISNUMBER(D139),COUNTIF(Envelopes!$B$6:$B$21,C139)>0,F139=""),1,0) | J139: =IF(AND(H139>0,ISNUMBER(D139),COUNTIF(Envelopes!$B$6:$B$21,C139)>0,F139<>"",COUNTIF(Envelopes!$B$6:$B$21,F139)>0),1,0) | K139: =IF(I139=1,H139*10000+ROW(),"")
B140: 46131 | C140: Gas | D140: 34.8 | E140: Gas station | G140: =IF(AND(C140="",D140=""),"",IF(NOT(ISNUMBER(B140)),"Needs a date",IF(NOT(ISNUMBER(D140)),"Needs the amount",IF(C140="","Needs an envelope",IF(COUNTIF(Envelopes!$B$6:$B$21,C140)=0,"Not on Envelopes",IF(F140="",IF(D140=0,"Needs the amount",""),IF(COUNTIF(Envelopes!$B$6:$B$21,F140)=0,"Moved to: not on Envelopes",IF(D140<=0,"A move needs an amount",IF(F140=C140,"Moved to the same envelope",""))))))))) | H140: =IF(ISNUMBER(B140),INT(B140),0) | I140: =IF(AND(H140>0,ISNUMBER(D140),COUNTIF(Envelopes!$B$6:$B$21,C140)>0,F140=""),1,0) | J140: =IF(AND(H140>0,ISNUMBER(D140),COUNTIF(Envelopes!$B$6:$B$21,C140)>0,F140<>"",COUNTIF(Envelopes!$B$6:$B$21,F140)>0),1,0) | K140: =IF(I140=1,H140*10000+ROW(),"")
B141: 46131 | C141: Household | D141: 30.15 | E141: Light bulbs | G141: =IF(AND(C141="",D141=""),"",IF(NOT(ISNUMBER(B141)),"Needs a date",IF(NOT(ISNUMBER(D141)),"Needs the amount",IF(C141="","Needs an envelope",IF(COUNTIF(Envelopes!$B$6:$B$21,C141)=0,"Not on Envelopes",IF(F141="",IF(D141=0,"Needs the amount",""),IF(COUNTIF(Envelopes!$B$6:$B$21,F141)=0,"Moved to: not on Envelopes",IF(D141<=0,"A move needs an amount",IF(F141=C141,"Moved to the same envelope",""))))))))) | H141: =IF(ISNUMBER(B141),INT(B141),0) | I141: =IF(AND(H141>0,ISNUMBER(D141),COUNTIF(Envelopes!$B$6:$B$21,C141)>0,F141=""),1,0) | J141: =IF(AND(H141>0,ISNUMBER(D141),COUNTIF(Envelopes!$B$6:$B$21,C141)>0,F141<>"",COUNTIF(Envelopes!$B$6:$B$21,F141)>0),1,0) | K141: =IF(I141=1,H141*10000+ROW(),"")
B142: 46133 | C142: Groceries | D142: 48.71 | E142: Bakery | G142: =IF(AND(C142="",D142=""),"",IF(NOT(ISNUMBER(B142)),"Needs a date",IF(NOT(ISNUMBER(D142)),"Needs the amount",IF(C142="","Needs an envelope",IF(COUNTIF(Envelopes!$B$6:$B$21,C142)=0,"Not on Envelopes",IF(F142="",IF(D142=0,"Needs the amount",""),IF(COUNTIF(Envelopes!$B$6:$B$21,F142)=0,"Moved to: not on Envelopes",IF(D142<=0,"A move needs an amount",IF(F142=C142,"Moved to the same envelope",""))))))))) | H142: =IF(ISNUMBER(B142),INT(B142),0) | I142: =IF(AND(H142>0,ISNUMBER(D142),COUNTIF(Envelopes!$B$6:$B$21,C142)>0,F142=""),1,0) | J142: =IF(AND(H142>0,ISNUMBER(D142),COUNTIF(Envelopes!$B$6:$B$21,C142)>0,F142<>"",COUNTIF(Envelopes!$B$6:$B$21,F142)>0),1,0) | K142: =IF(I142=1,H142*10000+ROW(),"")
B143: 46133 | C143: Groceries | D143: 6.86 | E143: Corner shop | G143: =IF(AND(C143="",D143=""),"",IF(NOT(ISNUMBER(B143)),"Needs a date",IF(NOT(ISNUMBER(D143)),"Needs the amount",IF(C143="","Needs an envelope",IF(COUNTIF(Envelopes!$B$6:$B$21,C143)=0,"Not on Envelopes",IF(F143="",IF(D143=0,"Needs the amount",""),IF(COUNTIF(Envelopes!$B$6:$B$21,F143)=0,"Moved to: not on Envelopes",IF(D143<=0,"A move needs an amount",IF(F143=C143,"Moved to the same envelope",""))))))))) | H143: =IF(ISNUMBER(B143),INT(B143),0) | I143: =IF(AND(H143>0,ISNUMBER(D143),COUNTIF(Envelopes!$B$6:$B$21,C143)>0,F143=""),1,0) | J143: =IF(AND(H143>0,ISNUMBER(D143),COUNTIF(Envelopes!$B$6:$B$21,C143)>0,F143<>"",COUNTIF(Envelopes!$B$6:$B$21,F143)>0),1,0) | K143: =IF(I143=1,H143*10000+ROW(),"")
B144: 46133 | C144: Fun money | D144: 21.6 | E144: Bowling | G144: =IF(AND(C144="",D144=""),"",IF(NOT(ISNUMBER(B144)),"Needs a date",IF(NOT(ISNUMBER(D144)),"Needs the amount",IF(C144="","Needs an envelope",IF(COUNTIF(Envelopes!$B$6:$B$21,C144)=0,"Not on Envelopes",IF(F144="",IF(D144=0,"Needs the amount",""),IF(COUNTIF(Envelopes!$B$6:$B$21,F144)=0,"Moved to: not on Envelopes",IF(D144<=0,"A move needs an amount",IF(F144=C144,"Moved to the same envelope",""))))))))) | H144: =IF(ISNUMBER(B144),INT(B144),0) | I144: =IF(AND(H144>0,ISNUMBER(D144),COUNTIF(Envelopes!$B$6:$B$21,C144)>0,F144=""),1,0) | J144: =IF(AND(H144>0,ISNUMBER(D144),COUNTIF(Envelopes!$B$6:$B$21,C144)>0,F144<>"",COUNTIF(Envelopes!$B$6:$B$21,F144)>0),1,0) | K144: =IF(I144=1,H144*10000+ROW(),"")
B145: 46134 | C145: Eating out | D145: 7.83 | E145: Coffee and cake | G145: =IF(AND(C145="",D145=""),"",IF(NOT(ISNUMBER(B145)),"Needs a date",IF(NOT(ISNUMBER(D145)),"Needs the amount",IF(C145="","Needs an envelope",IF(COUNTIF(Envelopes!$B$6:$B$21,C145)=0,"Not on Envelopes",IF(F145="",IF(D145=0,"Needs the amount",""),IF(COUNTIF(Envelopes!$B$6:$B$21,F145)=0,"Moved to: not on Envelopes",IF(D145<=0,"A move needs an amount",IF(F145=C145,"Moved to the same envelope",""))))))))) | H145: =IF(ISNUMBER(B145),INT(B145),0) | I145: =IF(AND(H145>0,ISNUMBER(D145),COUNTIF(Envelopes!$B$6:$B$21,C145)>0,F145=""),1,0) | J145: =IF(AND(H145>0,ISNUMBER(D145),COUNTIF(Envelopes!$B$6:$B$21,C145)>0,F145<>"",COUNTIF(Envelopes!$B$6:$B$21,F145)>0),1,0) | K145: =IF(I145=1,H145*10000+ROW(),"")
B146: 46134 | C146: Personal care | D146: 23.34 | E146: Shampoo | G146: =IF(AND(C146="",D146=""),"",IF(NOT(ISNUMBER(B146)),"Needs a date",IF(NOT(ISNUMBER(D146)),"Needs the amount",IF(C146="","Needs an envelope",IF(COUNTIF(Envelopes!$B$6:$B$21,C146)=0,"Not on Envelopes",IF(F146="",IF(D146=0,"Needs the amount",""),IF(COUNTIF(Envelopes!$B$6:$B$21,F146)=0,"Moved to: not on Envelopes",IF(D146<=0,"A move needs an amount",IF(F146=C146,"Moved to the same envelope",""))))))))) | H146: =IF(ISNUMBER(B146),INT(B146),0) | I146: =IF(AND(H146>0,ISNUMBER(D146),COUNTIF(Envelopes!$B$6:$B$21,C146)>0,F146=""),1,0) | J146: =IF(AND(H146>0,ISNUMBER(D146),COUNTIF(Envelopes!$B$6:$B$21,C146)>0,F146<>"",COUNTIF(Envelopes!$B$6:$B$21,F146)>0),1,0) | K146: =IF(I146=1,H146*10000+ROW(),"")
B147: 46134 | C147: Kids | D147: 33.35 | E147: Shoes | G147: =IF(AND(C147="",D147=""),"",IF(NOT(ISNUMBER(B147)),"Needs a date",IF(NOT(ISNUMBER(D147)),"Needs the amount",IF(C147="","Needs an envelope",IF(COUNTIF(Envelopes!$B$6:$B$21,C147)=0,"Not on Envelopes",IF(F147="",IF(D147=0,"Needs the amount",""),IF(COUNTIF(Envelopes!$B$6:$B$21,F147)=0,"Moved to: not on Envelopes",IF(D147<=0,"A move needs an amount",IF(F147=C147,"Moved to the same envelope",""))))))))) | H147: =IF(ISNUMBER(B147),INT(B147),0) | I147: =IF(AND(H147>0,ISNUMBER(D147),COUNTIF(Envelopes!$B$6:$B$21,C147)>0,F147=""),1,0) | J147: =IF(AND(H147>0,ISNUMBER(D147),COUNTIF(Envelopes!$B$6:$B$21,C147)>0,F147<>"",COUNTIF(Envelopes!$B$6:$B$21,F147)>0),1,0) | K147: =IF(I147=1,H147*10000+ROW(),"")
B148: 46136 | C148: Gas | D148: 28.95 | E148: Gas station | G148: =IF(AND(C148="",D148=""),"",IF(NOT(ISNUMBER(B148)),"Needs a date",IF(NOT(ISNUMBER(D148)),"Needs the amount",IF(C148="","Needs an envelope",IF(COUNTIF(Envelopes!$B$6:$B$21,C148)=0,"Not on Envelopes",IF(F148="",IF(D148=0,"Needs the amount",""),IF(COUNTIF(Envelopes!$B$6:$B$21,F148)=0,"Moved to: not on Envelopes",IF(D148<=0,"A move needs an amount",IF(F148=C148,"Moved to the same envelope",""))))))))) | H148: =IF(ISNUMBER(B148),INT(B148),0) | I148: =IF(AND(H148>0,ISNUMBER(D148),COUNTIF(Envelopes!$B$6:$B$21,C148)>0,F148=""),1,0) | J148: =IF(AND(H148>0,ISNUMBER(D148),COUNTIF(Envelopes!$B$6:$B$21,C148)>0,F148<>"",COUNTIF(Envelopes!$B$6:$B$21,F148)>0),1,0) | K148: =IF(I148=1,H148*10000+ROW(),"")
B149: 46137 | C149: Groceries | D149: 85.96 | E149: Bakery | G149: =IF(AND(C149="",D149=""),"",IF(NOT(ISNUMBER(B149)),"Needs a date",IF(NOT(ISNUMBER(D149)),"Needs the amount",IF(C149="","Needs an envelope",IF(COUNTIF(Envelopes!$B$6:$B$21,C149)=0,"Not on Envelopes",IF(F149="",IF(D149=0,"Needs the amount",""),IF(COUNTIF(Envelopes!$B$6:$B$21,F149)=0,"Moved to: not on Envelopes",IF(D149<=0,"A move needs an amount",IF(F149=C149,"Moved to the same envelope",""))))))))) | H149: =IF(ISNUMBER(B149),INT(B149),0) | I149: =IF(AND(H149>0,ISNUMBER(D149),COUNTIF(Envelopes!$B$6:$B$21,C149)>0,F149=""),1,0) | J149: =IF(AND(H149>0,ISNUMBER(D149),COUNTIF(Envelopes!$B$6:$B$21,C149)>0,F149<>"",COUNTIF(Envelopes!$B$6:$B$21,F149)>0),1,0) | K149: =IF(I149=1,H149*10000+ROW(),"")
B150: 46140 | C150: Eating out | D150: 24.53 | E150: Pizza night | G150: =IF(AND(C150="",D150=""),"",IF(NOT(ISNUMBER(B150)),"Needs a date",IF(NOT(ISNUMBER(D150)),"Needs the amount",IF(C150="","Needs an envelope",IF(COUNTIF(Envelopes!$B$6:$B$21,C150)=0,"Not on Envelopes",IF(F150="",IF(D150=0,"Needs the amount",""),IF(COUNTIF(Envelopes!$B$6:$B$21,F150)=0,"Moved to: not on Envelopes",IF(D150<=0,"A move needs an amount",IF(F150=C150,"Moved to the same envelope",""))))))))) | H150: =IF(ISNUMBER(B150),INT(B150),0) | I150: =IF(AND(H150>0,ISNUMBER(D150),COUNTIF(Envelopes!$B$6:$B$21,C150)>0,F150=""),1,0) | J150: =IF(AND(H150>0,ISNUMBER(D150),COUNTIF(Envelopes!$B$6:$B$21,C150)>0,F150<>"",COUNTIF(Envelopes!$B$6:$B$21,F150)>0),1,0) | K150: =IF(I150=1,H150*10000+ROW(),"")
B151: 46141 | C151: Groceries | D151: 39.4 | E151: Supermarket | G151: =IF(AND(C151="",D151=""),"",IF(NOT(ISNUMBER(B151)),"Needs a date",IF(NOT(ISNUMBER(D151)),"Needs the amount",IF(C151="","Needs an envelope",IF(COUNTIF(Envelopes!$B$6:$B$21,C151)=0,"Not on Envelopes",IF(F151="",IF(D151=0,"Needs the amount",""),IF(COUNTIF(Envelopes!$B$6:$B$21,F151)=0,"Moved to: not on Envelopes",IF(D151<=0,"A move needs an amount",IF(F151=C151,"Moved to the same envelope",""))))))))) | H151: =IF(ISNUMBER(B151),INT(B151),0) | I151: =IF(AND(H151>0,ISNUMBER(D151),COUNTIF(Envelopes!$B$6:$B$21,C151)>0,F151=""),1,0) | J151: =IF(AND(H151>0,ISNUMBER(D151),COUNTIF(Envelopes!$B$6:$B$21,C151)>0,F151<>"",COUNTIF(Envelopes!$B$6:$B$21,F151)>0),1,0) | K151: =IF(I151=1,H151*10000+ROW(),"")
... B189: 46184 | C189: Eating out | D189: 13.94 | E189: Coffee and cake | G189: =IF(AND(C189="",D189=""),"",IF(NOT(ISNUMBER(B189)),"Needs a date",IF(NOT(ISNUMBER(D189)),"Needs the amount",IF(C189="","Needs an envelope",IF(COUNTIF(Envelopes!$B$6:$B$21,C189)=0,"Not on Envelopes",IF(F189="",IF(D189=0,"Needs the amount",""),IF(COUNTIF(Envelopes!$B$6:$B$21,F189)=0,"Moved to: not on Envelopes",IF(D189<=0,"A move needs an amount",IF(F189=C189,"Moved to the same envelope",""))))))))) | H189: =IF(ISNUMBER(B189),INT(B189),0) | I189: =IF(AND(H189>0,ISNUMBER(D189),COUNTIF(Envelopes!$B$6:$B$21,C189)>0,F189=""),1,0) | J189: =IF(AND(H189>0,ISNUMBER(D189),COUNTIF(Envelopes!$B$6:$B$21,C189)>0,F189<>"",COUNTIF(Envelopes!$B$6:$B$21,F189)>0),1,0) | K189: =IF(I189=1,H189*10000+ROW(),"")
B190: 46184 | C190: Eating out | D190: 12.57 | E190: Leftover to savings | F190: Emergency fund | G190: =IF(AND(C190="",D190=""),"",IF(NOT(ISNUMBER(B190)),"Needs a date",IF(NOT(ISNUMBER(D190)),"Needs the amount",IF(C190="","Needs an envelope",IF(COUNTIF(Envelopes!$B$6:$B$21,C190)=0,"Not on Envelopes",IF(F190="",IF(D190=0,"Needs the amount",""),IF(COUNTIF(Envelopes!$B$6:$B$21,F190)=0,"Moved to: not on Envelopes",IF(D190<=0,"A move needs an amount",IF(F190=C190,"Moved to the same envelope",""))))))))) | H190: =IF(ISNUMBER(B190),INT(B190),0) | I190: =IF(AND(H190>0,ISNUMBER(D190),COUNTIF(Envelopes!$B$6:$B$21,C190)>0,F190=""),1,0) | J190: =IF(AND(H190>0,ISNUMBER(D190),COUNTIF(Envelopes!$B$6:$B$21,C190)>0,F190<>"",COUNTIF(Envelopes!$B$6:$B$21,F190)>0),1,0) | K190: =IF(I190=1,H190*10000+ROW(),"")
B191: 46184 | C191: Fun money | D191: 8.65 | E191: Leftover to savings | F191: Emergency fund | G191: =IF(AND(C191="",D191=""),"",IF(NOT(ISNUMBER(B191)),"Needs a date",IF(NOT(ISNUMBER(D191)),"Needs the amount",IF(C191="","Needs an envelope",IF(COUNTIF(Envelopes!$B$6:$B$21,C191)=0,"Not on Envelopes",IF(F191="",IF(D191=0,"Needs the amount",""),IF(COUNTIF(Envelopes!$B$6:$B$21,F191)=0,"Moved to: not on Envelopes",IF(D191<=0,"A move needs an amount",IF(F191=C191,"Moved to the same envelope",""))))))))) | H191: =IF(ISNUMBER(B191),INT(B191),0) | I191: =IF(AND(H191>0,ISNUMBER(D191),COUNTIF(Envelopes!$B$6:$B$21,C191)>0,F191=""),1,0) | J191: =IF(AND(H191>0,ISNUMBER(D191),COUNTIF(Envelopes!$B$6:$B$21,C191)>0,F191<>"",COUNTIF(Envelopes!$B$6:$B$21,F191)>0),1,0) | K191: =IF(I191=1,H191*10000+ROW(),"")
B192: 46188 | C192: Groceries | D192: 114.98 | E192: Supermarket | G192: =IF(AND(C192="",D192=""),"",IF(NOT(ISNUMBER(B192)),"Needs a date",IF(NOT(ISNUMBER(D192)),"Needs the amount",IF(C192="","Needs an envelope",IF(COUNTIF(Envelopes!$B$6:$B$21,C192)=0,"Not on Envelopes",IF(F192="",IF(D192=0,"Needs the amount",""),IF(COUNTIF(Envelopes!$B$6:$B$21,F192)=0,"Moved to: not on Envelopes",IF(D192<=0,"A move needs an amount",IF(F192=C192,"Moved to the same envelope",""))))))))) | H192: =IF(ISNUMBER(B192),INT(B192),0) | I192: =IF(AND(H192>0,ISNUMBER(D192),COUNTIF(Envelopes!$B$6:$B$21,C192)>0,F192=""),1,0) | J192: =IF(AND(H192>0,ISNUMBER(D192),COUNTIF(Envelopes!$B$6:$B$21,C192)>0,F192<>"",COUNTIF(Envelopes!$B$6:$B$21,F192)>0),1,0) | K192: =IF(I192=1,H192*10000+ROW(),"")
B193: 46188 | C193: Gas | D193: 22.52 | E193: Gas station | G193: =IF(AND(C193="",D193=""),"",IF(NOT(ISNUMBER(B193)),"Needs a date",IF(NOT(ISNUMBER(D193)),"Needs the amount",IF(C193="","Needs an envelope",IF(COUNTIF(Envelopes!$B$6:$B$21,C193)=0,"Not on Envelopes",IF(F193="",IF(D193=0,"Needs the amount",""),IF(COUNTIF(Envelopes!$B$6:$B$21,F193)=0,"Moved to: not on Envelopes",IF(D193<=0,"A move needs an amount",IF(F193=C193,"Moved to the same envelope",""))))))))) | H193: =IF(ISNUMBER(B193),INT(B193),0) | I193: =IF(AND(H193>0,ISNUMBER(D193),COUNTIF(Envelopes!$B$6:$B$21,C193)>0,F193=""),1,0) | J193: =IF(AND(H193>0,ISNUMBER(D193),COUNTIF(Envelopes!$B$6:$B$21,C193)>0,F193<>"",COUNTIF(Envelopes!$B$6:$B$21,F193)>0),1,0) | K193: =IF(I193=1,H193*10000+ROW(),"")
B194: 46188 | C194: Eating out | D194: 12.8 | E194: Pizza night | G194: =IF(AND(C194="",D194=""),"",IF(NOT(ISNUMBER(B194)),"Needs a date",IF(NOT(ISNUMBER(D194)),"Needs the amount",IF(C194="","Needs an envelope",IF(COUNTIF(Envelopes!$B$6:$B$21,C194)=0,"Not on Envelopes",IF(F194="",IF(D194=0,"Needs the amount",""),IF(COUNTIF(Envelopes!$B$6:$B$21,F194)=0,"Moved to: not on Envelopes",IF(D194<=0,"A move needs an amount",IF(F194=C194,"Moved to the same envelope",""))))))))) | H194: =IF(ISNUMBER(B194),INT(B194),0) | I194: =IF(AND(H194>0,ISNUMBER(D194),COUNTIF(Envelopes!$B$6:$B$21,C194)>0,F194=""),1,0) | J194: =IF(AND(H194>0,ISNUMBER(D194),COUNTIF(Envelopes!$B$6:$B$21,C194)>0,F194<>"",COUNTIF(Envelopes!$B$6:$B$21,F194)>0),1,0) | K194: =IF(I194=1,H194*10000+ROW(),"")
B195: 46188 | C195: Household | D195: 29.77 | E195: Cleaning things | G195: =IF(AND(C195="",D195=""),"",IF(NOT(ISNUMBER(B195)),"Needs a date",IF(NOT(ISNUMBER(D195)),"Needs the amount",IF(C195="","Needs an envelope",IF(COUNTIF(Envelopes!$B$6:$B$21,C195)=0,"Not on Envelopes",IF(F195="",IF(D195=0,"Needs the amount",""),IF(COUNTIF(Envelopes!$B$6:$B$21,F195)=0,"Moved to: not on Envelopes",IF(D195<=0,"A move needs an amount",IF(F195=C195,"Moved to the same envelope",""))))))))) | H195: =IF(ISNUMBER(B195),INT(B195),0) | I195: =IF(AND(H195>0,ISNUMBER(D195),COUNTIF(Envelopes!$B$6:$B$21,C195)>0,F195=""),1,0) | J195: =IF(AND(H195>0,ISNUMBER(D195),COUNTIF(Envelopes!$B$6:$B$21,C195)>0,F195<>"",COUNTIF(Envelopes!$B$6:$B$21,F195)>0),1,0) | K195: =IF(I195=1,H195*10000+ROW(),"")
B196: 46189 | C196: Kids | D196: 34.03 | E196: Swimming | G196: =IF(AND(C196="",D196=""),"",IF(NOT(ISNUMBER(B196)),"Needs a date",IF(NOT(ISNUMBER(D196)),"Needs the amount",IF(C196="","Needs an envelope",IF(COUNTIF(Envelopes!$B$6:$B$21,C196)=0,"Not on Envelopes",IF(F196="",IF(D196=0,"Needs the amount",""),IF(COUNTIF(Envelopes!$B$6:$B$21,F196)=0,"Moved to: not on Envelopes",IF(D196<=0,"A move needs an amount",IF(F196=C196,"Moved to the same envelope",""))))))))) | H196: =IF(ISNUMBER(B196),INT(B196),0) | I196: =IF(AND(H196>0,ISNUMBER(D196),COUNTIF(Envelopes!$B$6:$B$21,C196)>0,F196=""),1,0) | J196: =IF(AND(H196>0,ISNUMBER(D196),COUNTIF(Envelopes!$B$6:$B$21,C196)>0,F196<>"",COUNTIF(Envelopes!$B$6:$B$21,F196)>0),1,0) | K196: =IF(I196=1,H196*10000+ROW(),"")
B197: 46190 | C197: Fun money | D197: 9.75 | E197: Cinema | G197: =IF(AND(C197="",D197=""),"",IF(NOT(ISNUMBER(B197)),"Needs a date",IF(NOT(ISNUMBER(D197)),"Needs the amount",IF(C197="","Needs an envelope",IF(COUNTIF(Envelopes!$B$6:$B$21,C197)=0,"Not on Envelopes",IF(F197="",IF(D197=0,"Needs the amount",""),IF(COUNTIF(Envelopes!$B$6:$B$21,F197)=0,"Moved to: not on Envelopes",IF(D197<=0,"A move needs an amount",IF(F197=C197,"Moved to the same envelope",""))))))))) | H197: =IF(ISNUMBER(B197),INT(B197),0) | I197: =IF(AND(H197>0,ISNUMBER(D197),COUNTIF(Envelopes!$B$6:$B$21,C197)>0,F197=""),1,0) | J197: =IF(AND(H197>0,ISNUMBER(D197),COUNTIF(Envelopes!$B$6:$B$21,C197)>0,F197<>"",COUNTIF(Envelopes!$B$6:$B$21,F197)>0),1,0) | K197: =IF(I197=1,H197*10000+ROW(),"")
B198: 46192 | C198: Groceries | D198: 8.04 | E198: Supermarket | G198: =IF(AND(C198="",D198=""),"",IF(NOT(ISNUMBER(B198)),"Needs a date",IF(NOT(ISNUMBER(D198)),"Needs the amount",IF(C198="","Needs an envelope",IF(COUNTIF(Envelopes!$B$6:$B$21,C198)=0,"Not on Envelopes",IF(F198="",IF(D198=0,"Needs the amount",""),IF(COUNTIF(Envelopes!$B$6:$B$21,F198)=0,"Moved to: not on Envelopes",IF(D198<=0,"A move needs an amount",IF(F198=C198,"Moved to the same envelope",""))))))))) | H198: =IF(ISNUMBER(B198),INT(B198),0) | I198: =IF(AND(H198>0,ISNUMBER(D198),COUNTIF(Envelopes!$B$6:$B$21,C198)>0,F198=""),1,0) | J198: =IF(AND(H198>0,ISNUMBER(D198),COUNTIF(Envelopes!$B$6:$B$21,C198)>0,F198<>"",COUNTIF(Envelopes!$B$6:$B$21,F198)>0),1,0) | K198: =IF(I198=1,H198*10000+ROW(),"")
...

Sheet Envelopes
B2: Envelopes
B3: Each envelope once, with what goes in it each payday. A sinking fund saves up for something that comes later.
B5: Envelope | C5: Kind | D5: Plan per payday | E5: Largest note | F5: Target | G5: By | H5: Cash at the start | I5: Stuffed | J5: Spent | K5: Moved | L5: In it now | M5: Status | N5: Per payday to get there
B6: Groceries | C6: Spending | D6: 180 | E6: 20 | H6: 40 | I6: =IF(B6="","",SUMIFS(Paydays!$E$6:$E$205,Paydays!$W$6:$W$205,">0")) | J6: =IF(B6="","",SUMIFS(Spending!$D$6:$D$1005,Spending!$C$6:$C$1005,Envelopes!$B$6,Spending!$I$6:$I$1005,1)) | K6: =IF(B6="","",SUMIFS(Spending!$D$6:$D$1005,Spending!$F$6:$F$1005,Envelopes!$B$6,Spending!$J$6:$J$1005,1)-SUMIFS(Spending!$D$6:$D$1005,Spending!$C$6:$C$1005,Envelopes!$B$6,Spending!$J$6:$J$1005,1)) | L6: =IF(B6="","",N(H6)+I6-J6+K6) | M6: =IF(B6="","",IF(L6<0,"Overspent",IF(C6="Sinking fund",IF(AND(N(F6)>0,L6>=N(F6)),"Reached",IF(AND(ISNUMBER(G6),G6<TODAY()),"Past its date","Saving")),IF(AND(N(D6)>0,L6<N(D6)*N(Settings!$C$7)),"Low","OK")))) | N6: =IF(OR(B6="",C6<>"Sinking fund",N(F6)<=0),"",IF(L6>=N(F6),0,IF(OR(NOT(ISNUMBER(G6)),G6<TODAY()),"",(N(F6)-L6)/MAX(1,INT((G6-TODAY())*Settings!$H$5/365))))) | P6: =IF(AND(B6<>"",C6="Sinking fund"),ROW(),"") | Q6: =IF(B6="","",N(H6)+SUMIFS(Paydays!$E$6:$E$205,Paydays!$W$6:$W$205,">0",Paydays!$W$6:$W$205,"<="&INT(N(Cash!$C$4)))-SUMIFS(Spending!$D$6:$D$1005,Spending!$C$6:$C$1005,Envelopes!$B$6,Spending!$I$6:$I$1005,1,Spending!$H$6:$H$1005,"<="&INT(N(Cash!$C$4)))+SUMIFS(Spending!$D$6:$D$1005,Spending!$F$6:$F$1005,Envelopes!$B$6,Spending!$J$6:$J$1005,1,Spending!$H$6:$H$1005,"<="&INT(N(Cash!$C$4)))-SUMIFS(Spending!$D$6:$D$1005,Spending!$C$6:$C$1005,Envelopes!$B$6,Spending!$J$6:$J$1005,1,Spending!$H$6:$H$1005,"<="&INT(N(Cash!$C$4))))
B7: Gas | C7: Spending | D7: 60 | E7: 20 | H7: 15 | I7: =IF(B7="","",SUMIFS(Paydays!$F$6:$F$205,Paydays!$W$6:$W$205,">0")) | J7: =IF(B7="","",SUMIFS(Spending!$D$6:$D$1005,Spending!$C$6:$C$1005,Envelopes!$B$7,Spending!$I$6:$I$1005,1)) | K7: =IF(B7="","",SUMIFS(Spending!$D$6:$D$1005,Spending!$F$6:$F$1005,Envelopes!$B$7,Spending!$J$6:$J$1005,1)-SUMIFS(Spending!$D$6:$D$1005,Spending!$C$6:$C$1005,Envelopes!$B$7,Spending!$J$6:$J$1005,1)) | L7: =IF(B7="","",N(H7)+I7-J7+K7) | M7: =IF(B7="","",IF(L7<0,"Overspent",IF(C7="Sinking fund",IF(AND(N(F7)>0,L7>=N(F7)),"Reached",IF(AND(ISNUMBER(G7),G7<TODAY()),"Past its date","Saving")),IF(AND(N(D7)>0,L7<N(D7)*N(Settings!$C$7)),"Low","OK")))) | N7: =IF(OR(B7="",C7<>"Sinking fund",N(F7)<=0),"",IF(L7>=N(F7),0,IF(OR(NOT(ISNUMBER(G7)),G7<TODAY()),"",(N(F7)-L7)/MAX(1,INT((G7-TODAY())*Settings!$H$5/365))))) | P7: =IF(AND(B7<>"",C7="Sinking fund"),ROW(),"") | Q7: =IF(B7="","",N(H7)+SUMIFS(Paydays!$F$6:$F$205,Paydays!$W$6:$W$205,">0",Paydays!$W$6:$W$205,"<="&INT(N(Cash!$C$4)))-SUMIFS(Spending!$D$6:$D$1005,Spending!$C$6:$C$1005,Envelopes!$B$7,Spending!$I$6:$I$1005,1,Spending!$H$6:$H$1005,"<="&INT(N(Cash!$C$4)))+SUMIFS(Spending!$D$6:$D$1005,Spending!$F$6:$F$1005,Envelopes!$B$7,Spending!$J$6:$J$1005,1,Spending!$H$6:$H$1005,"<="&INT(N(Cash!$C$4)))-SUMIFS(Spending!$D$6:$D$1005,Spending!$C$6:$C$1005,Envelopes!$B$7,Spending!$J$6:$J$1005,1,Spending!$H$6:$H$1005,"<="&INT(N(Cash!$C$4))))
B8: Eating out | C8: Spending | D8: 40 | E8: 10 | H8: 0 | I8: =IF(B8="","",SUMIFS(Paydays!$G$6:$G$205,Paydays!$W$6:$W$205,">0")) | J8: =IF(B8="","",SUMIFS(Spending!$D$6:$D$1005,Spending!$C$6:$C$1005,Envelopes!$B$8,Spending!$I$6:$I$1005,1)) | K8: =IF(B8="","",SUMIFS(Spending!$D$6:$D$1005,Spending!$F$6:$F$1005,Envelopes!$B$8,Spending!$J$6:$J$1005,1)-SUMIFS(Spending!$D$6:$D$1005,Spending!$C$6:$C$1005,Envelopes!$B$8,Spending!$J$6:$J$1005,1)) | L8: =IF(B8="","",N(H8)+I8-J8+K8) | M8: =IF(B8="","",IF(L8<0,"Overspent",IF(C8="Sinking fund",IF(AND(N(F8)>0,L8>=N(F8)),"Reached",IF(AND(ISNUMBER(G8),G8<TODAY()),"Past its date","Saving")),IF(AND(N(D8)>0,L8<N(D8)*N(Settings!$C$7)),"Low","OK")))) | N8: =IF(OR(B8="",C8<>"Sinking fund",N(F8)<=0),"",IF(L8>=N(F8),0,IF(OR(NOT(ISNUMBER(G8)),G8<TODAY()),"",(N(F8)-L8)/MAX(1,INT((G8-TODAY())*Settings!$H$5/365))))) | P8: =IF(AND(B8<>"",C8="Sinking fund"),ROW(),"") | Q8: =IF(B8="","",N(H8)+SUMIFS(Paydays!$G$6:$G$205,Paydays!$W$6:$W$205,">0",Paydays!$W$6:$W$205,"<="&INT(N(Cash!$C$4)))-SUMIFS(Spending!$D$6:$D$1005,Spending!$C$6:$C$1005,Envelopes!$B$8,Spending!$I$6:$I$1005,1,Spending!$H$6:$H$1005,"<="&INT(N(Cash!$C$4)))+SUMIFS(Spending!$D$6:$D$1005,Spending!$F$6:$F$1005,Envelopes!$B$8,Spending!$J$6:$J$1005,1,Spending!$H$6:$H$1005,"<="&INT(N(Cash!$C$4)))-SUMIFS(Spending!$D$6:$D$1005,Spending!$C$6:$C$1005,Envelopes!$B$8,Spending!$J$6:$J$1005,1,Spending!$H$6:$H$1005,"<="&INT(N(Cash!$C$4))))
B9: Fun money | C9: Spending | D9: 30 | E9: 5 | H9: 10 | I9: =IF(B9="","",SUMIFS(Paydays!$H$6:$H$205,Paydays!$W$6:$W$205,">0")) | J9: =IF(B9="","",SUMIFS(Spending!$D$6:$D$1005,Spending!$C$6:$C$1005,Envelopes!$B$9,Spending!$I$6:$I$1005,1)) | K9: =IF(B9="","",SUMIFS(Spending!$D$6:$D$1005,Spending!$F$6:$F$1005,Envelopes!$B$9,Spending!$J$6:$J$1005,1)-SUMIFS(Spending!$D$6:$D$1005,Spending!$C$6:$C$1005,Envelopes!$B$9,Spending!$J$6:$J$1005,1)) | L9: =IF(B9="","",N(H9)+I9-J9+K9) | M9: =IF(B9="","",IF(L9<0,"Overspent",IF(C9="Sinking fund",IF(AND(N(F9)>0,L9>=N(F9)),"Reached",IF(AND(ISNUMBER(G9),G9<TODAY()),"Past its date","Saving")),IF(AND(N(D9)>0,L9<N(D9)*N(Settings!$C$7)),"Low","OK")))) | N9: =IF(OR(B9="",C9<>"Sinking fund",N(F9)<=0),"",IF(L9>=N(F9),0,IF(OR(NOT(ISNUMBER(G9)),G9<TODAY()),"",(N(F9)-L9)/MAX(1,INT((G9-TODAY())*Settings!$H$5/365))))) | P9: =IF(AND(B9<>"",C9="Sinking fund"),ROW(),"") | Q9: =IF(B9="","",N(H9)+SUMIFS(Paydays!$H$6:$H$205,Paydays!$W$6:$W$205,">0",Paydays!$W$6:$W$205,"<="&INT(N(Cash!$C$4)))-SUMIFS(Spending!$D$6:$D$1005,Spending!$C$6:$C$1005,Envelopes!$B$9,Spending!$I$6:$I$1005,1,Spending!$H$6:$H$1005,"<="&INT(N(Cash!$C$4)))+SUMIFS(Spending!$D$6:$D$1005,Spending!$F$6:$F$1005,Envelopes!$B$9,Spending!$J$6:$J$1005,1,Spending!$H$6:$H$1005,"<="&INT(N(Cash!$C$4)))-SUMIFS(Spending!$D$6:$D$1005,Spending!$C$6:$C$1005,Envelopes!$B$9,Spending!$J$6:$J$1005,1,Spending!$H$6:$H$1005,"<="&INT(N(Cash!$C$4))))
B10: Personal care | C10: Spending | D10: 25 | E10: 5 | H10: 0 | I10: =IF(B10="","",SUMIFS(Paydays!$I$6:$I$205,Paydays!$W$6:$W$205,">0")) | J10: =IF(B10="","",SUMIFS(Spending!$D$6:$D$1005,Spending!$C$6:$C$1005,Envelopes!$B$10,Spending!$I$6:$I$1005,1)) | K10: =IF(B10="","",SUMIFS(Spending!$D$6:$D$1005,Spending!$F$6:$F$1005,Envelopes!$B$10,Spending!$J$6:$J$1005,1)-SUMIFS(Spending!$D$6:$D$1005,Spending!$C$6:$C$1005,Envelopes!$B$10,Spending!$J$6:$J$1005,1)) | L10: =IF(B10="","",N(H10)+I10-J10+K10) | M10: =IF(B10="","",IF(L10<0,"Overspent",IF(C10="Sinking fund",IF(AND(N(F10)>0,L10>=N(F10)),"Reached",IF(AND(ISNUMBER(G10),G10<TODAY()),"Past its date","Saving")),IF(AND(N(D10)>0,L10<N(D10)*N(Settings!$C$7)),"Low","OK")))) | N10: =IF(OR(B10="",C10<>"Sinking fund",N(F10)<=0),"",IF(L10>=N(F10),0,IF(OR(NOT(ISNUMBER(G10)),G10<TODAY()),"",(N(F10)-L10)/MAX(1,INT((G10-TODAY())*Settings!$H$5/365))))) | P10: =IF(AND(B10<>"",C10="Sinking fund"),ROW(),"") | Q10: =IF(B10="","",N(H10)+SUMIFS(Paydays!$I$6:$I$205,Paydays!$W$6:$W$205,">0",Paydays!$W$6:$W$205,"<="&INT(N(Cash!$C$4)))-SUMIFS(Spending!$D$6:$D$1005,Spending!$C$6:$C$1005,Envelopes!$B$10,Spending!$I$6:$I$1005,1,Spending!$H$6:$H$1005,"<="&INT(N(Cash!$C$4)))+SUMIFS(Spending!$D$6:$D$1005,Spending!$F$6:$F$1005,Envelopes!$B$10,Spending!$J$6:$J$1005,1,Spending!$H$6:$H$1005,"<="&INT(N(Cash!$C$4)))-SUMIFS(Spending!$D$6:$D$1005,Spending!$C$6:$C$1005,Envelopes!$B$10,Spending!$J$6:$J$1005,1,Spending!$H$6:$H$1005,"<="&INT(N(Cash!$C$4))))
B11: Household | C11: Spending | D11: 30 | E11: 10 | H11: 5 | I11: =IF(B11="","",SUMIFS(Paydays!$J$6:$J$205,Paydays!$W$6:$W$205,">0")) | J11: =IF(B11="","",SUMIFS(Spending!$D$6:$D$1005,Spending!$C$6:$C$1005,Envelopes!$B$11,Spending!$I$6:$I$1005,1)) | K11: =IF(B11="","",SUMIFS(Spending!$D$6:$D$1005,Spending!$F$6:$F$1005,Envelopes!$B$11,Spending!$J$6:$J$1005,1)-SUMIFS(Spending!$D$6:$D$1005,Spending!$C$6:$C$1005,Envelopes!$B$11,Spending!$J$6:$J$1005,1)) | L11: =IF(B11="","",N(H11)+I11-J11+K11) | M11: =IF(B11="","",IF(L11<0,"Overspent",IF(C11="Sinking fund",IF(AND(N(F11)>0,L11>=N(F11)),"Reached",IF(AND(ISNUMBER(G11),G11<TODAY()),"Past its date","Saving")),IF(AND(N(D11)>0,L11<N(D11)*N(Settings!$C$7)),"Low","OK")))) | N11: =IF(OR(B11="",C11<>"Sinking fund",N(F11)<=0),"",IF(L11>=N(F11),0,IF(OR(NOT(ISNUMBER(G11)),G11<TODAY()),"",(N(F11)-L11)/MAX(1,INT((G11-TODAY())*Settings!$H$5/365))))) | P11: =IF(AND(B11<>"",C11="Sinking fund"),ROW(),"") | Q11: =IF(B11="","",N(H11)+SUMIFS(Paydays!$J$6:$J$205,Paydays!$W$6:$W$205,">0",Paydays!$W$6:$W$205,"<="&INT(N(Cash!$C$4)))-SUMIFS(Spending!$D$6:$D$1005,Spending!$C$6:$C$1005,Envelopes!$B$11,Spending!$I$6:$I$1005,1,Spending!$H$6:$H$1005,"<="&INT(N(Cash!$C$4)))+SUMIFS(Spending!$D$6:$D$1005,Spending!$F$6:$F$1005,Envelopes!$B$11,Spending!$J$6:$J$1005,1,Spending!$H$6:$H$1005,"<="&INT(N(Cash!$C$4)))-SUMIFS(Spending!$D$6:$D$1005,Spending!$C$6:$C$1005,Envelopes!$B$11,Spending!$J$6:$J$1005,1,Spending!$H$6:$H$1005,"<="&INT(N(Cash!$C$4))))
B12: Kids | C12: Spending | D12: 35 | E12: 10 | H12: 0 | I12: =IF(B12="","",SUMIFS(Paydays!$K$6:$K$205,Paydays!$W$6:$W$205,">0")) | J12: =IF(B12="","",SUMIFS(Spending!$D$6:$D$1005,Spending!$C$6:$C$1005,Envelopes!$B$12,Spending!$I$6:$I$1005,1)) | K12: =IF(B12="","",SUMIFS(Spending!$D$6:$D$1005,Spending!$F$6:$F$1005,Envelopes!$B$12,Spending!$J$6:$J$1005,1)-SUMIFS(Spending!$D$6:$D$1005,Spending!$C$6:$C$1005,Envelopes!$B$12,Spending!$J$6:$J$1005,1)) | L12: =IF(B12="","",N(H12)+I12-J12+K12) | M12: =IF(B12="","",IF(L12<0,"Overspent",IF(C12="Sinking fund",IF(AND(N(F12)>0,L12>=N(F12)),"Reached",IF(AND(ISNUMBER(G12),G12<TODAY()),"Past its date","Saving")),IF(AND(N(D12)>0,L12<N(D12)*N(Settings!$C$7)),"Low","OK")))) | N12: =IF(OR(B12="",C12<>"Sinking fund",N(F12)<=0),"",IF(L12>=N(F12),0,IF(OR(NOT(ISNUMBER(G12)),G12<TODAY()),"",(N(F12)-L12)/MAX(1,INT((G12-TODAY())*Settings!$H$5/365))))) | P12: =IF(AND(B12<>"",C12="Sinking fund"),ROW(),"") | Q12: =IF(B12="","",N(H12)+SUMIFS(Paydays!$K$6:$K$205,Paydays!$W$6:$W$205,">0",Paydays!$W$6:$W$205,"<="&INT(N(Cash!$C$4)))-SUMIFS(Spending!$D$6:$D$1005,Spending!$C$6:$C$1005,Envelopes!$B$12,Spending!$I$6:$I$1005,1,Spending!$H$6:$H$1005,"<="&INT(N(Cash!$C$4)))+SUMIFS(Spending!$D$6:$D$1005,Spending!$F$6:$F$1005,Envelopes!$B$12,Spending!$J$6:$J$1005,1,Spending!$H$6:$H$1005,"<="&INT(N(Cash!$C$4)))-SUMIFS(Spending!$D$6:$D$1005,Spending!$C$6:$C$1005,Envelopes!$B$12,Spending!$J$6:$J$1005,1,Spending!$H$6:$H$1005,"<="&INT(N(Cash!$C$4))))
B13: Christmas | C13: Sinking fund | D13: 25 | E13: 20 | F13: 600 | G13: 46371 | H13: 350 | I13: =IF(B13="","",SUMIFS(Paydays!$L$6:$L$205,Paydays!$W$6:$W$205,">0")) | J13: =IF(B13="","",SUMIFS(Spending!$D$6:$D$1005,Spending!$C$6:$C$1005,Envelopes!$B$13,Spending!$I$6:$I$1005,1)) | K13: =IF(B13="","",SUMIFS(Spending!$D$6:$D$1005,Spending!$F$6:$F$1005,Envelopes!$B$13,Spending!$J$6:$J$1005,1)-SUMIFS(Spending!$D$6:$D$1005,Spending!$C$6:$C$1005,Envelopes!$B$13,Spending!$J$6:$J$1005,1)) | L13: =IF(B13="","",N(H13)+I13-J13+K13) | M13: =IF(B13="","",IF(L13<0,"Overspent",IF(C13="Sinking fund",IF(AND(N(F13)>0,L13>=N(F13)),"Reached",IF(AND(ISNUMBER(G13),G13<TODAY()),"Past its date","Saving")),IF(AND(N(D13)>0,L13<N(D13)*N(Settings!$C$7)),"Low","OK")))) | N13: =IF(OR(B13="",C13<>"Sinking fund",N(F13)<=0),"",IF(L13>=N(F13),0,IF(OR(NOT(ISNUMBER(G13)),G13<TODAY()),"",(N(F13)-L13)/MAX(1,INT((G13-TODAY())*Settings!$H$5/365))))) | P13: =IF(AND(B13<>"",C13="Sinking fund"),ROW(),"") | Q13: =IF(B13="","",N(H13)+SUMIFS(Paydays!$L$6:$L$205,Paydays!$W$6:$W$205,">0",Paydays!$W$6:$W$205,"<="&INT(N(Cash!$C$4)))-SUMIFS(Spending!$D$6:$D$1005,Spending!$C$6:$C$1005,Envelopes!$B$13,Spending!$I$6:$I$1005,1,Spending!$H$6:$H$1005,"<="&INT(N(Cash!$C$4)))+SUMIFS(Spending!$D$6:$D$1005,Spending!$F$6:$F$1005,Envelopes!$B$13,Spending!$J$6:$J$1005,1,Spending!$H$6:$H$1005,"<="&INT(N(Cash!$C$4)))-SUMIFS(Spending!$D$6:$D$1005,Spending!$C$6:$C$1005,Envelopes!$B$13,Spending!$J$6:$J$1005,1,Spending!$H$6:$H$1005,"<="&INT(N(Cash!$C$4))))
B14: Car repairs | C14: Sinking fund | D14: 20 | E14: 20 | F14: 500 | H14: 120 | I14: =IF(B14="","",SUMIFS(Paydays!$M$6:$M$205,Paydays!$W$6:$W$205,">0")) | J14: =IF(B14="","",SUMIFS(Spending!$D$6:$D$1005,Spending!$C$6:$C$1005,Envelopes!$B$14,Spending!$I$6:$I$1005,1)) | K14: =IF(B14="","",SUMIFS(Spending!$D$6:$D$1005,Spending!$F$6:$F$1005,Envelopes!$B$14,Spending!$J$6:$J$1005,1)-SUMIFS(Spending!$D$6:$D$1005,Spending!$C$6:$C$1005,Envelopes!$B$14,Spending!$J$6:$J$1005,1)) | L14: =IF(B14="","",N(H14)+I14-J14+K14) | M14: =IF(B14="","",IF(L14<0,"Overspent",IF(C14="Sinking fund",IF(AND(N(F14)>0,L14>=N(F14)),"Reached",IF(AND(ISNUMBER(G14),G14<TODAY()),"Past its date","Saving")),IF(AND(N(D14)>0,L14<N(D14)*N(Settings!$C$7)),"Low","OK")))) | N14: =IF(OR(B14="",C14<>"Sinking fund",N(F14)<=0),"",IF(L14>=N(F14),0,IF(OR(NOT(ISNUMBER(G14)),G14<TODAY()),"",(N(F14)-L14)/MAX(1,INT((G14-TODAY())*Settings!$H$5/365))))) | P14: =IF(AND(B14<>"",C14="Sinking fund"),ROW(),"") | Q14: =IF(B14="","",N(H14)+SUMIFS(Paydays!$M$6:$M$205,Paydays!$W$6:$W$205,">0",Paydays!$W$6:$W$205,"<="&INT(N(Cash!$C$4)))-SUMIFS(Spending!$D$6:$D$1005,Spending!$C$6:$C$1005,Envelopes!$B$14,Spending!$I$6:$I$1005,1,Spending!$H$6:$H$1005,"<="&INT(N(Cash!$C$4)))+SUMIFS(Spending!$D$6:$D$1005,Spending!$F$6:$F$1005,Envelopes!$B$14,Spending!$J$6:$J$1005,1,Spending!$H$6:$H$1005,"<="&INT(N(Cash!$C$4)))-SUMIFS(Spending!$D$6:$D$1005,Spending!$C$6:$C$1005,Envelopes!$B$14,Spending!$J$6:$J$1005,1,Spending!$H$6:$H$1005,"<="&INT(N(Cash!$C$4))))
B15: Vacation | C15: Sinking fund | D15: 40 | E15: 50 | F15: 1200 | G15: 46569 | H15: 0 | I15: =IF(B15="","",SUMIFS(Paydays!$N$6:$N$205,Paydays!$W$6:$W$205,">0")) | J15: =IF(B15="","",SUMIFS(Spending!$D$6:$D$1005,Spending!$C$6:$C$1005,Envelopes!$B$15,Spending!$I$6:$I$1005,1)) | K15: =IF(B15="","",SUMIFS(Spending!$D$6:$D$1005,Spending!$F$6:$F$1005,Envelopes!$B$15,Spending!$J$6:$J$1005,1)-SUMIFS(Spending!$D$6:$D$1005,Spending!$C$6:$C$1005,Envelopes!$B$15,Spending!$J$6:$J$1005,1)) | L15: =IF(B15="","",N(H15)+I15-J15+K15) | M15: =IF(B15="","",IF(L15<0,"Overspent",IF(C15="Sinking fund",IF(AND(N(F15)>0,L15>=N(F15)),"Reached",IF(AND(ISNUMBER(G15),G15<TODAY()),"Past its date","Saving")),IF(AND(N(D15)>0,L15<N(D15)*N(Settings!$C$7)),"Low","OK")))) | N15: =IF(OR(B15="",C15<>"Sinking fund",N(F15)<=0),"",IF(L15>=N(F15),0,IF(OR(NOT(ISNUMBER(G15)),G15<TODAY()),"",(N(F15)-L15)/MAX(1,INT((G15-TODAY())*Settings!$H$5/365))))) | P15: =IF(AND(B15<>"",C15="Sinking fund"),ROW(),"") | Q15: =IF(B15="","",N(H15)+SUMIFS(Paydays!$N$6:$N$205,Paydays!$W$6:$W$205,">0",Paydays!$W$6:$W$205,"<="&INT(N(Cash!$C$4)))-SUMIFS(Spending!$D$6:$D$1005,Spending!$C$6:$C$1005,Envelopes!$B$15,Spending!$I$6:$I$1005,1,Spending!$H$6:$H$1005,"<="&INT(N(Cash!$C$4)))+SUMIFS(Spending!$D$6:$D$1005,Spending!$F$6:$F$1005,Envelopes!$B$15,Spending!$J$6:$J$1005,1,Spending!$H$6:$H$1005,"<="&INT(N(Cash!$C$4)))-SUMIFS(Spending!$D$6:$D$1005,Spending!$C$6:$C$1005,Envelopes!$B$15,Spending!$J$6:$J$1005,1,Spending!$H$6:$H$1005,"<="&INT(N(Cash!$C$4))))
B16: Birthdays | C16: Sinking fund | D16: 15 | E16: 10 | F16: 300 | H16: 40 | I16: =IF(B16="","",SUMIFS(Paydays!$O$6:$O$205,Paydays!$W$6:$W$205,">0")) | J16: =IF(B16="","",SUMIFS(Spending!$D$6:$D$1005,Spending!$C$6:$C$1005,Envelopes!$B$16,Spending!$I$6:$I$1005,1)) | K16: =IF(B16="","",SUMIFS(Spending!$D$6:$D$1005,Spending!$F$6:$F$1005,Envelopes!$B$16,Spending!$J$6:$J$1005,1)-SUMIFS(Spending!$D$6:$D$1005,Spending!$C$6:$C$1005,Envelopes!$B$16,Spending!$J$6:$J$1005,1)) | L16: =IF(B16="","",N(H16)+I16-J16+K16) | M16: =IF(B16="","",IF(L16<0,"Overspent",IF(C16="Sinking fund",IF(AND(N(F16)>0,L16>=N(F16)),"Reached",IF(AND(ISNUMBER(G16),G16<TODAY()),"Past its date","Saving")),IF(AND(N(D16)>0,L16<N(D16)*N(Settings!$C$7)),"Low","OK")))) | N16: =IF(OR(B16="",C16<>"Sinking fund",N(F16)<=0),"",IF(L16>=N(F16),0,IF(OR(NOT(ISNUMBER(G16)),G16<TODAY()),"",(N(F16)-L16)/MAX(1,INT((G16-TODAY())*Settings!$H$5/365))))) | P16: =IF(AND(B16<>"",C16="Sinking fund"),ROW(),"") | Q16: =IF(B16="","",N(H16)+SUMIFS(Paydays!$O$6:$O$205,Paydays!$W$6:$W$205,">0",Paydays!$W$6:$W$205,"<="&INT(N(Cash!$C$4)))-SUMIFS(Spending!$D$6:$D$1005,Spending!$C$6:$C$1005,Envelopes!$B$16,Spending!$I$6:$I$1005,1,Spending!$H$6:$H$1005,"<="&INT(N(Cash!$C$4)))+SUMIFS(Spending!$D$6:$D$1005,Spending!$F$6:$F$1005,Envelopes!$B$16,Spending!$J$6:$J$1005,1,Spending!$H$6:$H$1005,"<="&INT(N(Cash!$C$4)))-SUMIFS(Spending!$D$6:$D$1005,Spending!$C$6:$C$1005,Envelopes!$B$16,Spending!$J$6:$J$1005,1,Spending!$H$6:$H$1005,"<="&INT(N(Cash!$C$4))))
B17: Emergency fund | C17: Sinking fund | D17: 50 | E17: 100 | F17: 1500 | H17: 200 | I17: =IF(B17="","",SUMIFS(Paydays!$P$6:$P$205,Paydays!$W$6:$W$205,">0")) | J17: =IF(B17="","",SUMIFS(Spending!$D$6:$D$1005,Spending!$C$6:$C$1005,Envelopes!$B$17,Spending!$I$6:$I$1005,1)) | K17: =IF(B17="","",SUMIFS(Spending!$D$6:$D$1005,Spending!$F$6:$F$1005,Envelopes!$B$17,Spending!$J$6:$J$1005,1)-SUMIFS(Spending!$D$6:$D$1005,Spending!$C$6:$C$1005,Envelopes!$B$17,Spending!$J$6:$J$1005,1)) | L17: =IF(B17="","",N(H17)+I17-J17+K17) | M17: =IF(B17="","",IF(L17<0,"Overspent",IF(C17="Sinking fund",IF(AND(N(F17)>0,L17>=N(F17)),"Reached",IF(AND(ISNUMBER(G17),G17<TODAY()),"Past its date","Saving")),IF(AND(N(D17)>0,L17<N(D17)*N(Settings!$C$7)),"Low","OK")))) | N17: =IF(OR(B17="",C17<>"Sinking fund",N(F17)<=0),"",IF(L17>=N(F17),0,IF(OR(NOT(ISNUMBER(G17)),G17<TODAY()),"",(N(F17)-L17)/MAX(1,INT((G17-TODAY())*Settings!$H$5/365))))) | P17: =IF(AND(B17<>"",C17="Sinking fund"),ROW(),"") | Q17: =IF(B17="","",N(H17)+SUMIFS(Paydays!$P$6:$P$205,Paydays!$W$6:$W$205,">0",Paydays!$W$6:$W$205,"<="&INT(N(Cash!$C$4)))-SUMIFS(Spending!$D$6:$D$1005,Spending!$C$6:$C$1005,Envelopes!$B$17,Spending!$I$6:$I$1005,1,Spending!$H$6:$H$1005,"<="&INT(N(Cash!$C$4)))+SUMIFS(Spending!$D$6:$D$1005,Spending!$F$6:$F$1005,Envelopes!$B$17,Spending!$J$6:$J$1005,1,Spending!$H$6:$H$1005,"<="&INT(N(Cash!$C$4)))-SUMIFS(Spending!$D$6:$D$1005,Spending!$C$6:$C$1005,Envelopes!$B$17,Spending!$J$6:$J$1005,1,Spending!$H$6:$H$1005,"<="&INT(N(Cash!$C$4))))
I18: =IF(B18="","",SUMIFS(Paydays!$Q$6:$Q$205,Paydays!$W$6:$W$205,">0")) | J18: =IF(B18="","",SUMIFS(Spending!$D$6:$D$1005,Spending!$C$6:$C$1005,Envelopes!$B$18,Spending!$I$6:$I$1005,1)) | K18: =IF(B18="","",SUMIFS(Spending!$D$6:$D$1005,Spending!$F$6:$F$1005,Envelopes!$B$18,Spending!$J$6:$J$1005,1)-SUMIFS(Spending!$D$6:$D$1005,Spending!$C$6:$C$1005,Envelopes!$B$18,Spending!$J$6:$J$1005,1)) | L18: =IF(B18="","",N(H18)+I18-J18+K18) | M18: =IF(B18="","",IF(L18<0,"Overspent",IF(C18="Sinking fund",IF(AND(N(F18)>0,L18>=N(F18)),"Reached",IF(AND(ISNUMBER(G18),G18<TODAY()),"Past its date","Saving")),IF(AND(N(D18)>0,L18<N(D18)*N(Settings!$C$7)),"Low","OK")))) | N18: =IF(OR(B18="",C18<>"Sinking fund",N(F18)<=0),"",IF(L18>=N(F18),0,IF(OR(NOT(ISNUMBER(G18)),G18<TODAY()),"",(N(F18)-L18)/MAX(1,INT((G18-TODAY())*Settings!$H$5/365))))) | P18: =IF(AND(B18<>"",C18="Sinking fund"),ROW(),"") | Q18: =IF(B18="","",N(H18)+SUMIFS(Paydays!$Q$6:$Q$205,Paydays!$W$6:$W$205,">0",Paydays!$W$6:$W$205,"<="&INT(N(Cash!$C$4)))-SUMIFS(Spending!$D$6:$D$1005,Spending!$C$6:$C$1005,Envelopes!$B$18,Spending!$I$6:$I$1005,1,Spending!$H$6:$H$1005,"<="&INT(N(Cash!$C$4)))+SUMIFS(Spending!$D$6:$D$1005,Spending!$F$6:$F$1005,Envelopes!$B$18,Spending!$J$6:$J$1005,1,Spending!$H$6:$H$1005,"<="&INT(N(Cash!$C$4)))-SUMIFS(Spending!$D$6:$D$1005,Spending!$C$6:$C$1005,Envelopes!$B$18,Spending!$J$6:$J$1005,1,Spending!$H$6:$H$1005,"<="&INT(N(Cash!$C$4))))
I19: =IF(B19="","",SUMIFS(Paydays!$R$6:$R$205,Paydays!$W$6:$W$205,">0")) | J19: =IF(B19="","",SUMIFS(Spending!$D$6:$D$1005,Spending!$C$6:$C$1005,Envelopes!$B$19,Spending!$I$6:$I$1005,1)) | K19: =IF(B19="","",SUMIFS(Spending!$D$6:$D$1005,Spending!$F$6:$F$1005,Envelopes!$B$19,Spending!$J$6:$J$1005,1)-SUMIFS(Spending!$D$6:$D$1005,Spending!$C$6:$C$1005,Envelopes!$B$19,Spending!$J$6:$J$1005,1)) | L19: =IF(B19="","",N(H19)+I19-J19+K19) | M19: =IF(B19="","",IF(L19<0,"Overspent",IF(C19="Sinking fund",IF(AND(N(F19)>0,L19>=N(F19)),"Reached",IF(AND(ISNUMBER(G19),G19<TODAY()),"Past its date","Saving")),IF(AND(N(D19)>0,L19<N(D19)*N(Settings!$C$7)),"Low","OK")))) | N19: =IF(OR(B19="",C19<>"Sinking fund",N(F19)<=0),"",IF(L19>=N(F19),0,IF(OR(NOT(ISNUMBER(G19)),G19<TODAY()),"",(N(F19)-L19)/MAX(1,INT((G19-TODAY())*Settings!$H$5/365))))) | P19: =IF(AND(B19<>"",C19="Sinking fund"),ROW(),"") | Q19: =IF(B19="","",N(H19)+SUMIFS(Paydays!$R$6:$R$205,Paydays!$W$6:$W$205,">0",Paydays!$W$6:$W$205,"<="&INT(N(Cash!$C$4)))-SUMIFS(Spending!$D$6:$D$1005,Spending!$C$6:$C$1005,Envelopes!$B$19,Spending!$I$6:$I$1005,1,Spending!$H$6:$H$1005,"<="&INT(N(Cash!$C$4)))+SUMIFS(Spending!$D$6:$D$1005,Spending!$F$6:$F$1005,Envelopes!$B$19,Spending!$J$6:$J$1005,1,Spending!$H$6:$H$1005,"<="&INT(N(Cash!$C$4)))-SUMIFS(Spending!$D$6:$D$1005,Spending!$C$6:$C$1005,Envelopes!$B$19,Spending!$J$6:$J$1005,1,Spending!$H$6:$H$1005,"<="&INT(N(Cash!$C$4))))
I20: =IF(B20="","",SUMIFS(Paydays!$S$6:$S$205,Paydays!$W$6:$W$205,">0")) | J20: =IF(B20="","",SUMIFS(Spending!$D$6:$D$1005,Spending!$C$6:$C$1005,Envelopes!$B$20,Spending!$I$6:$I$1005,1)) | K20: =IF(B20="","",SUMIFS(Spending!$D$6:$D$1005,Spending!$F$6:$F$1005,Envelopes!$B$20,Spending!$J$6:$J$1005,1)-SUMIFS(Spending!$D$6:$D$1005,Spending!$C$6:$C$1005,Envelopes!$B$20,Spending!$J$6:$J$1005,1)) | L20: =IF(B20="","",N(H20)+I20-J20+K20) | M20: =IF(B20="","",IF(L20<0,"Overspent",IF(C20="Sinking fund",IF(AND(N(F20)>0,L20>=N(F20)),"Reached",IF(AND(ISNUMBER(G20),G20<TODAY()),"Past its date","Saving")),IF(AND(N(D20)>0,L20<N(D20)*N(Settings!$C$7)),"Low","OK")))) | N20: =IF(OR(B20="",C20<>"Sinking fund",N(F20)<=0),"",IF(L20>=N(F20),0,IF(OR(NOT(ISNUMBER(G20)),G20<TODAY()),"",(N(F20)-L20)/MAX(1,INT((G20-TODAY())*Settings!$H$5/365))))) | P20: =IF(AND(B20<>"",C20="Sinking fund"),ROW(),"") | Q20: =IF(B20="","",N(H20)+SUMIFS(Paydays!$S$6:$S$205,Paydays!$W$6:$W$205,">0",Paydays!$W$6:$W$205,"<="&INT(N(Cash!$C$4)))-SUMIFS(Spending!$D$6:$D$1005,Spending!$C$6:$C$1005,Envelopes!$B$20,Spending!$I$6:$I$1005,1,Spending!$H$6:$H$1005,"<="&INT(N(Cash!$C$4)))+SUMIFS(Spending!$D$6:$D$1005,Spending!$F$6:$F$1005,Envelopes!$B$20,Spending!$J$6:$J$1005,1,Spending!$H$6:$H$1005,"<="&INT(N(Cash!$C$4)))-SUMIFS(Spending!$D$6:$D$1005,Spending!$C$6:$C$1005,Envelopes!$B$20,Spending!$J$6:$J$1005,1,Spending!$H$6:$H$1005,"<="&INT(N(Cash!$C$4))))
I21: =IF(B21="","",SUMIFS(Paydays!$T$6:$T$205,Paydays!$W$6:$W$205,">0")) | J21: =IF(B21="","",SUMIFS(Spending!$D$6:$D$1005,Spending!$C$6:$C$1005,Envelopes!$B$21,Spending!$I$6:$I$1005,1)) | K21: =IF(B21="","",SUMIFS(Spending!$D$6:$D$1005,Spending!$F$6:$F$1005,Envelopes!$B$21,Spending!$J$6:$J$1005,1)-SUMIFS(Spending!$D$6:$D$1005,Spending!$C$6:$C$1005,Envelopes!$B$21,Spending!$J$6:$J$1005,1)) | L21: =IF(B21="","",N(H21)+I21-J21+K21) | M21: =IF(B21="","",IF(L21<0,"Overspent",IF(C21="Sinking fund",IF(AND(N(F21)>0,L21>=N(F21)),"Reached",IF(AND(ISNUMBER(G21),G21<TODAY()),"Past its date","Saving")),IF(AND(N(D21)>0,L21<N(D21)*N(Settings!$C$7)),"Low","OK")))) | N21: =IF(OR(B21="",C21<>"Sinking fund",N(F21)<=0),"",IF(L21>=N(F21),0,IF(OR(NOT(ISNUMBER(G21)),G21<TODAY()),"",(N(F21)-L21)/MAX(1,INT((G21-TODAY())*Settings!$H$5/365))))) | P21: =IF(AND(B21<>"",C21="Sinking fund"),ROW(),"") | Q21: =IF(B21="","",N(H21)+SUMIFS(Paydays!$T$6:$T$205,Paydays!$W$6:$W$205,">0",Paydays!$W$6:$W$205,"<="&INT(N(Cash!$C$4)))-SUMIFS(Spending!$D$6:$D$1005,Spending!$C$6:$C$1005,Envelopes!$B$21,Spending!$I$6:$I$1005,1,Spending!$H$6:$H$1005,"<="&INT(N(Cash!$C$4)))+SUMIFS(Spending!$D$6:$D$1005,Spending!$F$6:$F$1005,Envelopes!$B$21,Spending!$J$6:$J$1005,1,Spending!$H$6:$H$1005,"<="&INT(N(Cash!$C$4)))-SUMIFS(Spending!$D$6:$D$1005,Spending!$C$6:$C$1005,Envelopes!$B$21,Spending!$J$6:$J$1005,1,Spending!$H$6:$H$1005,"<="&INT(N(Cash!$C$4))))

Sheet Cash
B2: Cash to take out
B3: The notes to ask for at the bank, and how to split them between the envelopes.
B4: Payday | C4: =MAX(Paydays!$B$6:$B$205) | E4: =IF(N4=0,"No payday on this date. Type one from the Paydays tab.","") | N4: =IF(N(C4)<=0,0,IFERROR(MATCH(INT(N(C4)),Paydays!$W$6:$W$205,0),0))
B5: Take out | C5: =SUM(C9:C24) | D5: =IF(Settings!$C$4="","",Settings!$C$4)
E7: =IFERROR(LARGE(Settings!$C$11:$C$18,1),0) | F7: =IFERROR(LARGE(Settings!$C$11:$C$18,2),0) | G7: =IFERROR(LARGE(Settings!$C$11:$C$18,3),0) | H7: =IFERROR(LARGE(Settings!$C$11:$C$18,4),0) | I7: =IFERROR(LARGE(Settings!$C$11:$C$18,5),0) | J7: =IFERROR(LARGE(Settings!$C$11:$C$18,6),0) | K7: =IFERROR(LARGE(Settings!$C$11:$C$18,7),0) | L7: =IFERROR(LARGE(Settings!$C$11:$C$18,8),0)
B8: Envelope | C8: Amount | D8: Largest note | E8: =IF(E7<=0,"",E7) | F8: =IF(F7<=0,"",F7) | G8: =IF(G7<=0,"",G7) | H8: =IF(H7<=0,"",H7) | I8: =IF(I7<=0,"",I7) | J8: =IF(J7<=0,"",J7) | K8: =IF(K7<=0,"",K7) | L8: =IF(L7<=0,"",L7) | M8: Coins
B9: =IF(Envelopes!$B$6="","",Envelopes!$B$6) | C9: =IF(OR(B9="",$N$4=0),"",N(INDEX(Paydays!$E$6:$T$205,$N$4,1))) | D9: =IF(B9="","",IF(N(Envelopes!$E$6)>0,N(Envelopes!$E$6),"Any")) | E9: =IF(OR(N(C9)<=0,E$7<=0,AND(N(Envelopes!$E$6)>0,E$7>N(Envelopes!$E$6))),0,INT(ROUND(ROUND(C9-0,2)/E$7,6))) | F9: =IF(OR(N(C9)<=0,F$7<=0,AND(N(Envelopes!$E$6)>0,F$7>N(Envelopes!$E$6))),0,INT(ROUND(ROUND(C9-SUMPRODUCT($E9:E9,$E$7:E$7),2)/F$7,6))) | G9: =IF(OR(N(C9)<=0,G$7<=0,AND(N(Envelopes!$E$6)>0,G$7>N(Envelopes!$E$6))),0,INT(ROUND(ROUND(C9-SUMPRODUCT($E9:F9,$E$7:F$7),2)/G$7,6))) | H9: =IF(OR(N(C9)<=0,H$7<=0,AND(N(Envelopes!$E$6)>0,H$7>N(Envelopes!$E$6))),0,INT(ROUND(ROUND(C9-SUMPRODUCT($E9:G9,$E$7:G$7),2)/H$7,6))) | I9: =IF(OR(N(C9)<=0,I$7<=0,AND(N(Envelopes!$E$6)>0,I$7>N(Envelopes!$E$6))),0,INT(ROUND(ROUND(C9-SUMPRODUCT($E9:H9,$E$7:H$7),2)/I$7,6))) | J9: =IF(OR(N(C9)<=0,J$7<=0,AND(N(Envelopes!$E$6)>0,J$7>N(Envelopes!$E$6))),0,INT(ROUND(ROUND(C9-SUMPRODUCT($E9:I9,$E$7:I$7),2)/J$7,6))) | K9: =IF(OR(N(C9)<=0,K$7<=0,AND(N(Envelopes!$E$6)>0,K$7>N(Envelopes!$E$6))),0,INT(ROUND(ROUND(C9-SUMPRODUCT($E9:J9,$E$7:J$7),2)/K$7,6))) | L9: =IF(OR(N(C9)<=0,L$7<=0,AND(N(Envelopes!$E$6)>0,L$7>N(Envelopes!$E$6))),0,INT(ROUND(ROUND(C9-SUMPRODUCT($E9:K9,$E$7:K$7),2)/L$7,6))) | M9: =IF(OR(C9="",N(C9)<=0),"",ROUND(C9-SUMPRODUCT(E9:L9,$E$7:$L$7),2))
B10: =IF(Envelopes!$B$7="","",Envelopes!$B$7) | C10: =IF(OR(B10="",$N$4=0),"",N(INDEX(Paydays!$E$6:$T$205,$N$4,2))) | D10: =IF(B10="","",IF(N(Envelopes!$E$7)>0,N(Envelopes!$E$7),"Any")) | E10: =IF(OR(N(C10)<=0,E$7<=0,AND(N(Envelopes!$E$7)>0,E$7>N(Envelopes!$E$7))),0,INT(ROUND(ROUND(C10-0,2)/E$7,6))) | F10: =IF(OR(N(C10)<=0,F$7<=0,AND(N(Envelopes!$E$7)>0,F$7>N(Envelopes!$E$7))),0,INT(ROUND(ROUND(C10-SUMPRODUCT($E10:E10,$E$7:E$7),2)/F$7,6))) | G10: =IF(OR(N(C10)<=0,G$7<=0,AND(N(Envelopes!$E$7)>0,G$7>N(Envelopes!$E$7))),0,INT(ROUND(ROUND(C10-SUMPRODUCT($E10:F10,$E$7:F$7),2)/G$7,6))) | H10: =IF(OR(N(C10)<=0,H$7<=0,AND(N(Envelopes!$E$7)>0,H$7>N(Envelopes!$E$7))),0,INT(ROUND(ROUND(C10-SUMPRODUCT($E10:G10,$E$7:G$7),2)/H$7,6))) | I10: =IF(OR(N(C10)<=0,I$7<=0,AND(N(Envelopes!$E$7)>0,I$7>N(Envelopes!$E$7))),0,INT(ROUND(ROUND(C10-SUMPRODUCT($E10:H10,$E$7:H$7),2)/I$7,6))) | J10: =IF(OR(N(C10)<=0,J$7<=0,AND(N(Envelopes!$E$7)>0,J$7>N(Envelopes!$E$7))),0,INT(ROUND(ROUND(C10-SUMPRODUCT($E10:I10,$E$7:I$7),2)/J$7,6))) | K10: =IF(OR(N(C10)<=0,K$7<=0,AND(N(Envelopes!$E$7)>0,K$7>N(Envelopes!$E$7))),0,INT(ROUND(ROUND(C10-SUMPRODUCT($E10:J10,$E$7:J$7),2)/K$7,6))) | L10: =IF(OR(N(C10)<=0,L$7<=0,AND(N(Envelopes!$E$7)>0,L$7>N(Envelopes!$E$7))),0,INT(ROUND(ROUND(C10-SUMPRODUCT($E10:K10,$E$7:K$7),2)/L$7,6))) | M10: =IF(OR(C10="",N(C10)<=0),"",ROUND(C10-SUMPRODUCT(E10:L10,$E$7:$L$7),2))
B11: =IF(Envelopes!$B$8="","",Envelopes!$B$8) | C11: =IF(OR(B11="",$N$4=0),"",N(INDEX(Paydays!$E$6:$T$205,$N$4,3))) | D11: =IF(B11="","",IF(N(Envelopes!$E$8)>0,N(Envelopes!$E$8),"Any")) | E11: =IF(OR(N(C11)<=0,E$7<=0,AND(N(Envelopes!$E$8)>0,E$7>N(Envelopes!$E$8))),0,INT(ROUND(ROUND(C11-0,2)/E$7,6))) | F11: =IF(OR(N(C11)<=0,F$7<=0,AND(N(Envelopes!$E$8)>0,F$7>N(Envelopes!$E$8))),0,INT(ROUND(ROUND(C11-SUMPRODUCT($E11:E11,$E$7:E$7),2)/F$7,6))) | G11: =IF(OR(N(C11)<=0,G$7<=0,AND(N(Envelopes!$E$8)>0,G$7>N(Envelopes!$E$8))),0,INT(ROUND(ROUND(C11-SUMPRODUCT($E11:F11,$E$7:F$7),2)/G$7,6))) | H11: =IF(OR(N(C11)<=0,H$7<=0,AND(N(Envelopes!$E$8)>0,H$7>N(Envelopes!$E$8))),0,INT(ROUND(ROUND(C11-SUMPRODUCT($E11:G11,$E$7:G$7),2)/H$7,6))) | I11: =IF(OR(N(C11)<=0,I$7<=0,AND(N(Envelopes!$E$8)>0,I$7>N(Envelopes!$E$8))),0,INT(ROUND(ROUND(C11-SUMPRODUCT($E11:H11,$E$7:H$7),2)/I$7,6))) | J11: =IF(OR(N(C11)<=0,J$7<=0,AND(N(Envelopes!$E$8)>0,J$7>N(Envelopes!$E$8))),0,INT(ROUND(ROUND(C11-SUMPRODUCT($E11:I11,$E$7:I$7),2)/J$7,6))) | K11: =IF(OR(N(C11)<=0,K$7<=0,AND(N(Envelopes!$E$8)>0,K$7>N(Envelopes!$E$8))),0,INT(ROUND(ROUND(C11-SUMPRODUCT($E11:J11,$E$7:J$7),2)/K$7,6))) | L11: =IF(OR(N(C11)<=0,L$7<=0,AND(N(Envelopes!$E$8)>0,L$7>N(Envelopes!$E$8))),0,INT(ROUND(ROUND(C11-SUMPRODUCT($E11:K11,$E$7:K$7),2)/L$7,6))) | M11: =IF(OR(C11="",N(C11)<=0),"",ROUND(C11-SUMPRODUCT(E11:L11,$E$7:$L$7),2))
B12: =IF(Envelopes!$B$9="","",Envelopes!$B$9) | C12: =IF(OR(B12="",$N$4=0),"",N(INDEX(Paydays!$E$6:$T$205,$N$4,4))) | D12: =IF(B12="","",IF(N(Envelopes!$E$9)>0,N(Envelopes!$E$9),"Any")) | E12: =IF(OR(N(C12)<=0,E$7<=0,AND(N(Envelopes!$E$9)>0,E$7>N(Envelopes!$E$9))),0,INT(ROUND(ROUND(C12-0,2)/E$7,6))) | F12: =IF(OR(N(C12)<=0,F$7<=0,AND(N(Envelopes!$E$9)>0,F$7>N(Envelopes!$E$9))),0,INT(ROUND(ROUND(C12-SUMPRODUCT($E12:E12,$E$7:E$7),2)/F$7,6))) | G12: =IF(OR(N(C12)<=0,G$7<=0,AND(N(Envelopes!$E$9)>0,G$7>N(Envelopes!$E$9))),0,INT(ROUND(ROUND(C12-SUMPRODUCT($E12:F12,$E$7:F$7),2)/G$7,6))) | H12: =IF(OR(N(C12)<=0,H$7<=0,AND(N(Envelopes!$E$9)>0,H$7>N(Envelopes!$E$9))),0,INT(ROUND(ROUND(C12-SUMPRODUCT($E12:G12,$E$7:G$7),2)/H$7,6))) | I12: =IF(OR(N(C12)<=0,I$7<=0,AND(N(Envelopes!$E$9)>0,I$7>N(Envelopes!$E$9))),0,INT(ROUND(ROUND(C12-SUMPRODUCT($E12:H12,$E$7:H$7),2)/I$7,6))) | J12: =IF(OR(N(C12)<=0,J$7<=0,AND(N(Envelopes!$E$9)>0,J$7>N(Envelopes!$E$9))),0,INT(ROUND(ROUND(C12-SUMPRODUCT($E12:I12,$E$7:I$7),2)/J$7,6))) | K12: =IF(OR(N(C12)<=0,K$7<=0,AND(N(Envelopes!$E$9)>0,K$7>N(Envelopes!$E$9))),0,INT(ROUND(ROUND(C12-SUMPRODUCT($E12:J12,$E$7:J$7),2)/K$7,6))) | L12: =IF(OR(N(C12)<=0,L$7<=0,AND(N(Envelopes!$E$9)>0,L$7>N(Envelopes!$E$9))),0,INT(ROUND(ROUND(C12-SUMPRODUCT($E12:K12,$E$7:K$7),2)/L$7,6))) | M12: =IF(OR(C12="",N(C12)<=0),"",ROUND(C12-SUMPRODUCT(E12:L12,$E$7:$L$7),2))
B13: =IF(Envelopes!$B$10="","",Envelopes!$B$10) | C13: =IF(OR(B13="",$N$4=0),"",N(INDEX(Paydays!$E$6:$T$205,$N$4,5))) | D13: =IF(B13="","",IF(N(Envelopes!$E$10)>0,N(Envelopes!$E$10),"Any")) | E13: =IF(OR(N(C13)<=0,E$7<=0,AND(N(Envelopes!$E$10)>0,E$7>N(Envelopes!$E$10))),0,INT(ROUND(ROUND(C13-0,2)/E$7,6))) | F13: =IF(OR(N(C13)<=0,F$7<=0,AND(N(Envelopes!$E$10)>0,F$7>N(Envelopes!$E$10))),0,INT(ROUND(ROUND(C13-SUMPRODUCT($E13:E13,$E$7:E$7),2)/F$7,6))) | G13: =IF(OR(N(C13)<=0,G$7<=0,AND(N(Envelopes!$E$10)>0,G$7>N(Envelopes!$E$10))),0,INT(ROUND(ROUND(C13-SUMPRODUCT($E13:F13,$E$7:F$7),2)/G$7,6))) | H13: =IF(OR(N(C13)<=0,H$7<=0,AND(N(Envelopes!$E$10)>0,H$7>N(Envelopes!$E$10))),0,INT(ROUND(ROUND(C13-SUMPRODUCT($E13:G13,$E$7:G$7),2)/H$7,6))) | I13: =IF(OR(N(C13)<=0,I$7<=0,AND(N(Envelopes!$E$10)>0,I$7>N(Envelopes!$E$10))),0,INT(ROUND(ROUND(C13-SUMPRODUCT($E13:H13,$E$7:H$7),2)/I$7,6))) | J13: =IF(OR(N(C13)<=0,J$7<=0,AND(N(Envelopes!$E$10)>0,J$7>N(Envelopes!$E$10))),0,INT(ROUND(ROUND(C13-SUMPRODUCT($E13:I13,$E$7:I$7),2)/J$7,6))) | K13: =IF(OR(N(C13)<=0,K$7<=0,AND(N(Envelopes!$E$10)>0,K$7>N(Envelopes!$E$10))),0,INT(ROUND(ROUND(C13-SUMPRODUCT($E13:J13,$E$7:J$7),2)/K$7,6))) | L13: =IF(OR(N(C13)<=0,L$7<=0,AND(N(Envelopes!$E$10)>0,L$7>N(Envelopes!$E$10))),0,INT(ROUND(ROUND(C13-SUMPRODUCT($E13:K13,$E$7:K$7),2)/L$7,6))) | M13: =IF(OR(C13="",N(C13)<=0),"",ROUND(C13-SUMPRODUCT(E13:L13,$E$7:$L$7),2))
B14: =IF(Envelopes!$B$11="","",Envelopes!$B$11) | C14: =IF(OR(B14="",$N$4=0),"",N(INDEX(Paydays!$E$6:$T$205,$N$4,6))) | D14: =IF(B14="","",IF(N(Envelopes!$E$11)>0,N(Envelopes!$E$11),"Any")) | E14: =IF(OR(N(C14)<=0,E$7<=0,AND(N(Envelopes!$E$11)>0,E$7>N(Envelopes!$E$11))),0,INT(ROUND(ROUND(C14-0,2)/E$7,6))) | F14: =IF(OR(N(C14)<=0,F$7<=0,AND(N(Envelopes!$E$11)>0,F$7>N(Envelopes!$E$11))),0,INT(ROUND(ROUND(C14-SUMPRODUCT($E14:E14,$E$7:E$7),2)/F$7,6))) | G14: =IF(OR(N(C14)<=0,G$7<=0,AND(N(Envelopes!$E$11)>0,G$7>N(Envelopes!$E$11))),0,INT(ROUND(ROUND(C14-SUMPRODUCT($E14:F14,$E$7:F$7),2)/G$7,6))) | H14: =IF(OR(N(C14)<=0,H$7<=0,AND(N(Envelopes!$E$11)>0,H$7>N(Envelopes!$E$11))),0,INT(ROUND(ROUND(C14-SUMPRODUCT($E14:G14,$E$7:G$7),2)/H$7,6))) | I14: =IF(OR(N(C14)<=0,I$7<=0,AND(N(Envelopes!$E$11)>0,I$7>N(Envelopes!$E$11))),0,INT(ROUND(ROUND(C14-SUMPRODUCT($E14:H14,$E$7:H$7),2)/I$7,6))) | J14: =IF(OR(N(C14)<=0,J$7<=0,AND(N(Envelopes!$E$11)>0,J$7>N(Envelopes!$E$11))),0,INT(ROUND(ROUND(C14-SUMPRODUCT($E14:I14,$E$7:I$7),2)/J$7,6))) | K14: =IF(OR(N(C14)<=0,K$7<=0,AND(N(Envelopes!$E$11)>0,K$7>N(Envelopes!$E$11))),0,INT(ROUND(ROUND(C14-SUMPRODUCT($E14:J14,$E$7:J$7),2)/K$7,6))) | L14: =IF(OR(N(C14)<=0,L$7<=0,AND(N(Envelopes!$E$11)>0,L$7>N(Envelopes!$E$11))),0,INT(ROUND(ROUND(C14-SUMPRODUCT($E14:K14,$E$7:K$7),2)/L$7,6))) | M14: =IF(OR(C14="",N(C14)<=0),"",ROUND(C14-SUMPRODUCT(E14:L14,$E$7:$L$7),2))
B15: =IF(Envelopes!$B$12="","",Envelopes!$B$12) | C15: =IF(OR(B15="",$N$4=0),"",N(INDEX(Paydays!$E$6:$T$205,$N$4,7))) | D15: =IF(B15="","",IF(N(Envelopes!$E$12)>0,N(Envelopes!$E$12),"Any")) | E15: =IF(OR(N(C15)<=0,E$7<=0,AND(N(Envelopes!$E$12)>0,E$7>N(Envelopes!$E$12))),0,INT(ROUND(ROUND(C15-0,2)/E$7,6))) | F15: =IF(OR(N(C15)<=0,F$7<=0,AND(N(Envelopes!$E$12)>0,F$7>N(Envelopes!$E$12))),0,INT(ROUND(ROUND(C15-SUMPRODUCT($E15:E15,$E$7:E$7),2)/F$7,6))) | G15: =IF(OR(N(C15)<=0,G$7<=0,AND(N(Envelopes!$E$12)>0,G$7>N(Envelopes!$E$12))),0,INT(ROUND(ROUND(C15-SUMPRODUCT($E15:F15,$E$7:F$7),2)/G$7,6))) | H15: =IF(OR(N(C15)<=0,H$7<=0,AND(N(Envelopes!$E$12)>0,H$7>N(Envelopes!$E$12))),0,INT(ROUND(ROUND(C15-SUMPRODUCT($E15:G15,$E$7:G$7),2)/H$7,6))) | I15: =IF(OR(N(C15)<=0,I$7<=0,AND(N(Envelopes!$E$12)>0,I$7>N(Envelopes!$E$12))),0,INT(ROUND(ROUND(C15-SUMPRODUCT($E15:H15,$E$7:H$7),2)/I$7,6))) | J15: =IF(OR(N(C15)<=0,J$7<=0,AND(N(Envelopes!$E$12)>0,J$7>N(Envelopes!$E$12))),0,INT(ROUND(ROUND(C15-SUMPRODUCT($E15:I15,$E$7:I$7),2)/J$7,6))) | K15: =IF(OR(N(C15)<=0,K$7<=0,AND(N(Envelopes!$E$12)>0,K$7>N(Envelopes!$E$12))),0,INT(ROUND(ROUND(C15-SUMPRODUCT($E15:J15,$E$7:J$7),2)/K$7,6))) | L15: =IF(OR(N(C15)<=0,L$7<=0,AND(N(Envelopes!$E$12)>0,L$7>N(Envelopes!$E$12))),0,INT(ROUND(ROUND(C15-SUMPRODUCT($E15:K15,$E$7:K$7),2)/L$7,6))) | M15: =IF(OR(C15="",N(C15)<=0),"",ROUND(C15-SUMPRODUCT(E15:L15,$E$7:$L$7),2))
B16: =IF(Envelopes!$B$13="","",Envelopes!$B$13) | C16: =IF(OR(B16="",$N$4=0),"",N(INDEX(Paydays!$E$6:$T$205,$N$4,8))) | D16: =IF(B16="","",IF(N(Envelopes!$E$13)>0,N(Envelopes!$E$13),"Any")) | E16: =IF(OR(N(C16)<=0,E$7<=0,AND(N(Envelopes!$E$13)>0,E$7>N(Envelopes!$E$13))),0,INT(ROUND(ROUND(C16-0,2)/E$7,6))) | F16: =IF(OR(N(C16)<=0,F$7<=0,AND(N(Envelopes!$E$13)>0,F$7>N(Envelopes!$E$13))),0,INT(ROUND(ROUND(C16-SUMPRODUCT($E16:E16,$E$7:E$7),2)/F$7,6))) | G16: =IF(OR(N(C16)<=0,G$7<=0,AND(N(Envelopes!$E$13)>0,G$7>N(Envelopes!$E$13))),0,INT(ROUND(ROUND(C16-SUMPRODUCT($E16:F16,$E$7:F$7),2)/G$7,6))) | H16: =IF(OR(N(C16)<=0,H$7<=0,AND(N(Envelopes!$E$13)>0,H$7>N(Envelopes!$E$13))),0,INT(ROUND(ROUND(C16-SUMPRODUCT($E16:G16,$E$7:G$7),2)/H$7,6))) | I16: =IF(OR(N(C16)<=0,I$7<=0,AND(N(Envelopes!$E$13)>0,I$7>N(Envelopes!$E$13))),0,INT(ROUND(ROUND(C16-SUMPRODUCT($E16:H16,$E$7:H$7),2)/I$7,6))) | J16: =IF(OR(N(C16)<=0,J$7<=0,AND(N(Envelopes!$E$13)>0,J$7>N(Envelopes!$E$13))),0,INT(ROUND(ROUND(C16-SUMPRODUCT($E16:I16,$E$7:I$7),2)/J$7,6))) | K16: =IF(OR(N(C16)<=0,K$7<=0,AND(N(Envelopes!$E$13)>0,K$7>N(Envelopes!$E$13))),0,INT(ROUND(ROUND(C16-SUMPRODUCT($E16:J16,$E$7:J$7),2)/K$7,6))) | L16: =IF(OR(N(C16)<=0,L$7<=0,AND(N(Envelopes!$E$13)>0,L$7>N(Envelopes!$E$13))),0,INT(ROUND(ROUND(C16-SUMPRODUCT($E16:K16,$E$7:K$7),2)/L$7,6))) | M16: =IF(OR(C16="",N(C16)<=0),"",ROUND(C16-SUMPRODUCT(E16:L16,$E$7:$L$7),2))
B17: =IF(Envelopes!$B$14="","",Envelopes!$B$14) | C17: =IF(OR(B17="",$N$4=0),"",N(INDEX(Paydays!$E$6:$T$205,$N$4,9))) | D17: =IF(B17="","",IF(N(Envelopes!$E$14)>0,N(Envelopes!$E$14),"Any")) | E17: =IF(OR(N(C17)<=0,E$7<=0,AND(N(Envelopes!$E$14)>0,E$7>N(Envelopes!$E$14))),0,INT(ROUND(ROUND(C17-0,2)/E$7,6))) | F17: =IF(OR(N(C17)<=0,F$7<=0,AND(N(Envelopes!$E$14)>0,F$7>N(Envelopes!$E$14))),0,INT(ROUND(ROUND(C17-SUMPRODUCT($E17:E17,$E$7:E$7),2)/F$7,6))) | G17: =IF(OR(N(C17)<=0,G$7<=0,AND(N(Envelopes!$E$14)>0,G$7>N(Envelopes!$E$14))),0,INT(ROUND(ROUND(C17-SUMPRODUCT($E17:F17,$E$7:F$7),2)/G$7,6))) | H17: =IF(OR(N(C17)<=0,H$7<=0,AND(N(Envelopes!$E$14)>0,H$7>N(Envelopes!$E$14))),0,INT(ROUND(ROUND(C17-SUMPRODUCT($E17:G17,$E$7:G$7),2)/H$7,6))) | I17: =IF(OR(N(C17)<=0,I$7<=0,AND(N(Envelopes!$E$14)>0,I$7>N(Envelopes!$E$14))),0,INT(ROUND(ROUND(C17-SUMPRODUCT($E17:H17,$E$7:H$7),2)/I$7,6))) | J17: =IF(OR(N(C17)<=0,J$7<=0,AND(N(Envelopes!$E$14)>0,J$7>N(Envelopes!$E$14))),0,INT(ROUND(ROUND(C17-SUMPRODUCT($E17:I17,$E$7:I$7),2)/J$7,6))) | K17: =IF(OR(N(C17)<=0,K$7<=0,AND(N(Envelopes!$E$14)>0,K$7>N(Envelopes!$E$14))),0,INT(ROUND(ROUND(C17-SUMPRODUCT($E17:J17,$E$7:J$7),2)/K$7,6))) | L17: =IF(OR(N(C17)<=0,L$7<=0,AND(N(Envelopes!$E$14)>0,L$7>N(Envelopes!$E$14))),0,INT(ROUND(ROUND(C17-SUMPRODUCT($E17:K17,$E$7:K$7),2)/L$7,6))) | M17: =IF(OR(C17="",N(C17)<=0),"",ROUND(C17-SUMPRODUCT(E17:L17,$E$7:$L$7),2))
B18: =IF(Envelopes!$B$15="","",Envelopes!$B$15) | C18: =IF(OR(B18="",$N$4=0),"",N(INDEX(Paydays!$E$6:$T$205,$N$4,10))) | D18: =IF(B18="","",IF(N(Envelopes!$E$15)>0,N(Envelopes!$E$15),"Any")) | E18: =IF(OR(N(C18)<=0,E$7<=0,AND(N(Envelopes!$E$15)>0,E$7>N(Envelopes!$E$15))),0,INT(ROUND(ROUND(C18-0,2)/E$7,6))) | F18: =IF(OR(N(C18)<=0,F$7<=0,AND(N(Envelopes!$E$15)>0,F$7>N(Envelopes!$E$15))),0,INT(ROUND(ROUND(C18-SUMPRODUCT($E18:E18,$E$7:E$7),2)/F$7,6))) | G18: =IF(OR(N(C18)<=0,G$7<=0,AND(N(Envelopes!$E$15)>0,G$7>N(Envelopes!$E$15))),0,INT(ROUND(ROUND(C18-SUMPRODUCT($E18:F18,$E$7:F$7),2)/G$7,6))) | H18: =IF(OR(N(C18)<=0,H$7<=0,AND(N(Envelopes!$E$15)>0,H$7>N(Envelopes!$E$15))),0,INT(ROUND(ROUND(C18-SUMPRODUCT($E18:G18,$E$7:G$7),2)/H$7,6))) | I18: =IF(OR(N(C18)<=0,I$7<=0,AND(N(Envelopes!$E$15)>0,I$7>N(Envelopes!$E$15))),0,INT(ROUND(ROUND(C18-SUMPRODUCT($E18:H18,$E$7:H$7),2)/I$7,6))) | J18: =IF(OR(N(C18)<=0,J$7<=0,AND(N(Envelopes!$E$15)>0,J$7>N(Envelopes!$E$15))),0,INT(ROUND(ROUND(C18-SUMPRODUCT($E18:I18,$E$7:I$7),2)/J$7,6))) | K18: =IF(OR(N(C18)<=0,K$7<=0,AND(N(Envelopes!$E$15)>0,K$7>N(Envelopes!$E$15))),0,INT(ROUND(ROUND(C18-SUMPRODUCT($E18:J18,$E$7:J$7),2)/K$7,6))) | L18: =IF(OR(N(C18)<=0,L$7<=0,AND(N(Envelopes!$E$15)>0,L$7>N(Envelopes!$E$15))),0,INT(ROUND(ROUND(C18-SUMPRODUCT($E18:K18,$E$7:K$7),2)/L$7,6))) | M18: =IF(OR(C18="",N(C18)<=0),"",ROUND(C18-SUMPRODUCT(E18:L18,$E$7:$L$7),2))
B19: =IF(Envelopes!$B$16="","",Envelopes!$B$16) | C19: =IF(OR(B19="",$N$4=0),"",N(INDEX(Paydays!$E$6:$T$205,$N$4,11))) | D19: =IF(B19="","",IF(N(Envelopes!$E$16)>0,N(Envelopes!$E$16),"Any")) | E19: =IF(OR(N(C19)<=0,E$7<=0,AND(N(Envelopes!$E$16)>0,E$7>N(Envelopes!$E$16))),0,INT(ROUND(ROUND(C19-0,2)/E$7,6))) | F19: =IF(OR(N(C19)<=0,F$7<=0,AND(N(Envelopes!$E$16)>0,F$7>N(Envelopes!$E$16))),0,INT(ROUND(ROUND(C19-SUMPRODUCT($E19:E19,$E$7:E$7),2)/F$7,6))) | G19: =IF(OR(N(C19)<=0,G$7<=0,AND(N(Envelopes!$E$16)>0,G$7>N(Envelopes!$E$16))),0,INT(ROUND(ROUND(C19-SUMPRODUCT($E19:F19,$E$7:F$7),2)/G$7,6))) | H19: =IF(OR(N(C19)<=0,H$7<=0,AND(N(Envelopes!$E$16)>0,H$7>N(Envelopes!$E$16))),0,INT(ROUND(ROUND(C19-SUMPRODUCT($E19:G19,$E$7:G$7),2)/H$7,6))) | I19: =IF(OR(N(C19)<=0,I$7<=0,AND(N(Envelopes!$E$16)>0,I$7>N(Envelopes!$E$16))),0,INT(ROUND(ROUND(C19-SUMPRODUCT($E19:H19,$E$7:H$7),2)/I$7,6))) | J19: =IF(OR(N(C19)<=0,J$7<=0,AND(N(Envelopes!$E$16)>0,J$7>N(Envelopes!$E$16))),0,INT(ROUND(ROUND(C19-SUMPRODUCT($E19:I19,$E$7:I$7),2)/J$7,6))) | K19: =IF(OR(N(C19)<=0,K$7<=0,AND(N(Envelopes!$E$16)>0,K$7>N(Envelopes!$E$16))),0,INT(ROUND(ROUND(C19-SUMPRODUCT($E19:J19,$E$7:J$7),2)/K$7,6))) | L19: =IF(OR(N(C19)<=0,L$7<=0,AND(N(Envelopes!$E$16)>0,L$7>N(Envelopes!$E$16))),0,INT(ROUND(ROUND(C19-SUMPRODUCT($E19:K19,$E$7:K$7),2)/L$7,6))) | M19: =IF(OR(C19="",N(C19)<=0),"",ROUND(C19-SUMPRODUCT(E19:L19,$E$7:$L$7),2))
B20: =IF(Envelopes!$B$17="","",Envelopes!$B$17) | C20: =IF(OR(B20="",$N$4=0),"",N(INDEX(Paydays!$E$6:$T$205,$N$4,12))) | D20: =IF(B20="","",IF(N(Envelopes!$E$17)>0,N(Envelopes!$E$17),"Any")) | E20: =IF(OR(N(C20)<=0,E$7<=0,AND(N(Envelopes!$E$17)>0,E$7>N(Envelopes!$E$17))),0,INT(ROUND(ROUND(C20-0,2)/E$7,6))) | F20: =IF(OR(N(C20)<=0,F$7<=0,AND(N(Envelopes!$E$17)>0,F$7>N(Envelopes!$E$17))),0,INT(ROUND(ROUND(C20-SUMPRODUCT($E20:E20,$E$7:E$7),2)/F$7,6))) | G20: =IF(OR(N(C20)<=0,G$7<=0,AND(N(Envelopes!$E$17)>0,G$7>N(Envelopes!$E$17))),0,INT(ROUND(ROUND(C20-SUMPRODUCT($E20:F20,$E$7:F$7),2)/G$7,6))) | H20: =IF(OR(N(C20)<=0,H$7<=0,AND(N(Envelopes!$E$17)>0,H$7>N(Envelopes!$E$17))),0,INT(ROUND(ROUND(C20-SUMPRODUCT($E20:G20,$E$7:G$7),2)/H$7,6))) | I20: =IF(OR(N(C20)<=0,I$7<=0,AND(N(Envelopes!$E$17)>0,I$7>N(Envelopes!$E$17))),0,INT(ROUND(ROUND(C20-SUMPRODUCT($E20:H20,$E$7:H$7),2)/I$7,6))) | J20: =IF(OR(N(C20)<=0,J$7<=0,AND(N(Envelopes!$E$17)>0,J$7>N(Envelopes!$E$17))),0,INT(ROUND(ROUND(C20-SUMPRODUCT($E20:I20,$E$7:I$7),2)/J$7,6))) | K20: =IF(OR(N(C20)<=0,K$7<=0,AND(N(Envelopes!$E$17)>0,K$7>N(Envelopes!$E$17))),0,INT(ROUND(ROUND(C20-SUMPRODUCT($E20:J20,$E$7:J$7),2)/K$7,6))) | L20: =IF(OR(N(C20)<=0,L$7<=0,AND(N(Envelopes!$E$17)>0,L$7>N(Envelopes!$E$17))),0,INT(ROUND(ROUND(C20-SUMPRODUCT($E20:K20,$E$7:K$7),2)/L$7,6))) | M20: =IF(OR(C20="",N(C20)<=0),"",ROUND(C20-SUMPRODUCT(E20:L20,$E$7:$L$7),2))
B21: =IF(Envelopes!$B$18="","",Envelopes!$B$18) | C21: =IF(OR(B21="",$N$4=0),"",N(INDEX(Paydays!$E$6:$T$205,$N$4,13))) | D21: =IF(B21="","",IF(N(Envelopes!$E$18)>0,N(Envelopes!$E$18),"Any")) | E21: =IF(OR(N(C21)<=0,E$7<=0,AND(N(Envelopes!$E$18)>0,E$7>N(Envelopes!$E$18))),0,INT(ROUND(ROUND(C21-0,2)/E$7,6))) | F21: =IF(OR(N(C21)<=0,F$7<=0,AND(N(Envelopes!$E$18)>0,F$7>N(Envelopes!$E$18))),0,INT(ROUND(ROUND(C21-SUMPRODUCT($E21:E21,$E$7:E$7),2)/F$7,6))) | G21: =IF(OR(N(C21)<=0,G$7<=0,AND(N(Envelopes!$E$18)>0,G$7>N(Envelopes!$E$18))),0,INT(ROUND(ROUND(C21-SUMPRODUCT($E21:F21,$E$7:F$7),2)/G$7,6))) | H21: =IF(OR(N(C21)<=0,H$7<=0,AND(N(Envelopes!$E$18)>0,H$7>N(Envelopes!$E$18))),0,INT(ROUND(ROUND(C21-SUMPRODUCT($E21:G21,$E$7:G$7),2)/H$7,6))) | I21: =IF(OR(N(C21)<=0,I$7<=0,AND(N(Envelopes!$E$18)>0,I$7>N(Envelopes!$E$18))),0,INT(ROUND(ROUND(C21-SUMPRODUCT($E21:H21,$E$7:H$7),2)/I$7,6))) | J21: =IF(OR(N(C21)<=0,J$7<=0,AND(N(Envelopes!$E$18)>0,J$7>N(Envelopes!$E$18))),0,INT(ROUND(ROUND(C21-SUMPRODUCT($E21:I21,$E$7:I$7),2)/J$7,6))) | K21: =IF(OR(N(C21)<=0,K$7<=0,AND(N(Envelopes!$E$18)>0,K$7>N(Envelopes!$E$18))),0,INT(ROUND(ROUND(C21-SUMPRODUCT($E21:J21,$E$7:J$7),2)/K$7,6))) | L21: =IF(OR(N(C21)<=0,L$7<=0,AND(N(Envelopes!$E$18)>0,L$7>N(Envelopes!$E$18))),0,INT(ROUND(ROUND(C21-SUMPRODUCT($E21:K21,$E$7:K$7),2)/L$7,6))) | M21: =IF(OR(C21="",N(C21)<=0),"",ROUND(C21-SUMPRODUCT(E21:L21,$E$7:$L$7),2))
B22: =IF(Envelopes!$B$19="","",Envelopes!$B$19) | C22: =IF(OR(B22="",$N$4=0),"",N(INDEX(Paydays!$E$6:$T$205,$N$4,14))) | D22: =IF(B22="","",IF(N(Envelopes!$E$19)>0,N(Envelopes!$E$19),"Any")) | E22: =IF(OR(N(C22)<=0,E$7<=0,AND(N(Envelopes!$E$19)>0,E$7>N(Envelopes!$E$19))),0,INT(ROUND(ROUND(C22-0,2)/E$7,6))) | F22: =IF(OR(N(C22)<=0,F$7<=0,AND(N(Envelopes!$E$19)>0,F$7>N(Envelopes!$E$19))),0,INT(ROUND(ROUND(C22-SUMPRODUCT($E22:E22,$E$7:E$7),2)/F$7,6))) | G22: =IF(OR(N(C22)<=0,G$7<=0,AND(N(Envelopes!$E$19)>0,G$7>N(Envelopes!$E$19))),0,INT(ROUND(ROUND(C22-SUMPRODUCT($E22:F22,$E$7:F$7),2)/G$7,6))) | H22: =IF(OR(N(C22)<=0,H$7<=0,AND(N(Envelopes!$E$19)>0,H$7>N(Envelopes!$E$19))),0,INT(ROUND(ROUND(C22-SUMPRODUCT($E22:G22,$E$7:G$7),2)/H$7,6))) | I22: =IF(OR(N(C22)<=0,I$7<=0,AND(N(Envelopes!$E$19)>0,I$7>N(Envelopes!$E$19))),0,INT(ROUND(ROUND(C22-SUMPRODUCT($E22:H22,$E$7:H$7),2)/I$7,6))) | J22: =IF(OR(N(C22)<=0,J$7<=0,AND(N(Envelopes!$E$19)>0,J$7>N(Envelopes!$E$19))),0,INT(ROUND(ROUND(C22-SUMPRODUCT($E22:I22,$E$7:I$7),2)/J$7,6))) | K22: =IF(OR(N(C22)<=0,K$7<=0,AND(N(Envelopes!$E$19)>0,K$7>N(Envelopes!$E$19))),0,INT(ROUND(ROUND(C22-SUMPRODUCT($E22:J22,$E$7:J$7),2)/K$7,6))) | L22: =IF(OR(N(C22)<=0,L$7<=0,AND(N(Envelopes!$E$19)>0,L$7>N(Envelopes!$E$19))),0,INT(ROUND(ROUND(C22-SUMPRODUCT($E22:K22,$E$7:K$7),2)/L$7,6))) | M22: =IF(OR(C22="",N(C22)<=0),"",ROUND(C22-SUMPRODUCT(E22:L22,$E$7:$L$7),2))
B23: =IF(Envelopes!$B$20="","",Envelopes!$B$20) | C23: =IF(OR(B23="",$N$4=0),"",N(INDEX(Paydays!$E$6:$T$205,$N$4,15))) | D23: =IF(B23="","",IF(N(Envelopes!$E$20)>0,N(Envelopes!$E$20),"Any")) | E23: =IF(OR(N(C23)<=0,E$7<=0,AND(N(Envelopes!$E$20)>0,E$7>N(Envelopes!$E$20))),0,INT(ROUND(ROUND(C23-0,2)/E$7,6))) | F23: =IF(OR(N(C23)<=0,F$7<=0,AND(N(Envelopes!$E$20)>0,F$7>N(Envelopes!$E$20))),0,INT(ROUND(ROUND(C23-SUMPRODUCT($E23:E23,$E$7:E$7),2)/F$7,6))) | G23: =IF(OR(N(C23)<=0,G$7<=0,AND(N(Envelopes!$E$20)>0,G$7>N(Envelopes!$E$20))),0,INT(ROUND(ROUND(C23-SUMPRODUCT($E23:F23,$E$7:F$7),2)/G$7,6))) | H23: =IF(OR(N(C23)<=0,H$7<=0,AND(N(Envelopes!$E$20)>0,H$7>N(Envelopes!$E$20))),0,INT(ROUND(ROUND(C23-SUMPRODUCT($E23:G23,$E$7:G$7),2)/H$7,6))) | I23: =IF(OR(N(C23)<=0,I$7<=0,AND(N(Envelopes!$E$20)>0,I$7>N(Envelopes!$E$20))),0,INT(ROUND(ROUND(C23-SUMPRODUCT($E23:H23,$E$7:H$7),2)/I$7,6))) | J23: =IF(OR(N(C23)<=0,J$7<=0,AND(N(Envelopes!$E$20)>0,J$7>N(Envelopes!$E$20))),0,INT(ROUND(ROUND(C23-SUMPRODUCT($E23:I23,$E$7:I$7),2)/J$7,6))) | K23: =IF(OR(N(C23)<=0,K$7<=0,AND(N(Envelopes!$E$20)>0,K$7>N(Envelopes!$E$20))),0,INT(ROUND(ROUND(C23-SUMPRODUCT($E23:J23,$E$7:J$7),2)/K$7,6))) | L23: =IF(OR(N(C23)<=0,L$7<=0,AND(N(Envelopes!$E$20)>0,L$7>N(Envelopes!$E$20))),0,INT(ROUND(ROUND(C23-SUMPRODUCT($E23:K23,$E$7:K$7),2)/L$7,6))) | M23: =IF(OR(C23="",N(C23)<=0),"",ROUND(C23-SUMPRODUCT(E23:L23,$E$7:$L$7),2))
B24: =IF(Envelopes!$B$21="","",Envelopes!$B$21) | C24: =IF(OR(B24="",$N$4=0),"",N(INDEX(Paydays!$E$6:$T$205,$N$4,16))) | D24: =IF(B24="","",IF(N(Envelopes!$E$21)>0,N(Envelopes!$E$21),"Any")) | E24: =IF(OR(N(C24)<=0,E$7<=0,AND(N(Envelopes!$E$21)>0,E$7>N(Envelopes!$E$21))),0,INT(ROUND(ROUND(C24-0,2)/E$7,6))) | F24: =IF(OR(N(C24)<=0,F$7<=0,AND(N(Envelopes!$E$21)>0,F$7>N(Envelopes!$E$21))),0,INT(ROUND(ROUND(C24-SUMPRODUCT($E24:E24,$E$7:E$7),2)/F$7,6))) | G24: =IF(OR(N(C24)<=0,G$7<=0,AND(N(Envelopes!$E$21)>0,G$7>N(Envelopes!$E$21))),0,INT(ROUND(ROUND(C24-SUMPRODUCT($E24:F24,$E$7:F$7),2)/G$7,6))) | H24: =IF(OR(N(C24)<=0,H$7<=0,AND(N(Envelopes!$E$21)>0,H$7>N(Envelopes!$E$21))),0,INT(ROUND(ROUND(C24-SUMPRODUCT($E24:G24,$E$7:G$7),2)/H$7,6))) | I24: =IF(OR(N(C24)<=0,I$7<=0,AND(N(Envelopes!$E$21)>0,I$7>N(Envelopes!$E$21))),0,INT(ROUND(ROUND(C24-SUMPRODUCT($E24:H24,$E$7:H$7),2)/I$7,6))) | J24: =IF(OR(N(C24)<=0,J$7<=0,AND(N(Envelopes!$E$21)>0,J$7>N(Envelopes!$E$21))),0,INT(ROUND(ROUND(C24-SUMPRODUCT($E24:I24,$E$7:I$7),2)/J$7,6))) | K24: =IF(OR(N(C24)<=0,K$7<=0,AND(N(Envelopes!$E$21)>0,K$7>N(Envelopes!$E$21))),0,INT(ROUND(ROUND(C24-SUMPRODUCT($E24:J24,$E$7:J$7),2)/K$7,6))) | L24: =IF(OR(N(C24)<=0,L$7<=0,AND(N(Envelopes!$E$21)>0,L$7>N(Envelopes!$E$21))),0,INT(ROUND(ROUND(C24-SUMPRODUCT($E24:K24,$E$7:K$7),2)/L$7,6))) | M24: =IF(OR(C24="",N(C24)<=0),"",ROUND(C24-SUMPRODUCT(E24:L24,$E$7:$L$7),2))
B25: Notes to ask for | E25: =SUM(E9:E24) | F25: =SUM(F9:F24) | G25: =SUM(G9:G24) | H25: =SUM(H9:H24) | I25: =SUM(I9:I24) | J25: =SUM(J9:J24) | K25: =SUM(K9:K24) | L25: =SUM(L9:L24) | M25: =SUM(M9:M24)
B27: =IF(C5<=0,"","Ask the bank for "&MID(E28&F28&G28&H28&I28&J28&K28&L28&M28,3,400)&".")
E28: =IF(E25>0,", "&E25&" of "&E7,"") | F28: =IF(F25>0,", "&F25&" of "&F7,"") | G28: =IF(G25>0,", "&G25&" of "&G7,"") | H28: =IF(H25>0,", "&H25&" of "&H7,"") | I28: =IF(I25>0,", "&I25&" of "&I7,"") | J28: =IF(J25>0,", "&J25&" of "&J7,"") | K28: =IF(K25>0,", "&K25&" of "&K7,"") | L28: =IF(L25>0,", "&L25&" of "&L7,"") | M28: =IF(M25>0,IF(SUM(E25:L25)>0,", and ",", ")&FIXED(M25,2)&" in coins","")

Sheet Cards
B2: Envelope cards
B3: Print this tab, cut out the cards and keep one in each envelope.
B4: Cards | C4: 1 to 8 | D4: =IF(N(Cash!$C$4)=0,"","For the payday of "&DAY(Cash!$C$4)&" "&CHOOSE(MONTH(Cash!$C$4),"Jan","Feb","Mar","Apr","May","Jun","Jul","Aug","Sep","Oct","Nov","Dec"))
B6: =IF(INDEX(Envelopes!$B$6:$B$21,(1+IF($C$4="9 to 16",8,0)))="","",INDEX(Envelopes!$B$6:$B$21,(1+IF($C$4="9 to 16",8,0)))) | G6: =IF(INDEX(Envelopes!$B$6:$B$21,(2+IF($C$4="9 to 16",8,0)))="","",INDEX(Envelopes!$B$6:$B$21,(2+IF($C$4="9 to 16",8,0))))
B7: =IF(INDEX(Envelopes!$B$6:$B$21,(1+IF($C$4="9 to 16",8,0)))="","",IF(N(Cash!$C$4)=0,"","Cash on "&DAY(Cash!$C$4)&" "&CHOOSE(MONTH(Cash!$C$4),"Jan","Feb","Mar","Apr","May","Jun","Jul","Aug","Sep","Oct","Nov","Dec")&": "&FIXED(N(INDEX(Envelopes!$Q$6:$Q$21,(1+IF($C$4="9 to 16",8,0)))),2))) | G7: =IF(INDEX(Envelopes!$B$6:$B$21,(2+IF($C$4="9 to 16",8,0)))="","",IF(N(Cash!$C$4)=0,"","Cash on "&DAY(Cash!$C$4)&" "&CHOOSE(MONTH(Cash!$C$4),"Jan","Feb","Mar","Apr","May","Jun","Jul","Aug","Sep","Oct","Nov","Dec")&": "&FIXED(N(INDEX(Envelopes!$Q$6:$Q$21,(2+IF($C$4="9 to 16",8,0)))),2)))
B8: Date | C8: What | D8: Amount | E8: Left | G8: Date | H8: What | I8: Amount | J8: Left
B18: =IF(INDEX(Envelopes!$B$6:$B$21,(3+IF($C$4="9 to 16",8,0)))="","",INDEX(Envelopes!$B$6:$B$21,(3+IF($C$4="9 to 16",8,0)))) | G18: =IF(INDEX(Envelopes!$B$6:$B$21,(4+IF($C$4="9 to 16",8,0)))="","",INDEX(Envelopes!$B$6:$B$21,(4+IF($C$4="9 to 16",8,0))))
B19: =IF(INDEX(Envelopes!$B$6:$B$21,(3+IF($C$4="9 to 16",8,0)))="","",IF(N(Cash!$C$4)=0,"","Cash on "&DAY(Cash!$C$4)&" "&CHOOSE(MONTH(Cash!$C$4),"Jan","Feb","Mar","Apr","May","Jun","Jul","Aug","Sep","Oct","Nov","Dec")&": "&FIXED(N(INDEX(Envelopes!$Q$6:$Q$21,(3+IF($C$4="9 to 16",8,0)))),2))) | G19: =IF(INDEX(Envelopes!$B$6:$B$21,(4+IF($C$4="9 to 16",8,0)))="","",IF(N(Cash!$C$4)=0,"","Cash on "&DAY(Cash!$C$4)&" "&CHOOSE(MONTH(Cash!$C$4),"Jan","Feb","Mar","Apr","May","Jun","Jul","Aug","Sep","Oct","Nov","Dec")&": "&FIXED(N(INDEX(Envelopes!$Q$6:$Q$21,(4+IF($C$4="9 to 16",8,0)))),2)))
B20: Date | C20: What | D20: Amount | E20: Left | G20: Date | H20: What | I20: Amount | J20: Left
B30: =IF(INDEX(Envelopes!$B$6:$B$21,(5+IF($C$4="9 to 16",8,0)))="","",INDEX(Envelopes!$B$6:$B$21,(5+IF($C$4="9 to 16",8,0)))) | G30: =IF(INDEX(Envelopes!$B$6:$B$21,(6+IF($C$4="9 to 16",8,0)))="","",INDEX(Envelopes!$B$6:$B$21,(6+IF($C$4="9 to 16",8,0))))
B31: =IF(INDEX(Envelopes!$B$6:$B$21,(5+IF($C$4="9 to 16",8,0)))="","",IF(N(Cash!$C$4)=0,"","Cash on "&DAY(Cash!$C$4)&" "&CHOOSE(MONTH(Cash!$C$4),"Jan","Feb","Mar","Apr","May","Jun","Jul","Aug","Sep","Oct","Nov","Dec")&": "&FIXED(N(INDEX(Envelopes!$Q$6:$Q$21,(5+IF($C$4="9 to 16",8,0)))),2))) | G31: =IF(INDEX(Envelopes!$B$6:$B$21,(6+IF($C$4="9 to 16",8,0)))="","",IF(N(Cash!$C$4)=0,"","Cash on "&DAY(Cash!$C$4)&" "&CHOOSE(MONTH(Cash!$C$4),"Jan","Feb","Mar","Apr","May","Jun","Jul","Aug","Sep","Oct","Nov","Dec")&": "&FIXED(N(INDEX(Envelopes!$Q$6:$Q$21,(6+IF($C$4="9 to 16",8,0)))),2)))
B32: Date | C32: What | D32: Amount | E32: Left | G32: Date | H32: What | I32: Amount | J32: Left
B42: =IF(INDEX(Envelopes!$B$6:$B$21,(7+IF($C$4="9 to 16",8,0)))="","",INDEX(Envelopes!$B$6:$B$21,(7+IF($C$4="9 to 16",8,0)))) | G42: =IF(INDEX(Envelopes!$B$6:$B$21,(8+IF($C$4="9 to 16",8,0)))="","",INDEX(Envelopes!$B$6:$B$21,(8+IF($C$4="9 to 16",8,0))))
B43: =IF(INDEX(Envelopes!$B$6:$B$21,(7+IF($C$4="9 to 16",8,0)))="","",IF(N(Cash!$C$4)=0,"","Cash on "&DAY(Cash!$C$4)&" "&CHOOSE(MONTH(Cash!$C$4),"Jan","Feb","Mar","Apr","May","Jun","Jul","Aug","Sep","Oct","Nov","Dec")&": "&FIXED(N(INDEX(Envelopes!$Q$6:$Q$21,(7+IF($C$4="9 to 16",8,0)))),2))) | G43: =IF(INDEX(Envelopes!$B$6:$B$21,(8+IF($C$4="9 to 16",8,0)))="","",IF(N(Cash!$C$4)=0,"","Cash on "&DAY(Cash!$C$4)&" "&CHOOSE(MONTH(Cash!$C$4),"Jan","Feb","Mar","Apr","May","Jun","Jul","Aug","Sep","Oct","Nov","Dec")&": "&FIXED(N(INDEX(Envelopes!$Q$6:$Q$21,(8+IF($C$4="9 to 16",8,0)))),2)))
B44: Date | C44: What | D44: Amount | E44: Left | G44: Date | H44: What | I44: Amount | J44: Left

Sheet Settings
B2: Settings
B3: How often you are paid, the month shown, and the notes your bank gives out.
B4: Currency | C4: USD | E4: Shown next to the cash to take out.
B5: Paid | C5: Every 2 weeks | E5: Every week, every 2 weeks, twice a month or every month. | H5: =IF(C5="Every week",52,IF(C5="Twice a month",24,IF(C5="Every month",12,26)))
B6: Month shown | C6: =DATE(YEAR(TODAY()),MONTH(TODAY()),1) | E6: The month on the Dashboard. Type a date in another month to look back.
B7: Low when less than | C7: 0.25 | E7: An envelope is low when less than this share of its plan is left.
B9: Notes you use
B10: Any order. Leave out the ones you do not want in your envelopes.
B11: Note 1 | C11: 100 | E11: For euros: 200, 100, 50, 20, 10 and 5, and the coins 2 and 1 if you like.
B12: Note 2 | C12: 50 | E12: For pounds: 50, 20, 10 and 5. Anything smaller is counted as coins.
B13: Note 3 | C13: 20
B14: Note 4 | C14: 10
B15: Note 5 | C15: 5
B16: Note 6 | C16: 1
B17: Note 7
B18: Note 8

Sheet Start Here
B2: Start here
B3: Type only in the yellow cells.
B5: 1 | C5: Settings: how often you are paid, and the notes your bank gives out.
B7: 2 | C7: Envelopes: each envelope once, with what goes in it each payday and the cash already in it. A sinking fund can have a target and a date.
B9: 3 | C9: Paydays: each payday, the date and what goes into each envelope. The plan row shows your usual amounts.
B11: 4 | C11: Cash: the notes to ask for at the bank for that payday, and how many go in each envelope.
B13: 5 | C13: Spending: each time you spend cash from an envelope. What is left carries over to the next month.
C16: The example envelopes and amounts are made up. Delete them and add your own.
C18: Cards: print a card for each envelope and note what you spend, then type it in later.
C20: Works in Google Sheets and Microsoft Excel, in any currency.
