Workbook

Sheet Dashboard
B2: Software and tools
B3: What the tools cost on the left, what needs a look on the right.
B4: Per month | C4: Per year | D4: Tools in use | E4: Per person a month | G4: ="Due in the next "&N(Settings!$C$5)&" days" | H4: Unused seats | I4: Unused a year | J4: To remove
B5: =SUM(Tools!$O$6:$O$105) | C5: =SUM(Tools!$P$6:$P$105) | D5: =COUNTIFS(Tools!$B$6:$B$105,"<>",Tools!$T$6:$T$105,"<>Cancelled") | E5: =IF(COUNTIF(Team!$H$6:$H$105,"Active")=0,"",SUM(Tools!$O$6:$O$105)/COUNTIF(Team!$H$6:$H$105,"Active")) | G5: =SUMIFS(Tools!$N$6:$N$105,Tools!$Q$6:$Q$105,">="&TODAY(),Tools!$Q$6:$Q$105,"<="&(TODAY()+N(Settings!$C$5))) | H5: =SUM(Tools!$S$6:$S$105) | I5: =SUM(Tools!$Y$6:$Y$105) | J5: =COUNTIF(Access!$H$6:$H$405,"Remove now")
B8: Coming up | C8: Charge on | D8: Amount | E8: Cancel by | G8: Needs a look | H8: Status | I8: Owner | J8: Per month
B9: =IF(O9="","Nothing to pay",INDEX(Tools!$B$6:$B$105,MATCH(O9,Tools!$V$6:$V$105,0))) | C9: =IF(O9="","",INT(O9)) | D9: =IF(O9="","",INDEX(Tools!$N$6:$N$105,MATCH(O9,Tools!$V$6:$V$105,0))) | E9: =IF(O9="","",IF(N(INDEX(Tools!$K$6:$K$105,MATCH(O9,Tools!$V$6:$V$105,0)))=0,"",INDEX(Tools!$R$6:$R$105,MATCH(O9,Tools!$V$6:$V$105,0)))) | G9: =IF(P9="","Nothing needs a look",INDEX(Tools!$B$6:$B$105,P9-5)) | H9: =IF(P9="","",INDEX(Tools!$T$6:$T$105,P9-5)) | I9: =IF(P9="","",IF(INDEX(Tools!$D$6:$D$105,P9-5)="","",INDEX(Tools!$D$6:$D$105,P9-5))) | J9: =IF(P9="","",INDEX(Tools!$O$6:$O$105,P9-5)) | O9: =IFERROR(SMALL(Tools!$V$6:$V$105,1),"") | P9: =IFERROR(SMALL(Tools!$X$6:$X$105,1),"")
B10: =IF(O10="","",INDEX(Tools!$B$6:$B$105,MATCH(O10,Tools!$V$6:$V$105,0))) | C10: =IF(O10="","",INT(O10)) | D10: =IF(O10="","",INDEX(Tools!$N$6:$N$105,MATCH(O10,Tools!$V$6:$V$105,0))) | E10: =IF(O10="","",IF(N(INDEX(Tools!$K$6:$K$105,MATCH(O10,Tools!$V$6:$V$105,0)))=0,"",INDEX(Tools!$R$6:$R$105,MATCH(O10,Tools!$V$6:$V$105,0)))) | G10: =IF(P10="","",INDEX(Tools!$B$6:$B$105,P10-5)) | H10: =IF(P10="","",INDEX(Tools!$T$6:$T$105,P10-5)) | I10: =IF(P10="","",IF(INDEX(Tools!$D$6:$D$105,P10-5)="","",INDEX(Tools!$D$6:$D$105,P10-5))) | J10: =IF(P10="","",INDEX(Tools!$O$6:$O$105,P10-5)) | O10: =IFERROR(SMALL(Tools!$V$6:$V$105,2),"") | P10: =IFERROR(SMALL(Tools!$X$6:$X$105,2),"")
B11: =IF(O11="","",INDEX(Tools!$B$6:$B$105,MATCH(O11,Tools!$V$6:$V$105,0))) | C11: =IF(O11="","",INT(O11)) | D11: =IF(O11="","",INDEX(Tools!$N$6:$N$105,MATCH(O11,Tools!$V$6:$V$105,0))) | E11: =IF(O11="","",IF(N(INDEX(Tools!$K$6:$K$105,MATCH(O11,Tools!$V$6:$V$105,0)))=0,"",INDEX(Tools!$R$6:$R$105,MATCH(O11,Tools!$V$6:$V$105,0)))) | G11: =IF(P11="","",INDEX(Tools!$B$6:$B$105,P11-5)) | H11: =IF(P11="","",INDEX(Tools!$T$6:$T$105,P11-5)) | I11: =IF(P11="","",IF(INDEX(Tools!$D$6:$D$105,P11-5)="","",INDEX(Tools!$D$6:$D$105,P11-5))) | J11: =IF(P11="","",INDEX(Tools!$O$6:$O$105,P11-5)) | O11: =IFERROR(SMALL(Tools!$V$6:$V$105,3),"") | P11: =IFERROR(SMALL(Tools!$X$6:$X$105,3),"")
B12: =IF(O12="","",INDEX(Tools!$B$6:$B$105,MATCH(O12,Tools!$V$6:$V$105,0))) | C12: =IF(O12="","",INT(O12)) | D12: =IF(O12="","",INDEX(Tools!$N$6:$N$105,MATCH(O12,Tools!$V$6:$V$105,0))) | E12: =IF(O12="","",IF(N(INDEX(Tools!$K$6:$K$105,MATCH(O12,Tools!$V$6:$V$105,0)))=0,"",INDEX(Tools!$R$6:$R$105,MATCH(O12,Tools!$V$6:$V$105,0)))) | G12: =IF(P12="","",INDEX(Tools!$B$6:$B$105,P12-5)) | H12: =IF(P12="","",INDEX(Tools!$T$6:$T$105,P12-5)) | I12: =IF(P12="","",IF(INDEX(Tools!$D$6:$D$105,P12-5)="","",INDEX(Tools!$D$6:$D$105,P12-5))) | J12: =IF(P12="","",INDEX(Tools!$O$6:$O$105,P12-5)) | O12: =IFERROR(SMALL(Tools!$V$6:$V$105,4),"") | P12: =IFERROR(SMALL(Tools!$X$6:$X$105,4),"")
B13: =IF(O13="","",INDEX(Tools!$B$6:$B$105,MATCH(O13,Tools!$V$6:$V$105,0))) | C13: =IF(O13="","",INT(O13)) | D13: =IF(O13="","",INDEX(Tools!$N$6:$N$105,MATCH(O13,Tools!$V$6:$V$105,0))) | E13: =IF(O13="","",IF(N(INDEX(Tools!$K$6:$K$105,MATCH(O13,Tools!$V$6:$V$105,0)))=0,"",INDEX(Tools!$R$6:$R$105,MATCH(O13,Tools!$V$6:$V$105,0)))) | G13: =IF(P13="","",INDEX(Tools!$B$6:$B$105,P13-5)) | H13: =IF(P13="","",INDEX(Tools!$T$6:$T$105,P13-5)) | I13: =IF(P13="","",IF(INDEX(Tools!$D$6:$D$105,P13-5)="","",INDEX(Tools!$D$6:$D$105,P13-5))) | J13: =IF(P13="","",INDEX(Tools!$O$6:$O$105,P13-5)) | O13: =IFERROR(SMALL(Tools!$V$6:$V$105,5),"") | P13: =IFERROR(SMALL(Tools!$X$6:$X$105,5),"")
B14: =IF(O14="","",INDEX(Tools!$B$6:$B$105,MATCH(O14,Tools!$V$6:$V$105,0))) | C14: =IF(O14="","",INT(O14)) | D14: =IF(O14="","",INDEX(Tools!$N$6:$N$105,MATCH(O14,Tools!$V$6:$V$105,0))) | E14: =IF(O14="","",IF(N(INDEX(Tools!$K$6:$K$105,MATCH(O14,Tools!$V$6:$V$105,0)))=0,"",INDEX(Tools!$R$6:$R$105,MATCH(O14,Tools!$V$6:$V$105,0)))) | G14: =IF(P14="","",INDEX(Tools!$B$6:$B$105,P14-5)) | H14: =IF(P14="","",INDEX(Tools!$T$6:$T$105,P14-5)) | I14: =IF(P14="","",IF(INDEX(Tools!$D$6:$D$105,P14-5)="","",INDEX(Tools!$D$6:$D$105,P14-5))) | J14: =IF(P14="","",INDEX(Tools!$O$6:$O$105,P14-5)) | O14: =IFERROR(SMALL(Tools!$V$6:$V$105,6),"") | P14: =IFERROR(SMALL(Tools!$X$6:$X$105,6),"")
B15: =IF(O15="","",INDEX(Tools!$B$6:$B$105,MATCH(O15,Tools!$V$6:$V$105,0))) | C15: =IF(O15="","",INT(O15)) | D15: =IF(O15="","",INDEX(Tools!$N$6:$N$105,MATCH(O15,Tools!$V$6:$V$105,0))) | E15: =IF(O15="","",IF(N(INDEX(Tools!$K$6:$K$105,MATCH(O15,Tools!$V$6:$V$105,0)))=0,"",INDEX(Tools!$R$6:$R$105,MATCH(O15,Tools!$V$6:$V$105,0)))) | G15: =IF(P15="","",INDEX(Tools!$B$6:$B$105,P15-5)) | H15: =IF(P15="","",INDEX(Tools!$T$6:$T$105,P15-5)) | I15: =IF(P15="","",IF(INDEX(Tools!$D$6:$D$105,P15-5)="","",INDEX(Tools!$D$6:$D$105,P15-5))) | J15: =IF(P15="","",INDEX(Tools!$O$6:$O$105,P15-5)) | O15: =IFERROR(SMALL(Tools!$V$6:$V$105,7),"") | P15: =IFERROR(SMALL(Tools!$X$6:$X$105,7),"")
B16: =IF(O16="","",INDEX(Tools!$B$6:$B$105,MATCH(O16,Tools!$V$6:$V$105,0))) | C16: =IF(O16="","",INT(O16)) | D16: =IF(O16="","",INDEX(Tools!$N$6:$N$105,MATCH(O16,Tools!$V$6:$V$105,0))) | E16: =IF(O16="","",IF(N(INDEX(Tools!$K$6:$K$105,MATCH(O16,Tools!$V$6:$V$105,0)))=0,"",INDEX(Tools!$R$6:$R$105,MATCH(O16,Tools!$V$6:$V$105,0)))) | G16: =IF(P16="","",INDEX(Tools!$B$6:$B$105,P16-5)) | H16: =IF(P16="","",INDEX(Tools!$T$6:$T$105,P16-5)) | I16: =IF(P16="","",IF(INDEX(Tools!$D$6:$D$105,P16-5)="","",INDEX(Tools!$D$6:$D$105,P16-5))) | J16: =IF(P16="","",INDEX(Tools!$O$6:$O$105,P16-5)) | O16: =IFERROR(SMALL(Tools!$V$6:$V$105,8),"") | P16: =IFERROR(SMALL(Tools!$X$6:$X$105,8),"")
B17: =IF(O17="","",INDEX(Tools!$B$6:$B$105,MATCH(O17,Tools!$V$6:$V$105,0))) | C17: =IF(O17="","",INT(O17)) | D17: =IF(O17="","",INDEX(Tools!$N$6:$N$105,MATCH(O17,Tools!$V$6:$V$105,0))) | E17: =IF(O17="","",IF(N(INDEX(Tools!$K$6:$K$105,MATCH(O17,Tools!$V$6:$V$105,0)))=0,"",INDEX(Tools!$R$6:$R$105,MATCH(O17,Tools!$V$6:$V$105,0)))) | G17: =IF(P17="","",INDEX(Tools!$B$6:$B$105,P17-5)) | H17: =IF(P17="","",INDEX(Tools!$T$6:$T$105,P17-5)) | I17: =IF(P17="","",IF(INDEX(Tools!$D$6:$D$105,P17-5)="","",INDEX(Tools!$D$6:$D$105,P17-5))) | J17: =IF(P17="","",INDEX(Tools!$O$6:$O$105,P17-5)) | O17: =IFERROR(SMALL(Tools!$V$6:$V$105,9),"") | P17: =IFERROR(SMALL(Tools!$X$6:$X$105,9),"")
B18: =IF(O18="","",INDEX(Tools!$B$6:$B$105,MATCH(O18,Tools!$V$6:$V$105,0))) | C18: =IF(O18="","",INT(O18)) | D18: =IF(O18="","",INDEX(Tools!$N$6:$N$105,MATCH(O18,Tools!$V$6:$V$105,0))) | E18: =IF(O18="","",IF(N(INDEX(Tools!$K$6:$K$105,MATCH(O18,Tools!$V$6:$V$105,0)))=0,"",INDEX(Tools!$R$6:$R$105,MATCH(O18,Tools!$V$6:$V$105,0)))) | G18: =IF(P18="","",INDEX(Tools!$B$6:$B$105,P18-5)) | H18: =IF(P18="","",INDEX(Tools!$T$6:$T$105,P18-5)) | I18: =IF(P18="","",IF(INDEX(Tools!$D$6:$D$105,P18-5)="","",INDEX(Tools!$D$6:$D$105,P18-5))) | J18: =IF(P18="","",INDEX(Tools!$O$6:$O$105,P18-5)) | O18: =IFERROR(SMALL(Tools!$V$6:$V$105,10),"") | P18: =IFERROR(SMALL(Tools!$X$6:$X$105,10),"")
B21: By category | C21: Tools | D21: Per month | E21: Per year | G21: Access to remove | H21: Tool | I21: Left on | J21: Role
B22: =IF(Settings!$B$10="","",Settings!$B$10) | C22: =IF(B22="","",COUNTIFS(Tools!$C$6:$C$105,B22,Tools!$T$6:$T$105,"<>Cancelled")) | D22: =IF(B22="","",SUMIFS(Tools!$O$6:$O$105,Tools!$C$6:$C$105,B22)) | E22: =IF(B22="","",D22*12) | G22: =IF(Q22="","Nobody to remove",INDEX(Access!$B$6:$B$405,Q22-5)) | H22: =IF(Q22="","",INDEX(Access!$C$6:$C$405,Q22-5)) | I22: =IF(Q22="","",INDEX(Access!$I$6:$I$405,Q22-5)) | J22: =IF(Q22="","",IF(INDEX(Access!$D$6:$D$405,Q22-5)="","",INDEX(Access!$D$6:$D$405,Q22-5))) | Q22: =IFERROR(SMALL(Access!$K$6:$K$405,1),"")
B23: =IF(Settings!$B$11="","",Settings!$B$11) | C23: =IF(B23="","",COUNTIFS(Tools!$C$6:$C$105,B23,Tools!$T$6:$T$105,"<>Cancelled")) | D23: =IF(B23="","",SUMIFS(Tools!$O$6:$O$105,Tools!$C$6:$C$105,B23)) | E23: =IF(B23="","",D23*12) | G23: =IF(Q23="","",INDEX(Access!$B$6:$B$405,Q23-5)) | H23: =IF(Q23="","",INDEX(Access!$C$6:$C$405,Q23-5)) | I23: =IF(Q23="","",INDEX(Access!$I$6:$I$405,Q23-5)) | J23: =IF(Q23="","",IF(INDEX(Access!$D$6:$D$405,Q23-5)="","",INDEX(Access!$D$6:$D$405,Q23-5))) | Q23: =IFERROR(SMALL(Access!$K$6:$K$405,2),"")
B24: =IF(Settings!$B$12="","",Settings!$B$12) | C24: =IF(B24="","",COUNTIFS(Tools!$C$6:$C$105,B24,Tools!$T$6:$T$105,"<>Cancelled")) | D24: =IF(B24="","",SUMIFS(Tools!$O$6:$O$105,Tools!$C$6:$C$105,B24)) | E24: =IF(B24="","",D24*12) | G24: =IF(Q24="","",INDEX(Access!$B$6:$B$405,Q24-5)) | H24: =IF(Q24="","",INDEX(Access!$C$6:$C$405,Q24-5)) | I24: =IF(Q24="","",INDEX(Access!$I$6:$I$405,Q24-5)) | J24: =IF(Q24="","",IF(INDEX(Access!$D$6:$D$405,Q24-5)="","",INDEX(Access!$D$6:$D$405,Q24-5))) | Q24: =IFERROR(SMALL(Access!$K$6:$K$405,3),"")
B25: =IF(Settings!$B$13="","",Settings!$B$13) | C25: =IF(B25="","",COUNTIFS(Tools!$C$6:$C$105,B25,Tools!$T$6:$T$105,"<>Cancelled")) | D25: =IF(B25="","",SUMIFS(Tools!$O$6:$O$105,Tools!$C$6:$C$105,B25)) | E25: =IF(B25="","",D25*12) | G25: =IF(Q25="","",INDEX(Access!$B$6:$B$405,Q25-5)) | H25: =IF(Q25="","",INDEX(Access!$C$6:$C$405,Q25-5)) | I25: =IF(Q25="","",INDEX(Access!$I$6:$I$405,Q25-5)) | J25: =IF(Q25="","",IF(INDEX(Access!$D$6:$D$405,Q25-5)="","",INDEX(Access!$D$6:$D$405,Q25-5))) | Q25: =IFERROR(SMALL(Access!$K$6:$K$405,4),"")
B26: =IF(Settings!$B$14="","",Settings!$B$14) | C26: =IF(B26="","",COUNTIFS(Tools!$C$6:$C$105,B26,Tools!$T$6:$T$105,"<>Cancelled")) | D26: =IF(B26="","",SUMIFS(Tools!$O$6:$O$105,Tools!$C$6:$C$105,B26)) | E26: =IF(B26="","",D26*12) | G26: =IF(Q26="","",INDEX(Access!$B$6:$B$405,Q26-5)) | H26: =IF(Q26="","",INDEX(Access!$C$6:$C$405,Q26-5)) | I26: =IF(Q26="","",INDEX(Access!$I$6:$I$405,Q26-5)) | J26: =IF(Q26="","",IF(INDEX(Access!$D$6:$D$405,Q26-5)="","",INDEX(Access!$D$6:$D$405,Q26-5))) | Q26: =IFERROR(SMALL(Access!$K$6:$K$405,5),"")
B27: =IF(Settings!$B$15="","",Settings!$B$15) | C27: =IF(B27="","",COUNTIFS(Tools!$C$6:$C$105,B27,Tools!$T$6:$T$105,"<>Cancelled")) | D27: =IF(B27="","",SUMIFS(Tools!$O$6:$O$105,Tools!$C$6:$C$105,B27)) | E27: =IF(B27="","",D27*12) | G27: =IF(Q27="","",INDEX(Access!$B$6:$B$405,Q27-5)) | H27: =IF(Q27="","",INDEX(Access!$C$6:$C$405,Q27-5)) | I27: =IF(Q27="","",INDEX(Access!$I$6:$I$405,Q27-5)) | J27: =IF(Q27="","",IF(INDEX(Access!$D$6:$D$405,Q27-5)="","",INDEX(Access!$D$6:$D$405,Q27-5))) | Q27: =IFERROR(SMALL(Access!$K$6:$K$405,6),"")
B28: =IF(Settings!$B$16="","",Settings!$B$16) | C28: =IF(B28="","",COUNTIFS(Tools!$C$6:$C$105,B28,Tools!$T$6:$T$105,"<>Cancelled")) | D28: =IF(B28="","",SUMIFS(Tools!$O$6:$O$105,Tools!$C$6:$C$105,B28)) | E28: =IF(B28="","",D28*12) | G28: =IF(Q28="","",INDEX(Access!$B$6:$B$405,Q28-5)) | H28: =IF(Q28="","",INDEX(Access!$C$6:$C$405,Q28-5)) | I28: =IF(Q28="","",INDEX(Access!$I$6:$I$405,Q28-5)) | J28: =IF(Q28="","",IF(INDEX(Access!$D$6:$D$405,Q28-5)="","",INDEX(Access!$D$6:$D$405,Q28-5))) | Q28: =IFERROR(SMALL(Access!$K$6:$K$405,7),"")
B29: =IF(Settings!$B$17="","",Settings!$B$17) | C29: =IF(B29="","",COUNTIFS(Tools!$C$6:$C$105,B29,Tools!$T$6:$T$105,"<>Cancelled")) | D29: =IF(B29="","",SUMIFS(Tools!$O$6:$O$105,Tools!$C$6:$C$105,B29)) | E29: =IF(B29="","",D29*12) | G29: =IF(Q29="","",INDEX(Access!$B$6:$B$405,Q29-5)) | H29: =IF(Q29="","",INDEX(Access!$C$6:$C$405,Q29-5)) | I29: =IF(Q29="","",INDEX(Access!$I$6:$I$405,Q29-5)) | J29: =IF(Q29="","",IF(INDEX(Access!$D$6:$D$405,Q29-5)="","",INDEX(Access!$D$6:$D$405,Q29-5))) | Q29: =IFERROR(SMALL(Access!$K$6:$K$405,8),"")
B30: =IF(Settings!$B$18="","",Settings!$B$18) | C30: =IF(B30="","",COUNTIFS(Tools!$C$6:$C$105,B30,Tools!$T$6:$T$105,"<>Cancelled")) | D30: =IF(B30="","",SUMIFS(Tools!$O$6:$O$105,Tools!$C$6:$C$105,B30)) | E30: =IF(B30="","",D30*12)
B31: =IF(Settings!$B$19="","",Settings!$B$19) | C31: =IF(B31="","",COUNTIFS(Tools!$C$6:$C$105,B31,Tools!$T$6:$T$105,"<>Cancelled")) | D31: =IF(B31="","",SUMIFS(Tools!$O$6:$O$105,Tools!$C$6:$C$105,B31)) | E31: =IF(B31="","",D31*12)
B32: =IF(Settings!$B$20="","",Settings!$B$20) | C32: =IF(B32="","",COUNTIFS(Tools!$C$6:$C$105,B32,Tools!$T$6:$T$105,"<>Cancelled")) | D32: =IF(B32="","",SUMIFS(Tools!$O$6:$O$105,Tools!$C$6:$C$105,B32)) | E32: =IF(B32="","",D32*12)
B33: =IF(Settings!$B$21="","",Settings!$B$21) | C33: =IF(B33="","",COUNTIFS(Tools!$C$6:$C$105,B33,Tools!$T$6:$T$105,"<>Cancelled")) | D33: =IF(B33="","",SUMIFS(Tools!$O$6:$O$105,Tools!$C$6:$C$105,B33)) | E33: =IF(B33="","",D33*12)
B34: =IF(ROUND(D34,6)=0,"","Not on the list") | D34: =SUM(Tools!$O$6:$O$105)-SUM(D22:D33) | E34: =D34*12

Sheet Tools
B2: Tools
B3: Every tool the business pays for. The next charge moves on by itself after each renewal.
B5: Tool | C5: Category | D5: Owner | E5: Billing | F5: Price | G5: Per seat | H5: Seats | I5: Paid with | J5: Renews on | K5: Notice (days) | L5: Cancelled on | M5: Seats used | N5: Each charge | O5: Per month | P5: Per year | Q5: Next charge | R5: Cancel by | S5: Unused | T5: Status
B6: Email and docs | C6: Office | D6: Ana | E6: Monthly | F6: 12 | G6: x | H6: 8 | I6: Business card A | J6: 46298 | M6: =IF(B6="","",SUMIFS(Access!$G$6:$G$405,Access!$C$6:$C$405,B6)) | N6: =IF(B6="","",IF(G6<>"",N(F6)*IF(H6="",M6,N(H6)),N(F6))) | O6: =IF(B6="","",IF(AND(L6<>"",L6<=TODAY()),0,N6/U6)) | P6: =IF(B6="","",O6*12) | Q6: =IF(OR(B6="",J6=""),"",IF(AND(L6<>"",IF(J6>=TODAY(),J6,IF(EDATE(J6,INT(DATEDIF(J6,TODAY(),"m")/U6)*U6)>=TODAY(),EDATE(J6,INT(DATEDIF(J6,TODAY(),"m")/U6)*U6),EDATE(J6,INT(DATEDIF(J6,TODAY(),"m")/U6)*U6+U6)))>=L6),"",IF(J6>=TODAY(),J6,IF(EDATE(J6,INT(DATEDIF(J6,TODAY(),"m")/U6)*U6)>=TODAY(),EDATE(J6,INT(DATEDIF(J6,TODAY(),"m")/U6)*U6),EDATE(J6,INT(DATEDIF(J6,TODAY(),"m")/U6)*U6+U6))))) | R6: =IF(Q6="","",Q6-N(K6)) | S6: =IF(OR(B6="",G6="",H6="",AND(L6<>"",L6<=TODAY())),"",MAX(0,N(H6)-N(M6))) | T6: =IF(B6="","",IF(AND(L6<>"",L6<=TODAY()),"Cancelled",IF(L6<>"","Ends "&DAY(L6)&" "&CHOOSE(MONTH(L6),"Jan","Feb","Mar","Apr","May","Jun","Jul","Aug","Sep","Oct","Nov","Dec"),IF(AND(Q6<>"",W6<>"",W6<Q6),"Card expires",IF(AND(Q6<>"",E6<>"Monthly",N(K6)>0,R6>=TODAY(),R6-TODAY()<=N(Settings!$C$5)),"Cancel by "&DAY(R6)&" "&CHOOSE(MONTH(R6),"Jan","Feb","Mar","Apr","May","Jun","Jul","Aug","Sep","Oct","Nov","Dec"),IF(AND(Q6<>"",E6<>"Monthly",Q6-TODAY()<=N(Settings!$C$5)),"Renews "&DAY(Q6)&" "&CHOOSE(MONTH(Q6),"Jan","Feb","Mar","Apr","May","Jun","Jul","Aug","Sep","Oct","Nov","Dec"),IF(N(S6)>0,S6&IF(S6=1," unused seat"," unused seats"),"Active"))))))) | U6: =IF(E6="Quarterly",3,IF(E6="Yearly",12,1)) | V6: =IF(Q6="","",Q6+ROW()/10000000) | W6: =IFERROR(IF(INDEX(Cards!$D$6:$D$25,MATCH(I6,Cards!$B$6:$B$25,0))="","",INDEX(Cards!$D$6:$D$25,MATCH(I6,Cards!$B$6:$B$25,0))),"") | X6: =IF(OR(T6="",T6="Active",T6="Cancelled"),"",ROW()) | Y6: =IF(N(S6)=0,0,S6*N(F6)*12/U6)
B7: Team chat | C7: Communication | D7: Grace | E7: Monthly | F7: 8.75 | G7: x | H7: 10 | I7: Business card A | J7: 46277 | M7: =IF(B7="","",SUMIFS(Access!$G$6:$G$405,Access!$C$6:$C$405,B7)) | N7: =IF(B7="","",IF(G7<>"",N(F7)*IF(H7="",M7,N(H7)),N(F7))) | O7: =IF(B7="","",IF(AND(L7<>"",L7<=TODAY()),0,N7/U7)) | P7: =IF(B7="","",O7*12) | Q7: =IF(OR(B7="",J7=""),"",IF(AND(L7<>"",IF(J7>=TODAY(),J7,IF(EDATE(J7,INT(DATEDIF(J7,TODAY(),"m")/U7)*U7)>=TODAY(),EDATE(J7,INT(DATEDIF(J7,TODAY(),"m")/U7)*U7),EDATE(J7,INT(DATEDIF(J7,TODAY(),"m")/U7)*U7+U7)))>=L7),"",IF(J7>=TODAY(),J7,IF(EDATE(J7,INT(DATEDIF(J7,TODAY(),"m")/U7)*U7)>=TODAY(),EDATE(J7,INT(DATEDIF(J7,TODAY(),"m")/U7)*U7),EDATE(J7,INT(DATEDIF(J7,TODAY(),"m")/U7)*U7+U7))))) | R7: =IF(Q7="","",Q7-N(K7)) | S7: =IF(OR(B7="",G7="",H7="",AND(L7<>"",L7<=TODAY())),"",MAX(0,N(H7)-N(M7))) | T7: =IF(B7="","",IF(AND(L7<>"",L7<=TODAY()),"Cancelled",IF(L7<>"","Ends "&DAY(L7)&" "&CHOOSE(MONTH(L7),"Jan","Feb","Mar","Apr","May","Jun","Jul","Aug","Sep","Oct","Nov","Dec"),IF(AND(Q7<>"",W7<>"",W7<Q7),"Card expires",IF(AND(Q7<>"",E7<>"Monthly",N(K7)>0,R7>=TODAY(),R7-TODAY()<=N(Settings!$C$5)),"Cancel by "&DAY(R7)&" "&CHOOSE(MONTH(R7),"Jan","Feb","Mar","Apr","May","Jun","Jul","Aug","Sep","Oct","Nov","Dec"),IF(AND(Q7<>"",E7<>"Monthly",Q7-TODAY()<=N(Settings!$C$5)),"Renews "&DAY(Q7)&" "&CHOOSE(MONTH(Q7),"Jan","Feb","Mar","Apr","May","Jun","Jul","Aug","Sep","Oct","Nov","Dec"),IF(N(S7)>0,S7&IF(S7=1," unused seat"," unused seats"),"Active"))))))) | U7: =IF(E7="Quarterly",3,IF(E7="Yearly",12,1)) | V7: =IF(Q7="","",Q7+ROW()/10000000) | W7: =IFERROR(IF(INDEX(Cards!$D$6:$D$25,MATCH(I7,Cards!$B$6:$B$25,0))="","",INDEX(Cards!$D$6:$D$25,MATCH(I7,Cards!$B$6:$B$25,0))),"") | X7: =IF(OR(T7="",T7="Active",T7="Cancelled"),"",ROW()) | Y7: =IF(N(S7)=0,0,S7*N(F7)*12/U7)
B8: Video calls | C8: Communication | D8: Grace | E8: Yearly | F8: 149.9 | I8: Business card B | J8: 46419 | M8: =IF(B8="","",SUMIFS(Access!$G$6:$G$405,Access!$C$6:$C$405,B8)) | N8: =IF(B8="","",IF(G8<>"",N(F8)*IF(H8="",M8,N(H8)),N(F8))) | O8: =IF(B8="","",IF(AND(L8<>"",L8<=TODAY()),0,N8/U8)) | P8: =IF(B8="","",O8*12) | Q8: =IF(OR(B8="",J8=""),"",IF(AND(L8<>"",IF(J8>=TODAY(),J8,IF(EDATE(J8,INT(DATEDIF(J8,TODAY(),"m")/U8)*U8)>=TODAY(),EDATE(J8,INT(DATEDIF(J8,TODAY(),"m")/U8)*U8),EDATE(J8,INT(DATEDIF(J8,TODAY(),"m")/U8)*U8+U8)))>=L8),"",IF(J8>=TODAY(),J8,IF(EDATE(J8,INT(DATEDIF(J8,TODAY(),"m")/U8)*U8)>=TODAY(),EDATE(J8,INT(DATEDIF(J8,TODAY(),"m")/U8)*U8),EDATE(J8,INT(DATEDIF(J8,TODAY(),"m")/U8)*U8+U8))))) | R8: =IF(Q8="","",Q8-N(K8)) | S8: =IF(OR(B8="",G8="",H8="",AND(L8<>"",L8<=TODAY())),"",MAX(0,N(H8)-N(M8))) | T8: =IF(B8="","",IF(AND(L8<>"",L8<=TODAY()),"Cancelled",IF(L8<>"","Ends "&DAY(L8)&" "&CHOOSE(MONTH(L8),"Jan","Feb","Mar","Apr","May","Jun","Jul","Aug","Sep","Oct","Nov","Dec"),IF(AND(Q8<>"",W8<>"",W8<Q8),"Card expires",IF(AND(Q8<>"",E8<>"Monthly",N(K8)>0,R8>=TODAY(),R8-TODAY()<=N(Settings!$C$5)),"Cancel by "&DAY(R8)&" "&CHOOSE(MONTH(R8),"Jan","Feb","Mar","Apr","May","Jun","Jul","Aug","Sep","Oct","Nov","Dec"),IF(AND(Q8<>"",E8<>"Monthly",Q8-TODAY()<=N(Settings!$C$5)),"Renews "&DAY(Q8)&" "&CHOOSE(MONTH(Q8),"Jan","Feb","Mar","Apr","May","Jun","Jul","Aug","Sep","Oct","Nov","Dec"),IF(N(S8)>0,S8&IF(S8=1," unused seat"," unused seats"),"Active"))))))) | U8: =IF(E8="Quarterly",3,IF(E8="Yearly",12,1)) | V8: =IF(Q8="","",Q8+ROW()/10000000) | W8: =IFERROR(IF(INDEX(Cards!$D$6:$D$25,MATCH(I8,Cards!$B$6:$B$25,0))="","",INDEX(Cards!$D$6:$D$25,MATCH(I8,Cards!$B$6:$B$25,0))),"") | X8: =IF(OR(T8="",T8="Active",T8="Cancelled"),"",ROW()) | Y8: =IF(N(S8)=0,0,S8*N(F8)*12/U8)
B9: Design suite | C9: Design | D9: Ben | E9: Yearly | F9: 659.88 | G9: x | H9: 3 | I9: Business card B | J9: 46315 | K9: 14 | M9: =IF(B9="","",SUMIFS(Access!$G$6:$G$405,Access!$C$6:$C$405,B9)) | N9: =IF(B9="","",IF(G9<>"",N(F9)*IF(H9="",M9,N(H9)),N(F9))) | O9: =IF(B9="","",IF(AND(L9<>"",L9<=TODAY()),0,N9/U9)) | P9: =IF(B9="","",O9*12) | Q9: =IF(OR(B9="",J9=""),"",IF(AND(L9<>"",IF(J9>=TODAY(),J9,IF(EDATE(J9,INT(DATEDIF(J9,TODAY(),"m")/U9)*U9)>=TODAY(),EDATE(J9,INT(DATEDIF(J9,TODAY(),"m")/U9)*U9),EDATE(J9,INT(DATEDIF(J9,TODAY(),"m")/U9)*U9+U9)))>=L9),"",IF(J9>=TODAY(),J9,IF(EDATE(J9,INT(DATEDIF(J9,TODAY(),"m")/U9)*U9)>=TODAY(),EDATE(J9,INT(DATEDIF(J9,TODAY(),"m")/U9)*U9),EDATE(J9,INT(DATEDIF(J9,TODAY(),"m")/U9)*U9+U9))))) | R9: =IF(Q9="","",Q9-N(K9)) | S9: =IF(OR(B9="",G9="",H9="",AND(L9<>"",L9<=TODAY())),"",MAX(0,N(H9)-N(M9))) | T9: =IF(B9="","",IF(AND(L9<>"",L9<=TODAY()),"Cancelled",IF(L9<>"","Ends "&DAY(L9)&" "&CHOOSE(MONTH(L9),"Jan","Feb","Mar","Apr","May","Jun","Jul","Aug","Sep","Oct","Nov","Dec"),IF(AND(Q9<>"",W9<>"",W9<Q9),"Card expires",IF(AND(Q9<>"",E9<>"Monthly",N(K9)>0,R9>=TODAY(),R9-TODAY()<=N(Settings!$C$5)),"Cancel by "&DAY(R9)&" "&CHOOSE(MONTH(R9),"Jan","Feb","Mar","Apr","May","Jun","Jul","Aug","Sep","Oct","Nov","Dec"),IF(AND(Q9<>"",E9<>"Monthly",Q9-TODAY()<=N(Settings!$C$5)),"Renews "&DAY(Q9)&" "&CHOOSE(MONTH(Q9),"Jan","Feb","Mar","Apr","May","Jun","Jul","Aug","Sep","Oct","Nov","Dec"),IF(N(S9)>0,S9&IF(S9=1," unused seat"," unused seats"),"Active"))))))) | U9: =IF(E9="Quarterly",3,IF(E9="Yearly",12,1)) | V9: =IF(Q9="","",Q9+ROW()/10000000) | W9: =IFERROR(IF(INDEX(Cards!$D$6:$D$25,MATCH(I9,Cards!$B$6:$B$25,0))="","",INDEX(Cards!$D$6:$D$25,MATCH(I9,Cards!$B$6:$B$25,0))),"") | X9: =IF(OR(T9="",T9="Active",T9="Cancelled"),"",ROW()) | Y9: =IF(N(S9)=0,0,S9*N(F9)*12/U9)
B10: Stock photos | C10: Design | D10: Chloe | E10: Monthly | F10: 29 | I10: Business card A | J10: 46303 | M10: =IF(B10="","",SUMIFS(Access!$G$6:$G$405,Access!$C$6:$C$405,B10)) | N10: =IF(B10="","",IF(G10<>"",N(F10)*IF(H10="",M10,N(H10)),N(F10))) | O10: =IF(B10="","",IF(AND(L10<>"",L10<=TODAY()),0,N10/U10)) | P10: =IF(B10="","",O10*12) | Q10: =IF(OR(B10="",J10=""),"",IF(AND(L10<>"",IF(J10>=TODAY(),J10,IF(EDATE(J10,INT(DATEDIF(J10,TODAY(),"m")/U10)*U10)>=TODAY(),EDATE(J10,INT(DATEDIF(J10,TODAY(),"m")/U10)*U10),EDATE(J10,INT(DATEDIF(J10,TODAY(),"m")/U10)*U10+U10)))>=L10),"",IF(J10>=TODAY(),J10,IF(EDATE(J10,INT(DATEDIF(J10,TODAY(),"m")/U10)*U10)>=TODAY(),EDATE(J10,INT(DATEDIF(J10,TODAY(),"m")/U10)*U10),EDATE(J10,INT(DATEDIF(J10,TODAY(),"m")/U10)*U10+U10))))) | R10: =IF(Q10="","",Q10-N(K10)) | S10: =IF(OR(B10="",G10="",H10="",AND(L10<>"",L10<=TODAY())),"",MAX(0,N(H10)-N(M10))) | T10: =IF(B10="","",IF(AND(L10<>"",L10<=TODAY()),"Cancelled",IF(L10<>"","Ends "&DAY(L10)&" "&CHOOSE(MONTH(L10),"Jan","Feb","Mar","Apr","May","Jun","Jul","Aug","Sep","Oct","Nov","Dec"),IF(AND(Q10<>"",W10<>"",W10<Q10),"Card expires",IF(AND(Q10<>"",E10<>"Monthly",N(K10)>0,R10>=TODAY(),R10-TODAY()<=N(Settings!$C$5)),"Cancel by "&DAY(R10)&" "&CHOOSE(MONTH(R10),"Jan","Feb","Mar","Apr","May","Jun","Jul","Aug","Sep","Oct","Nov","Dec"),IF(AND(Q10<>"",E10<>"Monthly",Q10-TODAY()<=N(Settings!$C$5)),"Renews "&DAY(Q10)&" "&CHOOSE(MONTH(Q10),"Jan","Feb","Mar","Apr","May","Jun","Jul","Aug","Sep","Oct","Nov","Dec"),IF(N(S10)>0,S10&IF(S10=1," unused seat"," unused seats"),"Active"))))))) | U10: =IF(E10="Quarterly",3,IF(E10="Yearly",12,1)) | V10: =IF(Q10="","",Q10+ROW()/10000000) | W10: =IFERROR(IF(INDEX(Cards!$D$6:$D$25,MATCH(I10,Cards!$B$6:$B$25,0))="","",INDEX(Cards!$D$6:$D$25,MATCH(I10,Cards!$B$6:$B$25,0))),"") | X10: =IF(OR(T10="",T10="Active",T10="Cancelled"),"",ROW()) | Y10: =IF(N(S10)=0,0,S10*N(F10)*12/U10)
B11: Accounting | C11: Finance | D11: Ana | E11: Monthly | F11: 55 | I11: Business card A | J11: 46296 | M11: =IF(B11="","",SUMIFS(Access!$G$6:$G$405,Access!$C$6:$C$405,B11)) | N11: =IF(B11="","",IF(G11<>"",N(F11)*IF(H11="",M11,N(H11)),N(F11))) | O11: =IF(B11="","",IF(AND(L11<>"",L11<=TODAY()),0,N11/U11)) | P11: =IF(B11="","",O11*12) | Q11: =IF(OR(B11="",J11=""),"",IF(AND(L11<>"",IF(J11>=TODAY(),J11,IF(EDATE(J11,INT(DATEDIF(J11,TODAY(),"m")/U11)*U11)>=TODAY(),EDATE(J11,INT(DATEDIF(J11,TODAY(),"m")/U11)*U11),EDATE(J11,INT(DATEDIF(J11,TODAY(),"m")/U11)*U11+U11)))>=L11),"",IF(J11>=TODAY(),J11,IF(EDATE(J11,INT(DATEDIF(J11,TODAY(),"m")/U11)*U11)>=TODAY(),EDATE(J11,INT(DATEDIF(J11,TODAY(),"m")/U11)*U11),EDATE(J11,INT(DATEDIF(J11,TODAY(),"m")/U11)*U11+U11))))) | R11: =IF(Q11="","",Q11-N(K11)) | S11: =IF(OR(B11="",G11="",H11="",AND(L11<>"",L11<=TODAY())),"",MAX(0,N(H11)-N(M11))) | T11: =IF(B11="","",IF(AND(L11<>"",L11<=TODAY()),"Cancelled",IF(L11<>"","Ends "&DAY(L11)&" "&CHOOSE(MONTH(L11),"Jan","Feb","Mar","Apr","May","Jun","Jul","Aug","Sep","Oct","Nov","Dec"),IF(AND(Q11<>"",W11<>"",W11<Q11),"Card expires",IF(AND(Q11<>"",E11<>"Monthly",N(K11)>0,R11>=TODAY(),R11-TODAY()<=N(Settings!$C$5)),"Cancel by "&DAY(R11)&" "&CHOOSE(MONTH(R11),"Jan","Feb","Mar","Apr","May","Jun","Jul","Aug","Sep","Oct","Nov","Dec"),IF(AND(Q11<>"",E11<>"Monthly",Q11-TODAY()<=N(Settings!$C$5)),"Renews "&DAY(Q11)&" "&CHOOSE(MONTH(Q11),"Jan","Feb","Mar","Apr","May","Jun","Jul","Aug","Sep","Oct","Nov","Dec"),IF(N(S11)>0,S11&IF(S11=1," unused seat"," unused seats"),"Active"))))))) | U11: =IF(E11="Quarterly",3,IF(E11="Yearly",12,1)) | V11: =IF(Q11="","",Q11+ROW()/10000000) | W11: =IFERROR(IF(INDEX(Cards!$D$6:$D$25,MATCH(I11,Cards!$B$6:$B$25,0))="","",INDEX(Cards!$D$6:$D$25,MATCH(I11,Cards!$B$6:$B$25,0))),"") | X11: =IF(OR(T11="",T11="Active",T11="Cancelled"),"",ROW()) | Y11: =IF(N(S11)=0,0,S11*N(F11)*12/U11)
B12: Website builder | C12: Website | D12: Ella | E12: Yearly | F12: 276 | I12: Debit card C | J12: 46461 | K12: 30 | M12: =IF(B12="","",SUMIFS(Access!$G$6:$G$405,Access!$C$6:$C$405,B12)) | N12: =IF(B12="","",IF(G12<>"",N(F12)*IF(H12="",M12,N(H12)),N(F12))) | O12: =IF(B12="","",IF(AND(L12<>"",L12<=TODAY()),0,N12/U12)) | P12: =IF(B12="","",O12*12) | Q12: =IF(OR(B12="",J12=""),"",IF(AND(L12<>"",IF(J12>=TODAY(),J12,IF(EDATE(J12,INT(DATEDIF(J12,TODAY(),"m")/U12)*U12)>=TODAY(),EDATE(J12,INT(DATEDIF(J12,TODAY(),"m")/U12)*U12),EDATE(J12,INT(DATEDIF(J12,TODAY(),"m")/U12)*U12+U12)))>=L12),"",IF(J12>=TODAY(),J12,IF(EDATE(J12,INT(DATEDIF(J12,TODAY(),"m")/U12)*U12)>=TODAY(),EDATE(J12,INT(DATEDIF(J12,TODAY(),"m")/U12)*U12),EDATE(J12,INT(DATEDIF(J12,TODAY(),"m")/U12)*U12+U12))))) | R12: =IF(Q12="","",Q12-N(K12)) | S12: =IF(OR(B12="",G12="",H12="",AND(L12<>"",L12<=TODAY())),"",MAX(0,N(H12)-N(M12))) | T12: =IF(B12="","",IF(AND(L12<>"",L12<=TODAY()),"Cancelled",IF(L12<>"","Ends "&DAY(L12)&" "&CHOOSE(MONTH(L12),"Jan","Feb","Mar","Apr","May","Jun","Jul","Aug","Sep","Oct","Nov","Dec"),IF(AND(Q12<>"",W12<>"",W12<Q12),"Card expires",IF(AND(Q12<>"",E12<>"Monthly",N(K12)>0,R12>=TODAY(),R12-TODAY()<=N(Settings!$C$5)),"Cancel by "&DAY(R12)&" "&CHOOSE(MONTH(R12),"Jan","Feb","Mar","Apr","May","Jun","Jul","Aug","Sep","Oct","Nov","Dec"),IF(AND(Q12<>"",E12<>"Monthly",Q12-TODAY()<=N(Settings!$C$5)),"Renews "&DAY(Q12)&" "&CHOOSE(MONTH(Q12),"Jan","Feb","Mar","Apr","May","Jun","Jul","Aug","Sep","Oct","Nov","Dec"),IF(N(S12)>0,S12&IF(S12=1," unused seat"," unused seats"),"Active"))))))) | U12: =IF(E12="Quarterly",3,IF(E12="Yearly",12,1)) | V12: =IF(Q12="","",Q12+ROW()/10000000) | W12: =IFERROR(IF(INDEX(Cards!$D$6:$D$25,MATCH(I12,Cards!$B$6:$B$25,0))="","",INDEX(Cards!$D$6:$D$25,MATCH(I12,Cards!$B$6:$B$25,0))),"") | X12: =IF(OR(T12="",T12="Active",T12="Cancelled"),"",ROW()) | Y12: =IF(N(S12)=0,0,S12*N(F12)*12/U12)
B13: Domain names | C13: Website | D13: Dev | E13: Yearly | F13: 38 | I13: Debit card C | J13: 46358 | M13: =IF(B13="","",SUMIFS(Access!$G$6:$G$405,Access!$C$6:$C$405,B13)) | N13: =IF(B13="","",IF(G13<>"",N(F13)*IF(H13="",M13,N(H13)),N(F13))) | O13: =IF(B13="","",IF(AND(L13<>"",L13<=TODAY()),0,N13/U13)) | P13: =IF(B13="","",O13*12) | Q13: =IF(OR(B13="",J13=""),"",IF(AND(L13<>"",IF(J13>=TODAY(),J13,IF(EDATE(J13,INT(DATEDIF(J13,TODAY(),"m")/U13)*U13)>=TODAY(),EDATE(J13,INT(DATEDIF(J13,TODAY(),"m")/U13)*U13),EDATE(J13,INT(DATEDIF(J13,TODAY(),"m")/U13)*U13+U13)))>=L13),"",IF(J13>=TODAY(),J13,IF(EDATE(J13,INT(DATEDIF(J13,TODAY(),"m")/U13)*U13)>=TODAY(),EDATE(J13,INT(DATEDIF(J13,TODAY(),"m")/U13)*U13),EDATE(J13,INT(DATEDIF(J13,TODAY(),"m")/U13)*U13+U13))))) | R13: =IF(Q13="","",Q13-N(K13)) | S13: =IF(OR(B13="",G13="",H13="",AND(L13<>"",L13<=TODAY())),"",MAX(0,N(H13)-N(M13))) | T13: =IF(B13="","",IF(AND(L13<>"",L13<=TODAY()),"Cancelled",IF(L13<>"","Ends "&DAY(L13)&" "&CHOOSE(MONTH(L13),"Jan","Feb","Mar","Apr","May","Jun","Jul","Aug","Sep","Oct","Nov","Dec"),IF(AND(Q13<>"",W13<>"",W13<Q13),"Card expires",IF(AND(Q13<>"",E13<>"Monthly",N(K13)>0,R13>=TODAY(),R13-TODAY()<=N(Settings!$C$5)),"Cancel by "&DAY(R13)&" "&CHOOSE(MONTH(R13),"Jan","Feb","Mar","Apr","May","Jun","Jul","Aug","Sep","Oct","Nov","Dec"),IF(AND(Q13<>"",E13<>"Monthly",Q13-TODAY()<=N(Settings!$C$5)),"Renews "&DAY(Q13)&" "&CHOOSE(MONTH(Q13),"Jan","Feb","Mar","Apr","May","Jun","Jul","Aug","Sep","Oct","Nov","Dec"),IF(N(S13)>0,S13&IF(S13=1," unused seat"," unused seats"),"Active"))))))) | U13: =IF(E13="Quarterly",3,IF(E13="Yearly",12,1)) | V13: =IF(Q13="","",Q13+ROW()/10000000) | W13: =IFERROR(IF(INDEX(Cards!$D$6:$D$25,MATCH(I13,Cards!$B$6:$B$25,0))="","",INDEX(Cards!$D$6:$D$25,MATCH(I13,Cards!$B$6:$B$25,0))),"") | X13: =IF(OR(T13="",T13="Active",T13="Cancelled"),"",ROW()) | Y13: =IF(N(S13)=0,0,S13*N(F13)*12/U13)
B14: CRM | C14: Sales | D14: Finn | E14: Monthly | F14: 49 | G14: x | H14: 3 | I14: Business card A | J14: 46310 | M14: =IF(B14="","",SUMIFS(Access!$G$6:$G$405,Access!$C$6:$C$405,B14)) | N14: =IF(B14="","",IF(G14<>"",N(F14)*IF(H14="",M14,N(H14)),N(F14))) | O14: =IF(B14="","",IF(AND(L14<>"",L14<=TODAY()),0,N14/U14)) | P14: =IF(B14="","",O14*12) | Q14: =IF(OR(B14="",J14=""),"",IF(AND(L14<>"",IF(J14>=TODAY(),J14,IF(EDATE(J14,INT(DATEDIF(J14,TODAY(),"m")/U14)*U14)>=TODAY(),EDATE(J14,INT(DATEDIF(J14,TODAY(),"m")/U14)*U14),EDATE(J14,INT(DATEDIF(J14,TODAY(),"m")/U14)*U14+U14)))>=L14),"",IF(J14>=TODAY(),J14,IF(EDATE(J14,INT(DATEDIF(J14,TODAY(),"m")/U14)*U14)>=TODAY(),EDATE(J14,INT(DATEDIF(J14,TODAY(),"m")/U14)*U14),EDATE(J14,INT(DATEDIF(J14,TODAY(),"m")/U14)*U14+U14))))) | R14: =IF(Q14="","",Q14-N(K14)) | S14: =IF(OR(B14="",G14="",H14="",AND(L14<>"",L14<=TODAY())),"",MAX(0,N(H14)-N(M14))) | T14: =IF(B14="","",IF(AND(L14<>"",L14<=TODAY()),"Cancelled",IF(L14<>"","Ends "&DAY(L14)&" "&CHOOSE(MONTH(L14),"Jan","Feb","Mar","Apr","May","Jun","Jul","Aug","Sep","Oct","Nov","Dec"),IF(AND(Q14<>"",W14<>"",W14<Q14),"Card expires",IF(AND(Q14<>"",E14<>"Monthly",N(K14)>0,R14>=TODAY(),R14-TODAY()<=N(Settings!$C$5)),"Cancel by "&DAY(R14)&" "&CHOOSE(MONTH(R14),"Jan","Feb","Mar","Apr","May","Jun","Jul","Aug","Sep","Oct","Nov","Dec"),IF(AND(Q14<>"",E14<>"Monthly",Q14-TODAY()<=N(Settings!$C$5)),"Renews "&DAY(Q14)&" "&CHOOSE(MONTH(Q14),"Jan","Feb","Mar","Apr","May","Jun","Jul","Aug","Sep","Oct","Nov","Dec"),IF(N(S14)>0,S14&IF(S14=1," unused seat"," unused seats"),"Active"))))))) | U14: =IF(E14="Quarterly",3,IF(E14="Yearly",12,1)) | V14: =IF(Q14="","",Q14+ROW()/10000000) | W14: =IFERROR(IF(INDEX(Cards!$D$6:$D$25,MATCH(I14,Cards!$B$6:$B$25,0))="","",INDEX(Cards!$D$6:$D$25,MATCH(I14,Cards!$B$6:$B$25,0))),"") | X14: =IF(OR(T14="",T14="Active",T14="Cancelled"),"",ROW()) | Y14: =IF(N(S14)=0,0,S14*N(F14)*12/U14)
B15: Newsletter | C15: Marketing | D15: Ella | E15: Monthly | F15: 45 | I15: Business card A | J15: 46304 | M15: =IF(B15="","",SUMIFS(Access!$G$6:$G$405,Access!$C$6:$C$405,B15)) | N15: =IF(B15="","",IF(G15<>"",N(F15)*IF(H15="",M15,N(H15)),N(F15))) | O15: =IF(B15="","",IF(AND(L15<>"",L15<=TODAY()),0,N15/U15)) | P15: =IF(B15="","",O15*12) | Q15: =IF(OR(B15="",J15=""),"",IF(AND(L15<>"",IF(J15>=TODAY(),J15,IF(EDATE(J15,INT(DATEDIF(J15,TODAY(),"m")/U15)*U15)>=TODAY(),EDATE(J15,INT(DATEDIF(J15,TODAY(),"m")/U15)*U15),EDATE(J15,INT(DATEDIF(J15,TODAY(),"m")/U15)*U15+U15)))>=L15),"",IF(J15>=TODAY(),J15,IF(EDATE(J15,INT(DATEDIF(J15,TODAY(),"m")/U15)*U15)>=TODAY(),EDATE(J15,INT(DATEDIF(J15,TODAY(),"m")/U15)*U15),EDATE(J15,INT(DATEDIF(J15,TODAY(),"m")/U15)*U15+U15))))) | R15: =IF(Q15="","",Q15-N(K15)) | S15: =IF(OR(B15="",G15="",H15="",AND(L15<>"",L15<=TODAY())),"",MAX(0,N(H15)-N(M15))) | T15: =IF(B15="","",IF(AND(L15<>"",L15<=TODAY()),"Cancelled",IF(L15<>"","Ends "&DAY(L15)&" "&CHOOSE(MONTH(L15),"Jan","Feb","Mar","Apr","May","Jun","Jul","Aug","Sep","Oct","Nov","Dec"),IF(AND(Q15<>"",W15<>"",W15<Q15),"Card expires",IF(AND(Q15<>"",E15<>"Monthly",N(K15)>0,R15>=TODAY(),R15-TODAY()<=N(Settings!$C$5)),"Cancel by "&DAY(R15)&" "&CHOOSE(MONTH(R15),"Jan","Feb","Mar","Apr","May","Jun","Jul","Aug","Sep","Oct","Nov","Dec"),IF(AND(Q15<>"",E15<>"Monthly",Q15-TODAY()<=N(Settings!$C$5)),"Renews "&DAY(Q15)&" "&CHOOSE(MONTH(Q15),"Jan","Feb","Mar","Apr","May","Jun","Jul","Aug","Sep","Oct","Nov","Dec"),IF(N(S15)>0,S15&IF(S15=1," unused seat"," unused seats"),"Active"))))))) | U15: =IF(E15="Quarterly",3,IF(E15="Yearly",12,1)) | V15: =IF(Q15="","",Q15+ROW()/10000000) | W15: =IFERROR(IF(INDEX(Cards!$D$6:$D$25,MATCH(I15,Cards!$B$6:$B$25,0))="","",INDEX(Cards!$D$6:$D$25,MATCH(I15,Cards!$B$6:$B$25,0))),"") | X15: =IF(OR(T15="",T15="Active",T15="Cancelled"),"",ROW()) | Y15: =IF(N(S15)=0,0,S15*N(F15)*12/U15)
B16: Project board | C16: Operations | D16: Grace | E16: Monthly | F16: 10 | G16: x | H16: 8 | I16: Business card A | J16: 46313 | M16: =IF(B16="","",SUMIFS(Access!$G$6:$G$405,Access!$C$6:$C$405,B16)) | N16: =IF(B16="","",IF(G16<>"",N(F16)*IF(H16="",M16,N(H16)),N(F16))) | O16: =IF(B16="","",IF(AND(L16<>"",L16<=TODAY()),0,N16/U16)) | P16: =IF(B16="","",O16*12) | Q16: =IF(OR(B16="",J16=""),"",IF(AND(L16<>"",IF(J16>=TODAY(),J16,IF(EDATE(J16,INT(DATEDIF(J16,TODAY(),"m")/U16)*U16)>=TODAY(),EDATE(J16,INT(DATEDIF(J16,TODAY(),"m")/U16)*U16),EDATE(J16,INT(DATEDIF(J16,TODAY(),"m")/U16)*U16+U16)))>=L16),"",IF(J16>=TODAY(),J16,IF(EDATE(J16,INT(DATEDIF(J16,TODAY(),"m")/U16)*U16)>=TODAY(),EDATE(J16,INT(DATEDIF(J16,TODAY(),"m")/U16)*U16),EDATE(J16,INT(DATEDIF(J16,TODAY(),"m")/U16)*U16+U16))))) | R16: =IF(Q16="","",Q16-N(K16)) | S16: =IF(OR(B16="",G16="",H16="",AND(L16<>"",L16<=TODAY())),"",MAX(0,N(H16)-N(M16))) | T16: =IF(B16="","",IF(AND(L16<>"",L16<=TODAY()),"Cancelled",IF(L16<>"","Ends "&DAY(L16)&" "&CHOOSE(MONTH(L16),"Jan","Feb","Mar","Apr","May","Jun","Jul","Aug","Sep","Oct","Nov","Dec"),IF(AND(Q16<>"",W16<>"",W16<Q16),"Card expires",IF(AND(Q16<>"",E16<>"Monthly",N(K16)>0,R16>=TODAY(),R16-TODAY()<=N(Settings!$C$5)),"Cancel by "&DAY(R16)&" "&CHOOSE(MONTH(R16),"Jan","Feb","Mar","Apr","May","Jun","Jul","Aug","Sep","Oct","Nov","Dec"),IF(AND(Q16<>"",E16<>"Monthly",Q16-TODAY()<=N(Settings!$C$5)),"Renews "&DAY(Q16)&" "&CHOOSE(MONTH(Q16),"Jan","Feb","Mar","Apr","May","Jun","Jul","Aug","Sep","Oct","Nov","Dec"),IF(N(S16)>0,S16&IF(S16=1," unused seat"," unused seats"),"Active"))))))) | U16: =IF(E16="Quarterly",3,IF(E16="Yearly",12,1)) | V16: =IF(Q16="","",Q16+ROW()/10000000) | W16: =IFERROR(IF(INDEX(Cards!$D$6:$D$25,MATCH(I16,Cards!$B$6:$B$25,0))="","",INDEX(Cards!$D$6:$D$25,MATCH(I16,Cards!$B$6:$B$25,0))),"") | X16: =IF(OR(T16="",T16="Active",T16="Cancelled"),"",ROW()) | Y16: =IF(N(S16)=0,0,S16*N(F16)*12/U16)
B17: Password manager | C17: Security | D17: Dev | E17: Yearly | F17: 48 | G17: x | H17: 8 | I17: Business card B | J17: 46508 | M17: =IF(B17="","",SUMIFS(Access!$G$6:$G$405,Access!$C$6:$C$405,B17)) | N17: =IF(B17="","",IF(G17<>"",N(F17)*IF(H17="",M17,N(H17)),N(F17))) | O17: =IF(B17="","",IF(AND(L17<>"",L17<=TODAY()),0,N17/U17)) | P17: =IF(B17="","",O17*12) | Q17: =IF(OR(B17="",J17=""),"",IF(AND(L17<>"",IF(J17>=TODAY(),J17,IF(EDATE(J17,INT(DATEDIF(J17,TODAY(),"m")/U17)*U17)>=TODAY(),EDATE(J17,INT(DATEDIF(J17,TODAY(),"m")/U17)*U17),EDATE(J17,INT(DATEDIF(J17,TODAY(),"m")/U17)*U17+U17)))>=L17),"",IF(J17>=TODAY(),J17,IF(EDATE(J17,INT(DATEDIF(J17,TODAY(),"m")/U17)*U17)>=TODAY(),EDATE(J17,INT(DATEDIF(J17,TODAY(),"m")/U17)*U17),EDATE(J17,INT(DATEDIF(J17,TODAY(),"m")/U17)*U17+U17))))) | R17: =IF(Q17="","",Q17-N(K17)) | S17: =IF(OR(B17="",G17="",H17="",AND(L17<>"",L17<=TODAY())),"",MAX(0,N(H17)-N(M17))) | T17: =IF(B17="","",IF(AND(L17<>"",L17<=TODAY()),"Cancelled",IF(L17<>"","Ends "&DAY(L17)&" "&CHOOSE(MONTH(L17),"Jan","Feb","Mar","Apr","May","Jun","Jul","Aug","Sep","Oct","Nov","Dec"),IF(AND(Q17<>"",W17<>"",W17<Q17),"Card expires",IF(AND(Q17<>"",E17<>"Monthly",N(K17)>0,R17>=TODAY(),R17-TODAY()<=N(Settings!$C$5)),"Cancel by "&DAY(R17)&" "&CHOOSE(MONTH(R17),"Jan","Feb","Mar","Apr","May","Jun","Jul","Aug","Sep","Oct","Nov","Dec"),IF(AND(Q17<>"",E17<>"Monthly",Q17-TODAY()<=N(Settings!$C$5)),"Renews "&DAY(Q17)&" "&CHOOSE(MONTH(Q17),"Jan","Feb","Mar","Apr","May","Jun","Jul","Aug","Sep","Oct","Nov","Dec"),IF(N(S17)>0,S17&IF(S17=1," unused seat"," unused seats"),"Active"))))))) | U17: =IF(E17="Quarterly",3,IF(E17="Yearly",12,1)) | V17: =IF(Q17="","",Q17+ROW()/10000000) | W17: =IFERROR(IF(INDEX(Cards!$D$6:$D$25,MATCH(I17,Cards!$B$6:$B$25,0))="","",INDEX(Cards!$D$6:$D$25,MATCH(I17,Cards!$B$6:$B$25,0))),"") | X17: =IF(OR(T17="",T17="Active",T17="Cancelled"),"",ROW()) | Y17: =IF(N(S17)=0,0,S17*N(F17)*12/U17)
B18: Cloud storage | C18: Office | D18: Dev | E18: Yearly | F18: 120 | I18: Business card A | J18: 46336 | M18: =IF(B18="","",SUMIFS(Access!$G$6:$G$405,Access!$C$6:$C$405,B18)) | N18: =IF(B18="","",IF(G18<>"",N(F18)*IF(H18="",M18,N(H18)),N(F18))) | O18: =IF(B18="","",IF(AND(L18<>"",L18<=TODAY()),0,N18/U18)) | P18: =IF(B18="","",O18*12) | Q18: =IF(OR(B18="",J18=""),"",IF(AND(L18<>"",IF(J18>=TODAY(),J18,IF(EDATE(J18,INT(DATEDIF(J18,TODAY(),"m")/U18)*U18)>=TODAY(),EDATE(J18,INT(DATEDIF(J18,TODAY(),"m")/U18)*U18),EDATE(J18,INT(DATEDIF(J18,TODAY(),"m")/U18)*U18+U18)))>=L18),"",IF(J18>=TODAY(),J18,IF(EDATE(J18,INT(DATEDIF(J18,TODAY(),"m")/U18)*U18)>=TODAY(),EDATE(J18,INT(DATEDIF(J18,TODAY(),"m")/U18)*U18),EDATE(J18,INT(DATEDIF(J18,TODAY(),"m")/U18)*U18+U18))))) | R18: =IF(Q18="","",Q18-N(K18)) | S18: =IF(OR(B18="",G18="",H18="",AND(L18<>"",L18<=TODAY())),"",MAX(0,N(H18)-N(M18))) | T18: =IF(B18="","",IF(AND(L18<>"",L18<=TODAY()),"Cancelled",IF(L18<>"","Ends "&DAY(L18)&" "&CHOOSE(MONTH(L18),"Jan","Feb","Mar","Apr","May","Jun","Jul","Aug","Sep","Oct","Nov","Dec"),IF(AND(Q18<>"",W18<>"",W18<Q18),"Card expires",IF(AND(Q18<>"",E18<>"Monthly",N(K18)>0,R18>=TODAY(),R18-TODAY()<=N(Settings!$C$5)),"Cancel by "&DAY(R18)&" "&CHOOSE(MONTH(R18),"Jan","Feb","Mar","Apr","May","Jun","Jul","Aug","Sep","Oct","Nov","Dec"),IF(AND(Q18<>"",E18<>"Monthly",Q18-TODAY()<=N(Settings!$C$5)),"Renews "&DAY(Q18)&" "&CHOOSE(MONTH(Q18),"Jan","Feb","Mar","Apr","May","Jun","Jul","Aug","Sep","Oct","Nov","Dec"),IF(N(S18)>0,S18&IF(S18=1," unused seat"," unused seats"),"Active"))))))) | U18: =IF(E18="Quarterly",3,IF(E18="Yearly",12,1)) | V18: =IF(Q18="","",Q18+ROW()/10000000) | W18: =IFERROR(IF(INDEX(Cards!$D$6:$D$25,MATCH(I18,Cards!$B$6:$B$25,0))="","",INDEX(Cards!$D$6:$D$25,MATCH(I18,Cards!$B$6:$B$25,0))),"") | X18: =IF(OR(T18="",T18="Active",T18="Cancelled"),"",ROW()) | Y18: =IF(N(S18)=0,0,S18*N(F18)*12/U18)
B19: Scheduling | C19: Operations | D19: Grace | E19: Quarterly | F19: 36 | I19: Business card A | J19: 46213 | M19: =IF(B19="","",SUMIFS(Access!$G$6:$G$405,Access!$C$6:$C$405,B19)) | N19: =IF(B19="","",IF(G19<>"",N(F19)*IF(H19="",M19,N(H19)),N(F19))) | O19: =IF(B19="","",IF(AND(L19<>"",L19<=TODAY()),0,N19/U19)) | P19: =IF(B19="","",O19*12) | Q19: =IF(OR(B19="",J19=""),"",IF(AND(L19<>"",IF(J19>=TODAY(),J19,IF(EDATE(J19,INT(DATEDIF(J19,TODAY(),"m")/U19)*U19)>=TODAY(),EDATE(J19,INT(DATEDIF(J19,TODAY(),"m")/U19)*U19),EDATE(J19,INT(DATEDIF(J19,TODAY(),"m")/U19)*U19+U19)))>=L19),"",IF(J19>=TODAY(),J19,IF(EDATE(J19,INT(DATEDIF(J19,TODAY(),"m")/U19)*U19)>=TODAY(),EDATE(J19,INT(DATEDIF(J19,TODAY(),"m")/U19)*U19),EDATE(J19,INT(DATEDIF(J19,TODAY(),"m")/U19)*U19+U19))))) | R19: =IF(Q19="","",Q19-N(K19)) | S19: =IF(OR(B19="",G19="",H19="",AND(L19<>"",L19<=TODAY())),"",MAX(0,N(H19)-N(M19))) | T19: =IF(B19="","",IF(AND(L19<>"",L19<=TODAY()),"Cancelled",IF(L19<>"","Ends "&DAY(L19)&" "&CHOOSE(MONTH(L19),"Jan","Feb","Mar","Apr","May","Jun","Jul","Aug","Sep","Oct","Nov","Dec"),IF(AND(Q19<>"",W19<>"",W19<Q19),"Card expires",IF(AND(Q19<>"",E19<>"Monthly",N(K19)>0,R19>=TODAY(),R19-TODAY()<=N(Settings!$C$5)),"Cancel by "&DAY(R19)&" "&CHOOSE(MONTH(R19),"Jan","Feb","Mar","Apr","May","Jun","Jul","Aug","Sep","Oct","Nov","Dec"),IF(AND(Q19<>"",E19<>"Monthly",Q19-TODAY()<=N(Settings!$C$5)),"Renews "&DAY(Q19)&" "&CHOOSE(MONTH(Q19),"Jan","Feb","Mar","Apr","May","Jun","Jul","Aug","Sep","Oct","Nov","Dec"),IF(N(S19)>0,S19&IF(S19=1," unused seat"," unused seats"),"Active"))))))) | U19: =IF(E19="Quarterly",3,IF(E19="Yearly",12,1)) | V19: =IF(Q19="","",Q19+ROW()/10000000) | W19: =IFERROR(IF(INDEX(Cards!$D$6:$D$25,MATCH(I19,Cards!$B$6:$B$25,0))="","",INDEX(Cards!$D$6:$D$25,MATCH(I19,Cards!$B$6:$B$25,0))),"") | X19: =IF(OR(T19="",T19="Active",T19="Cancelled"),"",ROW()) | Y19: =IF(N(S19)=0,0,S19*N(F19)*12/U19)
B20: E-signature | C20: Operations | D20: Ana | E20: Monthly | F20: 25 | I20: Business card A | J20: 46280 | L20: 46280 | M20: =IF(B20="","",SUMIFS(Access!$G$6:$G$405,Access!$C$6:$C$405,B20)) | N20: =IF(B20="","",IF(G20<>"",N(F20)*IF(H20="",M20,N(H20)),N(F20))) | O20: =IF(B20="","",IF(AND(L20<>"",L20<=TODAY()),0,N20/U20)) | P20: =IF(B20="","",O20*12) | Q20: =IF(OR(B20="",J20=""),"",IF(AND(L20<>"",IF(J20>=TODAY(),J20,IF(EDATE(J20,INT(DATEDIF(J20,TODAY(),"m")/U20)*U20)>=TODAY(),EDATE(J20,INT(DATEDIF(J20,TODAY(),"m")/U20)*U20),EDATE(J20,INT(DATEDIF(J20,TODAY(),"m")/U20)*U20+U20)))>=L20),"",IF(J20>=TODAY(),J20,IF(EDATE(J20,INT(DATEDIF(J20,TODAY(),"m")/U20)*U20)>=TODAY(),EDATE(J20,INT(DATEDIF(J20,TODAY(),"m")/U20)*U20),EDATE(J20,INT(DATEDIF(J20,TODAY(),"m")/U20)*U20+U20))))) | R20: =IF(Q20="","",Q20-N(K20)) | S20: =IF(OR(B20="",G20="",H20="",AND(L20<>"",L20<=TODAY())),"",MAX(0,N(H20)-N(M20))) | T20: =IF(B20="","",IF(AND(L20<>"",L20<=TODAY()),"Cancelled",IF(L20<>"","Ends "&DAY(L20)&" "&CHOOSE(MONTH(L20),"Jan","Feb","Mar","Apr","May","Jun","Jul","Aug","Sep","Oct","Nov","Dec"),IF(AND(Q20<>"",W20<>"",W20<Q20),"Card expires",IF(AND(Q20<>"",E20<>"Monthly",N(K20)>0,R20>=TODAY(),R20-TODAY()<=N(Settings!$C$5)),"Cancel by "&DAY(R20)&" "&CHOOSE(MONTH(R20),"Jan","Feb","Mar","Apr","May","Jun","Jul","Aug","Sep","Oct","Nov","Dec"),IF(AND(Q20<>"",E20<>"Monthly",Q20-TODAY()<=N(Settings!$C$5)),"Renews "&DAY(Q20)&" "&CHOOSE(MONTH(Q20),"Jan","Feb","Mar","Apr","May","Jun","Jul","Aug","Sep","Oct","Nov","Dec"),IF(N(S20)>0,S20&IF(S20=1," unused seat"," unused seats"),"Active"))))))) | U20: =IF(E20="Quarterly",3,IF(E20="Yearly",12,1)) | V20: =IF(Q20="","",Q20+ROW()/10000000) | W20: =IFERROR(IF(INDEX(Cards!$D$6:$D$25,MATCH(I20,Cards!$B$6:$B$25,0))="","",INDEX(Cards!$D$6:$D$25,MATCH(I20,Cards!$B$6:$B$25,0))),"") | X20: =IF(OR(T20="",T20="Active",T20="Cancelled"),"",ROW()) | Y20: =IF(N(S20)=0,0,S20*N(F20)*12/U20)
B21: AI writing assistant | C21: Marketing | D21: Ella | E21: Monthly | F21: 20 | G21: x | H21: 2 | I21: Business card A | J21: 46300 | L21: 46326 | M21: =IF(B21="","",SUMIFS(Access!$G$6:$G$405,Access!$C$6:$C$405,B21)) | N21: =IF(B21="","",IF(G21<>"",N(F21)*IF(H21="",M21,N(H21)),N(F21))) | O21: =IF(B21="","",IF(AND(L21<>"",L21<=TODAY()),0,N21/U21)) | P21: =IF(B21="","",O21*12) | Q21: =IF(OR(B21="",J21=""),"",IF(AND(L21<>"",IF(J21>=TODAY(),J21,IF(EDATE(J21,INT(DATEDIF(J21,TODAY(),"m")/U21)*U21)>=TODAY(),EDATE(J21,INT(DATEDIF(J21,TODAY(),"m")/U21)*U21),EDATE(J21,INT(DATEDIF(J21,TODAY(),"m")/U21)*U21+U21)))>=L21),"",IF(J21>=TODAY(),J21,IF(EDATE(J21,INT(DATEDIF(J21,TODAY(),"m")/U21)*U21)>=TODAY(),EDATE(J21,INT(DATEDIF(J21,TODAY(),"m")/U21)*U21),EDATE(J21,INT(DATEDIF(J21,TODAY(),"m")/U21)*U21+U21))))) | R21: =IF(Q21="","",Q21-N(K21)) | S21: =IF(OR(B21="",G21="",H21="",AND(L21<>"",L21<=TODAY())),"",MAX(0,N(H21)-N(M21))) | T21: =IF(B21="","",IF(AND(L21<>"",L21<=TODAY()),"Cancelled",IF(L21<>"","Ends "&DAY(L21)&" "&CHOOSE(MONTH(L21),"Jan","Feb","Mar","Apr","May","Jun","Jul","Aug","Sep","Oct","Nov","Dec"),IF(AND(Q21<>"",W21<>"",W21<Q21),"Card expires",IF(AND(Q21<>"",E21<>"Monthly",N(K21)>0,R21>=TODAY(),R21-TODAY()<=N(Settings!$C$5)),"Cancel by "&DAY(R21)&" "&CHOOSE(MONTH(R21),"Jan","Feb","Mar","Apr","May","Jun","Jul","Aug","Sep","Oct","Nov","Dec"),IF(AND(Q21<>"",E21<>"Monthly",Q21-TODAY()<=N(Settings!$C$5)),"Renews "&DAY(Q21)&" "&CHOOSE(MONTH(Q21),"Jan","Feb","Mar","Apr","May","Jun","Jul","Aug","Sep","Oct","Nov","Dec"),IF(N(S21)>0,S21&IF(S21=1," unused seat"," unused seats"),"Active"))))))) | U21: =IF(E21="Quarterly",3,IF(E21="Yearly",12,1)) | V21: =IF(Q21="","",Q21+ROW()/10000000) | W21: =IFERROR(IF(INDEX(Cards!$D$6:$D$25,MATCH(I21,Cards!$B$6:$B$25,0))="","",INDEX(Cards!$D$6:$D$25,MATCH(I21,Cards!$B$6:$B$25,0))),"") | X21: =IF(OR(T21="",T21="Active",T21="Cancelled"),"",ROW()) | Y21: =IF(N(S21)=0,0,S21*N(F21)*12/U21)
M22: =IF(B22="","",SUMIFS(Access!$G$6:$G$405,Access!$C$6:$C$405,B22)) | N22: =IF(B22="","",IF(G22<>"",N(F22)*IF(H22="",M22,N(H22)),N(F22))) | O22: =IF(B22="","",IF(AND(L22<>"",L22<=TODAY()),0,N22/U22)) | P22: =IF(B22="","",O22*12) | Q22: =IF(OR(B22="",J22=""),"",IF(AND(L22<>"",IF(J22>=TODAY(),J22,IF(EDATE(J22,INT(DATEDIF(J22,TODAY(),"m")/U22)*U22)>=TODAY(),EDATE(J22,INT(DATEDIF(J22,TODAY(),"m")/U22)*U22),EDATE(J22,INT(DATEDIF(J22,TODAY(),"m")/U22)*U22+U22)))>=L22),"",IF(J22>=TODAY(),J22,IF(EDATE(J22,INT(DATEDIF(J22,TODAY(),"m")/U22)*U22)>=TODAY(),EDATE(J22,INT(DATEDIF(J22,TODAY(),"m")/U22)*U22),EDATE(J22,INT(DATEDIF(J22,TODAY(),"m")/U22)*U22+U22))))) | R22: =IF(Q22="","",Q22-N(K22)) | S22: =IF(OR(B22="",G22="",H22="",AND(L22<>"",L22<=TODAY())),"",MAX(0,N(H22)-N(M22))) | T22: =IF(B22="","",IF(AND(L22<>"",L22<=TODAY()),"Cancelled",IF(L22<>"","Ends "&DAY(L22)&" "&CHOOSE(MONTH(L22),"Jan","Feb","Mar","Apr","May","Jun","Jul","Aug","Sep","Oct","Nov","Dec"),IF(AND(Q22<>"",W22<>"",W22<Q22),"Card expires",IF(AND(Q22<>"",E22<>"Monthly",N(K22)>0,R22>=TODAY(),R22-TODAY()<=N(Settings!$C$5)),"Cancel by "&DAY(R22)&" "&CHOOSE(MONTH(R22),"Jan","Feb","Mar","Apr","May","Jun","Jul","Aug","Sep","Oct","Nov","Dec"),IF(AND(Q22<>"",E22<>"Monthly",Q22-TODAY()<=N(Settings!$C$5)),"Renews "&DAY(Q22)&" "&CHOOSE(MONTH(Q22),"Jan","Feb","Mar","Apr","May","Jun","Jul","Aug","Sep","Oct","Nov","Dec"),IF(N(S22)>0,S22&IF(S22=1," unused seat"," unused seats"),"Active"))))))) | U22: =IF(E22="Quarterly",3,IF(E22="Yearly",12,1)) | V22: =IF(Q22="","",Q22+ROW()/10000000) | W22: =IFERROR(IF(INDEX(Cards!$D$6:$D$25,MATCH(I22,Cards!$B$6:$B$25,0))="","",INDEX(Cards!$D$6:$D$25,MATCH(I22,Cards!$B$6:$B$25,0))),"") | X22: =IF(OR(T22="",T22="Active",T22="Cancelled"),"",ROW()) | Y22: =IF(N(S22)=0,0,S22*N(F22)*12/U22)
M23: =IF(B23="","",SUMIFS(Access!$G$6:$G$405,Access!$C$6:$C$405,B23)) | N23: =IF(B23="","",IF(G23<>"",N(F23)*IF(H23="",M23,N(H23)),N(F23))) | O23: =IF(B23="","",IF(AND(L23<>"",L23<=TODAY()),0,N23/U23)) | P23: =IF(B23="","",O23*12) | Q23: =IF(OR(B23="",J23=""),"",IF(AND(L23<>"",IF(J23>=TODAY(),J23,IF(EDATE(J23,INT(DATEDIF(J23,TODAY(),"m")/U23)*U23)>=TODAY(),EDATE(J23,INT(DATEDIF(J23,TODAY(),"m")/U23)*U23),EDATE(J23,INT(DATEDIF(J23,TODAY(),"m")/U23)*U23+U23)))>=L23),"",IF(J23>=TODAY(),J23,IF(EDATE(J23,INT(DATEDIF(J23,TODAY(),"m")/U23)*U23)>=TODAY(),EDATE(J23,INT(DATEDIF(J23,TODAY(),"m")/U23)*U23),EDATE(J23,INT(DATEDIF(J23,TODAY(),"m")/U23)*U23+U23))))) | R23: =IF(Q23="","",Q23-N(K23)) | S23: =IF(OR(B23="",G23="",H23="",AND(L23<>"",L23<=TODAY())),"",MAX(0,N(H23)-N(M23))) | T23: =IF(B23="","",IF(AND(L23<>"",L23<=TODAY()),"Cancelled",IF(L23<>"","Ends "&DAY(L23)&" "&CHOOSE(MONTH(L23),"Jan","Feb","Mar","Apr","May","Jun","Jul","Aug","Sep","Oct","Nov","Dec"),IF(AND(Q23<>"",W23<>"",W23<Q23),"Card expires",IF(AND(Q23<>"",E23<>"Monthly",N(K23)>0,R23>=TODAY(),R23-TODAY()<=N(Settings!$C$5)),"Cancel by "&DAY(R23)&" "&CHOOSE(MONTH(R23),"Jan","Feb","Mar","Apr","May","Jun","Jul","Aug","Sep","Oct","Nov","Dec"),IF(AND(Q23<>"",E23<>"Monthly",Q23-TODAY()<=N(Settings!$C$5)),"Renews "&DAY(Q23)&" "&CHOOSE(MONTH(Q23),"Jan","Feb","Mar","Apr","May","Jun","Jul","Aug","Sep","Oct","Nov","Dec"),IF(N(S23)>0,S23&IF(S23=1," unused seat"," unused seats"),"Active"))))))) | U23: =IF(E23="Quarterly",3,IF(E23="Yearly",12,1)) | V23: =IF(Q23="","",Q23+ROW()/10000000) | W23: =IFERROR(IF(INDEX(Cards!$D$6:$D$25,MATCH(I23,Cards!$B$6:$B$25,0))="","",INDEX(Cards!$D$6:$D$25,MATCH(I23,Cards!$B$6:$B$25,0))),"") | X23: =IF(OR(T23="",T23="Active",T23="Cancelled"),"",ROW()) | Y23: =IF(N(S23)=0,0,S23*N(F23)*12/U23)
M24: =IF(B24="","",SUMIFS(Access!$G$6:$G$405,Access!$C$6:$C$405,B24)) | N24: =IF(B24="","",IF(G24<>"",N(F24)*IF(H24="",M24,N(H24)),N(F24))) | O24: =IF(B24="","",IF(AND(L24<>"",L24<=TODAY()),0,N24/U24)) | P24: =IF(B24="","",O24*12) | Q24: =IF(OR(B24="",J24=""),"",IF(AND(L24<>"",IF(J24>=TODAY(),J24,IF(EDATE(J24,INT(DATEDIF(J24,TODAY(),"m")/U24)*U24)>=TODAY(),EDATE(J24,INT(DATEDIF(J24,TODAY(),"m")/U24)*U24),EDATE(J24,INT(DATEDIF(J24,TODAY(),"m")/U24)*U24+U24)))>=L24),"",IF(J24>=TODAY(),J24,IF(EDATE(J24,INT(DATEDIF(J24,TODAY(),"m")/U24)*U24)>=TODAY(),EDATE(J24,INT(DATEDIF(J24,TODAY(),"m")/U24)*U24),EDATE(J24,INT(DATEDIF(J24,TODAY(),"m")/U24)*U24+U24))))) | R24: =IF(Q24="","",Q24-N(K24)) | S24: =IF(OR(B24="",G24="",H24="",AND(L24<>"",L24<=TODAY())),"",MAX(0,N(H24)-N(M24))) | T24: =IF(B24="","",IF(AND(L24<>"",L24<=TODAY()),"Cancelled",IF(L24<>"","Ends "&DAY(L24)&" "&CHOOSE(MONTH(L24),"Jan","Feb","Mar","Apr","May","Jun","Jul","Aug","Sep","Oct","Nov","Dec"),IF(AND(Q24<>"",W24<>"",W24<Q24),"Card expires",IF(AND(Q24<>"",E24<>"Monthly",N(K24)>0,R24>=TODAY(),R24-TODAY()<=N(Settings!$C$5)),"Cancel by "&DAY(R24)&" "&CHOOSE(MONTH(R24),"Jan","Feb","Mar","Apr","May","Jun","Jul","Aug","Sep","Oct","Nov","Dec"),IF(AND(Q24<>"",E24<>"Monthly",Q24-TODAY()<=N(Settings!$C$5)),"Renews "&DAY(Q24)&" "&CHOOSE(MONTH(Q24),"Jan","Feb","Mar","Apr","May","Jun","Jul","Aug","Sep","Oct","Nov","Dec"),IF(N(S24)>0,S24&IF(S24=1," unused seat"," unused seats"),"Active"))))))) | U24: =IF(E24="Quarterly",3,IF(E24="Yearly",12,1)) | V24: =IF(Q24="","",Q24+ROW()/10000000) | W24: =IFERROR(IF(INDEX(Cards!$D$6:$D$25,MATCH(I24,Cards!$B$6:$B$25,0))="","",INDEX(Cards!$D$6:$D$25,MATCH(I24,Cards!$B$6:$B$25,0))),"") | X24: =IF(OR(T24="",T24="Active",T24="Cancelled"),"",ROW()) | Y24: =IF(N(S24)=0,0,S24*N(F24)*12/U24)
M25: =IF(B25="","",SUMIFS(Access!$G$6:$G$405,Access!$C$6:$C$405,B25)) | N25: =IF(B25="","",IF(G25<>"",N(F25)*IF(H25="",M25,N(H25)),N(F25))) | O25: =IF(B25="","",IF(AND(L25<>"",L25<=TODAY()),0,N25/U25)) | P25: =IF(B25="","",O25*12) | Q25: =IF(OR(B25="",J25=""),"",IF(AND(L25<>"",IF(J25>=TODAY(),J25,IF(EDATE(J25,INT(DATEDIF(J25,TODAY(),"m")/U25)*U25)>=TODAY(),EDATE(J25,INT(DATEDIF(J25,TODAY(),"m")/U25)*U25),EDATE(J25,INT(DATEDIF(J25,TODAY(),"m")/U25)*U25+U25)))>=L25),"",IF(J25>=TODAY(),J25,IF(EDATE(J25,INT(DATEDIF(J25,TODAY(),"m")/U25)*U25)>=TODAY(),EDATE(J25,INT(DATEDIF(J25,TODAY(),"m")/U25)*U25),EDATE(J25,INT(DATEDIF(J25,TODAY(),"m")/U25)*U25+U25))))) | R25: =IF(Q25="","",Q25-N(K25)) | S25: =IF(OR(B25="",G25="",H25="",AND(L25<>"",L25<=TODAY())),"",MAX(0,N(H25)-N(M25))) | T25: =IF(B25="","",IF(AND(L25<>"",L25<=TODAY()),"Cancelled",IF(L25<>"","Ends "&DAY(L25)&" "&CHOOSE(MONTH(L25),"Jan","Feb","Mar","Apr","May","Jun","Jul","Aug","Sep","Oct","Nov","Dec"),IF(AND(Q25<>"",W25<>"",W25<Q25),"Card expires",IF(AND(Q25<>"",E25<>"Monthly",N(K25)>0,R25>=TODAY(),R25-TODAY()<=N(Settings!$C$5)),"Cancel by "&DAY(R25)&" "&CHOOSE(MONTH(R25),"Jan","Feb","Mar","Apr","May","Jun","Jul","Aug","Sep","Oct","Nov","Dec"),IF(AND(Q25<>"",E25<>"Monthly",Q25-TODAY()<=N(Settings!$C$5)),"Renews "&DAY(Q25)&" "&CHOOSE(MONTH(Q25),"Jan","Feb","Mar","Apr","May","Jun","Jul","Aug","Sep","Oct","Nov","Dec"),IF(N(S25)>0,S25&IF(S25=1," unused seat"," unused seats"),"Active"))))))) | U25: =IF(E25="Quarterly",3,IF(E25="Yearly",12,1)) | V25: =IF(Q25="","",Q25+ROW()/10000000) | W25: =IFERROR(IF(INDEX(Cards!$D$6:$D$25,MATCH(I25,Cards!$B$6:$B$25,0))="","",INDEX(Cards!$D$6:$D$25,MATCH(I25,Cards!$B$6:$B$25,0))),"") | X25: =IF(OR(T25="",T25="Active",T25="Cancelled"),"",ROW()) | Y25: =IF(N(S25)=0,0,S25*N(F25)*12/U25)
M26: =IF(B26="","",SUMIFS(Access!$G$6:$G$405,Access!$C$6:$C$405,B26)) | N26: =IF(B26="","",IF(G26<>"",N(F26)*IF(H26="",M26,N(H26)),N(F26))) | O26: =IF(B26="","",IF(AND(L26<>"",L26<=TODAY()),0,N26/U26)) | P26: =IF(B26="","",O26*12) | Q26: =IF(OR(B26="",J26=""),"",IF(AND(L26<>"",IF(J26>=TODAY(),J26,IF(EDATE(J26,INT(DATEDIF(J26,TODAY(),"m")/U26)*U26)>=TODAY(),EDATE(J26,INT(DATEDIF(J26,TODAY(),"m")/U26)*U26),EDATE(J26,INT(DATEDIF(J26,TODAY(),"m")/U26)*U26+U26)))>=L26),"",IF(J26>=TODAY(),J26,IF(EDATE(J26,INT(DATEDIF(J26,TODAY(),"m")/U26)*U26)>=TODAY(),EDATE(J26,INT(DATEDIF(J26,TODAY(),"m")/U26)*U26),EDATE(J26,INT(DATEDIF(J26,TODAY(),"m")/U26)*U26+U26))))) | R26: =IF(Q26="","",Q26-N(K26)) | S26: =IF(OR(B26="",G26="",H26="",AND(L26<>"",L26<=TODAY())),"",MAX(0,N(H26)-N(M26))) | T26: =IF(B26="","",IF(AND(L26<>"",L26<=TODAY()),"Cancelled",IF(L26<>"","Ends "&DAY(L26)&" "&CHOOSE(MONTH(L26),"Jan","Feb","Mar","Apr","May","Jun","Jul","Aug","Sep","Oct","Nov","Dec"),IF(AND(Q26<>"",W26<>"",W26<Q26),"Card expires",IF(AND(Q26<>"",E26<>"Monthly",N(K26)>0,R26>=TODAY(),R26-TODAY()<=N(Settings!$C$5)),"Cancel by "&DAY(R26)&" "&CHOOSE(MONTH(R26),"Jan","Feb","Mar","Apr","May","Jun","Jul","Aug","Sep","Oct","Nov","Dec"),IF(AND(Q26<>"",E26<>"Monthly",Q26-TODAY()<=N(Settings!$C$5)),"Renews "&DAY(Q26)&" "&CHOOSE(MONTH(Q26),"Jan","Feb","Mar","Apr","May","Jun","Jul","Aug","Sep","Oct","Nov","Dec"),IF(N(S26)>0,S26&IF(S26=1," unused seat"," unused seats"),"Active"))))))) | U26: =IF(E26="Quarterly",3,IF(E26="Yearly",12,1)) | V26: =IF(Q26="","",Q26+ROW()/10000000) | W26: =IFERROR(IF(INDEX(Cards!$D$6:$D$25,MATCH(I26,Cards!$B$6:$B$25,0))="","",INDEX(Cards!$D$6:$D$25,MATCH(I26,Cards!$B$6:$B$25,0))),"") | X26: =IF(OR(T26="",T26="Active",T26="Cancelled"),"",ROW()) | Y26: =IF(N(S26)=0,0,S26*N(F26)*12/U26)
M27: =IF(B27="","",SUMIFS(Access!$G$6:$G$405,Access!$C$6:$C$405,B27)) | N27: =IF(B27="","",IF(G27<>"",N(F27)*IF(H27="",M27,N(H27)),N(F27))) | O27: =IF(B27="","",IF(AND(L27<>"",L27<=TODAY()),0,N27/U27)) | P27: =IF(B27="","",O27*12) | Q27: =IF(OR(B27="",J27=""),"",IF(AND(L27<>"",IF(J27>=TODAY(),J27,IF(EDATE(J27,INT(DATEDIF(J27,TODAY(),"m")/U27)*U27)>=TODAY(),EDATE(J27,INT(DATEDIF(J27,TODAY(),"m")/U27)*U27),EDATE(J27,INT(DATEDIF(J27,TODAY(),"m")/U27)*U27+U27)))>=L27),"",IF(J27>=TODAY(),J27,IF(EDATE(J27,INT(DATEDIF(J27,TODAY(),"m")/U27)*U27)>=TODAY(),EDATE(J27,INT(DATEDIF(J27,TODAY(),"m")/U27)*U27),EDATE(J27,INT(DATEDIF(J27,TODAY(),"m")/U27)*U27+U27))))) | R27: =IF(Q27="","",Q27-N(K27)) | S27: =IF(OR(B27="",G27="",H27="",AND(L27<>"",L27<=TODAY())),"",MAX(0,N(H27)-N(M27))) | T27: =IF(B27="","",IF(AND(L27<>"",L27<=TODAY()),"Cancelled",IF(L27<>"","Ends "&DAY(L27)&" "&CHOOSE(MONTH(L27),"Jan","Feb","Mar","Apr","May","Jun","Jul","Aug","Sep","Oct","Nov","Dec"),IF(AND(Q27<>"",W27<>"",W27<Q27),"Card expires",IF(AND(Q27<>"",E27<>"Monthly",N(K27)>0,R27>=TODAY(),R27-TODAY()<=N(Settings!$C$5)),"Cancel by "&DAY(R27)&" "&CHOOSE(MONTH(R27),"Jan","Feb","Mar","Apr","May","Jun","Jul","Aug","Sep","Oct","Nov","Dec"),IF(AND(Q27<>"",E27<>"Monthly",Q27-TODAY()<=N(Settings!$C$5)),"Renews "&DAY(Q27)&" "&CHOOSE(MONTH(Q27),"Jan","Feb","Mar","Apr","May","Jun","Jul","Aug","Sep","Oct","Nov","Dec"),IF(N(S27)>0,S27&IF(S27=1," unused seat"," unused seats"),"Active"))))))) | U27: =IF(E27="Quarterly",3,IF(E27="Yearly",12,1)) | V27: =IF(Q27="","",Q27+ROW()/10000000) | W27: =IFERROR(IF(INDEX(Cards!$D$6:$D$25,MATCH(I27,Cards!$B$6:$B$25,0))="","",INDEX(Cards!$D$6:$D$25,MATCH(I27,Cards!$B$6:$B$25,0))),"") | X27: =IF(OR(T27="",T27="Active",T27="Cancelled"),"",ROW()) | Y27: =IF(N(S27)=0,0,S27*N(F27)*12/U27)
M28: =IF(B28="","",SUMIFS(Access!$G$6:$G$405,Access!$C$6:$C$405,B28)) | N28: =IF(B28="","",IF(G28<>"",N(F28)*IF(H28="",M28,N(H28)),N(F28))) | O28: =IF(B28="","",IF(AND(L28<>"",L28<=TODAY()),0,N28/U28)) | P28: =IF(B28="","",O28*12) | Q28: =IF(OR(B28="",J28=""),"",IF(AND(L28<>"",IF(J28>=TODAY(),J28,IF(EDATE(J28,INT(DATEDIF(J28,TODAY(),"m")/U28)*U28)>=TODAY(),EDATE(J28,INT(DATEDIF(J28,TODAY(),"m")/U28)*U28),EDATE(J28,INT(DATEDIF(J28,TODAY(),"m")/U28)*U28+U28)))>=L28),"",IF(J28>=TODAY(),J28,IF(EDATE(J28,INT(DATEDIF(J28,TODAY(),"m")/U28)*U28)>=TODAY(),EDATE(J28,INT(DATEDIF(J28,TODAY(),"m")/U28)*U28),EDATE(J28,INT(DATEDIF(J28,TODAY(),"m")/U28)*U28+U28))))) | R28: =IF(Q28="","",Q28-N(K28)) | S28: =IF(OR(B28="",G28="",H28="",AND(L28<>"",L28<=TODAY())),"",MAX(0,N(H28)-N(M28))) | T28: =IF(B28="","",IF(AND(L28<>"",L28<=TODAY()),"Cancelled",IF(L28<>"","Ends "&DAY(L28)&" "&CHOOSE(MONTH(L28),"Jan","Feb","Mar","Apr","May","Jun","Jul","Aug","Sep","Oct","Nov","Dec"),IF(AND(Q28<>"",W28<>"",W28<Q28),"Card expires",IF(AND(Q28<>"",E28<>"Monthly",N(K28)>0,R28>=TODAY(),R28-TODAY()<=N(Settings!$C$5)),"Cancel by "&DAY(R28)&" "&CHOOSE(MONTH(R28),"Jan","Feb","Mar","Apr","May","Jun","Jul","Aug","Sep","Oct","Nov","Dec"),IF(AND(Q28<>"",E28<>"Monthly",Q28-TODAY()<=N(Settings!$C$5)),"Renews "&DAY(Q28)&" "&CHOOSE(MONTH(Q28),"Jan","Feb","Mar","Apr","May","Jun","Jul","Aug","Sep","Oct","Nov","Dec"),IF(N(S28)>0,S28&IF(S28=1," unused seat"," unused seats"),"Active"))))))) | U28: =IF(E28="Quarterly",3,IF(E28="Yearly",12,1)) | V28: =IF(Q28="","",Q28+ROW()/10000000) | W28: =IFERROR(IF(INDEX(Cards!$D$6:$D$25,MATCH(I28,Cards!$B$6:$B$25,0))="","",INDEX(Cards!$D$6:$D$25,MATCH(I28,Cards!$B$6:$B$25,0))),"") | X28: =IF(OR(T28="",T28="Active",T28="Cancelled"),"",ROW()) | Y28: =IF(N(S28)=0,0,S28*N(F28)*12/U28)
M29: =IF(B29="","",SUMIFS(Access!$G$6:$G$405,Access!$C$6:$C$405,B29)) | N29: =IF(B29="","",IF(G29<>"",N(F29)*IF(H29="",M29,N(H29)),N(F29))) | O29: =IF(B29="","",IF(AND(L29<>"",L29<=TODAY()),0,N29/U29)) | P29: =IF(B29="","",O29*12) | Q29: =IF(OR(B29="",J29=""),"",IF(AND(L29<>"",IF(J29>=TODAY(),J29,IF(EDATE(J29,INT(DATEDIF(J29,TODAY(),"m")/U29)*U29)>=TODAY(),EDATE(J29,INT(DATEDIF(J29,TODAY(),"m")/U29)*U29),EDATE(J29,INT(DATEDIF(J29,TODAY(),"m")/U29)*U29+U29)))>=L29),"",IF(J29>=TODAY(),J29,IF(EDATE(J29,INT(DATEDIF(J29,TODAY(),"m")/U29)*U29)>=TODAY(),EDATE(J29,INT(DATEDIF(J29,TODAY(),"m")/U29)*U29),EDATE(J29,INT(DATEDIF(J29,TODAY(),"m")/U29)*U29+U29))))) | R29: =IF(Q29="","",Q29-N(K29)) | S29: =IF(OR(B29="",G29="",H29="",AND(L29<>"",L29<=TODAY())),"",MAX(0,N(H29)-N(M29))) | T29: =IF(B29="","",IF(AND(L29<>"",L29<=TODAY()),"Cancelled",IF(L29<>"","Ends "&DAY(L29)&" "&CHOOSE(MONTH(L29),"Jan","Feb","Mar","Apr","May","Jun","Jul","Aug","Sep","Oct","Nov","Dec"),IF(AND(Q29<>"",W29<>"",W29<Q29),"Card expires",IF(AND(Q29<>"",E29<>"Monthly",N(K29)>0,R29>=TODAY(),R29-TODAY()<=N(Settings!$C$5)),"Cancel by "&DAY(R29)&" "&CHOOSE(MONTH(R29),"Jan","Feb","Mar","Apr","May","Jun","Jul","Aug","Sep","Oct","Nov","Dec"),IF(AND(Q29<>"",E29<>"Monthly",Q29-TODAY()<=N(Settings!$C$5)),"Renews "&DAY(Q29)&" "&CHOOSE(MONTH(Q29),"Jan","Feb","Mar","Apr","May","Jun","Jul","Aug","Sep","Oct","Nov","Dec"),IF(N(S29)>0,S29&IF(S29=1," unused seat"," unused seats"),"Active"))))))) | U29: =IF(E29="Quarterly",3,IF(E29="Yearly",12,1)) | V29: =IF(Q29="","",Q29+ROW()/10000000) | W29: =IFERROR(IF(INDEX(Cards!$D$6:$D$25,MATCH(I29,Cards!$B$6:$B$25,0))="","",INDEX(Cards!$D$6:$D$25,MATCH(I29,Cards!$B$6:$B$25,0))),"") | X29: =IF(OR(T29="",T29="Active",T29="Cancelled"),"",ROW()) | Y29: =IF(N(S29)=0,0,S29*N(F29)*12/U29)
M30: =IF(B30="","",SUMIFS(Access!$G$6:$G$405,Access!$C$6:$C$405,B30)) | N30: =IF(B30="","",IF(G30<>"",N(F30)*IF(H30="",M30,N(H30)),N(F30))) | O30: =IF(B30="","",IF(AND(L30<>"",L30<=TODAY()),0,N30/U30)) | P30: =IF(B30="","",O30*12) | Q30: =IF(OR(B30="",J30=""),"",IF(AND(L30<>"",IF(J30>=TODAY(),J30,IF(EDATE(J30,INT(DATEDIF(J30,TODAY(),"m")/U30)*U30)>=TODAY(),EDATE(J30,INT(DATEDIF(J30,TODAY(),"m")/U30)*U30),EDATE(J30,INT(DATEDIF(J30,TODAY(),"m")/U30)*U30+U30)))>=L30),"",IF(J30>=TODAY(),J30,IF(EDATE(J30,INT(DATEDIF(J30,TODAY(),"m")/U30)*U30)>=TODAY(),EDATE(J30,INT(DATEDIF(J30,TODAY(),"m")/U30)*U30),EDATE(J30,INT(DATEDIF(J30,TODAY(),"m")/U30)*U30+U30))))) | R30: =IF(Q30="","",Q30-N(K30)) | S30: =IF(OR(B30="",G30="",H30="",AND(L30<>"",L30<=TODAY())),"",MAX(0,N(H30)-N(M30))) | T30: =IF(B30="","",IF(AND(L30<>"",L30<=TODAY()),"Cancelled",IF(L30<>"","Ends "&DAY(L30)&" "&CHOOSE(MONTH(L30),"Jan","Feb","Mar","Apr","May","Jun","Jul","Aug","Sep","Oct","Nov","Dec"),IF(AND(Q30<>"",W30<>"",W30<Q30),"Card expires",IF(AND(Q30<>"",E30<>"Monthly",N(K30)>0,R30>=TODAY(),R30-TODAY()<=N(Settings!$C$5)),"Cancel by "&DAY(R30)&" "&CHOOSE(MONTH(R30),"Jan","Feb","Mar","Apr","May","Jun","Jul","Aug","Sep","Oct","Nov","Dec"),IF(AND(Q30<>"",E30<>"Monthly",Q30-TODAY()<=N(Settings!$C$5)),"Renews "&DAY(Q30)&" "&CHOOSE(MONTH(Q30),"Jan","Feb","Mar","Apr","May","Jun","Jul","Aug","Sep","Oct","Nov","Dec"),IF(N(S30)>0,S30&IF(S30=1," unused seat"," unused seats"),"Active"))))))) | U30: =IF(E30="Quarterly",3,IF(E30="Yearly",12,1)) | V30: =IF(Q30="","",Q30+ROW()/10000000) | W30: =IFERROR(IF(INDEX(Cards!$D$6:$D$25,MATCH(I30,Cards!$B$6:$B$25,0))="","",INDEX(Cards!$D$6:$D$25,MATCH(I30,Cards!$B$6:$B$25,0))),"") | X30: =IF(OR(T30="",T30="Active",T30="Cancelled"),"",ROW()) | Y30: =IF(N(S30)=0,0,S30*N(F30)*12/U30)
M31: =IF(B31="","",SUMIFS(Access!$G$6:$G$405,Access!$C$6:$C$405,B31)) | N31: =IF(B31="","",IF(G31<>"",N(F31)*IF(H31="",M31,N(H31)),N(F31))) | O31: =IF(B31="","",IF(AND(L31<>"",L31<=TODAY()),0,N31/U31)) | P31: =IF(B31="","",O31*12) | Q31: =IF(OR(B31="",J31=""),"",IF(AND(L31<>"",IF(J31>=TODAY(),J31,IF(EDATE(J31,INT(DATEDIF(J31,TODAY(),"m")/U31)*U31)>=TODAY(),EDATE(J31,INT(DATEDIF(J31,TODAY(),"m")/U31)*U31),EDATE(J31,INT(DATEDIF(J31,TODAY(),"m")/U31)*U31+U31)))>=L31),"",IF(J31>=TODAY(),J31,IF(EDATE(J31,INT(DATEDIF(J31,TODAY(),"m")/U31)*U31)>=TODAY(),EDATE(J31,INT(DATEDIF(J31,TODAY(),"m")/U31)*U31),EDATE(J31,INT(DATEDIF(J31,TODAY(),"m")/U31)*U31+U31))))) | R31: =IF(Q31="","",Q31-N(K31)) | S31: =IF(OR(B31="",G31="",H31="",AND(L31<>"",L31<=TODAY())),"",MAX(0,N(H31)-N(M31))) | T31: =IF(B31="","",IF(AND(L31<>"",L31<=TODAY()),"Cancelled",IF(L31<>"","Ends "&DAY(L31)&" "&CHOOSE(MONTH(L31),"Jan","Feb","Mar","Apr","May","Jun","Jul","Aug","Sep","Oct","Nov","Dec"),IF(AND(Q31<>"",W31<>"",W31<Q31),"Card expires",IF(AND(Q31<>"",E31<>"Monthly",N(K31)>0,R31>=TODAY(),R31-TODAY()<=N(Settings!$C$5)),"Cancel by "&DAY(R31)&" "&CHOOSE(MONTH(R31),"Jan","Feb","Mar","Apr","May","Jun","Jul","Aug","Sep","Oct","Nov","Dec"),IF(AND(Q31<>"",E31<>"Monthly",Q31-TODAY()<=N(Settings!$C$5)),"Renews "&DAY(Q31)&" "&CHOOSE(MONTH(Q31),"Jan","Feb","Mar","Apr","May","Jun","Jul","Aug","Sep","Oct","Nov","Dec"),IF(N(S31)>0,S31&IF(S31=1," unused seat"," unused seats"),"Active"))))))) | U31: =IF(E31="Quarterly",3,IF(E31="Yearly",12,1)) | V31: =IF(Q31="","",Q31+ROW()/10000000) | W31: =IFERROR(IF(INDEX(Cards!$D$6:$D$25,MATCH(I31,Cards!$B$6:$B$25,0))="","",INDEX(Cards!$D$6:$D$25,MATCH(I31,Cards!$B$6:$B$25,0))),"") | X31: =IF(OR(T31="",T31="Active",T31="Cancelled"),"",ROW()) | Y31: =IF(N(S31)=0,0,S31*N(F31)*12/U31)
M32: =IF(B32="","",SUMIFS(Access!$G$6:$G$405,Access!$C$6:$C$405,B32)) | N32: =IF(B32="","",IF(G32<>"",N(F32)*IF(H32="",M32,N(H32)),N(F32))) | O32: =IF(B32="","",IF(AND(L32<>"",L32<=TODAY()),0,N32/U32)) | P32: =IF(B32="","",O32*12) | Q32: =IF(OR(B32="",J32=""),"",IF(AND(L32<>"",IF(J32>=TODAY(),J32,IF(EDATE(J32,INT(DATEDIF(J32,TODAY(),"m")/U32)*U32)>=TODAY(),EDATE(J32,INT(DATEDIF(J32,TODAY(),"m")/U32)*U32),EDATE(J32,INT(DATEDIF(J32,TODAY(),"m")/U32)*U32+U32)))>=L32),"",IF(J32>=TODAY(),J32,IF(EDATE(J32,INT(DATEDIF(J32,TODAY(),"m")/U32)*U32)>=TODAY(),EDATE(J32,INT(DATEDIF(J32,TODAY(),"m")/U32)*U32),EDATE(J32,INT(DATEDIF(J32,TODAY(),"m")/U32)*U32+U32))))) | R32: =IF(Q32="","",Q32-N(K32)) | S32: =IF(OR(B32="",G32="",H32="",AND(L32<>"",L32<=TODAY())),"",MAX(0,N(H32)-N(M32))) | T32: =IF(B32="","",IF(AND(L32<>"",L32<=TODAY()),"Cancelled",IF(L32<>"","Ends "&DAY(L32)&" "&CHOOSE(MONTH(L32),"Jan","Feb","Mar","Apr","May","Jun","Jul","Aug","Sep","Oct","Nov","Dec"),IF(AND(Q32<>"",W32<>"",W32<Q32),"Card expires",IF(AND(Q32<>"",E32<>"Monthly",N(K32)>0,R32>=TODAY(),R32-TODAY()<=N(Settings!$C$5)),"Cancel by "&DAY(R32)&" "&CHOOSE(MONTH(R32),"Jan","Feb","Mar","Apr","May","Jun","Jul","Aug","Sep","Oct","Nov","Dec"),IF(AND(Q32<>"",E32<>"Monthly",Q32-TODAY()<=N(Settings!$C$5)),"Renews "&DAY(Q32)&" "&CHOOSE(MONTH(Q32),"Jan","Feb","Mar","Apr","May","Jun","Jul","Aug","Sep","Oct","Nov","Dec"),IF(N(S32)>0,S32&IF(S32=1," unused seat"," unused seats"),"Active"))))))) | U32: =IF(E32="Quarterly",3,IF(E32="Yearly",12,1)) | V32: =IF(Q32="","",Q32+ROW()/10000000) | W32: =IFERROR(IF(INDEX(Cards!$D$6:$D$25,MATCH(I32,Cards!$B$6:$B$25,0))="","",INDEX(Cards!$D$6:$D$25,MATCH(I32,Cards!$B$6:$B$25,0))),"") | X32: =IF(OR(T32="",T32="Active",T32="Cancelled"),"",ROW()) | Y32: =IF(N(S32)=0,0,S32*N(F32)*12/U32)
M33: =IF(B33="","",SUMIFS(Access!$G$6:$G$405,Access!$C$6:$C$405,B33)) | N33: =IF(B33="","",IF(G33<>"",N(F33)*IF(H33="",M33,N(H33)),N(F33))) | O33: =IF(B33="","",IF(AND(L33<>"",L33<=TODAY()),0,N33/U33)) | P33: =IF(B33="","",O33*12) | Q33: =IF(OR(B33="",J33=""),"",IF(AND(L33<>"",IF(J33>=TODAY(),J33,IF(EDATE(J33,INT(DATEDIF(J33,TODAY(),"m")/U33)*U33)>=TODAY(),EDATE(J33,INT(DATEDIF(J33,TODAY(),"m")/U33)*U33),EDATE(J33,INT(DATEDIF(J33,TODAY(),"m")/U33)*U33+U33)))>=L33),"",IF(J33>=TODAY(),J33,IF(EDATE(J33,INT(DATEDIF(J33,TODAY(),"m")/U33)*U33)>=TODAY(),EDATE(J33,INT(DATEDIF(J33,TODAY(),"m")/U33)*U33),EDATE(J33,INT(DATEDIF(J33,TODAY(),"m")/U33)*U33+U33))))) | R33: =IF(Q33="","",Q33-N(K33)) | S33: =IF(OR(B33="",G33="",H33="",AND(L33<>"",L33<=TODAY())),"",MAX(0,N(H33)-N(M33))) | T33: =IF(B33="","",IF(AND(L33<>"",L33<=TODAY()),"Cancelled",IF(L33<>"","Ends "&DAY(L33)&" "&CHOOSE(MONTH(L33),"Jan","Feb","Mar","Apr","May","Jun","Jul","Aug","Sep","Oct","Nov","Dec"),IF(AND(Q33<>"",W33<>"",W33<Q33),"Card expires",IF(AND(Q33<>"",E33<>"Monthly",N(K33)>0,R33>=TODAY(),R33-TODAY()<=N(Settings!$C$5)),"Cancel by "&DAY(R33)&" "&CHOOSE(MONTH(R33),"Jan","Feb","Mar","Apr","May","Jun","Jul","Aug","Sep","Oct","Nov","Dec"),IF(AND(Q33<>"",E33<>"Monthly",Q33-TODAY()<=N(Settings!$C$5)),"Renews "&DAY(Q33)&" "&CHOOSE(MONTH(Q33),"Jan","Feb","Mar","Apr","May","Jun","Jul","Aug","Sep","Oct","Nov","Dec"),IF(N(S33)>0,S33&IF(S33=1," unused seat"," unused seats"),"Active"))))))) | U33: =IF(E33="Quarterly",3,IF(E33="Yearly",12,1)) | V33: =IF(Q33="","",Q33+ROW()/10000000) | W33: =IFERROR(IF(INDEX(Cards!$D$6:$D$25,MATCH(I33,Cards!$B$6:$B$25,0))="","",INDEX(Cards!$D$6:$D$25,MATCH(I33,Cards!$B$6:$B$25,0))),"") | X33: =IF(OR(T33="",T33="Active",T33="Cancelled"),"",ROW()) | Y33: =IF(N(S33)=0,0,S33*N(F33)*12/U33)
... M105: =IF(B105="","",SUMIFS(Access!$G$6:$G$405,Access!$C$6:$C$405,B105)) | N105: =IF(B105="","",IF(G105<>"",N(F105)*IF(H105="",M105,N(H105)),N(F105))) | O105: =IF(B105="","",IF(AND(L105<>"",L105<=TODAY()),0,N105/U105)) | P105: =IF(B105="","",O105*12) | Q105: =IF(OR(B105="",J105=""),"",IF(AND(L105<>"",IF(J105>=TODAY(),J105,IF(EDATE(J105,INT(DATEDIF(J105,TODAY(),"m")/U105)*U105)>=TODAY(),EDATE(J105,INT(DATEDIF(J105,TODAY(),"m")/U105)*U105),EDATE(J105,INT(DATEDIF(J105,TODAY(),"m")/U105)*U105+U105)))>=L105),"",IF(J105>=TODAY(),J105,IF(EDATE(J105,INT(DATEDIF(J105,TODAY(),"m")/U105)*U105)>=TODAY(),EDATE(J105,INT(DATEDIF(J105,TODAY(),"m")/U105)*U105),EDATE(J105,INT(DATEDIF(J105,TODAY(),"m")/U105)*U105+U105))))) | R105: =IF(Q105="","",Q105-N(K105)) | S105: =IF(OR(B105="",G105="",H105="",AND(L105<>"",L105<=TODAY())),"",MAX(0,N(H105)-N(M105))) | T105: =IF(B105="","",IF(AND(L105<>"",L105<=TODAY()),"Cancelled",IF(L105<>"","Ends "&DAY(L105)&" "&CHOOSE(MONTH(L105),"Jan","Feb","Mar","Apr","May","Jun","Jul","Aug","Sep","Oct","Nov","Dec"),IF(AND(Q105<>"",W105<>"",W105<Q105),"Card expires",IF(AND(Q105<>"",E105<>"Monthly",N(K105)>0,R105>=TODAY(),R105-TODAY()<=N(Settings!$C$5)),"Cancel by "&DAY(R105)&" "&CHOOSE(MONTH(R105),"Jan","Feb","Mar","Apr","May","Jun","Jul","Aug","Sep","Oct","Nov","Dec"),IF(AND(Q105<>"",E105<>"Monthly",Q105-TODAY()<=N(Settings!$C$5)),"Renews "&DAY(Q105)&" "&CHOOSE(MONTH(Q105),"Jan","Feb","Mar","Apr","May","Jun","Jul","Aug","Sep","Oct","Nov","Dec"),IF(N(S105)>0,S105&IF(S105=1," unused seat"," unused seats"),"Active"))))))) | U105: =IF(E105="Quarterly",3,IF(E105="Yearly",12,1)) | V105: =IF(Q105="","",Q105+ROW()/10000000) | W105: =IFERROR(IF(INDEX(Cards!$D$6:$D$25,MATCH(I105,Cards!$B$6:$B$25,0))="","",INDEX(Cards!$D$6:$D$25,MATCH(I105,Cards!$B$6:$B$25,0))),"") | X105: =IF(OR(T105="",T105="Active",T105="Cancelled"),"",ROW()) | Y105: =IF(N(S105)=0,0,S105*N(F105)*12/U105)

Sheet Access
B2: Access
B3: One line per person and tool. Each line is a seat until the day it is removed.
B5: Person | C5: Tool | D5: Role | E5: Added on | F5: Removed on | H5: Status
B6: Ana | C6: Email and docs | D6: Admin | E6: 44927 | G6: =IF(OR(B6="",C6=""),"",IF(AND(F6<>"",F6<=TODAY()),0,1)) | H6: =IF(OR(B6="",C6=""),"",IF(G6=0,"Removed",IF(AND(I6<>"",I6<=TODAY()),"Remove now","Active"))) | I6: =IFERROR(IF(INDEX(Team!$E$6:$E$105,MATCH(B6,Team!$B$6:$B$105,0))="","",INDEX(Team!$E$6:$E$105,MATCH(B6,Team!$B$6:$B$105,0))),"") | J6: =IF(G6<>1,0,IFERROR(IF(INDEX(Tools!$G$6:$G$105,MATCH(C6,Tools!$B$6:$B$105,0))="",0,IF(N(INDEX(Tools!$O$6:$O$105,MATCH(C6,Tools!$B$6:$B$105,0)))=0,0,N(INDEX(Tools!$F$6:$F$105,MATCH(C6,Tools!$B$6:$B$105,0)))/INDEX(Tools!$U$6:$U$105,MATCH(C6,Tools!$B$6:$B$105,0)))),0)) | K6: =IF(H6="Remove now",ROW(),"")
B7: Ben | C7: Email and docs | D7: User | E7: 44927 | G7: =IF(OR(B7="",C7=""),"",IF(AND(F7<>"",F7<=TODAY()),0,1)) | H7: =IF(OR(B7="",C7=""),"",IF(G7=0,"Removed",IF(AND(I7<>"",I7<=TODAY()),"Remove now","Active"))) | I7: =IFERROR(IF(INDEX(Team!$E$6:$E$105,MATCH(B7,Team!$B$6:$B$105,0))="","",INDEX(Team!$E$6:$E$105,MATCH(B7,Team!$B$6:$B$105,0))),"") | J7: =IF(G7<>1,0,IFERROR(IF(INDEX(Tools!$G$6:$G$105,MATCH(C7,Tools!$B$6:$B$105,0))="",0,IF(N(INDEX(Tools!$O$6:$O$105,MATCH(C7,Tools!$B$6:$B$105,0)))=0,0,N(INDEX(Tools!$F$6:$F$105,MATCH(C7,Tools!$B$6:$B$105,0)))/INDEX(Tools!$U$6:$U$105,MATCH(C7,Tools!$B$6:$B$105,0)))),0)) | K7: =IF(H7="Remove now",ROW(),"")
B8: Chloe | C8: Email and docs | D8: User | E8: 44958 | G8: =IF(OR(B8="",C8=""),"",IF(AND(F8<>"",F8<=TODAY()),0,1)) | H8: =IF(OR(B8="",C8=""),"",IF(G8=0,"Removed",IF(AND(I8<>"",I8<=TODAY()),"Remove now","Active"))) | I8: =IFERROR(IF(INDEX(Team!$E$6:$E$105,MATCH(B8,Team!$B$6:$B$105,0))="","",INDEX(Team!$E$6:$E$105,MATCH(B8,Team!$B$6:$B$105,0))),"") | J8: =IF(G8<>1,0,IFERROR(IF(INDEX(Tools!$G$6:$G$105,MATCH(C8,Tools!$B$6:$B$105,0))="",0,IF(N(INDEX(Tools!$O$6:$O$105,MATCH(C8,Tools!$B$6:$B$105,0)))=0,0,N(INDEX(Tools!$F$6:$F$105,MATCH(C8,Tools!$B$6:$B$105,0)))/INDEX(Tools!$U$6:$U$105,MATCH(C8,Tools!$B$6:$B$105,0)))),0)) | K8: =IF(H8="Remove now",ROW(),"")
B9: Dev | C9: Email and docs | D9: User | E9: 44927 | G9: =IF(OR(B9="",C9=""),"",IF(AND(F9<>"",F9<=TODAY()),0,1)) | H9: =IF(OR(B9="",C9=""),"",IF(G9=0,"Removed",IF(AND(I9<>"",I9<=TODAY()),"Remove now","Active"))) | I9: =IFERROR(IF(INDEX(Team!$E$6:$E$105,MATCH(B9,Team!$B$6:$B$105,0))="","",INDEX(Team!$E$6:$E$105,MATCH(B9,Team!$B$6:$B$105,0))),"") | J9: =IF(G9<>1,0,IFERROR(IF(INDEX(Tools!$G$6:$G$105,MATCH(C9,Tools!$B$6:$B$105,0))="",0,IF(N(INDEX(Tools!$O$6:$O$105,MATCH(C9,Tools!$B$6:$B$105,0)))=0,0,N(INDEX(Tools!$F$6:$F$105,MATCH(C9,Tools!$B$6:$B$105,0)))/INDEX(Tools!$U$6:$U$105,MATCH(C9,Tools!$B$6:$B$105,0)))),0)) | K9: =IF(H9="Remove now",ROW(),"")
B10: Ella | C10: Email and docs | D10: User | E10: 44927 | G10: =IF(OR(B10="",C10=""),"",IF(AND(F10<>"",F10<=TODAY()),0,1)) | H10: =IF(OR(B10="",C10=""),"",IF(G10=0,"Removed",IF(AND(I10<>"",I10<=TODAY()),"Remove now","Active"))) | I10: =IFERROR(IF(INDEX(Team!$E$6:$E$105,MATCH(B10,Team!$B$6:$B$105,0))="","",INDEX(Team!$E$6:$E$105,MATCH(B10,Team!$B$6:$B$105,0))),"") | J10: =IF(G10<>1,0,IFERROR(IF(INDEX(Tools!$G$6:$G$105,MATCH(C10,Tools!$B$6:$B$105,0))="",0,IF(N(INDEX(Tools!$O$6:$O$105,MATCH(C10,Tools!$B$6:$B$105,0)))=0,0,N(INDEX(Tools!$F$6:$F$105,MATCH(C10,Tools!$B$6:$B$105,0)))/INDEX(Tools!$U$6:$U$105,MATCH(C10,Tools!$B$6:$B$105,0)))),0)) | K10: =IF(H10="Remove now",ROW(),"")
B11: Finn | C11: Email and docs | D11: User | E11: 45299 | G11: =IF(OR(B11="",C11=""),"",IF(AND(F11<>"",F11<=TODAY()),0,1)) | H11: =IF(OR(B11="",C11=""),"",IF(G11=0,"Removed",IF(AND(I11<>"",I11<=TODAY()),"Remove now","Active"))) | I11: =IFERROR(IF(INDEX(Team!$E$6:$E$105,MATCH(B11,Team!$B$6:$B$105,0))="","",INDEX(Team!$E$6:$E$105,MATCH(B11,Team!$B$6:$B$105,0))),"") | J11: =IF(G11<>1,0,IFERROR(IF(INDEX(Tools!$G$6:$G$105,MATCH(C11,Tools!$B$6:$B$105,0))="",0,IF(N(INDEX(Tools!$O$6:$O$105,MATCH(C11,Tools!$B$6:$B$105,0)))=0,0,N(INDEX(Tools!$F$6:$F$105,MATCH(C11,Tools!$B$6:$B$105,0)))/INDEX(Tools!$U$6:$U$105,MATCH(C11,Tools!$B$6:$B$105,0)))),0)) | K11: =IF(H11="Remove now",ROW(),"")
B12: Grace | C12: Email and docs | D12: User | E12: 44927 | G12: =IF(OR(B12="",C12=""),"",IF(AND(F12<>"",F12<=TODAY()),0,1)) | H12: =IF(OR(B12="",C12=""),"",IF(G12=0,"Removed",IF(AND(I12<>"",I12<=TODAY()),"Remove now","Active"))) | I12: =IFERROR(IF(INDEX(Team!$E$6:$E$105,MATCH(B12,Team!$B$6:$B$105,0))="","",INDEX(Team!$E$6:$E$105,MATCH(B12,Team!$B$6:$B$105,0))),"") | J12: =IF(G12<>1,0,IFERROR(IF(INDEX(Tools!$G$6:$G$105,MATCH(C12,Tools!$B$6:$B$105,0))="",0,IF(N(INDEX(Tools!$O$6:$O$105,MATCH(C12,Tools!$B$6:$B$105,0)))=0,0,N(INDEX(Tools!$F$6:$F$105,MATCH(C12,Tools!$B$6:$B$105,0)))/INDEX(Tools!$U$6:$U$105,MATCH(C12,Tools!$B$6:$B$105,0)))),0)) | K12: =IF(H12="Remove now",ROW(),"")
B13: Hugo | C13: Email and docs | D13: User | E13: 45061 | F13: 46282 | G13: =IF(OR(B13="",C13=""),"",IF(AND(F13<>"",F13<=TODAY()),0,1)) | H13: =IF(OR(B13="",C13=""),"",IF(G13=0,"Removed",IF(AND(I13<>"",I13<=TODAY()),"Remove now","Active"))) | I13: =IFERROR(IF(INDEX(Team!$E$6:$E$105,MATCH(B13,Team!$B$6:$B$105,0))="","",INDEX(Team!$E$6:$E$105,MATCH(B13,Team!$B$6:$B$105,0))),"") | J13: =IF(G13<>1,0,IFERROR(IF(INDEX(Tools!$G$6:$G$105,MATCH(C13,Tools!$B$6:$B$105,0))="",0,IF(N(INDEX(Tools!$O$6:$O$105,MATCH(C13,Tools!$B$6:$B$105,0)))=0,0,N(INDEX(Tools!$F$6:$F$105,MATCH(C13,Tools!$B$6:$B$105,0)))/INDEX(Tools!$U$6:$U$105,MATCH(C13,Tools!$B$6:$B$105,0)))),0)) | K13: =IF(H13="Remove now",ROW(),"")
B14: Ana | C14: Team chat | D14: User | E14: 45451 | G14: =IF(OR(B14="",C14=""),"",IF(AND(F14<>"",F14<=TODAY()),0,1)) | H14: =IF(OR(B14="",C14=""),"",IF(G14=0,"Removed",IF(AND(I14<>"",I14<=TODAY()),"Remove now","Active"))) | I14: =IFERROR(IF(INDEX(Team!$E$6:$E$105,MATCH(B14,Team!$B$6:$B$105,0))="","",INDEX(Team!$E$6:$E$105,MATCH(B14,Team!$B$6:$B$105,0))),"") | J14: =IF(G14<>1,0,IFERROR(IF(INDEX(Tools!$G$6:$G$105,MATCH(C14,Tools!$B$6:$B$105,0))="",0,IF(N(INDEX(Tools!$O$6:$O$105,MATCH(C14,Tools!$B$6:$B$105,0)))=0,0,N(INDEX(Tools!$F$6:$F$105,MATCH(C14,Tools!$B$6:$B$105,0)))/INDEX(Tools!$U$6:$U$105,MATCH(C14,Tools!$B$6:$B$105,0)))),0)) | K14: =IF(H14="Remove now",ROW(),"")
B15: Ben | C15: Team chat | D15: User | E15: 45451 | G15: =IF(OR(B15="",C15=""),"",IF(AND(F15<>"",F15<=TODAY()),0,1)) | H15: =IF(OR(B15="",C15=""),"",IF(G15=0,"Removed",IF(AND(I15<>"",I15<=TODAY()),"Remove now","Active"))) | I15: =IFERROR(IF(INDEX(Team!$E$6:$E$105,MATCH(B15,Team!$B$6:$B$105,0))="","",INDEX(Team!$E$6:$E$105,MATCH(B15,Team!$B$6:$B$105,0))),"") | J15: =IF(G15<>1,0,IFERROR(IF(INDEX(Tools!$G$6:$G$105,MATCH(C15,Tools!$B$6:$B$105,0))="",0,IF(N(INDEX(Tools!$O$6:$O$105,MATCH(C15,Tools!$B$6:$B$105,0)))=0,0,N(INDEX(Tools!$F$6:$F$105,MATCH(C15,Tools!$B$6:$B$105,0)))/INDEX(Tools!$U$6:$U$105,MATCH(C15,Tools!$B$6:$B$105,0)))),0)) | K15: =IF(H15="Remove now",ROW(),"")
B16: Chloe | C16: Team chat | D16: User | E16: 45451 | G16: =IF(OR(B16="",C16=""),"",IF(AND(F16<>"",F16<=TODAY()),0,1)) | H16: =IF(OR(B16="",C16=""),"",IF(G16=0,"Removed",IF(AND(I16<>"",I16<=TODAY()),"Remove now","Active"))) | I16: =IFERROR(IF(INDEX(Team!$E$6:$E$105,MATCH(B16,Team!$B$6:$B$105,0))="","",INDEX(Team!$E$6:$E$105,MATCH(B16,Team!$B$6:$B$105,0))),"") | J16: =IF(G16<>1,0,IFERROR(IF(INDEX(Tools!$G$6:$G$105,MATCH(C16,Tools!$B$6:$B$105,0))="",0,IF(N(INDEX(Tools!$O$6:$O$105,MATCH(C16,Tools!$B$6:$B$105,0)))=0,0,N(INDEX(Tools!$F$6:$F$105,MATCH(C16,Tools!$B$6:$B$105,0)))/INDEX(Tools!$U$6:$U$105,MATCH(C16,Tools!$B$6:$B$105,0)))),0)) | K16: =IF(H16="Remove now",ROW(),"")
B17: Dev | C17: Team chat | D17: User | E17: 45451 | G17: =IF(OR(B17="",C17=""),"",IF(AND(F17<>"",F17<=TODAY()),0,1)) | H17: =IF(OR(B17="",C17=""),"",IF(G17=0,"Removed",IF(AND(I17<>"",I17<=TODAY()),"Remove now","Active"))) | I17: =IFERROR(IF(INDEX(Team!$E$6:$E$105,MATCH(B17,Team!$B$6:$B$105,0))="","",INDEX(Team!$E$6:$E$105,MATCH(B17,Team!$B$6:$B$105,0))),"") | J17: =IF(G17<>1,0,IFERROR(IF(INDEX(Tools!$G$6:$G$105,MATCH(C17,Tools!$B$6:$B$105,0))="",0,IF(N(INDEX(Tools!$O$6:$O$105,MATCH(C17,Tools!$B$6:$B$105,0)))=0,0,N(INDEX(Tools!$F$6:$F$105,MATCH(C17,Tools!$B$6:$B$105,0)))/INDEX(Tools!$U$6:$U$105,MATCH(C17,Tools!$B$6:$B$105,0)))),0)) | K17: =IF(H17="Remove now",ROW(),"")
B18: Ella | C18: Team chat | D18: User | E18: 45451 | G18: =IF(OR(B18="",C18=""),"",IF(AND(F18<>"",F18<=TODAY()),0,1)) | H18: =IF(OR(B18="",C18=""),"",IF(G18=0,"Removed",IF(AND(I18<>"",I18<=TODAY()),"Remove now","Active"))) | I18: =IFERROR(IF(INDEX(Team!$E$6:$E$105,MATCH(B18,Team!$B$6:$B$105,0))="","",INDEX(Team!$E$6:$E$105,MATCH(B18,Team!$B$6:$B$105,0))),"") | J18: =IF(G18<>1,0,IFERROR(IF(INDEX(Tools!$G$6:$G$105,MATCH(C18,Tools!$B$6:$B$105,0))="",0,IF(N(INDEX(Tools!$O$6:$O$105,MATCH(C18,Tools!$B$6:$B$105,0)))=0,0,N(INDEX(Tools!$F$6:$F$105,MATCH(C18,Tools!$B$6:$B$105,0)))/INDEX(Tools!$U$6:$U$105,MATCH(C18,Tools!$B$6:$B$105,0)))),0)) | K18: =IF(H18="Remove now",ROW(),"")
B19: Finn | C19: Team chat | D19: User | E19: 45451 | G19: =IF(OR(B19="",C19=""),"",IF(AND(F19<>"",F19<=TODAY()),0,1)) | H19: =IF(OR(B19="",C19=""),"",IF(G19=0,"Removed",IF(AND(I19<>"",I19<=TODAY()),"Remove now","Active"))) | I19: =IFERROR(IF(INDEX(Team!$E$6:$E$105,MATCH(B19,Team!$B$6:$B$105,0))="","",INDEX(Team!$E$6:$E$105,MATCH(B19,Team!$B$6:$B$105,0))),"") | J19: =IF(G19<>1,0,IFERROR(IF(INDEX(Tools!$G$6:$G$105,MATCH(C19,Tools!$B$6:$B$105,0))="",0,IF(N(INDEX(Tools!$O$6:$O$105,MATCH(C19,Tools!$B$6:$B$105,0)))=0,0,N(INDEX(Tools!$F$6:$F$105,MATCH(C19,Tools!$B$6:$B$105,0)))/INDEX(Tools!$U$6:$U$105,MATCH(C19,Tools!$B$6:$B$105,0)))),0)) | K19: =IF(H19="Remove now",ROW(),"")
B20: Grace | C20: Team chat | D20: Admin | E20: 45451 | G20: =IF(OR(B20="",C20=""),"",IF(AND(F20<>"",F20<=TODAY()),0,1)) | H20: =IF(OR(B20="",C20=""),"",IF(G20=0,"Removed",IF(AND(I20<>"",I20<=TODAY()),"Remove now","Active"))) | I20: =IFERROR(IF(INDEX(Team!$E$6:$E$105,MATCH(B20,Team!$B$6:$B$105,0))="","",INDEX(Team!$E$6:$E$105,MATCH(B20,Team!$B$6:$B$105,0))),"") | J20: =IF(G20<>1,0,IFERROR(IF(INDEX(Tools!$G$6:$G$105,MATCH(C20,Tools!$B$6:$B$105,0))="",0,IF(N(INDEX(Tools!$O$6:$O$105,MATCH(C20,Tools!$B$6:$B$105,0)))=0,0,N(INDEX(Tools!$F$6:$F$105,MATCH(C20,Tools!$B$6:$B$105,0)))/INDEX(Tools!$U$6:$U$105,MATCH(C20,Tools!$B$6:$B$105,0)))),0)) | K20: =IF(H20="Remove now",ROW(),"")
B21: Hugo | C21: Team chat | D21: User | E21: 45451 | G21: =IF(OR(B21="",C21=""),"",IF(AND(F21<>"",F21<=TODAY()),0,1)) | H21: =IF(OR(B21="",C21=""),"",IF(G21=0,"Removed",IF(AND(I21<>"",I21<=TODAY()),"Remove now","Active"))) | I21: =IFERROR(IF(INDEX(Team!$E$6:$E$105,MATCH(B21,Team!$B$6:$B$105,0))="","",INDEX(Team!$E$6:$E$105,MATCH(B21,Team!$B$6:$B$105,0))),"") | J21: =IF(G21<>1,0,IFERROR(IF(INDEX(Tools!$G$6:$G$105,MATCH(C21,Tools!$B$6:$B$105,0))="",0,IF(N(INDEX(Tools!$O$6:$O$105,MATCH(C21,Tools!$B$6:$B$105,0)))=0,0,N(INDEX(Tools!$F$6:$F$105,MATCH(C21,Tools!$B$6:$B$105,0)))/INDEX(Tools!$U$6:$U$105,MATCH(C21,Tools!$B$6:$B$105,0)))),0)) | K21: =IF(H21="Remove now",ROW(),"")
B22: Ana | C22: Video calls | D22: User | E22: 45976 | G22: =IF(OR(B22="",C22=""),"",IF(AND(F22<>"",F22<=TODAY()),0,1)) | H22: =IF(OR(B22="",C22=""),"",IF(G22=0,"Removed",IF(AND(I22<>"",I22<=TODAY()),"Remove now","Active"))) | I22: =IFERROR(IF(INDEX(Team!$E$6:$E$105,MATCH(B22,Team!$B$6:$B$105,0))="","",INDEX(Team!$E$6:$E$105,MATCH(B22,Team!$B$6:$B$105,0))),"") | J22: =IF(G22<>1,0,IFERROR(IF(INDEX(Tools!$G$6:$G$105,MATCH(C22,Tools!$B$6:$B$105,0))="",0,IF(N(INDEX(Tools!$O$6:$O$105,MATCH(C22,Tools!$B$6:$B$105,0)))=0,0,N(INDEX(Tools!$F$6:$F$105,MATCH(C22,Tools!$B$6:$B$105,0)))/INDEX(Tools!$U$6:$U$105,MATCH(C22,Tools!$B$6:$B$105,0)))),0)) | K22: =IF(H22="Remove now",ROW(),"")
B23: Grace | C23: Video calls | D23: Admin | E23: 45976 | G23: =IF(OR(B23="",C23=""),"",IF(AND(F23<>"",F23<=TODAY()),0,1)) | H23: =IF(OR(B23="",C23=""),"",IF(G23=0,"Removed",IF(AND(I23<>"",I23<=TODAY()),"Remove now","Active"))) | I23: =IFERROR(IF(INDEX(Team!$E$6:$E$105,MATCH(B23,Team!$B$6:$B$105,0))="","",INDEX(Team!$E$6:$E$105,MATCH(B23,Team!$B$6:$B$105,0))),"") | J23: =IF(G23<>1,0,IFERROR(IF(INDEX(Tools!$G$6:$G$105,MATCH(C23,Tools!$B$6:$B$105,0))="",0,IF(N(INDEX(Tools!$O$6:$O$105,MATCH(C23,Tools!$B$6:$B$105,0)))=0,0,N(INDEX(Tools!$F$6:$F$105,MATCH(C23,Tools!$B$6:$B$105,0)))/INDEX(Tools!$U$6:$U$105,MATCH(C23,Tools!$B$6:$B$105,0)))),0)) | K23: =IF(H23="Remove now",ROW(),"")
B24: Finn | C24: Video calls | D24: User | E24: 45976 | G24: =IF(OR(B24="",C24=""),"",IF(AND(F24<>"",F24<=TODAY()),0,1)) | H24: =IF(OR(B24="",C24=""),"",IF(G24=0,"Removed",IF(AND(I24<>"",I24<=TODAY()),"Remove now","Active"))) | I24: =IFERROR(IF(INDEX(Team!$E$6:$E$105,MATCH(B24,Team!$B$6:$B$105,0))="","",INDEX(Team!$E$6:$E$105,MATCH(B24,Team!$B$6:$B$105,0))),"") | J24: =IF(G24<>1,0,IFERROR(IF(INDEX(Tools!$G$6:$G$105,MATCH(C24,Tools!$B$6:$B$105,0))="",0,IF(N(INDEX(Tools!$O$6:$O$105,MATCH(C24,Tools!$B$6:$B$105,0)))=0,0,N(INDEX(Tools!$F$6:$F$105,MATCH(C24,Tools!$B$6:$B$105,0)))/INDEX(Tools!$U$6:$U$105,MATCH(C24,Tools!$B$6:$B$105,0)))),0)) | K24: =IF(H24="Remove now",ROW(),"")
B25: Ben | C25: Design suite | D25: Admin | E25: 45038 | G25: =IF(OR(B25="",C25=""),"",IF(AND(F25<>"",F25<=TODAY()),0,1)) | H25: =IF(OR(B25="",C25=""),"",IF(G25=0,"Removed",IF(AND(I25<>"",I25<=TODAY()),"Remove now","Active"))) | I25: =IFERROR(IF(INDEX(Team!$E$6:$E$105,MATCH(B25,Team!$B$6:$B$105,0))="","",INDEX(Team!$E$6:$E$105,MATCH(B25,Team!$B$6:$B$105,0))),"") | J25: =IF(G25<>1,0,IFERROR(IF(INDEX(Tools!$G$6:$G$105,MATCH(C25,Tools!$B$6:$B$105,0))="",0,IF(N(INDEX(Tools!$O$6:$O$105,MATCH(C25,Tools!$B$6:$B$105,0)))=0,0,N(INDEX(Tools!$F$6:$F$105,MATCH(C25,Tools!$B$6:$B$105,0)))/INDEX(Tools!$U$6:$U$105,MATCH(C25,Tools!$B$6:$B$105,0)))),0)) | K25: =IF(H25="Remove now",ROW(),"")
... B35: Ella | C35: CRM | D35: User | E35: 45780 | G35: =IF(OR(B35="",C35=""),"",IF(AND(F35<>"",F35<=TODAY()),0,1)) | H35: =IF(OR(B35="",C35=""),"",IF(G35=0,"Removed",IF(AND(I35<>"",I35<=TODAY()),"Remove now","Active"))) | I35: =IFERROR(IF(INDEX(Team!$E$6:$E$105,MATCH(B35,Team!$B$6:$B$105,0))="","",INDEX(Team!$E$6:$E$105,MATCH(B35,Team!$B$6:$B$105,0))),"") | J35: =IF(G35<>1,0,IFERROR(IF(INDEX(Tools!$G$6:$G$105,MATCH(C35,Tools!$B$6:$B$105,0))="",0,IF(N(INDEX(Tools!$O$6:$O$105,MATCH(C35,Tools!$B$6:$B$105,0)))=0,0,N(INDEX(Tools!$F$6:$F$105,MATCH(C35,Tools!$B$6:$B$105,0)))/INDEX(Tools!$U$6:$U$105,MATCH(C35,Tools!$B$6:$B$105,0)))),0)) | K35: =IF(H35="Remove now",ROW(),"")
B36: Hugo | C36: CRM | D36: User | E36: 45780 | F36: 46282 | G36: =IF(OR(B36="",C36=""),"",IF(AND(F36<>"",F36<=TODAY()),0,1)) | H36: =IF(OR(B36="",C36=""),"",IF(G36=0,"Removed",IF(AND(I36<>"",I36<=TODAY()),"Remove now","Active"))) | I36: =IFERROR(IF(INDEX(Team!$E$6:$E$105,MATCH(B36,Team!$B$6:$B$105,0))="","",INDEX(Team!$E$6:$E$105,MATCH(B36,Team!$B$6:$B$105,0))),"") | J36: =IF(G36<>1,0,IFERROR(IF(INDEX(Tools!$G$6:$G$105,MATCH(C36,Tools!$B$6:$B$105,0))="",0,IF(N(INDEX(Tools!$O$6:$O$105,MATCH(C36,Tools!$B$6:$B$105,0)))=0,0,N(INDEX(Tools!$F$6:$F$105,MATCH(C36,Tools!$B$6:$B$105,0)))/INDEX(Tools!$U$6:$U$105,MATCH(C36,Tools!$B$6:$B$105,0)))),0)) | K36: =IF(H36="Remove now",ROW(),"")
B37: Ella | C37: Newsletter | D37: User | E37: 45209 | G37: =IF(OR(B37="",C37=""),"",IF(AND(F37<>"",F37<=TODAY()),0,1)) | H37: =IF(OR(B37="",C37=""),"",IF(G37=0,"Removed",IF(AND(I37<>"",I37<=TODAY()),"Remove now","Active"))) | I37: =IFERROR(IF(INDEX(Team!$E$6:$E$105,MATCH(B37,Team!$B$6:$B$105,0))="","",INDEX(Team!$E$6:$E$105,MATCH(B37,Team!$B$6:$B$105,0))),"") | J37: =IF(G37<>1,0,IFERROR(IF(INDEX(Tools!$G$6:$G$105,MATCH(C37,Tools!$B$6:$B$105,0))="",0,IF(N(INDEX(Tools!$O$6:$O$105,MATCH(C37,Tools!$B$6:$B$105,0)))=0,0,N(INDEX(Tools!$F$6:$F$105,MATCH(C37,Tools!$B$6:$B$105,0)))/INDEX(Tools!$U$6:$U$105,MATCH(C37,Tools!$B$6:$B$105,0)))),0)) | K37: =IF(H37="Remove now",ROW(),"")
B38: Ana | C38: Project board | D38: User | E38: 45368 | G38: =IF(OR(B38="",C38=""),"",IF(AND(F38<>"",F38<=TODAY()),0,1)) | H38: =IF(OR(B38="",C38=""),"",IF(G38=0,"Removed",IF(AND(I38<>"",I38<=TODAY()),"Remove now","Active"))) | I38: =IFERROR(IF(INDEX(Team!$E$6:$E$105,MATCH(B38,Team!$B$6:$B$105,0))="","",INDEX(Team!$E$6:$E$105,MATCH(B38,Team!$B$6:$B$105,0))),"") | J38: =IF(G38<>1,0,IFERROR(IF(INDEX(Tools!$G$6:$G$105,MATCH(C38,Tools!$B$6:$B$105,0))="",0,IF(N(INDEX(Tools!$O$6:$O$105,MATCH(C38,Tools!$B$6:$B$105,0)))=0,0,N(INDEX(Tools!$F$6:$F$105,MATCH(C38,Tools!$B$6:$B$105,0)))/INDEX(Tools!$U$6:$U$105,MATCH(C38,Tools!$B$6:$B$105,0)))),0)) | K38: =IF(H38="Remove now",ROW(),"")
B39: Ben | C39: Project board | D39: User | E39: 45368 | G39: =IF(OR(B39="",C39=""),"",IF(AND(F39<>"",F39<=TODAY()),0,1)) | H39: =IF(OR(B39="",C39=""),"",IF(G39=0,"Removed",IF(AND(I39<>"",I39<=TODAY()),"Remove now","Active"))) | I39: =IFERROR(IF(INDEX(Team!$E$6:$E$105,MATCH(B39,Team!$B$6:$B$105,0))="","",INDEX(Team!$E$6:$E$105,MATCH(B39,Team!$B$6:$B$105,0))),"") | J39: =IF(G39<>1,0,IFERROR(IF(INDEX(Tools!$G$6:$G$105,MATCH(C39,Tools!$B$6:$B$105,0))="",0,IF(N(INDEX(Tools!$O$6:$O$105,MATCH(C39,Tools!$B$6:$B$105,0)))=0,0,N(INDEX(Tools!$F$6:$F$105,MATCH(C39,Tools!$B$6:$B$105,0)))/INDEX(Tools!$U$6:$U$105,MATCH(C39,Tools!$B$6:$B$105,0)))),0)) | K39: =IF(H39="Remove now",ROW(),"")
B40: Chloe | C40: Project board | D40: User | E40: 45368 | G40: =IF(OR(B40="",C40=""),"",IF(AND(F40<>"",F40<=TODAY()),0,1)) | H40: =IF(OR(B40="",C40=""),"",IF(G40=0,"Removed",IF(AND(I40<>"",I40<=TODAY()),"Remove now","Active"))) | I40: =IFERROR(IF(INDEX(Team!$E$6:$E$105,MATCH(B40,Team!$B$6:$B$105,0))="","",INDEX(Team!$E$6:$E$105,MATCH(B40,Team!$B$6:$B$105,0))),"") | J40: =IF(G40<>1,0,IFERROR(IF(INDEX(Tools!$G$6:$G$105,MATCH(C40,Tools!$B$6:$B$105,0))="",0,IF(N(INDEX(Tools!$O$6:$O$105,MATCH(C40,Tools!$B$6:$B$105,0)))=0,0,N(INDEX(Tools!$F$6:$F$105,MATCH(C40,Tools!$B$6:$B$105,0)))/INDEX(Tools!$U$6:$U$105,MATCH(C40,Tools!$B$6:$B$105,0)))),0)) | K40: =IF(H40="Remove now",ROW(),"")
B41: Dev | C41: Project board | D41: User | E41: 45368 | G41: =IF(OR(B41="",C41=""),"",IF(AND(F41<>"",F41<=TODAY()),0,1)) | H41: =IF(OR(B41="",C41=""),"",IF(G41=0,"Removed",IF(AND(I41<>"",I41<=TODAY()),"Remove now","Active"))) | I41: =IFERROR(IF(INDEX(Team!$E$6:$E$105,MATCH(B41,Team!$B$6:$B$105,0))="","",INDEX(Team!$E$6:$E$105,MATCH(B41,Team!$B$6:$B$105,0))),"") | J41: =IF(G41<>1,0,IFERROR(IF(INDEX(Tools!$G$6:$G$105,MATCH(C41,Tools!$B$6:$B$105,0))="",0,IF(N(INDEX(Tools!$O$6:$O$105,MATCH(C41,Tools!$B$6:$B$105,0)))=0,0,N(INDEX(Tools!$F$6:$F$105,MATCH(C41,Tools!$B$6:$B$105,0)))/INDEX(Tools!$U$6:$U$105,MATCH(C41,Tools!$B$6:$B$105,0)))),0)) | K41: =IF(H41="Remove now",ROW(),"")
B42: Ella | C42: Project board | D42: User | E42: 45368 | G42: =IF(OR(B42="",C42=""),"",IF(AND(F42<>"",F42<=TODAY()),0,1)) | H42: =IF(OR(B42="",C42=""),"",IF(G42=0,"Removed",IF(AND(I42<>"",I42<=TODAY()),"Remove now","Active"))) | I42: =IFERROR(IF(INDEX(Team!$E$6:$E$105,MATCH(B42,Team!$B$6:$B$105,0))="","",INDEX(Team!$E$6:$E$105,MATCH(B42,Team!$B$6:$B$105,0))),"") | J42: =IF(G42<>1,0,IFERROR(IF(INDEX(Tools!$G$6:$G$105,MATCH(C42,Tools!$B$6:$B$105,0))="",0,IF(N(INDEX(Tools!$O$6:$O$105,MATCH(C42,Tools!$B$6:$B$105,0)))=0,0,N(INDEX(Tools!$F$6:$F$105,MATCH(C42,Tools!$B$6:$B$105,0)))/INDEX(Tools!$U$6:$U$105,MATCH(C42,Tools!$B$6:$B$105,0)))),0)) | K42: =IF(H42="Remove now",ROW(),"")
B43: Finn | C43: Project board | D43: User | E43: 45368 | G43: =IF(OR(B43="",C43=""),"",IF(AND(F43<>"",F43<=TODAY()),0,1)) | H43: =IF(OR(B43="",C43=""),"",IF(G43=0,"Removed",IF(AND(I43<>"",I43<=TODAY()),"Remove now","Active"))) | I43: =IFERROR(IF(INDEX(Team!$E$6:$E$105,MATCH(B43,Team!$B$6:$B$105,0))="","",INDEX(Team!$E$6:$E$105,MATCH(B43,Team!$B$6:$B$105,0))),"") | J43: =IF(G43<>1,0,IFERROR(IF(INDEX(Tools!$G$6:$G$105,MATCH(C43,Tools!$B$6:$B$105,0))="",0,IF(N(INDEX(Tools!$O$6:$O$105,MATCH(C43,Tools!$B$6:$B$105,0)))=0,0,N(INDEX(Tools!$F$6:$F$105,MATCH(C43,Tools!$B$6:$B$105,0)))/INDEX(Tools!$U$6:$U$105,MATCH(C43,Tools!$B$6:$B$105,0)))),0)) | K43: =IF(H43="Remove now",ROW(),"")
B44: Grace | C44: Project board | D44: Admin | E44: 45368 | G44: =IF(OR(B44="",C44=""),"",IF(AND(F44<>"",F44<=TODAY()),0,1)) | H44: =IF(OR(B44="",C44=""),"",IF(G44=0,"Removed",IF(AND(I44<>"",I44<=TODAY()),"Remove now","Active"))) | I44: =IFERROR(IF(INDEX(Team!$E$6:$E$105,MATCH(B44,Team!$B$6:$B$105,0))="","",INDEX(Team!$E$6:$E$105,MATCH(B44,Team!$B$6:$B$105,0))),"") | J44: =IF(G44<>1,0,IFERROR(IF(INDEX(Tools!$G$6:$G$105,MATCH(C44,Tools!$B$6:$B$105,0))="",0,IF(N(INDEX(Tools!$O$6:$O$105,MATCH(C44,Tools!$B$6:$B$105,0)))=0,0,N(INDEX(Tools!$F$6:$F$105,MATCH(C44,Tools!$B$6:$B$105,0)))/INDEX(Tools!$U$6:$U$105,MATCH(C44,Tools!$B$6:$B$105,0)))),0)) | K44: =IF(H44="Remove now",ROW(),"")
B45: Ana | C45: Password manager | D45: User | E45: 45893 | G45: =IF(OR(B45="",C45=""),"",IF(AND(F45<>"",F45<=TODAY()),0,1)) | H45: =IF(OR(B45="",C45=""),"",IF(G45=0,"Removed",IF(AND(I45<>"",I45<=TODAY()),"Remove now","Active"))) | I45: =IFERROR(IF(INDEX(Team!$E$6:$E$105,MATCH(B45,Team!$B$6:$B$105,0))="","",INDEX(Team!$E$6:$E$105,MATCH(B45,Team!$B$6:$B$105,0))),"") | J45: =IF(G45<>1,0,IFERROR(IF(INDEX(Tools!$G$6:$G$105,MATCH(C45,Tools!$B$6:$B$105,0))="",0,IF(N(INDEX(Tools!$O$6:$O$105,MATCH(C45,Tools!$B$6:$B$105,0)))=0,0,N(INDEX(Tools!$F$6:$F$105,MATCH(C45,Tools!$B$6:$B$105,0)))/INDEX(Tools!$U$6:$U$105,MATCH(C45,Tools!$B$6:$B$105,0)))),0)) | K45: =IF(H45="Remove now",ROW(),"")
B46: Ben | C46: Password manager | D46: User | E46: 45893 | G46: =IF(OR(B46="",C46=""),"",IF(AND(F46<>"",F46<=TODAY()),0,1)) | H46: =IF(OR(B46="",C46=""),"",IF(G46=0,"Removed",IF(AND(I46<>"",I46<=TODAY()),"Remove now","Active"))) | I46: =IFERROR(IF(INDEX(Team!$E$6:$E$105,MATCH(B46,Team!$B$6:$B$105,0))="","",INDEX(Team!$E$6:$E$105,MATCH(B46,Team!$B$6:$B$105,0))),"") | J46: =IF(G46<>1,0,IFERROR(IF(INDEX(Tools!$G$6:$G$105,MATCH(C46,Tools!$B$6:$B$105,0))="",0,IF(N(INDEX(Tools!$O$6:$O$105,MATCH(C46,Tools!$B$6:$B$105,0)))=0,0,N(INDEX(Tools!$F$6:$F$105,MATCH(C46,Tools!$B$6:$B$105,0)))/INDEX(Tools!$U$6:$U$105,MATCH(C46,Tools!$B$6:$B$105,0)))),0)) | K46: =IF(H46="Remove now",ROW(),"")
B47: Chloe | C47: Password manager | D47: User | E47: 45893 | G47: =IF(OR(B47="",C47=""),"",IF(AND(F47<>"",F47<=TODAY()),0,1)) | H47: =IF(OR(B47="",C47=""),"",IF(G47=0,"Removed",IF(AND(I47<>"",I47<=TODAY()),"Remove now","Active"))) | I47: =IFERROR(IF(INDEX(Team!$E$6:$E$105,MATCH(B47,Team!$B$6:$B$105,0))="","",INDEX(Team!$E$6:$E$105,MATCH(B47,Team!$B$6:$B$105,0))),"") | J47: =IF(G47<>1,0,IFERROR(IF(INDEX(Tools!$G$6:$G$105,MATCH(C47,Tools!$B$6:$B$105,0))="",0,IF(N(INDEX(Tools!$O$6:$O$105,MATCH(C47,Tools!$B$6:$B$105,0)))=0,0,N(INDEX(Tools!$F$6:$F$105,MATCH(C47,Tools!$B$6:$B$105,0)))/INDEX(Tools!$U$6:$U$105,MATCH(C47,Tools!$B$6:$B$105,0)))),0)) | K47: =IF(H47="Remove now",ROW(),"")
B48: Dev | C48: Password manager | D48: Admin | E48: 45893 | G48: =IF(OR(B48="",C48=""),"",IF(AND(F48<>"",F48<=TODAY()),0,1)) | H48: =IF(OR(B48="",C48=""),"",IF(G48=0,"Removed",IF(AND(I48<>"",I48<=TODAY()),"Remove now","Active"))) | I48: =IFERROR(IF(INDEX(Team!$E$6:$E$105,MATCH(B48,Team!$B$6:$B$105,0))="","",INDEX(Team!$E$6:$E$105,MATCH(B48,Team!$B$6:$B$105,0))),"") | J48: =IF(G48<>1,0,IFERROR(IF(INDEX(Tools!$G$6:$G$105,MATCH(C48,Tools!$B$6:$B$105,0))="",0,IF(N(INDEX(Tools!$O$6:$O$105,MATCH(C48,Tools!$B$6:$B$105,0)))=0,0,N(INDEX(Tools!$F$6:$F$105,MATCH(C48,Tools!$B$6:$B$105,0)))/INDEX(Tools!$U$6:$U$105,MATCH(C48,Tools!$B$6:$B$105,0)))),0)) | K48: =IF(H48="Remove now",ROW(),"")
... B56: Finn | C56: Scheduling | D56: User | E56: 45454 | G56: =IF(OR(B56="",C56=""),"",IF(AND(F56<>"",F56<=TODAY()),0,1)) | H56: =IF(OR(B56="",C56=""),"",IF(G56=0,"Removed",IF(AND(I56<>"",I56<=TODAY()),"Remove now","Active"))) | I56: =IFERROR(IF(INDEX(Team!$E$6:$E$105,MATCH(B56,Team!$B$6:$B$105,0))="","",INDEX(Team!$E$6:$E$105,MATCH(B56,Team!$B$6:$B$105,0))),"") | J56: =IF(G56<>1,0,IFERROR(IF(INDEX(Tools!$G$6:$G$105,MATCH(C56,Tools!$B$6:$B$105,0))="",0,IF(N(INDEX(Tools!$O$6:$O$105,MATCH(C56,Tools!$B$6:$B$105,0)))=0,0,N(INDEX(Tools!$F$6:$F$105,MATCH(C56,Tools!$B$6:$B$105,0)))/INDEX(Tools!$U$6:$U$105,MATCH(C56,Tools!$B$6:$B$105,0)))),0)) | K56: =IF(H56="Remove now",ROW(),"")
B57: Ana | C57: E-signature | D57: User | E57: 45979 | F57: 46280 | G57: =IF(OR(B57="",C57=""),"",IF(AND(F57<>"",F57<=TODAY()),0,1)) | H57: =IF(OR(B57="",C57=""),"",IF(G57=0,"Removed",IF(AND(I57<>"",I57<=TODAY()),"Remove now","Active"))) | I57: =IFERROR(IF(INDEX(Team!$E$6:$E$105,MATCH(B57,Team!$B$6:$B$105,0))="","",INDEX(Team!$E$6:$E$105,MATCH(B57,Team!$B$6:$B$105,0))),"") | J57: =IF(G57<>1,0,IFERROR(IF(INDEX(Tools!$G$6:$G$105,MATCH(C57,Tools!$B$6:$B$105,0))="",0,IF(N(INDEX(Tools!$O$6:$O$105,MATCH(C57,Tools!$B$6:$B$105,0)))=0,0,N(INDEX(Tools!$F$6:$F$105,MATCH(C57,Tools!$B$6:$B$105,0)))/INDEX(Tools!$U$6:$U$105,MATCH(C57,Tools!$B$6:$B$105,0)))),0)) | K57: =IF(H57="Remove now",ROW(),"")
B58: Ella | C58: AI writing assistant | D58: User | E58: 45041 | G58: =IF(OR(B58="",C58=""),"",IF(AND(F58<>"",F58<=TODAY()),0,1)) | H58: =IF(OR(B58="",C58=""),"",IF(G58=0,"Removed",IF(AND(I58<>"",I58<=TODAY()),"Remove now","Active"))) | I58: =IFERROR(IF(INDEX(Team!$E$6:$E$105,MATCH(B58,Team!$B$6:$B$105,0))="","",INDEX(Team!$E$6:$E$105,MATCH(B58,Team!$B$6:$B$105,0))),"") | J58: =IF(G58<>1,0,IFERROR(IF(INDEX(Tools!$G$6:$G$105,MATCH(C58,Tools!$B$6:$B$105,0))="",0,IF(N(INDEX(Tools!$O$6:$O$105,MATCH(C58,Tools!$B$6:$B$105,0)))=0,0,N(INDEX(Tools!$F$6:$F$105,MATCH(C58,Tools!$B$6:$B$105,0)))/INDEX(Tools!$U$6:$U$105,MATCH(C58,Tools!$B$6:$B$105,0)))),0)) | K58: =IF(H58="Remove now",ROW(),"")
B59: Finn | C59: AI writing assistant | D59: User | E59: 45299 | G59: =IF(OR(B59="",C59=""),"",IF(AND(F59<>"",F59<=TODAY()),0,1)) | H59: =IF(OR(B59="",C59=""),"",IF(G59=0,"Removed",IF(AND(I59<>"",I59<=TODAY()),"Remove now","Active"))) | I59: =IFERROR(IF(INDEX(Team!$E$6:$E$105,MATCH(B59,Team!$B$6:$B$105,0))="","",INDEX(Team!$E$6:$E$105,MATCH(B59,Team!$B$6:$B$105,0))),"") | J59: =IF(G59<>1,0,IFERROR(IF(INDEX(Tools!$G$6:$G$105,MATCH(C59,Tools!$B$6:$B$105,0))="",0,IF(N(INDEX(Tools!$O$6:$O$105,MATCH(C59,Tools!$B$6:$B$105,0)))=0,0,N(INDEX(Tools!$F$6:$F$105,MATCH(C59,Tools!$B$6:$B$105,0)))/INDEX(Tools!$U$6:$U$105,MATCH(C59,Tools!$B$6:$B$105,0)))),0)) | K59: =IF(H59="Remove now",ROW(),"")
G60: =IF(OR(B60="",C60=""),"",IF(AND(F60<>"",F60<=TODAY()),0,1)) | H60: =IF(OR(B60="",C60=""),"",IF(G60=0,"Removed",IF(AND(I60<>"",I60<=TODAY()),"Remove now","Active"))) | I60: =IFERROR(IF(INDEX(Team!$E$6:$E$105,MATCH(B60,Team!$B$6:$B$105,0))="","",INDEX(Team!$E$6:$E$105,MATCH(B60,Team!$B$6:$B$105,0))),"") | J60: =IF(G60<>1,0,IFERROR(IF(INDEX(Tools!$G$6:$G$105,MATCH(C60,Tools!$B$6:$B$105,0))="",0,IF(N(INDEX(Tools!$O$6:$O$105,MATCH(C60,Tools!$B$6:$B$105,0)))=0,0,N(INDEX(Tools!$F$6:$F$105,MATCH(C60,Tools!$B$6:$B$105,0)))/INDEX(Tools!$U$6:$U$105,MATCH(C60,Tools!$B$6:$B$105,0)))),0)) | K60: =IF(H60="Remove now",ROW(),"")
G61: =IF(OR(B61="",C61=""),"",IF(AND(F61<>"",F61<=TODAY()),0,1)) | H61: =IF(OR(B61="",C61=""),"",IF(G61=0,"Removed",IF(AND(I61<>"",I61<=TODAY()),"Remove now","Active"))) | I61: =IFERROR(IF(INDEX(Team!$E$6:$E$105,MATCH(B61,Team!$B$6:$B$105,0))="","",INDEX(Team!$E$6:$E$105,MATCH(B61,Team!$B$6:$B$105,0))),"") | J61: =IF(G61<>1,0,IFERROR(IF(INDEX(Tools!$G$6:$G$105,MATCH(C61,Tools!$B$6:$B$105,0))="",0,IF(N(INDEX(Tools!$O$6:$O$105,MATCH(C61,Tools!$B$6:$B$105,0)))=0,0,N(INDEX(Tools!$F$6:$F$105,MATCH(C61,Tools!$B$6:$B$105,0)))/INDEX(Tools!$U$6:$U$105,MATCH(C61,Tools!$B$6:$B$105,0)))),0)) | K61: =IF(H61="Remove now",ROW(),"")
G62: =IF(OR(B62="",C62=""),"",IF(AND(F62<>"",F62<=TODAY()),0,1)) | H62: =IF(OR(B62="",C62=""),"",IF(G62=0,"Removed",IF(AND(I62<>"",I62<=TODAY()),"Remove now","Active"))) | I62: =IFERROR(IF(INDEX(Team!$E$6:$E$105,MATCH(B62,Team!$B$6:$B$105,0))="","",INDEX(Team!$E$6:$E$105,MATCH(B62,Team!$B$6:$B$105,0))),"") | J62: =IF(G62<>1,0,IFERROR(IF(INDEX(Tools!$G$6:$G$105,MATCH(C62,Tools!$B$6:$B$105,0))="",0,IF(N(INDEX(Tools!$O$6:$O$105,MATCH(C62,Tools!$B$6:$B$105,0)))=0,0,N(INDEX(Tools!$F$6:$F$105,MATCH(C62,Tools!$B$6:$B$105,0)))/INDEX(Tools!$U$6:$U$105,MATCH(C62,Tools!$B$6:$B$105,0)))),0)) | K62: =IF(H62="Remove now",ROW(),"")
G63: =IF(OR(B63="",C63=""),"",IF(AND(F63<>"",F63<=TODAY()),0,1)) | H63: =IF(OR(B63="",C63=""),"",IF(G63=0,"Removed",IF(AND(I63<>"",I63<=TODAY()),"Remove now","Active"))) | I63: =IFERROR(IF(INDEX(Team!$E$6:$E$105,MATCH(B63,Team!$B$6:$B$105,0))="","",INDEX(Team!$E$6:$E$105,MATCH(B63,Team!$B$6:$B$105,0))),"") | J63: =IF(G63<>1,0,IFERROR(IF(INDEX(Tools!$G$6:$G$105,MATCH(C63,Tools!$B$6:$B$105,0))="",0,IF(N(INDEX(Tools!$O$6:$O$105,MATCH(C63,Tools!$B$6:$B$105,0)))=0,0,N(INDEX(Tools!$F$6:$F$105,MATCH(C63,Tools!$B$6:$B$105,0)))/INDEX(Tools!$U$6:$U$105,MATCH(C63,Tools!$B$6:$B$105,0)))),0)) | K63: =IF(H63="Remove now",ROW(),"")
G64: =IF(OR(B64="",C64=""),"",IF(AND(F64<>"",F64<=TODAY()),0,1)) | H64: =IF(OR(B64="",C64=""),"",IF(G64=0,"Removed",IF(AND(I64<>"",I64<=TODAY()),"Remove now","Active"))) | I64: =IFERROR(IF(INDEX(Team!$E$6:$E$105,MATCH(B64,Team!$B$6:$B$105,0))="","",INDEX(Team!$E$6:$E$105,MATCH(B64,Team!$B$6:$B$105,0))),"") | J64: =IF(G64<>1,0,IFERROR(IF(INDEX(Tools!$G$6:$G$105,MATCH(C64,Tools!$B$6:$B$105,0))="",0,IF(N(INDEX(Tools!$O$6:$O$105,MATCH(C64,Tools!$B$6:$B$105,0)))=0,0,N(INDEX(Tools!$F$6:$F$105,MATCH(C64,Tools!$B$6:$B$105,0)))/INDEX(Tools!$U$6:$U$105,MATCH(C64,Tools!$B$6:$B$105,0)))),0)) | K64: =IF(H64="Remove now",ROW(),"")
G65: =IF(OR(B65="",C65=""),"",IF(AND(F65<>"",F65<=TODAY()),0,1)) | H65: =IF(OR(B65="",C65=""),"",IF(G65=0,"Removed",IF(AND(I65<>"",I65<=TODAY()),"Remove now","Active"))) | I65: =IFERROR(IF(INDEX(Team!$E$6:$E$105,MATCH(B65,Team!$B$6:$B$105,0))="","",INDEX(Team!$E$6:$E$105,MATCH(B65,Team!$B$6:$B$105,0))),"") | J65: =IF(G65<>1,0,IFERROR(IF(INDEX(Tools!$G$6:$G$105,MATCH(C65,Tools!$B$6:$B$105,0))="",0,IF(N(INDEX(Tools!$O$6:$O$105,MATCH(C65,Tools!$B$6:$B$105,0)))=0,0,N(INDEX(Tools!$F$6:$F$105,MATCH(C65,Tools!$B$6:$B$105,0)))/INDEX(Tools!$U$6:$U$105,MATCH(C65,Tools!$B$6:$B$105,0)))),0)) | K65: =IF(H65="Remove now",ROW(),"")
G66: =IF(OR(B66="",C66=""),"",IF(AND(F66<>"",F66<=TODAY()),0,1)) | H66: =IF(OR(B66="",C66=""),"",IF(G66=0,"Removed",IF(AND(I66<>"",I66<=TODAY()),"Remove now","Active"))) | I66: =IFERROR(IF(INDEX(Team!$E$6:$E$105,MATCH(B66,Team!$B$6:$B$105,0))="","",INDEX(Team!$E$6:$E$105,MATCH(B66,Team!$B$6:$B$105,0))),"") | J66: =IF(G66<>1,0,IFERROR(IF(INDEX(Tools!$G$6:$G$105,MATCH(C66,Tools!$B$6:$B$105,0))="",0,IF(N(INDEX(Tools!$O$6:$O$105,MATCH(C66,Tools!$B$6:$B$105,0)))=0,0,N(INDEX(Tools!$F$6:$F$105,MATCH(C66,Tools!$B$6:$B$105,0)))/INDEX(Tools!$U$6:$U$105,MATCH(C66,Tools!$B$6:$B$105,0)))),0)) | K66: =IF(H66="Remove now",ROW(),"")
G67: =IF(OR(B67="",C67=""),"",IF(AND(F67<>"",F67<=TODAY()),0,1)) | H67: =IF(OR(B67="",C67=""),"",IF(G67=0,"Removed",IF(AND(I67<>"",I67<=TODAY()),"Remove now","Active"))) | I67: =IFERROR(IF(INDEX(Team!$E$6:$E$105,MATCH(B67,Team!$B$6:$B$105,0))="","",INDEX(Team!$E$6:$E$105,MATCH(B67,Team!$B$6:$B$105,0))),"") | J67: =IF(G67<>1,0,IFERROR(IF(INDEX(Tools!$G$6:$G$105,MATCH(C67,Tools!$B$6:$B$105,0))="",0,IF(N(INDEX(Tools!$O$6:$O$105,MATCH(C67,Tools!$B$6:$B$105,0)))=0,0,N(INDEX(Tools!$F$6:$F$105,MATCH(C67,Tools!$B$6:$B$105,0)))/INDEX(Tools!$U$6:$U$105,MATCH(C67,Tools!$B$6:$B$105,0)))),0)) | K67: =IF(H67="Remove now",ROW(),"")
G68: =IF(OR(B68="",C68=""),"",IF(AND(F68<>"",F68<=TODAY()),0,1)) | H68: =IF(OR(B68="",C68=""),"",IF(G68=0,"Removed",IF(AND(I68<>"",I68<=TODAY()),"Remove now","Active"))) | I68: =IFERROR(IF(INDEX(Team!$E$6:$E$105,MATCH(B68,Team!$B$6:$B$105,0))="","",INDEX(Team!$E$6:$E$105,MATCH(B68,Team!$B$6:$B$105,0))),"") | J68: =IF(G68<>1,0,IFERROR(IF(INDEX(Tools!$G$6:$G$105,MATCH(C68,Tools!$B$6:$B$105,0))="",0,IF(N(INDEX(Tools!$O$6:$O$105,MATCH(C68,Tools!$B$6:$B$105,0)))=0,0,N(INDEX(Tools!$F$6:$F$105,MATCH(C68,Tools!$B$6:$B$105,0)))/INDEX(Tools!$U$6:$U$105,MATCH(C68,Tools!$B$6:$B$105,0)))),0)) | K68: =IF(H68="Remove now",ROW(),"")
G69: =IF(OR(B69="",C69=""),"",IF(AND(F69<>"",F69<=TODAY()),0,1)) | H69: =IF(OR(B69="",C69=""),"",IF(G69=0,"Removed",IF(AND(I69<>"",I69<=TODAY()),"Remove now","Active"))) | I69: =IFERROR(IF(INDEX(Team!$E$6:$E$105,MATCH(B69,Team!$B$6:$B$105,0))="","",INDEX(Team!$E$6:$E$105,MATCH(B69,Team!$B$6:$B$105,0))),"") | J69: =IF(G69<>1,0,IFERROR(IF(INDEX(Tools!$G$6:$G$105,MATCH(C69,Tools!$B$6:$B$105,0))="",0,IF(N(INDEX(Tools!$O$6:$O$105,MATCH(C69,Tools!$B$6:$B$105,0)))=0,0,N(INDEX(Tools!$F$6:$F$105,MATCH(C69,Tools!$B$6:$B$105,0)))/INDEX(Tools!$U$6:$U$105,MATCH(C69,Tools!$B$6:$B$105,0)))),0)) | K69: =IF(H69="Remove now",ROW(),"")
G70: =IF(OR(B70="",C70=""),"",IF(AND(F70<>"",F70<=TODAY()),0,1)) | H70: =IF(OR(B70="",C70=""),"",IF(G70=0,"Removed",IF(AND(I70<>"",I70<=TODAY()),"Remove now","Active"))) | I70: =IFERROR(IF(INDEX(Team!$E$6:$E$105,MATCH(B70,Team!$B$6:$B$105,0))="","",INDEX(Team!$E$6:$E$105,MATCH(B70,Team!$B$6:$B$105,0))),"") | J70: =IF(G70<>1,0,IFERROR(IF(INDEX(Tools!$G$6:$G$105,MATCH(C70,Tools!$B$6:$B$105,0))="",0,IF(N(INDEX(Tools!$O$6:$O$105,MATCH(C70,Tools!$B$6:$B$105,0)))=0,0,N(INDEX(Tools!$F$6:$F$105,MATCH(C70,Tools!$B$6:$B$105,0)))/INDEX(Tools!$U$6:$U$105,MATCH(C70,Tools!$B$6:$B$105,0)))),0)) | K70: =IF(H70="Remove now",ROW(),"")
G71: =IF(OR(B71="",C71=""),"",IF(AND(F71<>"",F71<=TODAY()),0,1)) | H71: =IF(OR(B71="",C71=""),"",IF(G71=0,"Removed",IF(AND(I71<>"",I71<=TODAY()),"Remove now","Active"))) | I71: =IFERROR(IF(INDEX(Team!$E$6:$E$105,MATCH(B71,Team!$B$6:$B$105,0))="","",INDEX(Team!$E$6:$E$105,MATCH(B71,Team!$B$6:$B$105,0))),"") | J71: =IF(G71<>1,0,IFERROR(IF(INDEX(Tools!$G$6:$G$105,MATCH(C71,Tools!$B$6:$B$105,0))="",0,IF(N(INDEX(Tools!$O$6:$O$105,MATCH(C71,Tools!$B$6:$B$105,0)))=0,0,N(INDEX(Tools!$F$6:$F$105,MATCH(C71,Tools!$B$6:$B$105,0)))/INDEX(Tools!$U$6:$U$105,MATCH(C71,Tools!$B$6:$B$105,0)))),0)) | K71: =IF(H71="Remove now",ROW(),"")
... G405: =IF(OR(B405="",C405=""),"",IF(AND(F405<>"",F405<=TODAY()),0,1)) | H405: =IF(OR(B405="",C405=""),"",IF(G405=0,"Removed",IF(AND(I405<>"",I405<=TODAY()),"Remove now","Active"))) | I405: =IFERROR(IF(INDEX(Team!$E$6:$E$105,MATCH(B405,Team!$B$6:$B$105,0))="","",INDEX(Team!$E$6:$E$105,MATCH(B405,Team!$B$6:$B$105,0))),"") | J405: =IF(G405<>1,0,IFERROR(IF(INDEX(Tools!$G$6:$G$105,MATCH(C405,Tools!$B$6:$B$105,0))="",0,IF(N(INDEX(Tools!$O$6:$O$105,MATCH(C405,Tools!$B$6:$B$105,0)))=0,0,N(INDEX(Tools!$F$6:$F$105,MATCH(C405,Tools!$B$6:$B$105,0)))/INDEX(Tools!$U$6:$U$105,MATCH(C405,Tools!$B$6:$B$105,0)))),0)) | K405: =IF(H405="Remove now",ROW(),"")

Sheet Team
B2: Team
B3: Everyone who uses the tools. When someone leaves, type the day: the Access tab lists what to remove them from.
B5: Name | C5: Team | D5: Started | E5: Left on | F5: Tools | G5: Seats a month | H5: Status
B6: Ana | C6: Management | D6: 43525 | F6: =IF(B6="","",SUMIFS(Access!$G$6:$G$405,Access!$B$6:$B$405,B6)) | G6: =IF(B6="","",SUMIFS(Access!$J$6:$J$405,Access!$B$6:$B$405,B6)) | H6: =IF(B6="","",IF(AND(E6<>"",E6<=TODAY()),IF(F6>0,"Left, still has access","Left"),"Active"))
B7: Ben | C7: Design | D7: 43997 | F7: =IF(B7="","",SUMIFS(Access!$G$6:$G$405,Access!$B$6:$B$405,B7)) | G7: =IF(B7="","",SUMIFS(Access!$J$6:$J$405,Access!$B$6:$B$405,B7)) | H7: =IF(B7="","",IF(AND(E7<>"",E7<=TODAY()),IF(F7>0,"Left, still has access","Left"),"Active"))
B8: Chloe | C8: Design | D8: 44958 | F8: =IF(B8="","",SUMIFS(Access!$G$6:$G$405,Access!$B$6:$B$405,B8)) | G8: =IF(B8="","",SUMIFS(Access!$J$6:$J$405,Access!$B$6:$B$405,B8)) | H8: =IF(B8="","",IF(AND(E8<>"",E8<=TODAY()),IF(F8>0,"Left, still has access","Left"),"Active"))
B9: Dev | C9: Tech | D9: 44440 | F9: =IF(B9="","",SUMIFS(Access!$G$6:$G$405,Access!$B$6:$B$405,B9)) | G9: =IF(B9="","",SUMIFS(Access!$J$6:$J$405,Access!$B$6:$B$405,B9)) | H9: =IF(B9="","",IF(AND(E9<>"",E9<=TODAY()),IF(F9>0,"Left, still has access","Left"),"Active"))
B10: Ella | C10: Marketing | D10: 44655 | F10: =IF(B10="","",SUMIFS(Access!$G$6:$G$405,Access!$B$6:$B$405,B10)) | G10: =IF(B10="","",SUMIFS(Access!$J$6:$J$405,Access!$B$6:$B$405,B10)) | H10: =IF(B10="","",IF(AND(E10<>"",E10<=TODAY()),IF(F10>0,"Left, still has access","Left"),"Active"))
B11: Finn | C11: Sales | D11: 45299 | F11: =IF(B11="","",SUMIFS(Access!$G$6:$G$405,Access!$B$6:$B$405,B11)) | G11: =IF(B11="","",SUMIFS(Access!$J$6:$J$405,Access!$B$6:$B$405,B11)) | H11: =IF(B11="","",IF(AND(E11<>"",E11<=TODAY()),IF(F11>0,"Left, still has access","Left"),"Active"))
B12: Grace | C12: Operations | D12: 44137 | F12: =IF(B12="","",SUMIFS(Access!$G$6:$G$405,Access!$B$6:$B$405,B12)) | G12: =IF(B12="","",SUMIFS(Access!$J$6:$J$405,Access!$B$6:$B$405,B12)) | H12: =IF(B12="","",IF(AND(E12<>"",E12<=TODAY()),IF(F12>0,"Left, still has access","Left"),"Active"))
B13: Hugo | C13: Sales | D13: 45061 | E13: 46281 | F13: =IF(B13="","",SUMIFS(Access!$G$6:$G$405,Access!$B$6:$B$405,B13)) | G13: =IF(B13="","",SUMIFS(Access!$J$6:$J$405,Access!$B$6:$B$405,B13)) | H13: =IF(B13="","",IF(AND(E13<>"",E13<=TODAY()),IF(F13>0,"Left, still has access","Left"),"Active"))
F14: =IF(B14="","",SUMIFS(Access!$G$6:$G$405,Access!$B$6:$B$405,B14)) | G14: =IF(B14="","",SUMIFS(Access!$J$6:$J$405,Access!$B$6:$B$405,B14)) | H14: =IF(B14="","",IF(AND(E14<>"",E14<=TODAY()),IF(F14>0,"Left, still has access","Left"),"Active"))
F15: =IF(B15="","",SUMIFS(Access!$G$6:$G$405,Access!$B$6:$B$405,B15)) | G15: =IF(B15="","",SUMIFS(Access!$J$6:$J$405,Access!$B$6:$B$405,B15)) | H15: =IF(B15="","",IF(AND(E15<>"",E15<=TODAY()),IF(F15>0,"Left, still has access","Left"),"Active"))
F16: =IF(B16="","",SUMIFS(Access!$G$6:$G$405,Access!$B$6:$B$405,B16)) | G16: =IF(B16="","",SUMIFS(Access!$J$6:$J$405,Access!$B$6:$B$405,B16)) | H16: =IF(B16="","",IF(AND(E16<>"",E16<=TODAY()),IF(F16>0,"Left, still has access","Left"),"Active"))
F17: =IF(B17="","",SUMIFS(Access!$G$6:$G$405,Access!$B$6:$B$405,B17)) | G17: =IF(B17="","",SUMIFS(Access!$J$6:$J$405,Access!$B$6:$B$405,B17)) | H17: =IF(B17="","",IF(AND(E17<>"",E17<=TODAY()),IF(F17>0,"Left, still has access","Left"),"Active"))
F18: =IF(B18="","",SUMIFS(Access!$G$6:$G$405,Access!$B$6:$B$405,B18)) | G18: =IF(B18="","",SUMIFS(Access!$J$6:$J$405,Access!$B$6:$B$405,B18)) | H18: =IF(B18="","",IF(AND(E18<>"",E18<=TODAY()),IF(F18>0,"Left, still has access","Left"),"Active"))
F19: =IF(B19="","",SUMIFS(Access!$G$6:$G$405,Access!$B$6:$B$405,B19)) | G19: =IF(B19="","",SUMIFS(Access!$J$6:$J$405,Access!$B$6:$B$405,B19)) | H19: =IF(B19="","",IF(AND(E19<>"",E19<=TODAY()),IF(F19>0,"Left, still has access","Left"),"Active"))
F20: =IF(B20="","",SUMIFS(Access!$G$6:$G$405,Access!$B$6:$B$405,B20)) | G20: =IF(B20="","",SUMIFS(Access!$J$6:$J$405,Access!$B$6:$B$405,B20)) | H20: =IF(B20="","",IF(AND(E20<>"",E20<=TODAY()),IF(F20>0,"Left, still has access","Left"),"Active"))
F21: =IF(B21="","",SUMIFS(Access!$G$6:$G$405,Access!$B$6:$B$405,B21)) | G21: =IF(B21="","",SUMIFS(Access!$J$6:$J$405,Access!$B$6:$B$405,B21)) | H21: =IF(B21="","",IF(AND(E21<>"",E21<=TODAY()),IF(F21>0,"Left, still has access","Left"),"Active"))
F22: =IF(B22="","",SUMIFS(Access!$G$6:$G$405,Access!$B$6:$B$405,B22)) | G22: =IF(B22="","",SUMIFS(Access!$J$6:$J$405,Access!$B$6:$B$405,B22)) | H22: =IF(B22="","",IF(AND(E22<>"",E22<=TODAY()),IF(F22>0,"Left, still has access","Left"),"Active"))
F23: =IF(B23="","",SUMIFS(Access!$G$6:$G$405,Access!$B$6:$B$405,B23)) | G23: =IF(B23="","",SUMIFS(Access!$J$6:$J$405,Access!$B$6:$B$405,B23)) | H23: =IF(B23="","",IF(AND(E23<>"",E23<=TODAY()),IF(F23>0,"Left, still has access","Left"),"Active"))
F24: =IF(B24="","",SUMIFS(Access!$G$6:$G$405,Access!$B$6:$B$405,B24)) | G24: =IF(B24="","",SUMIFS(Access!$J$6:$J$405,Access!$B$6:$B$405,B24)) | H24: =IF(B24="","",IF(AND(E24<>"",E24<=TODAY()),IF(F24>0,"Left, still has access","Left"),"Active"))
F25: =IF(B25="","",SUMIFS(Access!$G$6:$G$405,Access!$B$6:$B$405,B25)) | G25: =IF(B25="","",SUMIFS(Access!$J$6:$J$405,Access!$B$6:$B$405,B25)) | H25: =IF(B25="","",IF(AND(E25<>"",E25<=TODAY()),IF(F25>0,"Left, still has access","Left"),"Active"))
... F105: =IF(B105="","",SUMIFS(Access!$G$6:$G$405,Access!$B$6:$B$405,B105)) | G105: =IF(B105="","",SUMIFS(Access!$J$6:$J$405,Access!$B$6:$B$405,B105)) | H105: =IF(B105="","",IF(AND(E105<>"",E105<=TODAY()),IF(F105>0,"Left, still has access","Left"),"Active"))

Sheet Cards
B2: Cards
B3: The cards and accounts the tools are paid with. Type the last day of the month it expires.
B5: Card or account | C5: Held by | D5: Expires | E5: Tools | F5: Per month | G5: Status
B6: Business card A | C6: Ana | D6: 46934 | E6: =IF(B6="","",COUNTIFS(Tools!$I$6:$I$105,B6,Tools!$T$6:$T$105,"<>Cancelled")) | F6: =IF(B6="","",SUMIFS(Tools!$O$6:$O$105,Tools!$I$6:$I$105,B6)) | G6: =IF(B6="","",IF(D6="","No date",IF(D6<TODAY(),"Expired",IF(COUNTIFS(Tools!$I$6:$I$105,B6,Tools!$Q$6:$Q$105,">"&D6)>0,"Update "&COUNTIFS(Tools!$I$6:$I$105,B6,Tools!$Q$6:$Q$105,">"&D6)&IF(COUNTIFS(Tools!$I$6:$I$105,B6,Tools!$Q$6:$Q$105,">"&D6)=1," tool"," tools"),IF(D6-TODAY()<=N(Settings!$C$6),"Expires soon","OK")))))
B7: Business card B | C7: Grace | D7: 46418 | E7: =IF(B7="","",COUNTIFS(Tools!$I$6:$I$105,B7,Tools!$T$6:$T$105,"<>Cancelled")) | F7: =IF(B7="","",SUMIFS(Tools!$O$6:$O$105,Tools!$I$6:$I$105,B7)) | G7: =IF(B7="","",IF(D7="","No date",IF(D7<TODAY(),"Expired",IF(COUNTIFS(Tools!$I$6:$I$105,B7,Tools!$Q$6:$Q$105,">"&D7)>0,"Update "&COUNTIFS(Tools!$I$6:$I$105,B7,Tools!$Q$6:$Q$105,">"&D7)&IF(COUNTIFS(Tools!$I$6:$I$105,B7,Tools!$Q$6:$Q$105,">"&D7)=1," tool"," tools"),IF(D7-TODAY()<=N(Settings!$C$6),"Expires soon","OK")))))
B8: Debit card C | C8: Dev | D8: 46356 | E8: =IF(B8="","",COUNTIFS(Tools!$I$6:$I$105,B8,Tools!$T$6:$T$105,"<>Cancelled")) | F8: =IF(B8="","",SUMIFS(Tools!$O$6:$O$105,Tools!$I$6:$I$105,B8)) | G8: =IF(B8="","",IF(D8="","No date",IF(D8<TODAY(),"Expired",IF(COUNTIFS(Tools!$I$6:$I$105,B8,Tools!$Q$6:$Q$105,">"&D8)>0,"Update "&COUNTIFS(Tools!$I$6:$I$105,B8,Tools!$Q$6:$Q$105,">"&D8)&IF(COUNTIFS(Tools!$I$6:$I$105,B8,Tools!$Q$6:$Q$105,">"&D8)=1," tool"," tools"),IF(D8-TODAY()<=N(Settings!$C$6),"Expires soon","OK")))))
E9: =IF(B9="","",COUNTIFS(Tools!$I$6:$I$105,B9,Tools!$T$6:$T$105,"<>Cancelled")) | F9: =IF(B9="","",SUMIFS(Tools!$O$6:$O$105,Tools!$I$6:$I$105,B9)) | G9: =IF(B9="","",IF(D9="","No date",IF(D9<TODAY(),"Expired",IF(COUNTIFS(Tools!$I$6:$I$105,B9,Tools!$Q$6:$Q$105,">"&D9)>0,"Update "&COUNTIFS(Tools!$I$6:$I$105,B9,Tools!$Q$6:$Q$105,">"&D9)&IF(COUNTIFS(Tools!$I$6:$I$105,B9,Tools!$Q$6:$Q$105,">"&D9)=1," tool"," tools"),IF(D9-TODAY()<=N(Settings!$C$6),"Expires soon","OK")))))
E10: =IF(B10="","",COUNTIFS(Tools!$I$6:$I$105,B10,Tools!$T$6:$T$105,"<>Cancelled")) | F10: =IF(B10="","",SUMIFS(Tools!$O$6:$O$105,Tools!$I$6:$I$105,B10)) | G10: =IF(B10="","",IF(D10="","No date",IF(D10<TODAY(),"Expired",IF(COUNTIFS(Tools!$I$6:$I$105,B10,Tools!$Q$6:$Q$105,">"&D10)>0,"Update "&COUNTIFS(Tools!$I$6:$I$105,B10,Tools!$Q$6:$Q$105,">"&D10)&IF(COUNTIFS(Tools!$I$6:$I$105,B10,Tools!$Q$6:$Q$105,">"&D10)=1," tool"," tools"),IF(D10-TODAY()<=N(Settings!$C$6),"Expires soon","OK")))))
E11: =IF(B11="","",COUNTIFS(Tools!$I$6:$I$105,B11,Tools!$T$6:$T$105,"<>Cancelled")) | F11: =IF(B11="","",SUMIFS(Tools!$O$6:$O$105,Tools!$I$6:$I$105,B11)) | G11: =IF(B11="","",IF(D11="","No date",IF(D11<TODAY(),"Expired",IF(COUNTIFS(Tools!$I$6:$I$105,B11,Tools!$Q$6:$Q$105,">"&D11)>0,"Update "&COUNTIFS(Tools!$I$6:$I$105,B11,Tools!$Q$6:$Q$105,">"&D11)&IF(COUNTIFS(Tools!$I$6:$I$105,B11,Tools!$Q$6:$Q$105,">"&D11)=1," tool"," tools"),IF(D11-TODAY()<=N(Settings!$C$6),"Expires soon","OK")))))
E12: =IF(B12="","",COUNTIFS(Tools!$I$6:$I$105,B12,Tools!$T$6:$T$105,"<>Cancelled")) | F12: =IF(B12="","",SUMIFS(Tools!$O$6:$O$105,Tools!$I$6:$I$105,B12)) | G12: =IF(B12="","",IF(D12="","No date",IF(D12<TODAY(),"Expired",IF(COUNTIFS(Tools!$I$6:$I$105,B12,Tools!$Q$6:$Q$105,">"&D12)>0,"Update "&COUNTIFS(Tools!$I$6:$I$105,B12,Tools!$Q$6:$Q$105,">"&D12)&IF(COUNTIFS(Tools!$I$6:$I$105,B12,Tools!$Q$6:$Q$105,">"&D12)=1," tool"," tools"),IF(D12-TODAY()<=N(Settings!$C$6),"Expires soon","OK")))))
E13: =IF(B13="","",COUNTIFS(Tools!$I$6:$I$105,B13,Tools!$T$6:$T$105,"<>Cancelled")) | F13: =IF(B13="","",SUMIFS(Tools!$O$6:$O$105,Tools!$I$6:$I$105,B13)) | G13: =IF(B13="","",IF(D13="","No date",IF(D13<TODAY(),"Expired",IF(COUNTIFS(Tools!$I$6:$I$105,B13,Tools!$Q$6:$Q$105,">"&D13)>0,"Update "&COUNTIFS(Tools!$I$6:$I$105,B13,Tools!$Q$6:$Q$105,">"&D13)&IF(COUNTIFS(Tools!$I$6:$I$105,B13,Tools!$Q$6:$Q$105,">"&D13)=1," tool"," tools"),IF(D13-TODAY()<=N(Settings!$C$6),"Expires soon","OK")))))
E14: =IF(B14="","",COUNTIFS(Tools!$I$6:$I$105,B14,Tools!$T$6:$T$105,"<>Cancelled")) | F14: =IF(B14="","",SUMIFS(Tools!$O$6:$O$105,Tools!$I$6:$I$105,B14)) | G14: =IF(B14="","",IF(D14="","No date",IF(D14<TODAY(),"Expired",IF(COUNTIFS(Tools!$I$6:$I$105,B14,Tools!$Q$6:$Q$105,">"&D14)>0,"Update "&COUNTIFS(Tools!$I$6:$I$105,B14,Tools!$Q$6:$Q$105,">"&D14)&IF(COUNTIFS(Tools!$I$6:$I$105,B14,Tools!$Q$6:$Q$105,">"&D14)=1," tool"," tools"),IF(D14-TODAY()<=N(Settings!$C$6),"Expires soon","OK")))))
E15: =IF(B15="","",COUNTIFS(Tools!$I$6:$I$105,B15,Tools!$T$6:$T$105,"<>Cancelled")) | F15: =IF(B15="","",SUMIFS(Tools!$O$6:$O$105,Tools!$I$6:$I$105,B15)) | G15: =IF(B15="","",IF(D15="","No date",IF(D15<TODAY(),"Expired",IF(COUNTIFS(Tools!$I$6:$I$105,B15,Tools!$Q$6:$Q$105,">"&D15)>0,"Update "&COUNTIFS(Tools!$I$6:$I$105,B15,Tools!$Q$6:$Q$105,">"&D15)&IF(COUNTIFS(Tools!$I$6:$I$105,B15,Tools!$Q$6:$Q$105,">"&D15)=1," tool"," tools"),IF(D15-TODAY()<=N(Settings!$C$6),"Expires soon","OK")))))
E16: =IF(B16="","",COUNTIFS(Tools!$I$6:$I$105,B16,Tools!$T$6:$T$105,"<>Cancelled")) | F16: =IF(B16="","",SUMIFS(Tools!$O$6:$O$105,Tools!$I$6:$I$105,B16)) | G16: =IF(B16="","",IF(D16="","No date",IF(D16<TODAY(),"Expired",IF(COUNTIFS(Tools!$I$6:$I$105,B16,Tools!$Q$6:$Q$105,">"&D16)>0,"Update "&COUNTIFS(Tools!$I$6:$I$105,B16,Tools!$Q$6:$Q$105,">"&D16)&IF(COUNTIFS(Tools!$I$6:$I$105,B16,Tools!$Q$6:$Q$105,">"&D16)=1," tool"," tools"),IF(D16-TODAY()<=N(Settings!$C$6),"Expires soon","OK")))))
E17: =IF(B17="","",COUNTIFS(Tools!$I$6:$I$105,B17,Tools!$T$6:$T$105,"<>Cancelled")) | F17: =IF(B17="","",SUMIFS(Tools!$O$6:$O$105,Tools!$I$6:$I$105,B17)) | G17: =IF(B17="","",IF(D17="","No date",IF(D17<TODAY(),"Expired",IF(COUNTIFS(Tools!$I$6:$I$105,B17,Tools!$Q$6:$Q$105,">"&D17)>0,"Update "&COUNTIFS(Tools!$I$6:$I$105,B17,Tools!$Q$6:$Q$105,">"&D17)&IF(COUNTIFS(Tools!$I$6:$I$105,B17,Tools!$Q$6:$Q$105,">"&D17)=1," tool"," tools"),IF(D17-TODAY()<=N(Settings!$C$6),"Expires soon","OK")))))
E18: =IF(B18="","",COUNTIFS(Tools!$I$6:$I$105,B18,Tools!$T$6:$T$105,"<>Cancelled")) | F18: =IF(B18="","",SUMIFS(Tools!$O$6:$O$105,Tools!$I$6:$I$105,B18)) | G18: =IF(B18="","",IF(D18="","No date",IF(D18<TODAY(),"Expired",IF(COUNTIFS(Tools!$I$6:$I$105,B18,Tools!$Q$6:$Q$105,">"&D18)>0,"Update "&COUNTIFS(Tools!$I$6:$I$105,B18,Tools!$Q$6:$Q$105,">"&D18)&IF(COUNTIFS(Tools!$I$6:$I$105,B18,Tools!$Q$6:$Q$105,">"&D18)=1," tool"," tools"),IF(D18-TODAY()<=N(Settings!$C$6),"Expires soon","OK")))))
E19: =IF(B19="","",COUNTIFS(Tools!$I$6:$I$105,B19,Tools!$T$6:$T$105,"<>Cancelled")) | F19: =IF(B19="","",SUMIFS(Tools!$O$6:$O$105,Tools!$I$6:$I$105,B19)) | G19: =IF(B19="","",IF(D19="","No date",IF(D19<TODAY(),"Expired",IF(COUNTIFS(Tools!$I$6:$I$105,B19,Tools!$Q$6:$Q$105,">"&D19)>0,"Update "&COUNTIFS(Tools!$I$6:$I$105,B19,Tools!$Q$6:$Q$105,">"&D19)&IF(COUNTIFS(Tools!$I$6:$I$105,B19,Tools!$Q$6:$Q$105,">"&D19)=1," tool"," tools"),IF(D19-TODAY()<=N(Settings!$C$6),"Expires soon","OK")))))
E20: =IF(B20="","",COUNTIFS(Tools!$I$6:$I$105,B20,Tools!$T$6:$T$105,"<>Cancelled")) | F20: =IF(B20="","",SUMIFS(Tools!$O$6:$O$105,Tools!$I$6:$I$105,B20)) | G20: =IF(B20="","",IF(D20="","No date",IF(D20<TODAY(),"Expired",IF(COUNTIFS(Tools!$I$6:$I$105,B20,Tools!$Q$6:$Q$105,">"&D20)>0,"Update "&COUNTIFS(Tools!$I$6:$I$105,B20,Tools!$Q$6:$Q$105,">"&D20)&IF(COUNTIFS(Tools!$I$6:$I$105,B20,Tools!$Q$6:$Q$105,">"&D20)=1," tool"," tools"),IF(D20-TODAY()<=N(Settings!$C$6),"Expires soon","OK")))))
... E25: =IF(B25="","",COUNTIFS(Tools!$I$6:$I$105,B25,Tools!$T$6:$T$105,"<>Cancelled")) | F25: =IF(B25="","",SUMIFS(Tools!$O$6:$O$105,Tools!$I$6:$I$105,B25)) | G25: =IF(B25="","",IF(D25="","No date",IF(D25<TODAY(),"Expired",IF(COUNTIFS(Tools!$I$6:$I$105,B25,Tools!$Q$6:$Q$105,">"&D25)>0,"Update "&COUNTIFS(Tools!$I$6:$I$105,B25,Tools!$Q$6:$Q$105,">"&D25)&IF(COUNTIFS(Tools!$I$6:$I$105,B25,Tools!$Q$6:$Q$105,">"&D25)=1," tool"," tools"),IF(D25-TODAY()<=N(Settings!$C$6),"Expires soon","OK")))))

Sheet Year ahead
B2: Year ahead
B3: What each tool will charge in each of the next twelve months, from today.
B5: Tool | C5: =CHOOSE(MONTH(DATE(YEAR(TODAY()),MONTH(TODAY())+0,1)),"Jan","Feb","Mar","Apr","May","Jun","Jul","Aug","Sep","Oct","Nov","Dec")&" "&RIGHT(YEAR(DATE(YEAR(TODAY()),MONTH(TODAY())+0,1)),2) | D5: =CHOOSE(MONTH(DATE(YEAR(TODAY()),MONTH(TODAY())+1,1)),"Jan","Feb","Mar","Apr","May","Jun","Jul","Aug","Sep","Oct","Nov","Dec")&" "&RIGHT(YEAR(DATE(YEAR(TODAY()),MONTH(TODAY())+1,1)),2) | E5: =CHOOSE(MONTH(DATE(YEAR(TODAY()),MONTH(TODAY())+2,1)),"Jan","Feb","Mar","Apr","May","Jun","Jul","Aug","Sep","Oct","Nov","Dec")&" "&RIGHT(YEAR(DATE(YEAR(TODAY()),MONTH(TODAY())+2,1)),2) | F5: =CHOOSE(MONTH(DATE(YEAR(TODAY()),MONTH(TODAY())+3,1)),"Jan","Feb","Mar","Apr","May","Jun","Jul","Aug","Sep","Oct","Nov","Dec")&" "&RIGHT(YEAR(DATE(YEAR(TODAY()),MONTH(TODAY())+3,1)),2) | G5: =CHOOSE(MONTH(DATE(YEAR(TODAY()),MONTH(TODAY())+4,1)),"Jan","Feb","Mar","Apr","May","Jun","Jul","Aug","Sep","Oct","Nov","Dec")&" "&RIGHT(YEAR(DATE(YEAR(TODAY()),MONTH(TODAY())+4,1)),2) | H5: =CHOOSE(MONTH(DATE(YEAR(TODAY()),MONTH(TODAY())+5,1)),"Jan","Feb","Mar","Apr","May","Jun","Jul","Aug","Sep","Oct","Nov","Dec")&" "&RIGHT(YEAR(DATE(YEAR(TODAY()),MONTH(TODAY())+5,1)),2) | I5: =CHOOSE(MONTH(DATE(YEAR(TODAY()),MONTH(TODAY())+6,1)),"Jan","Feb","Mar","Apr","May","Jun","Jul","Aug","Sep","Oct","Nov","Dec")&" "&RIGHT(YEAR(DATE(YEAR(TODAY()),MONTH(TODAY())+6,1)),2) | J5: =CHOOSE(MONTH(DATE(YEAR(TODAY()),MONTH(TODAY())+7,1)),"Jan","Feb","Mar","Apr","May","Jun","Jul","Aug","Sep","Oct","Nov","Dec")&" "&RIGHT(YEAR(DATE(YEAR(TODAY()),MONTH(TODAY())+7,1)),2) | K5: =CHOOSE(MONTH(DATE(YEAR(TODAY()),MONTH(TODAY())+8,1)),"Jan","Feb","Mar","Apr","May","Jun","Jul","Aug","Sep","Oct","Nov","Dec")&" "&RIGHT(YEAR(DATE(YEAR(TODAY()),MONTH(TODAY())+8,1)),2) | L5: =CHOOSE(MONTH(DATE(YEAR(TODAY()),MONTH(TODAY())+9,1)),"Jan","Feb","Mar","Apr","May","Jun","Jul","Aug","Sep","Oct","Nov","Dec")&" "&RIGHT(YEAR(DATE(YEAR(TODAY()),MONTH(TODAY())+9,1)),2) | M5: =CHOOSE(MONTH(DATE(YEAR(TODAY()),MONTH(TODAY())+10,1)),"Jan","Feb","Mar","Apr","May","Jun","Jul","Aug","Sep","Oct","Nov","Dec")&" "&RIGHT(YEAR(DATE(YEAR(TODAY()),MONTH(TODAY())+10,1)),2) | N5: =CHOOSE(MONTH(DATE(YEAR(TODAY()),MONTH(TODAY())+11,1)),"Jan","Feb","Mar","Apr","May","Jun","Jul","Aug","Sep","Oct","Nov","Dec")&" "&RIGHT(YEAR(DATE(YEAR(TODAY()),MONTH(TODAY())+11,1)),2) | O5: Total
B6: Total | C6: =SUM(C7:C106) | D6: =SUM(D7:D106) | E6: =SUM(E7:E106) | F6: =SUM(F7:F106) | G6: =SUM(G7:G106) | H6: =SUM(H7:H106) | I6: =SUM(I7:I106) | J6: =SUM(J7:J106) | ... O6: =SUM(O7:O106)
B7: =IF(Tools!B6="","",Tools!B6) | C7: =IF(OR(Tools!$B6="",Tools!$Q6=""),"",IF(AND(((YEAR(DATE(YEAR(TODAY()),MONTH(TODAY())+0,1))-YEAR(Tools!$Q6))*12+MONTH(DATE(YEAR(TODAY()),MONTH(TODAY())+0,1))-MONTH(Tools!$Q6))>=0,MOD(((YEAR(DATE(YEAR(TODAY()),MONTH(TODAY())+0,1))-YEAR(Tools!$Q6))*12+MONTH(DATE(YEAR(TODAY()),MONTH(TODAY())+0,1))-MONTH(Tools!$Q6)),Tools!$U6)=0,OR(Tools!$L6="",EDATE(Tools!$Q6,((YEAR(DATE(YEAR(TODAY()),MONTH(TODAY())+0,1))-YEAR(Tools!$Q6))*12+MONTH(DATE(YEAR(TODAY()),MONTH(TODAY())+0,1))-MONTH(Tools!$Q6)))<Tools!$L6)),Tools!$N6,"")) | D7: =IF(OR(Tools!$B6="",Tools!$Q6=""),"",IF(AND(((YEAR(DATE(YEAR(TODAY()),MONTH(TODAY())+1,1))-YEAR(Tools!$Q6))*12+MONTH(DATE(YEAR(TODAY()),MONTH(TODAY())+1,1))-MONTH(Tools!$Q6))>=0,MOD(((YEAR(DATE(YEAR(TODAY()),MONTH(TODAY())+1,1))-YEAR(Tools!$Q6))*12+MONTH(DATE(YEAR(TODAY()),MONTH(TODAY())+1,1))-MONTH(Tools!$Q6)),Tools!$U6)=0,OR(Tools!$L6="",EDATE(Tools!$Q6,((YEAR(DATE(YEAR(TODAY()),MONTH(TODAY())+1,1))-YEAR(Tools!$Q6))*12+MONTH(DATE(YEAR(TODAY()),MONTH(TODAY())+1,1))-MONTH(Tools!$Q6)))<Tools!$L6)),Tools!$N6,"")) | E7: =IF(OR(Tools!$B6="",Tools!$Q6=""),"",IF(AND(((YEAR(DATE(YEAR(TODAY()),MONTH(TODAY())+2,1))-YEAR(Tools!$Q6))*12+MONTH(DATE(YEAR(TODAY()),MONTH(TODAY())+2,1))-MONTH(Tools!$Q6))>=0,MOD(((YEAR(DATE(YEAR(TODAY()),MONTH(TODAY())+2,1))-YEAR(Tools!$Q6))*12+MONTH(DATE(YEAR(TODAY()),MONTH(TODAY())+2,1))-MONTH(Tools!$Q6)),Tools!$U6)=0,OR(Tools!$L6="",EDATE(Tools!$Q6,((YEAR(DATE(YEAR(TODAY()),MONTH(TODAY())+2,1))-YEAR(Tools!$Q6))*12+MONTH(DATE(YEAR(TODAY()),MONTH(TODAY())+2,1))-MONTH(Tools!$Q6)))<Tools!$L6)),Tools!$N6,"")) | F7: =IF(OR(Tools!$B6="",Tools!$Q6=""),"",IF(AND(((YEAR(DATE(YEAR(TODAY()),MONTH(TODAY())+3,1))-YEAR(Tools!$Q6))*12+MONTH(DATE(YEAR(TODAY()),MONTH(TODAY())+3,1))-MONTH(Tools!$Q6))>=0,MOD(((YEAR(DATE(YEAR(TODAY()),MONTH(TODAY())+3,1))-YEAR(Tools!$Q6))*12+MONTH(DATE(YEAR(TODAY()),MONTH(TODAY())+3,1))-MONTH(Tools!$Q6)),Tools!$U6)=0,OR(Tools!$L6="",EDATE(Tools!$Q6,((YEAR(DATE(YEAR(TODAY()),MONTH(TODAY())+3,1))-YEAR(Tools!$Q6))*12+MONTH(DATE(YEAR(TODAY()),MONTH(TODAY())+3,1))-MONTH(Tools!$Q6)))<Tools!$L6)),Tools!$N6,"")) | G7: =IF(OR(Tools!$B6="",Tools!$Q6=""),"",IF(AND(((YEAR(DATE(YEAR(TODAY()),MONTH(TODAY())+4,1))-YEAR(Tools!$Q6))*12+MONTH(DATE(YEAR(TODAY()),MONTH(TODAY())+4,1))-MONTH(Tools!$Q6))>=0,MOD(((YEAR(DATE(YEAR(TODAY()),MONTH(TODAY())+4,1))-YEAR(Tools!$Q6))*12+MONTH(DATE(YEAR(TODAY()),MONTH(TODAY())+4,1))-MONTH(Tools!$Q6)),Tools!$U6)=0,OR(Tools!$L6="",EDATE(Tools!$Q6,((YEAR(DATE(YEAR(TODAY()),MONTH(TODAY())+4,1))-YEAR(Tools!$Q6))*12+MONTH(DATE(YEAR(TODAY()),MONTH(TODAY())+4,1))-MONTH(Tools!$Q6)))<Tools!$L6)),Tools!$N6,"")) | H7: =IF(OR(Tools!$B6="",Tools!$Q6=""),"",IF(AND(((YEAR(DATE(YEAR(TODAY()),MONTH(TODAY())+5,1))-YEAR(Tools!$Q6))*12+MONTH(DATE(YEAR(TODAY()),MONTH(TODAY())+5,1))-MONTH(Tools!$Q6))>=0,MOD(((YEAR(DATE(YEAR(TODAY()),MONTH(TODAY())+5,1))-YEAR(Tools!$Q6))*12+MONTH(DATE(YEAR(TODAY()),MONTH(TODAY())+5,1))-MONTH(Tools!$Q6)),Tools!$U6)=0,OR(Tools!$L6="",EDATE(Tools!$Q6,((YEAR(DATE(YEAR(TODAY()),MONTH(TODAY())+5,1))-YEAR(Tools!$Q6))*12+MONTH(DATE(YEAR(TODAY()),MONTH(TODAY())+5,1))-MONTH(Tools!$Q6)))<Tools!$L6)),Tools!$N6,"")) | I7: =IF(OR(Tools!$B6="",Tools!$Q6=""),"",IF(AND(((YEAR(DATE(YEAR(TODAY()),MONTH(TODAY())+6,1))-YEAR(Tools!$Q6))*12+MONTH(DATE(YEAR(TODAY()),MONTH(TODAY())+6,1))-MONTH(Tools!$Q6))>=0,MOD(((YEAR(DATE(YEAR(TODAY()),MONTH(TODAY())+6,1))-YEAR(Tools!$Q6))*12+MONTH(DATE(YEAR(TODAY()),MONTH(TODAY())+6,1))-MONTH(Tools!$Q6)),Tools!$U6)=0,OR(Tools!$L6="",EDATE(Tools!$Q6,((YEAR(DATE(YEAR(TODAY()),MONTH(TODAY())+6,1))-YEAR(Tools!$Q6))*12+MONTH(DATE(YEAR(TODAY()),MONTH(TODAY())+6,1))-MONTH(Tools!$Q6)))<Tools!$L6)),Tools!$N6,"")) | J7: =IF(OR(Tools!$B6="",Tools!$Q6=""),"",IF(AND(((YEAR(DATE(YEAR(TODAY()),MONTH(TODAY())+7,1))-YEAR(Tools!$Q6))*12+MONTH(DATE(YEAR(TODAY()),MONTH(TODAY())+7,1))-MONTH(Tools!$Q6))>=0,MOD(((YEAR(DATE(YEAR(TODAY()),MONTH(TODAY())+7,1))-YEAR(Tools!$Q6))*12+MONTH(DATE(YEAR(TODAY()),MONTH(TODAY())+7,1))-MONTH(Tools!$Q6)),Tools!$U6)=0,OR(Tools!$L6="",EDATE(Tools!$Q6,((YEAR(DATE(YEAR(TODAY()),MONTH(TODAY())+7,1))-YEAR(Tools!$Q6))*12+MONTH(DATE(YEAR(TODAY()),MONTH(TODAY())+7,1))-MONTH(Tools!$Q6)))<Tools!$L6)),Tools!$N6,"")) | K7: =IF(OR(Tools!$B6="",Tools!$Q6=""),"",IF(AND(((YEAR(DATE(YEAR(TODAY()),MONTH(TODAY())+8,1))-YEAR(Tools!$Q6))*12+MONTH(DATE(YEAR(TODAY()),MONTH(TODAY())+8,1))-MONTH(Tools!$Q6))>=0,MOD(((YEAR(DATE(YEAR(TODAY()),MONTH(TODAY())+8,1))-YEAR(Tools!$Q6))*12+MONTH(DATE(YEAR(TODAY()),MONTH(TODAY())+8,1))-MONTH(Tools!$Q6)),Tools!$U6)=0,OR(Tools!$L6="",EDATE(Tools!$Q6,((YEAR(DATE(YEAR(TODAY()),MONTH(TODAY())+8,1))-YEAR(Tools!$Q6))*12+MONTH(DATE(YEAR(TODAY()),MONTH(TODAY())+8,1))-MONTH(Tools!$Q6)))<Tools!$L6)),Tools!$N6,"")) | L7: =IF(OR(Tools!$B6="",Tools!$Q6=""),"",IF(AND(((YEAR(DATE(YEAR(TODAY()),MONTH(TODAY())+9,1))-YEAR(Tools!$Q6))*12+MONTH(DATE(YEAR(TODAY()),MONTH(TODAY())+9,1))-MONTH(Tools!$Q6))>=0,MOD(((YEAR(DATE(YEAR(TODAY()),MONTH(TODAY())+9,1))-YEAR(Tools!$Q6))*12+MONTH(DATE(YEAR(TODAY()),MONTH(TODAY())+9,1))-MONTH(Tools!$Q6)),Tools!$U6)=0,OR(Tools!$L6="",EDATE(Tools!$Q6,((YEAR(DATE(YEAR(TODAY()),MONTH(TODAY())+9,1))-YEAR(Tools!$Q6))*12+MONTH(DATE(YEAR(TODAY()),MONTH(TODAY())+9,1))-MONTH(Tools!$Q6)))<Tools!$L6)),Tools!$N6,"")) | M7: =IF(OR(Tools!$B6="",Tools!$Q6=""),"",IF(AND(((YEAR(DATE(YEAR(TODAY()),MONTH(TODAY())+10,1))-YEAR(Tools!$Q6))*12+MONTH(DATE(YEAR(TODAY()),MONTH(TODAY())+10,1))-MONTH(Tools!$Q6))>=0,MOD(((YEAR(DATE(YEAR(TODAY()),MONTH(TODAY())+10,1))-YEAR(Tools!$Q6))*12+MONTH(DATE(YEAR(TODAY()),MONTH(TODAY())+10,1))-MONTH(Tools!$Q6)),Tools!$U6)=0,OR(Tools!$L6="",EDATE(Tools!$Q6,((YEAR(DATE(YEAR(TODAY()),MONTH(TODAY())+10,1))-YEAR(Tools!$Q6))*12+MONTH(DATE(YEAR(TODAY()),MONTH(TODAY())+10,1))-MONTH(Tools!$Q6)))<Tools!$L6)),Tools!$N6,"")) | N7: =IF(OR(Tools!$B6="",Tools!$Q6=""),"",IF(AND(((YEAR(DATE(YEAR(TODAY()),MONTH(TODAY())+11,1))-YEAR(Tools!$Q6))*12+MONTH(DATE(YEAR(TODAY()),MONTH(TODAY())+11,1))-MONTH(Tools!$Q6))>=0,MOD(((YEAR(DATE(YEAR(TODAY()),MONTH(TODAY())+11,1))-YEAR(Tools!$Q6))*12+MONTH(DATE(YEAR(TODAY()),MONTH(TODAY())+11,1))-MONTH(Tools!$Q6)),Tools!$U6)=0,OR(Tools!$L6="",EDATE(Tools!$Q6,((YEAR(DATE(YEAR(TODAY()),MONTH(TODAY())+11,1))-YEAR(Tools!$Q6))*12+MONTH(DATE(YEAR(TODAY()),MONTH(TODAY())+11,1))-MONTH(Tools!$Q6)))<Tools!$L6)),Tools!$N6,"")) | O7: =IF(B7="","",SUM(C7:N7))
B8: =IF(Tools!B7="","",Tools!B7) | C8: =IF(OR(Tools!$B7="",Tools!$Q7=""),"",IF(AND(((YEAR(DATE(YEAR(TODAY()),MONTH(TODAY())+0,1))-YEAR(Tools!$Q7))*12+MONTH(DATE(YEAR(TODAY()),MONTH(TODAY())+0,1))-MONTH(Tools!$Q7))>=0,MOD(((YEAR(DATE(YEAR(TODAY()),MONTH(TODAY())+0,1))-YEAR(Tools!$Q7))*12+MONTH(DATE(YEAR(TODAY()),MONTH(TODAY())+0,1))-MONTH(Tools!$Q7)),Tools!$U7)=0,OR(Tools!$L7="",EDATE(Tools!$Q7,((YEAR(DATE(YEAR(TODAY()),MONTH(TODAY())+0,1))-YEAR(Tools!$Q7))*12+MONTH(DATE(YEAR(TODAY()),MONTH(TODAY())+0,1))-MONTH(Tools!$Q7)))<Tools!$L7)),Tools!$N7,"")) | D8: =IF(OR(Tools!$B7="",Tools!$Q7=""),"",IF(AND(((YEAR(DATE(YEAR(TODAY()),MONTH(TODAY())+1,1))-YEAR(Tools!$Q7))*12+MONTH(DATE(YEAR(TODAY()),MONTH(TODAY())+1,1))-MONTH(Tools!$Q7))>=0,MOD(((YEAR(DATE(YEAR(TODAY()),MONTH(TODAY())+1,1))-YEAR(Tools!$Q7))*12+MONTH(DATE(YEAR(TODAY()),MONTH(TODAY())+1,1))-MONTH(Tools!$Q7)),Tools!$U7)=0,OR(Tools!$L7="",EDATE(Tools!$Q7,((YEAR(DATE(YEAR(TODAY()),MONTH(TODAY())+1,1))-YEAR(Tools!$Q7))*12+MONTH(DATE(YEAR(TODAY()),MONTH(TODAY())+1,1))-MONTH(Tools!$Q7)))<Tools!$L7)),Tools!$N7,"")) | E8: =IF(OR(Tools!$B7="",Tools!$Q7=""),"",IF(AND(((YEAR(DATE(YEAR(TODAY()),MONTH(TODAY())+2,1))-YEAR(Tools!$Q7))*12+MONTH(DATE(YEAR(TODAY()),MONTH(TODAY())+2,1))-MONTH(Tools!$Q7))>=0,MOD(((YEAR(DATE(YEAR(TODAY()),MONTH(TODAY())+2,1))-YEAR(Tools!$Q7))*12+MONTH(DATE(YEAR(TODAY()),MONTH(TODAY())+2,1))-MONTH(Tools!$Q7)),Tools!$U7)=0,OR(Tools!$L7="",EDATE(Tools!$Q7,((YEAR(DATE(YEAR(TODAY()),MONTH(TODAY())+2,1))-YEAR(Tools!$Q7))*12+MONTH(DATE(YEAR(TODAY()),MONTH(TODAY())+2,1))-MONTH(Tools!$Q7)))<Tools!$L7)),Tools!$N7,"")) | F8: =IF(OR(Tools!$B7="",Tools!$Q7=""),"",IF(AND(((YEAR(DATE(YEAR(TODAY()),MONTH(TODAY())+3,1))-YEAR(Tools!$Q7))*12+MONTH(DATE(YEAR(TODAY()),MONTH(TODAY())+3,1))-MONTH(Tools!$Q7))>=0,MOD(((YEAR(DATE(YEAR(TODAY()),MONTH(TODAY())+3,1))-YEAR(Tools!$Q7))*12+MONTH(DATE(YEAR(TODAY()),MONTH(TODAY())+3,1))-MONTH(Tools!$Q7)),Tools!$U7)=0,OR(Tools!$L7="",EDATE(Tools!$Q7,((YEAR(DATE(YEAR(TODAY()),MONTH(TODAY())+3,1))-YEAR(Tools!$Q7))*12+MONTH(DATE(YEAR(TODAY()),MONTH(TODAY())+3,1))-MONTH(Tools!$Q7)))<Tools!$L7)),Tools!$N7,"")) | G8: =IF(OR(Tools!$B7="",Tools!$Q7=""),"",IF(AND(((YEAR(DATE(YEAR(TODAY()),MONTH(TODAY())+4,1))-YEAR(Tools!$Q7))*12+MONTH(DATE(YEAR(TODAY()),MONTH(TODAY())+4,1))-MONTH(Tools!$Q7))>=0,MOD(((YEAR(DATE(YEAR(TODAY()),MONTH(TODAY())+4,1))-YEAR(Tools!$Q7))*12+MONTH(DATE(YEAR(TODAY()),MONTH(TODAY())+4,1))-MONTH(Tools!$Q7)),Tools!$U7)=0,OR(Tools!$L7="",EDATE(Tools!$Q7,((YEAR(DATE(YEAR(TODAY()),MONTH(TODAY())+4,1))-YEAR(Tools!$Q7))*12+MONTH(DATE(YEAR(TODAY()),MONTH(TODAY())+4,1))-MONTH(Tools!$Q7)))<Tools!$L7)),Tools!$N7,"")) | H8: =IF(OR(Tools!$B7="",Tools!$Q7=""),"",IF(AND(((YEAR(DATE(YEAR(TODAY()),MONTH(TODAY())+5,1))-YEAR(Tools!$Q7))*12+MONTH(DATE(YEAR(TODAY()),MONTH(TODAY())+5,1))-MONTH(Tools!$Q7))>=0,MOD(((YEAR(DATE(YEAR(TODAY()),MONTH(TODAY())+5,1))-YEAR(Tools!$Q7))*12+MONTH(DATE(YEAR(TODAY()),MONTH(TODAY())+5,1))-MONTH(Tools!$Q7)),Tools!$U7)=0,OR(Tools!$L7="",EDATE(Tools!$Q7,((YEAR(DATE(YEAR(TODAY()),MONTH(TODAY())+5,1))-YEAR(Tools!$Q7))*12+MONTH(DATE(YEAR(TODAY()),MONTH(TODAY())+5,1))-MONTH(Tools!$Q7)))<Tools!$L7)),Tools!$N7,"")) | I8: =IF(OR(Tools!$B7="",Tools!$Q7=""),"",IF(AND(((YEAR(DATE(YEAR(TODAY()),MONTH(TODAY())+6,1))-YEAR(Tools!$Q7))*12+MONTH(DATE(YEAR(TODAY()),MONTH(TODAY())+6,1))-MONTH(Tools!$Q7))>=0,MOD(((YEAR(DATE(YEAR(TODAY()),MONTH(TODAY())+6,1))-YEAR(Tools!$Q7))*12+MONTH(DATE(YEAR(TODAY()),MONTH(TODAY())+6,1))-MONTH(Tools!$Q7)),Tools!$U7)=0,OR(Tools!$L7="",EDATE(Tools!$Q7,((YEAR(DATE(YEAR(TODAY()),MONTH(TODAY())+6,1))-YEAR(Tools!$Q7))*12+MONTH(DATE(YEAR(TODAY()),MONTH(TODAY())+6,1))-MONTH(Tools!$Q7)))<Tools!$L7)),Tools!$N7,"")) | J8: =IF(OR(Tools!$B7="",Tools!$Q7=""),"",IF(AND(((YEAR(DATE(YEAR(TODAY()),MONTH(TODAY())+7,1))-YEAR(Tools!$Q7))*12+MONTH(DATE(YEAR(TODAY()),MONTH(TODAY())+7,1))-MONTH(Tools!$Q7))>=0,MOD(((YEAR(DATE(YEAR(TODAY()),MONTH(TODAY())+7,1))-YEAR(Tools!$Q7))*12+MONTH(DATE(YEAR(TODAY()),MONTH(TODAY())+7,1))-MONTH(Tools!$Q7)),Tools!$U7)=0,OR(Tools!$L7="",EDATE(Tools!$Q7,((YEAR(DATE(YEAR(TODAY()),MONTH(TODAY())+7,1))-YEAR(Tools!$Q7))*12+MONTH(DATE(YEAR(TODAY()),MONTH(TODAY())+7,1))-MONTH(Tools!$Q7)))<Tools!$L7)),Tools!$N7,"")) | K8: =IF(OR(Tools!$B7="",Tools!$Q7=""),"",IF(AND(((YEAR(DATE(YEAR(TODAY()),MONTH(TODAY())+8,1))-YEAR(Tools!$Q7))*12+MONTH(DATE(YEAR(TODAY()),MONTH(TODAY())+8,1))-MONTH(Tools!$Q7))>=0,MOD(((YEAR(DATE(YEAR(TODAY()),MONTH(TODAY())+8,1))-YEAR(Tools!$Q7))*12+MONTH(DATE(YEAR(TODAY()),MONTH(TODAY())+8,1))-MONTH(Tools!$Q7)),Tools!$U7)=0,OR(Tools!$L7="",EDATE(Tools!$Q7,((YEAR(DATE(YEAR(TODAY()),MONTH(TODAY())+8,1))-YEAR(Tools!$Q7))*12+MONTH(DATE(YEAR(TODAY()),MONTH(TODAY())+8,1))-MONTH(Tools!$Q7)))<Tools!$L7)),Tools!$N7,"")) | L8: =IF(OR(Tools!$B7="",Tools!$Q7=""),"",IF(AND(((YEAR(DATE(YEAR(TODAY()),MONTH(TODAY())+9,1))-YEAR(Tools!$Q7))*12+MONTH(DATE(YEAR(TODAY()),MONTH(TODAY())+9,1))-MONTH(Tools!$Q7))>=0,MOD(((YEAR(DATE(YEAR(TODAY()),MONTH(TODAY())+9,1))-YEAR(Tools!$Q7))*12+MONTH(DATE(YEAR(TODAY()),MONTH(TODAY())+9,1))-MONTH(Tools!$Q7)),Tools!$U7)=0,OR(Tools!$L7="",EDATE(Tools!$Q7,((YEAR(DATE(YEAR(TODAY()),MONTH(TODAY())+9,1))-YEAR(Tools!$Q7))*12+MONTH(DATE(YEAR(TODAY()),MONTH(TODAY())+9,1))-MONTH(Tools!$Q7)))<Tools!$L7)),Tools!$N7,"")) | M8: =IF(OR(Tools!$B7="",Tools!$Q7=""),"",IF(AND(((YEAR(DATE(YEAR(TODAY()),MONTH(TODAY())+10,1))-YEAR(Tools!$Q7))*12+MONTH(DATE(YEAR(TODAY()),MONTH(TODAY())+10,1))-MONTH(Tools!$Q7))>=0,MOD(((YEAR(DATE(YEAR(TODAY()),MONTH(TODAY())+10,1))-YEAR(Tools!$Q7))*12+MONTH(DATE(YEAR(TODAY()),MONTH(TODAY())+10,1))-MONTH(Tools!$Q7)),Tools!$U7)=0,OR(Tools!$L7="",EDATE(Tools!$Q7,((YEAR(DATE(YEAR(TODAY()),MONTH(TODAY())+10,1))-YEAR(Tools!$Q7))*12+MONTH(DATE(YEAR(TODAY()),MONTH(TODAY())+10,1))-MONTH(Tools!$Q7)))<Tools!$L7)),Tools!$N7,"")) | N8: =IF(OR(Tools!$B7="",Tools!$Q7=""),"",IF(AND(((YEAR(DATE(YEAR(TODAY()),MONTH(TODAY())+11,1))-YEAR(Tools!$Q7))*12+MONTH(DATE(YEAR(TODAY()),MONTH(TODAY())+11,1))-MONTH(Tools!$Q7))>=0,MOD(((YEAR(DATE(YEAR(TODAY()),MONTH(TODAY())+11,1))-YEAR(Tools!$Q7))*12+MONTH(DATE(YEAR(TODAY()),MONTH(TODAY())+11,1))-MONTH(Tools!$Q7)),Tools!$U7)=0,OR(Tools!$L7="",EDATE(Tools!$Q7,((YEAR(DATE(YEAR(TODAY()),MONTH(TODAY())+11,1))-YEAR(Tools!$Q7))*12+MONTH(DATE(YEAR(TODAY()),MONTH(TODAY())+11,1))-MONTH(Tools!$Q7)))<Tools!$L7)),Tools!$N7,"")) | O8: =IF(B8="","",SUM(C8:N8))
B9: =IF(Tools!B8="","",Tools!B8) | C9: =IF(OR(Tools!$B8="",Tools!$Q8=""),"",IF(AND(((YEAR(DATE(YEAR(TODAY()),MONTH(TODAY())+0,1))-YEAR(Tools!$Q8))*12+MONTH(DATE(YEAR(TODAY()),MONTH(TODAY())+0,1))-MONTH(Tools!$Q8))>=0,MOD(((YEAR(DATE(YEAR(TODAY()),MONTH(TODAY())+0,1))-YEAR(Tools!$Q8))*12+MONTH(DATE(YEAR(TODAY()),MONTH(TODAY())+0,1))-MONTH(Tools!$Q8)),Tools!$U8)=0,OR(Tools!$L8="",EDATE(Tools!$Q8,((YEAR(DATE(YEAR(TODAY()),MONTH(TODAY())+0,1))-YEAR(Tools!$Q8))*12+MONTH(DATE(YEAR(TODAY()),MONTH(TODAY())+0,1))-MONTH(Tools!$Q8)))<Tools!$L8)),Tools!$N8,"")) | D9: =IF(OR(Tools!$B8="",Tools!$Q8=""),"",IF(AND(((YEAR(DATE(YEAR(TODAY()),MONTH(TODAY())+1,1))-YEAR(Tools!$Q8))*12+MONTH(DATE(YEAR(TODAY()),MONTH(TODAY())+1,1))-MONTH(Tools!$Q8))>=0,MOD(((YEAR(DATE(YEAR(TODAY()),MONTH(TODAY())+1,1))-YEAR(Tools!$Q8))*12+MONTH(DATE(YEAR(TODAY()),MONTH(TODAY())+1,1))-MONTH(Tools!$Q8)),Tools!$U8)=0,OR(Tools!$L8="",EDATE(Tools!$Q8,((YEAR(DATE(YEAR(TODAY()),MONTH(TODAY())+1,1))-YEAR(Tools!$Q8))*12+MONTH(DATE(YEAR(TODAY()),MONTH(TODAY())+1,1))-MONTH(Tools!$Q8)))<Tools!$L8)),Tools!$N8,"")) | E9: =IF(OR(Tools!$B8="",Tools!$Q8=""),"",IF(AND(((YEAR(DATE(YEAR(TODAY()),MONTH(TODAY())+2,1))-YEAR(Tools!$Q8))*12+MONTH(DATE(YEAR(TODAY()),MONTH(TODAY())+2,1))-MONTH(Tools!$Q8))>=0,MOD(((YEAR(DATE(YEAR(TODAY()),MONTH(TODAY())+2,1))-YEAR(Tools!$Q8))*12+MONTH(DATE(YEAR(TODAY()),MONTH(TODAY())+2,1))-MONTH(Tools!$Q8)),Tools!$U8)=0,OR(Tools!$L8="",EDATE(Tools!$Q8,((YEAR(DATE(YEAR(TODAY()),MONTH(TODAY())+2,1))-YEAR(Tools!$Q8))*12+MONTH(DATE(YEAR(TODAY()),MONTH(TODAY())+2,1))-MONTH(Tools!$Q8)))<Tools!$L8)),Tools!$N8,"")) | F9: =IF(OR(Tools!$B8="",Tools!$Q8=""),"",IF(AND(((YEAR(DATE(YEAR(TODAY()),MONTH(TODAY())+3,1))-YEAR(Tools!$Q8))*12+MONTH(DATE(YEAR(TODAY()),MONTH(TODAY())+3,1))-MONTH(Tools!$Q8))>=0,MOD(((YEAR(DATE(YEAR(TODAY()),MONTH(TODAY())+3,1))-YEAR(Tools!$Q8))*12+MONTH(DATE(YEAR(TODAY()),MONTH(TODAY())+3,1))-MONTH(Tools!$Q8)),Tools!$U8)=0,OR(Tools!$L8="",EDATE(Tools!$Q8,((YEAR(DATE(YEAR(TODAY()),MONTH(TODAY())+3,1))-YEAR(Tools!$Q8))*12+MONTH(DATE(YEAR(TODAY()),MONTH(TODAY())+3,1))-MONTH(Tools!$Q8)))<Tools!$L8)),Tools!$N8,"")) | G9: =IF(OR(Tools!$B8="",Tools!$Q8=""),"",IF(AND(((YEAR(DATE(YEAR(TODAY()),MONTH(TODAY())+4,1))-YEAR(Tools!$Q8))*12+MONTH(DATE(YEAR(TODAY()),MONTH(TODAY())+4,1))-MONTH(Tools!$Q8))>=0,MOD(((YEAR(DATE(YEAR(TODAY()),MONTH(TODAY())+4,1))-YEAR(Tools!$Q8))*12+MONTH(DATE(YEAR(TODAY()),MONTH(TODAY())+4,1))-MONTH(Tools!$Q8)),Tools!$U8)=0,OR(Tools!$L8="",EDATE(Tools!$Q8,((YEAR(DATE(YEAR(TODAY()),MONTH(TODAY())+4,1))-YEAR(Tools!$Q8))*12+MONTH(DATE(YEAR(TODAY()),MONTH(TODAY())+4,1))-MONTH(Tools!$Q8)))<Tools!$L8)),Tools!$N8,"")) | H9: =IF(OR(Tools!$B8="",Tools!$Q8=""),"",IF(AND(((YEAR(DATE(YEAR(TODAY()),MONTH(TODAY())+5,1))-YEAR(Tools!$Q8))*12+MONTH(DATE(YEAR(TODAY()),MONTH(TODAY())+5,1))-MONTH(Tools!$Q8))>=0,MOD(((YEAR(DATE(YEAR(TODAY()),MONTH(TODAY())+5,1))-YEAR(Tools!$Q8))*12+MONTH(DATE(YEAR(TODAY()),MONTH(TODAY())+5,1))-MONTH(Tools!$Q8)),Tools!$U8)=0,OR(Tools!$L8="",EDATE(Tools!$Q8,((YEAR(DATE(YEAR(TODAY()),MONTH(TODAY())+5,1))-YEAR(Tools!$Q8))*12+MONTH(DATE(YEAR(TODAY()),MONTH(TODAY())+5,1))-MONTH(Tools!$Q8)))<Tools!$L8)),Tools!$N8,"")) | I9: =IF(OR(Tools!$B8="",Tools!$Q8=""),"",IF(AND(((YEAR(DATE(YEAR(TODAY()),MONTH(TODAY())+6,1))-YEAR(Tools!$Q8))*12+MONTH(DATE(YEAR(TODAY()),MONTH(TODAY())+6,1))-MONTH(Tools!$Q8))>=0,MOD(((YEAR(DATE(YEAR(TODAY()),MONTH(TODAY())+6,1))-YEAR(Tools!$Q8))*12+MONTH(DATE(YEAR(TODAY()),MONTH(TODAY())+6,1))-MONTH(Tools!$Q8)),Tools!$U8)=0,OR(Tools!$L8="",EDATE(Tools!$Q8,((YEAR(DATE(YEAR(TODAY()),MONTH(TODAY())+6,1))-YEAR(Tools!$Q8))*12+MONTH(DATE(YEAR(TODAY()),MONTH(TODAY())+6,1))-MONTH(Tools!$Q8)))<Tools!$L8)),Tools!$N8,"")) | J9: =IF(OR(Tools!$B8="",Tools!$Q8=""),"",IF(AND(((YEAR(DATE(YEAR(TODAY()),MONTH(TODAY())+7,1))-YEAR(Tools!$Q8))*12+MONTH(DATE(YEAR(TODAY()),MONTH(TODAY())+7,1))-MONTH(Tools!$Q8))>=0,MOD(((YEAR(DATE(YEAR(TODAY()),MONTH(TODAY())+7,1))-YEAR(Tools!$Q8))*12+MONTH(DATE(YEAR(TODAY()),MONTH(TODAY())+7,1))-MONTH(Tools!$Q8)),Tools!$U8)=0,OR(Tools!$L8="",EDATE(Tools!$Q8,((YEAR(DATE(YEAR(TODAY()),MONTH(TODAY())+7,1))-YEAR(Tools!$Q8))*12+MONTH(DATE(YEAR(TODAY()),MONTH(TODAY())+7,1))-MONTH(Tools!$Q8)))<Tools!$L8)),Tools!$N8,"")) | K9: =IF(OR(Tools!$B8="",Tools!$Q8=""),"",IF(AND(((YEAR(DATE(YEAR(TODAY()),MONTH(TODAY())+8,1))-YEAR(Tools!$Q8))*12+MONTH(DATE(YEAR(TODAY()),MONTH(TODAY())+8,1))-MONTH(Tools!$Q8))>=0,MOD(((YEAR(DATE(YEAR(TODAY()),MONTH(TODAY())+8,1))-YEAR(Tools!$Q8))*12+MONTH(DATE(YEAR(TODAY()),MONTH(TODAY())+8,1))-MONTH(Tools!$Q8)),Tools!$U8)=0,OR(Tools!$L8="",EDATE(Tools!$Q8,((YEAR(DATE(YEAR(TODAY()),MONTH(TODAY())+8,1))-YEAR(Tools!$Q8))*12+MONTH(DATE(YEAR(TODAY()),MONTH(TODAY())+8,1))-MONTH(Tools!$Q8)))<Tools!$L8)),Tools!$N8,"")) | L9: =IF(OR(Tools!$B8="",Tools!$Q8=""),"",IF(AND(((YEAR(DATE(YEAR(TODAY()),MONTH(TODAY())+9,1))-YEAR(Tools!$Q8))*12+MONTH(DATE(YEAR(TODAY()),MONTH(TODAY())+9,1))-MONTH(Tools!$Q8))>=0,MOD(((YEAR(DATE(YEAR(TODAY()),MONTH(TODAY())+9,1))-YEAR(Tools!$Q8))*12+MONTH(DATE(YEAR(TODAY()),MONTH(TODAY())+9,1))-MONTH(Tools!$Q8)),Tools!$U8)=0,OR(Tools!$L8="",EDATE(Tools!$Q8,((YEAR(DATE(YEAR(TODAY()),MONTH(TODAY())+9,1))-YEAR(Tools!$Q8))*12+MONTH(DATE(YEAR(TODAY()),MONTH(TODAY())+9,1))-MONTH(Tools!$Q8)))<Tools!$L8)),Tools!$N8,"")) | M9: =IF(OR(Tools!$B8="",Tools!$Q8=""),"",IF(AND(((YEAR(DATE(YEAR(TODAY()),MONTH(TODAY())+10,1))-YEAR(Tools!$Q8))*12+MONTH(DATE(YEAR(TODAY()),MONTH(TODAY())+10,1))-MONTH(Tools!$Q8))>=0,MOD(((YEAR(DATE(YEAR(TODAY()),MONTH(TODAY())+10,1))-YEAR(Tools!$Q8))*12+MONTH(DATE(YEAR(TODAY()),MONTH(TODAY())+10,1))-MONTH(Tools!$Q8)),Tools!$U8)=0,OR(Tools!$L8="",EDATE(Tools!$Q8,((YEAR(DATE(YEAR(TODAY()),MONTH(TODAY())+10,1))-YEAR(Tools!$Q8))*12+MONTH(DATE(YEAR(TODAY()),MONTH(TODAY())+10,1))-MONTH(Tools!$Q8)))<Tools!$L8)),Tools!$N8,"")) | N9: =IF(OR(Tools!$B8="",Tools!$Q8=""),"",IF(AND(((YEAR(DATE(YEAR(TODAY()),MONTH(TODAY())+11,1))-YEAR(Tools!$Q8))*12+MONTH(DATE(YEAR(TODAY()),MONTH(TODAY())+11,1))-MONTH(Tools!$Q8))>=0,MOD(((YEAR(DATE(YEAR(TODAY()),MONTH(TODAY())+11,1))-YEAR(Tools!$Q8))*12+MONTH(DATE(YEAR(TODAY()),MONTH(TODAY())+11,1))-MONTH(Tools!$Q8)),Tools!$U8)=0,OR(Tools!$L8="",EDATE(Tools!$Q8,((YEAR(DATE(YEAR(TODAY()),MONTH(TODAY())+11,1))-YEAR(Tools!$Q8))*12+MONTH(DATE(YEAR(TODAY()),MONTH(TODAY())+11,1))-MONTH(Tools!$Q8)))<Tools!$L8)),Tools!$N8,"")) | O9: =IF(B9="","",SUM(C9:N9))
B10: =IF(Tools!B9="","",Tools!B9) | C10: =IF(OR(Tools!$B9="",Tools!$Q9=""),"",IF(AND(((YEAR(DATE(YEAR(TODAY()),MONTH(TODAY())+0,1))-YEAR(Tools!$Q9))*12+MONTH(DATE(YEAR(TODAY()),MONTH(TODAY())+0,1))-MONTH(Tools!$Q9))>=0,MOD(((YEAR(DATE(YEAR(TODAY()),MONTH(TODAY())+0,1))-YEAR(Tools!$Q9))*12+MONTH(DATE(YEAR(TODAY()),MONTH(TODAY())+0,1))-MONTH(Tools!$Q9)),Tools!$U9)=0,OR(Tools!$L9="",EDATE(Tools!$Q9,((YEAR(DATE(YEAR(TODAY()),MONTH(TODAY())+0,1))-YEAR(Tools!$Q9))*12+MONTH(DATE(YEAR(TODAY()),MONTH(TODAY())+0,1))-MONTH(Tools!$Q9)))<Tools!$L9)),Tools!$N9,"")) | D10: =IF(OR(Tools!$B9="",Tools!$Q9=""),"",IF(AND(((YEAR(DATE(YEAR(TODAY()),MONTH(TODAY())+1,1))-YEAR(Tools!$Q9))*12+MONTH(DATE(YEAR(TODAY()),MONTH(TODAY())+1,1))-MONTH(Tools!$Q9))>=0,MOD(((YEAR(DATE(YEAR(TODAY()),MONTH(TODAY())+1,1))-YEAR(Tools!$Q9))*12+MONTH(DATE(YEAR(TODAY()),MONTH(TODAY())+1,1))-MONTH(Tools!$Q9)),Tools!$U9)=0,OR(Tools!$L9="",EDATE(Tools!$Q9,((YEAR(DATE(YEAR(TODAY()),MONTH(TODAY())+1,1))-YEAR(Tools!$Q9))*12+MONTH(DATE(YEAR(TODAY()),MONTH(TODAY())+1,1))-MONTH(Tools!$Q9)))<Tools!$L9)),Tools!$N9,"")) | E10: =IF(OR(Tools!$B9="",Tools!$Q9=""),"",IF(AND(((YEAR(DATE(YEAR(TODAY()),MONTH(TODAY())+2,1))-YEAR(Tools!$Q9))*12+MONTH(DATE(YEAR(TODAY()),MONTH(TODAY())+2,1))-MONTH(Tools!$Q9))>=0,MOD(((YEAR(DATE(YEAR(TODAY()),MONTH(TODAY())+2,1))-YEAR(Tools!$Q9))*12+MONTH(DATE(YEAR(TODAY()),MONTH(TODAY())+2,1))-MONTH(Tools!$Q9)),Tools!$U9)=0,OR(Tools!$L9="",EDATE(Tools!$Q9,((YEAR(DATE(YEAR(TODAY()),MONTH(TODAY())+2,1))-YEAR(Tools!$Q9))*12+MONTH(DATE(YEAR(TODAY()),MONTH(TODAY())+2,1))-MONTH(Tools!$Q9)))<Tools!$L9)),Tools!$N9,"")) | F10: =IF(OR(Tools!$B9="",Tools!$Q9=""),"",IF(AND(((YEAR(DATE(YEAR(TODAY()),MONTH(TODAY())+3,1))-YEAR(Tools!$Q9))*12+MONTH(DATE(YEAR(TODAY()),MONTH(TODAY())+3,1))-MONTH(Tools!$Q9))>=0,MOD(((YEAR(DATE(YEAR(TODAY()),MONTH(TODAY())+3,1))-YEAR(Tools!$Q9))*12+MONTH(DATE(YEAR(TODAY()),MONTH(TODAY())+3,1))-MONTH(Tools!$Q9)),Tools!$U9)=0,OR(Tools!$L9="",EDATE(Tools!$Q9,((YEAR(DATE(YEAR(TODAY()),MONTH(TODAY())+3,1))-YEAR(Tools!$Q9))*12+MONTH(DATE(YEAR(TODAY()),MONTH(TODAY())+3,1))-MONTH(Tools!$Q9)))<Tools!$L9)),Tools!$N9,"")) | G10: =IF(OR(Tools!$B9="",Tools!$Q9=""),"",IF(AND(((YEAR(DATE(YEAR(TODAY()),MONTH(TODAY())+4,1))-YEAR(Tools!$Q9))*12+MONTH(DATE(YEAR(TODAY()),MONTH(TODAY())+4,1))-MONTH(Tools!$Q9))>=0,MOD(((YEAR(DATE(YEAR(TODAY()),MONTH(TODAY())+4,1))-YEAR(Tools!$Q9))*12+MONTH(DATE(YEAR(TODAY()),MONTH(TODAY())+4,1))-MONTH(Tools!$Q9)),Tools!$U9)=0,OR(Tools!$L9="",EDATE(Tools!$Q9,((YEAR(DATE(YEAR(TODAY()),MONTH(TODAY())+4,1))-YEAR(Tools!$Q9))*12+MONTH(DATE(YEAR(TODAY()),MONTH(TODAY())+4,1))-MONTH(Tools!$Q9)))<Tools!$L9)),Tools!$N9,"")) | H10: =IF(OR(Tools!$B9="",Tools!$Q9=""),"",IF(AND(((YEAR(DATE(YEAR(TODAY()),MONTH(TODAY())+5,1))-YEAR(Tools!$Q9))*12+MONTH(DATE(YEAR(TODAY()),MONTH(TODAY())+5,1))-MONTH(Tools!$Q9))>=0,MOD(((YEAR(DATE(YEAR(TODAY()),MONTH(TODAY())+5,1))-YEAR(Tools!$Q9))*12+MONTH(DATE(YEAR(TODAY()),MONTH(TODAY())+5,1))-MONTH(Tools!$Q9)),Tools!$U9)=0,OR(Tools!$L9="",EDATE(Tools!$Q9,((YEAR(DATE(YEAR(TODAY()),MONTH(TODAY())+5,1))-YEAR(Tools!$Q9))*12+MONTH(DATE(YEAR(TODAY()),MONTH(TODAY())+5,1))-MONTH(Tools!$Q9)))<Tools!$L9)),Tools!$N9,"")) | I10: =IF(OR(Tools!$B9="",Tools!$Q9=""),"",IF(AND(((YEAR(DATE(YEAR(TODAY()),MONTH(TODAY())+6,1))-YEAR(Tools!$Q9))*12+MONTH(DATE(YEAR(TODAY()),MONTH(TODAY())+6,1))-MONTH(Tools!$Q9))>=0,MOD(((YEAR(DATE(YEAR(TODAY()),MONTH(TODAY())+6,1))-YEAR(Tools!$Q9))*12+MONTH(DATE(YEAR(TODAY()),MONTH(TODAY())+6,1))-MONTH(Tools!$Q9)),Tools!$U9)=0,OR(Tools!$L9="",EDATE(Tools!$Q9,((YEAR(DATE(YEAR(TODAY()),MONTH(TODAY())+6,1))-YEAR(Tools!$Q9))*12+MONTH(DATE(YEAR(TODAY()),MONTH(TODAY())+6,1))-MONTH(Tools!$Q9)))<Tools!$L9)),Tools!$N9,"")) | J10: =IF(OR(Tools!$B9="",Tools!$Q9=""),"",IF(AND(((YEAR(DATE(YEAR(TODAY()),MONTH(TODAY())+7,1))-YEAR(Tools!$Q9))*12+MONTH(DATE(YEAR(TODAY()),MONTH(TODAY())+7,1))-MONTH(Tools!$Q9))>=0,MOD(((YEAR(DATE(YEAR(TODAY()),MONTH(TODAY())+7,1))-YEAR(Tools!$Q9))*12+MONTH(DATE(YEAR(TODAY()),MONTH(TODAY())+7,1))-MONTH(Tools!$Q9)),Tools!$U9)=0,OR(Tools!$L9="",EDATE(Tools!$Q9,((YEAR(DATE(YEAR(TODAY()),MONTH(TODAY())+7,1))-YEAR(Tools!$Q9))*12+MONTH(DATE(YEAR(TODAY()),MONTH(TODAY())+7,1))-MONTH(Tools!$Q9)))<Tools!$L9)),Tools!$N9,"")) | K10: =IF(OR(Tools!$B9="",Tools!$Q9=""),"",IF(AND(((YEAR(DATE(YEAR(TODAY()),MONTH(TODAY())+8,1))-YEAR(Tools!$Q9))*12+MONTH(DATE(YEAR(TODAY()),MONTH(TODAY())+8,1))-MONTH(Tools!$Q9))>=0,MOD(((YEAR(DATE(YEAR(TODAY()),MONTH(TODAY())+8,1))-YEAR(Tools!$Q9))*12+MONTH(DATE(YEAR(TODAY()),MONTH(TODAY())+8,1))-MONTH(Tools!$Q9)),Tools!$U9)=0,OR(Tools!$L9="",EDATE(Tools!$Q9,((YEAR(DATE(YEAR(TODAY()),MONTH(TODAY())+8,1))-YEAR(Tools!$Q9))*12+MONTH(DATE(YEAR(TODAY()),MONTH(TODAY())+8,1))-MONTH(Tools!$Q9)))<Tools!$L9)),Tools!$N9,"")) | L10: =IF(OR(Tools!$B9="",Tools!$Q9=""),"",IF(AND(((YEAR(DATE(YEAR(TODAY()),MONTH(TODAY())+9,1))-YEAR(Tools!$Q9))*12+MONTH(DATE(YEAR(TODAY()),MONTH(TODAY())+9,1))-MONTH(Tools!$Q9))>=0,MOD(((YEAR(DATE(YEAR(TODAY()),MONTH(TODAY())+9,1))-YEAR(Tools!$Q9))*12+MONTH(DATE(YEAR(TODAY()),MONTH(TODAY())+9,1))-MONTH(Tools!$Q9)),Tools!$U9)=0,OR(Tools!$L9="",EDATE(Tools!$Q9,((YEAR(DATE(YEAR(TODAY()),MONTH(TODAY())+9,1))-YEAR(Tools!$Q9))*12+MONTH(DATE(YEAR(TODAY()),MONTH(TODAY())+9,1))-MONTH(Tools!$Q9)))<Tools!$L9)),Tools!$N9,"")) | M10: =IF(OR(Tools!$B9="",Tools!$Q9=""),"",IF(AND(((YEAR(DATE(YEAR(TODAY()),MONTH(TODAY())+10,1))-YEAR(Tools!$Q9))*12+MONTH(DATE(YEAR(TODAY()),MONTH(TODAY())+10,1))-MONTH(Tools!$Q9))>=0,MOD(((YEAR(DATE(YEAR(TODAY()),MONTH(TODAY())+10,1))-YEAR(Tools!$Q9))*12+MONTH(DATE(YEAR(TODAY()),MONTH(TODAY())+10,1))-MONTH(Tools!$Q9)),Tools!$U9)=0,OR(Tools!$L9="",EDATE(Tools!$Q9,((YEAR(DATE(YEAR(TODAY()),MONTH(TODAY())+10,1))-YEAR(Tools!$Q9))*12+MONTH(DATE(YEAR(TODAY()),MONTH(TODAY())+10,1))-MONTH(Tools!$Q9)))<Tools!$L9)),Tools!$N9,"")) | N10: =IF(OR(Tools!$B9="",Tools!$Q9=""),"",IF(AND(((YEAR(DATE(YEAR(TODAY()),MONTH(TODAY())+11,1))-YEAR(Tools!$Q9))*12+MONTH(DATE(YEAR(TODAY()),MONTH(TODAY())+11,1))-MONTH(Tools!$Q9))>=0,MOD(((YEAR(DATE(YEAR(TODAY()),MONTH(TODAY())+11,1))-YEAR(Tools!$Q9))*12+MONTH(DATE(YEAR(TODAY()),MONTH(TODAY())+11,1))-MONTH(Tools!$Q9)),Tools!$U9)=0,OR(Tools!$L9="",EDATE(Tools!$Q9,((YEAR(DATE(YEAR(TODAY()),MONTH(TODAY())+11,1))-YEAR(Tools!$Q9))*12+MONTH(DATE(YEAR(TODAY()),MONTH(TODAY())+11,1))-MONTH(Tools!$Q9)))<Tools!$L9)),Tools!$N9,"")) | O10: =IF(B10="","",SUM(C10:N10))
B11: =IF(Tools!B10="","",Tools!B10) | C11: =IF(OR(Tools!$B10="",Tools!$Q10=""),"",IF(AND(((YEAR(DATE(YEAR(TODAY()),MONTH(TODAY())+0,1))-YEAR(Tools!$Q10))*12+MONTH(DATE(YEAR(TODAY()),MONTH(TODAY())+0,1))-MONTH(Tools!$Q10))>=0,MOD(((YEAR(DATE(YEAR(TODAY()),MONTH(TODAY())+0,1))-YEAR(Tools!$Q10))*12+MONTH(DATE(YEAR(TODAY()),MONTH(TODAY())+0,1))-MONTH(Tools!$Q10)),Tools!$U10)=0,OR(Tools!$L10="",EDATE(Tools!$Q10,((YEAR(DATE(YEAR(TODAY()),MONTH(TODAY())+0,1))-YEAR(Tools!$Q10))*12+MONTH(DATE(YEAR(TODAY()),MONTH(TODAY())+0,1))-MONTH(Tools!$Q10)))<Tools!$L10)),Tools!$N10,"")) | D11: =IF(OR(Tools!$B10="",Tools!$Q10=""),"",IF(AND(((YEAR(DATE(YEAR(TODAY()),MONTH(TODAY())+1,1))-YEAR(Tools!$Q10))*12+MONTH(DATE(YEAR(TODAY()),MONTH(TODAY())+1,1))-MONTH(Tools!$Q10))>=0,MOD(((YEAR(DATE(YEAR(TODAY()),MONTH(TODAY())+1,1))-YEAR(Tools!$Q10))*12+MONTH(DATE(YEAR(TODAY()),MONTH(TODAY())+1,1))-MONTH(Tools!$Q10)),Tools!$U10)=0,OR(Tools!$L10="",EDATE(Tools!$Q10,((YEAR(DATE(YEAR(TODAY()),MONTH(TODAY())+1,1))-YEAR(Tools!$Q10))*12+MONTH(DATE(YEAR(TODAY()),MONTH(TODAY())+1,1))-MONTH(Tools!$Q10)))<Tools!$L10)),Tools!$N10,"")) | E11: =IF(OR(Tools!$B10="",Tools!$Q10=""),"",IF(AND(((YEAR(DATE(YEAR(TODAY()),MONTH(TODAY())+2,1))-YEAR(Tools!$Q10))*12+MONTH(DATE(YEAR(TODAY()),MONTH(TODAY())+2,1))-MONTH(Tools!$Q10))>=0,MOD(((YEAR(DATE(YEAR(TODAY()),MONTH(TODAY())+2,1))-YEAR(Tools!$Q10))*12+MONTH(DATE(YEAR(TODAY()),MONTH(TODAY())+2,1))-MONTH(Tools!$Q10)),Tools!$U10)=0,OR(Tools!$L10="",EDATE(Tools!$Q10,((YEAR(DATE(YEAR(TODAY()),MONTH(TODAY())+2,1))-YEAR(Tools!$Q10))*12+MONTH(DATE(YEAR(TODAY()),MONTH(TODAY())+2,1))-MONTH(Tools!$Q10)))<Tools!$L10)),Tools!$N10,"")) | F11: =IF(OR(Tools!$B10="",Tools!$Q10=""),"",IF(AND(((YEAR(DATE(YEAR(TODAY()),MONTH(TODAY())+3,1))-YEAR(Tools!$Q10))*12+MONTH(DATE(YEAR(TODAY()),MONTH(TODAY())+3,1))-MONTH(Tools!$Q10))>=0,MOD(((YEAR(DATE(YEAR(TODAY()),MONTH(TODAY())+3,1))-YEAR(Tools!$Q10))*12+MONTH(DATE(YEAR(TODAY()),MONTH(TODAY())+3,1))-MONTH(Tools!$Q10)),Tools!$U10)=0,OR(Tools!$L10="",EDATE(Tools!$Q10,((YEAR(DATE(YEAR(TODAY()),MONTH(TODAY())+3,1))-YEAR(Tools!$Q10))*12+MONTH(DATE(YEAR(TODAY()),MONTH(TODAY())+3,1))-MONTH(Tools!$Q10)))<Tools!$L10)),Tools!$N10,"")) | G11: =IF(OR(Tools!$B10="",Tools!$Q10=""),"",IF(AND(((YEAR(DATE(YEAR(TODAY()),MONTH(TODAY())+4,1))-YEAR(Tools!$Q10))*12+MONTH(DATE(YEAR(TODAY()),MONTH(TODAY())+4,1))-MONTH(Tools!$Q10))>=0,MOD(((YEAR(DATE(YEAR(TODAY()),MONTH(TODAY())+4,1))-YEAR(Tools!$Q10))*12+MONTH(DATE(YEAR(TODAY()),MONTH(TODAY())+4,1))-MONTH(Tools!$Q10)),Tools!$U10)=0,OR(Tools!$L10="",EDATE(Tools!$Q10,((YEAR(DATE(YEAR(TODAY()),MONTH(TODAY())+4,1))-YEAR(Tools!$Q10))*12+MONTH(DATE(YEAR(TODAY()),MONTH(TODAY())+4,1))-MONTH(Tools!$Q10)))<Tools!$L10)),Tools!$N10,"")) | H11: =IF(OR(Tools!$B10="",Tools!$Q10=""),"",IF(AND(((YEAR(DATE(YEAR(TODAY()),MONTH(TODAY())+5,1))-YEAR(Tools!$Q10))*12+MONTH(DATE(YEAR(TODAY()),MONTH(TODAY())+5,1))-MONTH(Tools!$Q10))>=0,MOD(((YEAR(DATE(YEAR(TODAY()),MONTH(TODAY())+5,1))-YEAR(Tools!$Q10))*12+MONTH(DATE(YEAR(TODAY()),MONTH(TODAY())+5,1))-MONTH(Tools!$Q10)),Tools!$U10)=0,OR(Tools!$L10="",EDATE(Tools!$Q10,((YEAR(DATE(YEAR(TODAY()),MONTH(TODAY())+5,1))-YEAR(Tools!$Q10))*12+MONTH(DATE(YEAR(TODAY()),MONTH(TODAY())+5,1))-MONTH(Tools!$Q10)))<Tools!$L10)),Tools!$N10,"")) | I11: =IF(OR(Tools!$B10="",Tools!$Q10=""),"",IF(AND(((YEAR(DATE(YEAR(TODAY()),MONTH(TODAY())+6,1))-YEAR(Tools!$Q10))*12+MONTH(DATE(YEAR(TODAY()),MONTH(TODAY())+6,1))-MONTH(Tools!$Q10))>=0,MOD(((YEAR(DATE(YEAR(TODAY()),MONTH(TODAY())+6,1))-YEAR(Tools!$Q10))*12+MONTH(DATE(YEAR(TODAY()),MONTH(TODAY())+6,1))-MONTH(Tools!$Q10)),Tools!$U10)=0,OR(Tools!$L10="",EDATE(Tools!$Q10,((YEAR(DATE(YEAR(TODAY()),MONTH(TODAY())+6,1))-YEAR(Tools!$Q10))*12+MONTH(DATE(YEAR(TODAY()),MONTH(TODAY())+6,1))-MONTH(Tools!$Q10)))<Tools!$L10)),Tools!$N10,"")) | J11: =IF(OR(Tools!$B10="",Tools!$Q10=""),"",IF(AND(((YEAR(DATE(YEAR(TODAY()),MONTH(TODAY())+7,1))-YEAR(Tools!$Q10))*12+MONTH(DATE(YEAR(TODAY()),MONTH(TODAY())+7,1))-MONTH(Tools!$Q10))>=0,MOD(((YEAR(DATE(YEAR(TODAY()),MONTH(TODAY())+7,1))-YEAR(Tools!$Q10))*12+MONTH(DATE(YEAR(TODAY()),MONTH(TODAY())+7,1))-MONTH(Tools!$Q10)),Tools!$U10)=0,OR(Tools!$L10="",EDATE(Tools!$Q10,((YEAR(DATE(YEAR(TODAY()),MONTH(TODAY())+7,1))-YEAR(Tools!$Q10))*12+MONTH(DATE(YEAR(TODAY()),MONTH(TODAY())+7,1))-MONTH(Tools!$Q10)))<Tools!$L10)),Tools!$N10,"")) | K11: =IF(OR(Tools!$B10="",Tools!$Q10=""),"",IF(AND(((YEAR(DATE(YEAR(TODAY()),MONTH(TODAY())+8,1))-YEAR(Tools!$Q10))*12+MONTH(DATE(YEAR(TODAY()),MONTH(TODAY())+8,1))-MONTH(Tools!$Q10))>=0,MOD(((YEAR(DATE(YEAR(TODAY()),MONTH(TODAY())+8,1))-YEAR(Tools!$Q10))*12+MONTH(DATE(YEAR(TODAY()),MONTH(TODAY())+8,1))-MONTH(Tools!$Q10)),Tools!$U10)=0,OR(Tools!$L10="",EDATE(Tools!$Q10,((YEAR(DATE(YEAR(TODAY()),MONTH(TODAY())+8,1))-YEAR(Tools!$Q10))*12+MONTH(DATE(YEAR(TODAY()),MONTH(TODAY())+8,1))-MONTH(Tools!$Q10)))<Tools!$L10)),Tools!$N10,"")) | L11: =IF(OR(Tools!$B10="",Tools!$Q10=""),"",IF(AND(((YEAR(DATE(YEAR(TODAY()),MONTH(TODAY())+9,1))-YEAR(Tools!$Q10))*12+MONTH(DATE(YEAR(TODAY()),MONTH(TODAY())+9,1))-MONTH(Tools!$Q10))>=0,MOD(((YEAR(DATE(YEAR(TODAY()),MONTH(TODAY())+9,1))-YEAR(Tools!$Q10))*12+MONTH(DATE(YEAR(TODAY()),MONTH(TODAY())+9,1))-MONTH(Tools!$Q10)),Tools!$U10)=0,OR(Tools!$L10="",EDATE(Tools!$Q10,((YEAR(DATE(YEAR(TODAY()),MONTH(TODAY())+9,1))-YEAR(Tools!$Q10))*12+MONTH(DATE(YEAR(TODAY()),MONTH(TODAY())+9,1))-MONTH(Tools!$Q10)))<Tools!$L10)),Tools!$N10,"")) | M11: =IF(OR(Tools!$B10="",Tools!$Q10=""),"",IF(AND(((YEAR(DATE(YEAR(TODAY()),MONTH(TODAY())+10,1))-YEAR(Tools!$Q10))*12+MONTH(DATE(YEAR(TODAY()),MONTH(TODAY())+10,1))-MONTH(Tools!$Q10))>=0,MOD(((YEAR(DATE(YEAR(TODAY()),MONTH(TODAY())+10,1))-YEAR(Tools!$Q10))*12+MONTH(DATE(YEAR(TODAY()),MONTH(TODAY())+10,1))-MONTH(Tools!$Q10)),Tools!$U10)=0,OR(Tools!$L10="",EDATE(Tools!$Q10,((YEAR(DATE(YEAR(TODAY()),MONTH(TODAY())+10,1))-YEAR(Tools!$Q10))*12+MONTH(DATE(YEAR(TODAY()),MONTH(TODAY())+10,1))-MONTH(Tools!$Q10)))<Tools!$L10)),Tools!$N10,"")) | N11: =IF(OR(Tools!$B10="",Tools!$Q10=""),"",IF(AND(((YEAR(DATE(YEAR(TODAY()),MONTH(TODAY())+11,1))-YEAR(Tools!$Q10))*12+MONTH(DATE(YEAR(TODAY()),MONTH(TODAY())+11,1))-MONTH(Tools!$Q10))>=0,MOD(((YEAR(DATE(YEAR(TODAY()),MONTH(TODAY())+11,1))-YEAR(Tools!$Q10))*12+MONTH(DATE(YEAR(TODAY()),MONTH(TODAY())+11,1))-MONTH(Tools!$Q10)),Tools!$U10)=0,OR(Tools!$L10="",EDATE(Tools!$Q10,((YEAR(DATE(YEAR(TODAY()),MONTH(TODAY())+11,1))-YEAR(Tools!$Q10))*12+MONTH(DATE(YEAR(TODAY()),MONTH(TODAY())+11,1))-MONTH(Tools!$Q10)))<Tools!$L10)),Tools!$N10,"")) | O11: =IF(B11="","",SUM(C11:N11))
B12: =IF(Tools!B11="","",Tools!B11) | C12: =IF(OR(Tools!$B11="",Tools!$Q11=""),"",IF(AND(((YEAR(DATE(YEAR(TODAY()),MONTH(TODAY())+0,1))-YEAR(Tools!$Q11))*12+MONTH(DATE(YEAR(TODAY()),MONTH(TODAY())+0,1))-MONTH(Tools!$Q11))>=0,MOD(((YEAR(DATE(YEAR(TODAY()),MONTH(TODAY())+0,1))-YEAR(Tools!$Q11))*12+MONTH(DATE(YEAR(TODAY()),MONTH(TODAY())+0,1))-MONTH(Tools!$Q11)),Tools!$U11)=0,OR(Tools!$L11="",EDATE(Tools!$Q11,((YEAR(DATE(YEAR(TODAY()),MONTH(TODAY())+0,1))-YEAR(Tools!$Q11))*12+MONTH(DATE(YEAR(TODAY()),MONTH(TODAY())+0,1))-MONTH(Tools!$Q11)))<Tools!$L11)),Tools!$N11,"")) | D12: =IF(OR(Tools!$B11="",Tools!$Q11=""),"",IF(AND(((YEAR(DATE(YEAR(TODAY()),MONTH(TODAY())+1,1))-YEAR(Tools!$Q11))*12+MONTH(DATE(YEAR(TODAY()),MONTH(TODAY())+1,1))-MONTH(Tools!$Q11))>=0,MOD(((YEAR(DATE(YEAR(TODAY()),MONTH(TODAY())+1,1))-YEAR(Tools!$Q11))*12+MONTH(DATE(YEAR(TODAY()),MONTH(TODAY())+1,1))-MONTH(Tools!$Q11)),Tools!$U11)=0,OR(Tools!$L11="",EDATE(Tools!$Q11,((YEAR(DATE(YEAR(TODAY()),MONTH(TODAY())+1,1))-YEAR(Tools!$Q11))*12+MONTH(DATE(YEAR(TODAY()),MONTH(TODAY())+1,1))-MONTH(Tools!$Q11)))<Tools!$L11)),Tools!$N11,"")) | E12: =IF(OR(Tools!$B11="",Tools!$Q11=""),"",IF(AND(((YEAR(DATE(YEAR(TODAY()),MONTH(TODAY())+2,1))-YEAR(Tools!$Q11))*12+MONTH(DATE(YEAR(TODAY()),MONTH(TODAY())+2,1))-MONTH(Tools!$Q11))>=0,MOD(((YEAR(DATE(YEAR(TODAY()),MONTH(TODAY())+2,1))-YEAR(Tools!$Q11))*12+MONTH(DATE(YEAR(TODAY()),MONTH(TODAY())+2,1))-MONTH(Tools!$Q11)),Tools!$U11)=0,OR(Tools!$L11="",EDATE(Tools!$Q11,((YEAR(DATE(YEAR(TODAY()),MONTH(TODAY())+2,1))-YEAR(Tools!$Q11))*12+MONTH(DATE(YEAR(TODAY()),MONTH(TODAY())+2,1))-MONTH(Tools!$Q11)))<Tools!$L11)),Tools!$N11,"")) | F12: =IF(OR(Tools!$B11="",Tools!$Q11=""),"",IF(AND(((YEAR(DATE(YEAR(TODAY()),MONTH(TODAY())+3,1))-YEAR(Tools!$Q11))*12+MONTH(DATE(YEAR(TODAY()),MONTH(TODAY())+3,1))-MONTH(Tools!$Q11))>=0,MOD(((YEAR(DATE(YEAR(TODAY()),MONTH(TODAY())+3,1))-YEAR(Tools!$Q11))*12+MONTH(DATE(YEAR(TODAY()),MONTH(TODAY())+3,1))-MONTH(Tools!$Q11)),Tools!$U11)=0,OR(Tools!$L11="",EDATE(Tools!$Q11,((YEAR(DATE(YEAR(TODAY()),MONTH(TODAY())+3,1))-YEAR(Tools!$Q11))*12+MONTH(DATE(YEAR(TODAY()),MONTH(TODAY())+3,1))-MONTH(Tools!$Q11)))<Tools!$L11)),Tools!$N11,"")) | G12: =IF(OR(Tools!$B11="",Tools!$Q11=""),"",IF(AND(((YEAR(DATE(YEAR(TODAY()),MONTH(TODAY())+4,1))-YEAR(Tools!$Q11))*12+MONTH(DATE(YEAR(TODAY()),MONTH(TODAY())+4,1))-MONTH(Tools!$Q11))>=0,MOD(((YEAR(DATE(YEAR(TODAY()),MONTH(TODAY())+4,1))-YEAR(Tools!$Q11))*12+MONTH(DATE(YEAR(TODAY()),MONTH(TODAY())+4,1))-MONTH(Tools!$Q11)),Tools!$U11)=0,OR(Tools!$L11="",EDATE(Tools!$Q11,((YEAR(DATE(YEAR(TODAY()),MONTH(TODAY())+4,1))-YEAR(Tools!$Q11))*12+MONTH(DATE(YEAR(TODAY()),MONTH(TODAY())+4,1))-MONTH(Tools!$Q11)))<Tools!$L11)),Tools!$N11,"")) | H12: =IF(OR(Tools!$B11="",Tools!$Q11=""),"",IF(AND(((YEAR(DATE(YEAR(TODAY()),MONTH(TODAY())+5,1))-YEAR(Tools!$Q11))*12+MONTH(DATE(YEAR(TODAY()),MONTH(TODAY())+5,1))-MONTH(Tools!$Q11))>=0,MOD(((YEAR(DATE(YEAR(TODAY()),MONTH(TODAY())+5,1))-YEAR(Tools!$Q11))*12+MONTH(DATE(YEAR(TODAY()),MONTH(TODAY())+5,1))-MONTH(Tools!$Q11)),Tools!$U11)=0,OR(Tools!$L11="",EDATE(Tools!$Q11,((YEAR(DATE(YEAR(TODAY()),MONTH(TODAY())+5,1))-YEAR(Tools!$Q11))*12+MONTH(DATE(YEAR(TODAY()),MONTH(TODAY())+5,1))-MONTH(Tools!$Q11)))<Tools!$L11)),Tools!$N11,"")) | I12: =IF(OR(Tools!$B11="",Tools!$Q11=""),"",IF(AND(((YEAR(DATE(YEAR(TODAY()),MONTH(TODAY())+6,1))-YEAR(Tools!$Q11))*12+MONTH(DATE(YEAR(TODAY()),MONTH(TODAY())+6,1))-MONTH(Tools!$Q11))>=0,MOD(((YEAR(DATE(YEAR(TODAY()),MONTH(TODAY())+6,1))-YEAR(Tools!$Q11))*12+MONTH(DATE(YEAR(TODAY()),MONTH(TODAY())+6,1))-MONTH(Tools!$Q11)),Tools!$U11)=0,OR(Tools!$L11="",EDATE(Tools!$Q11,((YEAR(DATE(YEAR(TODAY()),MONTH(TODAY())+6,1))-YEAR(Tools!$Q11))*12+MONTH(DATE(YEAR(TODAY()),MONTH(TODAY())+6,1))-MONTH(Tools!$Q11)))<Tools!$L11)),Tools!$N11,"")) | J12: =IF(OR(Tools!$B11="",Tools!$Q11=""),"",IF(AND(((YEAR(DATE(YEAR(TODAY()),MONTH(TODAY())+7,1))-YEAR(Tools!$Q11))*12+MONTH(DATE(YEAR(TODAY()),MONTH(TODAY())+7,1))-MONTH(Tools!$Q11))>=0,MOD(((YEAR(DATE(YEAR(TODAY()),MONTH(TODAY())+7,1))-YEAR(Tools!$Q11))*12+MONTH(DATE(YEAR(TODAY()),MONTH(TODAY())+7,1))-MONTH(Tools!$Q11)),Tools!$U11)=0,OR(Tools!$L11="",EDATE(Tools!$Q11,((YEAR(DATE(YEAR(TODAY()),MONTH(TODAY())+7,1))-YEAR(Tools!$Q11))*12+MONTH(DATE(YEAR(TODAY()),MONTH(TODAY())+7,1))-MONTH(Tools!$Q11)))<Tools!$L11)),Tools!$N11,"")) | K12: =IF(OR(Tools!$B11="",Tools!$Q11=""),"",IF(AND(((YEAR(DATE(YEAR(TODAY()),MONTH(TODAY())+8,1))-YEAR(Tools!$Q11))*12+MONTH(DATE(YEAR(TODAY()),MONTH(TODAY())+8,1))-MONTH(Tools!$Q11))>=0,MOD(((YEAR(DATE(YEAR(TODAY()),MONTH(TODAY())+8,1))-YEAR(Tools!$Q11))*12+MONTH(DATE(YEAR(TODAY()),MONTH(TODAY())+8,1))-MONTH(Tools!$Q11)),Tools!$U11)=0,OR(Tools!$L11="",EDATE(Tools!$Q11,((YEAR(DATE(YEAR(TODAY()),MONTH(TODAY())+8,1))-YEAR(Tools!$Q11))*12+MONTH(DATE(YEAR(TODAY()),MONTH(TODAY())+8,1))-MONTH(Tools!$Q11)))<Tools!$L11)),Tools!$N11,"")) | L12: =IF(OR(Tools!$B11="",Tools!$Q11=""),"",IF(AND(((YEAR(DATE(YEAR(TODAY()),MONTH(TODAY())+9,1))-YEAR(Tools!$Q11))*12+MONTH(DATE(YEAR(TODAY()),MONTH(TODAY())+9,1))-MONTH(Tools!$Q11))>=0,MOD(((YEAR(DATE(YEAR(TODAY()),MONTH(TODAY())+9,1))-YEAR(Tools!$Q11))*12+MONTH(DATE(YEAR(TODAY()),MONTH(TODAY())+9,1))-MONTH(Tools!$Q11)),Tools!$U11)=0,OR(Tools!$L11="",EDATE(Tools!$Q11,((YEAR(DATE(YEAR(TODAY()),MONTH(TODAY())+9,1))-YEAR(Tools!$Q11))*12+MONTH(DATE(YEAR(TODAY()),MONTH(TODAY())+9,1))-MONTH(Tools!$Q11)))<Tools!$L11)),Tools!$N11,"")) | M12: =IF(OR(Tools!$B11="",Tools!$Q11=""),"",IF(AND(((YEAR(DATE(YEAR(TODAY()),MONTH(TODAY())+10,1))-YEAR(Tools!$Q11))*12+MONTH(DATE(YEAR(TODAY()),MONTH(TODAY())+10,1))-MONTH(Tools!$Q11))>=0,MOD(((YEAR(DATE(YEAR(TODAY()),MONTH(TODAY())+10,1))-YEAR(Tools!$Q11))*12+MONTH(DATE(YEAR(TODAY()),MONTH(TODAY())+10,1))-MONTH(Tools!$Q11)),Tools!$U11)=0,OR(Tools!$L11="",EDATE(Tools!$Q11,((YEAR(DATE(YEAR(TODAY()),MONTH(TODAY())+10,1))-YEAR(Tools!$Q11))*12+MONTH(DATE(YEAR(TODAY()),MONTH(TODAY())+10,1))-MONTH(Tools!$Q11)))<Tools!$L11)),Tools!$N11,"")) | N12: =IF(OR(Tools!$B11="",Tools!$Q11=""),"",IF(AND(((YEAR(DATE(YEAR(TODAY()),MONTH(TODAY())+11,1))-YEAR(Tools!$Q11))*12+MONTH(DATE(YEAR(TODAY()),MONTH(TODAY())+11,1))-MONTH(Tools!$Q11))>=0,MOD(((YEAR(DATE(YEAR(TODAY()),MONTH(TODAY())+11,1))-YEAR(Tools!$Q11))*12+MONTH(DATE(YEAR(TODAY()),MONTH(TODAY())+11,1))-MONTH(Tools!$Q11)),Tools!$U11)=0,OR(Tools!$L11="",EDATE(Tools!$Q11,((YEAR(DATE(YEAR(TODAY()),MONTH(TODAY())+11,1))-YEAR(Tools!$Q11))*12+MONTH(DATE(YEAR(TODAY()),MONTH(TODAY())+11,1))-MONTH(Tools!$Q11)))<Tools!$L11)),Tools!$N11,"")) | O12: =IF(B12="","",SUM(C12:N12))
B13: =IF(Tools!B12="","",Tools!B12) | C13: =IF(OR(Tools!$B12="",Tools!$Q12=""),"",IF(AND(((YEAR(DATE(YEAR(TODAY()),MONTH(TODAY())+0,1))-YEAR(Tools!$Q12))*12+MONTH(DATE(YEAR(TODAY()),MONTH(TODAY())+0,1))-MONTH(Tools!$Q12))>=0,MOD(((YEAR(DATE(YEAR(TODAY()),MONTH(TODAY())+0,1))-YEAR(Tools!$Q12))*12+MONTH(DATE(YEAR(TODAY()),MONTH(TODAY())+0,1))-MONTH(Tools!$Q12)),Tools!$U12)=0,OR(Tools!$L12="",EDATE(Tools!$Q12,((YEAR(DATE(YEAR(TODAY()),MONTH(TODAY())+0,1))-YEAR(Tools!$Q12))*12+MONTH(DATE(YEAR(TODAY()),MONTH(TODAY())+0,1))-MONTH(Tools!$Q12)))<Tools!$L12)),Tools!$N12,"")) | D13: =IF(OR(Tools!$B12="",Tools!$Q12=""),"",IF(AND(((YEAR(DATE(YEAR(TODAY()),MONTH(TODAY())+1,1))-YEAR(Tools!$Q12))*12+MONTH(DATE(YEAR(TODAY()),MONTH(TODAY())+1,1))-MONTH(Tools!$Q12))>=0,MOD(((YEAR(DATE(YEAR(TODAY()),MONTH(TODAY())+1,1))-YEAR(Tools!$Q12))*12+MONTH(DATE(YEAR(TODAY()),MONTH(TODAY())+1,1))-MONTH(Tools!$Q12)),Tools!$U12)=0,OR(Tools!$L12="",EDATE(Tools!$Q12,((YEAR(DATE(YEAR(TODAY()),MONTH(TODAY())+1,1))-YEAR(Tools!$Q12))*12+MONTH(DATE(YEAR(TODAY()),MONTH(TODAY())+1,1))-MONTH(Tools!$Q12)))<Tools!$L12)),Tools!$N12,"")) | E13: =IF(OR(Tools!$B12="",Tools!$Q12=""),"",IF(AND(((YEAR(DATE(YEAR(TODAY()),MONTH(TODAY())+2,1))-YEAR(Tools!$Q12))*12+MONTH(DATE(YEAR(TODAY()),MONTH(TODAY())+2,1))-MONTH(Tools!$Q12))>=0,MOD(((YEAR(DATE(YEAR(TODAY()),MONTH(TODAY())+2,1))-YEAR(Tools!$Q12))*12+MONTH(DATE(YEAR(TODAY()),MONTH(TODAY())+2,1))-MONTH(Tools!$Q12)),Tools!$U12)=0,OR(Tools!$L12="",EDATE(Tools!$Q12,((YEAR(DATE(YEAR(TODAY()),MONTH(TODAY())+2,1))-YEAR(Tools!$Q12))*12+MONTH(DATE(YEAR(TODAY()),MONTH(TODAY())+2,1))-MONTH(Tools!$Q12)))<Tools!$L12)),Tools!$N12,"")) | F13: =IF(OR(Tools!$B12="",Tools!$Q12=""),"",IF(AND(((YEAR(DATE(YEAR(TODAY()),MONTH(TODAY())+3,1))-YEAR(Tools!$Q12))*12+MONTH(DATE(YEAR(TODAY()),MONTH(TODAY())+3,1))-MONTH(Tools!$Q12))>=0,MOD(((YEAR(DATE(YEAR(TODAY()),MONTH(TODAY())+3,1))-YEAR(Tools!$Q12))*12+MONTH(DATE(YEAR(TODAY()),MONTH(TODAY())+3,1))-MONTH(Tools!$Q12)),Tools!$U12)=0,OR(Tools!$L12="",EDATE(Tools!$Q12,((YEAR(DATE(YEAR(TODAY()),MONTH(TODAY())+3,1))-YEAR(Tools!$Q12))*12+MONTH(DATE(YEAR(TODAY()),MONTH(TODAY())+3,1))-MONTH(Tools!$Q12)))<Tools!$L12)),Tools!$N12,"")) | G13: =IF(OR(Tools!$B12="",Tools!$Q12=""),"",IF(AND(((YEAR(DATE(YEAR(TODAY()),MONTH(TODAY())+4,1))-YEAR(Tools!$Q12))*12+MONTH(DATE(YEAR(TODAY()),MONTH(TODAY())+4,1))-MONTH(Tools!$Q12))>=0,MOD(((YEAR(DATE(YEAR(TODAY()),MONTH(TODAY())+4,1))-YEAR(Tools!$Q12))*12+MONTH(DATE(YEAR(TODAY()),MONTH(TODAY())+4,1))-MONTH(Tools!$Q12)),Tools!$U12)=0,OR(Tools!$L12="",EDATE(Tools!$Q12,((YEAR(DATE(YEAR(TODAY()),MONTH(TODAY())+4,1))-YEAR(Tools!$Q12))*12+MONTH(DATE(YEAR(TODAY()),MONTH(TODAY())+4,1))-MONTH(Tools!$Q12)))<Tools!$L12)),Tools!$N12,"")) | H13: =IF(OR(Tools!$B12="",Tools!$Q12=""),"",IF(AND(((YEAR(DATE(YEAR(TODAY()),MONTH(TODAY())+5,1))-YEAR(Tools!$Q12))*12+MONTH(DATE(YEAR(TODAY()),MONTH(TODAY())+5,1))-MONTH(Tools!$Q12))>=0,MOD(((YEAR(DATE(YEAR(TODAY()),MONTH(TODAY())+5,1))-YEAR(Tools!$Q12))*12+MONTH(DATE(YEAR(TODAY()),MONTH(TODAY())+5,1))-MONTH(Tools!$Q12)),Tools!$U12)=0,OR(Tools!$L12="",EDATE(Tools!$Q12,((YEAR(DATE(YEAR(TODAY()),MONTH(TODAY())+5,1))-YEAR(Tools!$Q12))*12+MONTH(DATE(YEAR(TODAY()),MONTH(TODAY())+5,1))-MONTH(Tools!$Q12)))<Tools!$L12)),Tools!$N12,"")) | I13: =IF(OR(Tools!$B12="",Tools!$Q12=""),"",IF(AND(((YEAR(DATE(YEAR(TODAY()),MONTH(TODAY())+6,1))-YEAR(Tools!$Q12))*12+MONTH(DATE(YEAR(TODAY()),MONTH(TODAY())+6,1))-MONTH(Tools!$Q12))>=0,MOD(((YEAR(DATE(YEAR(TODAY()),MONTH(TODAY())+6,1))-YEAR(Tools!$Q12))*12+MONTH(DATE(YEAR(TODAY()),MONTH(TODAY())+6,1))-MONTH(Tools!$Q12)),Tools!$U12)=0,OR(Tools!$L12="",EDATE(Tools!$Q12,((YEAR(DATE(YEAR(TODAY()),MONTH(TODAY())+6,1))-YEAR(Tools!$Q12))*12+MONTH(DATE(YEAR(TODAY()),MONTH(TODAY())+6,1))-MONTH(Tools!$Q12)))<Tools!$L12)),Tools!$N12,"")) | J13: =IF(OR(Tools!$B12="",Tools!$Q12=""),"",IF(AND(((YEAR(DATE(YEAR(TODAY()),MONTH(TODAY())+7,1))-YEAR(Tools!$Q12))*12+MONTH(DATE(YEAR(TODAY()),MONTH(TODAY())+7,1))-MONTH(Tools!$Q12))>=0,MOD(((YEAR(DATE(YEAR(TODAY()),MONTH(TODAY())+7,1))-YEAR(Tools!$Q12))*12+MONTH(DATE(YEAR(TODAY()),MONTH(TODAY())+7,1))-MONTH(Tools!$Q12)),Tools!$U12)=0,OR(Tools!$L12="",EDATE(Tools!$Q12,((YEAR(DATE(YEAR(TODAY()),MONTH(TODAY())+7,1))-YEAR(Tools!$Q12))*12+MONTH(DATE(YEAR(TODAY()),MONTH(TODAY())+7,1))-MONTH(Tools!$Q12)))<Tools!$L12)),Tools!$N12,"")) | K13: =IF(OR(Tools!$B12="",Tools!$Q12=""),"",IF(AND(((YEAR(DATE(YEAR(TODAY()),MONTH(TODAY())+8,1))-YEAR(Tools!$Q12))*12+MONTH(DATE(YEAR(TODAY()),MONTH(TODAY())+8,1))-MONTH(Tools!$Q12))>=0,MOD(((YEAR(DATE(YEAR(TODAY()),MONTH(TODAY())+8,1))-YEAR(Tools!$Q12))*12+MONTH(DATE(YEAR(TODAY()),MONTH(TODAY())+8,1))-MONTH(Tools!$Q12)),Tools!$U12)=0,OR(Tools!$L12="",EDATE(Tools!$Q12,((YEAR(DATE(YEAR(TODAY()),MONTH(TODAY())+8,1))-YEAR(Tools!$Q12))*12+MONTH(DATE(YEAR(TODAY()),MONTH(TODAY())+8,1))-MONTH(Tools!$Q12)))<Tools!$L12)),Tools!$N12,"")) | L13: =IF(OR(Tools!$B12="",Tools!$Q12=""),"",IF(AND(((YEAR(DATE(YEAR(TODAY()),MONTH(TODAY())+9,1))-YEAR(Tools!$Q12))*12+MONTH(DATE(YEAR(TODAY()),MONTH(TODAY())+9,1))-MONTH(Tools!$Q12))>=0,MOD(((YEAR(DATE(YEAR(TODAY()),MONTH(TODAY())+9,1))-YEAR(Tools!$Q12))*12+MONTH(DATE(YEAR(TODAY()),MONTH(TODAY())+9,1))-MONTH(Tools!$Q12)),Tools!$U12)=0,OR(Tools!$L12="",EDATE(Tools!$Q12,((YEAR(DATE(YEAR(TODAY()),MONTH(TODAY())+9,1))-YEAR(Tools!$Q12))*12+MONTH(DATE(YEAR(TODAY()),MONTH(TODAY())+9,1))-MONTH(Tools!$Q12)))<Tools!$L12)),Tools!$N12,"")) | M13: =IF(OR(Tools!$B12="",Tools!$Q12=""),"",IF(AND(((YEAR(DATE(YEAR(TODAY()),MONTH(TODAY())+10,1))-YEAR(Tools!$Q12))*12+MONTH(DATE(YEAR(TODAY()),MONTH(TODAY())+10,1))-MONTH(Tools!$Q12))>=0,MOD(((YEAR(DATE(YEAR(TODAY()),MONTH(TODAY())+10,1))-YEAR(Tools!$Q12))*12+MONTH(DATE(YEAR(TODAY()),MONTH(TODAY())+10,1))-MONTH(Tools!$Q12)),Tools!$U12)=0,OR(Tools!$L12="",EDATE(Tools!$Q12,((YEAR(DATE(YEAR(TODAY()),MONTH(TODAY())+10,1))-YEAR(Tools!$Q12))*12+MONTH(DATE(YEAR(TODAY()),MONTH(TODAY())+10,1))-MONTH(Tools!$Q12)))<Tools!$L12)),Tools!$N12,"")) | N13: =IF(OR(Tools!$B12="",Tools!$Q12=""),"",IF(AND(((YEAR(DATE(YEAR(TODAY()),MONTH(TODAY())+11,1))-YEAR(Tools!$Q12))*12+MONTH(DATE(YEAR(TODAY()),MONTH(TODAY())+11,1))-MONTH(Tools!$Q12))>=0,MOD(((YEAR(DATE(YEAR(TODAY()),MONTH(TODAY())+11,1))-YEAR(Tools!$Q12))*12+MONTH(DATE(YEAR(TODAY()),MONTH(TODAY())+11,1))-MONTH(Tools!$Q12)),Tools!$U12)=0,OR(Tools!$L12="",EDATE(Tools!$Q12,((YEAR(DATE(YEAR(TODAY()),MONTH(TODAY())+11,1))-YEAR(Tools!$Q12))*12+MONTH(DATE(YEAR(TODAY()),MONTH(TODAY())+11,1))-MONTH(Tools!$Q12)))<Tools!$L12)),Tools!$N12,"")) | O13: =IF(B13="","",SUM(C13:N13))
B14: =IF(Tools!B13="","",Tools!B13) | C14: =IF(OR(Tools!$B13="",Tools!$Q13=""),"",IF(AND(((YEAR(DATE(YEAR(TODAY()),MONTH(TODAY())+0,1))-YEAR(Tools!$Q13))*12+MONTH(DATE(YEAR(TODAY()),MONTH(TODAY())+0,1))-MONTH(Tools!$Q13))>=0,MOD(((YEAR(DATE(YEAR(TODAY()),MONTH(TODAY())+0,1))-YEAR(Tools!$Q13))*12+MONTH(DATE(YEAR(TODAY()),MONTH(TODAY())+0,1))-MONTH(Tools!$Q13)),Tools!$U13)=0,OR(Tools!$L13="",EDATE(Tools!$Q13,((YEAR(DATE(YEAR(TODAY()),MONTH(TODAY())+0,1))-YEAR(Tools!$Q13))*12+MONTH(DATE(YEAR(TODAY()),MONTH(TODAY())+0,1))-MONTH(Tools!$Q13)))<Tools!$L13)),Tools!$N13,"")) | D14: =IF(OR(Tools!$B13="",Tools!$Q13=""),"",IF(AND(((YEAR(DATE(YEAR(TODAY()),MONTH(TODAY())+1,1))-YEAR(Tools!$Q13))*12+MONTH(DATE(YEAR(TODAY()),MONTH(TODAY())+1,1))-MONTH(Tools!$Q13))>=0,MOD(((YEAR(DATE(YEAR(TODAY()),MONTH(TODAY())+1,1))-YEAR(Tools!$Q13))*12+MONTH(DATE(YEAR(TODAY()),MONTH(TODAY())+1,1))-MONTH(Tools!$Q13)),Tools!$U13)=0,OR(Tools!$L13="",EDATE(Tools!$Q13,((YEAR(DATE(YEAR(TODAY()),MONTH(TODAY())+1,1))-YEAR(Tools!$Q13))*12+MONTH(DATE(YEAR(TODAY()),MONTH(TODAY())+1,1))-MONTH(Tools!$Q13)))<Tools!$L13)),Tools!$N13,"")) | E14: =IF(OR(Tools!$B13="",Tools!$Q13=""),"",IF(AND(((YEAR(DATE(YEAR(TODAY()),MONTH(TODAY())+2,1))-YEAR(Tools!$Q13))*12+MONTH(DATE(YEAR(TODAY()),MONTH(TODAY())+2,1))-MONTH(Tools!$Q13))>=0,MOD(((YEAR(DATE(YEAR(TODAY()),MONTH(TODAY())+2,1))-YEAR(Tools!$Q13))*12+MONTH(DATE(YEAR(TODAY()),MONTH(TODAY())+2,1))-MONTH(Tools!$Q13)),Tools!$U13)=0,OR(Tools!$L13="",EDATE(Tools!$Q13,((YEAR(DATE(YEAR(TODAY()),MONTH(TODAY())+2,1))-YEAR(Tools!$Q13))*12+MONTH(DATE(YEAR(TODAY()),MONTH(TODAY())+2,1))-MONTH(Tools!$Q13)))<Tools!$L13)),Tools!$N13,"")) | F14: =IF(OR(Tools!$B13="",Tools!$Q13=""),"",IF(AND(((YEAR(DATE(YEAR(TODAY()),MONTH(TODAY())+3,1))-YEAR(Tools!$Q13))*12+MONTH(DATE(YEAR(TODAY()),MONTH(TODAY())+3,1))-MONTH(Tools!$Q13))>=0,MOD(((YEAR(DATE(YEAR(TODAY()),MONTH(TODAY())+3,1))-YEAR(Tools!$Q13))*12+MONTH(DATE(YEAR(TODAY()),MONTH(TODAY())+3,1))-MONTH(Tools!$Q13)),Tools!$U13)=0,OR(Tools!$L13="",EDATE(Tools!$Q13,((YEAR(DATE(YEAR(TODAY()),MONTH(TODAY())+3,1))-YEAR(Tools!$Q13))*12+MONTH(DATE(YEAR(TODAY()),MONTH(TODAY())+3,1))-MONTH(Tools!$Q13)))<Tools!$L13)),Tools!$N13,"")) | G14: =IF(OR(Tools!$B13="",Tools!$Q13=""),"",IF(AND(((YEAR(DATE(YEAR(TODAY()),MONTH(TODAY())+4,1))-YEAR(Tools!$Q13))*12+MONTH(DATE(YEAR(TODAY()),MONTH(TODAY())+4,1))-MONTH(Tools!$Q13))>=0,MOD(((YEAR(DATE(YEAR(TODAY()),MONTH(TODAY())+4,1))-YEAR(Tools!$Q13))*12+MONTH(DATE(YEAR(TODAY()),MONTH(TODAY())+4,1))-MONTH(Tools!$Q13)),Tools!$U13)=0,OR(Tools!$L13="",EDATE(Tools!$Q13,((YEAR(DATE(YEAR(TODAY()),MONTH(TODAY())+4,1))-YEAR(Tools!$Q13))*12+MONTH(DATE(YEAR(TODAY()),MONTH(TODAY())+4,1))-MONTH(Tools!$Q13)))<Tools!$L13)),Tools!$N13,"")) | H14: =IF(OR(Tools!$B13="",Tools!$Q13=""),"",IF(AND(((YEAR(DATE(YEAR(TODAY()),MONTH(TODAY())+5,1))-YEAR(Tools!$Q13))*12+MONTH(DATE(YEAR(TODAY()),MONTH(TODAY())+5,1))-MONTH(Tools!$Q13))>=0,MOD(((YEAR(DATE(YEAR(TODAY()),MONTH(TODAY())+5,1))-YEAR(Tools!$Q13))*12+MONTH(DATE(YEAR(TODAY()),MONTH(TODAY())+5,1))-MONTH(Tools!$Q13)),Tools!$U13)=0,OR(Tools!$L13="",EDATE(Tools!$Q13,((YEAR(DATE(YEAR(TODAY()),MONTH(TODAY())+5,1))-YEAR(Tools!$Q13))*12+MONTH(DATE(YEAR(TODAY()),MONTH(TODAY())+5,1))-MONTH(Tools!$Q13)))<Tools!$L13)),Tools!$N13,"")) | I14: =IF(OR(Tools!$B13="",Tools!$Q13=""),"",IF(AND(((YEAR(DATE(YEAR(TODAY()),MONTH(TODAY())+6,1))-YEAR(Tools!$Q13))*12+MONTH(DATE(YEAR(TODAY()),MONTH(TODAY())+6,1))-MONTH(Tools!$Q13))>=0,MOD(((YEAR(DATE(YEAR(TODAY()),MONTH(TODAY())+6,1))-YEAR(Tools!$Q13))*12+MONTH(DATE(YEAR(TODAY()),MONTH(TODAY())+6,1))-MONTH(Tools!$Q13)),Tools!$U13)=0,OR(Tools!$L13="",EDATE(Tools!$Q13,((YEAR(DATE(YEAR(TODAY()),MONTH(TODAY())+6,1))-YEAR(Tools!$Q13))*12+MONTH(DATE(YEAR(TODAY()),MONTH(TODAY())+6,1))-MONTH(Tools!$Q13)))<Tools!$L13)),Tools!$N13,"")) | J14: =IF(OR(Tools!$B13="",Tools!$Q13=""),"",IF(AND(((YEAR(DATE(YEAR(TODAY()),MONTH(TODAY())+7,1))-YEAR(Tools!$Q13))*12+MONTH(DATE(YEAR(TODAY()),MONTH(TODAY())+7,1))-MONTH(Tools!$Q13))>=0,MOD(((YEAR(DATE(YEAR(TODAY()),MONTH(TODAY())+7,1))-YEAR(Tools!$Q13))*12+MONTH(DATE(YEAR(TODAY()),MONTH(TODAY())+7,1))-MONTH(Tools!$Q13)),Tools!$U13)=0,OR(Tools!$L13="",EDATE(Tools!$Q13,((YEAR(DATE(YEAR(TODAY()),MONTH(TODAY())+7,1))-YEAR(Tools!$Q13))*12+MONTH(DATE(YEAR(TODAY()),MONTH(TODAY())+7,1))-MONTH(Tools!$Q13)))<Tools!$L13)),Tools!$N13,"")) | K14: =IF(OR(Tools!$B13="",Tools!$Q13=""),"",IF(AND(((YEAR(DATE(YEAR(TODAY()),MONTH(TODAY())+8,1))-YEAR(Tools!$Q13))*12+MONTH(DATE(YEAR(TODAY()),MONTH(TODAY())+8,1))-MONTH(Tools!$Q13))>=0,MOD(((YEAR(DATE(YEAR(TODAY()),MONTH(TODAY())+8,1))-YEAR(Tools!$Q13))*12+MONTH(DATE(YEAR(TODAY()),MONTH(TODAY())+8,1))-MONTH(Tools!$Q13)),Tools!$U13)=0,OR(Tools!$L13="",EDATE(Tools!$Q13,((YEAR(DATE(YEAR(TODAY()),MONTH(TODAY())+8,1))-YEAR(Tools!$Q13))*12+MONTH(DATE(YEAR(TODAY()),MONTH(TODAY())+8,1))-MONTH(Tools!$Q13)))<Tools!$L13)),Tools!$N13,"")) | L14: =IF(OR(Tools!$B13="",Tools!$Q13=""),"",IF(AND(((YEAR(DATE(YEAR(TODAY()),MONTH(TODAY())+9,1))-YEAR(Tools!$Q13))*12+MONTH(DATE(YEAR(TODAY()),MONTH(TODAY())+9,1))-MONTH(Tools!$Q13))>=0,MOD(((YEAR(DATE(YEAR(TODAY()),MONTH(TODAY())+9,1))-YEAR(Tools!$Q13))*12+MONTH(DATE(YEAR(TODAY()),MONTH(TODAY())+9,1))-MONTH(Tools!$Q13)),Tools!$U13)=0,OR(Tools!$L13="",EDATE(Tools!$Q13,((YEAR(DATE(YEAR(TODAY()),MONTH(TODAY())+9,1))-YEAR(Tools!$Q13))*12+MONTH(DATE(YEAR(TODAY()),MONTH(TODAY())+9,1))-MONTH(Tools!$Q13)))<Tools!$L13)),Tools!$N13,"")) | M14: =IF(OR(Tools!$B13="",Tools!$Q13=""),"",IF(AND(((YEAR(DATE(YEAR(TODAY()),MONTH(TODAY())+10,1))-YEAR(Tools!$Q13))*12+MONTH(DATE(YEAR(TODAY()),MONTH(TODAY())+10,1))-MONTH(Tools!$Q13))>=0,MOD(((YEAR(DATE(YEAR(TODAY()),MONTH(TODAY())+10,1))-YEAR(Tools!$Q13))*12+MONTH(DATE(YEAR(TODAY()),MONTH(TODAY())+10,1))-MONTH(Tools!$Q13)),Tools!$U13)=0,OR(Tools!$L13="",EDATE(Tools!$Q13,((YEAR(DATE(YEAR(TODAY()),MONTH(TODAY())+10,1))-YEAR(Tools!$Q13))*12+MONTH(DATE(YEAR(TODAY()),MONTH(TODAY())+10,1))-MONTH(Tools!$Q13)))<Tools!$L13)),Tools!$N13,"")) | N14: =IF(OR(Tools!$B13="",Tools!$Q13=""),"",IF(AND(((YEAR(DATE(YEAR(TODAY()),MONTH(TODAY())+11,1))-YEAR(Tools!$Q13))*12+MONTH(DATE(YEAR(TODAY()),MONTH(TODAY())+11,1))-MONTH(Tools!$Q13))>=0,MOD(((YEAR(DATE(YEAR(TODAY()),MONTH(TODAY())+11,1))-YEAR(Tools!$Q13))*12+MONTH(DATE(YEAR(TODAY()),MONTH(TODAY())+11,1))-MONTH(Tools!$Q13)),Tools!$U13)=0,OR(Tools!$L13="",EDATE(Tools!$Q13,((YEAR(DATE(YEAR(TODAY()),MONTH(TODAY())+11,1))-YEAR(Tools!$Q13))*12+MONTH(DATE(YEAR(TODAY()),MONTH(TODAY())+11,1))-MONTH(Tools!$Q13)))<Tools!$L13)),Tools!$N13,"")) | O14: =IF(B14="","",SUM(C14:N14))
B15: =IF(Tools!B14="","",Tools!B14) | C15: =IF(OR(Tools!$B14="",Tools!$Q14=""),"",IF(AND(((YEAR(DATE(YEAR(TODAY()),MONTH(TODAY())+0,1))-YEAR(Tools!$Q14))*12+MONTH(DATE(YEAR(TODAY()),MONTH(TODAY())+0,1))-MONTH(Tools!$Q14))>=0,MOD(((YEAR(DATE(YEAR(TODAY()),MONTH(TODAY())+0,1))-YEAR(Tools!$Q14))*12+MONTH(DATE(YEAR(TODAY()),MONTH(TODAY())+0,1))-MONTH(Tools!$Q14)),Tools!$U14)=0,OR(Tools!$L14="",EDATE(Tools!$Q14,((YEAR(DATE(YEAR(TODAY()),MONTH(TODAY())+0,1))-YEAR(Tools!$Q14))*12+MONTH(DATE(YEAR(TODAY()),MONTH(TODAY())+0,1))-MONTH(Tools!$Q14)))<Tools!$L14)),Tools!$N14,"")) | D15: =IF(OR(Tools!$B14="",Tools!$Q14=""),"",IF(AND(((YEAR(DATE(YEAR(TODAY()),MONTH(TODAY())+1,1))-YEAR(Tools!$Q14))*12+MONTH(DATE(YEAR(TODAY()),MONTH(TODAY())+1,1))-MONTH(Tools!$Q14))>=0,MOD(((YEAR(DATE(YEAR(TODAY()),MONTH(TODAY())+1,1))-YEAR(Tools!$Q14))*12+MONTH(DATE(YEAR(TODAY()),MONTH(TODAY())+1,1))-MONTH(Tools!$Q14)),Tools!$U14)=0,OR(Tools!$L14="",EDATE(Tools!$Q14,((YEAR(DATE(YEAR(TODAY()),MONTH(TODAY())+1,1))-YEAR(Tools!$Q14))*12+MONTH(DATE(YEAR(TODAY()),MONTH(TODAY())+1,1))-MONTH(Tools!$Q14)))<Tools!$L14)),Tools!$N14,"")) | E15: =IF(OR(Tools!$B14="",Tools!$Q14=""),"",IF(AND(((YEAR(DATE(YEAR(TODAY()),MONTH(TODAY())+2,1))-YEAR(Tools!$Q14))*12+MONTH(DATE(YEAR(TODAY()),MONTH(TODAY())+2,1))-MONTH(Tools!$Q14))>=0,MOD(((YEAR(DATE(YEAR(TODAY()),MONTH(TODAY())+2,1))-YEAR(Tools!$Q14))*12+MONTH(DATE(YEAR(TODAY()),MONTH(TODAY())+2,1))-MONTH(Tools!$Q14)),Tools!$U14)=0,OR(Tools!$L14="",EDATE(Tools!$Q14,((YEAR(DATE(YEAR(TODAY()),MONTH(TODAY())+2,1))-YEAR(Tools!$Q14))*12+MONTH(DATE(YEAR(TODAY()),MONTH(TODAY())+2,1))-MONTH(Tools!$Q14)))<Tools!$L14)),Tools!$N14,"")) | F15: =IF(OR(Tools!$B14="",Tools!$Q14=""),"",IF(AND(((YEAR(DATE(YEAR(TODAY()),MONTH(TODAY())+3,1))-YEAR(Tools!$Q14))*12+MONTH(DATE(YEAR(TODAY()),MONTH(TODAY())+3,1))-MONTH(Tools!$Q14))>=0,MOD(((YEAR(DATE(YEAR(TODAY()),MONTH(TODAY())+3,1))-YEAR(Tools!$Q14))*12+MONTH(DATE(YEAR(TODAY()),MONTH(TODAY())+3,1))-MONTH(Tools!$Q14)),Tools!$U14)=0,OR(Tools!$L14="",EDATE(Tools!$Q14,((YEAR(DATE(YEAR(TODAY()),MONTH(TODAY())+3,1))-YEAR(Tools!$Q14))*12+MONTH(DATE(YEAR(TODAY()),MONTH(TODAY())+3,1))-MONTH(Tools!$Q14)))<Tools!$L14)),Tools!$N14,"")) | G15: =IF(OR(Tools!$B14="",Tools!$Q14=""),"",IF(AND(((YEAR(DATE(YEAR(TODAY()),MONTH(TODAY())+4,1))-YEAR(Tools!$Q14))*12+MONTH(DATE(YEAR(TODAY()),MONTH(TODAY())+4,1))-MONTH(Tools!$Q14))>=0,MOD(((YEAR(DATE(YEAR(TODAY()),MONTH(TODAY())+4,1))-YEAR(Tools!$Q14))*12+MONTH(DATE(YEAR(TODAY()),MONTH(TODAY())+4,1))-MONTH(Tools!$Q14)),Tools!$U14)=0,OR(Tools!$L14="",EDATE(Tools!$Q14,((YEAR(DATE(YEAR(TODAY()),MONTH(TODAY())+4,1))-YEAR(Tools!$Q14))*12+MONTH(DATE(YEAR(TODAY()),MONTH(TODAY())+4,1))-MONTH(Tools!$Q14)))<Tools!$L14)),Tools!$N14,"")) | H15: =IF(OR(Tools!$B14="",Tools!$Q14=""),"",IF(AND(((YEAR(DATE(YEAR(TODAY()),MONTH(TODAY())+5,1))-YEAR(Tools!$Q14))*12+MONTH(DATE(YEAR(TODAY()),MONTH(TODAY())+5,1))-MONTH(Tools!$Q14))>=0,MOD(((YEAR(DATE(YEAR(TODAY()),MONTH(TODAY())+5,1))-YEAR(Tools!$Q14))*12+MONTH(DATE(YEAR(TODAY()),MONTH(TODAY())+5,1))-MONTH(Tools!$Q14)),Tools!$U14)=0,OR(Tools!$L14="",EDATE(Tools!$Q14,((YEAR(DATE(YEAR(TODAY()),MONTH(TODAY())+5,1))-YEAR(Tools!$Q14))*12+MONTH(DATE(YEAR(TODAY()),MONTH(TODAY())+5,1))-MONTH(Tools!$Q14)))<Tools!$L14)),Tools!$N14,"")) | I15: =IF(OR(Tools!$B14="",Tools!$Q14=""),"",IF(AND(((YEAR(DATE(YEAR(TODAY()),MONTH(TODAY())+6,1))-YEAR(Tools!$Q14))*12+MONTH(DATE(YEAR(TODAY()),MONTH(TODAY())+6,1))-MONTH(Tools!$Q14))>=0,MOD(((YEAR(DATE(YEAR(TODAY()),MONTH(TODAY())+6,1))-YEAR(Tools!$Q14))*12+MONTH(DATE(YEAR(TODAY()),MONTH(TODAY())+6,1))-MONTH(Tools!$Q14)),Tools!$U14)=0,OR(Tools!$L14="",EDATE(Tools!$Q14,((YEAR(DATE(YEAR(TODAY()),MONTH(TODAY())+6,1))-YEAR(Tools!$Q14))*12+MONTH(DATE(YEAR(TODAY()),MONTH(TODAY())+6,1))-MONTH(Tools!$Q14)))<Tools!$L14)),Tools!$N14,"")) | J15: =IF(OR(Tools!$B14="",Tools!$Q14=""),"",IF(AND(((YEAR(DATE(YEAR(TODAY()),MONTH(TODAY())+7,1))-YEAR(Tools!$Q14))*12+MONTH(DATE(YEAR(TODAY()),MONTH(TODAY())+7,1))-MONTH(Tools!$Q14))>=0,MOD(((YEAR(DATE(YEAR(TODAY()),MONTH(TODAY())+7,1))-YEAR(Tools!$Q14))*12+MONTH(DATE(YEAR(TODAY()),MONTH(TODAY())+7,1))-MONTH(Tools!$Q14)),Tools!$U14)=0,OR(Tools!$L14="",EDATE(Tools!$Q14,((YEAR(DATE(YEAR(TODAY()),MONTH(TODAY())+7,1))-YEAR(Tools!$Q14))*12+MONTH(DATE(YEAR(TODAY()),MONTH(TODAY())+7,1))-MONTH(Tools!$Q14)))<Tools!$L14)),Tools!$N14,"")) | K15: =IF(OR(Tools!$B14="",Tools!$Q14=""),"",IF(AND(((YEAR(DATE(YEAR(TODAY()),MONTH(TODAY())+8,1))-YEAR(Tools!$Q14))*12+MONTH(DATE(YEAR(TODAY()),MONTH(TODAY())+8,1))-MONTH(Tools!$Q14))>=0,MOD(((YEAR(DATE(YEAR(TODAY()),MONTH(TODAY())+8,1))-YEAR(Tools!$Q14))*12+MONTH(DATE(YEAR(TODAY()),MONTH(TODAY())+8,1))-MONTH(Tools!$Q14)),Tools!$U14)=0,OR(Tools!$L14="",EDATE(Tools!$Q14,((YEAR(DATE(YEAR(TODAY()),MONTH(TODAY())+8,1))-YEAR(Tools!$Q14))*12+MONTH(DATE(YEAR(TODAY()),MONTH(TODAY())+8,1))-MONTH(Tools!$Q14)))<Tools!$L14)),Tools!$N14,"")) | L15: =IF(OR(Tools!$B14="",Tools!$Q14=""),"",IF(AND(((YEAR(DATE(YEAR(TODAY()),MONTH(TODAY())+9,1))-YEAR(Tools!$Q14))*12+MONTH(DATE(YEAR(TODAY()),MONTH(TODAY())+9,1))-MONTH(Tools!$Q14))>=0,MOD(((YEAR(DATE(YEAR(TODAY()),MONTH(TODAY())+9,1))-YEAR(Tools!$Q14))*12+MONTH(DATE(YEAR(TODAY()),MONTH(TODAY())+9,1))-MONTH(Tools!$Q14)),Tools!$U14)=0,OR(Tools!$L14="",EDATE(Tools!$Q14,((YEAR(DATE(YEAR(TODAY()),MONTH(TODAY())+9,1))-YEAR(Tools!$Q14))*12+MONTH(DATE(YEAR(TODAY()),MONTH(TODAY())+9,1))-MONTH(Tools!$Q14)))<Tools!$L14)),Tools!$N14,"")) | M15: =IF(OR(Tools!$B14="",Tools!$Q14=""),"",IF(AND(((YEAR(DATE(YEAR(TODAY()),MONTH(TODAY())+10,1))-YEAR(Tools!$Q14))*12+MONTH(DATE(YEAR(TODAY()),MONTH(TODAY())+10,1))-MONTH(Tools!$Q14))>=0,MOD(((YEAR(DATE(YEAR(TODAY()),MONTH(TODAY())+10,1))-YEAR(Tools!$Q14))*12+MONTH(DATE(YEAR(TODAY()),MONTH(TODAY())+10,1))-MONTH(Tools!$Q14)),Tools!$U14)=0,OR(Tools!$L14="",EDATE(Tools!$Q14,((YEAR(DATE(YEAR(TODAY()),MONTH(TODAY())+10,1))-YEAR(Tools!$Q14))*12+MONTH(DATE(YEAR(TODAY()),MONTH(TODAY())+10,1))-MONTH(Tools!$Q14)))<Tools!$L14)),Tools!$N14,"")) | N15: =IF(OR(Tools!$B14="",Tools!$Q14=""),"",IF(AND(((YEAR(DATE(YEAR(TODAY()),MONTH(TODAY())+11,1))-YEAR(Tools!$Q14))*12+MONTH(DATE(YEAR(TODAY()),MONTH(TODAY())+11,1))-MONTH(Tools!$Q14))>=0,MOD(((YEAR(DATE(YEAR(TODAY()),MONTH(TODAY())+11,1))-YEAR(Tools!$Q14))*12+MONTH(DATE(YEAR(TODAY()),MONTH(TODAY())+11,1))-MONTH(Tools!$Q14)),Tools!$U14)=0,OR(Tools!$L14="",EDATE(Tools!$Q14,((YEAR(DATE(YEAR(TODAY()),MONTH(TODAY())+11,1))-YEAR(Tools!$Q14))*12+MONTH(DATE(YEAR(TODAY()),MONTH(TODAY())+11,1))-MONTH(Tools!$Q14)))<Tools!$L14)),Tools!$N14,"")) | O15: =IF(B15="","",SUM(C15:N15))
B16: =IF(Tools!B15="","",Tools!B15) | C16: =IF(OR(Tools!$B15="",Tools!$Q15=""),"",IF(AND(((YEAR(DATE(YEAR(TODAY()),MONTH(TODAY())+0,1))-YEAR(Tools!$Q15))*12+MONTH(DATE(YEAR(TODAY()),MONTH(TODAY())+0,1))-MONTH(Tools!$Q15))>=0,MOD(((YEAR(DATE(YEAR(TODAY()),MONTH(TODAY())+0,1))-YEAR(Tools!$Q15))*12+MONTH(DATE(YEAR(TODAY()),MONTH(TODAY())+0,1))-MONTH(Tools!$Q15)),Tools!$U15)=0,OR(Tools!$L15="",EDATE(Tools!$Q15,((YEAR(DATE(YEAR(TODAY()),MONTH(TODAY())+0,1))-YEAR(Tools!$Q15))*12+MONTH(DATE(YEAR(TODAY()),MONTH(TODAY())+0,1))-MONTH(Tools!$Q15)))<Tools!$L15)),Tools!$N15,"")) | D16: =IF(OR(Tools!$B15="",Tools!$Q15=""),"",IF(AND(((YEAR(DATE(YEAR(TODAY()),MONTH(TODAY())+1,1))-YEAR(Tools!$Q15))*12+MONTH(DATE(YEAR(TODAY()),MONTH(TODAY())+1,1))-MONTH(Tools!$Q15))>=0,MOD(((YEAR(DATE(YEAR(TODAY()),MONTH(TODAY())+1,1))-YEAR(Tools!$Q15))*12+MONTH(DATE(YEAR(TODAY()),MONTH(TODAY())+1,1))-MONTH(Tools!$Q15)),Tools!$U15)=0,OR(Tools!$L15="",EDATE(Tools!$Q15,((YEAR(DATE(YEAR(TODAY()),MONTH(TODAY())+1,1))-YEAR(Tools!$Q15))*12+MONTH(DATE(YEAR(TODAY()),MONTH(TODAY())+1,1))-MONTH(Tools!$Q15)))<Tools!$L15)),Tools!$N15,"")) | E16: =IF(OR(Tools!$B15="",Tools!$Q15=""),"",IF(AND(((YEAR(DATE(YEAR(TODAY()),MONTH(TODAY())+2,1))-YEAR(Tools!$Q15))*12+MONTH(DATE(YEAR(TODAY()),MONTH(TODAY())+2,1))-MONTH(Tools!$Q15))>=0,MOD(((YEAR(DATE(YEAR(TODAY()),MONTH(TODAY())+2,1))-YEAR(Tools!$Q15))*12+MONTH(DATE(YEAR(TODAY()),MONTH(TODAY())+2,1))-MONTH(Tools!$Q15)),Tools!$U15)=0,OR(Tools!$L15="",EDATE(Tools!$Q15,((YEAR(DATE(YEAR(TODAY()),MONTH(TODAY())+2,1))-YEAR(Tools!$Q15))*12+MONTH(DATE(YEAR(TODAY()),MONTH(TODAY())+2,1))-MONTH(Tools!$Q15)))<Tools!$L15)),Tools!$N15,"")) | F16: =IF(OR(Tools!$B15="",Tools!$Q15=""),"",IF(AND(((YEAR(DATE(YEAR(TODAY()),MONTH(TODAY())+3,1))-YEAR(Tools!$Q15))*12+MONTH(DATE(YEAR(TODAY()),MONTH(TODAY())+3,1))-MONTH(Tools!$Q15))>=0,MOD(((YEAR(DATE(YEAR(TODAY()),MONTH(TODAY())+3,1))-YEAR(Tools!$Q15))*12+MONTH(DATE(YEAR(TODAY()),MONTH(TODAY())+3,1))-MONTH(Tools!$Q15)),Tools!$U15)=0,OR(Tools!$L15="",EDATE(Tools!$Q15,((YEAR(DATE(YEAR(TODAY()),MONTH(TODAY())+3,1))-YEAR(Tools!$Q15))*12+MONTH(DATE(YEAR(TODAY()),MONTH(TODAY())+3,1))-MONTH(Tools!$Q15)))<Tools!$L15)),Tools!$N15,"")) | G16: =IF(OR(Tools!$B15="",Tools!$Q15=""),"",IF(AND(((YEAR(DATE(YEAR(TODAY()),MONTH(TODAY())+4,1))-YEAR(Tools!$Q15))*12+MONTH(DATE(YEAR(TODAY()),MONTH(TODAY())+4,1))-MONTH(Tools!$Q15))>=0,MOD(((YEAR(DATE(YEAR(TODAY()),MONTH(TODAY())+4,1))-YEAR(Tools!$Q15))*12+MONTH(DATE(YEAR(TODAY()),MONTH(TODAY())+4,1))-MONTH(Tools!$Q15)),Tools!$U15)=0,OR(Tools!$L15="",EDATE(Tools!$Q15,((YEAR(DATE(YEAR(TODAY()),MONTH(TODAY())+4,1))-YEAR(Tools!$Q15))*12+MONTH(DATE(YEAR(TODAY()),MONTH(TODAY())+4,1))-MONTH(Tools!$Q15)))<Tools!$L15)),Tools!$N15,"")) | H16: =IF(OR(Tools!$B15="",Tools!$Q15=""),"",IF(AND(((YEAR(DATE(YEAR(TODAY()),MONTH(TODAY())+5,1))-YEAR(Tools!$Q15))*12+MONTH(DATE(YEAR(TODAY()),MONTH(TODAY())+5,1))-MONTH(Tools!$Q15))>=0,MOD(((YEAR(DATE(YEAR(TODAY()),MONTH(TODAY())+5,1))-YEAR(Tools!$Q15))*12+MONTH(DATE(YEAR(TODAY()),MONTH(TODAY())+5,1))-MONTH(Tools!$Q15)),Tools!$U15)=0,OR(Tools!$L15="",EDATE(Tools!$Q15,((YEAR(DATE(YEAR(TODAY()),MONTH(TODAY())+5,1))-YEAR(Tools!$Q15))*12+MONTH(DATE(YEAR(TODAY()),MONTH(TODAY())+5,1))-MONTH(Tools!$Q15)))<Tools!$L15)),Tools!$N15,"")) | I16: =IF(OR(Tools!$B15="",Tools!$Q15=""),"",IF(AND(((YEAR(DATE(YEAR(TODAY()),MONTH(TODAY())+6,1))-YEAR(Tools!$Q15))*12+MONTH(DATE(YEAR(TODAY()),MONTH(TODAY())+6,1))-MONTH(Tools!$Q15))>=0,MOD(((YEAR(DATE(YEAR(TODAY()),MONTH(TODAY())+6,1))-YEAR(Tools!$Q15))*12+MONTH(DATE(YEAR(TODAY()),MONTH(TODAY())+6,1))-MONTH(Tools!$Q15)),Tools!$U15)=0,OR(Tools!$L15="",EDATE(Tools!$Q15,((YEAR(DATE(YEAR(TODAY()),MONTH(TODAY())+6,1))-YEAR(Tools!$Q15))*12+MONTH(DATE(YEAR(TODAY()),MONTH(TODAY())+6,1))-MONTH(Tools!$Q15)))<Tools!$L15)),Tools!$N15,"")) | J16: =IF(OR(Tools!$B15="",Tools!$Q15=""),"",IF(AND(((YEAR(DATE(YEAR(TODAY()),MONTH(TODAY())+7,1))-YEAR(Tools!$Q15))*12+MONTH(DATE(YEAR(TODAY()),MONTH(TODAY())+7,1))-MONTH(Tools!$Q15))>=0,MOD(((YEAR(DATE(YEAR(TODAY()),MONTH(TODAY())+7,1))-YEAR(Tools!$Q15))*12+MONTH(DATE(YEAR(TODAY()),MONTH(TODAY())+7,1))-MONTH(Tools!$Q15)),Tools!$U15)=0,OR(Tools!$L15="",EDATE(Tools!$Q15,((YEAR(DATE(YEAR(TODAY()),MONTH(TODAY())+7,1))-YEAR(Tools!$Q15))*12+MONTH(DATE(YEAR(TODAY()),MONTH(TODAY())+7,1))-MONTH(Tools!$Q15)))<Tools!$L15)),Tools!$N15,"")) | K16: =IF(OR(Tools!$B15="",Tools!$Q15=""),"",IF(AND(((YEAR(DATE(YEAR(TODAY()),MONTH(TODAY())+8,1))-YEAR(Tools!$Q15))*12+MONTH(DATE(YEAR(TODAY()),MONTH(TODAY())+8,1))-MONTH(Tools!$Q15))>=0,MOD(((YEAR(DATE(YEAR(TODAY()),MONTH(TODAY())+8,1))-YEAR(Tools!$Q15))*12+MONTH(DATE(YEAR(TODAY()),MONTH(TODAY())+8,1))-MONTH(Tools!$Q15)),Tools!$U15)=0,OR(Tools!$L15="",EDATE(Tools!$Q15,((YEAR(DATE(YEAR(TODAY()),MONTH(TODAY())+8,1))-YEAR(Tools!$Q15))*12+MONTH(DATE(YEAR(TODAY()),MONTH(TODAY())+8,1))-MONTH(Tools!$Q15)))<Tools!$L15)),Tools!$N15,"")) | L16: =IF(OR(Tools!$B15="",Tools!$Q15=""),"",IF(AND(((YEAR(DATE(YEAR(TODAY()),MONTH(TODAY())+9,1))-YEAR(Tools!$Q15))*12+MONTH(DATE(YEAR(TODAY()),MONTH(TODAY())+9,1))-MONTH(Tools!$Q15))>=0,MOD(((YEAR(DATE(YEAR(TODAY()),MONTH(TODAY())+9,1))-YEAR(Tools!$Q15))*12+MONTH(DATE(YEAR(TODAY()),MONTH(TODAY())+9,1))-MONTH(Tools!$Q15)),Tools!$U15)=0,OR(Tools!$L15="",EDATE(Tools!$Q15,((YEAR(DATE(YEAR(TODAY()),MONTH(TODAY())+9,1))-YEAR(Tools!$Q15))*12+MONTH(DATE(YEAR(TODAY()),MONTH(TODAY())+9,1))-MONTH(Tools!$Q15)))<Tools!$L15)),Tools!$N15,"")) | M16: =IF(OR(Tools!$B15="",Tools!$Q15=""),"",IF(AND(((YEAR(DATE(YEAR(TODAY()),MONTH(TODAY())+10,1))-YEAR(Tools!$Q15))*12+MONTH(DATE(YEAR(TODAY()),MONTH(TODAY())+10,1))-MONTH(Tools!$Q15))>=0,MOD(((YEAR(DATE(YEAR(TODAY()),MONTH(TODAY())+10,1))-YEAR(Tools!$Q15))*12+MONTH(DATE(YEAR(TODAY()),MONTH(TODAY())+10,1))-MONTH(Tools!$Q15)),Tools!$U15)=0,OR(Tools!$L15="",EDATE(Tools!$Q15,((YEAR(DATE(YEAR(TODAY()),MONTH(TODAY())+10,1))-YEAR(Tools!$Q15))*12+MONTH(DATE(YEAR(TODAY()),MONTH(TODAY())+10,1))-MONTH(Tools!$Q15)))<Tools!$L15)),Tools!$N15,"")) | N16: =IF(OR(Tools!$B15="",Tools!$Q15=""),"",IF(AND(((YEAR(DATE(YEAR(TODAY()),MONTH(TODAY())+11,1))-YEAR(Tools!$Q15))*12+MONTH(DATE(YEAR(TODAY()),MONTH(TODAY())+11,1))-MONTH(Tools!$Q15))>=0,MOD(((YEAR(DATE(YEAR(TODAY()),MONTH(TODAY())+11,1))-YEAR(Tools!$Q15))*12+MONTH(DATE(YEAR(TODAY()),MONTH(TODAY())+11,1))-MONTH(Tools!$Q15)),Tools!$U15)=0,OR(Tools!$L15="",EDATE(Tools!$Q15,((YEAR(DATE(YEAR(TODAY()),MONTH(TODAY())+11,1))-YEAR(Tools!$Q15))*12+MONTH(DATE(YEAR(TODAY()),MONTH(TODAY())+11,1))-MONTH(Tools!$Q15)))<Tools!$L15)),Tools!$N15,"")) | O16: =IF(B16="","",SUM(C16:N16))
B17: =IF(Tools!B16="","",Tools!B16) | C17: =IF(OR(Tools!$B16="",Tools!$Q16=""),"",IF(AND(((YEAR(DATE(YEAR(TODAY()),MONTH(TODAY())+0,1))-YEAR(Tools!$Q16))*12+MONTH(DATE(YEAR(TODAY()),MONTH(TODAY())+0,1))-MONTH(Tools!$Q16))>=0,MOD(((YEAR(DATE(YEAR(TODAY()),MONTH(TODAY())+0,1))-YEAR(Tools!$Q16))*12+MONTH(DATE(YEAR(TODAY()),MONTH(TODAY())+0,1))-MONTH(Tools!$Q16)),Tools!$U16)=0,OR(Tools!$L16="",EDATE(Tools!$Q16,((YEAR(DATE(YEAR(TODAY()),MONTH(TODAY())+0,1))-YEAR(Tools!$Q16))*12+MONTH(DATE(YEAR(TODAY()),MONTH(TODAY())+0,1))-MONTH(Tools!$Q16)))<Tools!$L16)),Tools!$N16,"")) | D17: =IF(OR(Tools!$B16="",Tools!$Q16=""),"",IF(AND(((YEAR(DATE(YEAR(TODAY()),MONTH(TODAY())+1,1))-YEAR(Tools!$Q16))*12+MONTH(DATE(YEAR(TODAY()),MONTH(TODAY())+1,1))-MONTH(Tools!$Q16))>=0,MOD(((YEAR(DATE(YEAR(TODAY()),MONTH(TODAY())+1,1))-YEAR(Tools!$Q16))*12+MONTH(DATE(YEAR(TODAY()),MONTH(TODAY())+1,1))-MONTH(Tools!$Q16)),Tools!$U16)=0,OR(Tools!$L16="",EDATE(Tools!$Q16,((YEAR(DATE(YEAR(TODAY()),MONTH(TODAY())+1,1))-YEAR(Tools!$Q16))*12+MONTH(DATE(YEAR(TODAY()),MONTH(TODAY())+1,1))-MONTH(Tools!$Q16)))<Tools!$L16)),Tools!$N16,"")) | E17: =IF(OR(Tools!$B16="",Tools!$Q16=""),"",IF(AND(((YEAR(DATE(YEAR(TODAY()),MONTH(TODAY())+2,1))-YEAR(Tools!$Q16))*12+MONTH(DATE(YEAR(TODAY()),MONTH(TODAY())+2,1))-MONTH(Tools!$Q16))>=0,MOD(((YEAR(DATE(YEAR(TODAY()),MONTH(TODAY())+2,1))-YEAR(Tools!$Q16))*12+MONTH(DATE(YEAR(TODAY()),MONTH(TODAY())+2,1))-MONTH(Tools!$Q16)),Tools!$U16)=0,OR(Tools!$L16="",EDATE(Tools!$Q16,((YEAR(DATE(YEAR(TODAY()),MONTH(TODAY())+2,1))-YEAR(Tools!$Q16))*12+MONTH(DATE(YEAR(TODAY()),MONTH(TODAY())+2,1))-MONTH(Tools!$Q16)))<Tools!$L16)),Tools!$N16,"")) | F17: =IF(OR(Tools!$B16="",Tools!$Q16=""),"",IF(AND(((YEAR(DATE(YEAR(TODAY()),MONTH(TODAY())+3,1))-YEAR(Tools!$Q16))*12+MONTH(DATE(YEAR(TODAY()),MONTH(TODAY())+3,1))-MONTH(Tools!$Q16))>=0,MOD(((YEAR(DATE(YEAR(TODAY()),MONTH(TODAY())+3,1))-YEAR(Tools!$Q16))*12+MONTH(DATE(YEAR(TODAY()),MONTH(TODAY())+3,1))-MONTH(Tools!$Q16)),Tools!$U16)=0,OR(Tools!$L16="",EDATE(Tools!$Q16,((YEAR(DATE(YEAR(TODAY()),MONTH(TODAY())+3,1))-YEAR(Tools!$Q16))*12+MONTH(DATE(YEAR(TODAY()),MONTH(TODAY())+3,1))-MONTH(Tools!$Q16)))<Tools!$L16)),Tools!$N16,"")) | G17: =IF(OR(Tools!$B16="",Tools!$Q16=""),"",IF(AND(((YEAR(DATE(YEAR(TODAY()),MONTH(TODAY())+4,1))-YEAR(Tools!$Q16))*12+MONTH(DATE(YEAR(TODAY()),MONTH(TODAY())+4,1))-MONTH(Tools!$Q16))>=0,MOD(((YEAR(DATE(YEAR(TODAY()),MONTH(TODAY())+4,1))-YEAR(Tools!$Q16))*12+MONTH(DATE(YEAR(TODAY()),MONTH(TODAY())+4,1))-MONTH(Tools!$Q16)),Tools!$U16)=0,OR(Tools!$L16="",EDATE(Tools!$Q16,((YEAR(DATE(YEAR(TODAY()),MONTH(TODAY())+4,1))-YEAR(Tools!$Q16))*12+MONTH(DATE(YEAR(TODAY()),MONTH(TODAY())+4,1))-MONTH(Tools!$Q16)))<Tools!$L16)),Tools!$N16,"")) | H17: =IF(OR(Tools!$B16="",Tools!$Q16=""),"",IF(AND(((YEAR(DATE(YEAR(TODAY()),MONTH(TODAY())+5,1))-YEAR(Tools!$Q16))*12+MONTH(DATE(YEAR(TODAY()),MONTH(TODAY())+5,1))-MONTH(Tools!$Q16))>=0,MOD(((YEAR(DATE(YEAR(TODAY()),MONTH(TODAY())+5,1))-YEAR(Tools!$Q16))*12+MONTH(DATE(YEAR(TODAY()),MONTH(TODAY())+5,1))-MONTH(Tools!$Q16)),Tools!$U16)=0,OR(Tools!$L16="",EDATE(Tools!$Q16,((YEAR(DATE(YEAR(TODAY()),MONTH(TODAY())+5,1))-YEAR(Tools!$Q16))*12+MONTH(DATE(YEAR(TODAY()),MONTH(TODAY())+5,1))-MONTH(Tools!$Q16)))<Tools!$L16)),Tools!$N16,"")) | I17: =IF(OR(Tools!$B16="",Tools!$Q16=""),"",IF(AND(((YEAR(DATE(YEAR(TODAY()),MONTH(TODAY())+6,1))-YEAR(Tools!$Q16))*12+MONTH(DATE(YEAR(TODAY()),MONTH(TODAY())+6,1))-MONTH(Tools!$Q16))>=0,MOD(((YEAR(DATE(YEAR(TODAY()),MONTH(TODAY())+6,1))-YEAR(Tools!$Q16))*12+MONTH(DATE(YEAR(TODAY()),MONTH(TODAY())+6,1))-MONTH(Tools!$Q16)),Tools!$U16)=0,OR(Tools!$L16="",EDATE(Tools!$Q16,((YEAR(DATE(YEAR(TODAY()),MONTH(TODAY())+6,1))-YEAR(Tools!$Q16))*12+MONTH(DATE(YEAR(TODAY()),MONTH(TODAY())+6,1))-MONTH(Tools!$Q16)))<Tools!$L16)),Tools!$N16,"")) | J17: =IF(OR(Tools!$B16="",Tools!$Q16=""),"",IF(AND(((YEAR(DATE(YEAR(TODAY()),MONTH(TODAY())+7,1))-YEAR(Tools!$Q16))*12+MONTH(DATE(YEAR(TODAY()),MONTH(TODAY())+7,1))-MONTH(Tools!$Q16))>=0,MOD(((YEAR(DATE(YEAR(TODAY()),MONTH(TODAY())+7,1))-YEAR(Tools!$Q16))*12+MONTH(DATE(YEAR(TODAY()),MONTH(TODAY())+7,1))-MONTH(Tools!$Q16)),Tools!$U16)=0,OR(Tools!$L16="",EDATE(Tools!$Q16,((YEAR(DATE(YEAR(TODAY()),MONTH(TODAY())+7,1))-YEAR(Tools!$Q16))*12+MONTH(DATE(YEAR(TODAY()),MONTH(TODAY())+7,1))-MONTH(Tools!$Q16)))<Tools!$L16)),Tools!$N16,"")) | K17: =IF(OR(Tools!$B16="",Tools!$Q16=""),"",IF(AND(((YEAR(DATE(YEAR(TODAY()),MONTH(TODAY())+8,1))-YEAR(Tools!$Q16))*12+MONTH(DATE(YEAR(TODAY()),MONTH(TODAY())+8,1))-MONTH(Tools!$Q16))>=0,MOD(((YEAR(DATE(YEAR(TODAY()),MONTH(TODAY())+8,1))-YEAR(Tools!$Q16))*12+MONTH(DATE(YEAR(TODAY()),MONTH(TODAY())+8,1))-MONTH(Tools!$Q16)),Tools!$U16)=0,OR(Tools!$L16="",EDATE(Tools!$Q16,((YEAR(DATE(YEAR(TODAY()),MONTH(TODAY())+8,1))-YEAR(Tools!$Q16))*12+MONTH(DATE(YEAR(TODAY()),MONTH(TODAY())+8,1))-MONTH(Tools!$Q16)))<Tools!$L16)),Tools!$N16,"")) | L17: =IF(OR(Tools!$B16="",Tools!$Q16=""),"",IF(AND(((YEAR(DATE(YEAR(TODAY()),MONTH(TODAY())+9,1))-YEAR(Tools!$Q16))*12+MONTH(DATE(YEAR(TODAY()),MONTH(TODAY())+9,1))-MONTH(Tools!$Q16))>=0,MOD(((YEAR(DATE(YEAR(TODAY()),MONTH(TODAY())+9,1))-YEAR(Tools!$Q16))*12+MONTH(DATE(YEAR(TODAY()),MONTH(TODAY())+9,1))-MONTH(Tools!$Q16)),Tools!$U16)=0,OR(Tools!$L16="",EDATE(Tools!$Q16,((YEAR(DATE(YEAR(TODAY()),MONTH(TODAY())+9,1))-YEAR(Tools!$Q16))*12+MONTH(DATE(YEAR(TODAY()),MONTH(TODAY())+9,1))-MONTH(Tools!$Q16)))<Tools!$L16)),Tools!$N16,"")) | M17: =IF(OR(Tools!$B16="",Tools!$Q16=""),"",IF(AND(((YEAR(DATE(YEAR(TODAY()),MONTH(TODAY())+10,1))-YEAR(Tools!$Q16))*12+MONTH(DATE(YEAR(TODAY()),MONTH(TODAY())+10,1))-MONTH(Tools!$Q16))>=0,MOD(((YEAR(DATE(YEAR(TODAY()),MONTH(TODAY())+10,1))-YEAR(Tools!$Q16))*12+MONTH(DATE(YEAR(TODAY()),MONTH(TODAY())+10,1))-MONTH(Tools!$Q16)),Tools!$U16)=0,OR(Tools!$L16="",EDATE(Tools!$Q16,((YEAR(DATE(YEAR(TODAY()),MONTH(TODAY())+10,1))-YEAR(Tools!$Q16))*12+MONTH(DATE(YEAR(TODAY()),MONTH(TODAY())+10,1))-MONTH(Tools!$Q16)))<Tools!$L16)),Tools!$N16,"")) | N17: =IF(OR(Tools!$B16="",Tools!$Q16=""),"",IF(AND(((YEAR(DATE(YEAR(TODAY()),MONTH(TODAY())+11,1))-YEAR(Tools!$Q16))*12+MONTH(DATE(YEAR(TODAY()),MONTH(TODAY())+11,1))-MONTH(Tools!$Q16))>=0,MOD(((YEAR(DATE(YEAR(TODAY()),MONTH(TODAY())+11,1))-YEAR(Tools!$Q16))*12+MONTH(DATE(YEAR(TODAY()),MONTH(TODAY())+11,1))-MONTH(Tools!$Q16)),Tools!$U16)=0,OR(Tools!$L16="",EDATE(Tools!$Q16,((YEAR(DATE(YEAR(TODAY()),MONTH(TODAY())+11,1))-YEAR(Tools!$Q16))*12+MONTH(DATE(YEAR(TODAY()),MONTH(TODAY())+11,1))-MONTH(Tools!$Q16)))<Tools!$L16)),Tools!$N16,"")) | O17: =IF(B17="","",SUM(C17:N17))
B18: =IF(Tools!B17="","",Tools!B17) | C18: =IF(OR(Tools!$B17="",Tools!$Q17=""),"",IF(AND(((YEAR(DATE(YEAR(TODAY()),MONTH(TODAY())+0,1))-YEAR(Tools!$Q17))*12+MONTH(DATE(YEAR(TODAY()),MONTH(TODAY())+0,1))-MONTH(Tools!$Q17))>=0,MOD(((YEAR(DATE(YEAR(TODAY()),MONTH(TODAY())+0,1))-YEAR(Tools!$Q17))*12+MONTH(DATE(YEAR(TODAY()),MONTH(TODAY())+0,1))-MONTH(Tools!$Q17)),Tools!$U17)=0,OR(Tools!$L17="",EDATE(Tools!$Q17,((YEAR(DATE(YEAR(TODAY()),MONTH(TODAY())+0,1))-YEAR(Tools!$Q17))*12+MONTH(DATE(YEAR(TODAY()),MONTH(TODAY())+0,1))-MONTH(Tools!$Q17)))<Tools!$L17)),Tools!$N17,"")) | D18: =IF(OR(Tools!$B17="",Tools!$Q17=""),"",IF(AND(((YEAR(DATE(YEAR(TODAY()),MONTH(TODAY())+1,1))-YEAR(Tools!$Q17))*12+MONTH(DATE(YEAR(TODAY()),MONTH(TODAY())+1,1))-MONTH(Tools!$Q17))>=0,MOD(((YEAR(DATE(YEAR(TODAY()),MONTH(TODAY())+1,1))-YEAR(Tools!$Q17))*12+MONTH(DATE(YEAR(TODAY()),MONTH(TODAY())+1,1))-MONTH(Tools!$Q17)),Tools!$U17)=0,OR(Tools!$L17="",EDATE(Tools!$Q17,((YEAR(DATE(YEAR(TODAY()),MONTH(TODAY())+1,1))-YEAR(Tools!$Q17))*12+MONTH(DATE(YEAR(TODAY()),MONTH(TODAY())+1,1))-MONTH(Tools!$Q17)))<Tools!$L17)),Tools!$N17,"")) | E18: =IF(OR(Tools!$B17="",Tools!$Q17=""),"",IF(AND(((YEAR(DATE(YEAR(TODAY()),MONTH(TODAY())+2,1))-YEAR(Tools!$Q17))*12+MONTH(DATE(YEAR(TODAY()),MONTH(TODAY())+2,1))-MONTH(Tools!$Q17))>=0,MOD(((YEAR(DATE(YEAR(TODAY()),MONTH(TODAY())+2,1))-YEAR(Tools!$Q17))*12+MONTH(DATE(YEAR(TODAY()),MONTH(TODAY())+2,1))-MONTH(Tools!$Q17)),Tools!$U17)=0,OR(Tools!$L17="",EDATE(Tools!$Q17,((YEAR(DATE(YEAR(TODAY()),MONTH(TODAY())+2,1))-YEAR(Tools!$Q17))*12+MONTH(DATE(YEAR(TODAY()),MONTH(TODAY())+2,1))-MONTH(Tools!$Q17)))<Tools!$L17)),Tools!$N17,"")) | F18: =IF(OR(Tools!$B17="",Tools!$Q17=""),"",IF(AND(((YEAR(DATE(YEAR(TODAY()),MONTH(TODAY())+3,1))-YEAR(Tools!$Q17))*12+MONTH(DATE(YEAR(TODAY()),MONTH(TODAY())+3,1))-MONTH(Tools!$Q17))>=0,MOD(((YEAR(DATE(YEAR(TODAY()),MONTH(TODAY())+3,1))-YEAR(Tools!$Q17))*12+MONTH(DATE(YEAR(TODAY()),MONTH(TODAY())+3,1))-MONTH(Tools!$Q17)),Tools!$U17)=0,OR(Tools!$L17="",EDATE(Tools!$Q17,((YEAR(DATE(YEAR(TODAY()),MONTH(TODAY())+3,1))-YEAR(Tools!$Q17))*12+MONTH(DATE(YEAR(TODAY()),MONTH(TODAY())+3,1))-MONTH(Tools!$Q17)))<Tools!$L17)),Tools!$N17,"")) | G18: =IF(OR(Tools!$B17="",Tools!$Q17=""),"",IF(AND(((YEAR(DATE(YEAR(TODAY()),MONTH(TODAY())+4,1))-YEAR(Tools!$Q17))*12+MONTH(DATE(YEAR(TODAY()),MONTH(TODAY())+4,1))-MONTH(Tools!$Q17))>=0,MOD(((YEAR(DATE(YEAR(TODAY()),MONTH(TODAY())+4,1))-YEAR(Tools!$Q17))*12+MONTH(DATE(YEAR(TODAY()),MONTH(TODAY())+4,1))-MONTH(Tools!$Q17)),Tools!$U17)=0,OR(Tools!$L17="",EDATE(Tools!$Q17,((YEAR(DATE(YEAR(TODAY()),MONTH(TODAY())+4,1))-YEAR(Tools!$Q17))*12+MONTH(DATE(YEAR(TODAY()),MONTH(TODAY())+4,1))-MONTH(Tools!$Q17)))<Tools!$L17)),Tools!$N17,"")) | H18: =IF(OR(Tools!$B17="",Tools!$Q17=""),"",IF(AND(((YEAR(DATE(YEAR(TODAY()),MONTH(TODAY())+5,1))-YEAR(Tools!$Q17))*12+MONTH(DATE(YEAR(TODAY()),MONTH(TODAY())+5,1))-MONTH(Tools!$Q17))>=0,MOD(((YEAR(DATE(YEAR(TODAY()),MONTH(TODAY())+5,1))-YEAR(Tools!$Q17))*12+MONTH(DATE(YEAR(TODAY()),MONTH(TODAY())+5,1))-MONTH(Tools!$Q17)),Tools!$U17)=0,OR(Tools!$L17="",EDATE(Tools!$Q17,((YEAR(DATE(YEAR(TODAY()),MONTH(TODAY())+5,1))-YEAR(Tools!$Q17))*12+MONTH(DATE(YEAR(TODAY()),MONTH(TODAY())+5,1))-MONTH(Tools!$Q17)))<Tools!$L17)),Tools!$N17,"")) | I18: =IF(OR(Tools!$B17="",Tools!$Q17=""),"",IF(AND(((YEAR(DATE(YEAR(TODAY()),MONTH(TODAY())+6,1))-YEAR(Tools!$Q17))*12+MONTH(DATE(YEAR(TODAY()),MONTH(TODAY())+6,1))-MONTH(Tools!$Q17))>=0,MOD(((YEAR(DATE(YEAR(TODAY()),MONTH(TODAY())+6,1))-YEAR(Tools!$Q17))*12+MONTH(DATE(YEAR(TODAY()),MONTH(TODAY())+6,1))-MONTH(Tools!$Q17)),Tools!$U17)=0,OR(Tools!$L17="",EDATE(Tools!$Q17,((YEAR(DATE(YEAR(TODAY()),MONTH(TODAY())+6,1))-YEAR(Tools!$Q17))*12+MONTH(DATE(YEAR(TODAY()),MONTH(TODAY())+6,1))-MONTH(Tools!$Q17)))<Tools!$L17)),Tools!$N17,"")) | J18: =IF(OR(Tools!$B17="",Tools!$Q17=""),"",IF(AND(((YEAR(DATE(YEAR(TODAY()),MONTH(TODAY())+7,1))-YEAR(Tools!$Q17))*12+MONTH(DATE(YEAR(TODAY()),MONTH(TODAY())+7,1))-MONTH(Tools!$Q17))>=0,MOD(((YEAR(DATE(YEAR(TODAY()),MONTH(TODAY())+7,1))-YEAR(Tools!$Q17))*12+MONTH(DATE(YEAR(TODAY()),MONTH(TODAY())+7,1))-MONTH(Tools!$Q17)),Tools!$U17)=0,OR(Tools!$L17="",EDATE(Tools!$Q17,((YEAR(DATE(YEAR(TODAY()),MONTH(TODAY())+7,1))-YEAR(Tools!$Q17))*12+MONTH(DATE(YEAR(TODAY()),MONTH(TODAY())+7,1))-MONTH(Tools!$Q17)))<Tools!$L17)),Tools!$N17,"")) | K18: =IF(OR(Tools!$B17="",Tools!$Q17=""),"",IF(AND(((YEAR(DATE(YEAR(TODAY()),MONTH(TODAY())+8,1))-YEAR(Tools!$Q17))*12+MONTH(DATE(YEAR(TODAY()),MONTH(TODAY())+8,1))-MONTH(Tools!$Q17))>=0,MOD(((YEAR(DATE(YEAR(TODAY()),MONTH(TODAY())+8,1))-YEAR(Tools!$Q17))*12+MONTH(DATE(YEAR(TODAY()),MONTH(TODAY())+8,1))-MONTH(Tools!$Q17)),Tools!$U17)=0,OR(Tools!$L17="",EDATE(Tools!$Q17,((YEAR(DATE(YEAR(TODAY()),MONTH(TODAY())+8,1))-YEAR(Tools!$Q17))*12+MONTH(DATE(YEAR(TODAY()),MONTH(TODAY())+8,1))-MONTH(Tools!$Q17)))<Tools!$L17)),Tools!$N17,"")) | L18: =IF(OR(Tools!$B17="",Tools!$Q17=""),"",IF(AND(((YEAR(DATE(YEAR(TODAY()),MONTH(TODAY())+9,1))-YEAR(Tools!$Q17))*12+MONTH(DATE(YEAR(TODAY()),MONTH(TODAY())+9,1))-MONTH(Tools!$Q17))>=0,MOD(((YEAR(DATE(YEAR(TODAY()),MONTH(TODAY())+9,1))-YEAR(Tools!$Q17))*12+MONTH(DATE(YEAR(TODAY()),MONTH(TODAY())+9,1))-MONTH(Tools!$Q17)),Tools!$U17)=0,OR(Tools!$L17="",EDATE(Tools!$Q17,((YEAR(DATE(YEAR(TODAY()),MONTH(TODAY())+9,1))-YEAR(Tools!$Q17))*12+MONTH(DATE(YEAR(TODAY()),MONTH(TODAY())+9,1))-MONTH(Tools!$Q17)))<Tools!$L17)),Tools!$N17,"")) | M18: =IF(OR(Tools!$B17="",Tools!$Q17=""),"",IF(AND(((YEAR(DATE(YEAR(TODAY()),MONTH(TODAY())+10,1))-YEAR(Tools!$Q17))*12+MONTH(DATE(YEAR(TODAY()),MONTH(TODAY())+10,1))-MONTH(Tools!$Q17))>=0,MOD(((YEAR(DATE(YEAR(TODAY()),MONTH(TODAY())+10,1))-YEAR(Tools!$Q17))*12+MONTH(DATE(YEAR(TODAY()),MONTH(TODAY())+10,1))-MONTH(Tools!$Q17)),Tools!$U17)=0,OR(Tools!$L17="",EDATE(Tools!$Q17,((YEAR(DATE(YEAR(TODAY()),MONTH(TODAY())+10,1))-YEAR(Tools!$Q17))*12+MONTH(DATE(YEAR(TODAY()),MONTH(TODAY())+10,1))-MONTH(Tools!$Q17)))<Tools!$L17)),Tools!$N17,"")) | N18: =IF(OR(Tools!$B17="",Tools!$Q17=""),"",IF(AND(((YEAR(DATE(YEAR(TODAY()),MONTH(TODAY())+11,1))-YEAR(Tools!$Q17))*12+MONTH(DATE(YEAR(TODAY()),MONTH(TODAY())+11,1))-MONTH(Tools!$Q17))>=0,MOD(((YEAR(DATE(YEAR(TODAY()),MONTH(TODAY())+11,1))-YEAR(Tools!$Q17))*12+MONTH(DATE(YEAR(TODAY()),MONTH(TODAY())+11,1))-MONTH(Tools!$Q17)),Tools!$U17)=0,OR(Tools!$L17="",EDATE(Tools!$Q17,((YEAR(DATE(YEAR(TODAY()),MONTH(TODAY())+11,1))-YEAR(Tools!$Q17))*12+MONTH(DATE(YEAR(TODAY()),MONTH(TODAY())+11,1))-MONTH(Tools!$Q17)))<Tools!$L17)),Tools!$N17,"")) | O18: =IF(B18="","",SUM(C18:N18))
